{"type": "FeatureCollection", "features": [{"type": "Feature", "geometry": {"type": "Point", "coordinates": [6.79040892, 47.64788638]}, "properties": {"route": "D218A", "pr": "FS", "abs": null, "label": "D218A PRFS"}}, {"type": "Feature", "geometry": {"type": "Point", "coordinates": [6.77128147, 47.56154656]}, "properties": {"route": "D438DSA02", "pr": "FS", "abs": null, "label": "D438DSA02 PRFS"}}, {"type": "Feature", "geometry": {"type": "Point", "coordinates": [6.77350754, 47.56118885]}, "properties": {"route": "D316F", "pr": "FS", "abs": null, "label": "D316F PRFS"}}, {"type": "Feature", "geometry": {"type": "Point", "coordinates": [6.77294302, 47.56020864]}, "properties": {"route": "D438DEA02", "pr": "DS", "abs": null, "label": "D438DEA02 PRDS"}}, {"type": "Feature", "geometry": {"type": "Point", "coordinates": [6.77294302, 47.56020864]}, "properties": {"route": "D204", "pr": "FS", "abs": null, "label": "D204 PRFS"}}, {"type": "Feature", "geometry": {"type": "Point", "coordinates": [6.77592031, 47.56339697]}, "properties": {"route": "D316", "pr": "FS", "abs": null, "label": "D316 PRFS"}}, {"type": "Feature", "geometry": {"type": "Point", "coordinates": [6.78768004, 47.58553825]}, "properties": {"route": "D130", "pr": "FS", "abs": null, "label": "D130 PRFS"}}, {"type": "Feature", "geometry": {"type": "Point", "coordinates": [6.77568167, 47.5629406]}, "properties": {"route": "D316", "pr": "FS", "abs": null, "label": "D316 PRFS"}}, {"type": "Feature", "geometry": {"type": "Point", "coordinates": [6.77302974, 47.56041851]}, "properties": {"route": "D316", "pr": "FS", "abs": null, "label": "D316 PRFS"}}, {"type": "Feature", "geometry": {"type": "Point", "coordinates": [6.77378623, 47.56098788]}, "properties": {"route": "D316D", "pr": "FS", "abs": null, "label": "D316D PRFS"}}, {"type": "Feature", "geometry": {"type": "Point", "coordinates": [6.78161037, 47.59161345]}, "properties": {"route": "D130", "pr": "FS", "abs": null, "label": "D130 PRFS"}}, {"type": "Feature", "geometry": {"type": "Point", "coordinates": [6.76176722, 47.56354544]}, "properties": {"route": "D438D", "pr": "FS", "abs": null, "label": "D438D PRFS"}}, {"type": "Feature", "geometry": {"type": "Point", "coordinates": [6.7725291, 47.58305374]}, "properties": {"route": "D683", "pr": "FS", "abs": null, "label": "D683 PRFS"}}, {"type": "Feature", "geometry": {"type": "Point", "coordinates": [6.79779155, 47.59177889]}, "properties": {"route": "D683", "pr": "FS", "abs": null, "label": "D683 PRFS"}}, {"type": "Feature", "geometry": {"type": "Point", "coordinates": [6.79784056, 47.64090078]}, "properties": {"route": "D619", "pr": "FS", "abs": null, "label": "D619 PRFS"}}, {"type": "Feature", "geometry": {"type": "Point", "coordinates": [6.78104258, 47.53707356]}, "properties": {"route": "D438D", "pr": "FS", "abs": null, "label": "D438D PRFS"}}, {"type": "Feature", "geometry": {"type": "Point", "coordinates": [6.77814565, 47.77150224]}, "properties": {"route": "D16E", "pr": "FS", "abs": null, "label": "D16E PRFS"}}, {"type": "Feature", "geometry": {"type": "Point", "coordinates": [6.78520991, 47.63829399]}, "properties": {"route": "D130", "pr": "FS", "abs": null, "label": "D130 PRFS"}}, {"type": "Feature", "geometry": {"type": "Point", "coordinates": [6.75665602, 47.72487636]}, "properties": {"route": "D4", "pr": "FS", "abs": null, "label": "D4 PRFS"}}, {"type": "Feature", "geometry": {"type": "Point", "coordinates": [6.7759083, 47.56343431]}, "properties": {"route": "D316", "pr": "FS", "abs": null, "label": "D316 PRFS"}}, {"type": "Feature", "geometry": {"type": "Point", "coordinates": [6.79309001, 47.64216002]}, "properties": {"route": "D218A", "pr": "FS", "abs": null, "label": "D218A PRFS"}}, {"type": "Feature", "geometry": {"type": "Point", "coordinates": [6.79309001, 47.64216002]}, "properties": {"route": "D218", "pr": "DS", "abs": null, "label": "D218 PRDS"}}, {"type": "Feature", "geometry": {"type": "Point", "coordinates": [6.77264673, 47.56038675]}, "properties": {"route": "D438DSA02", "pr": "DS", "abs": null, "label": "D438DSA02 PRDS"}}, {"type": "Feature", "geometry": {"type": "Point", "coordinates": [6.76816119, 47.56219447]}, "properties": {"route": "D316F", "pr": "DS", "abs": null, "label": "D316F PRDS"}}, {"type": "Feature", "geometry": {"type": "Point", "coordinates": [6.77452347, 47.55908058]}, "properties": {"route": "D438DEA02", "pr": "DS", "abs": null, "label": "D438DEA02 PRDS"}}, {"type": "Feature", "geometry": {"type": "Point", "coordinates": [6.77577765, 47.56297985]}, "properties": {"route": "D316", "pr": "DS", "abs": null, "label": "D316 PRDS"}}, {"type": "Feature", "geometry": {"type": "Point", "coordinates": [6.7901924, 47.58158344]}, "properties": {"route": "D130", "pr": "DS", "abs": null, "label": "D130 PRDS"}}, {"type": "Feature", "geometry": {"type": "Point", "coordinates": [6.77302974, 47.56041851]}, "properties": {"route": "D316", "pr": "DS", "abs": null, "label": "D316 PRDS"}}, {"type": "Feature", "geometry": {"type": "Point", "coordinates": [6.77302974, 47.56041851]}, "properties": {"route": "D316", "pr": "DS", "abs": null, "label": "D316 PRDS"}}, {"type": "Feature", "geometry": {"type": "Point", "coordinates": [6.77452347, 47.55908058]}, "properties": {"route": "D316D", "pr": "DS", "abs": null, "label": "D316D PRDS"}}, {"type": "Feature", "geometry": {"type": "Point", "coordinates": [6.76873586, 47.55152777]}, "properties": {"route": "D204", "pr": "DS", "abs": null, "label": "D204 PRDS"}}, {"type": "Feature", "geometry": {"type": "Point", "coordinates": [6.78525275, 47.58515657]}, "properties": {"route": "D130", "pr": "DS", "abs": null, "label": "D130 PRDS"}}, {"type": "Feature", "geometry": {"type": "Point", "coordinates": [6.77279907, 47.58291614]}, "properties": {"route": "D683", "pr": "DS", "abs": null, "label": "D683 PRDS"}}, {"type": "Feature", "geometry": {"type": "Point", "coordinates": [6.76184952, 47.56357974]}, "properties": {"route": "D438D", "pr": "DS", "abs": null, "label": "D438D PRDS"}}, {"type": "Feature", "geometry": {"type": "Point", "coordinates": [6.77526146, 47.68363322]}, "properties": {"route": "D219A", "pr": "DS", "abs": null, "label": "D219A PRDS"}}, {"type": "Feature", "geometry": {"type": "Point", "coordinates": [6.78075018, 47.68158685]}, "properties": {"route": "D219", "pr": "DS", "abs": null, "label": "D219 PRDS"}}, {"type": "Feature", "geometry": {"type": "Point", "coordinates": [6.78134783, 47.5915742]}, "properties": {"route": "D130", "pr": "DS", "abs": null, "label": "D130 PRDS"}}, {"type": "Feature", "geometry": {"type": "Point", "coordinates": [6.77255572, 47.58275189]}, "properties": {"route": "D316", "pr": "DS", "abs": null, "label": "D316 PRDS"}}, {"type": "Feature", "geometry": {"type": "Point", "coordinates": [6.79462374, 47.80657743]}, "properties": {"route": "D16", "pr": "32", "abs": 29675, "label": "D16 PR32+29675"}}, {"type": "Feature", "geometry": {"type": "Point", "coordinates": [6.78863428, 47.81183073]}, "properties": {"route": "D16", "pr": "35", "abs": 32642, "label": "D16 PR35+32642"}}, {"type": "Feature", "geometry": {"type": "Point", "coordinates": [6.79469336, 47.8191872]}, "properties": {"route": "D16", "pr": "36", "abs": 33642, "label": "D16 PR36+33642"}}, {"type": "Feature", "geometry": {"type": "Point", "coordinates": [6.76864479, 47.78413949]}, "properties": {"route": "D16", "pr": "28", "abs": 25639, "label": "D16 PR28+25639"}}, {"type": "Feature", "geometry": {"type": "Point", "coordinates": [6.7900082, 47.79973379]}, "properties": {"route": "D16", "pr": "31", "abs": 28675, "label": "D16 PR31+28675"}}, {"type": "Feature", "geometry": {"type": "Point", "coordinates": [6.79418805, 47.81396486]}, "properties": {"route": "D16", "pr": "34", "abs": 31642, "label": "D16 PR34+31642"}}, {"type": "Feature", "geometry": {"type": "Point", "coordinates": [6.76298084, 47.77734664]}, "properties": {"route": "D16", "pr": "27", "abs": 24696, "label": "D16 PR27+24696"}}, {"type": "Feature", "geometry": {"type": "Point", "coordinates": [6.78596918, 47.79691348]}, "properties": {"route": "D16", "pr": "30", "abs": 27668, "label": "D16 PR30+27668"}}, {"type": "Feature", "geometry": {"type": "Point", "coordinates": [6.80016732, 47.81332501]}, "properties": {"route": "D16", "pr": "33", "abs": 30656, "label": "D16 PR33+30656"}}, {"type": "Feature", "geometry": {"type": "Point", "coordinates": [6.77785618, 47.78985895]}, "properties": {"route": "D16", "pr": "29", "abs": 26623, "label": "D16 PR29+26623"}}, {"type": "Feature", "geometry": {"type": "Point", "coordinates": [6.76541477, 47.62403944]}, "properties": {"route": "D218", "pr": "3", "abs": 2976, "label": "D218 PR3+2976"}}, {"type": "Feature", "geometry": {"type": "Point", "coordinates": [6.78280102, 47.63724656]}, "properties": {"route": "D218", "pr": "1", "abs": 976, "label": "D218 PR1+976"}}, {"type": "Feature", "geometry": {"type": "Point", "coordinates": [6.77403203, 47.63059439]}, "properties": {"route": "D218", "pr": "2", "abs": 1974, "label": "D218 PR2+1974"}}, {"type": "Feature", "geometry": {"type": "Point", "coordinates": [6.77456899, 47.55725696]}, "properties": {"route": "D438D", "pr": "3", "abs": 2808, "label": "D438D PR3+2808"}}, {"type": "Feature", "geometry": {"type": "Point", "coordinates": [6.77779283, 47.53982122]}, "properties": {"route": "D438D", "pr": "5", "abs": 4786, "label": "D438D PR5+4786"}}, {"type": "Feature", "geometry": {"type": "Point", "coordinates": [6.76605718, 47.56286804]}, "properties": {"route": "D438D", "pr": "2", "abs": 1797, "label": "D438D PR2+1797"}}, {"type": "Feature", "geometry": {"type": "Point", "coordinates": [6.7748197, 47.54835342]}, "properties": {"route": "D438D", "pr": "4", "abs": 3800, "label": "D438D PR4+3800"}}, {"type": "Feature", "geometry": {"type": "Point", "coordinates": [6.76399147, 47.77572289]}, "properties": {"route": "D16E", "pr": "1", "abs": 1014, "label": "D16E PR1+1014"}}, {"type": "Feature", "geometry": {"type": "Point", "coordinates": [6.76672897, 47.77577809]}, "properties": {"route": "D16E", "pr": "2", "abs": 1996, "label": "D16E PR2+1996"}}, {"type": "Feature", "geometry": {"type": "Point", "coordinates": [6.76915629, 47.77379512]}, "properties": {"route": "D16E", "pr": "3", "abs": 3006, "label": "D16E PR3+3006"}}, {"type": "Feature", "geometry": {"type": "Point", "coordinates": [6.76876955, 47.77092148]}, "properties": {"route": "D16E", "pr": "4", "abs": 3971, "label": "D16E PR4+3971"}}, {"type": "Feature", "geometry": {"type": "Point", "coordinates": [6.77440304, 47.77229248]}, "properties": {"route": "D16E", "pr": "5", "abs": 4951, "label": "D16E PR5+4951"}}, {"type": "Feature", "geometry": {"type": "Point", "coordinates": [6.76818783, 47.55540157]}, "properties": {"route": "D204", "pr": "1", "abs": 834, "label": "D204 PR1+834"}}, {"type": "Feature", "geometry": {"type": "Point", "coordinates": [6.76866296, 47.57032381]}, "properties": {"route": "D316", "pr": "1", "abs": 1446, "label": "D316 PR1+1446"}}, {"type": "Feature", "geometry": {"type": "Point", "coordinates": [6.77585497, 47.56358383]}, "properties": {"route": "D316", "pr": "2", "abs": 2419, "label": "D316 PR2+2419"}}, {"type": "Feature", "geometry": {"type": "Point", "coordinates": [6.77078418, 47.68351558]}, "properties": {"route": "D219", "pr": "1", "abs": 951, "label": "D219 PR1+951"}}, {"type": "Feature", "geometry": {"type": "Point", "coordinates": [6.76033588, 47.68799825]}, "properties": {"route": "D219", "pr": "2", "abs": 1975, "label": "D219 PR2+1975"}}, {"type": "Feature", "geometry": {"type": "Point", "coordinates": [6.78110574, 47.628173]}, "properties": {"route": "D130", "pr": "6", "abs": 5873, "label": "D130 PR6+5873"}}, {"type": "Feature", "geometry": {"type": "Point", "coordinates": [6.77629946, 47.61119889]}, "properties": {"route": "D130", "pr": "4", "abs": 3871, "label": "D130 PR4+3871"}}, {"type": "Feature", "geometry": {"type": "Point", "coordinates": [6.78385709, 47.63660947]}, "properties": {"route": "D130", "pr": "7", "abs": 6873, "label": "D130 PR7+6873"}}, {"type": "Feature", "geometry": {"type": "Point", "coordinates": [6.77241243, 47.6030026]}, "properties": {"route": "D130", "pr": "3", "abs": 2833, "label": "D130 PR3+2833"}}, {"type": "Feature", "geometry": {"type": "Point", "coordinates": [6.78341239, 47.58713575]}, "properties": {"route": "D130", "pr": "1", "abs": 760, "label": "D130 PR1+760"}}, {"type": "Feature", "geometry": {"type": "Point", "coordinates": [6.77922531, 47.59536835]}, "properties": {"route": "D130", "pr": "2", "abs": 1661, "label": "D130 PR2+1661"}}, {"type": "Feature", "geometry": {"type": "Point", "coordinates": [6.77913712, 47.61989854]}, "properties": {"route": "D130", "pr": "5", "abs": 4873, "label": "D130 PR5+4873"}}, {"type": "Feature", "geometry": {"type": "Point", "coordinates": [6.86445468, 47.54988371]}, "properties": {"route": "A36", "pr": "FS", "abs": null, "label": "A36 PRFS"}}, {"type": "Feature", "geometry": {"type": "Point", "coordinates": [6.85710898, 47.57356657]}, "properties": {"route": "A36", "pr": "FS", "abs": null, "label": "A36 PRFS"}}, {"type": "Feature", "geometry": {"type": "Point", "coordinates": [7.02678611, 47.70082181]}, "properties": {"route": "A36", "pr": "DS", "abs": null, "label": "A36 PRDS"}}, {"type": "Feature", "geometry": {"type": "Point", "coordinates": [6.86424366, 47.54989251]}, "properties": {"route": "A36", "pr": "DS", "abs": null, "label": "A36 PRDS"}}, {"type": "Feature", "geometry": {"type": "Point", "coordinates": [6.86446095, 47.549952]}, "properties": {"route": "A36", "pr": "DS", "abs": null, "label": "A36 PRDS"}}, {"type": "Feature", "geometry": {"type": "Point", "coordinates": [6.76856564, 47.64899802]}, "properties": {"route": "D619", "pr": "96", "abs": 24757, "label": "D619 PR96+24757"}}, {"type": "Feature", "geometry": {"type": "Point", "coordinates": [6.7933352, 47.64210159]}, "properties": {"route": "D619", "pr": "98", "abs": 26787, "label": "D619 PR98+26787"}}, {"type": "Feature", "geometry": {"type": "Point", "coordinates": [6.7584828, 47.65344469]}, "properties": {"route": "D619", "pr": "95", "abs": 23820, "label": "D619 PR95+23820"}}, {"type": "Feature", "geometry": {"type": "Point", "coordinates": [6.78118291, 47.64548934]}, "properties": {"route": "D619", "pr": "97", "abs": 25801, "label": "D619 PR97+25801"}}, {"type": "Feature", "geometry": {"type": "Point", "coordinates": [6.75959373, 47.67192128]}, "properties": {"route": "D219A", "pr": "2", "abs": 2053, "label": "D219A PR2+2053"}}, {"type": "Feature", "geometry": {"type": "Point", "coordinates": [6.76718984, 47.67880521]}, "properties": {"route": "D219A", "pr": "1", "abs": 1063, "label": "D219A PR1+1063"}}, {"type": "Feature", "geometry": {"type": "Point", "coordinates": [6.75874355, 47.57542461]}, "properties": {"route": "D683", "pr": "5", "abs": 4980, "label": "D683 PR5+4980"}}, {"type": "Feature", "geometry": {"type": "Point", "coordinates": [6.78020236, 47.58469228]}, "properties": {"route": "D683", "pr": "7", "abs": 6913, "label": "D683 PR7+6913"}}, {"type": "Feature", "geometry": {"type": "Point", "coordinates": [6.76789567, 47.58139673]}, "properties": {"route": "D683", "pr": "6", "abs": 5950, "label": "D683 PR6+5950"}}, {"type": "Feature", "geometry": {"type": "Point", "coordinates": [6.79158624, 47.58810038]}, "properties": {"route": "D683", "pr": "8", "abs": 7869, "label": "D683 PR8+7869"}}, {"type": "Feature", "geometry": {"type": "Point", "coordinates": [6.84167422, 47.5967762]}, "properties": {"route": "N19", "pr": "FS", "abs": null, "label": "N19 PRFS"}}, {"type": "Feature", "geometry": {"type": "Point", "coordinates": [6.89600495, 47.58182717]}, "properties": {"route": "N19", "pr": "DS", "abs": null, "label": "N19 PRDS"}}, {"type": "Feature", "geometry": {"type": "Point", "coordinates": [6.79290328, 47.59075743]}, "properties": {"route": "N19", "pr": "FS", "abs": null, "label": "N19 PRFS"}}, {"type": "Feature", "geometry": {"type": "Point", "coordinates": [6.94785896, 47.54563431]}, "properties": {"route": "N19", "pr": "FS", "abs": null, "label": "N19 PRFS"}}, {"type": "Feature", "geometry": {"type": "Point", "coordinates": [6.98316578, 47.49578972]}, "properties": {"route": "N19", "pr": "DS", "abs": null, "label": "N19 PRDS"}}, {"type": "Feature", "geometry": {"type": "Point", "coordinates": [6.9829178, 47.49562065]}, "properties": {"route": "N19", "pr": "FS", "abs": null, "label": "N19 PRFS"}}, {"type": "Feature", "geometry": {"type": "Point", "coordinates": [6.98316578, 47.49578972]}, "properties": {"route": "N19", "pr": "DS", "abs": null, "label": "N19 PRDS"}}, {"type": "Feature", "geometry": {"type": "Point", "coordinates": [6.94781479, 47.54521671]}, "properties": {"route": "N19", "pr": "FS", "abs": null, "label": "N19 PRFS"}}, {"type": "Feature", "geometry": {"type": "Point", "coordinates": [6.94769823, 47.54556675]}, "properties": {"route": "N19", "pr": "DS", "abs": null, "label": "N19 PRDS"}}, {"type": "Feature", "geometry": {"type": "Point", "coordinates": [6.89591232, 47.58178069]}, "properties": {"route": "N19", "pr": "FS", "abs": null, "label": "N19 PRFS"}}, {"type": "Feature", "geometry": {"type": "Point", "coordinates": [6.84167422, 47.5967762]}, "properties": {"route": "N19", "pr": "DS", "abs": null, "label": "N19 PRDS"}}, {"type": "Feature", "geometry": {"type": "Point", "coordinates": [6.98321959, 47.49544088]}, "properties": {"route": "N19", "pr": "FS", "abs": null, "label": "N19 PRFS"}}, {"type": "Feature", "geometry": {"type": "Point", "coordinates": [6.9824516, 47.49602146]}, "properties": {"route": "N19", "pr": "DS", "abs": null, "label": "N19 PRDS"}}, {"type": "Feature", "geometry": {"type": "Point", "coordinates": [6.94781479, 47.54521671]}, "properties": {"route": "N19", "pr": "FS", "abs": null, "label": "N19 PRFS"}}, {"type": "Feature", "geometry": {"type": "Point", "coordinates": [6.94781479, 47.54521671]}, "properties": {"route": "N19", "pr": "DS", "abs": null, "label": "N19 PRDS"}}, {"type": "Feature", "geometry": {"type": "Point", "coordinates": [6.79805866, 47.59156382]}, "properties": {"route": "N19", "pr": "FS", "abs": null, "label": "N19 PRFS"}}, {"type": "Feature", "geometry": {"type": "Point", "coordinates": [6.79290328, 47.59075743]}, "properties": {"route": "N19", "pr": "DS", "abs": null, "label": "N19 PRDS"}}, {"type": "Feature", "geometry": {"type": "Point", "coordinates": [6.98316578, 47.49578972]}, "properties": {"route": "N19", "pr": "FS", "abs": null, "label": "N19 PRFS"}}, {"type": "Feature", "geometry": {"type": "Point", "coordinates": [6.97991851, 47.49742039]}, "properties": {"route": "N19", "pr": "FS", "abs": null, "label": "N19 PRFS"}}, {"type": "Feature", "geometry": {"type": "Point", "coordinates": [6.9501753, 47.54102873]}, "properties": {"route": "N19", "pr": "DS", "abs": null, "label": "N19 PRDS"}}, {"type": "Feature", "geometry": {"type": "Point", "coordinates": [7.03718486, 47.65490632]}, "properties": {"route": "D26I", "pr": "0", "abs": 0, "label": "D26I PR0"}}, {"type": "Feature", "geometry": {"type": "Point", "coordinates": [7.06920105, 47.64252342]}, "properties": {"route": "D26I", "pr": "3", "abs": 3022, "label": "D26I PR3+3022"}}, {"type": "Feature", "geometry": {"type": "Point", "coordinates": [7.08156891, 47.63964462]}, "properties": {"route": "D26I", "pr": "4", "abs": 4051, "label": "D26I PR4+4051"}}, {"type": "Feature", "geometry": {"type": "Point", "coordinates": [7.05863382, 47.64713725]}, "properties": {"route": "D26I", "pr": "2", "abs": 2041, "label": "D26I PR2+2041"}}, {"type": "Feature", "geometry": {"type": "Point", "coordinates": [7.04851983, 47.65075194]}, "properties": {"route": "D26I", "pr": "1", "abs": 1030, "label": "D26I PR1+1030"}}, {"type": "Feature", "geometry": {"type": "Point", "coordinates": [7.02558188, 47.63246612]}, "properties": {"route": "D32VII", "pr": "0", "abs": 0, "label": "D32VII PR0"}}, {"type": "Feature", "geometry": {"type": "Point", "coordinates": [7.0201047, 47.65045667]}, "properties": {"route": "D32VII", "pr": "2", "abs": 2081, "label": "D32VII PR2+2081"}}, {"type": "Feature", "geometry": {"type": "Point", "coordinates": [7.0222408, 47.64198063]}, "properties": {"route": "D32VII", "pr": "1", "abs": 1102, "label": "D32VII PR1+1102"}}, {"type": "Feature", "geometry": {"type": "Point", "coordinates": [7.04251996, 47.68124686]}, "properties": {"route": "D32III", "pr": "0", "abs": 0, "label": "D32III PR0"}}, {"type": "Feature", "geometry": {"type": "Point", "coordinates": [7.0544795, 47.67572673]}, "properties": {"route": "D32III", "pr": "1", "abs": 1099, "label": "D32III PR1+1099"}}, {"type": "Feature", "geometry": {"type": "Point", "coordinates": [7.06184901, 47.66988821]}, "properties": {"route": "D32III", "pr": "2", "abs": 2081, "label": "D32III PR2+2081"}}, {"type": "Feature", "geometry": {"type": "Point", "coordinates": [7.11949944, 47.80465762]}, "properties": {"route": "D1066", "pr": "24", "abs": 23543, "label": "D1066 PR24+23543"}}, {"type": "Feature", "geometry": {"type": "Point", "coordinates": [7.10794289, 47.80836392]}, "properties": {"route": "D1066", "pr": "23", "abs": 22569, "label": "D1066 PR23+22569"}}, {"type": "Feature", "geometry": {"type": "Point", "coordinates": [7.09618985, 47.81233544]}, "properties": {"route": "D1066", "pr": "22", "abs": 21572, "label": "D1066 PR22+21572"}}, {"type": "Feature", "geometry": {"type": "Point", "coordinates": [7.08554539, 47.81687717]}, "properties": {"route": "D1066", "pr": "21", "abs": 20594, "label": "D1066 PR21+20594"}}, {"type": "Feature", "geometry": {"type": "Point", "coordinates": [7.02984654, 47.79518562]}, "properties": {"route": "D370", "pr": "0", "abs": 0, "label": "D370 PR0"}}, {"type": "Feature", "geometry": {"type": "Point", "coordinates": [7.04899212, 47.77894497]}, "properties": {"route": "D370", "pr": "3", "abs": 2959, "label": "D370 PR3+2959"}}, {"type": "Feature", "geometry": {"type": "Point", "coordinates": [7.03919935, 47.78328828]}, "properties": {"route": "D370", "pr": "2", "abs": 1984, "label": "D370 PR2+1984"}}, {"type": "Feature", "geometry": {"type": "Point", "coordinates": [7.03297698, 47.79093052]}, "properties": {"route": "D370", "pr": "1", "abs": 988, "label": "D370 PR1+988"}}, {"type": "Feature", "geometry": {"type": "Point", "coordinates": [7.02134001, 47.61781886]}, "properties": {"route": "D32IX", "pr": "0", "abs": 0, "label": "D32IX PR0"}}, {"type": "Feature", "geometry": {"type": "Point", "coordinates": [7.09156769, 47.74774844]}, "properties": {"route": "D34III", "pr": "0", "abs": 0, "label": "D34III PR0"}}, {"type": "Feature", "geometry": {"type": "Point", "coordinates": [7.08986827, 47.73916482]}, "properties": {"route": "D34III", "pr": "1", "abs": 990, "label": "D34III PR1+990"}}, {"type": "Feature", "geometry": {"type": "Point", "coordinates": [7.08691625, 47.72182863]}, "properties": {"route": "D34III", "pr": "3", "abs": 2984, "label": "D34III PR3+2984"}}, {"type": "Feature", "geometry": {"type": "Point", "coordinates": [7.08758694, 47.73052851]}, "properties": {"route": "D34III", "pr": "2", "abs": 1988, "label": "D34III PR2+1988"}}, {"type": "Feature", "geometry": {"type": "Point", "coordinates": [7.09700637, 47.71413191]}, "properties": {"route": "D483", "pr": "13", "abs": 12715, "label": "D483 PR13+12715"}}, {"type": "Feature", "geometry": {"type": "Point", "coordinates": [7.13026784, 47.73226343]}, "properties": {"route": "D483", "pr": "10", "abs": 9454, "label": "D483 PR10+9454"}}, {"type": "Feature", "geometry": {"type": "Point", "coordinates": [7.04866795, 47.72054486]}, "properties": {"route": "D483", "pr": "17", "abs": 16684, "label": "D483 PR17+16684"}}, {"type": "Feature", "geometry": {"type": "Point", "coordinates": [7.07219477, 47.71178677]}, "properties": {"route": "D483", "pr": "15", "abs": 14642, "label": "D483 PR15+14642"}}, {"type": "Feature", "geometry": {"type": "Point", "coordinates": [7.06055625, 47.71592643]}, "properties": {"route": "D483", "pr": "16", "abs": 15636, "label": "D483 PR16+15636"}}, {"type": "Feature", "geometry": {"type": "Point", "coordinates": [7.12090724, 47.72500309]}, "properties": {"route": "D483", "pr": "11", "abs": 10540, "label": "D483 PR11+10540"}}, {"type": "Feature", "geometry": {"type": "Point", "coordinates": [7.11040432, 47.72123232]}, "properties": {"route": "D483", "pr": "12", "abs": 11432, "label": "D483 PR12+11432"}}, {"type": "Feature", "geometry": {"type": "Point", "coordinates": [7.08544042, 47.71048189]}, "properties": {"route": "D483", "pr": "14", "abs": 13645, "label": "D483 PR14+13645"}}, {"type": "Feature", "geometry": {"type": "Point", "coordinates": [7.11229409, 47.80624471]}, "properties": {"route": "D103", "pr": "0", "abs": 0, "label": "D103 PR0"}}, {"type": "Feature", "geometry": {"type": "Point", "coordinates": [7.05353589, 47.60171712]}, "properties": {"route": "D103", "pr": "24", "abs": 23896, "label": "D103 PR24+23896"}}, {"type": "Feature", "geometry": {"type": "Point", "coordinates": [7.06453102, 47.60503799]}, "properties": {"route": "D103", "pr": "23", "abs": 22975, "label": "D103 PR23+22975"}}, {"type": "Feature", "geometry": {"type": "Point", "coordinates": [7.10904031, 47.62167557]}, "properties": {"route": "D103", "pr": "19", "abs": 18982, "label": "D103 PR19+18982"}}, {"type": "Feature", "geometry": {"type": "Point", "coordinates": [7.0970672, 47.61950438]}, "properties": {"route": "D103", "pr": "20", "abs": 19967, "label": "D103 PR20+19967"}}, {"type": "Feature", "geometry": {"type": "Point", "coordinates": [7.08485681, 47.61622267]}, "properties": {"route": "D103", "pr": "21", "abs": 20973, "label": "D103 PR21+20973"}}, {"type": "Feature", "geometry": {"type": "Point", "coordinates": [7.13204364, 47.78361475]}, "properties": {"route": "D103", "pr": "3", "abs": 2873, "label": "D103 PR3+2873"}}, {"type": "Feature", "geometry": {"type": "Point", "coordinates": [7.13327183, 47.64309355]}, "properties": {"route": "D103", "pr": "16", "abs": 15952, "label": "D103 PR16+15952"}}, {"type": "Feature", "geometry": {"type": "Point", "coordinates": [7.12530309, 47.63580429]}, "properties": {"route": "D103", "pr": "17", "abs": 16966, "label": "D103 PR17+16966"}}, {"type": "Feature", "geometry": {"type": "Point", "coordinates": [7.1348496, 47.77507442]}, "properties": {"route": "D103", "pr": "4", "abs": 3877, "label": "D103 PR4+3877"}}, {"type": "Feature", "geometry": {"type": "Point", "coordinates": [7.11717275, 47.62843099]}, "properties": {"route": "D103", "pr": "18", "abs": 17984, "label": "D103 PR18+17984"}}, {"type": "Feature", "geometry": {"type": "Point", "coordinates": [7.11973213, 47.79854711]}, "properties": {"route": "D103", "pr": "1", "abs": 1001, "label": "D103 PR1+1001"}}, {"type": "Feature", "geometry": {"type": "Point", "coordinates": [7.12674431, 47.79143804]}, "properties": {"route": "D103", "pr": "2", "abs": 1894, "label": "D103 PR2+1894"}}, {"type": "Feature", "geometry": {"type": "Point", "coordinates": [7.07352325, 47.61159051]}, "properties": {"route": "D103", "pr": "22", "abs": 21976, "label": "D103 PR22+21976"}}, {"type": "Feature", "geometry": {"type": "Point", "coordinates": [6.84858878, 47.80278097]}, "properties": {"route": "D466", "pr": "0", "abs": 0, "label": "D466 PR0"}}, {"type": "Feature", "geometry": {"type": "Point", "coordinates": [7.0180524, 47.75684849]}, "properties": {"route": "D466", "pr": "22", "abs": 21652, "label": "D466 PR22+21652"}}, {"type": "Feature", "geometry": {"type": "Point", "coordinates": [6.85725336, 47.81270344]}, "properties": {"route": "D466", "pr": "4", "abs": 3843, "label": "D466 PR4+3843"}}, {"type": "Feature", "geometry": {"type": "Point", "coordinates": [7.12112707, 47.74642413]}, "properties": {"route": "D466", "pr": "30", "abs": 29694, "label": "D466 PR30+29694"}}, {"type": "Feature", "geometry": {"type": "Point", "coordinates": [6.99532426, 47.77746649]}, "properties": {"route": "D466", "pr": "19", "abs": 18680, "label": "D466 PR19+18680"}}, {"type": "Feature", "geometry": {"type": "Point", "coordinates": [7.08377528, 47.75362651]}, "properties": {"route": "D466", "pr": "27", "abs": 26701, "label": "D466 PR27+26701"}}, {"type": "Feature", "geometry": {"type": "Point", "coordinates": [6.96396585, 47.78969268]}, "properties": {"route": "D466", "pr": "16", "abs": 15724, "label": "D466 PR16+15724"}}, {"type": "Feature", "geometry": {"type": "Point", "coordinates": [6.97214293, 47.78340836]}, "properties": {"route": "D466", "pr": "17", "abs": 16662, "label": "D466 PR17+16662"}}, {"type": "Feature", "geometry": {"type": "Point", "coordinates": [7.05775893, 47.75588363]}, "properties": {"route": "D466", "pr": "25", "abs": 24707, "label": "D466 PR25+24707"}}, {"type": "Feature", "geometry": {"type": "Point", "coordinates": [7.10972475, 47.75056105]}, "properties": {"route": "D466", "pr": "29", "abs": 28708, "label": "D466 PR29+28708"}}, {"type": "Feature", "geometry": {"type": "Point", "coordinates": [6.919179, 47.80818497]}, "properties": {"route": "D466", "pr": "11", "abs": 10791, "label": "D466 PR11+10791"}}, {"type": "Feature", "geometry": {"type": "Point", "coordinates": [6.98372395, 47.77913165]}, "properties": {"route": "D466", "pr": "18", "abs": 17663, "label": "D466 PR18+17663"}}, {"type": "Feature", "geometry": {"type": "Point", "coordinates": [6.95218005, 47.80364171]}, "properties": {"route": "D466", "pr": "14", "abs": 13784, "label": "D466 PR14+13784"}}, {"type": "Feature", "geometry": {"type": "Point", "coordinates": [7.13316116, 47.7425467]}, "properties": {"route": "D466", "pr": "31", "abs": 30692, "label": "D466 PR31+30692"}}, {"type": "Feature", "geometry": {"type": "Point", "coordinates": [6.87152741, 47.8051625]}, "properties": {"route": "D466", "pr": "2", "abs": 1878, "label": "D466 PR2+1878"}}, {"type": "Feature", "geometry": {"type": "Point", "coordinates": [6.85722188, 47.81597452]}, "properties": {"route": "D466", "pr": "5", "abs": 4842, "label": "D466 PR5+4842"}}, {"type": "Feature", "geometry": {"type": "Point", "coordinates": [7.04453217, 47.7569058]}, "properties": {"route": "D466", "pr": "24", "abs": 23703, "label": "D466 PR24+23703"}}, {"type": "Feature", "geometry": {"type": "Point", "coordinates": [6.89605732, 47.81099021]}, "properties": {"route": "D466", "pr": "9", "abs": 8794, "label": "D466 PR9+8794"}}, {"type": "Feature", "geometry": {"type": "Point", "coordinates": [6.87002312, 47.81235161]}, "properties": {"route": "D466", "pr": "3", "abs": 2846, "label": "D466 PR3+2846"}}, {"type": "Feature", "geometry": {"type": "Point", "coordinates": [7.03161589, 47.75762106]}, "properties": {"route": "D466", "pr": "23", "abs": 22709, "label": "D466 PR23+22709"}}, {"type": "Feature", "geometry": {"type": "Point", "coordinates": [7.01018524, 47.76258239]}, "properties": {"route": "D466", "pr": "21", "abs": 20705, "label": "D466 PR21+20705"}}, {"type": "Feature", "geometry": {"type": "Point", "coordinates": [7.00328868, 47.77093289]}, "properties": {"route": "D466", "pr": "20", "abs": 19633, "label": "D466 PR20+19633"}}, {"type": "Feature", "geometry": {"type": "Point", "coordinates": [6.94192098, 47.80871125]}, "properties": {"route": "D466", "pr": "13", "abs": 12752, "label": "D466 PR13+12752"}}, {"type": "Feature", "geometry": {"type": "Point", "coordinates": [7.09654496, 47.75156139]}, "properties": {"route": "D466", "pr": "28", "abs": 27699, "label": "D466 PR28+27699"}}, {"type": "Feature", "geometry": {"type": "Point", "coordinates": [6.85855108, 47.80590613]}, "properties": {"route": "D466", "pr": "1", "abs": 851, "label": "D466 PR1+851"}}, {"type": "Feature", "geometry": {"type": "Point", "coordinates": [6.93070969, 47.80520058]}, "properties": {"route": "D466", "pr": "12", "abs": 11753, "label": "D466 PR12+11753"}}, {"type": "Feature", "geometry": {"type": "Point", "coordinates": [7.07102999, 47.75582994]}, "properties": {"route": "D466", "pr": "26", "abs": 25706, "label": "D466 PR26+25706"}}, {"type": "Feature", "geometry": {"type": "Point", "coordinates": [6.90638791, 47.80694163]}, "properties": {"route": "D466", "pr": "10", "abs": 9797, "label": "D466 PR10+9797"}}, {"type": "Feature", "geometry": {"type": "Point", "coordinates": [6.86691122, 47.81618941]}, "properties": {"route": "D466", "pr": "6", "abs": 5694, "label": "D466 PR6+5694"}}, {"type": "Feature", "geometry": {"type": "Point", "coordinates": [6.88371578, 47.81340864]}, "properties": {"route": "D466", "pr": "8", "abs": 7803, "label": "D466 PR8+7803"}}, {"type": "Feature", "geometry": {"type": "Point", "coordinates": [6.9614434, 47.79756585]}, "properties": {"route": "D466", "pr": "15", "abs": 14780, "label": "D466 PR15+14780"}}, {"type": "Feature", "geometry": {"type": "Point", "coordinates": [6.87545005, 47.81568735]}, "properties": {"route": "D466", "pr": "7", "abs": 6799, "label": "D466 PR7+6799"}}, {"type": "Feature", "geometry": {"type": "Point", "coordinates": [7.09641684, 47.77796346]}, "properties": {"route": "D34VI", "pr": "0", "abs": 0, "label": "D34VI PR0"}}, {"type": "Feature", "geometry": {"type": "Point", "coordinates": [7.12177718, 47.80704958]}, "properties": {"route": "D35I", "pr": "0", "abs": 0, "label": "D35I PR0"}}, {"type": "Feature", "geometry": {"type": "Point", "coordinates": [7.10888296, 47.80917179]}, "properties": {"route": "D35I", "pr": "1", "abs": 1041, "label": "D35I PR1+1041"}}, {"type": "Feature", "geometry": {"type": "Point", "coordinates": [7.00112456, 47.75007303]}, "properties": {"route": "D14BI", "pr": "0", "abs": 0, "label": "D14BI PR0"}}, {"type": "Feature", "geometry": {"type": "Point", "coordinates": [7.01477579, 47.75247927]}, "properties": {"route": "D14BI", "pr": "1", "abs": 1051, "label": "D14BI PR1+1051"}}, {"type": "Feature", "geometry": {"type": "Point", "coordinates": [7.1152542, 47.63112783]}, "properties": {"route": "D14BV", "pr": "0", "abs": 0, "label": "D14BV PR0"}}, {"type": "Feature", "geometry": {"type": "Point", "coordinates": [7.01825584, 47.756764]}, "properties": {"route": "D14B", "pr": "0", "abs": 0, "label": "D14B PR0"}}, {"type": "Feature", "geometry": {"type": "Point", "coordinates": [7.06587893, 47.71310435]}, "properties": {"route": "D14B", "pr": "8", "abs": 7981, "label": "D14B PR8+7981"}}, {"type": "Feature", "geometry": {"type": "Point", "coordinates": [7.11293174, 47.63956855]}, "properties": {"route": "D14B", "pr": "18", "abs": 17940, "label": "D14B PR18+17940"}}, {"type": "Feature", "geometry": {"type": "Point", "coordinates": [7.09154831, 47.58610299]}, "properties": {"route": "D14B", "pr": "23", "abs": 22933, "label": "D14B PR23+22933"}}, {"type": "Feature", "geometry": {"type": "Point", "coordinates": [7.10117424, 47.6020943]}, "properties": {"route": "D14B", "pr": "21", "abs": 20928, "label": "D14B PR21+20928"}}, {"type": "Feature", "geometry": {"type": "Point", "coordinates": [7.04533969, 47.7368553]}, "properties": {"route": "D14B", "pr": "4", "abs": 3974, "label": "D14B PR4+3974"}}, {"type": "Feature", "geometry": {"type": "Point", "coordinates": [7.07988219, 47.68138825]}, "properties": {"route": "D14B", "pr": "12", "abs": 11928, "label": "D14B PR12+11928"}}, {"type": "Feature", "geometry": {"type": "Point", "coordinates": [7.09260803, 47.6688469]}, "properties": {"route": "D14B", "pr": "14", "abs": 13929, "label": "D14B PR14+13929"}}, {"type": "Feature", "geometry": {"type": "Point", "coordinates": [7.0962559, 47.59446251]}, "properties": {"route": "D14B", "pr": "22", "abs": 21928, "label": "D14B PR22+21928"}}, {"type": "Feature", "geometry": {"type": "Point", "coordinates": [7.07856536, 47.69870537]}, "properties": {"route": "D14B", "pr": "10", "abs": 9935, "label": "D14B PR10+9935"}}, {"type": "Feature", "geometry": {"type": "Point", "coordinates": [7.10699786, 47.64593076]}, "properties": {"route": "D14B", "pr": "17", "abs": 16942, "label": "D14B PR17+16942"}}, {"type": "Feature", "geometry": {"type": "Point", "coordinates": [7.11698785, 47.63237451]}, "properties": {"route": "D14B", "pr": "19", "abs": 18944, "label": "D14B PR19+18944"}}, {"type": "Feature", "geometry": {"type": "Point", "coordinates": [7.06676278, 47.72752611]}, "properties": {"route": "D14B", "pr": "6", "abs": 5970, "label": "D14B PR6+5970"}}, {"type": "Feature", "geometry": {"type": "Point", "coordinates": [7.05729598, 47.73370855]}, "properties": {"route": "D14B", "pr": "5", "abs": 4962, "label": "D14B PR5+4962"}}, {"type": "Feature", "geometry": {"type": "Point", "coordinates": [7.07571988, 47.72101179]}, "properties": {"route": "D14B", "pr": "7", "abs": 6976, "label": "D14B PR7+6976"}}, {"type": "Feature", "geometry": {"type": "Point", "coordinates": [7.02374685, 47.74534256]}, "properties": {"route": "D14B", "pr": "2", "abs": 1975, "label": "D14B PR2+1975"}}, {"type": "Feature", "geometry": {"type": "Point", "coordinates": [7.10201111, 47.65423588]}, "properties": {"route": "D14B", "pr": "16", "abs": 15938, "label": "D14B PR16+15938"}}, {"type": "Feature", "geometry": {"type": "Point", "coordinates": [7.08844798, 47.67481673]}, "properties": {"route": "D14B", "pr": "13", "abs": 12931, "label": "D14B PR13+12931"}}, {"type": "Feature", "geometry": {"type": "Point", "coordinates": [7.01528464, 47.75176698]}, "properties": {"route": "D14B", "pr": "1", "abs": 975, "label": "D14B PR1+975"}}, {"type": "Feature", "geometry": {"type": "Point", "coordinates": [7.09775384, 47.66149845]}, "properties": {"route": "D14B", "pr": "15", "abs": 14934, "label": "D14B PR15+14934"}}, {"type": "Feature", "geometry": {"type": "Point", "coordinates": [7.07927318, 47.68988874]}, "properties": {"route": "D14B", "pr": "11", "abs": 10935, "label": "D14B PR11+10935"}}, {"type": "Feature", "geometry": {"type": "Point", "coordinates": [7.07247114, 47.7062515]}, "properties": {"route": "D14B", "pr": "9", "abs": 8943, "label": "D14B PR9+8943"}}, {"type": "Feature", "geometry": {"type": "Point", "coordinates": [7.10095288, 47.61076204]}, "properties": {"route": "D14B", "pr": "20", "abs": 19928, "label": "D14B PR20+19928"}}, {"type": "Feature", "geometry": {"type": "Point", "coordinates": [7.03506839, 47.74217228]}, "properties": {"route": "D14B", "pr": "3", "abs": 2980, "label": "D14B PR3+2980"}}, {"type": "Feature", "geometry": {"type": "Point", "coordinates": [7.00828282, 47.61002151]}, "properties": {"route": "D32II", "pr": "0", "abs": 0, "label": "D32II PR0"}}, {"type": "Feature", "geometry": {"type": "Point", "coordinates": [7.02339369, 47.62178939]}, "properties": {"route": "D32II", "pr": "2", "abs": 2027, "label": "D32II PR2+2027"}}, {"type": "Feature", "geometry": {"type": "Point", "coordinates": [7.01738588, 47.61528099]}, "properties": {"route": "D32II", "pr": "1", "abs": 1001, "label": "D32II PR1+1001"}}, {"type": "Feature", "geometry": {"type": "Point", "coordinates": [7.01523196, 47.75179492]}, "properties": {"route": "D14BII", "pr": "0", "abs": 0, "label": "D14BII PR0"}}, {"type": "Feature", "geometry": {"type": "Point", "coordinates": [7.01450577, 47.7427726]}, "properties": {"route": "D14BII", "pr": "1", "abs": 1009, "label": "D14BII PR1+1009"}}, {"type": "Feature", "geometry": {"type": "Point", "coordinates": [6.94322239, 47.80861878]}, "properties": {"route": "D14BIII", "pr": "0", "abs": 0, "label": "D14BIII PR0"}}, {"type": "Feature", "geometry": {"type": "Point", "coordinates": [6.94399431, 47.81698417]}, "properties": {"route": "D14BIII", "pr": "1", "abs": 995, "label": "D14BIII PR1+995"}}, {"type": "Feature", "geometry": {"type": "Point", "coordinates": [6.96072743, 47.79833172]}, "properties": {"route": "D14BVI", "pr": "0", "abs": 0, "label": "D14BVI PR0"}}, {"type": "Feature", "geometry": {"type": "Point", "coordinates": [6.99872354, 47.7752894]}, "properties": {"route": "D14BIV", "pr": "0", "abs": 0, "label": "D14BIV PR0"}}, {"type": "Feature", "geometry": {"type": "Point", "coordinates": [7.01229328, 47.78549781]}, "properties": {"route": "D14BIV", "pr": "2", "abs": 1850, "label": "D14BIV PR2+1850"}}, {"type": "Feature", "geometry": {"type": "Point", "coordinates": [7.00647823, 47.78074585]}, "properties": {"route": "D14BIV", "pr": "1", "abs": 858, "label": "D14BIV PR1+858"}}, {"type": "Feature", "geometry": {"type": "Point", "coordinates": [7.06190002, 47.82001021]}, "properties": {"route": "D14BIV", "pr": "12", "abs": 11789, "label": "D14BIV PR12+11789"}}, {"type": "Feature", "geometry": {"type": "Point", "coordinates": [7.05352543, 47.81359631]}, "properties": {"route": "D14BIV", "pr": "10", "abs": 9789, "label": "D14BIV PR10+9789"}}, {"type": "Feature", "geometry": {"type": "Point", "coordinates": [7.04483629, 47.80753967]}, "properties": {"route": "D14BIV", "pr": "9", "abs": 8789, "label": "D14BIV PR9+8789"}}, {"type": "Feature", "geometry": {"type": "Point", "coordinates": [7.03642353, 47.8044793]}, "properties": {"route": "D14BIV", "pr": "8", "abs": 7793, "label": "D14BIV PR8+7793"}}, {"type": "Feature", "geometry": {"type": "Point", "coordinates": [7.03604304, 47.80212858]}, "properties": {"route": "D14BIV", "pr": "7", "abs": 6764, "label": "D14BIV PR7+6764"}}, {"type": "Feature", "geometry": {"type": "Point", "coordinates": [7.02885584, 47.79903717]}, "properties": {"route": "D14BIV", "pr": "6", "abs": 5804, "label": "D14BIV PR6+5804"}}, {"type": "Feature", "geometry": {"type": "Point", "coordinates": [7.01470343, 47.78871083]}, "properties": {"route": "D14BIV", "pr": "3", "abs": 2823, "label": "D14BIV PR3+2823"}}, {"type": "Feature", "geometry": {"type": "Point", "coordinates": [7.07214134, 47.82103528]}, "properties": {"route": "D14BIV", "pr": "13", "abs": 12789, "label": "D14BIV PR13+12789"}}, {"type": "Feature", "geometry": {"type": "Point", "coordinates": [7.05982649, 47.81882583]}, "properties": {"route": "D14BIV", "pr": "11", "abs": 10789, "label": "D14BIV PR11+10789"}}, {"type": "Feature", "geometry": {"type": "Point", "coordinates": [7.025435, 47.78862348]}, "properties": {"route": "D14BIV", "pr": "4", "abs": 3816, "label": "D14BIV PR4+3816"}}, {"type": "Feature", "geometry": {"type": "Point", "coordinates": [7.02807615, 47.79462562]}, "properties": {"route": "D14BIV", "pr": "5", "abs": 4794, "label": "D14BIV PR5+4794"}}, {"type": "Feature", "geometry": {"type": "Point", "coordinates": [7.10404891, 47.62037486]}, "properties": {"route": "D7B", "pr": "0", "abs": 0, "label": "D7B PR0"}}, {"type": "Feature", "geometry": {"type": "Point", "coordinates": [7.10805117, 47.61182734]}, "properties": {"route": "D7B", "pr": "1", "abs": 1000, "label": "D7B PR1+1000"}}, {"type": "Feature", "geometry": {"type": "Point", "coordinates": [7.12305325, 47.58871945]}, "properties": {"route": "D7B", "pr": "4", "abs": 3991, "label": "D7B PR4+3991"}}, {"type": "Feature", "geometry": {"type": "Point", "coordinates": [7.11572333, 47.60522686]}, "properties": {"route": "D7B", "pr": "2", "abs": 2002, "label": "D7B PR2+2002"}}, {"type": "Feature", "geometry": {"type": "Point", "coordinates": [7.11940956, 47.59685307]}, "properties": {"route": "D7B", "pr": "3", "abs": 2987, "label": "D7B PR3+2987"}}, {"type": "Feature", "geometry": {"type": "Point", "coordinates": [7.12737729, 47.58205962]}, "properties": {"route": "D7B", "pr": "5", "abs": 4975, "label": "D7B PR5+4975"}}, {"type": "Feature", "geometry": {"type": "Point", "coordinates": [7.13516782, 47.57492243]}, "properties": {"route": "D7B", "pr": "6", "abs": 5975, "label": "D7B PR6+5975"}}, {"type": "Feature", "geometry": {"type": "Point", "coordinates": [7.12774892, 47.5480011]}, "properties": {"route": "D17", "pr": "11", "abs": 10971, "label": "D17 PR11+10971"}}, {"type": "Feature", "geometry": {"type": "Point", "coordinates": [7.06669559, 47.59993594]}, "properties": {"route": "D32I", "pr": "0", "abs": 0, "label": "D32I PR0"}}, {"type": "Feature", "geometry": {"type": "Point", "coordinates": [7.06697165, 47.60833102]}, "properties": {"route": "D32I", "pr": "1", "abs": 951, "label": "D32I PR1+951"}}, {"type": "Feature", "geometry": {"type": "Point", "coordinates": [7.05447025, 47.61913469]}, "properties": {"route": "D32I", "pr": "3", "abs": 2960, "label": "D32I PR3+2960"}}, {"type": "Feature", "geometry": {"type": "Point", "coordinates": [7.05778541, 47.62542405]}, "properties": {"route": "D32I", "pr": "4", "abs": 3975, "label": "D32I PR4+3975"}}, {"type": "Feature", "geometry": {"type": "Point", "coordinates": [7.05642767, 47.61109558]}, "properties": {"route": "D32I", "pr": "2", "abs": 1954, "label": "D32I PR2+1954"}}, {"type": "Feature", "geometry": {"type": "Point", "coordinates": [7.05668931, 47.75586034]}, "properties": {"route": "D35IV", "pr": "0", "abs": 0, "label": "D35IV PR0"}}, {"type": "Feature", "geometry": {"type": "Point", "coordinates": [7.03400343, 47.66125122]}, "properties": {"route": "D26", "pr": "0", "abs": 0, "label": "D26 PR0"}}, {"type": "Feature", "geometry": {"type": "Point", "coordinates": [7.13553415, 47.68960719]}, "properties": {"route": "D26", "pr": "9", "abs": 8998, "label": "D26 PR9+8998"}}, {"type": "Feature", "geometry": {"type": "Point", "coordinates": [7.08302686, 47.6686622]}, "properties": {"route": "D26", "pr": "4", "abs": 4062, "label": "D26 PR4+4062"}}, {"type": "Feature", "geometry": {"type": "Point", "coordinates": [7.10074121, 47.66755307]}, "properties": {"route": "D26", "pr": "5", "abs": 5154, "label": "D26 PR5+5154"}}, {"type": "Feature", "geometry": {"type": "Point", "coordinates": [7.07103259, 47.669235]}, "properties": {"route": "D26", "pr": "3", "abs": 3060, "label": "D26 PR3+3060"}}, {"type": "Feature", "geometry": {"type": "Point", "coordinates": [7.13064493, 47.68422448]}, "properties": {"route": "D26", "pr": "8", "abs": 8185, "label": "D26 PR8+8185"}}, {"type": "Feature", "geometry": {"type": "Point", "coordinates": [7.04667661, 47.66329936]}, "properties": {"route": "D26", "pr": "1", "abs": 1033, "label": "D26 PR1+1033"}}, {"type": "Feature", "geometry": {"type": "Point", "coordinates": [7.12047026, 47.67842607]}, "properties": {"route": "D26", "pr": "7", "abs": 7156, "label": "D26 PR7+7156"}}, {"type": "Feature", "geometry": {"type": "Point", "coordinates": [7.0583375, 47.66640699]}, "properties": {"route": "D26", "pr": "2", "abs": 2033, "label": "D26 PR2+2033"}}, {"type": "Feature", "geometry": {"type": "Point", "coordinates": [7.1123138, 47.67141204]}, "properties": {"route": "D26", "pr": "6", "abs": 6154, "label": "D26 PR6+6154"}}, {"type": "Feature", "geometry": {"type": "Point", "coordinates": [7.04816427, 47.7045066]}, "properties": {"route": "D32IV", "pr": "0", "abs": 0, "label": "D32IV PR0"}}, {"type": "Feature", "geometry": {"type": "Point", "coordinates": [7.0283592, 47.70647514]}, "properties": {"route": "D32IV", "pr": "1", "abs": 1567, "label": "D32IV PR1+1567"}}, {"type": "Feature", "geometry": {"type": "Point", "coordinates": [7.09201179, 47.76069921]}, "properties": {"route": "D34I", "pr": "0", "abs": 0, "label": "D34I PR0"}}, {"type": "Feature", "geometry": {"type": "Point", "coordinates": [7.10131777, 47.80347263]}, "properties": {"route": "D34I", "pr": "6", "abs": 5936, "label": "D34I PR6+5936"}}, {"type": "Feature", "geometry": {"type": "Point", "coordinates": [7.10740668, 47.79592133]}, "properties": {"route": "D34I", "pr": "5", "abs": 4961, "label": "D34I PR5+4961"}}, {"type": "Feature", "geometry": {"type": "Point", "coordinates": [7.10499317, 47.78782451]}, "properties": {"route": "D34I", "pr": "4", "abs": 4018, "label": "D34I PR4+4018"}}, {"type": "Feature", "geometry": {"type": "Point", "coordinates": [7.09378671, 47.76637717]}, "properties": {"route": "D34I", "pr": "1", "abs": 977, "label": "D34I PR1+977"}}, {"type": "Feature", "geometry": {"type": "Point", "coordinates": [7.09770121, 47.78055914]}, "properties": {"route": "D34I", "pr": "3", "abs": 2997, "label": "D34I PR3+2997"}}, {"type": "Feature", "geometry": {"type": "Point", "coordinates": [7.09388022, 47.77236808]}, "properties": {"route": "D34I", "pr": "2", "abs": 2001, "label": "D34I PR2+2001"}}, {"type": "Feature", "geometry": {"type": "Point", "coordinates": [7.11800345, 47.80838189]}, "properties": {"route": "D35VI", "pr": "0", "abs": 0, "label": "D35VI PR0"}}, {"type": "Feature", "geometry": {"type": "Point", "coordinates": [7.10549283, 47.63258745]}, "properties": {"route": "D419", "pr": "8", "abs": 8178, "label": "D419 PR8+8178"}}, {"type": "Feature", "geometry": {"type": "Point", "coordinates": [7.08089677, 47.63389438]}, "properties": {"route": "D419", "pr": "6", "abs": 6035, "label": "D419 PR6+6035"}}, {"type": "Feature", "geometry": {"type": "Point", "coordinates": [7.02350814, 47.63065848]}, "properties": {"route": "D419", "pr": "1", "abs": 984, "label": "D419 PR1+984"}}, {"type": "Feature", "geometry": {"type": "Point", "coordinates": [7.0666253, 47.63223569]}, "properties": {"route": "D419", "pr": "5", "abs": 4965, "label": "D419 PR5+4965"}}, {"type": "Feature", "geometry": {"type": "Point", "coordinates": [7.12964587, 47.63059784]}, "properties": {"route": "D419", "pr": "10", "abs": 10112, "label": "D419 PR10+10112"}}, {"type": "Feature", "geometry": {"type": "Point", "coordinates": [7.05388096, 47.63267453]}, "properties": {"route": "D419", "pr": "4", "abs": 3946, "label": "D419 PR4+3946"}}, {"type": "Feature", "geometry": {"type": "Point", "coordinates": [7.09449483, 47.63553982]}, "properties": {"route": "D419", "pr": "7", "abs": 7154, "label": "D419 PR7+7154"}}, {"type": "Feature", "geometry": {"type": "Point", "coordinates": [7.04149046, 47.63268153]}, "properties": {"route": "D419", "pr": "3", "abs": 2954, "label": "D419 PR3+2954"}}, {"type": "Feature", "geometry": {"type": "Point", "coordinates": [7.11717604, 47.63045976]}, "properties": {"route": "D419", "pr": "9", "abs": 9119, "label": "D419 PR9+9119"}}, {"type": "Feature", "geometry": {"type": "Point", "coordinates": [7.0336183, 47.62593019]}, "properties": {"route": "D419", "pr": "2", "abs": 1954, "label": "D419 PR2+1954"}}, {"type": "Feature", "geometry": {"type": "Point", "coordinates": [7.05342931, 47.60162979]}, "properties": {"route": "D32", "pr": "0", "abs": 0, "label": "D32 PR0"}}, {"type": "Feature", "geometry": {"type": "Point", "coordinates": [7.04910713, 47.65497207]}, "properties": {"route": "D32", "pr": "8", "abs": 8026, "label": "D32 PR8+8026"}}, {"type": "Feature", "geometry": {"type": "Point", "coordinates": [7.03159688, 47.61488545]}, "properties": {"route": "D32", "pr": "2", "abs": 2341, "label": "D32 PR2+2341"}}, {"type": "Feature", "geometry": {"type": "Point", "coordinates": [7.0528848, 47.66344548]}, "properties": {"route": "D32", "pr": "9", "abs": 9035, "label": "D32 PR9+9035"}}, {"type": "Feature", "geometry": {"type": "Point", "coordinates": [7.02103098, 47.6253903]}, "properties": {"route": "D32", "pr": "4", "abs": 4142, "label": "D32 PR4+4142"}}, {"type": "Feature", "geometry": {"type": "Point", "coordinates": [7.03312684, 47.64090475]}, "properties": {"route": "D32", "pr": "6", "abs": 6012, "label": "D32 PR6+6012"}}, {"type": "Feature", "geometry": {"type": "Point", "coordinates": [7.0413798, 47.64834054]}, "properties": {"route": "D32", "pr": "7", "abs": 7055, "label": "D32 PR7+7055"}}, {"type": "Feature", "geometry": {"type": "Point", "coordinates": [7.05706393, 47.6964544]}, "properties": {"route": "D32", "pr": "13", "abs": 13014, "label": "D32 PR13+13014"}}, {"type": "Feature", "geometry": {"type": "Point", "coordinates": [7.04328741, 47.72012904]}, "properties": {"route": "D32", "pr": "16", "abs": 16002, "label": "D32 PR16+16002"}}, {"type": "Feature", "geometry": {"type": "Point", "coordinates": [7.04664877, 47.71160413]}, "properties": {"route": "D32", "pr": "15", "abs": 15019, "label": "D32 PR15+15019"}}, {"type": "Feature", "geometry": {"type": "Point", "coordinates": [7.02705154, 47.63337077]}, "properties": {"route": "D32", "pr": "5", "abs": 5048, "label": "D32 PR5+5048"}}, {"type": "Feature", "geometry": {"type": "Point", "coordinates": [7.06240341, 47.68351419]}, "properties": {"route": "D32", "pr": "11", "abs": 11044, "label": "D32 PR11+11044"}}, {"type": "Feature", "geometry": {"type": "Point", "coordinates": [7.02254243, 47.61686533]}, "properties": {"route": "D32", "pr": "3", "abs": 3324, "label": "D32 PR3+3324"}}, {"type": "Feature", "geometry": {"type": "Point", "coordinates": [7.06695038, 47.69046972]}, "properties": {"route": "D32", "pr": "12", "abs": 11997, "label": "D32 PR12+11997"}}, {"type": "Feature", "geometry": {"type": "Point", "coordinates": [7.04969012, 47.70318658]}, "properties": {"route": "D32", "pr": "14", "abs": 14015, "label": "D32 PR14+14015"}}, {"type": "Feature", "geometry": {"type": "Point", "coordinates": [7.0417114, 47.60947117]}, "properties": {"route": "D32", "pr": "1", "abs": 1251, "label": "D32 PR1+1251"}}, {"type": "Feature", "geometry": {"type": "Point", "coordinates": [7.06476747, 47.67493026]}, "properties": {"route": "D32", "pr": "10", "abs": 10056, "label": "D32 PR10+10056"}}, {"type": "Feature", "geometry": {"type": "Point", "coordinates": [7.06762041, 47.6893153]}, "properties": {"route": "D32V", "pr": "0", "abs": 0, "label": "D32V PR0"}}, {"type": "Feature", "geometry": {"type": "Point", "coordinates": [7.0963418, 47.70381034]}, "properties": {"route": "D32V", "pr": "4", "abs": 3986, "label": "D32V PR4+3986"}}, {"type": "Feature", "geometry": {"type": "Point", "coordinates": [7.0942927, 47.69660882]}, "properties": {"route": "D32V", "pr": "3", "abs": 2993, "label": "D32V PR3+2993"}}, {"type": "Feature", "geometry": {"type": "Point", "coordinates": [7.11550991, 47.71255179]}, "properties": {"route": "D32V", "pr": "6", "abs": 5991, "label": "D32V PR6+5991"}}, {"type": "Feature", "geometry": {"type": "Point", "coordinates": [7.0761589, 47.69477147]}, "properties": {"route": "D32V", "pr": "1", "abs": 994, "label": "D32V PR1+994"}}, {"type": "Feature", "geometry": {"type": "Point", "coordinates": [7.11716866, 47.72122323]}, "properties": {"route": "D32V", "pr": "7", "abs": 6983, "label": "D32V PR7+6983"}}, {"type": "Feature", "geometry": {"type": "Point", "coordinates": [7.08633427, 47.68981685]}, "properties": {"route": "D32V", "pr": "2", "abs": 1992, "label": "D32V PR2+1992"}}, {"type": "Feature", "geometry": {"type": "Point", "coordinates": [7.10734375, 47.70721952]}, "properties": {"route": "D32V", "pr": "5", "abs": 5014, "label": "D32V PR5+5014"}}, {"type": "Feature", "geometry": {"type": "Point", "coordinates": [7.05236174, 47.70169523]}, "properties": {"route": "D311", "pr": "0", "abs": 0, "label": "D311 PR0"}}, {"type": "Feature", "geometry": {"type": "Point", "coordinates": [6.99508274, 47.74623945]}, "properties": {"route": "D710", "pr": "0", "abs": 0, "label": "D710 PR0"}}, {"type": "Feature", "geometry": {"type": "Point", "coordinates": [7.00277951, 47.75334996]}, "properties": {"route": "D710", "pr": "1", "abs": 1051, "label": "D710 PR1+1051"}}, {"type": "Feature", "geometry": {"type": "Point", "coordinates": [6.99610618, 47.77356741]}, "properties": {"route": "D710", "pr": "4", "abs": 3854, "label": "D710 PR4+3854"}}, {"type": "Feature", "geometry": {"type": "Point", "coordinates": [6.9952037, 47.76731965]}, "properties": {"route": "D710", "pr": "3", "abs": 2830, "label": "D710 PR3+2830"}}, {"type": "Feature", "geometry": {"type": "Point", "coordinates": [6.99898385, 47.7607407]}, "properties": {"route": "D710", "pr": "2", "abs": 2042, "label": "D710 PR2+2042"}}, {"type": "Feature", "geometry": {"type": "Point", "coordinates": [7.07036213, 47.69062581]}, "properties": {"route": "D32VI", "pr": "0", "abs": 0, "label": "D32VI PR0"}}, {"type": "Feature", "geometry": {"type": "Point", "coordinates": [7.07192076, 47.69926334]}, "properties": {"route": "D32VI", "pr": "1", "abs": 1002, "label": "D32VI PR1+1002"}}, {"type": "Feature", "geometry": {"type": "Point", "coordinates": [7.07203454, 47.70665335]}, "properties": {"route": "D32VI", "pr": "2", "abs": 1981, "label": "D32VI PR2+1981"}}, {"type": "Feature", "geometry": {"type": "Point", "coordinates": [7.0626202, 47.68311911]}, "properties": {"route": "D32VIII", "pr": "0", "abs": 0, "label": "D32VIII PR0"}}, {"type": "Feature", "geometry": {"type": "Point", "coordinates": [7.04976502, 47.68264614]}, "properties": {"route": "D32VIII", "pr": "1", "abs": 1000, "label": "D32VIII PR1+1000"}}, {"type": "Feature", "geometry": {"type": "Point", "coordinates": [7.10045332, 47.75933929]}, "properties": {"route": "D34", "pr": "8", "abs": 7991, "label": "D34 PR8+7991"}}, {"type": "Feature", "geometry": {"type": "Point", "coordinates": [7.08661947, 47.74564395]}, "properties": {"route": "D34", "pr": "11", "abs": 11005, "label": "D34 PR11+11005"}}, {"type": "Feature", "geometry": {"type": "Point", "coordinates": [7.0388305, 47.72192244]}, "properties": {"route": "D34", "pr": "16", "abs": 15864, "label": "D34 PR16+15864"}}, {"type": "Feature", "geometry": {"type": "Point", "coordinates": [7.0790888, 47.73822275]}, "properties": {"route": "D34", "pr": "12", "abs": 12005, "label": "D34 PR12+12005"}}, {"type": "Feature", "geometry": {"type": "Point", "coordinates": [7.12709717, 47.77339773]}, "properties": {"route": "D34", "pr": "5", "abs": 4996, "label": "D34 PR5+4996"}}, {"type": "Feature", "geometry": {"type": "Point", "coordinates": [7.06690274, 47.73545944]}, "properties": {"route": "D34", "pr": "13", "abs": 13015, "label": "D34 PR13+13015"}}, {"type": "Feature", "geometry": {"type": "Point", "coordinates": [7.09182873, 47.751977]}, "properties": {"route": "D34", "pr": "10", "abs": 10001, "label": "D34 PR10+10001"}}, {"type": "Feature", "geometry": {"type": "Point", "coordinates": [7.11153279, 47.76167948]}, "properties": {"route": "D34", "pr": "7", "abs": 6992, "label": "D34 PR7+6992"}}, {"type": "Feature", "geometry": {"type": "Point", "coordinates": [7.09146055, 47.75898899]}, "properties": {"route": "D34", "pr": "9", "abs": 8976, "label": "D34 PR9+8976"}}, {"type": "Feature", "geometry": {"type": "Point", "coordinates": [7.04738707, 47.72811547]}, "properties": {"route": "D34", "pr": "15", "abs": 14974, "label": "D34 PR15+14974"}}, {"type": "Feature", "geometry": {"type": "Point", "coordinates": [7.0589582, 47.73134819]}, "properties": {"route": "D34", "pr": "14", "abs": 13973, "label": "D34 PR14+13973"}}, {"type": "Feature", "geometry": {"type": "Point", "coordinates": [7.12094828, 47.76575181]}, "properties": {"route": "D34", "pr": "6", "abs": 5994, "label": "D34 PR6+5994"}}, {"type": "Feature", "geometry": {"type": "Point", "coordinates": [7.08591135, 47.71630565]}, "properties": {"route": "D258", "pr": "0", "abs": 0, "label": "D258 PR0"}}, {"type": "Feature", "geometry": {"type": "Point", "coordinates": [7.12256344, 47.69388708]}, "properties": {"route": "D258", "pr": "4", "abs": 4345, "label": "D258 PR4+4345"}}, {"type": "Feature", "geometry": {"type": "Point", "coordinates": [7.1110166, 47.70970322]}, "properties": {"route": "D258", "pr": "2", "abs": 2223, "label": "D258 PR2+2223"}}, {"type": "Feature", "geometry": {"type": "Point", "coordinates": [7.12946095, 47.68725417]}, "properties": {"route": "D258", "pr": "5", "abs": 5256, "label": "D258 PR5+5256"}}, {"type": "Feature", "geometry": {"type": "Point", "coordinates": [7.11925178, 47.70331695]}, "properties": {"route": "D258", "pr": "3", "abs": 3211, "label": "D258 PR3+3211"}}, {"type": "Feature", "geometry": {"type": "Point", "coordinates": [7.13448075, 47.67963]}, "properties": {"route": "D258", "pr": "6", "abs": 6189, "label": "D258 PR6+6189"}}, {"type": "Feature", "geometry": {"type": "Point", "coordinates": [6.97881257, 47.78091]}, "properties": {"route": "D14BVIII", "pr": "0", "abs": 0, "label": "D14BVIII PR0"}}, {"type": "Feature", "geometry": {"type": "Point", "coordinates": [7.05969474, 47.66972157]}, "properties": {"route": "D26III", "pr": "0", "abs": 0, "label": "D26III PR0"}}, {"type": "Feature", "geometry": {"type": "Point", "coordinates": [7.10158702, 47.80519356]}, "properties": {"route": "D36", "pr": "0", "abs": 0, "label": "D36 PR0"}}, {"type": "Feature", "geometry": {"type": "Point", "coordinates": [7.07501895, 47.79208101]}, "properties": {"route": "D36", "pr": "6", "abs": 5822, "label": "D36 PR6+5822"}}, {"type": "Feature", "geometry": {"type": "Point", "coordinates": [7.05781305, 47.78522378]}, "properties": {"route": "D36", "pr": "8", "abs": 7874, "label": "D36 PR8+7874"}}, {"type": "Feature", "geometry": {"type": "Point", "coordinates": [7.09603602, 47.79378]}, "properties": {"route": "D36", "pr": "3", "abs": 2901, "label": "D36 PR3+2901"}}, {"type": "Feature", "geometry": {"type": "Point", "coordinates": [7.08094774, 47.79492244]}, "properties": {"route": "D36", "pr": "5", "abs": 4873, "label": "D36 PR5+4873"}}, {"type": "Feature", "geometry": {"type": "Point", "coordinates": [7.05709389, 47.77669255]}, "properties": {"route": "D36", "pr": "9", "abs": 8903, "label": "D36 PR9+8903"}}, {"type": "Feature", "geometry": {"type": "Point", "coordinates": [7.10884236, 47.79200012]}, "properties": {"route": "D36", "pr": "2", "abs": 1924, "label": "D36 PR2+1924"}}, {"type": "Feature", "geometry": {"type": "Point", "coordinates": [7.08755827, 47.79726304]}, "properties": {"route": "D36", "pr": "4", "abs": 3874, "label": "D36 PR4+3874"}}, {"type": "Feature", "geometry": {"type": "Point", "coordinates": [7.06645448, 47.78781683]}, "properties": {"route": "D36", "pr": "7", "abs": 6857, "label": "D36 PR7+6857"}}, {"type": "Feature", "geometry": {"type": "Point", "coordinates": [7.10967764, 47.7979956]}, "properties": {"route": "D36", "pr": "1", "abs": 1020, "label": "D36 PR1+1020"}}, {"type": "Feature", "geometry": {"type": "Point", "coordinates": [7.06516099, 47.77418751]}, "properties": {"route": "D351", "pr": "11", "abs": 10869, "label": "D351 PR11+10869"}}, {"type": "Feature", "geometry": {"type": "Point", "coordinates": [7.06539604, 47.76106736]}, "properties": {"route": "D351", "pr": "14", "abs": 13853, "label": "D351 PR14+13853"}}, {"type": "Feature", "geometry": {"type": "Point", "coordinates": [7.07437794, 47.77581185]}, "properties": {"route": "D351", "pr": "10", "abs": 9881, "label": "D351 PR10+9881"}}, {"type": "Feature", "geometry": {"type": "Point", "coordinates": [7.06210332, 47.76930269]}, "properties": {"route": "D351", "pr": "13", "abs": 12859, "label": "D351 PR13+12859"}}, {"type": "Feature", "geometry": {"type": "Point", "coordinates": [7.06575234, 47.7700835]}, "properties": {"route": "D351", "pr": "12", "abs": 11863, "label": "D351 PR12+11863"}}, {"type": "Feature", "geometry": {"type": "Point", "coordinates": [7.10505411, 47.78741862]}, "properties": {"route": "D351", "pr": "7", "abs": 6953, "label": "D351 PR7+6953"}}, {"type": "Feature", "geometry": {"type": "Point", "coordinates": [7.08235307, 47.77856389]}, "properties": {"route": "D351", "pr": "9", "abs": 8907, "label": "D351 PR9+8907"}}, {"type": "Feature", "geometry": {"type": "Point", "coordinates": [7.11687778, 47.80081049]}, "properties": {"route": "D351", "pr": "5", "abs": 4982, "label": "D351 PR5+4982"}}, {"type": "Feature", "geometry": {"type": "Point", "coordinates": [7.12454188, 47.80716313]}, "properties": {"route": "D351", "pr": "4", "abs": 3986, "label": "D351 PR4+3986"}}, {"type": "Feature", "geometry": {"type": "Point", "coordinates": [7.11475089, 47.79265419]}, "properties": {"route": "D351", "pr": "6", "abs": 5983, "label": "D351 PR6+5983"}}, {"type": "Feature", "geometry": {"type": "Point", "coordinates": [7.08853308, 47.77985234]}, "properties": {"route": "D351", "pr": "8", "abs": 7988, "label": "D351 PR8+7988"}}, {"type": "Feature", "geometry": {"type": "Point", "coordinates": [7.13277135, 47.80175118]}, "properties": {"route": "D1066", "pr": "25", "abs": 806, "label": "D1066 PR25+806 (G)"}}, {"type": "Feature", "geometry": {"type": "Point", "coordinates": [7.12225793, 47.59058362]}, "properties": {"route": "D16", "pr": "0", "abs": 0, "label": "D16 PR0"}}, {"type": "Feature", "geometry": {"type": "Point", "coordinates": [7.13432227, 47.59308864]}, "properties": {"route": "D16", "pr": "1", "abs": 996, "label": "D16 PR1+996"}}, {"type": "Feature", "geometry": {"type": "Point", "coordinates": [7.11963987, 47.63071532]}, "properties": {"route": "D14BVII", "pr": "0", "abs": 0, "label": "D14BVII PR0"}}, {"type": "Feature", "geometry": {"type": "Point", "coordinates": [7.0132575, 47.63322401]}, "properties": {"route": "D419", "pr": "0", "abs": 0, "label": "D419 PR0"}}, {"type": "Feature", "geometry": {"type": "Point", "coordinates": [7.130524, 47.79925471]}, "properties": {"route": "D331", "pr": "1", "abs": 957, "label": "D331 PR1+957"}}, {"type": "Feature", "geometry": {"type": "Point", "coordinates": [7.12131288, 47.79288482]}, "properties": {"route": "D331", "pr": "2", "abs": 1923, "label": "D331 PR2+1923"}}, {"type": "Feature", "geometry": {"type": "Point", "coordinates": [7.1054807, 47.63277625]}, "properties": {"route": "D419", "pr": "FS", "abs": null, "label": "D419 PRFS (G)"}}, {"type": "Feature", "geometry": {"type": "Point", "coordinates": [7.11520824, 47.63110241]}, "properties": {"route": "D419", "pr": "FS", "abs": null, "label": "D419 PRFS"}}, {"type": "Feature", "geometry": {"type": "Point", "coordinates": [7.13468084, 47.80423522]}, "properties": {"route": "D331", "pr": "FS", "abs": null, "label": "D331 PRFS"}}, {"type": "Feature", "geometry": {"type": "Point", "coordinates": [7.10429084, 47.63346344]}, "properties": {"route": "D419", "pr": "FS", "abs": null, "label": "D419 PRFS"}}, {"type": "Feature", "geometry": {"type": "Point", "coordinates": [7.10664571, 47.79251159]}, "properties": {"route": "D34I", "pr": "DS", "abs": null, "label": "D34I PRDS"}}, {"type": "Feature", "geometry": {"type": "Point", "coordinates": [7.10664571, 47.79251159]}, "properties": {"route": "D34I", "pr": "FS", "abs": null, "label": "D34I PRFS"}}, {"type": "Feature", "geometry": {"type": "Point", "coordinates": [7.11538461, 47.63108988]}, "properties": {"route": "D419", "pr": "FS", "abs": null, "label": "D419 PRFS (G)"}}, {"type": "Feature", "geometry": {"type": "Point", "coordinates": [7.11426414, 47.79066783]}, "properties": {"route": "D351", "pr": "FS", "abs": null, "label": "D351 PRFS (G)"}}, {"type": "Feature", "geometry": {"type": "Point", "coordinates": [7.10181028, 47.80834636]}, "properties": {"route": "D34I", "pr": "FS", "abs": null, "label": "D34I PRFS"}}, {"type": "Feature", "geometry": {"type": "Point", "coordinates": [6.99548778, 47.76656377]}, "properties": {"route": "D710", "pr": "FS", "abs": null, "label": "D710 PRFS"}}, {"type": "Feature", "geometry": {"type": "Point", "coordinates": [7.12386362, 47.7940946]}, "properties": {"route": "D331", "pr": "FS", "abs": null, "label": "D331 PRFS (G)"}}, {"type": "Feature", "geometry": {"type": "Point", "coordinates": [7.12458589, 47.79347433]}, "properties": {"route": "D103", "pr": "FS", "abs": null, "label": "D103 PRFS (D)"}}, {"type": "Feature", "geometry": {"type": "Point", "coordinates": [7.00126759, 47.7503403]}, "properties": {"route": "D14BI", "pr": "FS", "abs": null, "label": "D14BI PRFS (G)"}}, {"type": "Feature", "geometry": {"type": "Point", "coordinates": [7.1143165, 47.79531912]}, "properties": {"route": "D351", "pr": "FS", "abs": null, "label": "D351 PRFS (G)"}}, {"type": "Feature", "geometry": {"type": "Point", "coordinates": [7.12443508, 47.62803034]}, "properties": {"route": "D14BVII", "pr": "FS", "abs": null, "label": "D14BVII PRFS"}}, {"type": "Feature", "geometry": {"type": "Point", "coordinates": [7.10465507, 47.63251326]}, "properties": {"route": "D26I", "pr": "FS", "abs": null, "label": "D26I PRFS (G)"}}, {"type": "Feature", "geometry": {"type": "Point", "coordinates": [7.12408728, 47.79435709]}, "properties": {"route": "D331", "pr": "FS", "abs": null, "label": "D331 PRFS (D)"}}, {"type": "Feature", "geometry": {"type": "Point", "coordinates": [7.11454814, 47.790985]}, "properties": {"route": "D331", "pr": "FS", "abs": null, "label": "D331 PRFS (D)"}}, {"type": "Feature", "geometry": {"type": "Point", "coordinates": [7.1305426, 47.78766842]}, "properties": {"route": "D103", "pr": "DS", "abs": null, "label": "D103 PRDS (D)"}}, {"type": "Feature", "geometry": {"type": "Point", "coordinates": [7.1305426, 47.78766842]}, "properties": {"route": "D103", "pr": "FS", "abs": null, "label": "D103 PRFS"}}, {"type": "Feature", "geometry": {"type": "Point", "coordinates": [7.13076127, 47.78743629]}, "properties": {"route": "D103", "pr": "FS", "abs": null, "label": "D103 PRFS"}}, {"type": "Feature", "geometry": {"type": "Point", "coordinates": [6.99532484, 47.7665477]}, "properties": {"route": "D710", "pr": "FS", "abs": null, "label": "D710 PRFS (G)"}}, {"type": "Feature", "geometry": {"type": "Point", "coordinates": [7.09389845, 47.71242563]}, "properties": {"route": "D483", "pr": "FS", "abs": null, "label": "D483 PRFS (D)"}}, {"type": "Feature", "geometry": {"type": "Point", "coordinates": [7.13384341, 47.80726234]}, "properties": {"route": "D351", "pr": "FS", "abs": null, "label": "D351 PRFS (D)"}}, {"type": "Feature", "geometry": {"type": "Point", "coordinates": [7.12438226, 47.7936942]}, "properties": {"route": "D103", "pr": "FS", "abs": null, "label": "D103 PRFS"}}, {"type": "Feature", "geometry": {"type": "Point", "coordinates": [7.08024873, 47.6338945]}, "properties": {"route": "D419", "pr": "FS", "abs": null, "label": "D419 PRFS (G)"}}, {"type": "Feature", "geometry": {"type": "Point", "coordinates": [7.13468084, 47.80423522]}, "properties": {"route": "D331", "pr": "FS", "abs": null, "label": "D331 PRFS"}}, {"type": "Feature", "geometry": {"type": "Point", "coordinates": [7.1316127, 47.8000103]}, "properties": {"route": "D331", "pr": "FS", "abs": null, "label": "D331 PRFS (G)"}}, {"type": "Feature", "geometry": {"type": "Point", "coordinates": [7.12173933, 47.62932706]}, "properties": {"route": "D14BVII", "pr": "FS", "abs": null, "label": "D14BVII PRFS"}}, {"type": "Feature", "geometry": {"type": "Point", "coordinates": [7.12079702, 47.62998766]}, "properties": {"route": "D14BVII", "pr": "FS", "abs": null, "label": "D14BVII PRFS"}}, {"type": "Feature", "geometry": {"type": "Point", "coordinates": [7.12901207, 47.80269313]}, "properties": {"route": "D1066", "pr": "DS", "abs": null, "label": "D1066 PRDS (G)"}}, {"type": "Feature", "geometry": {"type": "Point", "coordinates": [7.12901207, 47.80269313]}, "properties": {"route": "D1066", "pr": "FS", "abs": null, "label": "D1066 PRFS"}}, {"type": "Feature", "geometry": {"type": "Point", "coordinates": [6.99527317, 47.7671055]}, "properties": {"route": "D710", "pr": "FS", "abs": null, "label": "D710 PRFS (G)"}}, {"type": "Feature", "geometry": {"type": "Point", "coordinates": [7.08730671, 47.81549183]}, "properties": {"route": "D1066", "pr": "FS", "abs": null, "label": "D1066 PRFS (D)"}}, {"type": "Feature", "geometry": {"type": "Point", "coordinates": [7.12163913, 47.72510527]}, "properties": {"route": "D32V", "pr": "FS", "abs": null, "label": "D32V PRFS (G)"}}, {"type": "Feature", "geometry": {"type": "Point", "coordinates": [7.08730671, 47.81549183]}, "properties": {"route": "D1066", "pr": "FS", "abs": null, "label": "D1066 PRFS"}}, {"type": "Feature", "geometry": {"type": "Point", "coordinates": [7.11406371, 47.79079113]}, "properties": {"route": "D351", "pr": "FS", "abs": null, "label": "D351 PRFS (D)"}}, {"type": "Feature", "geometry": {"type": "Point", "coordinates": [7.12366401, 47.79455586]}, "properties": {"route": "D103", "pr": "DS", "abs": null, "label": "D103 PRDS (D)"}}, {"type": "Feature", "geometry": {"type": "Point", "coordinates": [7.12366401, 47.79455586]}, "properties": {"route": "D103", "pr": "FS", "abs": null, "label": "D103 PRFS"}}, {"type": "Feature", "geometry": {"type": "Point", "coordinates": [7.12342733, 47.79395315]}, "properties": {"route": "D331", "pr": "DS", "abs": null, "label": "D331 PRDS (D)"}}, {"type": "Feature", "geometry": {"type": "Point", "coordinates": [7.12342733, 47.79395315]}, "properties": {"route": "D331", "pr": "FS", "abs": null, "label": "D331 PRFS"}}, {"type": "Feature", "geometry": {"type": "Point", "coordinates": [6.99550612, 47.76629188]}, "properties": {"route": "D710", "pr": "DS", "abs": null, "label": "D710 PRDS"}}, {"type": "Feature", "geometry": {"type": "Point", "coordinates": [6.99550612, 47.76629188]}, "properties": {"route": "D710", "pr": "FS", "abs": null, "label": "D710 PRFS"}}, {"type": "Feature", "geometry": {"type": "Point", "coordinates": [7.12439352, 47.79445986]}, "properties": {"route": "D331", "pr": "FS", "abs": null, "label": "D331 PRFS (G)"}}, {"type": "Feature", "geometry": {"type": "Point", "coordinates": [7.0597312, 47.66993751]}, "properties": {"route": "D32III", "pr": "DS", "abs": null, "label": "D32III PRDS (D)"}}, {"type": "Feature", "geometry": {"type": "Point", "coordinates": [7.0597312, 47.66993751]}, "properties": {"route": "D32III", "pr": "FS", "abs": null, "label": "D32III PRFS"}}, {"type": "Feature", "geometry": {"type": "Point", "coordinates": [7.09421224, 47.71282472]}, "properties": {"route": "D258", "pr": "FS", "abs": null, "label": "D258 PRFS (G)"}}, {"type": "Feature", "geometry": {"type": "Point", "coordinates": [7.13239574, 47.80075684]}, "properties": {"route": "D331", "pr": "FS", "abs": null, "label": "D331 PRFS (G)"}}, {"type": "Feature", "geometry": {"type": "Point", "coordinates": [7.12417256, 47.79412878]}, "properties": {"route": "D103", "pr": "FS", "abs": null, "label": "D103 PRFS (G)"}}, {"type": "Feature", "geometry": {"type": "Point", "coordinates": [7.13223987, 47.80153922]}, "properties": {"route": "D331E02", "pr": "FS", "abs": null, "label": "D331E02 PRFS"}}, {"type": "Feature", "geometry": {"type": "Point", "coordinates": [7.13489735, 47.80433572]}, "properties": {"route": "D331", "pr": "FS", "abs": null, "label": "D331 PRFS"}}, {"type": "Feature", "geometry": {"type": "Point", "coordinates": [7.13384341, 47.80726234]}, "properties": {"route": "D351", "pr": "FS", "abs": null, "label": "D351 PRFS (G)"}}, {"type": "Feature", "geometry": {"type": "Point", "coordinates": [7.12478661, 47.79356189]}, "properties": {"route": "D103", "pr": "FS", "abs": null, "label": "D103 PRFS (G)"}}, {"type": "Feature", "geometry": {"type": "Point", "coordinates": [7.12402348, 47.79406914]}, "properties": {"route": "D103", "pr": "FS", "abs": null, "label": "D103 PRFS"}}, {"type": "Feature", "geometry": {"type": "Point", "coordinates": [7.13264909, 47.80181318]}, "properties": {"route": "D1066", "pr": "FS", "abs": null, "label": "D1066 PRFS"}}, {"type": "Feature", "geometry": {"type": "Point", "coordinates": [7.10415918, 47.63346807]}, "properties": {"route": "D419", "pr": "FS", "abs": null, "label": "D419 PRFS (D)"}}, {"type": "Feature", "geometry": {"type": "Point", "coordinates": [7.12366401, 47.79455586]}, "properties": {"route": "D103", "pr": "DS", "abs": null, "label": "D103 PRDS (G)"}}, {"type": "Feature", "geometry": {"type": "Point", "coordinates": [7.11604432, 47.63086111]}, "properties": {"route": "D419", "pr": "FS", "abs": null, "label": "D419 PRFS (D)"}}, {"type": "Feature", "geometry": {"type": "Point", "coordinates": [7.09498353, 47.71219204]}, "properties": {"route": "D258", "pr": "FS", "abs": null, "label": "D258 PRFS (D)"}}, {"type": "Feature", "geometry": {"type": "Point", "coordinates": [7.13239574, 47.80075684]}, "properties": {"route": "D331", "pr": "FS", "abs": null, "label": "D331 PRFS (D)"}}, {"type": "Feature", "geometry": {"type": "Point", "coordinates": [7.01831926, 47.75693125]}, "properties": {"route": "D466", "pr": "DS", "abs": null, "label": "D466 PRDS"}}, {"type": "Feature", "geometry": {"type": "Point", "coordinates": [7.01831926, 47.75693125]}, "properties": {"route": "D466", "pr": "FS", "abs": null, "label": "D466 PRFS"}}, {"type": "Feature", "geometry": {"type": "Point", "coordinates": [7.13147998, 47.80009249]}, "properties": {"route": "D331", "pr": "FS", "abs": null, "label": "D331 PRFS (D)"}}, {"type": "Feature", "geometry": {"type": "Point", "coordinates": [7.09394326, 47.71266109]}, "properties": {"route": "D258", "pr": "FS", "abs": null, "label": "D258 PRFS (D)"}}, {"type": "Feature", "geometry": {"type": "Point", "coordinates": [7.08687543, 47.81600796]}, "properties": {"route": "D1066", "pr": "FS", "abs": null, "label": "D1066 PRFS (G)"}}, {"type": "Feature", "geometry": {"type": "Point", "coordinates": [6.99532484, 47.7665477]}, "properties": {"route": "D710", "pr": "FS", "abs": null, "label": "D710 PRFS"}}, {"type": "Feature", "geometry": {"type": "Point", "coordinates": [6.97119612, 47.78394334]}, "properties": {"route": "D466", "pr": "DS", "abs": null, "label": "D466 PRDS"}}, {"type": "Feature", "geometry": {"type": "Point", "coordinates": [6.97119612, 47.78394334]}, "properties": {"route": "D466", "pr": "FS", "abs": null, "label": "D466 PRFS"}}, {"type": "Feature", "geometry": {"type": "Point", "coordinates": [7.11275461, 47.62337171]}, "properties": {"route": "D103", "pr": "DS", "abs": null, "label": "D103 PRDS (D)"}}, {"type": "Feature", "geometry": {"type": "Point", "coordinates": [7.11275461, 47.62337171]}, "properties": {"route": "D103", "pr": "FS", "abs": null, "label": "D103 PRFS"}}, {"type": "Feature", "geometry": {"type": "Point", "coordinates": [7.08142294, 47.63400937]}, "properties": {"route": "D419", "pr": "DS", "abs": null, "label": "D419 PRDS (G)"}}, {"type": "Feature", "geometry": {"type": "Point", "coordinates": [7.08142294, 47.63400937]}, "properties": {"route": "D419", "pr": "FS", "abs": null, "label": "D419 PRFS"}}, {"type": "Feature", "geometry": {"type": "Point", "coordinates": [7.1305426, 47.78766842]}, "properties": {"route": "D103", "pr": "DS", "abs": null, "label": "D103 PRDS (G)"}}, {"type": "Feature", "geometry": {"type": "Point", "coordinates": [7.1316127, 47.8000103]}, "properties": {"route": "D331", "pr": "FS", "abs": null, "label": "D331 PRFS"}}, {"type": "Feature", "geometry": {"type": "Point", "coordinates": [7.09498385, 47.7128734]}, "properties": {"route": "D483", "pr": "DS", "abs": null, "label": "D483 PRDS (G)"}}, {"type": "Feature", "geometry": {"type": "Point", "coordinates": [7.09498385, 47.7128734]}, "properties": {"route": "D483", "pr": "FS", "abs": null, "label": "D483 PRFS"}}, {"type": "Feature", "geometry": {"type": "Point", "coordinates": [7.10977867, 47.62186318]}, "properties": {"route": "D103", "pr": "FS", "abs": null, "label": "D103 PRFS (G)"}}, {"type": "Feature", "geometry": {"type": "Point", "coordinates": [7.13088795, 47.78729393]}, "properties": {"route": "D103", "pr": "FS", "abs": null, "label": "D103 PRFS (D)"}}, {"type": "Feature", "geometry": {"type": "Point", "coordinates": [7.11350985, 47.79099625]}, "properties": {"route": "D36", "pr": "DS", "abs": null, "label": "D36 PRDS (D)"}}, {"type": "Feature", "geometry": {"type": "Point", "coordinates": [7.11350985, 47.79099625]}, "properties": {"route": "D36", "pr": "FS", "abs": null, "label": "D36 PRFS"}}, {"type": "Feature", "geometry": {"type": "Point", "coordinates": [7.02472051, 47.63071672]}, "properties": {"route": "D32", "pr": "FS", "abs": null, "label": "D32 PRFS"}}, {"type": "Feature", "geometry": {"type": "Point", "coordinates": [7.06755297, 47.68942851]}, "properties": {"route": "D32", "pr": "FS", "abs": null, "label": "D32 PRFS"}}, {"type": "Feature", "geometry": {"type": "Point", "coordinates": [7.10481715, 47.63252288]}, "properties": {"route": "D26I", "pr": "FS", "abs": null, "label": "D26I PRFS (G)"}}, {"type": "Feature", "geometry": {"type": "Point", "coordinates": [7.02414832, 47.63094374]}, "properties": {"route": "D32", "pr": "FS", "abs": null, "label": "D32 PRFS (G)"}}, {"type": "Feature", "geometry": {"type": "Point", "coordinates": [7.10149235, 47.80537082]}, "properties": {"route": "D34I", "pr": "FS", "abs": null, "label": "D34I PRFS"}}, {"type": "Feature", "geometry": {"type": "Point", "coordinates": [7.09498385, 47.7128734]}, "properties": {"route": "D483", "pr": "DS", "abs": null, "label": "D483 PRDS (D)"}}, {"type": "Feature", "geometry": {"type": "Point", "coordinates": [6.99532484, 47.7665477]}, "properties": {"route": "D710", "pr": "FS", "abs": null, "label": "D710 PRFS"}}, {"type": "Feature", "geometry": {"type": "Point", "coordinates": [7.05899627, 47.66666529]}, "properties": {"route": "D26III", "pr": "FS", "abs": null, "label": "D26III PRFS (G)"}}, {"type": "Feature", "geometry": {"type": "Point", "coordinates": [7.10402515, 47.63354579]}, "properties": {"route": "D419", "pr": "FS", "abs": null, "label": "D419 PRFS (G)"}}, {"type": "Feature", "geometry": {"type": "Point", "coordinates": [7.02567794, 47.63244929]}, "properties": {"route": "D32", "pr": "FS", "abs": null, "label": "D32 PRFS"}}, {"type": "Feature", "geometry": {"type": "Point", "coordinates": [7.11447666, 47.7914093]}, "properties": {"route": "D351", "pr": "FS", "abs": null, "label": "D351 PRFS (D)"}}, {"type": "Feature", "geometry": {"type": "Point", "coordinates": [7.12111281, 47.80626274]}, "properties": {"route": "D35I", "pr": "FS", "abs": null, "label": "D35I PRFS (G)"}}, {"type": "Feature", "geometry": {"type": "Point", "coordinates": [7.09413673, 47.71225956]}, "properties": {"route": "D483", "pr": "FS", "abs": null, "label": "D483 PRFS (G)"}}, {"type": "Feature", "geometry": {"type": "Point", "coordinates": [7.08685698, 47.81599418]}, "properties": {"route": "D1066", "pr": "DS", "abs": null, "label": "D1066 PRDS (D)"}}, {"type": "Feature", "geometry": {"type": "Point", "coordinates": [7.08685698, 47.81599418]}, "properties": {"route": "D1066", "pr": "FS", "abs": null, "label": "D1066 PRFS"}}, {"type": "Feature", "geometry": {"type": "Point", "coordinates": [6.99548778, 47.76656377]}, "properties": {"route": "D710", "pr": "FS", "abs": null, "label": "D710 PRFS (D)"}}, {"type": "Feature", "geometry": {"type": "Point", "coordinates": [7.10318059, 47.80944292]}, "properties": {"route": "D34I", "pr": "DS", "abs": null, "label": "D34I PRDS"}}, {"type": "Feature", "geometry": {"type": "Point", "coordinates": [7.10318059, 47.80944292]}, "properties": {"route": "D35I", "pr": "FS", "abs": null, "label": "D35I PRFS"}}, {"type": "Feature", "geometry": {"type": "Point", "coordinates": [7.10429084, 47.63346344]}, "properties": {"route": "D419", "pr": "FS", "abs": null, "label": "D419 PRFS"}}, {"type": "Feature", "geometry": {"type": "Point", "coordinates": [7.08142294, 47.63400937]}, "properties": {"route": "D419", "pr": "DS", "abs": null, "label": "D419 PRDS (D)"}}, {"type": "Feature", "geometry": {"type": "Point", "coordinates": [7.08142294, 47.63400937]}, "properties": {"route": "D419", "pr": "FS", "abs": null, "label": "D419 PRFS"}}, {"type": "Feature", "geometry": {"type": "Point", "coordinates": [7.12898808, 47.8026426]}, "properties": {"route": "D1066", "pr": "FS", "abs": null, "label": "D1066 PRFS (D)"}}, {"type": "Feature", "geometry": {"type": "Point", "coordinates": [7.10598191, 47.63267029]}, "properties": {"route": "D419", "pr": "FS", "abs": null, "label": "D419 PRFS (D)"}}, {"type": "Feature", "geometry": {"type": "Point", "coordinates": [7.11520824, 47.63110241]}, "properties": {"route": "D419", "pr": "FS", "abs": null, "label": "D419 PRFS"}}, {"type": "Feature", "geometry": {"type": "Point", "coordinates": [7.06549022, 47.6701662]}, "properties": {"route": "D32III", "pr": "FS", "abs": null, "label": "D32III PRFS (G)"}}, {"type": "Feature", "geometry": {"type": "Point", "coordinates": [7.02249122, 47.62992114]}, "properties": {"route": "D32", "pr": "FS", "abs": null, "label": "D32 PRFS (G)"}}, {"type": "Feature", "geometry": {"type": "Point", "coordinates": [7.09498353, 47.71219204]}, "properties": {"route": "D258", "pr": "FS", "abs": null, "label": "D258 PRFS (G)"}}, {"type": "Feature", "geometry": {"type": "Point", "coordinates": [7.10443326, 47.63354676]}, "properties": {"route": "D419", "pr": "FS", "abs": null, "label": "D419 PRFS (G)"}}, {"type": "Feature", "geometry": {"type": "Point", "coordinates": [7.09389845, 47.71242563]}, "properties": {"route": "D483", "pr": "FS", "abs": null, "label": "D483 PRFS"}}, {"type": "Feature", "geometry": {"type": "Point", "coordinates": [7.08759868, 47.81558258]}, "properties": {"route": "D1066", "pr": "FS", "abs": null, "label": "D1066 PRFS (G)"}}, {"type": "Feature", "geometry": {"type": "Point", "coordinates": [7.11405049, 47.79082765]}, "properties": {"route": "D36", "pr": "FS", "abs": null, "label": "D36 PRFS (G)"}}, {"type": "Feature", "geometry": {"type": "Point", "coordinates": [6.97129268, 47.78380398]}, "properties": {"route": "D466", "pr": "FS", "abs": null, "label": "D466 PRFS"}}, {"type": "Feature", "geometry": {"type": "Point", "coordinates": [7.10181028, 47.80834636]}, "properties": {"route": "D34I", "pr": "FS", "abs": null, "label": "D34I PRFS"}}, {"type": "Feature", "geometry": {"type": "Point", "coordinates": [7.06875819, 47.70242877]}, "properties": {"route": "D311", "pr": "FS", "abs": null, "label": "D311 PRFS"}}, {"type": "Feature", "geometry": {"type": "Point", "coordinates": [7.06571633, 47.67010425]}, "properties": {"route": "D32III", "pr": "FS", "abs": null, "label": "D32III PRFS"}}, {"type": "Feature", "geometry": {"type": "Point", "coordinates": [7.1051038, 47.63271289]}, "properties": {"route": "D419", "pr": "FS", "abs": null, "label": "D419 PRFS"}}, {"type": "Feature", "geometry": {"type": "Point", "coordinates": [7.11702833, 47.80132071]}, "properties": {"route": "D103", "pr": "FS", "abs": null, "label": "D103 PRFS"}}, {"type": "Feature", "geometry": {"type": "Point", "coordinates": [7.11524253, 47.63120125]}, "properties": {"route": "D14BV", "pr": "FS", "abs": null, "label": "D14BV PRFS"}}, {"type": "Feature", "geometry": {"type": "Point", "coordinates": [7.0180524, 47.75684849]}, "properties": {"route": "D466", "pr": "FS", "abs": null, "label": "D466 PRFS"}}, {"type": "Feature", "geometry": {"type": "Point", "coordinates": [7.0806756, 47.63394898]}, "properties": {"route": "D419", "pr": "FS", "abs": null, "label": "D419 PRFS"}}, {"type": "Feature", "geometry": {"type": "Point", "coordinates": [6.97904462, 47.78308205]}, "properties": {"route": "D14BVIII", "pr": "FS", "abs": null, "label": "D14BVIII PRFS"}}, {"type": "Feature", "geometry": {"type": "Point", "coordinates": [7.11785372, 47.80852144]}, "properties": {"route": "D35VI", "pr": "FS", "abs": null, "label": "D35VI PRFS"}}, {"type": "Feature", "geometry": {"type": "Point", "coordinates": [7.0675369, 47.60682957]}, "properties": {"route": "D32I", "pr": "FS", "abs": null, "label": "D32I PRFS"}}, {"type": "Feature", "geometry": {"type": "Point", "coordinates": [7.02282033, 47.63030726]}, "properties": {"route": "D32", "pr": "FS", "abs": null, "label": "D32 PRFS"}}, {"type": "Feature", "geometry": {"type": "Point", "coordinates": [7.04138468, 47.72312565]}, "properties": {"route": "D34II", "pr": "FS", "abs": null, "label": "D34II PRFS"}}, {"type": "Feature", "geometry": {"type": "Point", "coordinates": [7.1311749, 47.79978151]}, "properties": {"route": "D331", "pr": "FS", "abs": null, "label": "D331 PRFS"}}, {"type": "Feature", "geometry": {"type": "Point", "coordinates": [7.05669504, 47.75258777]}, "properties": {"route": "D35IV", "pr": "FS", "abs": null, "label": "D35IV PRFS"}}, {"type": "Feature", "geometry": {"type": "Point", "coordinates": [7.11448276, 47.79102155]}, "properties": {"route": "D351", "pr": "FS", "abs": null, "label": "D351 PRFS"}}, {"type": "Feature", "geometry": {"type": "Point", "coordinates": [7.08205111, 47.71086257]}, "properties": {"route": "D32VI", "pr": "FS", "abs": null, "label": "D32VI PRFS"}}, {"type": "Feature", "geometry": {"type": "Point", "coordinates": [7.12402348, 47.79406914]}, "properties": {"route": "D103", "pr": "FS", "abs": null, "label": "D103 PRFS"}}, {"type": "Feature", "geometry": {"type": "Point", "coordinates": [6.99527317, 47.7671055]}, "properties": {"route": "D710", "pr": "FS", "abs": null, "label": "D710 PRFS (D)"}}, {"type": "Feature", "geometry": {"type": "Point", "coordinates": [7.02560063, 47.63237895]}, "properties": {"route": "D32", "pr": "FS", "abs": null, "label": "D32 PRFS"}}, {"type": "Feature", "geometry": {"type": "Point", "coordinates": [7.0597312, 47.66993751]}, "properties": {"route": "D32III", "pr": "DS", "abs": null, "label": "D32III PRDS (G)"}}, {"type": "Feature", "geometry": {"type": "Point", "coordinates": [7.0597312, 47.66993751]}, "properties": {"route": "D32III", "pr": "FS", "abs": null, "label": "D32III PRFS"}}, {"type": "Feature", "geometry": {"type": "Point", "coordinates": [7.1019109, 47.80841944]}, "properties": {"route": "D34I", "pr": "FS", "abs": null, "label": "D34I PRFS"}}, {"type": "Feature", "geometry": {"type": "Point", "coordinates": [7.1310352, 47.78733019]}, "properties": {"route": "D103", "pr": "FS", "abs": null, "label": "D103 PRFS (G)"}}, {"type": "Feature", "geometry": {"type": "Point", "coordinates": [7.08030133, 47.63376287]}, "properties": {"route": "D419", "pr": "FS", "abs": null, "label": "D419 PRFS (D)"}}, {"type": "Feature", "geometry": {"type": "Point", "coordinates": [7.11515528, 47.79096727]}, "properties": {"route": "D331", "pr": "FS", "abs": null, "label": "D331 PRFS (G)"}}, {"type": "Feature", "geometry": {"type": "Point", "coordinates": [7.02152291, 47.617133]}, "properties": {"route": "D32", "pr": "FS", "abs": null, "label": "D32 PRFS (G)"}}, {"type": "Feature", "geometry": {"type": "Point", "coordinates": [7.12153248, 47.62939385]}, "properties": {"route": "D14BVII", "pr": "FS", "abs": null, "label": "D14BVII PRFS"}}, {"type": "Feature", "geometry": {"type": "Point", "coordinates": [7.12421476, 47.79424175]}, "properties": {"route": "D331", "pr": "DS", "abs": null, "label": "D331 PRDS (G)"}}, {"type": "Feature", "geometry": {"type": "Point", "coordinates": [7.05992699, 47.66975766]}, "properties": {"route": "D32III", "pr": "FS", "abs": null, "label": "D32III PRFS (D)"}}, {"type": "Feature", "geometry": {"type": "Point", "coordinates": [7.05992699, 47.66975766]}, "properties": {"route": "D32III", "pr": "DS", "abs": null, "label": "D32III PRDS"}}, {"type": "Feature", "geometry": {"type": "Point", "coordinates": [7.09376396, 47.71291702]}, "properties": {"route": "D258", "pr": "FS", "abs": null, "label": "D258 PRFS (G)"}}, {"type": "Feature", "geometry": {"type": "Point", "coordinates": [7.09376396, 47.71291702]}, "properties": {"route": "D258", "pr": "DS", "abs": null, "label": "D258 PRDS"}}, {"type": "Feature", "geometry": {"type": "Point", "coordinates": [7.13201292, 47.80030621]}, "properties": {"route": "D331", "pr": "DS", "abs": null, "label": "D331 PRDS (G)"}}, {"type": "Feature", "geometry": {"type": "Point", "coordinates": [7.12454228, 47.79377418]}, "properties": {"route": "D103", "pr": "DS", "abs": null, "label": "D103 PRDS (G)"}}, {"type": "Feature", "geometry": {"type": "Point", "coordinates": [7.13164274, 47.80039678]}, "properties": {"route": "D331E02", "pr": "DS", "abs": null, "label": "D331E02 PRDS"}}, {"type": "Feature", "geometry": {"type": "Point", "coordinates": [7.13468084, 47.80423522]}, "properties": {"route": "D331", "pr": "DS", "abs": null, "label": "D331 PRDS"}}, {"type": "Feature", "geometry": {"type": "Point", "coordinates": [7.12438226, 47.7936942]}, "properties": {"route": "D103", "pr": "DS", "abs": null, "label": "D103 PRDS"}}, {"type": "Feature", "geometry": {"type": "Point", "coordinates": [6.99545074, 47.76672905]}, "properties": {"route": "D710", "pr": "DS", "abs": null, "label": "D710 PRDS (D)"}}, {"type": "Feature", "geometry": {"type": "Point", "coordinates": [7.02567794, 47.63244929]}, "properties": {"route": "D32", "pr": "FS", "abs": null, "label": "D32 PRFS"}}, {"type": "Feature", "geometry": {"type": "Point", "coordinates": [7.02567794, 47.63244929]}, "properties": {"route": "D32", "pr": "DS", "abs": null, "label": "D32 PRDS"}}, {"type": "Feature", "geometry": {"type": "Point", "coordinates": [7.05992699, 47.66975766]}, "properties": {"route": "D32III", "pr": "FS", "abs": null, "label": "D32III PRFS (G)"}}, {"type": "Feature", "geometry": {"type": "Point", "coordinates": [7.10181028, 47.80834636]}, "properties": {"route": "D34I", "pr": "DS", "abs": null, "label": "D34I PRDS"}}, {"type": "Feature", "geometry": {"type": "Point", "coordinates": [7.13114024, 47.78706422]}, "properties": {"route": "D103", "pr": "FS", "abs": null, "label": "D103 PRFS (G)"}}, {"type": "Feature", "geometry": {"type": "Point", "coordinates": [7.13114024, 47.78706422]}, "properties": {"route": "D103", "pr": "DS", "abs": null, "label": "D103 PRDS"}}, {"type": "Feature", "geometry": {"type": "Point", "coordinates": [7.07961081, 47.63371311]}, "properties": {"route": "D419", "pr": "DS", "abs": null, "label": "D419 PRDS (D)"}}, {"type": "Feature", "geometry": {"type": "Point", "coordinates": [7.11461334, 47.79080787]}, "properties": {"route": "D331", "pr": "DS", "abs": null, "label": "D331 PRDS (G)"}}, {"type": "Feature", "geometry": {"type": "Point", "coordinates": [7.02184484, 47.61730126]}, "properties": {"route": "D32", "pr": "DS", "abs": null, "label": "D32 PRDS (G)"}}, {"type": "Feature", "geometry": {"type": "Point", "coordinates": [7.12173933, 47.62932706]}, "properties": {"route": "D14BVII", "pr": "DS", "abs": null, "label": "D14BVII PRDS"}}, {"type": "Feature", "geometry": {"type": "Point", "coordinates": [7.1248952, 47.79330661]}, "properties": {"route": "D103", "pr": "FS", "abs": null, "label": "D103 PRFS (G)"}}, {"type": "Feature", "geometry": {"type": "Point", "coordinates": [7.1248952, 47.79330661]}, "properties": {"route": "D103", "pr": "DS", "abs": null, "label": "D103 PRDS"}}, {"type": "Feature", "geometry": {"type": "Point", "coordinates": [7.12402348, 47.79406914]}, "properties": {"route": "D103", "pr": "DS", "abs": null, "label": "D103 PRDS"}}, {"type": "Feature", "geometry": {"type": "Point", "coordinates": [7.13264909, 47.80181318]}, "properties": {"route": "D1066", "pr": "FS", "abs": null, "label": "D1066 PRFS"}}, {"type": "Feature", "geometry": {"type": "Point", "coordinates": [7.13264909, 47.80181318]}, "properties": {"route": "D1066", "pr": "DS", "abs": null, "label": "D1066 PRDS (G)"}}, {"type": "Feature", "geometry": {"type": "Point", "coordinates": [7.1035852, 47.63323498]}, "properties": {"route": "D419", "pr": "FS", "abs": null, "label": "D419 PRFS (D)"}}, {"type": "Feature", "geometry": {"type": "Point", "coordinates": [7.1035852, 47.63323498]}, "properties": {"route": "D419", "pr": "DS", "abs": null, "label": "D419 PRDS"}}, {"type": "Feature", "geometry": {"type": "Point", "coordinates": [7.12391655, 47.79436311]}, "properties": {"route": "D103", "pr": "DS", "abs": null, "label": "D103 PRDS (G)"}}, {"type": "Feature", "geometry": {"type": "Point", "coordinates": [7.11527431, 47.63099102]}, "properties": {"route": "D419", "pr": "DS", "abs": null, "label": "D419 PRDS (D)"}}, {"type": "Feature", "geometry": {"type": "Point", "coordinates": [7.09454981, 47.71224779]}, "properties": {"route": "D258", "pr": "DS", "abs": null, "label": "D258 PRDS (D)"}}, {"type": "Feature", "geometry": {"type": "Point", "coordinates": [7.13182241, 47.80040215]}, "properties": {"route": "D331", "pr": "DS", "abs": null, "label": "D331 PRDS (D)"}}, {"type": "Feature", "geometry": {"type": "Point", "coordinates": [7.0180524, 47.75684849]}, "properties": {"route": "D466", "pr": "DS", "abs": null, "label": "D466 PRDS"}}, {"type": "Feature", "geometry": {"type": "Point", "coordinates": [7.1311749, 47.79978151]}, "properties": {"route": "D331", "pr": "DS", "abs": null, "label": "D331 PRDS (D)"}}, {"type": "Feature", "geometry": {"type": "Point", "coordinates": [7.09376396, 47.71291702]}, "properties": {"route": "D258", "pr": "FS", "abs": null, "label": "D258 PRFS (D)"}}, {"type": "Feature", "geometry": {"type": "Point", "coordinates": [7.08728904, 47.81581869]}, "properties": {"route": "D1066", "pr": "DS", "abs": null, "label": "D1066 PRDS (G)"}}, {"type": "Feature", "geometry": {"type": "Point", "coordinates": [6.99548778, 47.76656377]}, "properties": {"route": "D710", "pr": "DS", "abs": null, "label": "D710 PRDS"}}, {"type": "Feature", "geometry": {"type": "Point", "coordinates": [6.97129268, 47.78380398]}, "properties": {"route": "D466", "pr": "FS", "abs": null, "label": "D466 PRFS"}}, {"type": "Feature", "geometry": {"type": "Point", "coordinates": [6.97129268, 47.78380398]}, "properties": {"route": "D466", "pr": "DS", "abs": null, "label": "D466 PRDS"}}, {"type": "Feature", "geometry": {"type": "Point", "coordinates": [7.10977867, 47.62186318]}, "properties": {"route": "D103", "pr": "FS", "abs": null, "label": "D103 PRFS (D)"}}, {"type": "Feature", "geometry": {"type": "Point", "coordinates": [7.10977867, 47.62186318]}, "properties": {"route": "D103", "pr": "DS", "abs": null, "label": "D103 PRDS"}}, {"type": "Feature", "geometry": {"type": "Point", "coordinates": [7.0806756, 47.63394898]}, "properties": {"route": "D419", "pr": "FS", "abs": null, "label": "D419 PRFS (G)"}}, {"type": "Feature", "geometry": {"type": "Point", "coordinates": [7.0806756, 47.63394898]}, "properties": {"route": "D419", "pr": "DS", "abs": null, "label": "D419 PRDS"}}, {"type": "Feature", "geometry": {"type": "Point", "coordinates": [7.13089369, 47.78750552]}, "properties": {"route": "D103", "pr": "DS", "abs": null, "label": "D103 PRDS (G)"}}, {"type": "Feature", "geometry": {"type": "Point", "coordinates": [7.1316127, 47.8000103]}, "properties": {"route": "D331", "pr": "DS", "abs": null, "label": "D331 PRDS"}}, {"type": "Feature", "geometry": {"type": "Point", "coordinates": [7.0948016, 47.71262202]}, "properties": {"route": "D483", "pr": "DS", "abs": null, "label": "D483 PRDS (G)"}}, {"type": "Feature", "geometry": {"type": "Point", "coordinates": [7.11275461, 47.62337171]}, "properties": {"route": "D103", "pr": "DS", "abs": null, "label": "D103 PRDS (G)"}}, {"type": "Feature", "geometry": {"type": "Point", "coordinates": [7.13114024, 47.78706422]}, "properties": {"route": "D103", "pr": "FS", "abs": null, "label": "D103 PRFS (D)"}}, {"type": "Feature", "geometry": {"type": "Point", "coordinates": [7.11412289, 47.79098553]}, "properties": {"route": "D36", "pr": "DS", "abs": null, "label": "D36 PRDS (D)"}}, {"type": "Feature", "geometry": {"type": "Point", "coordinates": [7.02560063, 47.63237895]}, "properties": {"route": "D32", "pr": "DS", "abs": null, "label": "D32 PRDS"}}, {"type": "Feature", "geometry": {"type": "Point", "coordinates": [7.06771703, 47.689357]}, "properties": {"route": "D32", "pr": "DS", "abs": null, "label": "D32 PRDS"}}, {"type": "Feature", "geometry": {"type": "Point", "coordinates": [7.1047214, 47.63230092]}, "properties": {"route": "D26I", "pr": "DS", "abs": null, "label": "D26I PRDS (G)"}}, {"type": "Feature", "geometry": {"type": "Point", "coordinates": [7.02437272, 47.6312848]}, "properties": {"route": "D32", "pr": "DS", "abs": null, "label": "D32 PRDS (G)"}}, {"type": "Feature", "geometry": {"type": "Point", "coordinates": [7.10149235, 47.80537082]}, "properties": {"route": "D34I", "pr": "DS", "abs": null, "label": "D34I PRDS"}}, {"type": "Feature", "geometry": {"type": "Point", "coordinates": [7.09451457, 47.71281413]}, "properties": {"route": "D483", "pr": "DS", "abs": null, "label": "D483 PRDS (D)"}}, {"type": "Feature", "geometry": {"type": "Point", "coordinates": [6.99548778, 47.76656377]}, "properties": {"route": "D710", "pr": "DS", "abs": null, "label": "D710 PRDS"}}, {"type": "Feature", "geometry": {"type": "Point", "coordinates": [7.05918528, 47.66658932]}, "properties": {"route": "D26III", "pr": "DS", "abs": null, "label": "D26III PRDS (G)"}}, {"type": "Feature", "geometry": {"type": "Point", "coordinates": [7.1035852, 47.63323498]}, "properties": {"route": "D419", "pr": "FS", "abs": null, "label": "D419 PRFS (G)"}}, {"type": "Feature", "geometry": {"type": "Point", "coordinates": [7.02560063, 47.63237895]}, "properties": {"route": "D32", "pr": "DS", "abs": null, "label": "D32 PRDS"}}, {"type": "Feature", "geometry": {"type": "Point", "coordinates": [7.11423931, 47.79103821]}, "properties": {"route": "D351", "pr": "DS", "abs": null, "label": "D351 PRDS (D)"}}, {"type": "Feature", "geometry": {"type": "Point", "coordinates": [7.1173831, 47.8074547]}, "properties": {"route": "D35I", "pr": "FS", "abs": null, "label": "D35I PRFS (G)"}}, {"type": "Feature", "geometry": {"type": "Point", "coordinates": [7.1173831, 47.8074547]}, "properties": {"route": "D35VI", "pr": "DS", "abs": null, "label": "D35VI PRDS"}}, {"type": "Feature", "geometry": {"type": "Point", "coordinates": [7.09346731, 47.71209824]}, "properties": {"route": "D483", "pr": "FS", "abs": null, "label": "D483 PRFS (G)"}}, {"type": "Feature", "geometry": {"type": "Point", "coordinates": [7.09346731, 47.71209824]}, "properties": {"route": "D483", "pr": "DS", "abs": null, "label": "D483 PRDS"}}, {"type": "Feature", "geometry": {"type": "Point", "coordinates": [7.08712611, 47.81570091]}, "properties": {"route": "D1066", "pr": "DS", "abs": null, "label": "D1066 PRDS (D)"}}, {"type": "Feature", "geometry": {"type": "Point", "coordinates": [6.99550612, 47.76629188]}, "properties": {"route": "D710", "pr": "DS", "abs": null, "label": "D710 PRDS (D)"}}, {"type": "Feature", "geometry": {"type": "Point", "coordinates": [7.1019109, 47.80841944]}, "properties": {"route": "D34I", "pr": "DS", "abs": null, "label": "D34I PRDS"}}, {"type": "Feature", "geometry": {"type": "Point", "coordinates": [7.10429084, 47.63346344]}, "properties": {"route": "D419", "pr": "DS", "abs": null, "label": "D419 PRDS"}}, {"type": "Feature", "geometry": {"type": "Point", "coordinates": [7.08070004, 47.63383276]}, "properties": {"route": "D419", "pr": "DS", "abs": null, "label": "D419 PRDS (D)"}}, {"type": "Feature", "geometry": {"type": "Point", "coordinates": [7.13198667, 47.80177527]}, "properties": {"route": "D1066", "pr": "DS", "abs": null, "label": "D1066 PRDS (D)"}}, {"type": "Feature", "geometry": {"type": "Point", "coordinates": [7.11520824, 47.63110241]}, "properties": {"route": "D419", "pr": "DS", "abs": null, "label": "D419 PRDS"}}, {"type": "Feature", "geometry": {"type": "Point", "coordinates": [7.06568153, 47.67031276]}, "properties": {"route": "D32III", "pr": "DS", "abs": null, "label": "D32III PRDS (G)"}}, {"type": "Feature", "geometry": {"type": "Point", "coordinates": [7.0224858, 47.6303972]}, "properties": {"route": "D32", "pr": "DS", "abs": null, "label": "D32 PRDS (G)"}}, {"type": "Feature", "geometry": {"type": "Point", "coordinates": [7.09479972, 47.71247607]}, "properties": {"route": "D258", "pr": "DS", "abs": null, "label": "D258 PRDS (G)"}}, {"type": "Feature", "geometry": {"type": "Point", "coordinates": [7.10528567, 47.63282367]}, "properties": {"route": "D419", "pr": "DS", "abs": null, "label": "D419 PRDS (G)"}}, {"type": "Feature", "geometry": {"type": "Point", "coordinates": [7.09389845, 47.71242563]}, "properties": {"route": "D483", "pr": "DS", "abs": null, "label": "D483 PRDS"}}, {"type": "Feature", "geometry": {"type": "Point", "coordinates": [7.08813877, 47.81456788]}, "properties": {"route": "D1066", "pr": "FS", "abs": null, "label": "D1066 PRFS (G)"}}, {"type": "Feature", "geometry": {"type": "Point", "coordinates": [7.08813877, 47.81456788]}, "properties": {"route": "D1066", "pr": "DS", "abs": null, "label": "D1066 PRDS"}}, {"type": "Feature", "geometry": {"type": "Point", "coordinates": [7.11350985, 47.79099625]}, "properties": {"route": "D36", "pr": "DS", "abs": null, "label": "D36 PRDS (G)"}}, {"type": "Feature", "geometry": {"type": "Point", "coordinates": [6.97119612, 47.78394334]}, "properties": {"route": "D466", "pr": "DS", "abs": null, "label": "D466 PRDS"}}, {"type": "Feature", "geometry": {"type": "Point", "coordinates": [7.1019109, 47.80841944]}, "properties": {"route": "D34I", "pr": "DS", "abs": null, "label": "D34I PRDS"}}, {"type": "Feature", "geometry": {"type": "Point", "coordinates": [7.11843828, 47.62983207]}, "properties": {"route": "D103", "pr": "DS", "abs": null, "label": "D103 PRDS"}}, {"type": "Feature", "geometry": {"type": "Point", "coordinates": [7.12087532, 47.63001734]}, "properties": {"route": "D14BVII", "pr": "DS", "abs": null, "label": "D14BVII PRDS"}}, {"type": "Feature", "geometry": {"type": "Point", "coordinates": [7.11575415, 47.63292366]}, "properties": {"route": "D14BV", "pr": "DS", "abs": null, "label": "D14BV PRDS"}}, {"type": "Feature", "geometry": {"type": "Point", "coordinates": [6.95647748, 47.7972237]}, "properties": {"route": "D14BVI", "pr": "DS", "abs": null, "label": "D14BVI PRDS"}}, {"type": "Feature", "geometry": {"type": "Point", "coordinates": [7.10683478, 47.79256985]}, "properties": {"route": "D36", "pr": "DS", "abs": null, "label": "D36 PRDS"}}, {"type": "Feature", "geometry": {"type": "Point", "coordinates": [7.01831926, 47.75693125]}, "properties": {"route": "D466", "pr": "DS", "abs": 21652, "label": "D466 PRDS+21652"}}, {"type": "Feature", "geometry": {"type": "Point", "coordinates": [7.12771229, 47.68856247]}, "properties": {"route": "D26", "pr": "DS", "abs": null, "label": "D26 PRDS"}}, {"type": "Feature", "geometry": {"type": "Point", "coordinates": [7.0226397, 47.61974606]}, "properties": {"route": "D32IX", "pr": "DS", "abs": null, "label": "D32IX PRDS"}}, {"type": "Feature", "geometry": {"type": "Point", "coordinates": [7.02100601, 47.6192589]}, "properties": {"route": "D32", "pr": "DS", "abs": null, "label": "D32 PRDS"}}, {"type": "Feature", "geometry": {"type": "Point", "coordinates": [7.11712143, 47.80121019]}, "properties": {"route": "D103", "pr": "DS", "abs": null, "label": "D103 PRDS"}}, {"type": "Feature", "geometry": {"type": "Point", "coordinates": [7.09257104, 47.77900014]}, "properties": {"route": "D34VI", "pr": "DS", "abs": null, "label": "D34VI PRDS"}}, {"type": "Feature", "geometry": {"type": "Point", "coordinates": [7.05888974, 47.66651037]}, "properties": {"route": "D26III", "pr": "DS", "abs": null, "label": "D26III PRDS"}}, {"type": "Feature", "geometry": {"type": "Point", "coordinates": [7.07073382, 47.66918413]}, "properties": {"route": "D32", "pr": "DS", "abs": null, "label": "D32 PRDS"}}, {"type": "Feature", "geometry": {"type": "Point", "coordinates": [7.10548657, 47.61619081]}, "properties": {"route": "D14B", "pr": "DS", "abs": null, "label": "D14B PRDS"}}, {"type": "Feature", "geometry": {"type": "Point", "coordinates": [7.13252371, 47.80157697]}, "properties": {"route": "D1066", "pr": "DS", "abs": null, "label": "D1066 PRDS (D)"}}, {"type": "Feature", "geometry": {"type": "Point", "coordinates": [7.07938302, 47.6852226]}, "properties": {"route": "D32V", "pr": "DS", "abs": null, "label": "D32V PRDS"}}, {"type": "Feature", "geometry": {"type": "Point", "coordinates": [7.10669639, 47.79259633]}, "properties": {"route": "D36", "pr": "DS", "abs": null, "label": "D36 PRDS"}}, {"type": "Feature", "geometry": {"type": "Point", "coordinates": [7.06016357, 47.73217695]}, "properties": {"route": "D34", "pr": "DS", "abs": null, "label": "D34 PRDS"}}, {"type": "Feature", "geometry": {"type": "Point", "coordinates": [7.09713741, 47.66576699]}, "properties": {"route": "D26", "pr": "DS", "abs": null, "label": "D26 PRDS"}}, {"type": "Feature", "geometry": {"type": "Point", "coordinates": [7.0676014, 47.60687148]}, "properties": {"route": "D32I", "pr": "DS", "abs": null, "label": "D32I PRDS"}}, {"type": "Feature", "geometry": {"type": "Point", "coordinates": [7.09773697, 47.78065883]}, "properties": {"route": "D351", "pr": "DS", "abs": null, "label": "D351 PRDS"}}, {"type": "Feature", "geometry": {"type": "Point", "coordinates": [7.13327714, 47.77737772]}, "properties": {"route": "D34", "pr": "DS", "abs": null, "label": "D34 PRDS"}}, {"type": "Feature", "geometry": {"type": "Point", "coordinates": [6.99527317, 47.7671055]}, "properties": {"route": "D710", "pr": "DS", "abs": null, "label": "D710 PRDS"}}, {"type": "Feature", "geometry": {"type": "Point", "coordinates": [7.06562654, 47.71361153]}, "properties": {"route": "D14B", "pr": "DS", "abs": null, "label": "D14B PRDS"}}, {"type": "Feature", "geometry": {"type": "Point", "coordinates": [7.09172098, 47.75285228]}, "properties": {"route": "D34", "pr": "DS", "abs": null, "label": "D34 PRDS"}}, {"type": "Feature", "geometry": {"type": "Point", "coordinates": [7.13384341, 47.80726234]}, "properties": {"route": "D351", "pr": "DS", "abs": null, "label": "D351 PRDS"}}, {"type": "Feature", "geometry": {"type": "Point", "coordinates": [7.1072835, 47.7924748]}, "properties": {"route": "D34I", "pr": "DS", "abs": null, "label": "D34I PRDS"}}, {"type": "Feature", "geometry": {"type": "Point", "coordinates": [7.06752765, 47.68944651]}, "properties": {"route": "D32", "pr": "DS", "abs": null, "label": "D32 PRDS"}}, {"type": "Feature", "geometry": {"type": "Point", "coordinates": [7.09498353, 47.71219204]}, "properties": {"route": "D258", "pr": "DS", "abs": null, "label": "D258 PRDS"}}, {"type": "Feature", "geometry": {"type": "Point", "coordinates": [7.13269488, 47.80159346]}, "properties": {"route": "D1066", "pr": "25", "abs": 24549, "label": "D1066 PR25+24549 (D)"}}, {"type": "Feature", "geometry": {"type": "Point", "coordinates": [7.04305414, 47.72127807]}, "properties": {"route": "D34II", "pr": "0", "abs": 0, "label": "D34II PR0"}}, {"type": "Feature", "geometry": {"type": "Point", "coordinates": [7.09147742, 47.63502193]}, "properties": {"route": "D26I", "pr": "5", "abs": 5032, "label": "D26I PR5+5032"}}, {"type": "Feature", "geometry": {"type": "Point", "coordinates": [6.83482237, 47.82039444]}, "properties": {"route": "D465", "pr": "9", "abs": 9103, "label": "D465 PR9+9103"}}, {"type": "Feature", "geometry": {"type": "Point", "coordinates": [6.83424249, 47.82140639]}, "properties": {"route": "D465", "pr": "9", "abs": 8975, "label": "D465 PR9+8975"}}, {"type": "Feature", "geometry": {"type": "Point", "coordinates": [7.06756387, 47.68927401]}, "properties": {"route": "D32", "pr": "FS", "abs": null, "label": "D32 PRFS"}}, {"type": "Feature", "geometry": {"type": "Point", "coordinates": [7.08948464, 47.58333799]}, "properties": {"route": "D14B", "pr": "FS", "abs": null, "label": "D14B PRFS"}}, {"type": "Feature", "geometry": {"type": "Point", "coordinates": [7.08591135, 47.71630565]}, "properties": {"route": "D14B", "pr": "FS", "abs": null, "label": "D14B PRFS"}}, {"type": "Feature", "geometry": {"type": "Point", "coordinates": [7.03612577, 47.72068742]}, "properties": {"route": "D483", "pr": "FS", "abs": null, "label": "D483 PRFS"}}, {"type": "Feature", "geometry": {"type": "Point", "coordinates": [7.12224341, 47.54497632]}, "properties": {"route": "D17", "pr": "FS", "abs": null, "label": "D17 PRFS"}}, {"type": "Feature", "geometry": {"type": "Point", "coordinates": [7.12188624, 47.72564003]}, "properties": {"route": "D32V", "pr": "FS", "abs": null, "label": "D32V PRFS"}}, {"type": "Feature", "geometry": {"type": "Point", "coordinates": [7.05229026, 47.60010742]}, "properties": {"route": "D103", "pr": "FS", "abs": null, "label": "D103 PRFS"}}, {"type": "Feature", "geometry": {"type": "Point", "coordinates": [7.04745242, 47.6826677]}, "properties": {"route": "D32VIII", "pr": "FS", "abs": null, "label": "D32VIII PRFS"}}, {"type": "Feature", "geometry": {"type": "Point", "coordinates": [7.09116664, 47.66894697]}, "properties": {"route": "D26", "pr": "FS", "abs": null, "label": "D26 PRFS"}}, {"type": "Feature", "geometry": {"type": "Point", "coordinates": [7.0597408, 47.77255518]}, "properties": {"route": "D36", "pr": "FS", "abs": null, "label": "D36 PRFS"}}, {"type": "Feature", "geometry": {"type": "Point", "coordinates": [7.03783662, 47.72119793]}, "properties": {"route": "D34", "pr": "FS", "abs": null, "label": "D34 PRFS"}}, {"type": "Feature", "geometry": {"type": "Point", "coordinates": [7.03156421, 47.62656988]}, "properties": {"route": "D32II", "pr": "FS", "abs": null, "label": "D32II PRFS"}}, {"type": "Feature", "geometry": {"type": "Point", "coordinates": [7.13152337, 47.68455394]}, "properties": {"route": "D26", "pr": "FS", "abs": null, "label": "D26 PRFS"}}, {"type": "Feature", "geometry": {"type": "Point", "coordinates": [7.09017994, 47.71664036]}, "properties": {"route": "D34III", "pr": "FS", "abs": null, "label": "D34III PRFS"}}, {"type": "Feature", "geometry": {"type": "Point", "coordinates": [7.02139109, 47.61755934]}, "properties": {"route": "D32", "pr": "FS", "abs": null, "label": "D32 PRFS"}}, {"type": "Feature", "geometry": {"type": "Point", "coordinates": [7.10389082, 47.62071121]}, "properties": {"route": "D26I", "pr": "FS", "abs": null, "label": "D26I PRFS"}}, {"type": "Feature", "geometry": {"type": "Point", "coordinates": [7.05929999, 47.63148575]}, "properties": {"route": "D32I", "pr": "FS", "abs": null, "label": "D32I PRFS"}}, {"type": "Feature", "geometry": {"type": "Point", "coordinates": [7.06476238, 47.75597577]}, "properties": {"route": "D351", "pr": "FS", "abs": null, "label": "D351 PRFS"}}, {"type": "Feature", "geometry": {"type": "Point", "coordinates": [7.09002417, 47.7531883]}, "properties": {"route": "D34", "pr": "FS", "abs": null, "label": "D34 PRFS"}}, {"type": "Feature", "geometry": {"type": "Point", "coordinates": [6.99872354, 47.7752894]}, "properties": {"route": "D710", "pr": "FS", "abs": null, "label": "D710 PRFS"}}, {"type": "Feature", "geometry": {"type": "Point", "coordinates": [7.11427484, 47.79457345]}, "properties": {"route": "D36", "pr": "FS", "abs": null, "label": "D36 PRFS"}}, {"type": "Feature", "geometry": {"type": "Point", "coordinates": [7.13390344, 47.77647326]}, "properties": {"route": "D34", "pr": "FS", "abs": null, "label": "D34 PRFS"}}, {"type": "Feature", "geometry": {"type": "Point", "coordinates": [7.11946667, 47.63092424]}, "properties": {"route": "D14B", "pr": "FS", "abs": null, "label": "D14B PRFS"}}, {"type": "Feature", "geometry": {"type": "Point", "coordinates": [7.05282916, 47.66376647]}, "properties": {"route": "D32", "pr": "FS", "abs": null, "label": "D32 PRFS"}}, {"type": "Feature", "geometry": {"type": "Point", "coordinates": [7.06230448, 47.7314528]}, "properties": {"route": "D34", "pr": "FS", "abs": null, "label": "D34 PRFS"}}, {"type": "Feature", "geometry": {"type": "Point", "coordinates": [7.11357404, 47.79512711]}, "properties": {"route": "D351", "pr": "FS", "abs": null, "label": "D351 PRFS"}}, {"type": "Feature", "geometry": {"type": "Point", "coordinates": [7.05708748, 47.77666123]}, "properties": {"route": "D370", "pr": "FS", "abs": null, "label": "D370 PRFS"}}, {"type": "Feature", "geometry": {"type": "Point", "coordinates": [7.10129421, 47.80521283]}, "properties": {"route": "D34I", "pr": "FS", "abs": null, "label": "D34I PRFS"}}, {"type": "Feature", "geometry": {"type": "Point", "coordinates": [7.07788489, 47.69656607]}, "properties": {"route": "D32V", "pr": "FS", "abs": null, "label": "D32V PRFS"}}, {"type": "Feature", "geometry": {"type": "Point", "coordinates": [7.07961081, 47.63371311]}, "properties": {"route": "D419", "pr": "FS", "abs": null, "label": "D419 PRFS"}}, {"type": "Feature", "geometry": {"type": "Point", "coordinates": [7.04305414, 47.72127807]}, "properties": {"route": "D32", "pr": "FS", "abs": null, "label": "D32 PRFS"}}, {"type": "Feature", "geometry": {"type": "Point", "coordinates": [7.11807057, 47.63006046]}, "properties": {"route": "D103", "pr": "FS", "abs": null, "label": "D103 PRFS"}}, {"type": "Feature", "geometry": {"type": "Point", "coordinates": [7.10637154, 47.63258718]}, "properties": {"route": "D419", "pr": "DS", "abs": null, "label": "D419 PRDS (G)"}}, {"type": "Feature", "geometry": {"type": "Point", "coordinates": [7.10637154, 47.63258718]}, "properties": {"route": "D419", "pr": "DS", "abs": null, "label": "D419 PRDS"}}, {"type": "Feature", "geometry": {"type": "Point", "coordinates": [7.13239574, 47.80075684]}, "properties": {"route": "D331", "pr": "DS", "abs": null, "label": "D331 PRDS"}}, {"type": "Feature", "geometry": {"type": "Point", "coordinates": [7.1051038, 47.63271289]}, "properties": {"route": "D419", "pr": "FS", "abs": null, "label": "D419 PRFS"}}, {"type": "Feature", "geometry": {"type": "Point", "coordinates": [7.1051038, 47.63271289]}, "properties": {"route": "D419", "pr": "DS", "abs": null, "label": "D419 PRDS"}}, {"type": "Feature", "geometry": {"type": "Point", "coordinates": [7.10664571, 47.79251159]}, "properties": {"route": "D34I", "pr": "DS", "abs": null, "label": "D34I PRDS"}}, {"type": "Feature", "geometry": {"type": "Point", "coordinates": [7.11604432, 47.63086111]}, "properties": {"route": "D419", "pr": "FS", "abs": null, "label": "D419 PRFS (G)"}}, {"type": "Feature", "geometry": {"type": "Point", "coordinates": [7.11604432, 47.63086111]}, "properties": {"route": "D419", "pr": "DS", "abs": null, "label": "D419 PRDS"}}, {"type": "Feature", "geometry": {"type": "Point", "coordinates": [7.11377174, 47.79043999]}, "properties": {"route": "D351", "pr": "FS", "abs": null, "label": "D351 PRFS (G)"}}, {"type": "Feature", "geometry": {"type": "Point", "coordinates": [7.11377174, 47.79043999]}, "properties": {"route": "D351", "pr": "DS", "abs": null, "label": "D351 PRDS"}}, {"type": "Feature", "geometry": {"type": "Point", "coordinates": [7.10149235, 47.80537082]}, "properties": {"route": "D34I", "pr": "DS", "abs": null, "label": "D34I PRDS"}}, {"type": "Feature", "geometry": {"type": "Point", "coordinates": [6.99550612, 47.76629188]}, "properties": {"route": "D710", "pr": "DS", "abs": null, "label": "D710 PRDS"}}, {"type": "Feature", "geometry": {"type": "Point", "coordinates": [7.12342733, 47.79395315]}, "properties": {"route": "D331", "pr": "DS", "abs": null, "label": "D331 PRDS (G)"}}, {"type": "Feature", "geometry": {"type": "Point", "coordinates": [7.1248952, 47.79330661]}, "properties": {"route": "D103", "pr": "FS", "abs": null, "label": "D103 PRFS (D)"}}, {"type": "Feature", "geometry": {"type": "Point", "coordinates": [7.1248952, 47.79330661]}, "properties": {"route": "D103", "pr": "DS", "abs": null, "label": "D103 PRDS"}}, {"type": "Feature", "geometry": {"type": "Point", "coordinates": [7.00184611, 47.75025022]}, "properties": {"route": "D14BI", "pr": "DS", "abs": null, "label": "D14BI PRDS (G)"}}, {"type": "Feature", "geometry": {"type": "Point", "coordinates": [7.11448276, 47.79102155]}, "properties": {"route": "D351", "pr": "FS", "abs": null, "label": "D351 PRFS (G)"}}, {"type": "Feature", "geometry": {"type": "Point", "coordinates": [7.11448276, 47.79102155]}, "properties": {"route": "D351", "pr": "DS", "abs": null, "label": "D351 PRDS"}}, {"type": "Feature", "geometry": {"type": "Point", "coordinates": [7.12173933, 47.62932706]}, "properties": {"route": "D14BVII", "pr": "DS", "abs": null, "label": "D14BVII PRDS"}}, {"type": "Feature", "geometry": {"type": "Point", "coordinates": [7.1051038, 47.63271289]}, "properties": {"route": "D26I", "pr": "FS", "abs": null, "label": "D26I PRFS (G)"}}, {"type": "Feature", "geometry": {"type": "Point", "coordinates": [7.12439352, 47.79445986]}, "properties": {"route": "D331", "pr": "FS", "abs": null, "label": "D331 PRFS (D)"}}, {"type": "Feature", "geometry": {"type": "Point", "coordinates": [7.12439352, 47.79445986]}, "properties": {"route": "D331", "pr": "DS", "abs": null, "label": "D331 PRDS"}}, {"type": "Feature", "geometry": {"type": "Point", "coordinates": [7.11515528, 47.79096727]}, "properties": {"route": "D331", "pr": "FS", "abs": null, "label": "D331 PRFS (D)"}}, {"type": "Feature", "geometry": {"type": "Point", "coordinates": [7.11515528, 47.79096727]}, "properties": {"route": "D331", "pr": "DS", "abs": null, "label": "D331 PRDS"}}, {"type": "Feature", "geometry": {"type": "Point", "coordinates": [7.13076127, 47.78743629]}, "properties": {"route": "D103", "pr": "DS", "abs": null, "label": "D103 PRDS (D)"}}, {"type": "Feature", "geometry": {"type": "Point", "coordinates": [7.13076127, 47.78743629]}, "properties": {"route": "D103", "pr": "DS", "abs": null, "label": "D103 PRDS"}}, {"type": "Feature", "geometry": {"type": "Point", "coordinates": [6.99550612, 47.76629188]}, "properties": {"route": "D710", "pr": "DS", "abs": null, "label": "D710 PRDS (G)"}}, {"type": "Feature", "geometry": {"type": "Point", "coordinates": [7.09346731, 47.71209824]}, "properties": {"route": "D483", "pr": "FS", "abs": null, "label": "D483 PRFS (D)"}}, {"type": "Feature", "geometry": {"type": "Point", "coordinates": [7.09346731, 47.71209824]}, "properties": {"route": "D483", "pr": "DS", "abs": null, "label": "D483 PRDS"}}, {"type": "Feature", "geometry": {"type": "Point", "coordinates": [7.12438226, 47.7936942]}, "properties": {"route": "D103", "pr": "DS", "abs": null, "label": "D103 PRDS"}}, {"type": "Feature", "geometry": {"type": "Point", "coordinates": [7.07961081, 47.63371311]}, "properties": {"route": "D419", "pr": "DS", "abs": null, "label": "D419 PRDS (G)"}}, {"type": "Feature", "geometry": {"type": "Point", "coordinates": [7.13489735, 47.80433572]}, "properties": {"route": "D331", "pr": "FS", "abs": null, "label": "D331 PRFS"}}, {"type": "Feature", "geometry": {"type": "Point", "coordinates": [7.13489735, 47.80433572]}, "properties": {"route": "D331", "pr": "DS", "abs": null, "label": "D331 PRDS"}}, {"type": "Feature", "geometry": {"type": "Point", "coordinates": [7.1311749, 47.79978151]}, "properties": {"route": "D331", "pr": "DS", "abs": null, "label": "D331 PRDS (G)"}}, {"type": "Feature", "geometry": {"type": "Point", "coordinates": [7.12153248, 47.62939385]}, "properties": {"route": "D14BVII", "pr": "DS", "abs": null, "label": "D14BVII PRDS"}}, {"type": "Feature", "geometry": {"type": "Point", "coordinates": [7.12153248, 47.62939385]}, "properties": {"route": "D14BVII", "pr": "DS", "abs": null, "label": "D14BVII PRDS"}}, {"type": "Feature", "geometry": {"type": "Point", "coordinates": [7.13213377, 47.80194673]}, "properties": {"route": "D1066", "pr": "DS", "abs": null, "label": "D1066 PRDS (G)"}}, {"type": "Feature", "geometry": {"type": "Point", "coordinates": [6.9952878, 47.76671298]}, "properties": {"route": "D710", "pr": "DS", "abs": null, "label": "D710 PRDS (G)"}}, {"type": "Feature", "geometry": {"type": "Point", "coordinates": [7.08775072, 47.81512396]}, "properties": {"route": "D1066", "pr": "DS", "abs": null, "label": "D1066 PRDS (D)"}}, {"type": "Feature", "geometry": {"type": "Point", "coordinates": [7.12137744, 47.72529655]}, "properties": {"route": "D32V", "pr": "DS", "abs": null, "label": "D32V PRDS (G)"}}, {"type": "Feature", "geometry": {"type": "Point", "coordinates": [7.08730671, 47.81549183]}, "properties": {"route": "D1066", "pr": "DS", "abs": null, "label": "D1066 PRDS"}}, {"type": "Feature", "geometry": {"type": "Point", "coordinates": [7.11377174, 47.79043999]}, "properties": {"route": "D351", "pr": "FS", "abs": null, "label": "D351 PRFS (D)"}}, {"type": "Feature", "geometry": {"type": "Point", "coordinates": [7.12378742, 47.79428474]}, "properties": {"route": "D103", "pr": "DS", "abs": null, "label": "D103 PRDS (D)"}}, {"type": "Feature", "geometry": {"type": "Point", "coordinates": [7.12376732, 47.79419803]}, "properties": {"route": "D331", "pr": "DS", "abs": null, "label": "D331 PRDS (D)"}}, {"type": "Feature", "geometry": {"type": "Point", "coordinates": [6.99532484, 47.7665477]}, "properties": {"route": "D710", "pr": "DS", "abs": null, "label": "D710 PRDS"}}, {"type": "Feature", "geometry": {"type": "Point", "coordinates": [6.80771719, 47.59849878]}, "properties": {"route": "N19", "pr": "1", "abs": 1077, "label": "N19 PR1+1077"}}, {"type": "Feature", "geometry": {"type": "Point", "coordinates": [6.93665677, 47.55768817]}, "properties": {"route": "N19", "pr": "13", "abs": 12923, "label": "N19 PR13+12923"}}, {"type": "Feature", "geometry": {"type": "Point", "coordinates": [6.92830728, 47.56467156]}, "properties": {"route": "N19", "pr": "12", "abs": 11924, "label": "N19 PR12+11924"}}, {"type": "Feature", "geometry": {"type": "Point", "coordinates": [6.9064074, 47.57346813]}, "properties": {"route": "N19", "pr": "10", "abs": 9926, "label": "N19 PR10+9926"}}, {"type": "Feature", "geometry": {"type": "Point", "coordinates": [6.94442253, 47.55041832]}, "properties": {"route": "N19", "pr": "14", "abs": 13921, "label": "N19 PR14+13921"}}, {"type": "Feature", "geometry": {"type": "Point", "coordinates": [6.91911891, 47.57105069]}, "properties": {"route": "N19", "pr": "11", "abs": 10926, "label": "N19 PR11+10926"}}, {"type": "Feature", "geometry": {"type": "Point", "coordinates": [6.82047041, 47.59840892]}, "properties": {"route": "N19", "pr": "2", "abs": 2066, "label": "N19 PR2+2066"}}, {"type": "Feature", "geometry": {"type": "Point", "coordinates": [6.83325018, 47.59792748]}, "properties": {"route": "N19", "pr": "3", "abs": 3059, "label": "N19 PR3+3059"}}, {"type": "Feature", "geometry": {"type": "Point", "coordinates": [6.79290328, 47.59075743]}, "properties": {"route": "N19", "pr": "99", "abs": 99374, "label": "N19 PR99+99374 (D)"}}, {"type": "Feature", "geometry": {"type": "Point", "coordinates": [6.89627309, 47.58144961]}, "properties": {"route": "N19", "pr": "8", "abs": 8907, "label": "N19 PR8+8907 (D)"}}, {"type": "Feature", "geometry": {"type": "Point", "coordinates": [6.9476971, 47.54551542]}, "properties": {"route": "N19", "pr": "14", "abs": 14507, "label": "N19 PR14+14507 (D)"}}, {"type": "Feature", "geometry": {"type": "Point", "coordinates": [6.79805866, 47.59156382]}, "properties": {"route": "N19", "pr": "0", "abs": 0, "label": "N19 PR0"}}, {"type": "Feature", "geometry": {"type": "Point", "coordinates": [6.84167422, 47.5967762]}, "properties": {"route": "N19", "pr": "3", "abs": 3749, "label": "N19 PR3+3749 (D)"}}, {"type": "Feature", "geometry": {"type": "Point", "coordinates": [6.86425, 47.5499617]}, "properties": {"route": "A36", "pr": "FS", "abs": null, "label": "A36 PRFS"}}, {"type": "Feature", "geometry": {"type": "Point", "coordinates": [7.02691011, 47.70074904]}, "properties": {"route": "A36", "pr": "FS", "abs": null, "label": "A36 PRFS"}}, {"type": "Feature", "geometry": {"type": "Point", "coordinates": [6.98344728, 47.49560524]}, "properties": {"route": "N19", "pr": "FS", "abs": null, "label": "N19 PRFS"}}, {"type": "Feature", "geometry": {"type": "Point", "coordinates": [6.89768739, 47.5801145]}, "properties": {"route": "N19", "pr": "FS", "abs": null, "label": "N19 PRFS"}}, {"type": "Feature", "geometry": {"type": "Point", "coordinates": [6.89591232, 47.58178069]}, "properties": {"route": "N19", "pr": "DS", "abs": null, "label": "N19 PRDS"}}, {"type": "Feature", "geometry": {"type": "Point", "coordinates": [6.94793617, 47.54558032]}, "properties": {"route": "N19", "pr": "FS", "abs": null, "label": "N19 PRFS"}}, {"type": "Feature", "geometry": {"type": "Point", "coordinates": [6.86422671, 47.54973176]}, "properties": {"route": "A36", "pr": "43", "abs": 0, "label": "A36 PR43 (D)"}}, {"type": "Feature", "geometry": {"type": "Point", "coordinates": [7.02678611, 47.70082181]}, "properties": {"route": "A36", "pr": "19", "abs": 0, "label": "A36 PR19 (D)"}}, {"type": "Feature", "geometry": {"type": "Point", "coordinates": [6.76005141, 47.46046843]}, "properties": {"route": "D475", "pr": "0", "abs": 0, "label": "D475 PR0"}}, {"type": "Feature", "geometry": {"type": "Point", "coordinates": [6.84379262, 47.53179123]}, "properties": {"route": "D633", "pr": "0", "abs": 0, "label": "D633 PR0"}}, {"type": "Feature", "geometry": {"type": "Point", "coordinates": [6.88164063, 47.43884354]}, "properties": {"route": "D480A", "pr": "0", "abs": 0, "label": "D480A PR0"}}, {"type": "Feature", "geometry": {"type": "Point", "coordinates": [6.80893227, 47.50883722]}, "properties": {"route": "D613", "pr": "0", "abs": 0, "label": "D613 PR0 (G)"}}, {"type": "Feature", "geometry": {"type": "Point", "coordinates": [6.8378439, 47.46239655]}, "properties": {"route": "D38E1", "pr": "0", "abs": 0, "label": "D38E1 PR0"}}, {"type": "Feature", "geometry": {"type": "Point", "coordinates": [6.8392328, 47.45237848]}, "properties": {"route": "D38", "pr": "0", "abs": 0, "label": "D38 PR0"}}, {"type": "Feature", "geometry": {"type": "Point", "coordinates": [6.8100275, 47.51561989]}, "properties": {"route": "D136", "pr": "0", "abs": 0, "label": "D136 PR0"}}, {"type": "Feature", "geometry": {"type": "Point", "coordinates": [6.88276529, 47.51683514]}, "properties": {"route": "D52", "pr": "2", "abs": 2015, "label": "D52 PR2+2015"}}, {"type": "Feature", "geometry": {"type": "Point", "coordinates": [6.90429434, 47.5259769]}, "properties": {"route": "D52", "pr": "4", "abs": 4017, "label": "D52 PR4+4017"}}, {"type": "Feature", "geometry": {"type": "Point", "coordinates": [6.85302661, 47.4549497]}, "properties": {"route": "D448", "pr": "1", "abs": 1006, "label": "D448 PR1+1006"}}, {"type": "Feature", "geometry": {"type": "Point", "coordinates": [6.77002721, 47.50988604]}, "properties": {"route": "D479", "pr": "1", "abs": 1002, "label": "D479 PR1+1002"}}, {"type": "Feature", "geometry": {"type": "Point", "coordinates": [6.93484418, 47.51017167]}, "properties": {"route": "D209", "pr": "1", "abs": 997, "label": "D209 PR1+997"}}, {"type": "Feature", "geometry": {"type": "Point", "coordinates": [6.91535014, 47.52054524]}, "properties": {"route": "D209", "pr": "3", "abs": 2943, "label": "D209 PR3+2943"}}, {"type": "Feature", "geometry": {"type": "Point", "coordinates": [6.76755637, 47.51627156]}, "properties": {"route": "D37", "pr": "2", "abs": 2007, "label": "D37 PR2+2007"}}, {"type": "Feature", "geometry": {"type": "Point", "coordinates": [6.86471548, 47.53380179]}, "properties": {"route": "D424", "pr": "3", "abs": 2882, "label": "D424 PR3+2882"}}, {"type": "Feature", "geometry": {"type": "Point", "coordinates": [6.86658005, 47.54235562]}, "properties": {"route": "D424", "pr": "2", "abs": 1866, "label": "D424 PR2+1866"}}, {"type": "Feature", "geometry": {"type": "Point", "coordinates": [6.86029454, 47.5434328]}, "properties": {"route": "D424", "pr": "1", "abs": 1037, "label": "D424 PR1+1037"}}, {"type": "Feature", "geometry": {"type": "Point", "coordinates": [6.84764896, 47.49660454]}, "properties": {"route": "D207", "pr": "2", "abs": 2025, "label": "D207 PR2+2025"}}, {"type": "Feature", "geometry": {"type": "Point", "coordinates": [6.81164112, 47.52649595]}, "properties": {"route": "D136B", "pr": "1", "abs": 910, "label": "D136B PR1+910"}}, {"type": "Feature", "geometry": {"type": "Point", "coordinates": [6.81749482, 47.48874997]}, "properties": {"route": "D34", "pr": "3", "abs": 2975, "label": "D34 PR3+2975"}}, {"type": "Feature", "geometry": {"type": "Point", "coordinates": [6.86040134, 47.46113835]}, "properties": {"route": "D34", "pr": "8", "abs": 6984, "label": "D34 PR8+6984"}}, {"type": "Feature", "geometry": {"type": "Point", "coordinates": [6.77291895, 47.49739296]}, "properties": {"route": "D663", "pr": "18", "abs": 17930, "label": "D663 PR18+17930"}}, {"type": "Feature", "geometry": {"type": "Point", "coordinates": [6.83559736, 47.53096276]}, "properties": {"route": "D474", "pr": "1", "abs": 1017, "label": "D474 PR1+1017"}}, {"type": "Feature", "geometry": {"type": "Point", "coordinates": [6.82382362, 47.52819019]}, "properties": {"route": "D474", "pr": "2", "abs": 2046, "label": "D474 PR2+2046"}}, {"type": "Feature", "geometry": {"type": "Point", "coordinates": [6.79372184, 47.45165643]}, "properties": {"route": "D437", "pr": "130", "abs": 129314, "label": "D437 PR130+129314"}}, {"type": "Feature", "geometry": {"type": "Point", "coordinates": [6.83896538, 47.49338273]}, "properties": {"route": "D437", "pr": "139", "abs": 138335, "label": "D437 PR139+138335"}}, {"type": "Feature", "geometry": {"type": "Point", "coordinates": [6.78593548, 47.4473112]}, "properties": {"route": "D437", "pr": "129", "abs": 128340, "label": "D437 PR129+128340"}}, {"type": "Feature", "geometry": {"type": "Point", "coordinates": [6.88296028, 47.53050675]}, "properties": {"route": "D278", "pr": "4", "abs": 3954, "label": "D278 PR4+3954"}}, {"type": "Feature", "geometry": {"type": "Point", "coordinates": [6.80818464, 47.53208196]}, "properties": {"route": "D390", "pr": "3", "abs": 1466, "label": "D390 PR3+1466"}}, {"type": "Feature", "geometry": {"type": "Point", "coordinates": [6.7969183, 47.52068194]}, "properties": {"route": "D390", "pr": "6", "abs": 4447, "label": "D390 PR6+4447"}}, {"type": "Feature", "geometry": {"type": "Point", "coordinates": [6.79804761, 47.5355445]}, "properties": {"route": "D390", "pr": "4", "abs": 2453, "label": "D390 PR4+2453"}}, {"type": "Feature", "geometry": {"type": "Point", "coordinates": [6.8514517, 47.45891508]}, "properties": {"route": "D38E2", "pr": "1", "abs": 958, "label": "D38E2 PR1+958"}}, {"type": "Feature", "geometry": {"type": "Point", "coordinates": [6.80713519, 47.52420647]}, "properties": {"route": "D623", "pr": "1", "abs": 963, "label": "D623 PR1+963"}}, {"type": "Feature", "geometry": {"type": "Point", "coordinates": [6.84783167, 47.44601361]}, "properties": {"route": "D35", "pr": "3", "abs": 2958, "label": "D35 PR3+2958"}}, {"type": "Feature", "geometry": {"type": "Point", "coordinates": [6.84492234, 47.43804542]}, "properties": {"route": "D35", "pr": "4", "abs": 3961, "label": "D35 PR4+3961"}}, {"type": "Feature", "geometry": {"type": "Point", "coordinates": [6.83708183, 47.46913411]}, "properties": {"route": "D38", "pr": "2", "abs": 1956, "label": "D38 PR2+1956"}}, {"type": "Feature", "geometry": {"type": "Point", "coordinates": [6.86387242, 47.52032127]}, "properties": {"route": "D61", "pr": "1", "abs": 898, "label": "D61 PR1+898"}}, {"type": "Feature", "geometry": {"type": "Point", "coordinates": [6.84074592, 47.47692428]}, "properties": {"route": "D437D", "pr": "0", "abs": 0, "label": "D437D PR0"}}, {"type": "Feature", "geometry": {"type": "Point", "coordinates": [7.00828282, 47.61002151]}, "properties": {"route": "D28", "pr": "FS", "abs": null, "label": "D28 PRFS"}}, {"type": "Feature", "geometry": {"type": "Point", "coordinates": [6.84581257, 47.67481791]}, "properties": {"route": "D5", "pr": "DS", "abs": null, "label": "D5 PRDS"}}, {"type": "Feature", "geometry": {"type": "Point", "coordinates": [6.84581257, 47.67481791]}, "properties": {"route": "D5", "pr": "FS", "abs": null, "label": "D5 PRFS"}}, {"type": "Feature", "geometry": {"type": "Point", "coordinates": [6.91728353, 47.64388866]}, "properties": {"route": "D1083", "pr": "FS", "abs": null, "label": "D1083 PRFS"}}, {"type": "Feature", "geometry": {"type": "Point", "coordinates": [6.84540306, 47.67476381]}, "properties": {"route": "D23", "pr": "FS", "abs": null, "label": "D23 PRFS"}}, {"type": "Feature", "geometry": {"type": "Point", "coordinates": [6.85658637, 47.61839743]}, "properties": {"route": "D47", "pr": "FS", "abs": null, "label": "D47 PRFS"}}, {"type": "Feature", "geometry": {"type": "Point", "coordinates": [6.9069592, 47.66161324]}, "properties": {"route": "D1083", "pr": "FS", "abs": null, "label": "D1083 PRFS"}}, {"type": "Feature", "geometry": {"type": "Point", "coordinates": [6.91525175, 47.64264286]}, "properties": {"route": "D1083", "pr": "FS", "abs": null, "label": "D1083 PRFS"}}, {"type": "Feature", "geometry": {"type": "Point", "coordinates": [6.92017363, 47.53130896]}, "properties": {"route": "D39", "pr": "FS", "abs": null, "label": "D39 PRFS"}}, {"type": "Feature", "geometry": {"type": "Point", "coordinates": [6.85649913, 47.61864724]}, "properties": {"route": "D47", "pr": "FS", "abs": null, "label": "D47 PRFS"}}, {"type": "Feature", "geometry": {"type": "Point", "coordinates": [6.90542319, 47.66054894]}, "properties": {"route": "D1083", "pr": "FS", "abs": null, "label": "D1083 PRFS"}}, {"type": "Feature", "geometry": {"type": "Point", "coordinates": [6.9174155, 47.64399688]}, "properties": {"route": "D1083", "pr": "FS", "abs": null, "label": "D1083 PRFS"}}, {"type": "Feature", "geometry": {"type": "Point", "coordinates": [6.89713523, 47.58284112]}, "properties": {"route": "D119", "pr": "DS", "abs": null, "label": "D119 PRDS"}}, {"type": "Feature", "geometry": {"type": "Point", "coordinates": [6.89713523, 47.58284112]}, "properties": {"route": "D119", "pr": "FS", "abs": null, "label": "D119 PRFS"}}, {"type": "Feature", "geometry": {"type": "Point", "coordinates": [6.91726309, 47.64264838]}, "properties": {"route": "D1083", "pr": "FS", "abs": null, "label": "D1083 PRFS"}}, {"type": "Feature", "geometry": {"type": "Point", "coordinates": [6.94622871, 47.54639612]}, "properties": {"route": "D19", "pr": "FS", "abs": null, "label": "D19 PRFS"}}, {"type": "Feature", "geometry": {"type": "Point", "coordinates": [6.87036942, 47.57790625]}, "properties": {"route": "D25", "pr": "FS", "abs": null, "label": "D25 PRFS"}}, {"type": "Feature", "geometry": {"type": "Point", "coordinates": [6.89932872, 47.57975501]}, "properties": {"route": "D119", "pr": "FS", "abs": null, "label": "D119 PRFS"}}, {"type": "Feature", "geometry": {"type": "Point", "coordinates": [6.91729177, 47.64454536]}, "properties": {"route": "D1083", "pr": "FS", "abs": null, "label": "D1083 PRFS"}}, {"type": "Feature", "geometry": {"type": "Point", "coordinates": [6.91703283, 47.64392501]}, "properties": {"route": "D1083", "pr": "FS", "abs": null, "label": "D1083 PRFS"}}, {"type": "Feature", "geometry": {"type": "Point", "coordinates": [6.98546976, 47.67845662]}, "properties": {"route": "D12", "pr": "FS", "abs": null, "label": "D12 PRFS"}}, {"type": "Feature", "geometry": {"type": "Point", "coordinates": [6.91304394, 47.60981461]}, "properties": {"route": "D25A", "pr": "FS", "abs": null, "label": "D25A PRFS"}}, {"type": "Feature", "geometry": {"type": "Point", "coordinates": [6.84046943, 47.62363488]}, "properties": {"route": "D47", "pr": "FS", "abs": null, "label": "D47 PRFS"}}, {"type": "Feature", "geometry": {"type": "Point", "coordinates": [6.89913966, 47.57990192]}, "properties": {"route": "D119", "pr": "FS", "abs": null, "label": "D119 PRFS"}}, {"type": "Feature", "geometry": {"type": "Point", "coordinates": [6.84873718, 47.80095139]}, "properties": {"route": "D59", "pr": "FS", "abs": null, "label": "D59 PRFS"}}, {"type": "Feature", "geometry": {"type": "Point", "coordinates": [6.85767954, 47.6205755]}, "properties": {"route": "D47A", "pr": "FS", "abs": null, "label": "D47A PRFS"}}, {"type": "Feature", "geometry": {"type": "Point", "coordinates": [6.99485602, 47.70187433]}, "properties": {"route": "D27", "pr": "FS", "abs": null, "label": "D27 PRFS"}}, {"type": "Feature", "geometry": {"type": "Point", "coordinates": [6.96884749, 47.73622817]}, "properties": {"route": "D2A", "pr": "FS", "abs": null, "label": "D2A PRFS"}}, {"type": "Feature", "geometry": {"type": "Point", "coordinates": [6.85919441, 47.58821326]}, "properties": {"route": "D437", "pr": "FS", "abs": null, "label": "D437 PRFS"}}, {"type": "Feature", "geometry": {"type": "Point", "coordinates": [6.87837807, 47.58612233]}, "properties": {"route": "D25", "pr": "FS", "abs": null, "label": "D25 PRFS"}}, {"type": "Feature", "geometry": {"type": "Point", "coordinates": [6.81354244, 47.68355972]}, "properties": {"route": "D24A", "pr": "FS", "abs": null, "label": "D24A PRFS"}}, {"type": "Feature", "geometry": {"type": "Point", "coordinates": [6.91741162, 47.64456116]}, "properties": {"route": "D1083", "pr": "FS", "abs": null, "label": "D1083 PRFS"}}, {"type": "Feature", "geometry": {"type": "Point", "coordinates": [6.95637668, 47.62187178]}, "properties": {"route": "D54", "pr": "FS", "abs": null, "label": "D54 PRFS"}}, {"type": "Feature", "geometry": {"type": "Point", "coordinates": [6.8578008, 47.58351006]}, "properties": {"route": "D45", "pr": "FS", "abs": null, "label": "D45 PRFS"}}, {"type": "Feature", "geometry": {"type": "Point", "coordinates": [6.93635567, 47.66917313]}, "properties": {"route": "D53", "pr": "FS", "abs": null, "label": "D53 PRFS"}}, {"type": "Feature", "geometry": {"type": "Point", "coordinates": [6.87803986, 47.63907526]}, "properties": {"route": "D583", "pr": "FS", "abs": null, "label": "D583 PRFS"}}, {"type": "Feature", "geometry": {"type": "Point", "coordinates": [6.84415622, 47.66500754]}, "properties": {"route": "D465A", "pr": "FS", "abs": null, "label": "D465A PRFS"}}, {"type": "Feature", "geometry": {"type": "Point", "coordinates": [7.01513085, 47.71160318]}, "properties": {"route": "D15", "pr": "FS", "abs": null, "label": "D15 PRFS"}}, {"type": "Feature", "geometry": {"type": "Point", "coordinates": [6.82814425, 47.73863099]}, "properties": {"route": "D14", "pr": "FS", "abs": null, "label": "D14 PRFS"}}, {"type": "Feature", "geometry": {"type": "Point", "coordinates": [6.95630709, 47.68850861]}, "properties": {"route": "D12A", "pr": "FS", "abs": null, "label": "D12A PRFS"}}, {"type": "Feature", "geometry": {"type": "Point", "coordinates": [6.97475141, 47.66994205]}, "properties": {"route": "D31", "pr": "FS", "abs": null, "label": "D31 PRFS"}}, {"type": "Feature", "geometry": {"type": "Point", "coordinates": [6.85113273, 47.63479779]}, "properties": {"route": "D483", "pr": "FS", "abs": null, "label": "D483 PRFS"}}, {"type": "Feature", "geometry": {"type": "Point", "coordinates": [6.86252263, 47.62194642]}, "properties": {"route": "D47B", "pr": "FS", "abs": null, "label": "D47B PRFS"}}, {"type": "Feature", "geometry": {"type": "Point", "coordinates": [7.01694443, 47.59461994]}, "properties": {"route": "D35", "pr": "FS", "abs": null, "label": "D35 PRFS"}}, {"type": "Feature", "geometry": {"type": "Point", "coordinates": [6.99331025, 47.67176849]}, "properties": {"route": "D31", "pr": "FS", "abs": null, "label": "D31 PRFS"}}, {"type": "Feature", "geometry": {"type": "Point", "coordinates": [7.00364781, 47.63416238]}, "properties": {"route": "D29", "pr": "FS", "abs": null, "label": "D29 PRFS"}}, {"type": "Feature", "geometry": {"type": "Point", "coordinates": [7.0348144, 47.66144311]}, "properties": {"route": "D1", "pr": "FS", "abs": null, "label": "D1 PRFS"}}, {"type": "Feature", "geometry": {"type": "Point", "coordinates": [6.98123822, 47.57417324]}, "properties": {"route": "D37", "pr": "FS", "abs": null, "label": "D37 PRFS"}}, {"type": "Feature", "geometry": {"type": "Point", "coordinates": [6.86716328, 47.61837002]}, "properties": {"route": "D47", "pr": "FS", "abs": null, "label": "D47 PRFS"}}, {"type": "Feature", "geometry": {"type": "Point", "coordinates": [6.95838453, 47.66017261]}, "properties": {"route": "D33", "pr": "FS", "abs": null, "label": "D33 PRFS"}}, {"type": "Feature", "geometry": {"type": "Point", "coordinates": [6.93676174, 47.66023932]}, "properties": {"route": "D46", "pr": "FS", "abs": null, "label": "D46 PRFS"}}, {"type": "Feature", "geometry": {"type": "Point", "coordinates": [6.9245188, 47.63051051]}, "properties": {"route": "D25", "pr": "FS", "abs": null, "label": "D25 PRFS"}}, {"type": "Feature", "geometry": {"type": "Point", "coordinates": [6.93072341, 47.46125856]}, "properties": {"route": "D50", "pr": "FS", "abs": null, "label": "D50 PRFS"}}, {"type": "Feature", "geometry": {"type": "Point", "coordinates": [6.95335084, 47.44760132]}, "properties": {"route": "D26", "pr": "FS", "abs": null, "label": "D26 PRFS"}}, {"type": "Feature", "geometry": {"type": "Point", "coordinates": [7.02017469, 47.65060657]}, "properties": {"route": "D27", "pr": "FS", "abs": null, "label": "D27 PRFS"}}, {"type": "Feature", "geometry": {"type": "Point", "coordinates": [7.03433019, 47.58891672]}, "properties": {"route": "D34", "pr": "FS", "abs": null, "label": "D34 PRFS"}}, {"type": "Feature", "geometry": {"type": "Point", "coordinates": [6.85015322, 47.72870811]}, "properties": {"route": "D24", "pr": "FS", "abs": null, "label": "D24 PRFS"}}, {"type": "Feature", "geometry": {"type": "Point", "coordinates": [7.07735422, 47.56586782]}, "properties": {"route": "D34", "pr": "FS", "abs": null, "label": "D34 PRFS"}}, {"type": "Feature", "geometry": {"type": "Point", "coordinates": [6.85697739, 47.56435251]}, "properties": {"route": "D25", "pr": "FS", "abs": null, "label": "D25 PRFS"}}, {"type": "Feature", "geometry": {"type": "Point", "coordinates": [6.93972597, 47.68088778]}, "properties": {"route": "D52", "pr": "FS", "abs": null, "label": "D52 PRFS"}}, {"type": "Feature", "geometry": {"type": "Point", "coordinates": [7.01247604, 47.50273912]}, "properties": {"route": "D19", "pr": "FS", "abs": null, "label": "D19 PRFS"}}, {"type": "Feature", "geometry": {"type": "Point", "coordinates": [7.01595937, 47.57411081]}, "properties": {"route": "D11", "pr": "FS", "abs": null, "label": "D11 PRFS"}}, {"type": "Feature", "geometry": {"type": "Point", "coordinates": [6.85449843, 47.63587534]}, "properties": {"route": "D419", "pr": "FS", "abs": null, "label": "D419 PRFS"}}, {"type": "Feature", "geometry": {"type": "Point", "coordinates": [7.0132575, 47.63322401]}, "properties": {"route": "D419", "pr": "FS", "abs": null, "label": "D419 PRFS"}}, {"type": "Feature", "geometry": {"type": "Point", "coordinates": [6.83808808, 47.63633405]}, "properties": {"route": "D19", "pr": "FS", "abs": null, "label": "D19 PRFS"}}, {"type": "Feature", "geometry": {"type": "Point", "coordinates": [7.10926092, 47.52470982]}, "properties": {"route": "D13", "pr": "FS", "abs": null, "label": "D13 PRFS"}}, {"type": "Feature", "geometry": {"type": "Point", "coordinates": [7.10866379, 47.5100899]}, "properties": {"route": "D20", "pr": "FS", "abs": null, "label": "D20 PRFS"}}, {"type": "Feature", "geometry": {"type": "Point", "coordinates": [6.96559746, 47.53973426]}, "properties": {"route": "D36", "pr": "FS", "abs": null, "label": "D36 PRFS"}}, {"type": "Feature", "geometry": {"type": "Point", "coordinates": [7.00401498, 47.67011145]}, "properties": {"route": "D60", "pr": "FS", "abs": null, "label": "D60 PRFS"}}, {"type": "Feature", "geometry": {"type": "Point", "coordinates": [6.95838917, 47.69942917]}, "properties": {"route": "D27", "pr": "FS", "abs": null, "label": "D27 PRFS"}}, {"type": "Feature", "geometry": {"type": "Point", "coordinates": [7.0071607, 47.72200548]}, "properties": {"route": "D15", "pr": "FS", "abs": null, "label": "D15 PRFS"}}, {"type": "Feature", "geometry": {"type": "Point", "coordinates": [6.89083507, 47.58609671]}, "properties": {"route": "D19", "pr": "FS", "abs": null, "label": "D19 PRFS"}}, {"type": "Feature", "geometry": {"type": "Point", "coordinates": [6.84975502, 47.6193142]}, "properties": {"route": "D61", "pr": "FS", "abs": null, "label": "D61 PRFS"}}, {"type": "Feature", "geometry": {"type": "Point", "coordinates": [6.98700508, 47.64591921]}, "properties": {"route": "D11", "pr": "FS", "abs": null, "label": "D11 PRFS"}}, {"type": "Feature", "geometry": {"type": "Point", "coordinates": [7.01334679, 47.71076952]}, "properties": {"route": "D11", "pr": "FS", "abs": null, "label": "D11 PRFS"}}, {"type": "Feature", "geometry": {"type": "Point", "coordinates": [6.91414039, 47.66663214]}, "properties": {"route": "D22", "pr": "FS", "abs": null, "label": "D22 PRFS"}}, {"type": "Feature", "geometry": {"type": "Point", "coordinates": [6.84562082, 47.67493417]}, "properties": {"route": "D23", "pr": "FS", "abs": null, "label": "D23 PRFS"}}, {"type": "Feature", "geometry": {"type": "Point", "coordinates": [6.89704843, 47.58325768]}, "properties": {"route": "D119", "pr": "FS", "abs": null, "label": "D119 PRFS"}}, {"type": "Feature", "geometry": {"type": "Point", "coordinates": [7.01237176, 47.56002814]}, "properties": {"route": "D36", "pr": "FS", "abs": null, "label": "D36 PRFS"}}, {"type": "Feature", "geometry": {"type": "Point", "coordinates": [6.86930673, 47.66061923]}, "properties": {"route": "D7", "pr": "FS", "abs": null, "label": "D7 PRFS"}}, {"type": "Feature", "geometry": {"type": "Point", "coordinates": [7.03505509, 47.52073711]}, "properties": {"route": "D26", "pr": "FS", "abs": null, "label": "D26 PRFS"}}, {"type": "Feature", "geometry": {"type": "Point", "coordinates": [6.85970684, 47.61300341]}, "properties": {"route": "D10", "pr": "FS", "abs": null, "label": "D10 PRFS"}}, {"type": "Feature", "geometry": {"type": "Point", "coordinates": [6.82865392, 47.74198355]}, "properties": {"route": "D14", "pr": "FS", "abs": null, "label": "D14 PRFS"}}, {"type": "Feature", "geometry": {"type": "Point", "coordinates": [7.12224341, 47.54497632]}, "properties": {"route": "D21", "pr": "FS", "abs": null, "label": "D21 PRFS"}}, {"type": "Feature", "geometry": {"type": "Point", "coordinates": [6.86182276, 47.64280572]}, "properties": {"route": "D13", "pr": "FS", "abs": null, "label": "D13 PRFS"}}, {"type": "Feature", "geometry": {"type": "Point", "coordinates": [6.96765191, 47.69044274]}, "properties": {"route": "D12", "pr": "FS", "abs": null, "label": "D12 PRFS"}}, {"type": "Feature", "geometry": {"type": "Point", "coordinates": [7.03612577, 47.72068742]}, "properties": {"route": "D83", "pr": "FS", "abs": null, "label": "D83 PRFS"}}, {"type": "Feature", "geometry": {"type": "Point", "coordinates": [7.06742209, 47.51118089]}, "properties": {"route": "D43", "pr": "FS", "abs": null, "label": "D43 PRFS"}}, {"type": "Feature", "geometry": {"type": "Point", "coordinates": [6.83305707, 47.62015134]}, "properties": {"route": "D47", "pr": "FS", "abs": null, "label": "D47 PRFS"}}, {"type": "Feature", "geometry": {"type": "Point", "coordinates": [6.87068091, 47.57799594]}, "properties": {"route": "D25", "pr": "FS", "abs": null, "label": "D25 PRFS"}}, {"type": "Feature", "geometry": {"type": "Point", "coordinates": [7.06794213, 47.51551444]}, "properties": {"route": "D21", "pr": "FS", "abs": null, "label": "D21 PRFS"}}, {"type": "Feature", "geometry": {"type": "Point", "coordinates": [6.78191967, 47.73319995]}, "properties": {"route": "D13", "pr": "FS", "abs": null, "label": "D13 PRFS"}}, {"type": "Feature", "geometry": {"type": "Point", "coordinates": [6.98637935, 47.67545334]}, "properties": {"route": "D60", "pr": "FS", "abs": null, "label": "D60 PRFS"}}, {"type": "Feature", "geometry": {"type": "Point", "coordinates": [7.06680663, 47.59969683]}, "properties": {"route": "D38", "pr": "FS", "abs": null, "label": "D38 PRFS"}}, {"type": "Feature", "geometry": {"type": "Point", "coordinates": [6.97232441, 47.50647644]}, "properties": {"route": "D463", "pr": "FS", "abs": null, "label": "D463 PRFS"}}, {"type": "Feature", "geometry": {"type": "Point", "coordinates": [6.90311804, 47.65874432]}, "properties": {"route": "D1083", "pr": "FS", "abs": null, "label": "D1083 PRFS"}}, {"type": "Feature", "geometry": {"type": "Point", "coordinates": [6.83774018, 47.66657115]}, "properties": {"route": "D24", "pr": "FS", "abs": null, "label": "D24 PRFS"}}, {"type": "Feature", "geometry": {"type": "Point", "coordinates": [7.02786986, 47.66981939]}, "properties": {"route": "D27", "pr": "FS", "abs": null, "label": "D27 PRFS"}}, {"type": "Feature", "geometry": {"type": "Point", "coordinates": [6.99633453, 47.59491516]}, "properties": {"route": "D35", "pr": "FS", "abs": null, "label": "D35 PRFS"}}, {"type": "Feature", "geometry": {"type": "Point", "coordinates": [6.92565687, 47.48507303]}, "properties": {"route": "D39", "pr": "FS", "abs": null, "label": "D39 PRFS"}}, {"type": "Feature", "geometry": {"type": "Point", "coordinates": [7.00366488, 47.50713623]}, "properties": {"route": "D463", "pr": "FS", "abs": null, "label": "D463 PRFS"}}, {"type": "Feature", "geometry": {"type": "Point", "coordinates": [6.93544852, 47.6466627]}, "properties": {"route": "D25", "pr": "FS", "abs": null, "label": "D25 PRFS"}}, {"type": "Feature", "geometry": {"type": "Point", "coordinates": [7.00013953, 47.61206478]}, "properties": {"route": "D28", "pr": "FS", "abs": null, "label": "D28 PRFS"}}, {"type": "Feature", "geometry": {"type": "Point", "coordinates": [7.08308457, 47.55870891]}, "properties": {"route": "D26", "pr": "FS", "abs": null, "label": "D26 PRFS"}}, {"type": "Feature", "geometry": {"type": "Point", "coordinates": [6.9137833, 47.76235807]}, "properties": {"route": "D55", "pr": "FS", "abs": null, "label": "D55 PRFS"}}, {"type": "Feature", "geometry": {"type": "Point", "coordinates": [6.85778865, 47.63752935]}, "properties": {"route": "D465", "pr": "FS", "abs": null, "label": "D465 PRFS"}}, {"type": "Feature", "geometry": {"type": "Point", "coordinates": [7.10071497, 47.53846113]}, "properties": {"route": "D21", "pr": "FS", "abs": null, "label": "D21 PRFS"}}, {"type": "Feature", "geometry": {"type": "Point", "coordinates": [6.95403844, 47.50587849]}, "properties": {"route": "D36", "pr": "FS", "abs": null, "label": "D36 PRFS"}}, {"type": "Feature", "geometry": {"type": "Point", "coordinates": [6.92772246, 47.48312778]}, "properties": {"route": "D57", "pr": "FS", "abs": null, "label": "D57 PRFS"}}, {"type": "Feature", "geometry": {"type": "Point", "coordinates": [6.93375306, 47.54988041]}, "properties": {"route": "D23", "pr": "FS", "abs": null, "label": "D23 PRFS"}}, {"type": "Feature", "geometry": {"type": "Point", "coordinates": [6.96022625, 47.68986193]}, "properties": {"route": "D25", "pr": "FS", "abs": null, "label": "D25 PRFS"}}, {"type": "Feature", "geometry": {"type": "Point", "coordinates": [6.95592063, 47.59161899]}, "properties": {"route": "D29", "pr": "FS", "abs": null, "label": "D29 PRFS"}}, {"type": "Feature", "geometry": {"type": "Point", "coordinates": [6.81662457, 47.66024857]}, "properties": {"route": "D4", "pr": "FS", "abs": null, "label": "D4 PRFS"}}, {"type": "Feature", "geometry": {"type": "Point", "coordinates": [6.96015782, 47.49734168]}, "properties": {"route": "D42", "pr": "FS", "abs": null, "label": "D42 PRFS"}}, {"type": "Feature", "geometry": {"type": "Point", "coordinates": [6.85885909, 47.58630211]}, "properties": {"route": "D437", "pr": "FS", "abs": null, "label": "D437 PRFS"}}, {"type": "Feature", "geometry": {"type": "Point", "coordinates": [7.00003827, 47.66142906]}, "properties": {"route": "D22", "pr": "FS", "abs": null, "label": "D22 PRFS"}}, {"type": "Feature", "geometry": {"type": "Point", "coordinates": [6.77780407, 47.61571717]}, "properties": {"route": "D17", "pr": "FS", "abs": null, "label": "D17 PRFS"}}, {"type": "Feature", "geometry": {"type": "Point", "coordinates": [7.04745242, 47.6826677]}, "properties": {"route": "D32", "pr": "FS", "abs": null, "label": "D32 PRFS"}}, {"type": "Feature", "geometry": {"type": "Point", "coordinates": [6.82684229, 47.7413688]}, "properties": {"route": "D12", "pr": "FS", "abs": null, "label": "D12 PRFS"}}, {"type": "Feature", "geometry": {"type": "Point", "coordinates": [6.98351256, 47.69716873]}, "properties": {"route": "D27", "pr": "FS", "abs": null, "label": "D27 PRFS"}}, {"type": "Feature", "geometry": {"type": "Point", "coordinates": [6.78075018, 47.68158685]}, "properties": {"route": "D56", "pr": "FS", "abs": null, "label": "D56 PRFS"}}, {"type": "Feature", "geometry": {"type": "Point", "coordinates": [6.90751163, 47.52592129]}, "properties": {"route": "D23", "pr": "FS", "abs": null, "label": "D23 PRFS"}}, {"type": "Feature", "geometry": {"type": "Point", "coordinates": [6.8384863, 47.68735946]}, "properties": {"route": "D5", "pr": "FS", "abs": null, "label": "D5 PRFS"}}, {"type": "Feature", "geometry": {"type": "Point", "coordinates": [7.0433156, 47.68059926]}, "properties": {"route": "D31", "pr": "FS", "abs": null, "label": "D31 PRFS"}}, {"type": "Feature", "geometry": {"type": "Point", "coordinates": [7.00572129, 47.63510425]}, "properties": {"route": "D29", "pr": "FS", "abs": null, "label": "D29 PRFS"}}, {"type": "Feature", "geometry": {"type": "Point", "coordinates": [7.00160659, 47.52511331]}, "properties": {"route": "D3", "pr": "FS", "abs": null, "label": "D3 PRFS"}}, {"type": "Feature", "geometry": {"type": "Point", "coordinates": [6.93787229, 47.74895614]}, "properties": {"route": "D51", "pr": "FS", "abs": null, "label": "D51 PRFS"}}, {"type": "Feature", "geometry": {"type": "Point", "coordinates": [6.99655835, 47.50606085]}, "properties": {"route": "D26", "pr": "FS", "abs": null, "label": "D26 PRFS"}}, {"type": "Feature", "geometry": {"type": "Point", "coordinates": [6.99955648, 47.57488196]}, "properties": {"route": "D41", "pr": "FS", "abs": null, "label": "D41 PRFS"}}, {"type": "Feature", "geometry": {"type": "Point", "coordinates": [6.83226268, 47.72172998]}, "properties": {"route": "D465", "pr": "FS", "abs": null, "label": "D465 PRFS"}}, {"type": "Feature", "geometry": {"type": "Point", "coordinates": [6.839243, 47.58868611]}, "properties": {"route": "D9", "pr": "FS", "abs": null, "label": "D9 PRFS"}}, {"type": "Feature", "geometry": {"type": "Point", "coordinates": [7.02427854, 47.68412074]}, "properties": {"route": "D31", "pr": "FS", "abs": null, "label": "D31 PRFS"}}, {"type": "Feature", "geometry": {"type": "Point", "coordinates": [6.97480691, 47.57839791]}, "properties": {"route": "D35", "pr": "FS", "abs": null, "label": "D35 PRFS"}}, {"type": "Feature", "geometry": {"type": "Point", "coordinates": [6.87634178, 47.69574404]}, "properties": {"route": "D58", "pr": "FS", "abs": null, "label": "D58 PRFS"}}, {"type": "Feature", "geometry": {"type": "Point", "coordinates": [6.75665602, 47.72487636]}, "properties": {"route": "D12", "pr": "FS", "abs": null, "label": "D12 PRFS"}}, {"type": "Feature", "geometry": {"type": "Point", "coordinates": [6.97606806, 47.61380416]}, "properties": {"route": "D29", "pr": "FS", "abs": null, "label": "D29 PRFS"}}, {"type": "Feature", "geometry": {"type": "Point", "coordinates": [6.80349716, 47.60632335]}, "properties": {"route": "D30", "pr": "FS", "abs": null, "label": "D30 PRFS"}}, {"type": "Feature", "geometry": {"type": "Point", "coordinates": [6.91794624, 47.56354493]}, "properties": {"route": "D29", "pr": "FS", "abs": null, "label": "D29 PRFS"}}, {"type": "Feature", "geometry": {"type": "Point", "coordinates": [6.94316197, 47.67010071]}, "properties": {"route": "D25", "pr": "FS", "abs": null, "label": "D25 PRFS"}}, {"type": "Feature", "geometry": {"type": "Point", "coordinates": [6.99508274, 47.74623945]}, "properties": {"route": "D2", "pr": "FS", "abs": null, "label": "D2 PRFS"}}, {"type": "Feature", "geometry": {"type": "Point", "coordinates": [6.83612899, 47.71272623]}, "properties": {"route": "D24", "pr": "FS", "abs": null, "label": "D24 PRFS"}}, {"type": "Feature", "geometry": {"type": "Point", "coordinates": [6.80565981, 47.59655182]}, "properties": {"route": "D18", "pr": "FS", "abs": null, "label": "D18 PRFS"}}, {"type": "Feature", "geometry": {"type": "Point", "coordinates": [6.99909829, 47.59333784]}, "properties": {"route": "D41", "pr": "FS", "abs": null, "label": "D41 PRFS"}}, {"type": "Feature", "geometry": {"type": "Point", "coordinates": [6.96733703, 47.73555306]}, "properties": {"route": "D25", "pr": "FS", "abs": null, "label": "D25 PRFS"}}, {"type": "Feature", "geometry": {"type": "Point", "coordinates": [6.89511742, 47.62033853]}, "properties": {"route": "D47", "pr": "FS", "abs": null, "label": "D47 PRFS"}}, {"type": "Feature", "geometry": {"type": "Point", "coordinates": [6.98664374, 47.6755092]}, "properties": {"route": "D12", "pr": "FS", "abs": null, "label": "D12 PRFS"}}, {"type": "Feature", "geometry": {"type": "Point", "coordinates": [6.91429282, 47.60821812]}, "properties": {"route": "D25", "pr": "FS", "abs": null, "label": "D25 PRFS"}}, {"type": "Feature", "geometry": {"type": "Point", "coordinates": [6.79530347, 47.73934977]}, "properties": {"route": "D48", "pr": "FS", "abs": null, "label": "D48 PRFS"}}, {"type": "Feature", "geometry": {"type": "Point", "coordinates": [6.79041333, 47.64815478]}, "properties": {"route": "D8", "pr": "FS", "abs": null, "label": "D8 PRFS"}}, {"type": "Feature", "geometry": {"type": "Point", "coordinates": [6.937895, 47.57523967]}, "properties": {"route": "D29", "pr": "FS", "abs": null, "label": "D29 PRFS"}}, {"type": "Feature", "geometry": {"type": "Point", "coordinates": [6.91231735, 47.48300402]}, "properties": {"route": "D40", "pr": "FS", "abs": null, "label": "D40 PRFS"}}, {"type": "Feature", "geometry": {"type": "Point", "coordinates": [7.02056066, 47.6514621]}, "properties": {"route": "D49", "pr": "FS", "abs": null, "label": "D49 PRFS"}}, {"type": "Feature", "geometry": {"type": "Point", "coordinates": [7.01397606, 47.5724261]}, "properties": {"route": "D13", "pr": "FS", "abs": null, "label": "D13 PRFS"}}, {"type": "Feature", "geometry": {"type": "Point", "coordinates": [6.8349193, 47.6940008]}, "properties": {"route": "D13", "pr": "FS", "abs": null, "label": "D13 PRFS"}}, {"type": "Feature", "geometry": {"type": "Point", "coordinates": [6.79842521, 47.64066639]}, "properties": {"route": "D16", "pr": "FS", "abs": null, "label": "D16 PRFS"}}, {"type": "Feature", "geometry": {"type": "Point", "coordinates": [6.96034318, 47.66457625]}, "properties": {"route": "D31", "pr": "FS", "abs": null, "label": "D31 PRFS"}}, {"type": "Feature", "geometry": {"type": "Point", "coordinates": [6.90553596, 47.5706945]}, "properties": {"route": "D119", "pr": "FS", "abs": null, "label": "D119 PRFS"}}, {"type": "Feature", "geometry": {"type": "Point", "coordinates": [7.00383264, 47.60879537]}, "properties": {"route": "D28", "pr": "DS", "abs": null, "label": "D28 PRDS"}}, {"type": "Feature", "geometry": {"type": "Point", "coordinates": [6.84581257, 47.67481791]}, "properties": {"route": "D5", "pr": "DS", "abs": null, "label": "D5 PRDS"}}, {"type": "Feature", "geometry": {"type": "Point", "coordinates": [6.91745821, 47.64281757]}, "properties": {"route": "D1083", "pr": "DS", "abs": null, "label": "D1083 PRDS"}}, {"type": "Feature", "geometry": {"type": "Point", "coordinates": [6.84386649, 47.67334641]}, "properties": {"route": "D23", "pr": "DS", "abs": null, "label": "D23 PRDS"}}, {"type": "Feature", "geometry": {"type": "Point", "coordinates": [6.85934529, 47.61786194]}, "properties": {"route": "D47", "pr": "DS", "abs": null, "label": "D47 PRDS"}}, {"type": "Feature", "geometry": {"type": "Point", "coordinates": [6.90542801, 47.66148872]}, "properties": {"route": "D1083", "pr": "DS", "abs": null, "label": "D1083 PRDS"}}, {"type": "Feature", "geometry": {"type": "Point", "coordinates": [6.91720181, 47.64255852]}, "properties": {"route": "D1083", "pr": "DS", "abs": null, "label": "D1083 PRDS"}}, {"type": "Feature", "geometry": {"type": "Point", "coordinates": [6.91634359, 47.52355359]}, "properties": {"route": "D39", "pr": "DS", "abs": null, "label": "D39 PRDS"}}, {"type": "Feature", "geometry": {"type": "Point", "coordinates": [6.85658637, 47.61839743]}, "properties": {"route": "D47", "pr": "FS", "abs": null, "label": "D47 PRFS"}}, {"type": "Feature", "geometry": {"type": "Point", "coordinates": [6.85658637, 47.61839743]}, "properties": {"route": "D47", "pr": "DS", "abs": null, "label": "D47 PRDS"}}, {"type": "Feature", "geometry": {"type": "Point", "coordinates": [6.90774008, 47.66185657]}, "properties": {"route": "D1083", "pr": "DS", "abs": null, "label": "D1083 PRDS"}}, {"type": "Feature", "geometry": {"type": "Point", "coordinates": [6.91758091, 47.64348936]}, "properties": {"route": "D1083", "pr": "DS", "abs": null, "label": "D1083 PRDS"}}, {"type": "Feature", "geometry": {"type": "Point", "coordinates": [6.89713523, 47.58284112]}, "properties": {"route": "D119", "pr": "DS", "abs": null, "label": "D119 PRDS"}}, {"type": "Feature", "geometry": {"type": "Point", "coordinates": [6.917323, 47.64253823]}, "properties": {"route": "D1083", "pr": "DS", "abs": null, "label": "D1083 PRDS"}}, {"type": "Feature", "geometry": {"type": "Point", "coordinates": [6.94767663, 47.54527457]}, "properties": {"route": "D19", "pr": "DS", "abs": null, "label": "D19 PRDS"}}, {"type": "Feature", "geometry": {"type": "Point", "coordinates": [6.87068091, 47.57799594]}, "properties": {"route": "D25", "pr": "FS", "abs": null, "label": "D25 PRFS"}}, {"type": "Feature", "geometry": {"type": "Point", "coordinates": [6.87068091, 47.57799594]}, "properties": {"route": "D25", "pr": "DS", "abs": null, "label": "D25 PRDS"}}, {"type": "Feature", "geometry": {"type": "Point", "coordinates": [6.89913966, 47.57990192]}, "properties": {"route": "D119", "pr": "FS", "abs": null, "label": "D119 PRFS"}}, {"type": "Feature", "geometry": {"type": "Point", "coordinates": [6.89913966, 47.57990192]}, "properties": {"route": "D119", "pr": "DS", "abs": null, "label": "D119 PRDS"}}, {"type": "Feature", "geometry": {"type": "Point", "coordinates": [6.91721504, 47.64411806]}, "properties": {"route": "D1083", "pr": "DS", "abs": null, "label": "D1083 PRDS"}}, {"type": "Feature", "geometry": {"type": "Point", "coordinates": [6.91579893, 47.64288495]}, "properties": {"route": "D1083", "pr": "DS", "abs": null, "label": "D1083 PRDS"}}, {"type": "Feature", "geometry": {"type": "Point", "coordinates": [6.98646262, 47.67588849]}, "properties": {"route": "D12", "pr": "DS", "abs": null, "label": "D12 PRDS"}}, {"type": "Feature", "geometry": {"type": "Point", "coordinates": [6.91272791, 47.60943048]}, "properties": {"route": "D25A", "pr": "DS", "abs": null, "label": "D25A PRDS"}}, {"type": "Feature", "geometry": {"type": "Point", "coordinates": [6.90553596, 47.5706945]}, "properties": {"route": "D19", "pr": "DS", "abs": 2964, "label": "D19 PRDS+2964"}}, {"type": "Feature", "geometry": {"type": "Point", "coordinates": [6.85942011, 47.60014121]}, "properties": {"route": "D9", "pr": "DS", "abs": null, "label": "D9 PRDS"}}, {"type": "Feature", "geometry": {"type": "Point", "coordinates": [6.9924443, 47.52394508]}, "properties": {"route": "D44", "pr": "DS", "abs": null, "label": "D44 PRDS"}}, {"type": "Feature", "geometry": {"type": "Point", "coordinates": [6.85649913, 47.61864724]}, "properties": {"route": "D47A", "pr": "DS", "abs": null, "label": "D47A PRDS"}}, {"type": "Feature", "geometry": {"type": "Point", "coordinates": [7.0141881, 47.69608662]}, "properties": {"route": "D27", "pr": "DS", "abs": null, "label": "D27 PRDS"}}, {"type": "Feature", "geometry": {"type": "Point", "coordinates": [6.85923239, 47.58652767]}, "properties": {"route": "D437", "pr": "DS", "abs": null, "label": "D437 PRDS"}}, {"type": "Feature", "geometry": {"type": "Point", "coordinates": [6.92421703, 47.48596248]}, "properties": {"route": "D39A", "pr": "DS", "abs": null, "label": "D39A PRDS"}}, {"type": "Feature", "geometry": {"type": "Point", "coordinates": [6.81086645, 47.68295677]}, "properties": {"route": "D24A", "pr": "DS", "abs": null, "label": "D24A PRDS"}}, {"type": "Feature", "geometry": {"type": "Point", "coordinates": [6.91737799, 47.64243365]}, "properties": {"route": "D1083", "pr": "DS", "abs": null, "label": "D1083 PRDS"}}, {"type": "Feature", "geometry": {"type": "Point", "coordinates": [6.95584663, 47.61815773]}, "properties": {"route": "D54", "pr": "DS", "abs": null, "label": "D54 PRDS"}}, {"type": "Feature", "geometry": {"type": "Point", "coordinates": [6.85391322, 47.58028795]}, "properties": {"route": "D45", "pr": "DS", "abs": null, "label": "D45 PRDS"}}, {"type": "Feature", "geometry": {"type": "Point", "coordinates": [6.86798125, 47.64016596]}, "properties": {"route": "D583", "pr": "DS", "abs": null, "label": "D583 PRDS"}}, {"type": "Feature", "geometry": {"type": "Point", "coordinates": [6.84858878, 47.80278097]}, "properties": {"route": "D466", "pr": "DS", "abs": null, "label": "D466 PRDS"}}, {"type": "Feature", "geometry": {"type": "Point", "coordinates": [7.0283314, 47.70649593]}, "properties": {"route": "D15", "pr": "DS", "abs": null, "label": "D15 PRDS"}}, {"type": "Feature", "geometry": {"type": "Point", "coordinates": [6.83522894, 47.73732477]}, "properties": {"route": "D14", "pr": "DS", "abs": null, "label": "D14 PRDS"}}, {"type": "Feature", "geometry": {"type": "Point", "coordinates": [6.95257759, 47.68765792]}, "properties": {"route": "D12A", "pr": "DS", "abs": null, "label": "D12A PRDS"}}, {"type": "Feature", "geometry": {"type": "Point", "coordinates": [6.97219786, 47.66661508]}, "properties": {"route": "D31", "pr": "DS", "abs": null, "label": "D31 PRDS"}}, {"type": "Feature", "geometry": {"type": "Point", "coordinates": [7.00078689, 47.59327361]}, "properties": {"route": "D35", "pr": "DS", "abs": null, "label": "D35 PRDS"}}, {"type": "Feature", "geometry": {"type": "Point", "coordinates": [6.98066122, 47.66993005]}, "properties": {"route": "D31", "pr": "DS", "abs": null, "label": "D31 PRDS"}}, {"type": "Feature", "geometry": {"type": "Point", "coordinates": [6.99538143, 47.62792235]}, "properties": {"route": "D29", "pr": "DS", "abs": null, "label": "D29 PRDS"}}, {"type": "Feature", "geometry": {"type": "Point", "coordinates": [6.85867271, 47.63780653]}, "properties": {"route": "D483", "pr": "DS", "abs": null, "label": "D483 PRDS"}}, {"type": "Feature", "geometry": {"type": "Point", "coordinates": [6.97251737, 47.67210077]}, "properties": {"route": "D60A", "pr": "DS", "abs": null, "label": "D60A PRDS"}}, {"type": "Feature", "geometry": {"type": "Point", "coordinates": [7.02888122, 47.66050065]}, "properties": {"route": "D1", "pr": "DS", "abs": null, "label": "D1 PRDS"}}, {"type": "Feature", "geometry": {"type": "Point", "coordinates": [6.97296801, 47.57641832]}, "properties": {"route": "D37", "pr": "DS", "abs": null, "label": "D37 PRDS"}}, {"type": "Feature", "geometry": {"type": "Point", "coordinates": [6.85964586, 47.61577116]}, "properties": {"route": "D47", "pr": "DS", "abs": null, "label": "D47 PRDS"}}, {"type": "Feature", "geometry": {"type": "Point", "coordinates": [7.00946035, 47.66067967]}, "properties": {"route": "D11A", "pr": "DS", "abs": null, "label": "D11A PRDS"}}, {"type": "Feature", "geometry": {"type": "Point", "coordinates": [6.9006111, 47.6561849]}, "properties": {"route": "D46", "pr": "DS", "abs": null, "label": "D46 PRDS"}}, {"type": "Feature", "geometry": {"type": "Point", "coordinates": [6.91231499, 47.60977868]}, "properties": {"route": "D25", "pr": "DS", "abs": null, "label": "D25 PRDS"}}, {"type": "Feature", "geometry": {"type": "Point", "coordinates": [7.02655376, 47.66161917]}, "properties": {"route": "D27", "pr": "DS", "abs": null, "label": "D27 PRDS"}}, {"type": "Feature", "geometry": {"type": "Point", "coordinates": [6.88989854, 47.7655533]}, "properties": {"route": "D24", "pr": "DS", "abs": null, "label": "D24 PRDS"}}, {"type": "Feature", "geometry": {"type": "Point", "coordinates": [7.0471523, 47.59285638]}, "properties": {"route": "D34", "pr": "DS", "abs": null, "label": "D34 PRDS"}}, {"type": "Feature", "geometry": {"type": "Point", "coordinates": [7.10936017, 47.52470272]}, "properties": {"route": "D13", "pr": "DS", "abs": null, "label": "D13 PRDS"}}, {"type": "Feature", "geometry": {"type": "Point", "coordinates": [6.99137223, 47.63700445]}, "properties": {"route": "D11", "pr": "DS", "abs": null, "label": "D11 PRDS"}}, {"type": "Feature", "geometry": {"type": "Point", "coordinates": [6.83827286, 47.63638204]}, "properties": {"route": "D419", "pr": "DS", "abs": null, "label": "D419 PRDS"}}, {"type": "Feature", "geometry": {"type": "Point", "coordinates": [6.85778865, 47.63752935]}, "properties": {"route": "D419", "pr": "DS", "abs": null, "label": "D419 PRDS"}}, {"type": "Feature", "geometry": {"type": "Point", "coordinates": [6.85512938, 47.6613314]}, "properties": {"route": "D5", "pr": "DS", "abs": null, "label": "D5 PRDS"}}, {"type": "Feature", "geometry": {"type": "Point", "coordinates": [7.01412459, 47.57232905]}, "properties": {"route": "D13", "pr": "DS", "abs": null, "label": "D13 PRDS"}}, {"type": "Feature", "geometry": {"type": "Point", "coordinates": [6.95410623, 47.50618353]}, "properties": {"route": "D36", "pr": "DS", "abs": null, "label": "D36 PRDS"}}, {"type": "Feature", "geometry": {"type": "Point", "coordinates": [6.99657989, 47.6454278]}, "properties": {"route": "D60", "pr": "DS", "abs": null, "label": "D60 PRDS"}}, {"type": "Feature", "geometry": {"type": "Point", "coordinates": [6.9327938, 47.70097997]}, "properties": {"route": "D27", "pr": "DS", "abs": null, "label": "D27 PRDS"}}, {"type": "Feature", "geometry": {"type": "Point", "coordinates": [6.96903382, 47.7333885]}, "properties": {"route": "D15", "pr": "DS", "abs": null, "label": "D15 PRDS"}}, {"type": "Feature", "geometry": {"type": "Point", "coordinates": [7.01133121, 47.70964458]}, "properties": {"route": "D11", "pr": "DS", "abs": null, "label": "D11 PRDS"}}, {"type": "Feature", "geometry": {"type": "Point", "coordinates": [7.00238064, 47.5234914]}, "properties": {"route": "D463", "pr": "DS", "abs": null, "label": "D463 PRDS"}}, {"type": "Feature", "geometry": {"type": "Point", "coordinates": [6.87730434, 47.58443402]}, "properties": {"route": "D119", "pr": "DS", "abs": null, "label": "D119 PRDS"}}, {"type": "Feature", "geometry": {"type": "Point", "coordinates": [6.98070305, 47.53659279]}, "properties": {"route": "D36", "pr": "DS", "abs": null, "label": "D36 PRDS"}}, {"type": "Feature", "geometry": {"type": "Point", "coordinates": [6.87115447, 47.68909154]}, "properties": {"route": "D7", "pr": "DS", "abs": null, "label": "D7 PRDS"}}, {"type": "Feature", "geometry": {"type": "Point", "coordinates": [7.00296392, 47.50836268]}, "properties": {"route": "D26", "pr": "DS", "abs": null, "label": "D26 PRDS"}}, {"type": "Feature", "geometry": {"type": "Point", "coordinates": [7.10052102, 47.53969741]}, "properties": {"route": "D21", "pr": "DS", "abs": null, "label": "D21 PRDS"}}, {"type": "Feature", "geometry": {"type": "Point", "coordinates": [6.84259561, 47.66650884]}, "properties": {"route": "D13", "pr": "DS", "abs": null, "label": "D13 PRDS"}}, {"type": "Feature", "geometry": {"type": "Point", "coordinates": [6.98510847, 47.67869335]}, "properties": {"route": "D12", "pr": "DS", "abs": null, "label": "D12 PRDS"}}, {"type": "Feature", "geometry": {"type": "Point", "coordinates": [7.07974823, 47.56474662]}, "properties": {"route": "D26", "pr": "DS", "abs": null, "label": "D26 PRDS"}}, {"type": "Feature", "geometry": {"type": "Point", "coordinates": [6.86225762, 47.57071504]}, "properties": {"route": "D25", "pr": "DS", "abs": null, "label": "D25 PRDS"}}, {"type": "Feature", "geometry": {"type": "Point", "coordinates": [6.92479191, 47.48477323]}, "properties": {"route": "D39", "pr": "DS", "abs": null, "label": "D39 PRDS"}}, {"type": "Feature", "geometry": {"type": "Point", "coordinates": [7.00366838, 47.67013325]}, "properties": {"route": "D60", "pr": "DS", "abs": null, "label": "D60 PRDS"}}, {"type": "Feature", "geometry": {"type": "Point", "coordinates": [6.91737049, 47.64499963]}, "properties": {"route": "D1083", "pr": "DS", "abs": null, "label": "D1083 PRDS"}}, {"type": "Feature", "geometry": {"type": "Point", "coordinates": [6.83560157, 47.68879508]}, "properties": {"route": "D24", "pr": "DS", "abs": null, "label": "D24 PRDS"}}, {"type": "Feature", "geometry": {"type": "Point", "coordinates": [7.01309368, 47.69419376]}, "properties": {"route": "D27", "pr": "DS", "abs": null, "label": "D27 PRDS"}}, {"type": "Feature", "geometry": {"type": "Point", "coordinates": [6.97269576, 47.50667647]}, "properties": {"route": "D463", "pr": "DS", "abs": null, "label": "D463 PRDS"}}, {"type": "Feature", "geometry": {"type": "Point", "coordinates": [6.92455389, 47.63109602]}, "properties": {"route": "D25", "pr": "DS", "abs": null, "label": "D25 PRDS"}}, {"type": "Feature", "geometry": {"type": "Point", "coordinates": [7.0362396, 47.52054734]}, "properties": {"route": "D26", "pr": "DS", "abs": null, "label": "D26 PRDS"}}, {"type": "Feature", "geometry": {"type": "Point", "coordinates": [6.83232912, 47.72142863]}, "properties": {"route": "D465", "pr": "DS", "abs": null, "label": "D465 PRDS"}}, {"type": "Feature", "geometry": {"type": "Point", "coordinates": [7.08056112, 47.51813846]}, "properties": {"route": "D21", "pr": "DS", "abs": null, "label": "D21 PRDS"}}, {"type": "Feature", "geometry": {"type": "Point", "coordinates": [6.96267279, 47.47110755]}, "properties": {"route": "D36", "pr": "DS", "abs": null, "label": "D36 PRDS"}}, {"type": "Feature", "geometry": {"type": "Point", "coordinates": [6.86455084, 47.63001605]}, "properties": {"route": "D23", "pr": "DS", "abs": null, "label": "D23 PRDS"}}, {"type": "Feature", "geometry": {"type": "Point", "coordinates": [6.94803314, 47.6707121]}, "properties": {"route": "D25", "pr": "DS", "abs": null, "label": "D25 PRDS"}}, {"type": "Feature", "geometry": {"type": "Point", "coordinates": [6.97634547, 47.61369917]}, "properties": {"route": "D29", "pr": "DS", "abs": null, "label": "D29 PRDS"}}, {"type": "Feature", "geometry": {"type": "Point", "coordinates": [6.83032536, 47.65353703]}, "properties": {"route": "D4", "pr": "DS", "abs": null, "label": "D4 PRDS"}}, {"type": "Feature", "geometry": {"type": "Point", "coordinates": [6.92291347, 47.67083658]}, "properties": {"route": "D22", "pr": "DS", "abs": null, "label": "D22 PRDS"}}, {"type": "Feature", "geometry": {"type": "Point", "coordinates": [6.83114805, 47.61923716]}, "properties": {"route": "D17", "pr": "DS", "abs": null, "label": "D17 PRDS"}}, {"type": "Feature", "geometry": {"type": "Point", "coordinates": [6.95289962, 47.68577433]}, "properties": {"route": "D12", "pr": "DS", "abs": null, "label": "D12 PRDS"}}, {"type": "Feature", "geometry": {"type": "Point", "coordinates": [6.96567806, 47.70923589]}, "properties": {"route": "D27", "pr": "DS", "abs": null, "label": "D27 PRDS"}}, {"type": "Feature", "geometry": {"type": "Point", "coordinates": [6.93518598, 47.5492372]}, "properties": {"route": "D23", "pr": "DS", "abs": null, "label": "D23 PRDS"}}, {"type": "Feature", "geometry": {"type": "Point", "coordinates": [6.84524885, 47.67512304]}, "properties": {"route": "D5", "pr": "DS", "abs": null, "label": "D5 PRDS"}}, {"type": "Feature", "geometry": {"type": "Point", "coordinates": [7.02708147, 47.68490017]}, "properties": {"route": "D31", "pr": "DS", "abs": null, "label": "D31 PRDS"}}, {"type": "Feature", "geometry": {"type": "Point", "coordinates": [7.05209936, 47.59985718]}, "properties": {"route": "D3", "pr": "DS", "abs": null, "label": "D3 PRDS"}}, {"type": "Feature", "geometry": {"type": "Point", "coordinates": [6.95379696, 47.44723735]}, "properties": {"route": "D26", "pr": "DS", "abs": null, "label": "D26 PRDS"}}, {"type": "Feature", "geometry": {"type": "Point", "coordinates": [6.85939992, 47.59901449]}, "properties": {"route": "D9", "pr": "DS", "abs": null, "label": "D9 PRDS"}}, {"type": "Feature", "geometry": {"type": "Point", "coordinates": [7.00521886, 47.67265494]}, "properties": {"route": "D31", "pr": "DS", "abs": null, "label": "D31 PRDS"}}, {"type": "Feature", "geometry": {"type": "Point", "coordinates": [6.94440202, 47.56562595]}, "properties": {"route": "D35", "pr": "DS", "abs": null, "label": "D35 PRDS"}}, {"type": "Feature", "geometry": {"type": "Point", "coordinates": [6.82527623, 47.74206972]}, "properties": {"route": "D12", "pr": "DS", "abs": null, "label": "D12 PRDS"}}, {"type": "Feature", "geometry": {"type": "Point", "coordinates": [6.99531342, 47.6278688]}, "properties": {"route": "D29", "pr": "DS", "abs": null, "label": "D29 PRDS"}}, {"type": "Feature", "geometry": {"type": "Point", "coordinates": [6.9388452, 47.5725579]}, "properties": {"route": "D29", "pr": "DS", "abs": null, "label": "D29 PRDS"}}, {"type": "Feature", "geometry": {"type": "Point", "coordinates": [6.94059857, 47.64871409]}, "properties": {"route": "D25", "pr": "DS", "abs": null, "label": "D25 PRDS"}}, {"type": "Feature", "geometry": {"type": "Point", "coordinates": [6.92074765, 47.72231535]}, "properties": {"route": "D2", "pr": "DS", "abs": null, "label": "D2 PRDS"}}, {"type": "Feature", "geometry": {"type": "Point", "coordinates": [6.85000318, 47.72879415]}, "properties": {"route": "D24", "pr": "DS", "abs": null, "label": "D24 PRDS"}}, {"type": "Feature", "geometry": {"type": "Point", "coordinates": [6.99963933, 47.57483226]}, "properties": {"route": "D41", "pr": "DS", "abs": null, "label": "D41 PRDS"}}, {"type": "Feature", "geometry": {"type": "Point", "coordinates": [6.96015731, 47.69017338]}, "properties": {"route": "D25", "pr": "DS", "abs": null, "label": "D25 PRDS"}}, {"type": "Feature", "geometry": {"type": "Point", "coordinates": [6.86699606, 47.61920736]}, "properties": {"route": "D47", "pr": "DS", "abs": null, "label": "D47 PRDS"}}, {"type": "Feature", "geometry": {"type": "Point", "coordinates": [6.88758212, 47.58794364]}, "properties": {"route": "D25", "pr": "DS", "abs": null, "label": "D25 PRDS"}}, {"type": "Feature", "geometry": {"type": "Point", "coordinates": [6.95990818, 47.58599954]}, "properties": {"route": "D29", "pr": "DS", "abs": null, "label": "D29 PRDS"}}, {"type": "Feature", "geometry": {"type": "Point", "coordinates": [6.89391068, 47.63638318]}, "properties": {"route": "D13", "pr": "DS", "abs": null, "label": "D13 PRDS"}}, {"type": "Feature", "geometry": {"type": "Point", "coordinates": [6.78207488, 47.73303454]}, "properties": {"route": "D13", "pr": "DS", "abs": null, "label": "D13 PRDS"}}, {"type": "Feature", "geometry": {"type": "Point", "coordinates": [6.84802254, 47.65446194]}, "properties": {"route": "D16", "pr": "DS", "abs": null, "label": "D16 PRDS"}}, {"type": "Feature", "geometry": {"type": "Point", "coordinates": [7.11096705, 47.50829599]}, "properties": {"route": "D20", "pr": "DS", "abs": null, "label": "D20 PRDS"}}, {"type": "Feature", "geometry": {"type": "Point", "coordinates": [6.91752337, 47.64207099]}, "properties": {"route": "D1083", "pr": "0", "abs": 0, "label": "D1083 PR0"}}, {"type": "Feature", "geometry": {"type": "Point", "coordinates": [6.84971921, 47.74948601]}, "properties": {"route": "D24", "pr": "4", "abs": 3996, "label": "D24 PR4+3996"}}, {"type": "Feature", "geometry": {"type": "Point", "coordinates": [6.80649296, 47.67374024]}, "properties": {"route": "D24", "pr": "13", "abs": 12952, "label": "D24 PR13+12952"}}, {"type": "Feature", "geometry": {"type": "Point", "coordinates": [6.82174282, 47.76218149]}, "properties": {"route": "D465", "pr": "14", "abs": 14121, "label": "D465 PR14+14121"}}, {"type": "Feature", "geometry": {"type": "Point", "coordinates": [6.84235752, 47.81528893]}, "properties": {"route": "D465", "pr": "1", "abs": 998, "label": "D465 PR1+998"}}, {"type": "Feature", "geometry": {"type": "Point", "coordinates": [6.84182886, 47.80501504]}, "properties": {"route": "D465", "pr": "6", "abs": 6045, "label": "D465 PR6+6045"}}, {"type": "Feature", "geometry": {"type": "Point", "coordinates": [6.8240018, 47.74599334]}, "properties": {"route": "D465", "pr": "16", "abs": 16099, "label": "D465 PR16+16099"}}, {"type": "Feature", "geometry": {"type": "Point", "coordinates": [6.8553237, 47.64148132]}, "properties": {"route": "D83", "pr": "6", "abs": 8551, "label": "D83 PR6+8551"}}, {"type": "Feature", "geometry": {"type": "Point", "coordinates": [6.99097372, 47.62597865]}, "properties": {"route": "D29", "pr": "4", "abs": 4000, "label": "D29 PR4+4000"}}, {"type": "Feature", "geometry": {"type": "Point", "coordinates": [7.01143658, 47.70955445]}, "properties": {"route": "D11", "pr": "4", "abs": 3984, "label": "D11 PR4+3984"}}, {"type": "Feature", "geometry": {"type": "Point", "coordinates": [6.92101045, 47.63229656]}, "properties": {"route": "D28", "pr": "2", "abs": 2000, "label": "D28 PR2+2000"}}, {"type": "Feature", "geometry": {"type": "Point", "coordinates": [6.97186787, 47.66814847]}, "properties": {"route": "D31", "pr": "2", "abs": 2000, "label": "D31 PR2+2000"}}, {"type": "Feature", "geometry": {"type": "Point", "coordinates": [6.83529012, 47.62097373]}, "properties": {"route": "D61", "pr": "0", "abs": 0, "label": "D61 PR0"}}, {"type": "Feature", "geometry": {"type": "Point", "coordinates": [6.84697989, 47.61949764]}, "properties": {"route": "D61", "pr": "1", "abs": 975, "label": "D61 PR1+975"}}, {"type": "Feature", "geometry": {"type": "Point", "coordinates": [6.78991143, 47.65469524]}, "properties": {"route": "D8", "pr": "4", "abs": 4000, "label": "D8 PR4+4000"}}, {"type": "Feature", "geometry": {"type": "Point", "coordinates": [6.80155294, 47.65949566]}, "properties": {"route": "D8", "pr": "2", "abs": 2000, "label": "D8 PR2+2000"}}, {"type": "Feature", "geometry": {"type": "Point", "coordinates": [6.82101803, 47.61026297]}, "properties": {"route": "D30", "pr": "1", "abs": 1000, "label": "D30 PR1+1000"}}, {"type": "Feature", "geometry": {"type": "Point", "coordinates": [6.83564035, 47.65400239]}, "properties": {"route": "D16", "pr": "1", "abs": 984, "label": "D16 PR1+984"}}, {"type": "Feature", "geometry": {"type": "Point", "coordinates": [6.81799794, 47.71178787]}, "properties": {"route": "D13", "pr": "5", "abs": 5049, "label": "D13 PR5+5049"}}, {"type": "Feature", "geometry": {"type": "Point", "coordinates": [6.80035632, 47.72456182]}, "properties": {"route": "D13", "pr": "3", "abs": 3058, "label": "D13 PR3+3058"}}, {"type": "Feature", "geometry": {"type": "Point", "coordinates": [6.80931773, 47.71801655]}, "properties": {"route": "D13", "pr": "4", "abs": 4056, "label": "D13 PR4+4056"}}, {"type": "Feature", "geometry": {"type": "Point", "coordinates": [6.78951836, 47.68089279]}, "properties": {"route": "D56", "pr": "1", "abs": 1000, "label": "D56 PR1+1000"}}, {"type": "Feature", "geometry": {"type": "Point", "coordinates": [6.80860014, 47.63519656]}, "properties": {"route": "D19", "pr": "1", "abs": 1057, "label": "D19 PR1+1057"}}, {"type": "Feature", "geometry": {"type": "Point", "coordinates": [6.82096014, 47.63424113]}, "properties": {"route": "D19", "pr": "2", "abs": 2056, "label": "D19 PR2+2056"}}, {"type": "Feature", "geometry": {"type": "Point", "coordinates": [6.97990607, 47.67003779]}, "properties": {"route": "D60A", "pr": "0", "abs": 3000, "label": "D60A PR0+3000"}}, {"type": "Feature", "geometry": {"type": "Point", "coordinates": [6.86628281, 47.60197319]}, "properties": {"route": "D9", "pr": "0", "abs": 0, "label": "D9 PR0"}}, {"type": "Feature", "geometry": {"type": "Point", "coordinates": [6.84196252, 47.66455525]}, "properties": {"route": "D465A", "pr": "0", "abs": 0, "label": "D465A PR0"}}, {"type": "Feature", "geometry": {"type": "Point", "coordinates": [6.91241361, 47.49651533]}, "properties": {"route": "D39", "pr": "6", "abs": 5997, "label": "D39 PR6+5997"}}, {"type": "Feature", "geometry": {"type": "Point", "coordinates": [6.91817552, 47.73028225]}, "properties": {"route": "D55", "pr": "1", "abs": 1000, "label": "D55 PR1+1000"}}, {"type": "Feature", "geometry": {"type": "Point", "coordinates": [6.87768333, 47.72257004]}, "properties": {"route": "D12", "pr": "12", "abs": 12002, "label": "D12 PR12+12002"}}, {"type": "Feature", "geometry": {"type": "Point", "coordinates": [6.78724412, 47.73733666]}, "properties": {"route": "D12", "pr": "20", "abs": 19982, "label": "D12 PR20+19982"}}, {"type": "Feature", "geometry": {"type": "Point", "coordinates": [6.78009401, 47.7332779]}, "properties": {"route": "D12", "pr": "21", "abs": 20951, "label": "D12 PR21+20951"}}, {"type": "Feature", "geometry": {"type": "Point", "coordinates": [6.82221757, 47.74293384]}, "properties": {"route": "D12", "pr": "17", "abs": 16983, "label": "D12 PR17+16983"}}, {"type": "Feature", "geometry": {"type": "Point", "coordinates": [6.83029465, 47.65359211]}, "properties": {"route": "D4", "pr": "0", "abs": 0, "label": "D4 PR0"}}, {"type": "Feature", "geometry": {"type": "Point", "coordinates": [6.88501497, 47.72293404]}, "properties": {"route": "D23", "pr": "0", "abs": 0, "label": "D23 PR0"}}, {"type": "Feature", "geometry": {"type": "Point", "coordinates": [6.91642402, 47.52791928]}, "properties": {"route": "D23", "pr": "23", "abs": 22822, "label": "D23 PR23+22822"}}, {"type": "Feature", "geometry": {"type": "Point", "coordinates": [6.93058385, 47.54304768]}, "properties": {"route": "D23", "pr": "21", "abs": 20829, "label": "D23 PR21+20829"}}, {"type": "Feature", "geometry": {"type": "Point", "coordinates": [6.85462336, 47.68262978]}, "properties": {"route": "D23", "pr": "6", "abs": 5934, "label": "D23 PR6+5934"}}, {"type": "Feature", "geometry": {"type": "Point", "coordinates": [6.94369004, 47.56619079]}, "properties": {"route": "D23", "pr": "18", "abs": 17848, "label": "D23 PR18+17848"}}, {"type": "Feature", "geometry": {"type": "Point", "coordinates": [6.86551193, 47.68775268]}, "properties": {"route": "D23", "pr": "5", "abs": 4932, "label": "D23 PR5+4932"}}, {"type": "Feature", "geometry": {"type": "Point", "coordinates": [6.92253067, 47.53662454]}, "properties": {"route": "D23", "pr": "22", "abs": 21825, "label": "D23 PR22+21825"}}, {"type": "Feature", "geometry": {"type": "Point", "coordinates": [6.94092555, 47.5583235]}, "properties": {"route": "D23", "pr": "19", "abs": 18811, "label": "D23 PR19+18811"}}, {"type": "Feature", "geometry": {"type": "Point", "coordinates": [6.87363367, 47.699014]}, "properties": {"route": "D23", "pr": "3", "abs": 3047, "label": "D23 PR3+3047"}}, {"type": "Feature", "geometry": {"type": "Point", "coordinates": [6.89146553, 47.59986063]}, "properties": {"route": "D23", "pr": "12", "abs": 11842, "label": "D23 PR12+11842"}}, {"type": "Feature", "geometry": {"type": "Point", "coordinates": [6.92303107, 47.58665021]}, "properties": {"route": "D23", "pr": "15", "abs": 14834, "label": "D23 PR15+14834"}}, {"type": "Feature", "geometry": {"type": "Point", "coordinates": [6.87763351, 47.71506514]}, "properties": {"route": "D23", "pr": "1", "abs": 1089, "label": "D23 PR1+1089"}}, {"type": "Feature", "geometry": {"type": "Point", "coordinates": [6.93375979, 47.58209262]}, "properties": {"route": "D23", "pr": "16", "abs": 15831, "label": "D23 PR16+15831"}}, {"type": "Feature", "geometry": {"type": "Point", "coordinates": [6.93618151, 47.55031844]}, "properties": {"route": "D23", "pr": "20", "abs": 19851, "label": "D23 PR20+19851"}}, {"type": "Feature", "geometry": {"type": "Point", "coordinates": [6.86331235, 47.62477072]}, "properties": {"route": "D23", "pr": "8", "abs": 7898, "label": "D23 PR8+7898"}}, {"type": "Feature", "geometry": {"type": "Point", "coordinates": [6.86794266, 47.61788729]}, "properties": {"route": "D23", "pr": "9", "abs": 8877, "label": "D23 PR9+8877"}}, {"type": "Feature", "geometry": {"type": "Point", "coordinates": [6.90119669, 47.59459962]}, "properties": {"route": "D23", "pr": "13", "abs": 12838, "label": "D23 PR13+12838"}}, {"type": "Feature", "geometry": {"type": "Point", "coordinates": [6.84651215, 47.67547074]}, "properties": {"route": "D23", "pr": "7", "abs": 6940, "label": "D23 PR7+6940"}}, {"type": "Feature", "geometry": {"type": "Point", "coordinates": [6.88217075, 47.6062183]}, "properties": {"route": "D23", "pr": "11", "abs": 10843, "label": "D23 PR11+10843"}}, {"type": "Feature", "geometry": {"type": "Point", "coordinates": [6.91313701, 47.59165909]}, "properties": {"route": "D23", "pr": "14", "abs": 13833, "label": "D23 PR14+13833"}}, {"type": "Feature", "geometry": {"type": "Point", "coordinates": [6.87386572, 47.70780245]}, "properties": {"route": "D23", "pr": "2", "abs": 2047, "label": "D23 PR2+2047"}}, {"type": "Feature", "geometry": {"type": "Point", "coordinates": [6.93839179, 47.57421079]}, "properties": {"route": "D23", "pr": "17", "abs": 16828, "label": "D23 PR17+16828"}}, {"type": "Feature", "geometry": {"type": "Point", "coordinates": [6.87595006, 47.61169985]}, "properties": {"route": "D23", "pr": "10", "abs": 9841, "label": "D23 PR10+9841"}}, {"type": "Feature", "geometry": {"type": "Point", "coordinates": [6.87619141, 47.69184341]}, "properties": {"route": "D23", "pr": "4", "abs": 3932, "label": "D23 PR4+3932"}}, {"type": "Feature", "geometry": {"type": "Point", "coordinates": [6.95598798, 47.68857889]}, "properties": {"route": "D12A", "pr": "0", "abs": 0, "label": "D12A PR0"}}, {"type": "Feature", "geometry": {"type": "Point", "coordinates": [6.93208108, 47.49653317]}, "properties": {"route": "D40", "pr": "0", "abs": 0, "label": "D40 PR0"}}, {"type": "Feature", "geometry": {"type": "Point", "coordinates": [6.9189442, 47.48502435]}, "properties": {"route": "D40", "pr": "2", "abs": 2000, "label": "D40 PR2+2000"}}, {"type": "Feature", "geometry": {"type": "Point", "coordinates": [6.92604943, 47.48891726]}, "properties": {"route": "D40", "pr": "1", "abs": 1000, "label": "D40 PR1+1000"}}, {"type": "Feature", "geometry": {"type": "Point", "coordinates": [6.90656976, 47.65866585]}, "properties": {"route": "D1083", "pr": "2", "abs": 2109, "label": "D1083 PR2+2109"}}, {"type": "Feature", "geometry": {"type": "Point", "coordinates": [6.91490985, 47.65040916]}, "properties": {"route": "D1083", "pr": "1", "abs": 941, "label": "D1083 PR1+941"}}, {"type": "Feature", "geometry": {"type": "Point", "coordinates": [6.85767323, 47.58347733]}, "properties": {"route": "D45", "pr": "0", "abs": 0, "label": "D45 PR0"}}, {"type": "Feature", "geometry": {"type": "Point", "coordinates": [6.95629736, 47.62184473]}, "properties": {"route": "D54", "pr": "0", "abs": 0, "label": "D54 PR0"}}, {"type": "Feature", "geometry": {"type": "Point", "coordinates": [7.02874374, 47.66048196]}, "properties": {"route": "D1", "pr": "0", "abs": 0, "label": "D1 PR0"}}, {"type": "Feature", "geometry": {"type": "Point", "coordinates": [7.00029807, 47.66192216]}, "properties": {"route": "D11A", "pr": "0", "abs": 0, "label": "D11A PR0"}}, {"type": "Feature", "geometry": {"type": "Point", "coordinates": [6.89005204, 47.76558694]}, "properties": {"route": "D24", "pr": "0", "abs": 0, "label": "D24 PR0"}}, {"type": "Feature", "geometry": {"type": "Point", "coordinates": [6.82889868, 47.67016221]}, "properties": {"route": "D24", "pr": "15", "abs": 14949, "label": "D24 PR15+14949"}}, {"type": "Feature", "geometry": {"type": "Point", "coordinates": [6.82636892, 47.68654756]}, "properties": {"route": "D24", "pr": "10", "abs": 9963, "label": "D24 PR10+9963"}}, {"type": "Feature", "geometry": {"type": "Point", "coordinates": [6.85108094, 47.73291015]}, "properties": {"route": "D24", "pr": "6", "abs": 5988, "label": "D24 PR6+5988"}}, {"type": "Feature", "geometry": {"type": "Point", "coordinates": [6.81382952, 47.68369273]}, "properties": {"route": "D24", "pr": "11", "abs": 10960, "label": "D24 PR11+10960"}}, {"type": "Feature", "geometry": {"type": "Point", "coordinates": [6.81658127, 47.66934967]}, "properties": {"route": "D24", "pr": "14", "abs": 13954, "label": "D24 PR14+13954"}}, {"type": "Feature", "geometry": {"type": "Point", "coordinates": [6.87699852, 47.76499105]}, "properties": {"route": "D24", "pr": "1", "abs": 996, "label": "D24 PR1+996"}}, {"type": "Feature", "geometry": {"type": "Point", "coordinates": [6.84446899, 47.7285617]}, "properties": {"route": "D24", "pr": "7", "abs": 6991, "label": "D24 PR7+6991"}}, {"type": "Feature", "geometry": {"type": "Point", "coordinates": [6.8388074, 47.7139116]}, "properties": {"route": "D24", "pr": "9", "abs": 8969, "label": "D24 PR9+8969"}}, {"type": "Feature", "geometry": {"type": "Point", "coordinates": [6.84973084, 47.74152065]}, "properties": {"route": "D24", "pr": "5", "abs": 4989, "label": "D24 PR5+4989"}}, {"type": "Feature", "geometry": {"type": "Point", "coordinates": [6.80458306, 47.67885146]}, "properties": {"route": "D24", "pr": "12", "abs": 11950, "label": "D24 PR12+11950"}}, {"type": "Feature", "geometry": {"type": "Point", "coordinates": [6.85524378, 47.75713478]}, "properties": {"route": "D24", "pr": "3", "abs": 2984, "label": "D24 PR3+2984"}}, {"type": "Feature", "geometry": {"type": "Point", "coordinates": [6.86438546, 47.76342489]}, "properties": {"route": "D24", "pr": "2", "abs": 1995, "label": "D24 PR2+1995"}}, {"type": "Feature", "geometry": {"type": "Point", "coordinates": [6.84309628, 47.72018492]}, "properties": {"route": "D24", "pr": "8", "abs": 7989, "label": "D24 PR8+7989"}}, {"type": "Feature", "geometry": {"type": "Point", "coordinates": [6.98140478, 47.66788145]}, "properties": {"route": "D60", "pr": "7", "abs": 7000, "label": "D60 PR7+7000"}}, {"type": "Feature", "geometry": {"type": "Point", "coordinates": [7.00960103, 47.66141476]}, "properties": {"route": "D60", "pr": "4", "abs": 4000, "label": "D60 PR4+4000"}}, {"type": "Feature", "geometry": {"type": "Point", "coordinates": [6.99465974, 47.66826881]}, "properties": {"route": "D60", "pr": "6", "abs": 6000, "label": "D60 PR6+6000"}}, {"type": "Feature", "geometry": {"type": "Point", "coordinates": [6.99671769, 47.64554025]}, "properties": {"route": "D60", "pr": "2", "abs": 2000, "label": "D60 PR2+2000"}}, {"type": "Feature", "geometry": {"type": "Point", "coordinates": [7.00355575, 47.65293414]}, "properties": {"route": "D60", "pr": "3", "abs": 3000, "label": "D60 PR3+3000"}}, {"type": "Feature", "geometry": {"type": "Point", "coordinates": [7.00790874, 47.66974358]}, "properties": {"route": "D60", "pr": "5", "abs": 5000, "label": "D60 PR5+5000"}}, {"type": "Feature", "geometry": {"type": "Point", "coordinates": [6.89415553, 47.62029043]}, "properties": {"route": "D47", "pr": "7", "abs": 7000, "label": "D47 PR7+7000"}}, {"type": "Feature", "geometry": {"type": "Point", "coordinates": [6.81675236, 47.63418324]}, "properties": {"route": "D47", "pr": "0", "abs": 0, "label": "D47 PR0"}}, {"type": "Feature", "geometry": {"type": "Point", "coordinates": [6.86040424, 47.6158452]}, "properties": {"route": "D47", "pr": "4", "abs": 4000, "label": "D47 PR4+4000"}}, {"type": "Feature", "geometry": {"type": "Point", "coordinates": [6.8318394, 47.62105014]}, "properties": {"route": "D47", "pr": "2", "abs": 2000, "label": "D47 PR2+2000"}}, {"type": "Feature", "geometry": {"type": "Point", "coordinates": [6.8495726, 47.61953831]}, "properties": {"route": "D47", "pr": "3", "abs": 3000, "label": "D47 PR3+3000"}}, {"type": "Feature", "geometry": {"type": "Point", "coordinates": [6.86773924, 47.61949364]}, "properties": {"route": "D47", "pr": "5", "abs": 5000, "label": "D47 PR5+5000"}}, {"type": "Feature", "geometry": {"type": "Point", "coordinates": [6.82319213, 47.62710208]}, "properties": {"route": "D47", "pr": "1", "abs": 1000, "label": "D47 PR1+1000"}}, {"type": "Feature", "geometry": {"type": "Point", "coordinates": [6.88020529, 47.62012788]}, "properties": {"route": "D47", "pr": "6", "abs": 6000, "label": "D47 PR6+6000"}}, {"type": "Feature", "geometry": {"type": "Point", "coordinates": [6.94463892, 47.56562424]}, "properties": {"route": "D35", "pr": "0", "abs": 0, "label": "D35 PR0"}}, {"type": "Feature", "geometry": {"type": "Point", "coordinates": [6.97470248, 47.57887373]}, "properties": {"route": "D35", "pr": "3", "abs": 3000, "label": "D35 PR3+3000"}}, {"type": "Feature", "geometry": {"type": "Point", "coordinates": [6.98353766, 47.5850884]}, "properties": {"route": "D35", "pr": "4", "abs": 4000, "label": "D35 PR4+4000"}}, {"type": "Feature", "geometry": {"type": "Point", "coordinates": [6.96524153, 47.57299157]}, "properties": {"route": "D35", "pr": "2", "abs": 2000, "label": "D35 PR2+2000"}}, {"type": "Feature", "geometry": {"type": "Point", "coordinates": [7.00567838, 47.59326164]}, "properties": {"route": "D35", "pr": "6", "abs": 6000, "label": "D35 PR6+6000"}}, {"type": "Feature", "geometry": {"type": "Point", "coordinates": [6.98974739, 47.592244]}, "properties": {"route": "D35", "pr": "5", "abs": 5000, "label": "D35 PR5+5000"}}, {"type": "Feature", "geometry": {"type": "Point", "coordinates": [6.95545665, 47.56696827]}, "properties": {"route": "D35", "pr": "1", "abs": 1000, "label": "D35 PR1+1000"}}, {"type": "Feature", "geometry": {"type": "Point", "coordinates": [6.86195873, 47.6175637]}, "properties": {"route": "D47B", "pr": "0", "abs": 0, "label": "D47B PR0"}}, {"type": "Feature", "geometry": {"type": "Point", "coordinates": [6.83482237, 47.82039444]}, "properties": {"route": "D465", "pr": "0", "abs": 0, "label": "D465 PR0"}}, {"type": "Feature", "geometry": {"type": "Point", "coordinates": [6.85561252, 47.64523596]}, "properties": {"route": "D465", "pr": "28", "abs": 28116, "label": "D465 PR28+28116"}}, {"type": "Feature", "geometry": {"type": "Point", "coordinates": [6.84174264, 47.66946294]}, "properties": {"route": "D465", "pr": "25", "abs": 25132, "label": "D465 PR25+25132"}}, {"type": "Feature", "geometry": {"type": "Point", "coordinates": [6.83438724, 47.8009031]}, "properties": {"route": "D465", "pr": "8", "abs": 8117, "label": "D465 PR8+8117"}}, {"type": "Feature", "geometry": {"type": "Point", "coordinates": [6.84393529, 47.80279323]}, "properties": {"route": "D465", "pr": "4", "abs": 4054, "label": "D465 PR4+4054"}}, {"type": "Feature", "geometry": {"type": "Point", "coordinates": [6.84330193, 47.81027498]}, "properties": {"route": "D465", "pr": "2", "abs": 2005, "label": "D465 PR2+2005"}}, {"type": "Feature", "geometry": {"type": "Point", "coordinates": [6.83090603, 47.72902572]}, "properties": {"route": "D465", "pr": "18", "abs": 18144, "label": "D465 PR18+18144"}}, {"type": "Feature", "geometry": {"type": "Point", "coordinates": [6.83585697, 47.71163759]}, "properties": {"route": "D465", "pr": "20", "abs": 20119, "label": "D465 PR20+20119"}}, {"type": "Feature", "geometry": {"type": "Point", "coordinates": [6.83292812, 47.80008673]}, "properties": {"route": "D465", "pr": "9", "abs": 9138, "label": "D465 PR9+9138"}}, {"type": "Feature", "geometry": {"type": "Point", "coordinates": [6.84669249, 47.80681345]}, "properties": {"route": "D465", "pr": "3", "abs": 2989, "label": "D465 PR3+2989"}}, {"type": "Feature", "geometry": {"type": "Point", "coordinates": [6.84062616, 47.67737027]}, "properties": {"route": "D465", "pr": "24", "abs": 24102, "label": "D465 PR24+24102"}}, {"type": "Feature", "geometry": {"type": "Point", "coordinates": [6.81883131, 47.75373687]}, "properties": {"route": "D465", "pr": "15", "abs": 15113, "label": "D465 PR15+15113"}}, {"type": "Feature", "geometry": {"type": "Point", "coordinates": [6.82867607, 47.73790891]}, "properties": {"route": "D465", "pr": "17", "abs": 17100, "label": "D465 PR17+17100"}}, {"type": "Feature", "geometry": {"type": "Point", "coordinates": [6.84358031, 47.66109115]}, "properties": {"route": "D465", "pr": "26", "abs": 26121, "label": "D465 PR26+26121"}}, {"type": "Feature", "geometry": {"type": "Point", "coordinates": [6.83404541, 47.78461097]}, "properties": {"route": "D465", "pr": "11", "abs": 11143, "label": "D465 PR11+11143"}}, {"type": "Feature", "geometry": {"type": "Point", "coordinates": [6.82809413, 47.76976745]}, "properties": {"route": "D465", "pr": "13", "abs": 13124, "label": "D465 PR13+13124"}}, {"type": "Feature", "geometry": {"type": "Point", "coordinates": [6.84299584, 47.79747612]}, "properties": {"route": "D465", "pr": "5", "abs": 5050, "label": "D465 PR5+5050"}}, {"type": "Feature", "geometry": {"type": "Point", "coordinates": [6.83485288, 47.77686037]}, "properties": {"route": "D465", "pr": "12", "abs": 12130, "label": "D465 PR12+12130"}}, {"type": "Feature", "geometry": {"type": "Point", "coordinates": [6.84957466, 47.65321945]}, "properties": {"route": "D465", "pr": "27", "abs": 27122, "label": "D465 PR27+27122"}}, {"type": "Feature", "geometry": {"type": "Point", "coordinates": [6.83930432, 47.7976729]}, "properties": {"route": "D465", "pr": "7", "abs": 7092, "label": "D465 PR7+7092"}}, {"type": "Feature", "geometry": {"type": "Point", "coordinates": [6.83886325, 47.68629364]}, "properties": {"route": "D465", "pr": "23", "abs": 23101, "label": "D465 PR23+23101"}}, {"type": "Feature", "geometry": {"type": "Point", "coordinates": [6.83258388, 47.72014429]}, "properties": {"route": "D465", "pr": "19", "abs": 19106, "label": "D465 PR19+19106"}}, {"type": "Feature", "geometry": {"type": "Point", "coordinates": [6.83604503, 47.70299771]}, "properties": {"route": "D465", "pr": "21", "abs": 21110, "label": "D465 PR21+21110"}}, {"type": "Feature", "geometry": {"type": "Point", "coordinates": [6.82940058, 47.79242582]}, "properties": {"route": "D465", "pr": "10", "abs": 10134, "label": "D465 PR10+10134"}}, {"type": "Feature", "geometry": {"type": "Point", "coordinates": [6.83491602, 47.69414058]}, "properties": {"route": "D465", "pr": "22", "abs": 22107, "label": "D465 PR22+22107"}}, {"type": "Feature", "geometry": {"type": "Point", "coordinates": [6.96757928, 47.49394255]}, "properties": {"route": "D42", "pr": "1", "abs": 1000, "label": "D42 PR1+1000"}}, {"type": "Feature", "geometry": {"type": "Point", "coordinates": [6.97556923, 47.48927699]}, "properties": {"route": "D42", "pr": "0", "abs": 0, "label": "D42 PR0"}}, {"type": "Feature", "geometry": {"type": "Point", "coordinates": [6.86370138, 47.65669639]}, "properties": {"route": "D22", "pr": "0", "abs": 0, "label": "D22 PR0"}}, {"type": "Feature", "geometry": {"type": "Point", "coordinates": [7.03718486, 47.65490632]}, "properties": {"route": "D22", "pr": "15", "abs": 14966, "label": "D22 PR15+14966"}}, {"type": "Feature", "geometry": {"type": "Point", "coordinates": [6.90978406, 47.66937167]}, "properties": {"route": "D22", "pr": "4", "abs": 3969, "label": "D22 PR4+3969"}}, {"type": "Feature", "geometry": {"type": "Point", "coordinates": [6.97430888, 47.66629813]}, "properties": {"route": "D22", "pr": "9", "abs": 8963, "label": "D22 PR9+8963"}}, {"type": "Feature", "geometry": {"type": "Point", "coordinates": [6.89710118, 47.66942242]}, "properties": {"route": "D22", "pr": "3", "abs": 2989, "label": "D22 PR3+2989"}}, {"type": "Feature", "geometry": {"type": "Point", "coordinates": [6.87404704, 47.6619346]}, "properties": {"route": "D22", "pr": "1", "abs": 980, "label": "D22 PR1+980"}}, {"type": "Feature", "geometry": {"type": "Point", "coordinates": [6.9534368, 47.66932712]}, "properties": {"route": "D22", "pr": "7", "abs": 6973, "label": "D22 PR7+6973"}}, {"type": "Feature", "geometry": {"type": "Point", "coordinates": [6.96222146, 47.66471802]}, "properties": {"route": "D22", "pr": "8", "abs": 7972, "label": "D22 PR8+7972"}}, {"type": "Feature", "geometry": {"type": "Point", "coordinates": [7.00530353, 47.6725565]}, "properties": {"route": "D22", "pr": "11", "abs": 11024, "label": "D22 PR11+11024"}}, {"type": "Feature", "geometry": {"type": "Point", "coordinates": [7.02759448, 47.66105605]}, "properties": {"route": "D22", "pr": "14", "abs": 13963, "label": "D22 PR14+13963"}}, {"type": "Feature", "geometry": {"type": "Point", "coordinates": [6.94107697, 47.67037655]}, "properties": {"route": "D22", "pr": "6", "abs": 5981, "label": "D22 PR6+5981"}}, {"type": "Feature", "geometry": {"type": "Point", "coordinates": [6.98668188, 47.66305288]}, "properties": {"route": "D22", "pr": "10", "abs": 9982, "label": "D22 PR10+9982"}}, {"type": "Feature", "geometry": {"type": "Point", "coordinates": [7.01541568, 47.66804826]}, "properties": {"route": "D22", "pr": "12", "abs": 11959, "label": "D22 PR12+11959"}}, {"type": "Feature", "geometry": {"type": "Point", "coordinates": [7.02784074, 47.66966357]}, "properties": {"route": "D22", "pr": "13", "abs": 12951, "label": "D22 PR13+12951"}}, {"type": "Feature", "geometry": {"type": "Point", "coordinates": [6.8853658, 47.66517502]}, "properties": {"route": "D22", "pr": "2", "abs": 1984, "label": "D22 PR2+1984"}}, {"type": "Feature", "geometry": {"type": "Point", "coordinates": [6.9300362, 47.67024838]}, "properties": {"route": "D22", "pr": "5", "abs": 4974, "label": "D22 PR5+4974"}}, {"type": "Feature", "geometry": {"type": "Point", "coordinates": [7.00158461, 47.60128291]}, "properties": {"route": "D34", "pr": "0", "abs": 0, "label": "D34 PR0"}}, {"type": "Feature", "geometry": {"type": "Point", "coordinates": [7.07776045, 47.56644398]}, "properties": {"route": "D34", "pr": "7", "abs": 7000, "label": "D34 PR7+7000"}}, {"type": "Feature", "geometry": {"type": "Point", "coordinates": [7.0542033, 47.58517479]}, "properties": {"route": "D34", "pr": "4", "abs": 4000, "label": "D34 PR4+4000"}}, {"type": "Feature", "geometry": {"type": "Point", "coordinates": [7.06409626, 47.57990922]}, "properties": {"route": "D34", "pr": "5", "abs": 5000, "label": "D34 PR5+5000"}}, {"type": "Feature", "geometry": {"type": "Point", "coordinates": [7.01207581, 47.5958952]}, "properties": {"route": "D34", "pr": "1", "abs": 1000, "label": "D34 PR1+1000"}}, {"type": "Feature", "geometry": {"type": "Point", "coordinates": [7.04807508, 47.59175991]}, "properties": {"route": "D34", "pr": "3", "abs": 3000, "label": "D34 PR3+3000"}}, {"type": "Feature", "geometry": {"type": "Point", "coordinates": [7.07077452, 47.5737158]}, "properties": {"route": "D34", "pr": "6", "abs": 6000, "label": "D34 PR6+6000"}}, {"type": "Feature", "geometry": {"type": "Point", "coordinates": [7.02424734, 47.59237634]}, "properties": {"route": "D34", "pr": "2", "abs": 2000, "label": "D34 PR2+2000"}}, {"type": "Feature", "geometry": {"type": "Point", "coordinates": [7.0043355, 47.63435329]}, "properties": {"route": "D419", "pr": "19", "abs": 19000, "label": "D419 PR19+19000"}}, {"type": "Feature", "geometry": {"type": "Point", "coordinates": [6.83833774, 47.63639433]}, "properties": {"route": "D419", "pr": "3", "abs": 3000, "label": "D419 PR3+3000"}}, {"type": "Feature", "geometry": {"type": "Point", "coordinates": [6.84601858, 47.63633527]}, "properties": {"route": "D419", "pr": "4", "abs": 4000, "label": "D419 PR4+4000"}}, {"type": "Feature", "geometry": {"type": "Point", "coordinates": [6.87319954, 47.635916]}, "properties": {"route": "D419", "pr": "7", "abs": 7000, "label": "D419 PR7+7000"}}, {"type": "Feature", "geometry": {"type": "Point", "coordinates": [6.97782721, 47.64549416]}, "properties": {"route": "D419", "pr": "16", "abs": 16000, "label": "D419 PR16+16000"}}, {"type": "Feature", "geometry": {"type": "Point", "coordinates": [6.85797877, 47.63757714]}, "properties": {"route": "D419", "pr": "5", "abs": 5000, "label": "D419 PR5+5000"}}, {"type": "Feature", "geometry": {"type": "Point", "coordinates": [6.99258472, 47.63611942]}, "properties": {"route": "D419", "pr": "18", "abs": 18000, "label": "D419 PR18+18000"}}, {"type": "Feature", "geometry": {"type": "Point", "coordinates": [6.89481148, 47.63657663]}, "properties": {"route": "D419", "pr": "9", "abs": 9000, "label": "D419 PR9+9000"}}, {"type": "Feature", "geometry": {"type": "Point", "coordinates": [6.95419618, 47.65219361]}, "properties": {"route": "D419", "pr": "14", "abs": 14000, "label": "D419 PR14+14000"}}, {"type": "Feature", "geometry": {"type": "Point", "coordinates": [6.86386942, 47.6304919]}, "properties": {"route": "D419", "pr": "6", "abs": 6000, "label": "D419 PR6+6000"}}, {"type": "Feature", "geometry": {"type": "Point", "coordinates": [6.91862832, 47.64378765]}, "properties": {"route": "D419", "pr": "11", "abs": 11000, "label": "D419 PR11+11000"}}, {"type": "Feature", "geometry": {"type": "Point", "coordinates": [6.94191213, 47.64937991]}, "properties": {"route": "D419", "pr": "13", "abs": 13000, "label": "D419 PR13+13000"}}, {"type": "Feature", "geometry": {"type": "Point", "coordinates": [6.90673392, 47.6395388]}, "properties": {"route": "D419", "pr": "10", "abs": 10000, "label": "D419 PR10+10000"}}, {"type": "Feature", "geometry": {"type": "Point", "coordinates": [6.96641826, 47.64956655]}, "properties": {"route": "D419", "pr": "15", "abs": 15000, "label": "D419 PR15+15000"}}, {"type": "Feature", "geometry": {"type": "Point", "coordinates": [6.98650096, 47.64386807]}, "properties": {"route": "D419", "pr": "17", "abs": 17000, "label": "D419 PR17+17000"}}, {"type": "Feature", "geometry": {"type": "Point", "coordinates": [6.93116832, 47.64560558]}, "properties": {"route": "D419", "pr": "12", "abs": 12000, "label": "D419 PR12+12000"}}, {"type": "Feature", "geometry": {"type": "Point", "coordinates": [6.88264454, 47.63563917]}, "properties": {"route": "D419", "pr": "8", "abs": 8000, "label": "D419 PR8+8000"}}, {"type": "Feature", "geometry": {"type": "Point", "coordinates": [7.02948275, 47.71820025]}, "properties": {"route": "D83", "pr": "23", "abs": 23000, "label": "D83 PR23+23000"}}, {"type": "Feature", "geometry": {"type": "Point", "coordinates": [6.79779155, 47.59177889]}, "properties": {"route": "D83", "pr": "0", "abs": 0, "label": "D83 PR0"}}, {"type": "Feature", "geometry": {"type": "Point", "coordinates": [6.84203844, 47.62474665]}, "properties": {"route": "D83", "pr": "5", "abs": 5000, "label": "D83 PR5+5000"}}, {"type": "Feature", "geometry": {"type": "Point", "coordinates": [6.80751285, 47.59908941]}, "properties": {"route": "D83", "pr": "1", "abs": 1000, "label": "D83 PR1+1000"}}, {"type": "Feature", "geometry": {"type": "Point", "coordinates": [7.01782578, 47.71362396]}, "properties": {"route": "D83", "pr": "22", "abs": 22000, "label": "D83 PR22+22000"}}, {"type": "Feature", "geometry": {"type": "Point", "coordinates": [6.98594213, 47.69784652]}, "properties": {"route": "D83", "pr": "19", "abs": 19000, "label": "D83 PR19+19000"}}, {"type": "Feature", "geometry": {"type": "Point", "coordinates": [6.97526289, 47.69271738]}, "properties": {"route": "D83", "pr": "18", "abs": 18000, "label": "D83 PR18+18000"}}, {"type": "Feature", "geometry": {"type": "Point", "coordinates": [6.96273824, 47.69004172]}, "properties": {"route": "D83", "pr": "17", "abs": 17000, "label": "D83 PR17+17000"}}, {"type": "Feature", "geometry": {"type": "Point", "coordinates": [6.82213032, 47.60350383]}, "properties": {"route": "D83", "pr": "2", "abs": 2000, "label": "D83 PR2+2000"}}, {"type": "Feature", "geometry": {"type": "Point", "coordinates": [6.93085108, 47.67670147]}, "properties": {"route": "D83", "pr": "14", "abs": 14000, "label": "D83 PR14+14000"}}, {"type": "Feature", "geometry": {"type": "Point", "coordinates": [6.92170252, 47.67057173]}, "properties": {"route": "D83", "pr": "13", "abs": 13000, "label": "D83 PR13+13000"}}, {"type": "Feature", "geometry": {"type": "Point", "coordinates": [6.83172655, 47.61949753]}, "properties": {"route": "D83", "pr": "4", "abs": 4000, "label": "D83 PR4+4000"}}, {"type": "Feature", "geometry": {"type": "Point", "coordinates": [6.89463357, 47.65263457]}, "properties": {"route": "D83", "pr": "10", "abs": 10000, "label": "D83 PR10+10000"}}, {"type": "Feature", "geometry": {"type": "Point", "coordinates": [6.87322555, 47.64264426]}, "properties": {"route": "D83", "pr": "8", "abs": 8000, "label": "D83 PR8+8000"}}, {"type": "Feature", "geometry": {"type": "Point", "coordinates": [6.86271523, 47.64260857]}, "properties": {"route": "D83", "pr": "7", "abs": 7000, "label": "D83 PR7+7000"}}, {"type": "Feature", "geometry": {"type": "Point", "coordinates": [6.91224096, 47.66507363]}, "properties": {"route": "D83", "pr": "12", "abs": 12000, "label": "D83 PR12+12000"}}, {"type": "Feature", "geometry": {"type": "Point", "coordinates": [6.82807936, 47.61102099]}, "properties": {"route": "D83", "pr": "3", "abs": 3000, "label": "D83 PR3+3000"}}, {"type": "Feature", "geometry": {"type": "Point", "coordinates": [6.90320861, 47.65888819]}, "properties": {"route": "D83", "pr": "11", "abs": 11000, "label": "D83 PR11+11000"}}, {"type": "Feature", "geometry": {"type": "Point", "coordinates": [7.00752431, 47.70829535]}, "properties": {"route": "D83", "pr": "21", "abs": 21000, "label": "D83 PR21+21000"}}, {"type": "Feature", "geometry": {"type": "Point", "coordinates": [6.8836957, 47.64750978]}, "properties": {"route": "D83", "pr": "9", "abs": 9000, "label": "D83 PR9+9000"}}, {"type": "Feature", "geometry": {"type": "Point", "coordinates": [6.99692643, 47.70286698]}, "properties": {"route": "D83", "pr": "20", "abs": 20000, "label": "D83 PR20+20000"}}, {"type": "Feature", "geometry": {"type": "Point", "coordinates": [6.94209473, 47.68177216]}, "properties": {"route": "D83", "pr": "15", "abs": 15000, "label": "D83 PR15+15000"}}, {"type": "Feature", "geometry": {"type": "Point", "coordinates": [6.95324914, 47.68575439]}, "properties": {"route": "D83", "pr": "16", "abs": 16000, "label": "D83 PR16+16000"}}, {"type": "Feature", "geometry": {"type": "Point", "coordinates": [7.00867219, 47.50992658]}, "properties": {"route": "D43", "pr": "0", "abs": 0, "label": "D43 PR0"}}, {"type": "Feature", "geometry": {"type": "Point", "coordinates": [7.06089751, 47.51215493]}, "properties": {"route": "D43", "pr": "4", "abs": 4000, "label": "D43 PR4+4000"}}, {"type": "Feature", "geometry": {"type": "Point", "coordinates": [7.04635528, 47.51298204]}, "properties": {"route": "D43", "pr": "3", "abs": 3000, "label": "D43 PR3+3000"}}, {"type": "Feature", "geometry": {"type": "Point", "coordinates": [7.02154527, 47.51026144]}, "properties": {"route": "D43", "pr": "1", "abs": 1000, "label": "D43 PR1+1000"}}, {"type": "Feature", "geometry": {"type": "Point", "coordinates": [7.0335423, 47.51172936]}, "properties": {"route": "D43", "pr": "2", "abs": 2000, "label": "D43 PR2+2000"}}, {"type": "Feature", "geometry": {"type": "Point", "coordinates": [7.08581448, 47.5185086]}, "properties": {"route": "D20", "pr": "0", "abs": 0, "label": "D20 PR0"}}, {"type": "Feature", "geometry": {"type": "Point", "coordinates": [7.09791945, 47.51536115]}, "properties": {"route": "D20", "pr": "1", "abs": 979, "label": "D20 PR1+979"}}, {"type": "Feature", "geometry": {"type": "Point", "coordinates": [7.12297478, 47.50828064]}, "properties": {"route": "D20", "pr": "3", "abs": 2967, "label": "D20 PR3+2967"}}, {"type": "Feature", "geometry": {"type": "Point", "coordinates": [7.11108803, 47.50832957]}, "properties": {"route": "D20", "pr": "2", "abs": 2017, "label": "D20 PR2+2017"}}, {"type": "Feature", "geometry": {"type": "Point", "coordinates": [7.08948464, 47.58333799]}, "properties": {"route": "D26", "pr": "21", "abs": 21000, "label": "D26 PR21+21000"}}, {"type": "Feature", "geometry": {"type": "Point", "coordinates": [6.93487541, 47.43830991]}, "properties": {"route": "D26", "pr": "0", "abs": 0, "label": "D26 PR0"}}, {"type": "Feature", "geometry": {"type": "Point", "coordinates": [7.02668086, 47.51660955]}, "properties": {"route": "D26", "pr": "12", "abs": 12000, "label": "D26 PR12+12000"}}, {"type": "Feature", "geometry": {"type": "Point", "coordinates": [7.06820329, 47.5456363]}, "properties": {"route": "D26", "pr": "17", "abs": 17000, "label": "D26 PR17+17000"}}, {"type": "Feature", "geometry": {"type": "Point", "coordinates": [7.042545, 47.52763393]}, "properties": {"route": "D26", "pr": "14", "abs": 14000, "label": "D26 PR14+14000"}}, {"type": "Feature", "geometry": {"type": "Point", "coordinates": [6.95556588, 47.45234892]}, "properties": {"route": "D26", "pr": "2", "abs": 2000, "label": "D26 PR2+2000"}}, {"type": "Feature", "geometry": {"type": "Point", "coordinates": [7.03622008, 47.52069404]}, "properties": {"route": "D26", "pr": "13", "abs": 13000, "label": "D26 PR13+13000"}}, {"type": "Feature", "geometry": {"type": "Point", "coordinates": [6.9433547, 47.44445712]}, "properties": {"route": "D26", "pr": "1", "abs": 1000, "label": "D26 PR1+1000"}}, {"type": "Feature", "geometry": {"type": "Point", "coordinates": [6.97989608, 47.49597546]}, "properties": {"route": "D26", "pr": "8", "abs": 8000, "label": "D26 PR8+8000"}}, {"type": "Feature", "geometry": {"type": "Point", "coordinates": [7.04827993, 47.53572339]}, "properties": {"route": "D26", "pr": "15", "abs": 15000, "label": "D26 PR15+15000"}}, {"type": "Feature", "geometry": {"type": "Point", "coordinates": [7.01524148, 47.51262322]}, "properties": {"route": "D26", "pr": "11", "abs": 11000, "label": "D26 PR11+11000"}}, {"type": "Feature", "geometry": {"type": "Point", "coordinates": [6.95608633, 47.46120461]}, "properties": {"route": "D26", "pr": "3", "abs": 3000, "label": "D26 PR3+3000"}}, {"type": "Feature", "geometry": {"type": "Point", "coordinates": [7.08432436, 47.5739963]}, "properties": {"route": "D26", "pr": "20", "abs": 20000, "label": "D26 PR20+20000"}}, {"type": "Feature", "geometry": {"type": "Point", "coordinates": [7.07743527, 47.55187896]}, "properties": {"route": "D26", "pr": "18", "abs": 18000, "label": "D26 PR18+18000"}}, {"type": "Feature", "geometry": {"type": "Point", "coordinates": [6.97355962, 47.48868135]}, "properties": {"route": "D26", "pr": "7", "abs": 7000, "label": "D26 PR7+7000"}}, {"type": "Feature", "geometry": {"type": "Point", "coordinates": [6.95742568, 47.46876518]}, "properties": {"route": "D26", "pr": "4", "abs": 4000, "label": "D26 PR4+4000"}}, {"type": "Feature", "geometry": {"type": "Point", "coordinates": [7.05596176, 47.54264251]}, "properties": {"route": "D26", "pr": "16", "abs": 16000, "label": "D26 PR16+16000"}}, {"type": "Feature", "geometry": {"type": "Point", "coordinates": [6.9712825, 47.48145669]}, "properties": {"route": "D26", "pr": "6", "abs": 6000, "label": "D26 PR6+6000"}}, {"type": "Feature", "geometry": {"type": "Point", "coordinates": [6.99046798, 47.50118455]}, "properties": {"route": "D26", "pr": "9", "abs": 9000, "label": "D26 PR9+9000"}}, {"type": "Feature", "geometry": {"type": "Point", "coordinates": [6.96692588, 47.47348359]}, "properties": {"route": "D26", "pr": "5", "abs": 5000, "label": "D26 PR5+5000"}}, {"type": "Feature", "geometry": {"type": "Point", "coordinates": [7.00369443, 47.50854307]}, "properties": {"route": "D26", "pr": "10", "abs": 10000, "label": "D26 PR10+10000"}}, {"type": "Feature", "geometry": {"type": "Point", "coordinates": [7.08091729, 47.56554574]}, "properties": {"route": "D26", "pr": "19", "abs": 19000, "label": "D26 PR19+19000"}}, {"type": "Feature", "geometry": {"type": "Point", "coordinates": [6.92173472, 47.56429174]}, "properties": {"route": "D29", "pr": "13", "abs": 13000, "label": "D29 PR13+13000"}}, {"type": "Feature", "geometry": {"type": "Point", "coordinates": [6.9966044, 47.65505949]}, "properties": {"route": "D29", "pr": "0", "abs": 0, "label": "D29 PR0"}}, {"type": "Feature", "geometry": {"type": "Point", "coordinates": [6.97116193, 47.60547876]}, "properties": {"route": "D29", "pr": "7", "abs": 7000, "label": "D29 PR7+7000"}}, {"type": "Feature", "geometry": {"type": "Point", "coordinates": [6.99589687, 47.64745376]}, "properties": {"route": "D29", "pr": "1", "abs": 1000, "label": "D29 PR1+1000"}}, {"type": "Feature", "geometry": {"type": "Point", "coordinates": [7.00083263, 47.6314551]}, "properties": {"route": "D29", "pr": "3", "abs": 3000, "label": "D29 PR3+3000"}}, {"type": "Feature", "geometry": {"type": "Point", "coordinates": [6.93169305, 47.56891585]}, "properties": {"route": "D29", "pr": "12", "abs": 12000, "label": "D29 PR12+12000"}}, {"type": "Feature", "geometry": {"type": "Point", "coordinates": [6.9411205, 47.57678808]}, "properties": {"route": "D29", "pr": "11", "abs": 11000, "label": "D29 PR11+11000"}}, {"type": "Feature", "geometry": {"type": "Point", "coordinates": [6.98194297, 47.62072911]}, "properties": {"route": "D29", "pr": "5", "abs": 5000, "label": "D29 PR5+5000"}}, {"type": "Feature", "geometry": {"type": "Point", "coordinates": [6.97627049, 47.61360529]}, "properties": {"route": "D29", "pr": "6", "abs": 6000, "label": "D29 PR6+6000"}}, {"type": "Feature", "geometry": {"type": "Point", "coordinates": [7.0030276, 47.64053661]}, "properties": {"route": "D29", "pr": "2", "abs": 2000, "label": "D29 PR2+2000"}}, {"type": "Feature", "geometry": {"type": "Point", "coordinates": [6.95010369, 47.58302898]}, "properties": {"route": "D29", "pr": "10", "abs": 10000, "label": "D29 PR10+10000"}}, {"type": "Feature", "geometry": {"type": "Point", "coordinates": [6.95622998, 47.59208977]}, "properties": {"route": "D29", "pr": "9", "abs": 9000, "label": "D29 PR9+9000"}}, {"type": "Feature", "geometry": {"type": "Point", "coordinates": [6.9614614, 47.5996224]}, "properties": {"route": "D29", "pr": "8", "abs": 8000, "label": "D29 PR8+8000"}}, {"type": "Feature", "geometry": {"type": "Point", "coordinates": [7.01450685, 47.74273381]}, "properties": {"route": "D11", "pr": "0", "abs": 0, "label": "D11 PR0"}}, {"type": "Feature", "geometry": {"type": "Point", "coordinates": [7.01164268, 47.58054411]}, "properties": {"route": "D11", "pr": "20", "abs": 20023, "label": "D11 PR20+20023"}}, {"type": "Feature", "geometry": {"type": "Point", "coordinates": [6.99788532, 47.6250427]}, "properties": {"route": "D11", "pr": "14", "abs": 13975, "label": "D11 PR14+13975"}}, {"type": "Feature", "geometry": {"type": "Point", "coordinates": [7.01484285, 47.70082354]}, "properties": {"route": "D11", "pr": "5", "abs": 4996, "label": "D11 PR5+4996"}}, {"type": "Feature", "geometry": {"type": "Point", "coordinates": [7.01202039, 47.72575643]}, "properties": {"route": "D11", "pr": "2", "abs": 1992, "label": "D11 PR2+1992"}}, {"type": "Feature", "geometry": {"type": "Point", "coordinates": [7.0112923, 47.69301551]}, "properties": {"route": "D11", "pr": "6", "abs": 5990, "label": "D11 PR6+5990"}}, {"type": "Feature", "geometry": {"type": "Point", "coordinates": [6.99694694, 47.65628337]}, "properties": {"route": "D11", "pr": "11", "abs": 10966, "label": "D11 PR11+10966"}}, {"type": "Feature", "geometry": {"type": "Point", "coordinates": [7.00200216, 47.66454047]}, "properties": {"route": "D11", "pr": "10", "abs": 9970, "label": "D11 PR10+9970"}}, {"type": "Feature", "geometry": {"type": "Point", "coordinates": [7.00404365, 47.60853487]}, "properties": {"route": "D11", "pr": "16", "abs": 15963, "label": "D11 PR16+15963"}}, {"type": "Feature", "geometry": {"type": "Point", "coordinates": [7.00413537, 47.67286783]}, "properties": {"route": "D11", "pr": "9", "abs": 8983, "label": "D11 PR9+8983"}}, {"type": "Feature", "geometry": {"type": "Point", "coordinates": [7.00032, 47.60023394]}, "properties": {"route": "D11", "pr": "17", "abs": 16964, "label": "D11 PR17+16964"}}, {"type": "Feature", "geometry": {"type": "Point", "coordinates": [7.00972541, 47.71903185]}, "properties": {"route": "D11", "pr": "3", "abs": 2995, "label": "D11 PR3+2995"}}, {"type": "Feature", "geometry": {"type": "Point", "coordinates": [6.98923573, 47.64954802]}, "properties": {"route": "D11", "pr": "12", "abs": 11956, "label": "D11 PR12+11956"}}, {"type": "Feature", "geometry": {"type": "Point", "coordinates": [7.01525867, 47.7339455]}, "properties": {"route": "D11", "pr": "1", "abs": 994, "label": "D11 PR1+994"}}, {"type": "Feature", "geometry": {"type": "Point", "coordinates": [7.00401116, 47.68561647]}, "properties": {"route": "D11", "pr": "7", "abs": 6985, "label": "D11 PR7+6985"}}, {"type": "Feature", "geometry": {"type": "Point", "coordinates": [7.01035127, 47.5882837]}, "properties": {"route": "D11", "pr": "19", "abs": 18979, "label": "D11 PR19+18979"}}, {"type": "Feature", "geometry": {"type": "Point", "coordinates": [6.99998514, 47.59329571]}, "properties": {"route": "D11", "pr": "18", "abs": 17983, "label": "D11 PR18+17983"}}, {"type": "Feature", "geometry": {"type": "Point", "coordinates": [6.99799087, 47.61613553]}, "properties": {"route": "D11", "pr": "15", "abs": 14968, "label": "D11 PR15+14968"}}, {"type": "Feature", "geometry": {"type": "Point", "coordinates": [6.99141756, 47.63240833]}, "properties": {"route": "D11", "pr": "13", "abs": 12973, "label": "D11 PR13+12973"}}, {"type": "Feature", "geometry": {"type": "Point", "coordinates": [6.99812321, 47.67772774]}, "properties": {"route": "D11", "pr": "8", "abs": 8006, "label": "D11 PR8+8006"}}, {"type": "Feature", "geometry": {"type": "Point", "coordinates": [6.94551508, 47.5041857]}, "properties": {"route": "D463", "pr": "0", "abs": 0, "label": "D463 PR0"}}, {"type": "Feature", "geometry": {"type": "Point", "coordinates": [7.06305057, 47.51599438]}, "properties": {"route": "D463", "pr": "10", "abs": 10000, "label": "D463 PR10+10000"}}, {"type": "Feature", "geometry": {"type": "Point", "coordinates": [6.96572714, 47.50839936]}, "properties": {"route": "D463", "pr": "2", "abs": 2000, "label": "D463 PR2+2000"}}, {"type": "Feature", "geometry": {"type": "Point", "coordinates": [7.01286795, 47.52454651]}, "properties": {"route": "D463", "pr": "6", "abs": 6000, "label": "D463 PR6+6000"}}, {"type": "Feature", "geometry": {"type": "Point", "coordinates": [7.09873879, 47.52288756]}, "properties": {"route": "D463", "pr": "13", "abs": 13000, "label": "D463 PR13+13000"}}, {"type": "Feature", "geometry": {"type": "Point", "coordinates": [7.00148913, 47.5057563]}, "properties": {"route": "D463", "pr": "5", "abs": 5000, "label": "D463 PR5+5000"}}, {"type": "Feature", "geometry": {"type": "Point", "coordinates": [7.03825775, 47.52015561]}, "properties": {"route": "D463", "pr": "8", "abs": 8000, "label": "D463 PR8+8000"}}, {"type": "Feature", "geometry": {"type": "Point", "coordinates": [7.07457653, 47.51677965]}, "properties": {"route": "D463", "pr": "11", "abs": 11000, "label": "D463 PR11+11000"}}, {"type": "Feature", "geometry": {"type": "Point", "coordinates": [7.12427779, 47.52603046]}, "properties": {"route": "D463", "pr": "15", "abs": 15000, "label": "D463 PR15+15000"}}, {"type": "Feature", "geometry": {"type": "Point", "coordinates": [7.02582682, 47.52309345]}, "properties": {"route": "D463", "pr": "7", "abs": 7000, "label": "D463 PR7+7000"}}, {"type": "Feature", "geometry": {"type": "Point", "coordinates": [7.08740842, 47.51868162]}, "properties": {"route": "D463", "pr": "12", "abs": 12000, "label": "D463 PR12+12000"}}, {"type": "Feature", "geometry": {"type": "Point", "coordinates": [6.97677214, 47.50484468]}, "properties": {"route": "D463", "pr": "3", "abs": 3000, "label": "D463 PR3+3000"}}, {"type": "Feature", "geometry": {"type": "Point", "coordinates": [7.11110142, 47.52476295]}, "properties": {"route": "D463", "pr": "14", "abs": 14000, "label": "D463 PR14+14000"}}, {"type": "Feature", "geometry": {"type": "Point", "coordinates": [6.98911681, 47.50455578]}, "properties": {"route": "D463", "pr": "4", "abs": 4000, "label": "D463 PR4+4000"}}, {"type": "Feature", "geometry": {"type": "Point", "coordinates": [7.05087064, 47.51865221]}, "properties": {"route": "D463", "pr": "9", "abs": 9000, "label": "D463 PR9+9000"}}, {"type": "Feature", "geometry": {"type": "Point", "coordinates": [6.95605347, 47.50812365]}, "properties": {"route": "D463", "pr": "1", "abs": 1000, "label": "D463 PR1+1000"}}, {"type": "Feature", "geometry": {"type": "Point", "coordinates": [6.92580981, 47.48612417]}, "properties": {"route": "D39A", "pr": "0", "abs": 0, "label": "D39A PR0"}}, {"type": "Feature", "geometry": {"type": "Point", "coordinates": [6.85189014, 47.75544391]}, "properties": {"route": "D14", "pr": "0", "abs": 0, "label": "D14 PR0"}}, {"type": "Feature", "geometry": {"type": "Point", "coordinates": [6.82942313, 47.73839628]}, "properties": {"route": "D14", "pr": "3", "abs": 2484, "label": "D14 PR3+2484"}}, {"type": "Feature", "geometry": {"type": "Point", "coordinates": [6.84290604, 47.7492973]}, "properties": {"route": "D14", "pr": "1", "abs": 970, "label": "D14 PR1+970"}}, {"type": "Feature", "geometry": {"type": "Point", "coordinates": [6.83388451, 47.74410375]}, "properties": {"route": "D14", "pr": "2", "abs": 1962, "label": "D14 PR2+1962"}}, {"type": "Feature", "geometry": {"type": "Point", "coordinates": [7.06615233, 47.58028549]}, "properties": {"route": "D38", "pr": "0", "abs": 0, "label": "D38 PR0"}}, {"type": "Feature", "geometry": {"type": "Point", "coordinates": [7.06839255, 47.59636075]}, "properties": {"route": "D38", "pr": "2", "abs": 2000, "label": "D38 PR2+2000"}}, {"type": "Feature", "geometry": {"type": "Point", "coordinates": [7.0707456, 47.58779996]}, "properties": {"route": "D38", "pr": "1", "abs": 1000, "label": "D38 PR1+1000"}}, {"type": "Feature", "geometry": {"type": "Point", "coordinates": [7.00650512, 47.53200485]}, "properties": {"route": "D3", "pr": "9", "abs": 9000, "label": "D3 PR9+9000"}}, {"type": "Feature", "geometry": {"type": "Point", "coordinates": [7.05229026, 47.60010742]}, "properties": {"route": "D3", "pr": "0", "abs": 0, "label": "D3 PR0"}}, {"type": "Feature", "geometry": {"type": "Point", "coordinates": [7.00905063, 47.54127643]}, "properties": {"route": "D3", "pr": "8", "abs": 8000, "label": "D3 PR8+8000"}}, {"type": "Feature", "geometry": {"type": "Point", "coordinates": [7.03410018, 47.5887291]}, "properties": {"route": "D3", "pr": "2", "abs": 2000, "label": "D3 PR2+2000"}}, {"type": "Feature", "geometry": {"type": "Point", "coordinates": [7.04615972, 47.59238248]}, "properties": {"route": "D3", "pr": "1", "abs": 1000, "label": "D3 PR1+1000"}}, {"type": "Feature", "geometry": {"type": "Point", "coordinates": [7.01227502, 47.55898867]}, "properties": {"route": "D3", "pr": "6", "abs": 6000, "label": "D3 PR6+6000"}}, {"type": "Feature", "geometry": {"type": "Point", "coordinates": [7.01090175, 47.55024197]}, "properties": {"route": "D3", "pr": "7", "abs": 7000, "label": "D3 PR7+7000"}}, {"type": "Feature", "geometry": {"type": "Point", "coordinates": [7.01192178, 47.56775691]}, "properties": {"route": "D3", "pr": "5", "abs": 5000, "label": "D3 PR5+5000"}}, {"type": "Feature", "geometry": {"type": "Point", "coordinates": [7.0168243, 47.57549875]}, "properties": {"route": "D3", "pr": "4", "abs": 4000, "label": "D3 PR4+4000"}}, {"type": "Feature", "geometry": {"type": "Point", "coordinates": [7.02386315, 47.58303961]}, "properties": {"route": "D3", "pr": "3", "abs": 3000, "label": "D3 PR3+3000"}}, {"type": "Feature", "geometry": {"type": "Point", "coordinates": [7.08270836, 47.4904761]}, "properties": {"route": "D21", "pr": "0", "abs": 0, "label": "D21 PR0"}}, {"type": "Feature", "geometry": {"type": "Point", "coordinates": [7.12091919, 47.54434263]}, "properties": {"route": "D21", "pr": "8", "abs": 7983, "label": "D21 PR8+7983"}}, {"type": "Feature", "geometry": {"type": "Point", "coordinates": [7.07552532, 47.50629523]}, "properties": {"route": "D21", "pr": "2", "abs": 1984, "label": "D21 PR2+1984"}}, {"type": "Feature", "geometry": {"type": "Point", "coordinates": [7.06757862, 47.51194428]}, "properties": {"route": "D21", "pr": "3", "abs": 2986, "label": "D21 PR3+2986"}}, {"type": "Feature", "geometry": {"type": "Point", "coordinates": [7.07763334, 47.49852922]}, "properties": {"route": "D21", "pr": "1", "abs": 992, "label": "D21 PR1+992"}}, {"type": "Feature", "geometry": {"type": "Point", "coordinates": [7.10914271, 47.54179307]}, "properties": {"route": "D21", "pr": "7", "abs": 6979, "label": "D21 PR7+6979"}}, {"type": "Feature", "geometry": {"type": "Point", "coordinates": [7.09727493, 47.53725627]}, "properties": {"route": "D21", "pr": "6", "abs": 5983, "label": "D21 PR6+5983"}}, {"type": "Feature", "geometry": {"type": "Point", "coordinates": [7.08448866, 47.52259229]}, "properties": {"route": "D21", "pr": "4", "abs": 3980, "label": "D21 PR4+3980"}}, {"type": "Feature", "geometry": {"type": "Point", "coordinates": [7.0878772, 47.53122917]}, "properties": {"route": "D21", "pr": "5", "abs": 4985, "label": "D21 PR5+4985"}}, {"type": "Feature", "geometry": {"type": "Point", "coordinates": [6.89526634, 47.63429765]}, "properties": {"route": "D28", "pr": "0", "abs": 0, "label": "D28 PR0"}}, {"type": "Feature", "geometry": {"type": "Point", "coordinates": [6.99271167, 47.61128005]}, "properties": {"route": "D28", "pr": "9", "abs": 9000, "label": "D28 PR9+9000"}}, {"type": "Feature", "geometry": {"type": "Point", "coordinates": [6.94659227, 47.62933002]}, "properties": {"route": "D28", "pr": "4", "abs": 4000, "label": "D28 PR4+4000"}}, {"type": "Feature", "geometry": {"type": "Point", "coordinates": [6.93326213, 47.62928253]}, "properties": {"route": "D28", "pr": "3", "abs": 3000, "label": "D28 PR3+3000"}}, {"type": "Feature", "geometry": {"type": "Point", "coordinates": [6.98081291, 47.61355314]}, "properties": {"route": "D28", "pr": "8", "abs": 8000, "label": "D28 PR8+8000"}}, {"type": "Feature", "geometry": {"type": "Point", "coordinates": [6.96958048, 47.61508492]}, "properties": {"route": "D28", "pr": "7", "abs": 7000, "label": "D28 PR7+7000"}}, {"type": "Feature", "geometry": {"type": "Point", "coordinates": [6.95728533, 47.62790269]}, "properties": {"route": "D28", "pr": "5", "abs": 5000, "label": "D28 PR5+5000"}}, {"type": "Feature", "geometry": {"type": "Point", "coordinates": [6.90771326, 47.63279657]}, "properties": {"route": "D28", "pr": "1", "abs": 1000, "label": "D28 PR1+1000"}}, {"type": "Feature", "geometry": {"type": "Point", "coordinates": [6.96085629, 47.62146748]}, "properties": {"route": "D28", "pr": "6", "abs": 6000, "label": "D28 PR6+6000"}}, {"type": "Feature", "geometry": {"type": "Point", "coordinates": [6.77464297, 47.74289996]}, "properties": {"route": "D48", "pr": "0", "abs": 0, "label": "D48 PR0"}}, {"type": "Feature", "geometry": {"type": "Point", "coordinates": [6.78679912, 47.7402066]}, "properties": {"route": "D48", "pr": "1", "abs": 1000, "label": "D48 PR1+1000"}}, {"type": "Feature", "geometry": {"type": "Point", "coordinates": [6.94785878, 47.65169879]}, "properties": {"route": "D31", "pr": "0", "abs": 0, "label": "D31 PR0"}}, {"type": "Feature", "geometry": {"type": "Point", "coordinates": [7.03907493, 47.68266653]}, "properties": {"route": "D31", "pr": "7", "abs": 7000, "label": "D31 PR7+7000"}}, {"type": "Feature", "geometry": {"type": "Point", "coordinates": [7.01558195, 47.68063115]}, "properties": {"route": "D31", "pr": "5", "abs": 5000, "label": "D31 PR5+5000"}}, {"type": "Feature", "geometry": {"type": "Point", "coordinates": [6.98288957, 47.669718]}, "properties": {"route": "D31", "pr": "3", "abs": 3000, "label": "D31 PR3+3000"}}, {"type": "Feature", "geometry": {"type": "Point", "coordinates": [7.00675453, 47.67398387]}, "properties": {"route": "D31", "pr": "4", "abs": 4000, "label": "D31 PR4+4000"}}, {"type": "Feature", "geometry": {"type": "Point", "coordinates": [6.95594472, 47.6585736]}, "properties": {"route": "D31", "pr": "1", "abs": 1000, "label": "D31 PR1+1000"}}, {"type": "Feature", "geometry": {"type": "Point", "coordinates": [7.02936371, 47.68572904]}, "properties": {"route": "D31", "pr": "6", "abs": 6000, "label": "D31 PR6+6000"}}, {"type": "Feature", "geometry": {"type": "Point", "coordinates": [6.85742409, 47.62071101]}, "properties": {"route": "D47A", "pr": "0", "abs": 0, "label": "D47A PR0"}}, {"type": "Feature", "geometry": {"type": "Point", "coordinates": [6.96782202, 47.7359124]}, "properties": {"route": "D2A", "pr": "0", "abs": 0, "label": "D2A PR0"}}, {"type": "Feature", "geometry": {"type": "Point", "coordinates": [6.82041378, 47.6688423]}, "properties": {"route": "D8", "pr": "0", "abs": 0, "label": "D8 PR0"}}, {"type": "Feature", "geometry": {"type": "Point", "coordinates": [6.79108448, 47.65605572]}, "properties": {"route": "D8", "pr": "3", "abs": 3000, "label": "D8 PR3+3000"}}, {"type": "Feature", "geometry": {"type": "Point", "coordinates": [6.80943519, 47.66599913]}, "properties": {"route": "D8", "pr": "1", "abs": 1000, "label": "D8 PR1+1000"}}, {"type": "Feature", "geometry": {"type": "Point", "coordinates": [6.97305053, 47.57632808]}, "properties": {"route": "D37", "pr": "0", "abs": 0, "label": "D37 PR0"}}, {"type": "Feature", "geometry": {"type": "Point", "coordinates": [6.8086503, 47.60800802]}, "properties": {"route": "D30", "pr": "2", "abs": 2000, "label": "D30 PR2+2000"}}, {"type": "Feature", "geometry": {"type": "Point", "coordinates": [6.82956417, 47.61672443]}, "properties": {"route": "D30", "pr": "0", "abs": 0, "label": "D30 PR0"}}, {"type": "Feature", "geometry": {"type": "Point", "coordinates": [6.96055912, 47.4727577]}, "properties": {"route": "D57", "pr": "0", "abs": 0, "label": "D57 PR0"}}, {"type": "Feature", "geometry": {"type": "Point", "coordinates": [6.93392028, 47.47784241]}, "properties": {"route": "D57", "pr": "3", "abs": 3000, "label": "D57 PR3+3000"}}, {"type": "Feature", "geometry": {"type": "Point", "coordinates": [6.94980349, 47.47244911]}, "properties": {"route": "D57", "pr": "1", "abs": 1000, "label": "D57 PR1+1000"}}, {"type": "Feature", "geometry": {"type": "Point", "coordinates": [6.94016759, 47.47183755]}, "properties": {"route": "D57", "pr": "2", "abs": 2000, "label": "D57 PR2+2000"}}, {"type": "Feature", "geometry": {"type": "Point", "coordinates": [6.81351327, 47.68361835]}, "properties": {"route": "D24A", "pr": "0", "abs": 0, "label": "D24A PR0"}}, {"type": "Feature", "geometry": {"type": "Point", "coordinates": [6.84820891, 47.65447562]}, "properties": {"route": "D16", "pr": "0", "abs": 0, "label": "D16 PR0"}}, {"type": "Feature", "geometry": {"type": "Point", "coordinates": [6.8000159, 47.64147071]}, "properties": {"route": "D16", "pr": "4", "abs": 3984, "label": "D16 PR4+3984"}}, {"type": "Feature", "geometry": {"type": "Point", "coordinates": [6.81207821, 47.64738999]}, "properties": {"route": "D16", "pr": "3", "abs": 2996, "label": "D16 PR3+2996"}}, {"type": "Feature", "geometry": {"type": "Point", "coordinates": [6.82363861, 47.65094009]}, "properties": {"route": "D16", "pr": "2", "abs": 1991, "label": "D16 PR2+1991"}}, {"type": "Feature", "geometry": {"type": "Point", "coordinates": [7.12271215, 47.50054613]}, "properties": {"route": "D13", "pr": "39", "abs": 38173, "label": "D13 PR39+38173"}}, {"type": "Feature", "geometry": {"type": "Point", "coordinates": [6.77464297, 47.74289996]}, "properties": {"route": "D13", "pr": "0", "abs": 0, "label": "D13 PR0"}}, {"type": "Feature", "geometry": {"type": "Point", "coordinates": [6.84897348, 47.66406758]}, "properties": {"route": "D13", "pr": "8", "abs": 8059, "label": "D13 PR8+8059"}}, {"type": "Feature", "geometry": {"type": "Point", "coordinates": [6.92439963, 47.60537318]}, "properties": {"route": "D13", "pr": "17", "abs": 16197, "label": "D13 PR17+16197"}}, {"type": "Feature", "geometry": {"type": "Point", "coordinates": [7.09385145, 47.54760788]}, "properties": {"route": "D13", "pr": "33", "abs": 32163, "label": "D13 PR33+32163"}}, {"type": "Feature", "geometry": {"type": "Point", "coordinates": [7.07241773, 47.56634234]}, "properties": {"route": "D13", "pr": "30", "abs": 29170, "label": "D13 PR30+29170"}}, {"type": "Feature", "geometry": {"type": "Point", "coordinates": [6.90275843, 47.61473547]}, "properties": {"route": "D13", "pr": "15", "abs": 14196, "label": "D13 PR15+14196"}}, {"type": "Feature", "geometry": {"type": "Point", "coordinates": [6.86248687, 47.6526732]}, "properties": {"route": "D13", "pr": "10", "abs": 10008, "label": "D13 PR10+10008"}}, {"type": "Feature", "geometry": {"type": "Point", "coordinates": [7.11231872, 47.50672312]}, "properties": {"route": "D13", "pr": "38", "abs": 37173, "label": "D13 PR38+37173"}}, {"type": "Feature", "geometry": {"type": "Point", "coordinates": [7.02208916, 47.57012126]}, "properties": {"route": "D13", "pr": "26", "abs": 25181, "label": "D13 PR26+25181"}}, {"type": "Feature", "geometry": {"type": "Point", "coordinates": [7.10904251, 47.51454916]}, "properties": {"route": "D13", "pr": "37", "abs": 36163, "label": "D13 PR37+36163"}}, {"type": "Feature", "geometry": {"type": "Point", "coordinates": [6.82335171, 47.70378846]}, "properties": {"route": "D13", "pr": "6", "abs": 6045, "label": "D13 PR6+6045"}}, {"type": "Feature", "geometry": {"type": "Point", "coordinates": [6.89389027, 47.63623156]}, "properties": {"route": "D13", "pr": "12", "abs": 11199, "label": "D13 PR12+11199"}}, {"type": "Feature", "geometry": {"type": "Point", "coordinates": [7.08516966, 47.55418142]}, "properties": {"route": "D13", "pr": "32", "abs": 31164, "label": "D13 PR32+31164"}}, {"type": "Feature", "geometry": {"type": "Point", "coordinates": [7.08302427, 47.56248312]}, "properties": {"route": "D13", "pr": "31", "abs": 30166, "label": "D13 PR31+30166"}}, {"type": "Feature", "geometry": {"type": "Point", "coordinates": [6.96302288, 47.58404616]}, "properties": {"route": "D13", "pr": "21", "abs": 20179, "label": "D13 PR21+20179"}}, {"type": "Feature", "geometry": {"type": "Point", "coordinates": [6.93554178, 47.60078907]}, "properties": {"route": "D13", "pr": "18", "abs": 17196, "label": "D13 PR18+17196"}}, {"type": "Feature", "geometry": {"type": "Point", "coordinates": [6.97249518, 47.57924638]}, "properties": {"route": "D13", "pr": "22", "abs": 21179, "label": "D13 PR22+21179"}}, {"type": "Feature", "geometry": {"type": "Point", "coordinates": [6.98433781, 47.57685499]}, "properties": {"route": "D13", "pr": "23", "abs": 22178, "label": "D13 PR23+22178"}}, {"type": "Feature", "geometry": {"type": "Point", "coordinates": [6.9973214, 47.57544891]}, "properties": {"route": "D13", "pr": "24", "abs": 23173, "label": "D13 PR24+23173"}}, {"type": "Feature", "geometry": {"type": "Point", "coordinates": [6.78101912, 47.73515108]}, "properties": {"route": "D13", "pr": "1", "abs": 1056, "label": "D13 PR1+1056"}}, {"type": "Feature", "geometry": {"type": "Point", "coordinates": [6.86273168, 47.64384804]}, "properties": {"route": "D13", "pr": "11", "abs": 11030, "label": "D13 PR11+11030"}}, {"type": "Feature", "geometry": {"type": "Point", "coordinates": [7.06065741, 47.56560973]}, "properties": {"route": "D13", "pr": "29", "abs": 28173, "label": "D13 PR29+28173"}}, {"type": "Feature", "geometry": {"type": "Point", "coordinates": [7.04812663, 47.56739124]}, "properties": {"route": "D13", "pr": "28", "abs": 27174, "label": "D13 PR28+27174"}}, {"type": "Feature", "geometry": {"type": "Point", "coordinates": [6.78814377, 47.72813083]}, "properties": {"route": "D13", "pr": "2", "abs": 2058, "label": "D13 PR2+2058"}}, {"type": "Feature", "geometry": {"type": "Point", "coordinates": [6.91296138, 47.6091613]}, "properties": {"route": "D13", "pr": "16", "abs": 15190, "label": "D13 PR16+15190"}}, {"type": "Feature", "geometry": {"type": "Point", "coordinates": [6.95731353, 47.59119682]}, "properties": {"route": "D13", "pr": "20", "abs": 19191, "label": "D13 PR20+19191"}}, {"type": "Feature", "geometry": {"type": "Point", "coordinates": [7.10007404, 47.54003042]}, "properties": {"route": "D13", "pr": "34", "abs": 33162, "label": "D13 PR34+33162"}}, {"type": "Feature", "geometry": {"type": "Point", "coordinates": [6.94765148, 47.59713361]}, "properties": {"route": "D13", "pr": "19", "abs": 18193, "label": "D13 PR19+18193"}}, {"type": "Feature", "geometry": {"type": "Point", "coordinates": [6.89493119, 47.62134779]}, "properties": {"route": "D13", "pr": "14", "abs": 13190, "label": "D13 PR14+13190"}}, {"type": "Feature", "geometry": {"type": "Point", "coordinates": [6.85948781, 47.65982759]}, "properties": {"route": "D13", "pr": "9", "abs": 9060, "label": "D13 PR9+9060"}}, {"type": "Feature", "geometry": {"type": "Point", "coordinates": [7.03522367, 47.56933297]}, "properties": {"route": "D13", "pr": "27", "abs": 26176, "label": "D13 PR27+26176"}}, {"type": "Feature", "geometry": {"type": "Point", "coordinates": [7.10927956, 47.52349863]}, "properties": {"route": "D13", "pr": "36", "abs": 35164, "label": "D13 PR36+35164"}}, {"type": "Feature", "geometry": {"type": "Point", "coordinates": [7.00988466, 47.57356102]}, "properties": {"route": "D13", "pr": "25", "abs": 24171, "label": "D13 PR25+24171"}}, {"type": "Feature", "geometry": {"type": "Point", "coordinates": [7.10521887, 47.53202903]}, "properties": {"route": "D13", "pr": "35", "abs": 34159, "label": "D13 PR35+34159"}}, {"type": "Feature", "geometry": {"type": "Point", "coordinates": [6.83044384, 47.69626343]}, "properties": {"route": "D13", "pr": "7", "abs": 7041, "label": "D13 PR7+7041"}}, {"type": "Feature", "geometry": {"type": "Point", "coordinates": [6.89130649, 47.62857826]}, "properties": {"route": "D13", "pr": "13", "abs": 12199, "label": "D13 PR13+12199"}}, {"type": "Feature", "geometry": {"type": "Point", "coordinates": [6.80052924, 47.67690361]}, "properties": {"route": "D56", "pr": "0", "abs": 0, "label": "D56 PR0"}}, {"type": "Feature", "geometry": {"type": "Point", "coordinates": [7.00482649, 47.50639506]}, "properties": {"route": "D19", "pr": "27", "abs": 23640, "label": "D19 PR27+23640"}}, {"type": "Feature", "geometry": {"type": "Point", "coordinates": [6.85778865, 47.63752935]}, "properties": {"route": "D19", "pr": "5", "abs": 3372, "label": "D19 PR5+3372"}}, {"type": "Feature", "geometry": {"type": "Point", "coordinates": [6.96081333, 47.5414499]}, "properties": {"route": "D19", "pr": "21", "abs": 17598, "label": "D19 PR21+17598"}}, {"type": "Feature", "geometry": {"type": "Point", "coordinates": [6.85852151, 47.62034851]}, "properties": {"route": "D19", "pr": "7", "abs": 5566, "label": "D19 PR7+5566"}}, {"type": "Feature", "geometry": {"type": "Point", "coordinates": [6.86009182, 47.59413867]}, "properties": {"route": "D19", "pr": "10", "abs": 8627, "label": "D19 PR10+8627"}}, {"type": "Feature", "geometry": {"type": "Point", "coordinates": [6.91126794, 47.5666811]}, "properties": {"route": "D19", "pr": "16", "abs": 12596, "label": "D19 PR16+12596"}}, {"type": "Feature", "geometry": {"type": "Point", "coordinates": [6.99693665, 47.53115284]}, "properties": {"route": "D19", "pr": "24", "abs": 20617, "label": "D19 PR24+20617"}}, {"type": "Feature", "geometry": {"type": "Point", "coordinates": [6.85874862, 47.60307157]}, "properties": {"route": "D19", "pr": "9", "abs": 7618, "label": "D19 PR9+7618"}}, {"type": "Feature", "geometry": {"type": "Point", "coordinates": [6.97309813, 47.53822054]}, "properties": {"route": "D19", "pr": "22", "abs": 18594, "label": "D19 PR22+18594"}}, {"type": "Feature", "geometry": {"type": "Point", "coordinates": [6.83393372, 47.63576135]}, "properties": {"route": "D19", "pr": "3", "abs": 3045, "label": "D19 PR3+3045"}}, {"type": "Feature", "geometry": {"type": "Point", "coordinates": [6.98574793, 47.53526395]}, "properties": {"route": "D19", "pr": "23", "abs": 19626, "label": "D19 PR23+19626"}}, {"type": "Feature", "geometry": {"type": "Point", "coordinates": [6.92786244, 47.55424289]}, "properties": {"route": "D19", "pr": "18", "abs": 14587, "label": "D19 PR18+14587"}}, {"type": "Feature", "geometry": {"type": "Point", "coordinates": [6.85813598, 47.6273472]}, "properties": {"route": "D19", "pr": "6", "abs": 4538, "label": "D19 PR6+4538"}}, {"type": "Feature", "geometry": {"type": "Point", "coordinates": [7.00194013, 47.52349031]}, "properties": {"route": "D19", "pr": "25", "abs": 21615, "label": "D19 PR25+21615"}}, {"type": "Feature", "geometry": {"type": "Point", "coordinates": [7.00096834, 47.51452684]}, "properties": {"route": "D19", "pr": "26", "abs": 22641, "label": "D19 PR26+22641"}}, {"type": "Feature", "geometry": {"type": "Point", "coordinates": [6.88800713, 47.58783484]}, "properties": {"route": "D19", "pr": "13", "abs": 11671, "label": "D19 PR13+11671"}}, {"type": "Feature", "geometry": {"type": "Point", "coordinates": [6.85977756, 47.61200976]}, "properties": {"route": "D19", "pr": "8", "abs": 6613, "label": "D19 PR8+6613"}}, {"type": "Feature", "geometry": {"type": "Point", "coordinates": [6.93688445, 47.54892838]}, "properties": {"route": "D19", "pr": "19", "abs": 15584, "label": "D19 PR19+15584"}}, {"type": "Feature", "geometry": {"type": "Point", "coordinates": [6.84677527, 47.59292673]}, "properties": {"route": "D9", "pr": "2", "abs": 2000, "label": "D9 PR2+2000"}}, {"type": "Feature", "geometry": {"type": "Point", "coordinates": [6.85629026, 47.59639754]}, "properties": {"route": "D9", "pr": "1", "abs": 1000, "label": "D9 PR1+1000"}}, {"type": "Feature", "geometry": {"type": "Point", "coordinates": [6.98037967, 47.49627258]}, "properties": {"route": "D50", "pr": "0", "abs": 0, "label": "D50 PR0"}}, {"type": "Feature", "geometry": {"type": "Point", "coordinates": [6.93814827, 47.45917782]}, "properties": {"route": "D50", "pr": "11", "abs": 11000, "label": "D50 PR11+11000"}}, {"type": "Feature", "geometry": {"type": "Point", "coordinates": [6.97815873, 47.48796094]}, "properties": {"route": "D50", "pr": "1", "abs": 1000, "label": "D50 PR1+1000"}}, {"type": "Feature", "geometry": {"type": "Point", "coordinates": [6.95320116, 47.44775152]}, "properties": {"route": "D50", "pr": "9", "abs": 9000, "label": "D50 PR9+9000"}}, {"type": "Feature", "geometry": {"type": "Point", "coordinates": [6.9746832, 47.44814061]}, "properties": {"route": "D50", "pr": "7", "abs": 7000, "label": "D50 PR7+7000"}}, {"type": "Feature", "geometry": {"type": "Point", "coordinates": [6.97542333, 47.47930089]}, "properties": {"route": "D50", "pr": "2", "abs": 2000, "label": "D50 PR2+2000"}}, {"type": "Feature", "geometry": {"type": "Point", "coordinates": [6.98667005, 47.45119686]}, "properties": {"route": "D50", "pr": "6", "abs": 6000, "label": "D50 PR6+6000"}}, {"type": "Feature", "geometry": {"type": "Point", "coordinates": [6.98865945, 47.45690437]}, "properties": {"route": "D50", "pr": "5", "abs": 5000, "label": "D50 PR5+5000"}}, {"type": "Feature", "geometry": {"type": "Point", "coordinates": [6.94371778, 47.45311716]}, "properties": {"route": "D50", "pr": "10", "abs": 10000, "label": "D50 PR10+10000"}}, {"type": "Feature", "geometry": {"type": "Point", "coordinates": [6.98074444, 47.4635875]}, "properties": {"route": "D50", "pr": "4", "abs": 4000, "label": "D50 PR4+4000"}}, {"type": "Feature", "geometry": {"type": "Point", "coordinates": [6.9733756, 47.47067046]}, "properties": {"route": "D50", "pr": "3", "abs": 3000, "label": "D50 PR3+3000"}}, {"type": "Feature", "geometry": {"type": "Point", "coordinates": [6.96619989, 47.44271494]}, "properties": {"route": "D50", "pr": "8", "abs": 8000, "label": "D50 PR8+8000"}}, {"type": "Feature", "geometry": {"type": "Point", "coordinates": [6.96231844, 47.47113314]}, "properties": {"route": "D36", "pr": "0", "abs": 0, "label": "D36 PR0"}}, {"type": "Feature", "geometry": {"type": "Point", "coordinates": [7.00569777, 47.55714734]}, "properties": {"route": "D36", "pr": "12", "abs": 12000, "label": "D36 PR12+12000"}}, {"type": "Feature", "geometry": {"type": "Point", "coordinates": [6.96029476, 47.49698191]}, "properties": {"route": "D36", "pr": "3", "abs": 3000, "label": "D36 PR3+3000"}}, {"type": "Feature", "geometry": {"type": "Point", "coordinates": [6.9604059, 47.50579007]}, "properties": {"route": "D36", "pr": "4", "abs": 4000, "label": "D36 PR4+4000"}}, {"type": "Feature", "geometry": {"type": "Point", "coordinates": [6.95891063, 47.47947352]}, "properties": {"route": "D36", "pr": "1", "abs": 1000, "label": "D36 PR1+1000"}}, {"type": "Feature", "geometry": {"type": "Point", "coordinates": [6.95965517, 47.51743771]}, "properties": {"route": "D36", "pr": "6", "abs": 6000, "label": "D36 PR6+6000"}}, {"type": "Feature", "geometry": {"type": "Point", "coordinates": [6.96207708, 47.52596982]}, "properties": {"route": "D36", "pr": "7", "abs": 7000, "label": "D36 PR7+7000"}}, {"type": "Feature", "geometry": {"type": "Point", "coordinates": [6.95414851, 47.5097584]}, "properties": {"route": "D36", "pr": "5", "abs": 5000, "label": "D36 PR5+5000"}}, {"type": "Feature", "geometry": {"type": "Point", "coordinates": [6.96223668, 47.53472664]}, "properties": {"route": "D36", "pr": "8", "abs": 8000, "label": "D36 PR8+8000"}}, {"type": "Feature", "geometry": {"type": "Point", "coordinates": [6.99990074, 47.55067777]}, "properties": {"route": "D36", "pr": "11", "abs": 11000, "label": "D36 PR11+11000"}}, {"type": "Feature", "geometry": {"type": "Point", "coordinates": [6.95936168, 47.48809894]}, "properties": {"route": "D36", "pr": "2", "abs": 2000, "label": "D36 PR2+2000"}}, {"type": "Feature", "geometry": {"type": "Point", "coordinates": [6.99490342, 47.54263661]}, "properties": {"route": "D36", "pr": "10", "abs": 10000, "label": "D36 PR10+10000"}}, {"type": "Feature", "geometry": {"type": "Point", "coordinates": [6.98427036, 47.53784802]}, "properties": {"route": "D36", "pr": "9", "abs": 9000, "label": "D36 PR9+9000"}}, {"type": "Feature", "geometry": {"type": "Point", "coordinates": [6.92547056, 47.7096621]}, "properties": {"route": "D58", "pr": "0", "abs": 0, "label": "D58 PR0"}}, {"type": "Feature", "geometry": {"type": "Point", "coordinates": [6.88430932, 47.69775852]}, "properties": {"route": "D58", "pr": "4", "abs": 4000, "label": "D58 PR4+4000"}}, {"type": "Feature", "geometry": {"type": "Point", "coordinates": [6.91339687, 47.71099423]}, "properties": {"route": "D58", "pr": "1", "abs": 1000, "label": "D58 PR1+1000"}}, {"type": "Feature", "geometry": {"type": "Point", "coordinates": [6.90096102, 47.70917589]}, "properties": {"route": "D58", "pr": "2", "abs": 2000, "label": "D58 PR2+2000"}}, {"type": "Feature", "geometry": {"type": "Point", "coordinates": [6.89407846, 47.70253221]}, "properties": {"route": "D58", "pr": "3", "abs": 3000, "label": "D58 PR3+3000"}}, {"type": "Feature", "geometry": {"type": "Point", "coordinates": [6.84647198, 47.81003215]}, "properties": {"route": "D466", "pr": "0", "abs": 0, "label": "D466 PR0"}}, {"type": "Feature", "geometry": {"type": "Point", "coordinates": [6.85062213, 47.54823185]}, "properties": {"route": "D437", "pr": "0", "abs": 0, "label": "D437 PR0"}}, {"type": "Feature", "geometry": {"type": "Point", "coordinates": [6.85917136, 47.58783913]}, "properties": {"route": "D437", "pr": "5", "abs": 5000, "label": "D437 PR5+5000"}}, {"type": "Feature", "geometry": {"type": "Point", "coordinates": [6.85975719, 47.57919526]}, "properties": {"route": "D437", "pr": "4", "abs": 4000, "label": "D437 PR4+4000"}}, {"type": "Feature", "geometry": {"type": "Point", "coordinates": [6.86222476, 47.57057374]}, "properties": {"route": "D437", "pr": "3", "abs": 3000, "label": "D437 PR3+3000"}}, {"type": "Feature", "geometry": {"type": "Point", "coordinates": [6.85081653, 47.55687432]}, "properties": {"route": "D437", "pr": "1", "abs": 1000, "label": "D437 PR1+1000"}}, {"type": "Feature", "geometry": {"type": "Point", "coordinates": [6.85555458, 47.56354884]}, "properties": {"route": "D437", "pr": "2", "abs": 2000, "label": "D437 PR2+2000"}}, {"type": "Feature", "geometry": {"type": "Point", "coordinates": [6.86781657, 47.64026694]}, "properties": {"route": "D583", "pr": "0", "abs": 0, "label": "D583 PR0"}}, {"type": "Feature", "geometry": {"type": "Point", "coordinates": [6.86774295, 47.55062357]}, "properties": {"route": "D25", "pr": "0", "abs": 0, "label": "D25 PR0"}}, {"type": "Feature", "geometry": {"type": "Point", "coordinates": [6.96765166, 47.7276777]}, "properties": {"route": "D25", "pr": "22", "abs": 22041, "label": "D25 PR22+22041"}}, {"type": "Feature", "geometry": {"type": "Point", "coordinates": [6.92316923, 47.62244043]}, "properties": {"route": "D25", "pr": "9", "abs": 9215, "label": "D25 PR9+9215"}}, {"type": "Feature", "geometry": {"type": "Point", "coordinates": [6.95101267, 47.67267603]}, "properties": {"route": "D25", "pr": "15", "abs": 15094, "label": "D25 PR15+15094"}}, {"type": "Feature", "geometry": {"type": "Point", "coordinates": [6.92471882, 47.63121754]}, "properties": {"route": "D25", "pr": "10", "abs": 10201, "label": "D25 PR10+10201"}}, {"type": "Feature", "geometry": {"type": "Point", "coordinates": [6.86993657, 47.57695091]}, "properties": {"route": "D25", "pr": "3", "abs": 3071, "label": "D25 PR3+3071"}}, {"type": "Feature", "geometry": {"type": "Point", "coordinates": [6.91642258, 47.6150653]}, "properties": {"route": "D25", "pr": "8", "abs": 8242, "label": "D25 PR8+8242"}}, {"type": "Feature", "geometry": {"type": "Point", "coordinates": [6.93136016, 47.63818755]}, "properties": {"route": "D25", "pr": "11", "abs": 11157, "label": "D25 PR11+11157"}}, {"type": "Feature", "geometry": {"type": "Point", "coordinates": [6.96053567, 47.70298198]}, "properties": {"route": "D25", "pr": "19", "abs": 19090, "label": "D25 PR19+19090"}}, {"type": "Feature", "geometry": {"type": "Point", "coordinates": [6.96917843, 47.71890141]}, "properties": {"route": "D25", "pr": "21", "abs": 21036, "label": "D25 PR21+21036"}}, {"type": "Feature", "geometry": {"type": "Point", "coordinates": [6.86484122, 47.55850093]}, "properties": {"route": "D25", "pr": "1", "abs": 1005, "label": "D25 PR1+1005"}}, {"type": "Feature", "geometry": {"type": "Point", "coordinates": [6.96112658, 47.67780927]}, "properties": {"route": "D25", "pr": "16", "abs": 16046, "label": "D25 PR16+16046"}}, {"type": "Feature", "geometry": {"type": "Point", "coordinates": [6.95927508, 47.69441191]}, "properties": {"route": "D25", "pr": "18", "abs": 18095, "label": "D25 PR18+18095"}}, {"type": "Feature", "geometry": {"type": "Point", "coordinates": [6.86239483, 47.57077088]}, "properties": {"route": "D25", "pr": "2", "abs": 2012, "label": "D25 PR2+2012"}}, {"type": "Feature", "geometry": {"type": "Point", "coordinates": [6.91218074, 47.60638469]}, "properties": {"route": "D25", "pr": "7", "abs": 7237, "label": "D25 PR7+7237"}}, {"type": "Feature", "geometry": {"type": "Point", "coordinates": [6.95974026, 47.68546068]}, "properties": {"route": "D25", "pr": "17", "abs": 17052, "label": "D25 PR17+17052"}}, {"type": "Feature", "geometry": {"type": "Point", "coordinates": [6.87761622, 47.58537173]}, "properties": {"route": "D25", "pr": "4", "abs": 4337, "label": "D25 PR4+4337"}}, {"type": "Feature", "geometry": {"type": "Point", "coordinates": [6.93745289, 47.65722581]}, "properties": {"route": "D25", "pr": "13", "abs": 13144, "label": "D25 PR13+13144"}}, {"type": "Feature", "geometry": {"type": "Point", "coordinates": [6.93763047, 47.66598586]}, "properties": {"route": "D25", "pr": "14", "abs": 14139, "label": "D25 PR14+14139"}}, {"type": "Feature", "geometry": {"type": "Point", "coordinates": [6.89483718, 47.5938812]}, "properties": {"route": "D25", "pr": "5", "abs": 5218, "label": "D25 PR5+5218"}}, {"type": "Feature", "geometry": {"type": "Point", "coordinates": [6.94048509, 47.64876658]}, "properties": {"route": "D25", "pr": "12", "abs": 12165, "label": "D25 PR12+12165"}}, {"type": "Feature", "geometry": {"type": "Point", "coordinates": [6.90251997, 47.60023392]}, "properties": {"route": "D25", "pr": "6", "abs": 6236, "label": "D25 PR6+6236"}}, {"type": "Feature", "geometry": {"type": "Point", "coordinates": [6.96612029, 47.7105123]}, "properties": {"route": "D25", "pr": "20", "abs": 20049, "label": "D25 PR20+20049"}}, {"type": "Feature", "geometry": {"type": "Point", "coordinates": [6.94083277, 47.67726818]}, "properties": {"route": "D52", "pr": "1", "abs": 1000, "label": "D52 PR1+1000"}}, {"type": "Feature", "geometry": {"type": "Point", "coordinates": [6.94301497, 47.67016966]}, "properties": {"route": "D52", "pr": "0", "abs": 0, "label": "D52 PR0"}}, {"type": "Feature", "geometry": {"type": "Point", "coordinates": [7.03789525, 47.68405919]}, "properties": {"route": "D32", "pr": "1", "abs": 1000, "label": "D32 PR1+1000"}}, {"type": "Feature", "geometry": {"type": "Point", "coordinates": [7.02791906, 47.68397456]}, "properties": {"route": "D32", "pr": "0", "abs": 0, "label": "D32 PR0"}}, {"type": "Feature", "geometry": {"type": "Point", "coordinates": [6.87121332, 47.6889463]}, "properties": {"route": "D7", "pr": "0", "abs": 0, "label": "D7 PR0"}}, {"type": "Feature", "geometry": {"type": "Point", "coordinates": [6.86774242, 47.66231568]}, "properties": {"route": "D7", "pr": "4", "abs": 4000, "label": "D7 PR4+4000"}}, {"type": "Feature", "geometry": {"type": "Point", "coordinates": [6.87483821, 47.68393736]}, "properties": {"route": "D7", "pr": "1", "abs": 1000, "label": "D7 PR1+1000"}}, {"type": "Feature", "geometry": {"type": "Point", "coordinates": [6.86551556, 47.67054945]}, "properties": {"route": "D7", "pr": "3", "abs": 3000, "label": "D7 PR3+3000"}}, {"type": "Feature", "geometry": {"type": "Point", "coordinates": [6.86417872, 47.67905016]}, "properties": {"route": "D7", "pr": "2", "abs": 2000, "label": "D7 PR2+2000"}}, {"type": "Feature", "geometry": {"type": "Point", "coordinates": [7.0032518, 47.64011254]}, "properties": {"route": "D49", "pr": "0", "abs": 0, "label": "D49 PR0"}}, {"type": "Feature", "geometry": {"type": "Point", "coordinates": [7.01365383, 47.64534586]}, "properties": {"route": "D49", "pr": "1", "abs": 1000, "label": "D49 PR1+1000"}}, {"type": "Feature", "geometry": {"type": "Point", "coordinates": [6.84642376, 47.8052625]}, "properties": {"route": "D59", "pr": "0", "abs": 0, "label": "D59 PR0"}}, {"type": "Feature", "geometry": {"type": "Point", "coordinates": [6.92063866, 47.488859]}, "properties": {"route": "D39", "pr": "5", "abs": 5000, "label": "D39 PR5+5000"}}, {"type": "Feature", "geometry": {"type": "Point", "coordinates": [6.92956058, 47.45914195]}, "properties": {"route": "D39", "pr": "0", "abs": 0, "label": "D39 PR0"}}, {"type": "Feature", "geometry": {"type": "Point", "coordinates": [6.92212475, 47.47117539]}, "properties": {"route": "D39", "pr": "2", "abs": 2000, "label": "D39 PR2+2000"}}, {"type": "Feature", "geometry": {"type": "Point", "coordinates": [6.92679091, 47.46718034]}, "properties": {"route": "D39", "pr": "1", "abs": 1000, "label": "D39 PR1+1000"}}, {"type": "Feature", "geometry": {"type": "Point", "coordinates": [6.92728485, 47.48337868]}, "properties": {"route": "D39", "pr": "4", "abs": 4000, "label": "D39 PR4+4000"}}, {"type": "Feature", "geometry": {"type": "Point", "coordinates": [6.9254295, 47.47840671]}, "properties": {"route": "D39", "pr": "3", "abs": 3000, "label": "D39 PR3+3000"}}, {"type": "Feature", "geometry": {"type": "Point", "coordinates": [6.96371127, 47.73549666]}, "properties": {"route": "D51", "pr": "0", "abs": 0, "label": "D51 PR0"}}, {"type": "Feature", "geometry": {"type": "Point", "coordinates": [6.95257593, 47.73771554]}, "properties": {"route": "D51", "pr": "1", "abs": 1000, "label": "D51 PR1+1000"}}, {"type": "Feature", "geometry": {"type": "Point", "coordinates": [6.93725251, 47.66563722]}, "properties": {"route": "D53", "pr": "0", "abs": 0, "label": "D53 PR0"}}, {"type": "Feature", "geometry": {"type": "Point", "coordinates": [6.96893916, 47.73342686]}, "properties": {"route": "D15", "pr": "0", "abs": 0, "label": "D15 PR0"}}, {"type": "Feature", "geometry": {"type": "Point", "coordinates": [7.02320287, 47.70937627]}, "properties": {"route": "D15", "pr": "4", "abs": 3969, "label": "D15 PR4+3969"}}, {"type": "Feature", "geometry": {"type": "Point", "coordinates": [6.98027489, 47.72906642]}, "properties": {"route": "D15", "pr": "1", "abs": 986, "label": "D15 PR1+986"}}, {"type": "Feature", "geometry": {"type": "Point", "coordinates": [7.00405679, 47.7232834]}, "properties": {"route": "D15", "pr": "3", "abs": 2945, "label": "D15 PR3+2945"}}, {"type": "Feature", "geometry": {"type": "Point", "coordinates": [6.99274892, 47.72649719]}, "properties": {"route": "D15", "pr": "2", "abs": 1992, "label": "D15 PR2+1992"}}, {"type": "Feature", "geometry": {"type": "Point", "coordinates": [6.78598779, 47.61437597]}, "properties": {"route": "D17", "pr": "4", "abs": 3941, "label": "D17 PR4+3941"}}, {"type": "Feature", "geometry": {"type": "Point", "coordinates": [6.83104913, 47.61914038]}, "properties": {"route": "D17", "pr": "0", "abs": 0, "label": "D17 PR0"}}, {"type": "Feature", "geometry": {"type": "Point", "coordinates": [6.79572013, 47.61931619]}, "properties": {"route": "D17", "pr": "3", "abs": 2982, "label": "D17 PR3+2982"}}, {"type": "Feature", "geometry": {"type": "Point", "coordinates": [6.81934597, 47.61801275]}, "properties": {"route": "D17", "pr": "1", "abs": 988, "label": "D17 PR1+988"}}, {"type": "Feature", "geometry": {"type": "Point", "coordinates": [6.8062084, 47.61707765]}, "properties": {"route": "D17", "pr": "2", "abs": 1997, "label": "D17 PR2+1997"}}, {"type": "Feature", "geometry": {"type": "Point", "coordinates": [6.98947995, 47.74386587]}, "properties": {"route": "D2", "pr": "7", "abs": 6936, "label": "D2 PR7+6936"}}, {"type": "Feature", "geometry": {"type": "Point", "coordinates": [6.92081252, 47.72232579]}, "properties": {"route": "D2", "pr": "0", "abs": 0, "label": "D2 PR0"}}, {"type": "Feature", "geometry": {"type": "Point", "coordinates": [6.94796566, 47.72627939]}, "properties": {"route": "D2", "pr": "3", "abs": 2973, "label": "D2 PR3+2973"}}, {"type": "Feature", "geometry": {"type": "Point", "coordinates": [6.94202787, 47.71888997]}, "properties": {"route": "D2", "pr": "2", "abs": 1980, "label": "D2 PR2+1980"}}, {"type": "Feature", "geometry": {"type": "Point", "coordinates": [6.97861312, 47.73919743]}, "properties": {"route": "D2", "pr": "6", "abs": 5937, "label": "D2 PR6+5937"}}, {"type": "Feature", "geometry": {"type": "Point", "coordinates": [6.9580894, 47.73119646]}, "properties": {"route": "D2", "pr": "4", "abs": 3935, "label": "D2 PR4+3935"}}, {"type": "Feature", "geometry": {"type": "Point", "coordinates": [6.93141593, 47.71895441]}, "properties": {"route": "D2", "pr": "1", "abs": 983, "label": "D2 PR1+983"}}, {"type": "Feature", "geometry": {"type": "Point", "coordinates": [6.96816276, 47.73578819]}, "properties": {"route": "D2", "pr": "5", "abs": 4937, "label": "D2 PR5+4937"}}, {"type": "Feature", "geometry": {"type": "Point", "coordinates": [6.92067335, 47.72237641]}, "properties": {"route": "D55", "pr": "0", "abs": 0, "label": "D55 PR0"}}, {"type": "Feature", "geometry": {"type": "Point", "coordinates": [6.91391043, 47.75912681]}, "properties": {"route": "D55", "pr": "5", "abs": 5000, "label": "D55 PR5+5000"}}, {"type": "Feature", "geometry": {"type": "Point", "coordinates": [6.91302031, 47.73826701]}, "properties": {"route": "D55", "pr": "2", "abs": 2000, "label": "D55 PR2+2000"}}, {"type": "Feature", "geometry": {"type": "Point", "coordinates": [6.91091264, 47.74638029]}, "properties": {"route": "D55", "pr": "3", "abs": 3000, "label": "D55 PR3+3000"}}, {"type": "Feature", "geometry": {"type": "Point", "coordinates": [6.91245682, 47.75393526]}, "properties": {"route": "D55", "pr": "4", "abs": 4000, "label": "D55 PR4+4000"}}, {"type": "Feature", "geometry": {"type": "Point", "coordinates": [6.85492262, 47.61201076]}, "properties": {"route": "D10", "pr": "3", "abs": 2526, "label": "D10 PR3+2526"}}, {"type": "Feature", "geometry": {"type": "Point", "coordinates": [6.84246068, 47.61987543]}, "properties": {"route": "D10", "pr": "0", "abs": 0, "label": "D10 PR0"}}, {"type": "Feature", "geometry": {"type": "Point", "coordinates": [6.83970318, 47.6153603]}, "properties": {"route": "D10", "pr": "1", "abs": 542, "label": "D10 PR1+542"}}, {"type": "Feature", "geometry": {"type": "Point", "coordinates": [6.84288775, 47.60748642]}, "properties": {"route": "D10", "pr": "2", "abs": 1530, "label": "D10 PR2+1530"}}, {"type": "Feature", "geometry": {"type": "Point", "coordinates": [6.85522241, 47.66112376]}, "properties": {"route": "D5", "pr": "0", "abs": 0, "label": "D5 PR0"}}, {"type": "Feature", "geometry": {"type": "Point", "coordinates": [6.84419271, 47.68608058]}, "properties": {"route": "D5", "pr": "3", "abs": 3000, "label": "D5 PR3+3000"}}, {"type": "Feature", "geometry": {"type": "Point", "coordinates": [6.85223944, 47.66933261]}, "properties": {"route": "D5", "pr": "1", "abs": 1000, "label": "D5 PR1+1000"}}, {"type": "Feature", "geometry": {"type": "Point", "coordinates": [6.84409661, 47.67620359]}, "properties": {"route": "D5", "pr": "2", "abs": 2000, "label": "D5 PR2+2000"}}, {"type": "Feature", "geometry": {"type": "Point", "coordinates": [6.8770363, 47.58441139]}, "properties": {"route": "D119", "pr": "0", "abs": 0, "label": "D119 PR0"}}, {"type": "Feature", "geometry": {"type": "Point", "coordinates": [6.90240222, 47.57304169]}, "properties": {"route": "D119", "pr": "3", "abs": 2964, "label": "D119 PR3+2964"}}, {"type": "Feature", "geometry": {"type": "Point", "coordinates": [6.88987493, 47.58566191]}, "properties": {"route": "D119", "pr": "1", "abs": 967, "label": "D119 PR1+967"}}, {"type": "Feature", "geometry": {"type": "Point", "coordinates": [6.8978622, 47.58183359]}, "properties": {"route": "D119", "pr": "2", "abs": 1968, "label": "D119 PR2+1968"}}, {"type": "Feature", "geometry": {"type": "Point", "coordinates": [6.93265608, 47.70106751]}, "properties": {"route": "D27", "pr": "0", "abs": 0, "label": "D27 PR0"}}, {"type": "Feature", "geometry": {"type": "Point", "coordinates": [7.02056066, 47.6514621]}, "properties": {"route": "D27", "pr": "11", "abs": 11000, "label": "D27 PR11+11000"}}, {"type": "Feature", "geometry": {"type": "Point", "coordinates": [6.9746182, 47.70785169]}, "properties": {"route": "D27", "pr": "3", "abs": 3000, "label": "D27 PR3+3000"}}, {"type": "Feature", "geometry": {"type": "Point", "coordinates": [6.95613274, 47.70102409]}, "properties": {"route": "D27", "pr": "2", "abs": 2000, "label": "D27 PR2+2000"}}, {"type": "Feature", "geometry": {"type": "Point", "coordinates": [7.02785075, 47.68409498]}, "properties": {"route": "D27", "pr": "8", "abs": 8000, "label": "D27 PR8+8000"}}, {"type": "Feature", "geometry": {"type": "Point", "coordinates": [6.94476046, 47.70050909]}, "properties": {"route": "D27", "pr": "1", "abs": 1000, "label": "D27 PR1+1000"}}, {"type": "Feature", "geometry": {"type": "Point", "coordinates": [7.00160761, 47.69931819]}, "properties": {"route": "D27", "pr": "5", "abs": 5000, "label": "D27 PR5+5000"}}, {"type": "Feature", "geometry": {"type": "Point", "coordinates": [7.02781935, 47.67550624]}, "properties": {"route": "D27", "pr": "9", "abs": 9000, "label": "D27 PR9+9000"}}, {"type": "Feature", "geometry": {"type": "Point", "coordinates": [7.02474366, 47.65879574]}, "properties": {"route": "D27", "pr": "10", "abs": 10000, "label": "D27 PR10+10000"}}, {"type": "Feature", "geometry": {"type": "Point", "coordinates": [7.01313906, 47.69412281]}, "properties": {"route": "D27", "pr": "6", "abs": 6000, "label": "D27 PR6+6000"}}, {"type": "Feature", "geometry": {"type": "Point", "coordinates": [7.02198187, 47.68926842]}, "properties": {"route": "D27", "pr": "7", "abs": 7000, "label": "D27 PR7+7000"}}, {"type": "Feature", "geometry": {"type": "Point", "coordinates": [6.98106319, 47.70017213]}, "properties": {"route": "D27", "pr": "4", "abs": 4000, "label": "D27 PR4+4000"}}, {"type": "Feature", "geometry": {"type": "Point", "coordinates": [6.81541107, 47.59202841]}, "properties": {"route": "D18", "pr": "4", "abs": 3953, "label": "D18 PR4+3953"}}, {"type": "Feature", "geometry": {"type": "Point", "coordinates": [6.85924757, 47.58870897]}, "properties": {"route": "D18", "pr": "0", "abs": 0, "label": "D18 PR0"}}, {"type": "Feature", "geometry": {"type": "Point", "coordinates": [6.82760833, 47.5932536]}, "properties": {"route": "D18", "pr": "3", "abs": 2948, "label": "D18 PR3+2948"}}, {"type": "Feature", "geometry": {"type": "Point", "coordinates": [6.8385564, 47.58880784]}, "properties": {"route": "D18", "pr": "2", "abs": 1933, "label": "D18 PR2+1933"}}, {"type": "Feature", "geometry": {"type": "Point", "coordinates": [6.84931381, 47.58630484]}, "properties": {"route": "D18", "pr": "1", "abs": 951, "label": "D18 PR1+951"}}, {"type": "Feature", "geometry": {"type": "Point", "coordinates": [6.95771115, 47.65245124]}, "properties": {"route": "D33", "pr": "0", "abs": 0, "label": "D33 PR0"}}, {"type": "Feature", "geometry": {"type": "Point", "coordinates": [7.00848694, 47.56010683]}, "properties": {"route": "D41", "pr": "0", "abs": 0, "label": "D41 PR0"}}, {"type": "Feature", "geometry": {"type": "Point", "coordinates": [6.99874039, 47.59307792]}, "properties": {"route": "D41", "pr": "4", "abs": 4000, "label": "D41 PR4+4000"}}, {"type": "Feature", "geometry": {"type": "Point", "coordinates": [6.99760769, 47.58471506]}, "properties": {"route": "D41", "pr": "3", "abs": 3000, "label": "D41 PR3+3000"}}, {"type": "Feature", "geometry": {"type": "Point", "coordinates": [7.00355742, 47.56825628]}, "properties": {"route": "D41", "pr": "1", "abs": 1000, "label": "D41 PR1+1000"}}, {"type": "Feature", "geometry": {"type": "Point", "coordinates": [7.00067409, 47.57614597]}, "properties": {"route": "D41", "pr": "2", "abs": 2000, "label": "D41 PR2+2000"}}, {"type": "Feature", "geometry": {"type": "Point", "coordinates": [6.99934132, 47.52720462]}, "properties": {"route": "D44", "pr": "0", "abs": 0, "label": "D44 PR0"}}, {"type": "Feature", "geometry": {"type": "Point", "coordinates": [6.75767647, 47.72571131]}, "properties": {"route": "D12", "pr": "23", "abs": 22943, "label": "D12 PR23+22943"}}, {"type": "Feature", "geometry": {"type": "Point", "coordinates": [6.99872352, 47.67278194]}, "properties": {"route": "D12", "pr": "0", "abs": 0, "label": "D12 PR0"}}, {"type": "Feature", "geometry": {"type": "Point", "coordinates": [6.84324942, 47.73237028]}, "properties": {"route": "D12", "pr": "15", "abs": 14988, "label": "D12 PR15+14988"}}, {"type": "Feature", "geometry": {"type": "Point", "coordinates": [6.88917934, 47.7224811]}, "properties": {"route": "D12", "pr": "11", "abs": 11119, "label": "D12 PR11+11119"}}, {"type": "Feature", "geometry": {"type": "Point", "coordinates": [6.76825952, 47.73198739]}, "properties": {"route": "D12", "pr": "22", "abs": 21947, "label": "D12 PR22+21947"}}, {"type": "Feature", "geometry": {"type": "Point", "coordinates": [6.93977973, 47.69720752]}, "properties": {"route": "D12", "pr": "5", "abs": 5252, "label": "D12 PR5+5252"}}, {"type": "Feature", "geometry": {"type": "Point", "coordinates": [6.97094584, 47.68605279]}, "properties": {"route": "D12", "pr": "3", "abs": 3026, "label": "D12 PR3+3026"}}, {"type": "Feature", "geometry": {"type": "Point", "coordinates": [6.98897265, 47.67544322]}, "properties": {"route": "D12", "pr": "1", "abs": 968, "label": "D12 PR1+968"}}, {"type": "Feature", "geometry": {"type": "Point", "coordinates": [6.9308715, 47.70268119]}, "properties": {"route": "D12", "pr": "6", "abs": 6251, "label": "D12 PR6+6251"}}, {"type": "Feature", "geometry": {"type": "Point", "coordinates": [6.86508064, 47.72233308]}, "properties": {"route": "D12", "pr": "13", "abs": 12987, "label": "D12 PR13+12987"}}, {"type": "Feature", "geometry": {"type": "Point", "coordinates": [6.97981949, 47.68077703]}, "properties": {"route": "D12", "pr": "2", "abs": 2033, "label": "D12 PR2+2033"}}, {"type": "Feature", "geometry": {"type": "Point", "coordinates": [6.90023096, 47.72031787]}, "properties": {"route": "D12", "pr": "10", "abs": 10245, "label": "D12 PR10+10245"}}, {"type": "Feature", "geometry": {"type": "Point", "coordinates": [6.92195257, 47.71901991]}, "properties": {"route": "D12", "pr": "8", "abs": 8219, "label": "D12 PR8+8219"}}, {"type": "Feature", "geometry": {"type": "Point", "coordinates": [6.85373652, 47.72680585]}, "properties": {"route": "D12", "pr": "14", "abs": 13988, "label": "D12 PR14+13988"}}, {"type": "Feature", "geometry": {"type": "Point", "coordinates": [6.92509011, 47.71055082]}, "properties": {"route": "D12", "pr": "7", "abs": 7243, "label": "D12 PR7+7243"}}, {"type": "Feature", "geometry": {"type": "Point", "coordinates": [6.81047973, 47.74136231]}, "properties": {"route": "D12", "pr": "18", "abs": 17991, "label": "D12 PR18+17991"}}, {"type": "Feature", "geometry": {"type": "Point", "coordinates": [6.91299659, 47.72188201]}, "properties": {"route": "D12", "pr": "9", "abs": 9244, "label": "D12 PR9+9244"}}, {"type": "Feature", "geometry": {"type": "Point", "coordinates": [6.94828184, 47.69054641]}, "properties": {"route": "D12", "pr": "4", "abs": 4253, "label": "D12 PR4+4253"}}, {"type": "Feature", "geometry": {"type": "Point", "coordinates": [6.83431961, 47.73879456]}, "properties": {"route": "D12", "pr": "16", "abs": 15994, "label": "D12 PR16+15994"}}, {"type": "Feature", "geometry": {"type": "Point", "coordinates": [6.79885649, 47.74116097]}, "properties": {"route": "D12", "pr": "19", "abs": 18985, "label": "D12 PR19+18985"}}, {"type": "Feature", "geometry": {"type": "Point", "coordinates": [6.81857471, 47.66075164]}, "properties": {"route": "D4", "pr": "4", "abs": 4000, "label": "D4 PR4+4000"}}, {"type": "Feature", "geometry": {"type": "Point", "coordinates": [6.8203914, 47.65855471]}, "properties": {"route": "D4", "pr": "2", "abs": 2000, "label": "D4 PR2+2000"}}, {"type": "Feature", "geometry": {"type": "Point", "coordinates": [6.83092035, 47.65895866]}, "properties": {"route": "D4", "pr": "1", "abs": 1000, "label": "D4 PR1+1000"}}, {"type": "Feature", "geometry": {"type": "Point", "coordinates": [6.81910505, 47.65931049]}, "properties": {"route": "D4", "pr": "3", "abs": 3000, "label": "D4 PR3+3000"}}, {"type": "Feature", "geometry": {"type": "Point", "coordinates": [6.90100583, 47.6562384]}, "properties": {"route": "D46", "pr": "0", "abs": 0, "label": "D46 PR0"}}, {"type": "Feature", "geometry": {"type": "Point", "coordinates": [6.93522141, 47.66010018]}, "properties": {"route": "D46", "pr": "3", "abs": 3000, "label": "D46 PR3+3000"}}, {"type": "Feature", "geometry": {"type": "Point", "coordinates": [6.92419121, 47.65930699]}, "properties": {"route": "D46", "pr": "2", "abs": 2000, "label": "D46 PR2+2000"}}, {"type": "Feature", "geometry": {"type": "Point", "coordinates": [6.9115873, 47.65971181]}, "properties": {"route": "D46", "pr": "1", "abs": 1000, "label": "D46 PR1+1000"}}, {"type": "Feature", "geometry": {"type": "Point", "coordinates": [6.84536403, 47.62757224]}, "properties": {"route": "D483", "pr": "0", "abs": 0, "label": "D483 PR0"}}, {"type": "Feature", "geometry": {"type": "Point", "coordinates": [6.85958027, 47.64069273]}, "properties": {"route": "D483", "pr": "1", "abs": 1000, "label": "D483 PR1+1000"}}, {"type": "Feature", "geometry": {"type": "Point", "coordinates": [6.79784056, 47.64090078]}, "properties": {"route": "D19", "pr": "0", "abs": 0, "label": "D19 PR0"}}, {"type": "Feature", "geometry": {"type": "Point", "coordinates": [6.91953372, 47.56037416]}, "properties": {"route": "D19", "pr": "17", "abs": 13597, "label": "D19 PR17+13597"}}, {"type": "Feature", "geometry": {"type": "Point", "coordinates": [6.87573445, 47.5875422]}, "properties": {"route": "D19", "pr": "12", "abs": 10644, "label": "D19 PR12+10644"}}, {"type": "Feature", "geometry": {"type": "Point", "coordinates": [6.94868216, 47.54612825]}, "properties": {"route": "D19", "pr": "20", "abs": 16540, "label": "D19 PR20+16540"}}, {"type": "Feature", "geometry": {"type": "Point", "coordinates": [6.86323222, 47.58650428]}, "properties": {"route": "D19", "pr": "11", "abs": 9647, "label": "D19 PR11+9647"}}, {"type": "Feature", "geometry": {"type": "Point", "coordinates": [6.86446095, 47.549952]}, "properties": {"route": "A36", "pr": "43", "abs": 0, "label": "A36 PR43 (G)"}}, {"type": "Feature", "geometry": {"type": "Point", "coordinates": [7.02692704, 47.70076108]}, "properties": {"route": "A36", "pr": "19", "abs": 0, "label": "A36 PR19 (G)"}}, {"type": "Feature", "geometry": {"type": "Point", "coordinates": [6.96471647, 47.51753229]}, "properties": {"route": "N19", "pr": "18", "abs": 8556, "label": "N19 PR18+8556 (G)"}}, {"type": "Feature", "geometry": {"type": "Point", "coordinates": [6.95851406, 47.52547268]}, "properties": {"route": "N19", "pr": "17", "abs": 7556, "label": "N19 PR17+7556 (G)"}}, {"type": "Feature", "geometry": {"type": "Point", "coordinates": [6.95351833, 47.53368444]}, "properties": {"route": "N19", "pr": "16", "abs": 6556, "label": "N19 PR16+6556 (G)"}}, {"type": "Feature", "geometry": {"type": "Point", "coordinates": [6.89814027, 47.57973166]}, "properties": {"route": "N19", "pr": "9", "abs": 8926, "label": "N19 PR9+8926"}}, {"type": "Feature", "geometry": {"type": "Point", "coordinates": [6.79290328, 47.59075743]}, "properties": {"route": "N19", "pr": "99", "abs": 40132, "label": "N19 PR99+40132 (G)"}}, {"type": "Feature", "geometry": {"type": "Point", "coordinates": [6.89627309, 47.58144961]}, "properties": {"route": "N19", "pr": "8", "abs": 5142, "label": "N19 PR8+5142 (G)"}}, {"type": "Feature", "geometry": {"type": "Point", "coordinates": [6.94793617, 47.54558032]}, "properties": {"route": "N19", "pr": "14", "abs": 5142, "label": "N19 PR14+5142 (G)"}}, {"type": "Feature", "geometry": {"type": "Point", "coordinates": [6.84167422, 47.5967762]}, "properties": {"route": "N19", "pr": "3", "abs": 0, "label": "N19 PR3 (G)"}}, {"type": "Feature", "geometry": {"type": "Point", "coordinates": [7.12366401, 47.79455586]}, "properties": {"route": "D103", "pr": "FS", "abs": null, "label": "D103 PRFS"}}, {"type": "Feature", "geometry": {"type": "Point", "coordinates": [7.1305426, 47.78766842]}, "properties": {"route": "D103", "pr": "FS", "abs": null, "label": "D103 PRFS"}}, {"type": "Feature", "geometry": {"type": "Point", "coordinates": [7.09498385, 47.7128734]}, "properties": {"route": "D483", "pr": "FS", "abs": null, "label": "D483 PRFS"}}, {"type": "Feature", "geometry": {"type": "Point", "coordinates": [7.1051038, 47.63271289]}, "properties": {"route": "D419", "pr": "DS", "abs": null, "label": "D419 PRDS"}}, {"type": "Feature", "geometry": {"type": "Point", "coordinates": [7.11377174, 47.79043999]}, "properties": {"route": "D351", "pr": "DS", "abs": null, "label": "D351 PRDS"}}, {"type": "Feature", "geometry": {"type": "Point", "coordinates": [7.05992699, 47.66975766]}, "properties": {"route": "D32III", "pr": "DS", "abs": null, "label": "D32III PRDS"}}, {"type": "Feature", "geometry": {"type": "Point", "coordinates": [7.09376396, 47.71291702]}, "properties": {"route": "D258", "pr": "DS", "abs": null, "label": "D258 PRDS"}}, {"type": "Feature", "geometry": {"type": "Point", "coordinates": [7.13114024, 47.78706422]}, "properties": {"route": "D103", "pr": "DS", "abs": null, "label": "D103 PRDS"}}, {"type": "Feature", "geometry": {"type": "Point", "coordinates": [7.1035852, 47.63323498]}, "properties": {"route": "D419", "pr": "DS", "abs": null, "label": "D419 PRDS"}}, {"type": "Feature", "geometry": {"type": "Point", "coordinates": [6.8938861, 47.5214793]}, "properties": {"route": "D52", "pr": "3", "abs": 3012, "label": "D52 PR3+3012"}}, {"type": "Feature", "geometry": {"type": "Point", "coordinates": [6.87119858, 47.51274735]}, "properties": {"route": "D52", "pr": "1", "abs": 1010, "label": "D52 PR1+1010"}}, {"type": "Feature", "geometry": {"type": "Point", "coordinates": [6.75852688, 47.46023651]}, "properties": {"route": "D475", "pr": "1", "abs": 105, "label": "D475 PR1+105"}}, {"type": "Feature", "geometry": {"type": "Point", "coordinates": [6.80862139, 47.52467427]}, "properties": {"route": "D623", "pr": "0", "abs": 0, "label": "D623 PR0 (G)"}}, {"type": "Feature", "geometry": {"type": "Point", "coordinates": [6.84773749, 47.44679181]}, "properties": {"route": "D448", "pr": "0", "abs": 0, "label": "D448 PR0"}}, {"type": "Feature", "geometry": {"type": "Point", "coordinates": [6.75764647, 47.50726905]}, "properties": {"route": "D479", "pr": "2", "abs": 1957, "label": "D479 PR2+1957"}}, {"type": "Feature", "geometry": {"type": "Point", "coordinates": [6.93365691, 47.49785168]}, "properties": {"route": "D210", "pr": "1", "abs": 1001, "label": "D210 PR1+1001"}}, {"type": "Feature", "geometry": {"type": "Point", "coordinates": [6.94379115, 47.50405754]}, "properties": {"route": "D209", "pr": "0", "abs": 0, "label": "D209 PR0"}}, {"type": "Feature", "geometry": {"type": "Point", "coordinates": [6.86837469, 47.54311617]}, "properties": {"route": "D209", "pr": "8", "abs": 7992, "label": "D209 PR8+7992"}}, {"type": "Feature", "geometry": {"type": "Point", "coordinates": [6.8974106, 47.52948976]}, "properties": {"route": "D209", "pr": "5", "abs": 4996, "label": "D209 PR5+4996"}}, {"type": "Feature", "geometry": {"type": "Point", "coordinates": [6.8916783, 47.53585128]}, "properties": {"route": "D209", "pr": "6", "abs": 6001, "label": "D209 PR6+6001"}}, {"type": "Feature", "geometry": {"type": "Point", "coordinates": [6.90285713, 47.52411621]}, "properties": {"route": "D209", "pr": "4", "abs": 3991, "label": "D209 PR4+3991"}}, {"type": "Feature", "geometry": {"type": "Point", "coordinates": [6.92388649, 47.51483776]}, "properties": {"route": "D209", "pr": "2", "abs": 1997, "label": "D209 PR2+1997"}}, {"type": "Feature", "geometry": {"type": "Point", "coordinates": [6.88075054, 47.54029837]}, "properties": {"route": "D209", "pr": "7", "abs": 6989, "label": "D209 PR7+6989"}}, {"type": "Feature", "geometry": {"type": "Point", "coordinates": [6.7863059, 47.50933808]}, "properties": {"route": "D37", "pr": "0", "abs": 0, "label": "D37 PR0"}}, {"type": "Feature", "geometry": {"type": "Point", "coordinates": [6.75871435, 47.52230673]}, "properties": {"route": "D37", "pr": "3", "abs": 3016, "label": "D37 PR3+3016"}}, {"type": "Feature", "geometry": {"type": "Point", "coordinates": [6.77778774, 47.51452799]}, "properties": {"route": "D37", "pr": "1", "abs": 1005, "label": "D37 PR1+1005"}}, {"type": "Feature", "geometry": {"type": "Point", "coordinates": [6.9282734, 47.45520351]}, "properties": {"route": "D148", "pr": "3", "abs": 2945, "label": "D148 PR3+2945"}}, {"type": "Feature", "geometry": {"type": "Point", "coordinates": [6.92126276, 47.4393772]}, "properties": {"route": "D148", "pr": "1", "abs": 940, "label": "D148 PR1+940"}}, {"type": "Feature", "geometry": {"type": "Point", "coordinates": [6.92546473, 47.44704067]}, "properties": {"route": "D148", "pr": "2", "abs": 1936, "label": "D148 PR2+1936"}}, {"type": "Feature", "geometry": {"type": "Point", "coordinates": [6.8903821, 47.44985434]}, "properties": {"route": "D480", "pr": "11", "abs": 10938, "label": "D480 PR11+10938"}}, {"type": "Feature", "geometry": {"type": "Point", "coordinates": [6.9154826, 47.51812181]}, "properties": {"route": "D480", "pr": "20", "abs": 19884, "label": "D480 PR20+19884"}}, {"type": "Feature", "geometry": {"type": "Point", "coordinates": [6.89953934, 47.48568511]}, "properties": {"route": "D480", "pr": "16", "abs": 15895, "label": "D480 PR16+15895"}}, {"type": "Feature", "geometry": {"type": "Point", "coordinates": [6.90558269, 47.49333702]}, "properties": {"route": "D480", "pr": "17", "abs": 16882, "label": "D480 PR17+16882"}}, {"type": "Feature", "geometry": {"type": "Point", "coordinates": [6.91304619, 47.50979313]}, "properties": {"route": "D480", "pr": "19", "abs": 18906, "label": "D480 PR19+18906"}}, {"type": "Feature", "geometry": {"type": "Point", "coordinates": [6.8881964, 47.44473338]}, "properties": {"route": "D480", "pr": "10", "abs": 9941, "label": "D480 PR10+9941"}}, {"type": "Feature", "geometry": {"type": "Point", "coordinates": [6.89479222, 47.45526131]}, "properties": {"route": "D480", "pr": "12", "abs": 11936, "label": "D480 PR12+11936"}}, {"type": "Feature", "geometry": {"type": "Point", "coordinates": [6.89838881, 47.46340733]}, "properties": {"route": "D480", "pr": "13", "abs": 12914, "label": "D480 PR13+12914"}}, {"type": "Feature", "geometry": {"type": "Point", "coordinates": [6.91305152, 47.49959876]}, "properties": {"route": "D480", "pr": "18", "abs": 17875, "label": "D480 PR18+17875"}}, {"type": "Feature", "geometry": {"type": "Point", "coordinates": [6.8986294, 47.46882493]}, "properties": {"route": "D480", "pr": "14", "abs": 13913, "label": "D480 PR14+13913"}}, {"type": "Feature", "geometry": {"type": "Point", "coordinates": [6.89355893, 47.47664556]}, "properties": {"route": "D480", "pr": "15", "abs": 14897, "label": "D480 PR15+14897"}}, {"type": "Feature", "geometry": {"type": "Point", "coordinates": [6.88290442, 47.4336857]}, "properties": {"route": "D480", "pr": "8", "abs": 7973, "label": "D480 PR8+7973"}}, {"type": "Feature", "geometry": {"type": "Point", "coordinates": [6.88113696, 47.43977514]}, "properties": {"route": "D480", "pr": "9", "abs": 8936, "label": "D480 PR9+8936"}}, {"type": "Feature", "geometry": {"type": "Point", "coordinates": [6.78095664, 47.49849122]}, "properties": {"route": "D472", "pr": "0", "abs": 0, "label": "D472 PR0"}}, {"type": "Feature", "geometry": {"type": "Point", "coordinates": [6.81319831, 47.48611234]}, "properties": {"route": "D472", "pr": "3", "abs": 2997, "label": "D472 PR3+2997"}}, {"type": "Feature", "geometry": {"type": "Point", "coordinates": [6.80088659, 47.48908166]}, "properties": {"route": "D472", "pr": "2", "abs": 1960, "label": "D472 PR2+1960"}}, {"type": "Feature", "geometry": {"type": "Point", "coordinates": [6.79148801, 47.49450518]}, "properties": {"route": "D472", "pr": "1", "abs": 995, "label": "D472 PR1+995"}}, {"type": "Feature", "geometry": {"type": "Point", "coordinates": [6.79602694, 47.49273421]}, "properties": {"route": "D472AN", "pr": "0", "abs": 0, "label": "D472AN PR0"}}, {"type": "Feature", "geometry": {"type": "Point", "coordinates": [6.82443135, 47.48880616]}, "properties": {"route": "D207", "pr": "0", "abs": 0, "label": "D207 PR0"}}, {"type": "Feature", "geometry": {"type": "Point", "coordinates": [6.83515479, 47.49346237]}, "properties": {"route": "D207", "pr": "1", "abs": 993, "label": "D207 PR1+993"}}, {"type": "Feature", "geometry": {"type": "Point", "coordinates": [6.83760126, 47.46108875]}, "properties": {"route": "D483", "pr": "0", "abs": 0, "label": "D483 PR0"}}, {"type": "Feature", "geometry": {"type": "Point", "coordinates": [6.82489072, 47.45851251]}, "properties": {"route": "D483", "pr": "1", "abs": 1015, "label": "D483 PR1+1015"}}, {"type": "Feature", "geometry": {"type": "Point", "coordinates": [6.80397539, 47.45878281]}, "properties": {"route": "D483", "pr": "3", "abs": 3010, "label": "D483 PR3+3010"}}, {"type": "Feature", "geometry": {"type": "Point", "coordinates": [6.79161972, 47.45628603]}, "properties": {"route": "D483", "pr": "4", "abs": 4002, "label": "D483 PR4+4002"}}, {"type": "Feature", "geometry": {"type": "Point", "coordinates": [6.8140696, 47.45407054]}, "properties": {"route": "D483", "pr": "2", "abs": 2018, "label": "D483 PR2+2018"}}, {"type": "Feature", "geometry": {"type": "Point", "coordinates": [6.78482353, 47.44994199]}, "properties": {"route": "D483", "pr": "5", "abs": 5011, "label": "D483 PR5+5011"}}, {"type": "Feature", "geometry": {"type": "Point", "coordinates": [6.83582092, 47.48504549]}, "properties": {"route": "D34E", "pr": "0", "abs": 0, "label": "D34E PR0"}}, {"type": "Feature", "geometry": {"type": "Point", "coordinates": [6.76479388, 47.48129851]}, "properties": {"route": "D463A", "pr": "0", "abs": 0, "label": "D463A PR0"}}, {"type": "Feature", "geometry": {"type": "Point", "coordinates": [6.815819, 47.53285051]}, "properties": {"route": "D136B", "pr": "2", "abs": 1919, "label": "D136B PR2+1919"}}, {"type": "Feature", "geometry": {"type": "Point", "coordinates": [6.84309591, 47.50293555]}, "properties": {"route": "D35E2", "pr": "0", "abs": 0, "label": "D35E2 PR0"}}, {"type": "Feature", "geometry": {"type": "Point", "coordinates": [6.89203846, 47.47602859]}, "properties": {"route": "D126", "pr": "18", "abs": 17385, "label": "D126 PR18+17385"}}, {"type": "Feature", "geometry": {"type": "Point", "coordinates": [6.87901713, 47.47737812]}, "properties": {"route": "D126", "pr": "17", "abs": 16372, "label": "D126 PR17+16372"}}, {"type": "Feature", "geometry": {"type": "Point", "coordinates": [6.8310503, 47.48433562]}, "properties": {"route": "D126", "pr": "13", "abs": 12906, "label": "D126 PR13+12906"}}, {"type": "Feature", "geometry": {"type": "Point", "coordinates": [6.77178454, 47.47557939]}, "properties": {"route": "D126", "pr": "8", "abs": 8020, "label": "D126 PR8+8020"}}, {"type": "Feature", "geometry": {"type": "Point", "coordinates": [6.76068338, 47.47518975]}, "properties": {"route": "D126", "pr": "7", "abs": 7058, "label": "D126 PR7+7058"}}, {"type": "Feature", "geometry": {"type": "Point", "coordinates": [6.85288672, 47.47790367]}, "properties": {"route": "D126", "pr": "15", "abs": 14334, "label": "D126 PR15+14334"}}, {"type": "Feature", "geometry": {"type": "Point", "coordinates": [6.86536003, 47.47937457]}, "properties": {"route": "D126", "pr": "16", "abs": 15307, "label": "D126 PR16+15307"}}, {"type": "Feature", "geometry": {"type": "Point", "coordinates": [6.90212721, 47.47973293]}, "properties": {"route": "D126", "pr": "19", "abs": 18385, "label": "D126 PR19+18385"}}, {"type": "Feature", "geometry": {"type": "Point", "coordinates": [6.81805897, 47.48335479]}, "properties": {"route": "D126", "pr": "12", "abs": 11905, "label": "D126 PR12+11905"}}, {"type": "Feature", "geometry": {"type": "Point", "coordinates": [6.87084626, 47.45648238]}, "properties": {"route": "D34", "pr": "9", "abs": 7959, "label": "D34 PR9+7959"}}, {"type": "Feature", "geometry": {"type": "Point", "coordinates": [6.83012719, 47.48778255]}, "properties": {"route": "D34", "pr": "4", "abs": 3959, "label": "D34 PR4+3959"}}, {"type": "Feature", "geometry": {"type": "Point", "coordinates": [6.87722482, 47.44956995]}, "properties": {"route": "D34", "pr": "10", "abs": 8954, "label": "D34 PR10+8954"}}, {"type": "Feature", "geometry": {"type": "Point", "coordinates": [6.88222115, 47.44159107]}, "properties": {"route": "D34", "pr": "11", "abs": 9977, "label": "D34 PR11+9977"}}, {"type": "Feature", "geometry": {"type": "Point", "coordinates": [6.85361212, 47.46867165]}, "properties": {"route": "D34", "pr": "7", "abs": 6000, "label": "D34 PR7+6000"}}, {"type": "Feature", "geometry": {"type": "Point", "coordinates": [6.84563937, 47.47561451]}, "properties": {"route": "D34", "pr": "6", "abs": 5024, "label": "D34 PR6+5024"}}, {"type": "Feature", "geometry": {"type": "Point", "coordinates": [6.80702148, 47.50199017]}, "properties": {"route": "D34", "pr": "1", "abs": 1002, "label": "D34 PR1+1002"}}, {"type": "Feature", "geometry": {"type": "Point", "coordinates": [6.80829837, 47.49364648]}, "properties": {"route": "D34", "pr": "2", "abs": 2010, "label": "D34 PR2+2010"}}, {"type": "Feature", "geometry": {"type": "Point", "coordinates": [6.88619294, 47.43578578]}, "properties": {"route": "D34", "pr": "12", "abs": 10960, "label": "D34 PR12+10960"}}, {"type": "Feature", "geometry": {"type": "Point", "coordinates": [6.76232689, 47.49228356]}, "properties": {"route": "D33", "pr": "11", "abs": 11052, "label": "D33 PR11+11052"}}, {"type": "Feature", "geometry": {"type": "Point", "coordinates": [6.7790008, 47.49915401]}, "properties": {"route": "D438", "pr": "7", "abs": 7173, "label": "D438 PR7+7173"}}, {"type": "Feature", "geometry": {"type": "Point", "coordinates": [6.76952688, 47.4512552]}, "properties": {"route": "D438", "pr": "13", "abs": 13000, "label": "D438 PR13+13000"}}, {"type": "Feature", "geometry": {"type": "Point", "coordinates": [6.78206665, 47.50491581]}, "properties": {"route": "D438", "pr": "6", "abs": 6055, "label": "D438 PR6+6055"}}, {"type": "Feature", "geometry": {"type": "Point", "coordinates": [6.79515335, 47.50446298]}, "properties": {"route": "D438", "pr": "5", "abs": 5026, "label": "D438 PR5+5026"}}, {"type": "Feature", "geometry": {"type": "Point", "coordinates": [6.79875589, 47.51733627]}, "properties": {"route": "D438", "pr": "3", "abs": 3025, "label": "D438 PR3+3025"}}, {"type": "Feature", "geometry": {"type": "Point", "coordinates": [6.79258869, 47.5330476]}, "properties": {"route": "D438", "pr": "1", "abs": 1008, "label": "D438 PR1+1008"}}, {"type": "Feature", "geometry": {"type": "Point", "coordinates": [6.77779199, 47.44567983]}, "properties": {"route": "D438", "pr": "14", "abs": 14022, "label": "D438 PR14+14022"}}, {"type": "Feature", "geometry": {"type": "Point", "coordinates": [6.76432837, 47.46767579]}, "properties": {"route": "D438", "pr": "11", "abs": 11033, "label": "D438 PR11+11033"}}, {"type": "Feature", "geometry": {"type": "Point", "coordinates": [6.7671361, 47.4593822]}, "properties": {"route": "D438", "pr": "12", "abs": 11998, "label": "D438 PR12+11998"}}, {"type": "Feature", "geometry": {"type": "Point", "coordinates": [6.76640565, 47.47535977]}, "properties": {"route": "D438", "pr": "10", "abs": 10147, "label": "D438 PR10+10147"}}, {"type": "Feature", "geometry": {"type": "Point", "coordinates": [6.7707313, 47.48369995]}, "properties": {"route": "D438", "pr": "9", "abs": 9151, "label": "D438 PR9+9151"}}, {"type": "Feature", "geometry": {"type": "Point", "coordinates": [6.79479583, 47.51040631]}, "properties": {"route": "D438", "pr": "4", "abs": 4031, "label": "D438 PR4+4031"}}, {"type": "Feature", "geometry": {"type": "Point", "coordinates": [6.77810307, 47.49122921]}, "properties": {"route": "D438", "pr": "8", "abs": 8143, "label": "D438 PR8+8143"}}, {"type": "Feature", "geometry": {"type": "Point", "coordinates": [6.80008534, 47.52578215]}, "properties": {"route": "D438", "pr": "2", "abs": 2020, "label": "D438 PR2+2020"}}, {"type": "Feature", "geometry": {"type": "Point", "coordinates": [6.7715381, 47.48901428]}, "properties": {"route": "D663", "pr": "17", "abs": 16954, "label": "D663 PR17+16954"}}, {"type": "Feature", "geometry": {"type": "Point", "coordinates": [6.78287227, 47.50976058]}, "properties": {"route": "D663", "pr": "20", "abs": 19952, "label": "D663 PR20+19952"}}, {"type": "Feature", "geometry": {"type": "Point", "coordinates": [6.77460222, 47.50539593]}, "properties": {"route": "D663", "pr": "19", "abs": 18922, "label": "D663 PR19+18922"}}, {"type": "Feature", "geometry": {"type": "Point", "coordinates": [6.80746093, 47.50853477]}, "properties": {"route": "D663", "pr": "22", "abs": 21921, "label": "D663 PR22+21921"}}, {"type": "Feature", "geometry": {"type": "Point", "coordinates": [6.81419156, 47.50253776]}, "properties": {"route": "D663", "pr": "23", "abs": 22743, "label": "D663 PR23+22743"}}, {"type": "Feature", "geometry": {"type": "Point", "coordinates": [6.76522573, 47.48148461]}, "properties": {"route": "D663", "pr": "16", "abs": 15954, "label": "D663 PR16+15954"}}, {"type": "Feature", "geometry": {"type": "Point", "coordinates": [6.79517548, 47.50805353]}, "properties": {"route": "D663", "pr": "21", "abs": 20949, "label": "D663 PR21+20949"}}, {"type": "Feature", "geometry": {"type": "Point", "coordinates": [6.81683731, 47.48859129]}, "properties": {"route": "D34A", "pr": "0", "abs": 0, "label": "D34A PR0 (G)"}}, {"type": "Feature", "geometry": {"type": "Point", "coordinates": [6.81679747, 47.48855474]}, "properties": {"route": "D34A", "pr": "0", "abs": 2, "label": "D34A PR0+2 (G)"}}, {"type": "Feature", "geometry": {"type": "Point", "coordinates": [6.79516363, 47.50541341]}, "properties": {"route": "D438", "pr": "0", "abs": 0, "label": "D438 PR0 (G)"}}, {"type": "Feature", "geometry": {"type": "Point", "coordinates": [6.89475949, 47.50841533]}, "properties": {"route": "D463", "pr": "4", "abs": 4173, "label": "D463 PR4+4173"}}, {"type": "Feature", "geometry": {"type": "Point", "coordinates": [6.90776949, 47.508449]}, "properties": {"route": "D463", "pr": "5", "abs": 5176, "label": "D463 PR5+5176"}}, {"type": "Feature", "geometry": {"type": "Point", "coordinates": [6.85679677, 47.5064867]}, "properties": {"route": "D463", "pr": "1", "abs": 1174, "label": "D463 PR1+1174"}}, {"type": "Feature", "geometry": {"type": "Point", "coordinates": [6.92970409, 47.50510344]}, "properties": {"route": "D463", "pr": "7", "abs": 7210, "label": "D463 PR7+7210"}}, {"type": "Feature", "geometry": {"type": "Point", "coordinates": [6.88200632, 47.51006687]}, "properties": {"route": "D463", "pr": "3", "abs": 3171, "label": "D463 PR3+3171"}}, {"type": "Feature", "geometry": {"type": "Point", "coordinates": [6.86968678, 47.50706032]}, "properties": {"route": "D463", "pr": "2", "abs": 2146, "label": "D463 PR2+2146"}}, {"type": "Feature", "geometry": {"type": "Point", "coordinates": [6.91773465, 47.50552121]}, "properties": {"route": "D463", "pr": "6", "abs": 6204, "label": "D463 PR6+6204"}}, {"type": "Feature", "geometry": {"type": "Point", "coordinates": [6.93748391, 47.50512271]}, "properties": {"route": "D463", "pr": "8", "abs": 8139, "label": "D463 PR8+8139"}}, {"type": "Feature", "geometry": {"type": "Point", "coordinates": [6.93939962, 47.50346716]}, "properties": {"route": "D416", "pr": "0", "abs": 0, "label": "D416 PR0"}}, {"type": "Feature", "geometry": {"type": "Point", "coordinates": [6.85001935, 47.52614587]}, "properties": {"route": "D633", "pr": "1", "abs": 802, "label": "D633 PR1+802"}}, {"type": "Feature", "geometry": {"type": "Point", "coordinates": [6.85971914, 47.46159268]}, "properties": {"route": "D253", "pr": "0", "abs": 0, "label": "D253 PR0"}}, {"type": "Feature", "geometry": {"type": "Point", "coordinates": [6.88337803, 47.46275571]}, "properties": {"route": "D253", "pr": "2", "abs": 1937, "label": "D253 PR2+1937"}}, {"type": "Feature", "geometry": {"type": "Point", "coordinates": [6.87053833, 47.46073125]}, "properties": {"route": "D253", "pr": "1", "abs": 925, "label": "D253 PR1+925"}}, {"type": "Feature", "geometry": {"type": "Point", "coordinates": [6.90524705, 47.47042359]}, "properties": {"route": "D253", "pr": "4", "abs": 4003, "label": "D253 PR4+4003"}}, {"type": "Feature", "geometry": {"type": "Point", "coordinates": [6.89586954, 47.46463814]}, "properties": {"route": "D253", "pr": "3", "abs": 2946, "label": "D253 PR3+2946"}}, {"type": "Feature", "geometry": {"type": "Point", "coordinates": [6.81198789, 47.52245985]}, "properties": {"route": "D136B", "pr": "0", "abs": 0, "label": "D136B PR0 (G)"}}, {"type": "Feature", "geometry": {"type": "Point", "coordinates": [6.76138601, 47.45947272]}, "properties": {"route": "D53", "pr": "0", "abs": 0, "label": "D53 PR0"}}, {"type": "Feature", "geometry": {"type": "Point", "coordinates": [6.84610095, 47.53609315]}, "properties": {"route": "D474", "pr": "0", "abs": 0, "label": "D474 PR0"}}, {"type": "Feature", "geometry": {"type": "Point", "coordinates": [6.80711654, 47.50188702]}, "properties": {"route": "D34C", "pr": "0", "abs": 0, "label": "D34C PR0"}}, {"type": "Feature", "geometry": {"type": "Point", "coordinates": [6.8182562, 47.49824093]}, "properties": {"route": "D34C", "pr": "1", "abs": 920, "label": "D34C PR1+920"}}, {"type": "Feature", "geometry": {"type": "Point", "coordinates": [6.82980584, 47.49998666]}, "properties": {"route": "D34C", "pr": "2", "abs": 1936, "label": "D34C PR2+1936"}}, {"type": "Feature", "geometry": {"type": "Point", "coordinates": [6.83960396, 47.50957289]}, "properties": {"route": "D437", "pr": "141", "abs": 140153, "label": "D437 PR141+140153"}}, {"type": "Feature", "geometry": {"type": "Point", "coordinates": [6.84184336, 47.46805052]}, "properties": {"route": "D437", "pr": "136", "abs": 135274, "label": "D437 PR136+135274"}}, {"type": "Feature", "geometry": {"type": "Point", "coordinates": [6.84130596, 47.47759615]}, "properties": {"route": "D437", "pr": "137", "abs": 136415, "label": "D437 PR137+136415"}}, {"type": "Feature", "geometry": {"type": "Point", "coordinates": [6.80690277, 47.45138532]}, "properties": {"route": "D437", "pr": "131", "abs": 130328, "label": "D437 PR131+130328"}}, {"type": "Feature", "geometry": {"type": "Point", "coordinates": [6.84252602, 47.50140875]}, "properties": {"route": "D437", "pr": "140", "abs": 139218, "label": "D437 PR140+139218"}}, {"type": "Feature", "geometry": {"type": "Point", "coordinates": [6.82792036, 47.44608302]}, "properties": {"route": "D437", "pr": "133", "abs": 132320, "label": "D437 PR133+132320"}}, {"type": "Feature", "geometry": {"type": "Point", "coordinates": [6.78576041, 47.43856246]}, "properties": {"route": "D437", "pr": "128", "abs": 127340, "label": "D437 PR128+127340"}}, {"type": "Feature", "geometry": {"type": "Point", "coordinates": [6.84095382, 47.45910353]}, "properties": {"route": "D437", "pr": "135", "abs": 134270, "label": "D437 PR135+134270"}}, {"type": "Feature", "geometry": {"type": "Point", "coordinates": [6.8337948, 47.51676223]}, "properties": {"route": "D437", "pr": "142", "abs": 141072, "label": "D437 PR142+141072"}}, {"type": "Feature", "geometry": {"type": "Point", "coordinates": [6.83961945, 47.52477052]}, "properties": {"route": "D437", "pr": "143", "abs": 142078, "label": "D437 PR143+142078"}}, {"type": "Feature", "geometry": {"type": "Point", "coordinates": [6.81567847, 47.44527131]}, "properties": {"route": "D437", "pr": "132", "abs": 131339, "label": "D437 PR132+131339"}}, {"type": "Feature", "geometry": {"type": "Point", "coordinates": [6.84450666, 47.53306001]}, "properties": {"route": "D437", "pr": "144", "abs": 143054, "label": "D437 PR144+143054"}}, {"type": "Feature", "geometry": {"type": "Point", "coordinates": [6.85010058, 47.54079245]}, "properties": {"route": "D437", "pr": "145", "abs": 144057, "label": "D437 PR145+144057"}}, {"type": "Feature", "geometry": {"type": "Point", "coordinates": [6.83881793, 47.45013275]}, "properties": {"route": "D437", "pr": "134", "abs": 133332, "label": "D437 PR134+133332"}}, {"type": "Feature", "geometry": {"type": "Point", "coordinates": [6.92988714, 47.43688058]}, "properties": {"route": "D482", "pr": "1", "abs": 996, "label": "D482 PR1+996"}}, {"type": "Feature", "geometry": {"type": "Point", "coordinates": [6.83910105, 47.52361062]}, "properties": {"route": "D278", "pr": "0", "abs": 0, "label": "D278 PR0"}}, {"type": "Feature", "geometry": {"type": "Point", "coordinates": [6.87002692, 47.52993044]}, "properties": {"route": "D278", "pr": "3", "abs": 2980, "label": "D278 PR3+2980"}}, {"type": "Feature", "geometry": {"type": "Point", "coordinates": [6.8574043, 47.52976419]}, "properties": {"route": "D278", "pr": "2", "abs": 1970, "label": "D278 PR2+1970"}}, {"type": "Feature", "geometry": {"type": "Point", "coordinates": [6.893507, 47.53128759]}, "properties": {"route": "D278", "pr": "5", "abs": 4963, "label": "D278 PR5+4963"}}, {"type": "Feature", "geometry": {"type": "Point", "coordinates": [6.85064804, 47.52320063]}, "properties": {"route": "D278", "pr": "1", "abs": 1030, "label": "D278 PR1+1030"}}, {"type": "Feature", "geometry": {"type": "Point", "coordinates": [6.78509339, 47.53079869]}, "properties": {"route": "D432", "pr": "2", "abs": 1954, "label": "D432 PR2+1954"}}, {"type": "Feature", "geometry": {"type": "Point", "coordinates": [6.79119604, 47.52324657]}, "properties": {"route": "D432", "pr": "1", "abs": 985, "label": "D432 PR1+985"}}, {"type": "Feature", "geometry": {"type": "Point", "coordinates": [6.79516363, 47.50541341]}, "properties": {"route": "D438B", "pr": "0", "abs": 0, "label": "D438B PR0"}}, {"type": "Feature", "geometry": {"type": "Point", "coordinates": [6.80512239, 47.48386405]}, "properties": {"route": "D126", "pr": "11", "abs": 10974, "label": "D126 PR11+10974 (G)"}}, {"type": "Feature", "geometry": {"type": "Point", "coordinates": [6.79420594, 47.48159249]}, "properties": {"route": "D126", "pr": "10", "abs": 10018, "label": "D126 PR10+10018 (G)"}}, {"type": "Feature", "geometry": {"type": "Point", "coordinates": [6.78122609, 47.48167244]}, "properties": {"route": "D126", "pr": "9", "abs": 8997, "label": "D126 PR9+8997 (G)"}}, {"type": "Feature", "geometry": {"type": "Point", "coordinates": [6.83425863, 47.51746072]}, "properties": {"route": "D390", "pr": "0", "abs": 0, "label": "D390 PR0"}}, {"type": "Feature", "geometry": {"type": "Point", "coordinates": [6.79649031, 47.52902199]}, "properties": {"route": "D390", "pr": "5", "abs": 3478, "label": "D390 PR5+3478"}}, {"type": "Feature", "geometry": {"type": "Point", "coordinates": [6.82891617, 47.52555901]}, "properties": {"route": "D390", "pr": "1", "abs": 1015, "label": "D390 PR1+1015"}}, {"type": "Feature", "geometry": {"type": "Point", "coordinates": [6.84155336, 47.46016162]}, "properties": {"route": "D38E2", "pr": "0", "abs": 0, "label": "D38E2 PR0"}}, {"type": "Feature", "geometry": {"type": "Point", "coordinates": [6.84189069, 47.50311681]}, "properties": {"route": "D463", "pr": "0", "abs": 0, "label": "D463 PR0 (G)"}}, {"type": "Feature", "geometry": {"type": "Point", "coordinates": [6.84250684, 47.4723104]}, "properties": {"route": "D35", "pr": "0", "abs": 0, "label": "D35 PR0"}}, {"type": "Feature", "geometry": {"type": "Point", "coordinates": [6.8448154, 47.46359575]}, "properties": {"route": "D35", "pr": "1", "abs": 993, "label": "D35 PR1+993"}}, {"type": "Feature", "geometry": {"type": "Point", "coordinates": [6.84643266, 47.45488673]}, "properties": {"route": "D35", "pr": "2", "abs": 1955, "label": "D35 PR2+1955"}}, {"type": "Feature", "geometry": {"type": "Point", "coordinates": [6.79847069, 47.52616465]}, "properties": {"route": "D390A", "pr": "0", "abs": 0, "label": "D390A PR0"}}, {"type": "Feature", "geometry": {"type": "Point", "coordinates": [6.81272466, 47.51570466]}, "properties": {"route": "D613", "pr": "1", "abs": 1019, "label": "D613 PR1+1019 (G)"}}, {"type": "Feature", "geometry": {"type": "Point", "coordinates": [6.8259715, 47.51630033]}, "properties": {"route": "D613", "pr": "2", "abs": 2015, "label": "D613 PR2+2015 (G)"}}, {"type": "Feature", "geometry": {"type": "Point", "coordinates": [6.83559195, 47.4779225]}, "properties": {"route": "D38", "pr": "3", "abs": 2957, "label": "D38 PR3+2957"}}, {"type": "Feature", "geometry": {"type": "Point", "coordinates": [6.83788888, 47.46031861]}, "properties": {"route": "D38", "pr": "1", "abs": 951, "label": "D38 PR1+951"}}, {"type": "Feature", "geometry": {"type": "Point", "coordinates": [6.8527263, 47.525859]}, "properties": {"route": "D61", "pr": "0", "abs": 0, "label": "D61 PR0"}}, {"type": "Feature", "geometry": {"type": "Point", "coordinates": [6.82275844, 47.52989147]}, "properties": {"route": "D136", "pr": "2", "abs": 2159, "label": "D136 PR2+2159"}}, {"type": "Feature", "geometry": {"type": "Point", "coordinates": [6.81868693, 47.52239002]}, "properties": {"route": "D136", "pr": "1", "abs": 948, "label": "D136 PR1+948"}}, {"type": "Feature", "geometry": {"type": "Point", "coordinates": [6.88034725, 47.4333709]}, "properties": {"route": "D122", "pr": "10", "abs": 9987, "label": "D122 PR10+9987"}}, {"type": "Feature", "geometry": {"type": "Point", "coordinates": [6.84410827, 47.48556967]}, "properties": {"route": "D437", "pr": "138", "abs": 137416, "label": "D437 PR138+137416"}}, {"type": "Feature", "geometry": {"type": "Point", "coordinates": [6.84211897, 47.48721251]}, "properties": {"route": "D437", "pr": "FS", "abs": null, "label": "D437 PRFS (G)"}}, {"type": "Feature", "geometry": {"type": "Point", "coordinates": [6.82525603, 47.52596945]}, "properties": {"route": "D390", "pr": "FS", "abs": null, "label": "D390 PRFS"}}, {"type": "Feature", "geometry": {"type": "Point", "coordinates": [6.84334407, 47.50377901]}, "properties": {"route": "D437", "pr": "FS", "abs": null, "label": "D437 PRFS (D)"}}, {"type": "Feature", "geometry": {"type": "Point", "coordinates": [6.76925592, 47.47342274]}, "properties": {"route": "D126", "pr": "FS", "abs": null, "label": "D126 PRFS"}}, {"type": "Feature", "geometry": {"type": "Point", "coordinates": [6.87566111, 47.53083182]}, "properties": {"route": "D278", "pr": "FS", "abs": null, "label": "D278 PRFS"}}, {"type": "Feature", "geometry": {"type": "Point", "coordinates": [6.81167295, 47.50091875]}, "properties": {"route": "D34C", "pr": "FS", "abs": null, "label": "D34C PRFS"}}, {"type": "Feature", "geometry": {"type": "Point", "coordinates": [6.81366707, 47.50038663]}, "properties": {"route": "D34C", "pr": "FS", "abs": null, "label": "D34C PRFS"}}, {"type": "Feature", "geometry": {"type": "Point", "coordinates": [6.80614374, 47.48381263]}, "properties": {"route": "D126", "pr": "FS", "abs": null, "label": "D126 PRFS"}}, {"type": "Feature", "geometry": {"type": "Point", "coordinates": [6.91297421, 47.52238434]}, "properties": {"route": "D209", "pr": "FS", "abs": null, "label": "D209 PRFS"}}, {"type": "Feature", "geometry": {"type": "Point", "coordinates": [6.82599796, 47.52637136]}, "properties": {"route": "D390", "pr": "FS", "abs": null, "label": "D390 PRFS"}}, {"type": "Feature", "geometry": {"type": "Point", "coordinates": [6.8161281, 47.48547199]}, "properties": {"route": "D34A", "pr": "FS", "abs": null, "label": "D34A PRFS"}}, {"type": "Feature", "geometry": {"type": "Point", "coordinates": [6.85845834, 47.46248258]}, "properties": {"route": "D34", "pr": "FS", "abs": null, "label": "D34 PRFS"}}, {"type": "Feature", "geometry": {"type": "Point", "coordinates": [6.76899763, 47.47337883]}, "properties": {"route": "D126", "pr": "FS", "abs": null, "label": "D126 PRFS"}}, {"type": "Feature", "geometry": {"type": "Point", "coordinates": [6.83938856, 47.49394286]}, "properties": {"route": "D437", "pr": "FS", "abs": null, "label": "D437 PRFS"}}, {"type": "Feature", "geometry": {"type": "Point", "coordinates": [6.83938856, 47.49394286]}, "properties": {"route": "D437", "pr": "DS", "abs": null, "label": "D437 PRDS"}}, {"type": "Feature", "geometry": {"type": "Point", "coordinates": [6.82286555, 47.52660848]}, "properties": {"route": "D136", "pr": "FS", "abs": null, "label": "D136 PRFS"}}, {"type": "Feature", "geometry": {"type": "Point", "coordinates": [6.80926618, 47.51501666]}, "properties": {"route": "D613", "pr": "FS", "abs": null, "label": "D613 PRFS"}}, {"type": "Feature", "geometry": {"type": "Point", "coordinates": [6.86137946, 47.46274076]}, "properties": {"route": "D253", "pr": "FS", "abs": null, "label": "D253 PRFS"}}, {"type": "Feature", "geometry": {"type": "Point", "coordinates": [6.87114514, 47.45622368]}, "properties": {"route": "D34", "pr": "FS", "abs": null, "label": "D34 PRFS"}}, {"type": "Feature", "geometry": {"type": "Point", "coordinates": [6.84586137, 47.45914057]}, "properties": {"route": "D35", "pr": "FS", "abs": null, "label": "D35 PRFS"}}, {"type": "Feature", "geometry": {"type": "Point", "coordinates": [6.84586137, 47.45914057]}, "properties": {"route": "D35", "pr": "DS", "abs": null, "label": "D35 PRDS"}}, {"type": "Feature", "geometry": {"type": "Point", "coordinates": [6.81195154, 47.50081591]}, "properties": {"route": "D34C", "pr": "FS", "abs": null, "label": "D34C PRFS"}}, {"type": "Feature", "geometry": {"type": "Point", "coordinates": [6.8079047, 47.50864012]}, "properties": {"route": "D663", "pr": "FS", "abs": null, "label": "D663 PRFS (G)"}}, {"type": "Feature", "geometry": {"type": "Point", "coordinates": [6.79515876, 47.50541988]}, "properties": {"route": "D438", "pr": "FS", "abs": null, "label": "D438 PRFS"}}, {"type": "Feature", "geometry": {"type": "Point", "coordinates": [6.83783154, 47.48755222]}, "properties": {"route": "D34E", "pr": "FS", "abs": null, "label": "D34E PRFS"}}, {"type": "Feature", "geometry": {"type": "Point", "coordinates": [6.86061252, 47.4610998]}, "properties": {"route": "D34", "pr": "FS", "abs": null, "label": "D34 PRFS"}}, {"type": "Feature", "geometry": {"type": "Point", "coordinates": [6.82436287, 47.48870387]}, "properties": {"route": "D34", "pr": "FS", "abs": null, "label": "D34 PRFS"}}, {"type": "Feature", "geometry": {"type": "Point", "coordinates": [6.80569796, 47.48361993]}, "properties": {"route": "D126", "pr": "FS", "abs": null, "label": "D126 PRFS"}}, {"type": "Feature", "geometry": {"type": "Point", "coordinates": [6.85296667, 47.50592135]}, "properties": {"route": "D463", "pr": "FS", "abs": null, "label": "D463 PRFS"}}, {"type": "Feature", "geometry": {"type": "Point", "coordinates": [6.77651759, 47.50385498]}, "properties": {"route": "D438", "pr": "FS", "abs": null, "label": "D438 PRFS"}}, {"type": "Feature", "geometry": {"type": "Point", "coordinates": [6.77651759, 47.50385498]}, "properties": {"route": "D438", "pr": "DS", "abs": null, "label": "D438 PRDS"}}, {"type": "Feature", "geometry": {"type": "Point", "coordinates": [6.87956123, 47.54034248]}, "properties": {"route": "D209", "pr": "FS", "abs": null, "label": "D209 PRFS"}}, {"type": "Feature", "geometry": {"type": "Point", "coordinates": [6.87956123, 47.54034248]}, "properties": {"route": "D209", "pr": "DS", "abs": null, "label": "D209 PRDS"}}, {"type": "Feature", "geometry": {"type": "Point", "coordinates": [6.91313415, 47.52224288]}, "properties": {"route": "D209", "pr": "FS", "abs": null, "label": "D209 PRFS"}}, {"type": "Feature", "geometry": {"type": "Point", "coordinates": [6.91313415, 47.52224288]}, "properties": {"route": "D209", "pr": "DS", "abs": null, "label": "D209 PRDS"}}, {"type": "Feature", "geometry": {"type": "Point", "coordinates": [6.8161281, 47.48547199]}, "properties": {"route": "D34A", "pr": "FS", "abs": null, "label": "D34A PRFS"}}, {"type": "Feature", "geometry": {"type": "Point", "coordinates": [6.85529065, 47.52486843]}, "properties": {"route": "D633", "pr": "FS", "abs": null, "label": "D633 PRFS"}}, {"type": "Feature", "geometry": {"type": "Point", "coordinates": [6.85529065, 47.52486843]}, "properties": {"route": "D633", "pr": "DS", "abs": null, "label": "D633 PRDS"}}, {"type": "Feature", "geometry": {"type": "Point", "coordinates": [6.87567732, 47.53092681]}, "properties": {"route": "D278", "pr": "FS", "abs": null, "label": "D278 PRFS"}}, {"type": "Feature", "geometry": {"type": "Point", "coordinates": [6.84477225, 47.48150841]}, "properties": {"route": "D126", "pr": "FS", "abs": null, "label": "D126 PRFS"}}, {"type": "Feature", "geometry": {"type": "Point", "coordinates": [6.84888116, 47.47858417]}, "properties": {"route": "D126", "pr": "FS", "abs": null, "label": "D126 PRFS"}}, {"type": "Feature", "geometry": {"type": "Point", "coordinates": [6.84888116, 47.47858417]}, "properties": {"route": "D126", "pr": "DS", "abs": null, "label": "D126 PRDS"}}, {"type": "Feature", "geometry": {"type": "Point", "coordinates": [6.84315612, 47.50438363]}, "properties": {"route": "D437", "pr": "FS", "abs": null, "label": "D437 PRFS (D)"}}, {"type": "Feature", "geometry": {"type": "Point", "coordinates": [6.84075579, 47.50816505]}, "properties": {"route": "D437", "pr": "FS", "abs": null, "label": "D437 PRFS"}}, {"type": "Feature", "geometry": {"type": "Point", "coordinates": [6.8534479, 47.46906732]}, "properties": {"route": "D34", "pr": "FS", "abs": null, "label": "D34 PRFS"}}, {"type": "Feature", "geometry": {"type": "Point", "coordinates": [6.8534479, 47.46906732]}, "properties": {"route": "D34", "pr": "DS", "abs": null, "label": "D34 PRDS"}}, {"type": "Feature", "geometry": {"type": "Point", "coordinates": [6.81282132, 47.50288634]}, "properties": {"route": "D663", "pr": "FS", "abs": null, "label": "D663 PRFS (G)"}}, {"type": "Feature", "geometry": {"type": "Point", "coordinates": [6.8439066, 47.53209929]}, "properties": {"route": "D437", "pr": "FS", "abs": null, "label": "D437 PRFS"}}, {"type": "Feature", "geometry": {"type": "Point", "coordinates": [6.84587306, 47.45895183]}, "properties": {"route": "D35", "pr": "FS", "abs": null, "label": "D35 PRFS"}}, {"type": "Feature", "geometry": {"type": "Point", "coordinates": [6.8122923, 47.5032263]}, "properties": {"route": "D663", "pr": "FS", "abs": null, "label": "D663 PRFS"}}, {"type": "Feature", "geometry": {"type": "Point", "coordinates": [6.8122923, 47.5032263]}, "properties": {"route": "D663", "pr": "DS", "abs": null, "label": "D663 PRDS"}}, {"type": "Feature", "geometry": {"type": "Point", "coordinates": [6.84960291, 47.52259981]}, "properties": {"route": "D278", "pr": "FS", "abs": null, "label": "D278 PRFS"}}, {"type": "Feature", "geometry": {"type": "Point", "coordinates": [6.76483353, 47.50805795]}, "properties": {"route": "D479", "pr": "FS", "abs": null, "label": "D479 PRFS"}}, {"type": "Feature", "geometry": {"type": "Point", "coordinates": [6.76483353, 47.50805795]}, "properties": {"route": "D479", "pr": "DS", "abs": null, "label": "D479 PRDS"}}, {"type": "Feature", "geometry": {"type": "Point", "coordinates": [6.83783154, 47.48755222]}, "properties": {"route": "D34E", "pr": "FS", "abs": null, "label": "D34E PRFS"}}, {"type": "Feature", "geometry": {"type": "Point", "coordinates": [6.87880396, 47.54037941]}, "properties": {"route": "D209", "pr": "FS", "abs": null, "label": "D209 PRFS"}}, {"type": "Feature", "geometry": {"type": "Point", "coordinates": [6.80492346, 47.4838336]}, "properties": {"route": "D126", "pr": "FS", "abs": null, "label": "D126 PRFS"}}, {"type": "Feature", "geometry": {"type": "Point", "coordinates": [6.87542249, 47.53089924]}, "properties": {"route": "D278", "pr": "FS", "abs": null, "label": "D278 PRFS"}}, {"type": "Feature", "geometry": {"type": "Point", "coordinates": [6.87542249, 47.53089924]}, "properties": {"route": "D278", "pr": "DS", "abs": null, "label": "D278 PRDS"}}, {"type": "Feature", "geometry": {"type": "Point", "coordinates": [6.87920665, 47.54026146]}, "properties": {"route": "D209", "pr": "FS", "abs": null, "label": "D209 PRFS"}}, {"type": "Feature", "geometry": {"type": "Point", "coordinates": [6.81128629, 47.52454295]}, "properties": {"route": "D136B", "pr": "FS", "abs": null, "label": "D136B PRFS"}}, {"type": "Feature", "geometry": {"type": "Point", "coordinates": [6.76501375, 47.47437474]}, "properties": {"route": "D438", "pr": "FS", "abs": null, "label": "D438 PRFS"}}, {"type": "Feature", "geometry": {"type": "Point", "coordinates": [6.76501375, 47.47437474]}, "properties": {"route": "D126", "pr": "DS", "abs": null, "label": "D126 PRDS"}}, {"type": "Feature", "geometry": {"type": "Point", "coordinates": [6.87124927, 47.45612018]}, "properties": {"route": "D34", "pr": "FS", "abs": null, "label": "D34 PRFS"}}, {"type": "Feature", "geometry": {"type": "Point", "coordinates": [6.79870889, 47.48481613]}, "properties": {"route": "D126", "pr": "FS", "abs": null, "label": "D126 PRFS (G)"}}, {"type": "Feature", "geometry": {"type": "Point", "coordinates": [6.79870889, 47.48481613]}, "properties": {"route": "D126", "pr": "DS", "abs": null, "label": "D126 PRDS"}}, {"type": "Feature", "geometry": {"type": "Point", "coordinates": [6.81874229, 47.50163969]}, "properties": {"route": "D663", "pr": "FS", "abs": null, "label": "D663 PRFS"}}, {"type": "Feature", "geometry": {"type": "Point", "coordinates": [6.87599355, 47.53079192]}, "properties": {"route": "D278", "pr": "FS", "abs": null, "label": "D278 PRFS"}}, {"type": "Feature", "geometry": {"type": "Point", "coordinates": [6.83858921, 47.51024171]}, "properties": {"route": "D437", "pr": "FS", "abs": null, "label": "D437 PRFS"}}, {"type": "Feature", "geometry": {"type": "Point", "coordinates": [6.76777258, 47.50886498]}, "properties": {"route": "D479", "pr": "FS", "abs": null, "label": "D479 PRFS"}}, {"type": "Feature", "geometry": {"type": "Point", "coordinates": [6.76777258, 47.50886498]}, "properties": {"route": "D479", "pr": "DS", "abs": null, "label": "D479 PRDS (D)"}}, {"type": "Feature", "geometry": {"type": "Point", "coordinates": [6.81195154, 47.50081591]}, "properties": {"route": "D34C", "pr": "FS", "abs": null, "label": "D34C PRFS"}}, {"type": "Feature", "geometry": {"type": "Point", "coordinates": [6.78927669, 47.52588011]}, "properties": {"route": "D432", "pr": "FS", "abs": null, "label": "D432 PRFS"}}, {"type": "Feature", "geometry": {"type": "Point", "coordinates": [6.85275874, 47.50593364]}, "properties": {"route": "D463", "pr": "FS", "abs": null, "label": "D463 PRFS"}}, {"type": "Feature", "geometry": {"type": "Point", "coordinates": [6.84179752, 47.50289368]}, "properties": {"route": "D34C", "pr": "FS", "abs": null, "label": "D34C PRFS"}}, {"type": "Feature", "geometry": {"type": "Point", "coordinates": [6.84179752, 47.50289368]}, "properties": {"route": "D34C", "pr": "DS", "abs": null, "label": "D34C PRDS"}}, {"type": "Feature", "geometry": {"type": "Point", "coordinates": [6.79482849, 47.50398963]}, "properties": {"route": "D438", "pr": "FS", "abs": null, "label": "D438 PRFS (D)"}}, {"type": "Feature", "geometry": {"type": "Point", "coordinates": [6.84954049, 47.5223243]}, "properties": {"route": "D278", "pr": "FS", "abs": null, "label": "D278 PRFS"}}, {"type": "Feature", "geometry": {"type": "Point", "coordinates": [6.84954049, 47.5223243]}, "properties": {"route": "D278", "pr": "DS", "abs": null, "label": "D278 PRDS"}}, {"type": "Feature", "geometry": {"type": "Point", "coordinates": [6.8160435, 47.48314962]}, "properties": {"route": "D126", "pr": "FS", "abs": null, "label": "D126 PRFS"}}, {"type": "Feature", "geometry": {"type": "Point", "coordinates": [6.85336338, 47.46925938]}, "properties": {"route": "D34", "pr": "FS", "abs": null, "label": "D34 PRFS"}}, {"type": "Feature", "geometry": {"type": "Point", "coordinates": [6.83768587, 47.48750475]}, "properties": {"route": "D34E", "pr": "FS", "abs": null, "label": "D34E PRFS"}}, {"type": "Feature", "geometry": {"type": "Point", "coordinates": [6.84880369, 47.47867145]}, "properties": {"route": "D126", "pr": "FS", "abs": null, "label": "D126 PRFS"}}, {"type": "Feature", "geometry": {"type": "Point", "coordinates": [6.81078808, 47.50225537]}, "properties": {"route": "D663", "pr": "FS", "abs": null, "label": "D663 PRFS"}}, {"type": "Feature", "geometry": {"type": "Point", "coordinates": [6.79828921, 47.53540505]}, "properties": {"route": "D390", "pr": "FS", "abs": null, "label": "D390 PRFS"}}, {"type": "Feature", "geometry": {"type": "Point", "coordinates": [6.84216853, 47.503004]}, "properties": {"route": "D437", "pr": "FS", "abs": null, "label": "D437 PRFS"}}, {"type": "Feature", "geometry": {"type": "Point", "coordinates": [6.84192063, 47.50638366]}, "properties": {"route": "D437", "pr": "FS", "abs": null, "label": "D437 PRFS (G)"}}, {"type": "Feature", "geometry": {"type": "Point", "coordinates": [6.82461038, 47.48876243]}, "properties": {"route": "D34", "pr": "FS", "abs": null, "label": "D34 PRFS"}}, {"type": "Feature", "geometry": {"type": "Point", "coordinates": [6.83907202, 47.49412723]}, "properties": {"route": "D437", "pr": "FS", "abs": null, "label": "D437 PRFS (G)"}}, {"type": "Feature", "geometry": {"type": "Point", "coordinates": [6.85275874, 47.50593364]}, "properties": {"route": "D463", "pr": "FS", "abs": null, "label": "D463 PRFS"}}, {"type": "Feature", "geometry": {"type": "Point", "coordinates": [6.82149012, 47.49993095]}, "properties": {"route": "D663", "pr": "FS", "abs": null, "label": "D663 PRFS"}}, {"type": "Feature", "geometry": {"type": "Point", "coordinates": [6.76899763, 47.47337883]}, "properties": {"route": "D126", "pr": "FS", "abs": null, "label": "D126 PRFS"}}, {"type": "Feature", "geometry": {"type": "Point", "coordinates": [6.82299863, 47.52651579]}, "properties": {"route": "D136", "pr": "FS", "abs": null, "label": "D136 PRFS"}}, {"type": "Feature", "geometry": {"type": "Point", "coordinates": [6.86158323, 47.46278357]}, "properties": {"route": "D253", "pr": "FS", "abs": null, "label": "D253 PRFS"}}, {"type": "Feature", "geometry": {"type": "Point", "coordinates": [6.82252024, 47.53351851]}, "properties": {"route": "D136", "pr": "FS", "abs": null, "label": "D136 PRFS"}}, {"type": "Feature", "geometry": {"type": "Point", "coordinates": [6.82252024, 47.53351851]}, "properties": {"route": "D136", "pr": "DS", "abs": null, "label": "D136 PRDS"}}, {"type": "Feature", "geometry": {"type": "Point", "coordinates": [6.81583384, 47.50229289]}, "properties": {"route": "D663", "pr": "FS", "abs": null, "label": "D663 PRFS (D)"}}, {"type": "Feature", "geometry": {"type": "Point", "coordinates": [6.76138601, 47.45947272]}, "properties": {"route": "D53", "pr": "FS", "abs": null, "label": "D53 PRFS"}}, {"type": "Feature", "geometry": {"type": "Point", "coordinates": [6.76138601, 47.45947272]}, "properties": {"route": "D53", "pr": "DS", "abs": null, "label": "D53 PRDS"}}, {"type": "Feature", "geometry": {"type": "Point", "coordinates": [6.76525415, 47.47427775]}, "properties": {"route": "D126", "pr": "FS", "abs": null, "label": "D126 PRFS"}}, {"type": "Feature", "geometry": {"type": "Point", "coordinates": [6.81322597, 47.50054166]}, "properties": {"route": "D34C", "pr": "FS", "abs": null, "label": "D34C PRFS"}}, {"type": "Feature", "geometry": {"type": "Point", "coordinates": [6.78934445, 47.52608518]}, "properties": {"route": "D432", "pr": "FS", "abs": null, "label": "D432 PRFS"}}, {"type": "Feature", "geometry": {"type": "Point", "coordinates": [6.86776137, 47.51445855]}, "properties": {"route": "D61", "pr": "FS", "abs": null, "label": "D61 PRFS"}}, {"type": "Feature", "geometry": {"type": "Point", "coordinates": [6.87566111, 47.53083182]}, "properties": {"route": "D278", "pr": "FS", "abs": null, "label": "D278 PRFS"}}, {"type": "Feature", "geometry": {"type": "Point", "coordinates": [6.78025437, 47.48122186]}, "properties": {"route": "D126", "pr": "FS", "abs": null, "label": "D126 PRFS"}}, {"type": "Feature", "geometry": {"type": "Point", "coordinates": [6.78025437, 47.48122186]}, "properties": {"route": "D126", "pr": "DS", "abs": null, "label": "D126 PRDS"}}, {"type": "Feature", "geometry": {"type": "Point", "coordinates": [6.83288197, 47.51523768]}, "properties": {"route": "D613", "pr": "FS", "abs": null, "label": "D613 PRFS"}}, {"type": "Feature", "geometry": {"type": "Point", "coordinates": [6.85702383, 47.47809018]}, "properties": {"route": "D126", "pr": "FS", "abs": null, "label": "D126 PRFS"}}, {"type": "Feature", "geometry": {"type": "Point", "coordinates": [6.7966854, 47.52697354]}, "properties": {"route": "D390", "pr": "FS", "abs": null, "label": "D390 PRFS"}}, {"type": "Feature", "geometry": {"type": "Point", "coordinates": [6.7966854, 47.52697354]}, "properties": {"route": "D390", "pr": "DS", "abs": null, "label": "D390 PRDS"}}, {"type": "Feature", "geometry": {"type": "Point", "coordinates": [6.84334407, 47.50377901]}, "properties": {"route": "D437", "pr": "FS", "abs": null, "label": "D437 PRFS (G)"}}, {"type": "Feature", "geometry": {"type": "Point", "coordinates": [6.78943848, 47.52592892]}, "properties": {"route": "D432", "pr": "FS", "abs": null, "label": "D432 PRFS"}}, {"type": "Feature", "geometry": {"type": "Point", "coordinates": [6.85859371, 47.46235102]}, "properties": {"route": "D34", "pr": "FS", "abs": null, "label": "D34 PRFS"}}, {"type": "Feature", "geometry": {"type": "Point", "coordinates": [6.85859371, 47.46235102]}, "properties": {"route": "D34", "pr": "DS", "abs": null, "label": "D34 PRDS"}}, {"type": "Feature", "geometry": {"type": "Point", "coordinates": [6.841936, 47.46230746]}, "properties": {"route": "D437", "pr": "FS", "abs": null, "label": "D437 PRFS"}}, {"type": "Feature", "geometry": {"type": "Point", "coordinates": [6.841936, 47.46230746]}, "properties": {"route": "D437", "pr": "DS", "abs": null, "label": "D437 PRDS"}}, {"type": "Feature", "geometry": {"type": "Point", "coordinates": [6.81873711, 47.50175341]}, "properties": {"route": "D663", "pr": "FS", "abs": null, "label": "D663 PRFS"}}, {"type": "Feature", "geometry": {"type": "Point", "coordinates": [6.78078351, 47.49860047]}, "properties": {"route": "D438", "pr": "FS", "abs": null, "label": "D438 PRFS"}}, {"type": "Feature", "geometry": {"type": "Point", "coordinates": [6.87926554, 47.54035773]}, "properties": {"route": "D209", "pr": "FS", "abs": null, "label": "D209 PRFS"}}, {"type": "Feature", "geometry": {"type": "Point", "coordinates": [6.79671539, 47.51449195]}, "properties": {"route": "D390", "pr": "FS", "abs": null, "label": "D390 PRFS"}}, {"type": "Feature", "geometry": {"type": "Point", "coordinates": [6.86076439, 47.4610497]}, "properties": {"route": "D34", "pr": "FS", "abs": null, "label": "D34 PRFS"}}, {"type": "Feature", "geometry": {"type": "Point", "coordinates": [6.86076439, 47.4610497]}, "properties": {"route": "D34", "pr": "DS", "abs": null, "label": "D34 PRDS"}}, {"type": "Feature", "geometry": {"type": "Point", "coordinates": [6.78090663, 47.49842345]}, "properties": {"route": "D438", "pr": "FS", "abs": null, "label": "D438 PRFS"}}, {"type": "Feature", "geometry": {"type": "Point", "coordinates": [6.8401385, 47.48296187]}, "properties": {"route": "D437D", "pr": "FS", "abs": null, "label": "D437D PRFS"}}, {"type": "Feature", "geometry": {"type": "Point", "coordinates": [6.77659505, 47.5040291]}, "properties": {"route": "D438", "pr": "FS", "abs": null, "label": "D438 PRFS"}}, {"type": "Feature", "geometry": {"type": "Point", "coordinates": [6.8262065, 47.52642219]}, "properties": {"route": "D390", "pr": "FS", "abs": null, "label": "D390 PRFS"}}, {"type": "Feature", "geometry": {"type": "Point", "coordinates": [6.8262065, 47.52642219]}, "properties": {"route": "D390", "pr": "DS", "abs": null, "label": "D390 PRDS"}}, {"type": "Feature", "geometry": {"type": "Point", "coordinates": [6.79504131, 47.5043648]}, "properties": {"route": "D438", "pr": "FS", "abs": null, "label": "D438 PRFS (G)"}}, {"type": "Feature", "geometry": {"type": "Point", "coordinates": [6.85676886, 47.47802022]}, "properties": {"route": "D126", "pr": "FS", "abs": null, "label": "D126 PRFS"}}, {"type": "Feature", "geometry": {"type": "Point", "coordinates": [6.76777258, 47.50886498]}, "properties": {"route": "D479", "pr": "FS", "abs": null, "label": "D479 PRFS"}}, {"type": "Feature", "geometry": {"type": "Point", "coordinates": [6.76777258, 47.50886498]}, "properties": {"route": "D479", "pr": "DS", "abs": null, "label": "D479 PRDS (G)"}}, {"type": "Feature", "geometry": {"type": "Point", "coordinates": [6.78949218, 47.52567304]}, "properties": {"route": "D432", "pr": "FS", "abs": null, "label": "D432 PRFS"}}, {"type": "Feature", "geometry": {"type": "Point", "coordinates": [6.78949218, 47.52567304]}, "properties": {"route": "D432", "pr": "DS", "abs": null, "label": "D432 PRDS"}}, {"type": "Feature", "geometry": {"type": "Point", "coordinates": [6.87926554, 47.54035773]}, "properties": {"route": "D209", "pr": "FS", "abs": null, "label": "D209 PRFS"}}, {"type": "Feature", "geometry": {"type": "Point", "coordinates": [6.78927669, 47.52588011]}, "properties": {"route": "D432", "pr": "FS", "abs": null, "label": "D432 PRFS"}}, {"type": "Feature", "geometry": {"type": "Point", "coordinates": [6.79341569, 47.49320594]}, "properties": {"route": "D472", "pr": "FS", "abs": null, "label": "D472 PRFS"}}, {"type": "Feature", "geometry": {"type": "Point", "coordinates": [6.84969859, 47.49690539]}, "properties": {"route": "D207", "pr": "FS", "abs": null, "label": "D207 PRFS"}}, {"type": "Feature", "geometry": {"type": "Point", "coordinates": [6.84969859, 47.49690539]}, "properties": {"route": "D207", "pr": "DS", "abs": null, "label": "D207 PRDS"}}, {"type": "Feature", "geometry": {"type": "Point", "coordinates": [6.84178713, 47.48775699]}, "properties": {"route": "D437", "pr": "FS", "abs": null, "label": "D437 PRFS"}}, {"type": "Feature", "geometry": {"type": "Point", "coordinates": [6.7985324, 47.53536287]}, "properties": {"route": "D390", "pr": "FS", "abs": null, "label": "D390 PRFS"}}, {"type": "Feature", "geometry": {"type": "Point", "coordinates": [6.84175341, 47.4624667]}, "properties": {"route": "D437", "pr": "FS", "abs": null, "label": "D437 PRFS"}}, {"type": "Feature", "geometry": {"type": "Point", "coordinates": [6.93946217, 47.49964091]}, "properties": {"route": "D416", "pr": "FS", "abs": null, "label": "D416 PRFS"}}, {"type": "Feature", "geometry": {"type": "Point", "coordinates": [6.84421921, 47.50440802]}, "properties": {"route": "D35E2", "pr": "FS", "abs": null, "label": "D35E2 PRFS"}}, {"type": "Feature", "geometry": {"type": "Point", "coordinates": [6.84221958, 47.4724749]}, "properties": {"route": "D437", "pr": "FS", "abs": null, "label": "D437 PRFS"}}, {"type": "Feature", "geometry": {"type": "Point", "coordinates": [6.81285978, 47.51771082]}, "properties": {"route": "D136", "pr": "FS", "abs": null, "label": "D136 PRFS"}}, {"type": "Feature", "geometry": {"type": "Point", "coordinates": [6.84229025, 47.48739431]}, "properties": {"route": "D437", "pr": "FS", "abs": null, "label": "D437 PRFS (D)"}}, {"type": "Feature", "geometry": {"type": "Point", "coordinates": [6.8169669, 47.48867445]}, "properties": {"route": "D34", "pr": "FS", "abs": null, "label": "D34 PRFS"}}, {"type": "Feature", "geometry": {"type": "Point", "coordinates": [6.79494763, 47.50439399]}, "properties": {"route": "D438", "pr": "FS", "abs": null, "label": "D438 PRFS"}}, {"type": "Feature", "geometry": {"type": "Point", "coordinates": [6.90025642, 47.52445117]}, "properties": {"route": "D209", "pr": "FS", "abs": null, "label": "D209 PRFS"}}, {"type": "Feature", "geometry": {"type": "Point", "coordinates": [6.85725416, 47.52466103]}, "properties": {"route": "D61", "pr": "FS", "abs": null, "label": "D61 PRFS"}}, {"type": "Feature", "geometry": {"type": "Point", "coordinates": [6.78119396, 47.53684335]}, "properties": {"route": "D432", "pr": "FS", "abs": null, "label": "D432 PRFS"}}, {"type": "Feature", "geometry": {"type": "Point", "coordinates": [6.84265917, 47.5020217]}, "properties": {"route": "D437", "pr": "FS", "abs": null, "label": "D437 PRFS"}}, {"type": "Feature", "geometry": {"type": "Point", "coordinates": [6.84077459, 47.50822301]}, "properties": {"route": "D437", "pr": "FS", "abs": null, "label": "D437 PRFS"}}, {"type": "Feature", "geometry": {"type": "Point", "coordinates": [6.84391406, 47.50454787]}, "properties": {"route": "D463", "pr": "FS", "abs": null, "label": "D463 PRFS (G)"}}, {"type": "Feature", "geometry": {"type": "Point", "coordinates": [6.79879401, 47.48461058]}, "properties": {"route": "D126", "pr": "FS", "abs": null, "label": "D126 PRFS (D)"}}, {"type": "Feature", "geometry": {"type": "Point", "coordinates": [6.79681812, 47.52693136]}, "properties": {"route": "D390A", "pr": "FS", "abs": null, "label": "D390A PRFS"}}, {"type": "Feature", "geometry": {"type": "Point", "coordinates": [6.86774295, 47.55062357]}, "properties": {"route": "D209", "pr": "FS", "abs": null, "label": "D209 PRFS"}}, {"type": "Feature", "geometry": {"type": "Point", "coordinates": [6.844318, 47.50461654]}, "properties": {"route": "D463", "pr": "FS", "abs": null, "label": "D463 PRFS"}}, {"type": "Feature", "geometry": {"type": "Point", "coordinates": [6.84230897, 47.47249808]}, "properties": {"route": "D437", "pr": "FS", "abs": null, "label": "D437 PRFS"}}, {"type": "Feature", "geometry": {"type": "Point", "coordinates": [6.84400212, 47.50442239]}, "properties": {"route": "D463", "pr": "FS", "abs": null, "label": "D463 PRFS (D)"}}, {"type": "Feature", "geometry": {"type": "Point", "coordinates": [6.81190452, 47.52518961]}, "properties": {"route": "D136B", "pr": "FS", "abs": null, "label": "D136B PRFS (G)"}}, {"type": "Feature", "geometry": {"type": "Point", "coordinates": [6.76804915, 47.4782742]}, "properties": {"route": "D463A", "pr": "FS", "abs": null, "label": "D463A PRFS"}}, {"type": "Feature", "geometry": {"type": "Point", "coordinates": [6.83582092, 47.48504549]}, "properties": {"route": "D34", "pr": "FS", "abs": null, "label": "D34 PRFS"}}, {"type": "Feature", "geometry": {"type": "Point", "coordinates": [6.80813531, 47.51391272]}, "properties": {"route": "D613", "pr": "FS", "abs": null, "label": "D613 PRFS (D)"}}, {"type": "Feature", "geometry": {"type": "Point", "coordinates": [6.85574829, 47.5253102]}, "properties": {"route": "D61", "pr": "FS", "abs": null, "label": "D61 PRFS"}}, {"type": "Feature", "geometry": {"type": "Point", "coordinates": [6.80979325, 47.53116512]}, "properties": {"route": "D390", "pr": "FS", "abs": null, "label": "D390 PRFS"}}, {"type": "Feature", "geometry": {"type": "Point", "coordinates": [6.84165771, 47.4623554]}, "properties": {"route": "D38E1", "pr": "FS", "abs": null, "label": "D38E1 PRFS"}}, {"type": "Feature", "geometry": {"type": "Point", "coordinates": [6.81278573, 47.5176799]}, "properties": {"route": "D136", "pr": "FS", "abs": null, "label": "D136 PRFS"}}, {"type": "Feature", "geometry": {"type": "Point", "coordinates": [6.79828788, 47.49253519]}, "properties": {"route": "D472AN", "pr": "FS", "abs": null, "label": "D472AN PRFS"}}, {"type": "Feature", "geometry": {"type": "Point", "coordinates": [6.8460635, 47.45905008]}, "properties": {"route": "D38E2", "pr": "FS", "abs": null, "label": "D38E2 PRFS"}}, {"type": "Feature", "geometry": {"type": "Point", "coordinates": [6.79504723, 47.50442949]}, "properties": {"route": "D438", "pr": "FS", "abs": null, "label": "D438 PRFS (G)"}}, {"type": "Feature", "geometry": {"type": "Point", "coordinates": [6.79497752, 47.50440292]}, "properties": {"route": "D438", "pr": "FS", "abs": null, "label": "D438 PRFS"}}, {"type": "Feature", "geometry": {"type": "Point", "coordinates": [6.79664885, 47.52677737]}, "properties": {"route": "D390", "pr": "FS", "abs": null, "label": "D390 PRFS"}}, {"type": "Feature", "geometry": {"type": "Point", "coordinates": [6.88237325, 47.44007996]}, "properties": {"route": "D480A", "pr": "FS", "abs": null, "label": "D480A PRFS"}}, {"type": "Feature", "geometry": {"type": "Point", "coordinates": [6.84241631, 47.47884105]}, "properties": {"route": "D34", "pr": "FS", "abs": null, "label": "D34 PRFS"}}, {"type": "Feature", "geometry": {"type": "Point", "coordinates": [6.79839324, 47.50723487]}, "properties": {"route": "D438B", "pr": "FS", "abs": null, "label": "D438B PRFS"}}, {"type": "Feature", "geometry": {"type": "Point", "coordinates": [6.83672087, 47.48235629]}, "properties": {"route": "D38", "pr": "FS", "abs": null, "label": "D38 PRFS"}}, {"type": "Feature", "geometry": {"type": "Point", "coordinates": [6.83860974, 47.48192631]}, "properties": {"route": "D126", "pr": "FS", "abs": null, "label": "D126 PRFS"}}, {"type": "Feature", "geometry": {"type": "Point", "coordinates": [6.83901966, 47.4943795]}, "properties": {"route": "D207", "pr": "FS", "abs": null, "label": "D207 PRFS"}}, {"type": "Feature", "geometry": {"type": "Point", "coordinates": [6.81654315, 47.48871719]}, "properties": {"route": "D34", "pr": "FS", "abs": null, "label": "D34 PRFS"}}, {"type": "Feature", "geometry": {"type": "Point", "coordinates": [6.86784594, 47.54449006]}, "properties": {"route": "D424", "pr": "FS", "abs": null, "label": "D424 PRFS"}}, {"type": "Feature", "geometry": {"type": "Point", "coordinates": [6.93180072, 47.49621097]}, "properties": {"route": "D210", "pr": "FS", "abs": null, "label": "D210 PRFS"}}, {"type": "Feature", "geometry": {"type": "Point", "coordinates": [6.91496736, 47.52071403]}, "properties": {"route": "D480", "pr": "FS", "abs": null, "label": "D480 PRFS"}}, {"type": "Feature", "geometry": {"type": "Point", "coordinates": [6.79830162, 47.48466]}, "properties": {"route": "D126", "pr": "FS", "abs": null, "label": "D126 PRFS (G)"}}, {"type": "Feature", "geometry": {"type": "Point", "coordinates": [6.76501375, 47.47437474]}, "properties": {"route": "D126", "pr": "FS", "abs": null, "label": "D126 PRFS"}}, {"type": "Feature", "geometry": {"type": "Point", "coordinates": [6.87946613, 47.43558229]}, "properties": {"route": "D122", "pr": "FS", "abs": null, "label": "D122 PRFS"}}, {"type": "Feature", "geometry": {"type": "Point", "coordinates": [6.81170667, 47.50282821]}, "properties": {"route": "D463B", "pr": "FS", "abs": null, "label": "D463B PRFS"}}, {"type": "Feature", "geometry": {"type": "Point", "coordinates": [6.94551508, 47.5041857]}, "properties": {"route": "D463", "pr": "FS", "abs": null, "label": "D463 PRFS"}}, {"type": "Feature", "geometry": {"type": "Point", "coordinates": [6.83127025, 47.51478153]}, "properties": {"route": "D613", "pr": "FS", "abs": null, "label": "D613 PRFS (D)"}}, {"type": "Feature", "geometry": {"type": "Point", "coordinates": [6.7984687, 47.48450404]}, "properties": {"route": "D126", "pr": "FS", "abs": null, "label": "D126 PRFS (D)"}}, {"type": "Feature", "geometry": {"type": "Point", "coordinates": [6.82281017, 47.52825229]}, "properties": {"route": "D474", "pr": "FS", "abs": null, "label": "D474 PRFS"}}, {"type": "Feature", "geometry": {"type": "Point", "coordinates": [6.92948684, 47.45904259]}, "properties": {"route": "D148", "pr": "FS", "abs": null, "label": "D148 PRFS"}}, {"type": "Feature", "geometry": {"type": "Point", "coordinates": [6.80897244, 47.50843036]}, "properties": {"route": "D663", "pr": "FS", "abs": null, "label": "D663 PRFS"}}, {"type": "Feature", "geometry": {"type": "Point", "coordinates": [6.82241615, 47.53355167]}, "properties": {"route": "D136B", "pr": "FS", "abs": null, "label": "D136B PRFS"}}, {"type": "Feature", "geometry": {"type": "Point", "coordinates": [6.77036376, 47.49302657]}, "properties": {"route": "D33", "pr": "FS", "abs": null, "label": "D33 PRFS"}}, {"type": "Feature", "geometry": {"type": "Point", "coordinates": [6.93487541, 47.43830991]}, "properties": {"route": "D482", "pr": "FS", "abs": null, "label": "D482 PRFS"}}, {"type": "Feature", "geometry": {"type": "Point", "coordinates": [6.78543362, 47.44622625]}, "properties": {"route": "D483", "pr": "FS", "abs": null, "label": "D483 PRFS"}}, {"type": "Feature", "geometry": {"type": "Point", "coordinates": [6.86477979, 47.52981534]}, "properties": {"route": "D424", "pr": "FS", "abs": null, "label": "D424 PRFS"}}, {"type": "Feature", "geometry": {"type": "Point", "coordinates": [6.91150983, 47.5255726]}, "properties": {"route": "D52", "pr": "FS", "abs": null, "label": "D52 PRFS"}}, {"type": "Feature", "geometry": {"type": "Point", "coordinates": [6.90135423, 47.46744027]}, "properties": {"route": "D480", "pr": "FS", "abs": null, "label": "D480 PRFS"}}, {"type": "Feature", "geometry": {"type": "Point", "coordinates": [6.89347884, 47.47664103]}, "properties": {"route": "D480", "pr": "FS", "abs": null, "label": "D480 PRFS"}}, {"type": "Feature", "geometry": {"type": "Point", "coordinates": [6.88132163, 47.44250524]}, "properties": {"route": "D480", "pr": "FS", "abs": null, "label": "D480 PRFS"}}, {"type": "Feature", "geometry": {"type": "Point", "coordinates": [6.78459696, 47.43343542]}, "properties": {"route": "D438", "pr": "FS", "abs": null, "label": "D438 PRFS"}}, {"type": "Feature", "geometry": {"type": "Point", "coordinates": [6.91351885, 47.50603791]}, "properties": {"route": "D480", "pr": "FS", "abs": null, "label": "D480 PRFS"}}, {"type": "Feature", "geometry": {"type": "Point", "coordinates": [6.91231735, 47.48300402]}, "properties": {"route": "D126", "pr": "FS", "abs": null, "label": "D126 PRFS"}}, {"type": "Feature", "geometry": {"type": "Point", "coordinates": [6.81619749, 47.48579235]}, "properties": {"route": "D34A", "pr": "FS", "abs": null, "label": "D34A PRFS (G)"}}, {"type": "Feature", "geometry": {"type": "Point", "coordinates": [6.81141326, 47.52432701]}, "properties": {"route": "D623", "pr": "FS", "abs": null, "label": "D623 PRFS"}}, {"type": "Feature", "geometry": {"type": "Point", "coordinates": [6.83127025, 47.51478153]}, "properties": {"route": "D613", "pr": "FS", "abs": null, "label": "D613 PRFS (G)"}}, {"type": "Feature", "geometry": {"type": "Point", "coordinates": [6.85062213, 47.54823185]}, "properties": {"route": "D437", "pr": "FS", "abs": null, "label": "D437 PRFS"}}, {"type": "Feature", "geometry": {"type": "Point", "coordinates": [6.85512158, 47.45826269]}, "properties": {"route": "D448", "pr": "FS", "abs": null, "label": "D448 PRFS"}}, {"type": "Feature", "geometry": {"type": "Point", "coordinates": [6.81565487, 47.48564071]}, "properties": {"route": "D472", "pr": "FS", "abs": null, "label": "D472 PRFS"}}, {"type": "Feature", "geometry": {"type": "Point", "coordinates": [6.9090786, 47.47268962]}, "properties": {"route": "D253", "pr": "FS", "abs": null, "label": "D253 PRFS"}}, {"type": "Feature", "geometry": {"type": "Point", "coordinates": [6.8433973, 47.53186376]}, "properties": {"route": "D437", "pr": "FS", "abs": null, "label": "D437 PRFS"}}, {"type": "Feature", "geometry": {"type": "Point", "coordinates": [6.89682519, 47.53403448]}, "properties": {"route": "D278", "pr": "FS", "abs": null, "label": "D278 PRFS"}}, {"type": "Feature", "geometry": {"type": "Point", "coordinates": [6.79401971, 47.50916001]}, "properties": {"route": "D438", "pr": "FS", "abs": null, "label": "D438 PRFS"}}, {"type": "Feature", "geometry": {"type": "Point", "coordinates": [6.79315294, 47.4932884]}, "properties": {"route": "D472", "pr": "FS", "abs": null, "label": "D472 PRFS"}}, {"type": "Feature", "geometry": {"type": "Point", "coordinates": [6.84036136, 47.4759375]}, "properties": {"route": "D437", "pr": "DS", "abs": null, "label": "D437 PRDS (D)"}}, {"type": "Feature", "geometry": {"type": "Point", "coordinates": [6.84036136, 47.4759375]}, "properties": {"route": "D437", "pr": "FS", "abs": null, "label": "D437 PRFS (G)"}}, {"type": "Feature", "geometry": {"type": "Point", "coordinates": [6.82599796, 47.52637136]}, "properties": {"route": "D390", "pr": "DS", "abs": null, "label": "D390 PRDS"}}, {"type": "Feature", "geometry": {"type": "Point", "coordinates": [6.84211777, 47.50622125]}, "properties": {"route": "D437", "pr": "DS", "abs": null, "label": "D437 PRDS (D)"}}, {"type": "Feature", "geometry": {"type": "Point", "coordinates": [6.76899763, 47.47337883]}, "properties": {"route": "D126", "pr": "DS", "abs": null, "label": "D126 PRDS"}}, {"type": "Feature", "geometry": {"type": "Point", "coordinates": [6.87599355, 47.53079192]}, "properties": {"route": "D278", "pr": "DS", "abs": null, "label": "D278 PRDS"}}, {"type": "Feature", "geometry": {"type": "Point", "coordinates": [6.87599355, 47.53079192]}, "properties": {"route": "D278", "pr": "FS", "abs": null, "label": "D278 PRFS"}}, {"type": "Feature", "geometry": {"type": "Point", "coordinates": [6.81195154, 47.50081591]}, "properties": {"route": "D34C", "pr": "DS", "abs": null, "label": "D34C PRDS"}}, {"type": "Feature", "geometry": {"type": "Point", "coordinates": [6.81322597, 47.50054166]}, "properties": {"route": "D34C", "pr": "DS", "abs": null, "label": "D34C PRDS"}}, {"type": "Feature", "geometry": {"type": "Point", "coordinates": [6.80569796, 47.48361993]}, "properties": {"route": "D126", "pr": "DS", "abs": null, "label": "D126 PRDS (D)"}}, {"type": "Feature", "geometry": {"type": "Point", "coordinates": [6.80569796, 47.48361993]}, "properties": {"route": "D126", "pr": "FS", "abs": null, "label": "D126 PRFS"}}, {"type": "Feature", "geometry": {"type": "Point", "coordinates": [6.91313415, 47.52224288]}, "properties": {"route": "D209", "pr": "DS", "abs": null, "label": "D209 PRDS"}}, {"type": "Feature", "geometry": {"type": "Point", "coordinates": [6.8262065, 47.52642219]}, "properties": {"route": "D390", "pr": "DS", "abs": null, "label": "D390 PRDS"}}, {"type": "Feature", "geometry": {"type": "Point", "coordinates": [6.8161281, 47.48547199]}, "properties": {"route": "D34A", "pr": "DS", "abs": null, "label": "D34A PRDS"}}, {"type": "Feature", "geometry": {"type": "Point", "coordinates": [6.85859371, 47.46235102]}, "properties": {"route": "D34", "pr": "DS", "abs": null, "label": "D34 PRDS"}}, {"type": "Feature", "geometry": {"type": "Point", "coordinates": [6.76525415, 47.47427775]}, "properties": {"route": "D126", "pr": "DS", "abs": null, "label": "D126 PRDS"}}, {"type": "Feature", "geometry": {"type": "Point", "coordinates": [6.83938856, 47.49394286]}, "properties": {"route": "D437", "pr": "DS", "abs": null, "label": "D437 PRDS"}}, {"type": "Feature", "geometry": {"type": "Point", "coordinates": [6.82299863, 47.52651579]}, "properties": {"route": "D136", "pr": "DS", "abs": null, "label": "D136 PRDS"}}, {"type": "Feature", "geometry": {"type": "Point", "coordinates": [6.82299863, 47.52651579]}, "properties": {"route": "D136", "pr": "FS", "abs": null, "label": "D136 PRFS"}}, {"type": "Feature", "geometry": {"type": "Point", "coordinates": [6.80798838, 47.51392293]}, "properties": {"route": "D613", "pr": "DS", "abs": null, "label": "D613 PRDS (G)"}}, {"type": "Feature", "geometry": {"type": "Point", "coordinates": [6.80798838, 47.51392293]}, "properties": {"route": "D613", "pr": "FS", "abs": null, "label": "D613 PRFS"}}, {"type": "Feature", "geometry": {"type": "Point", "coordinates": [6.86158323, 47.46278357]}, "properties": {"route": "D253", "pr": "DS", "abs": null, "label": "D253 PRDS"}}, {"type": "Feature", "geometry": {"type": "Point", "coordinates": [6.86158323, 47.46278357]}, "properties": {"route": "D253", "pr": "FS", "abs": null, "label": "D253 PRFS"}}, {"type": "Feature", "geometry": {"type": "Point", "coordinates": [6.87124927, 47.45612018]}, "properties": {"route": "D34", "pr": "DS", "abs": null, "label": "D34 PRDS"}}, {"type": "Feature", "geometry": {"type": "Point", "coordinates": [6.87124927, 47.45612018]}, "properties": {"route": "D34", "pr": "FS", "abs": null, "label": "D34 PRFS"}}, {"type": "Feature", "geometry": {"type": "Point", "coordinates": [6.84587306, 47.45895183]}, "properties": {"route": "D35", "pr": "DS", "abs": null, "label": "D35 PRDS"}}, {"type": "Feature", "geometry": {"type": "Point", "coordinates": [6.84587306, 47.45895183]}, "properties": {"route": "D35", "pr": "FS", "abs": null, "label": "D35 PRFS"}}, {"type": "Feature", "geometry": {"type": "Point", "coordinates": [6.81322597, 47.50054166]}, "properties": {"route": "D34C", "pr": "DS", "abs": null, "label": "D34C PRDS"}}, {"type": "Feature", "geometry": {"type": "Point", "coordinates": [6.80634957, 47.50852424]}, "properties": {"route": "D663", "pr": "DS", "abs": null, "label": "D663 PRDS (G)"}}, {"type": "Feature", "geometry": {"type": "Point", "coordinates": [6.79344916, 47.50908578]}, "properties": {"route": "D438", "pr": "DS", "abs": null, "label": "D438 PRDS"}}, {"type": "Feature", "geometry": {"type": "Point", "coordinates": [6.83768587, 47.48750475]}, "properties": {"route": "D34E", "pr": "DS", "abs": null, "label": "D34E PRDS"}}, {"type": "Feature", "geometry": {"type": "Point", "coordinates": [6.83768587, 47.48750475]}, "properties": {"route": "D34E", "pr": "FS", "abs": null, "label": "D34E PRFS"}}, {"type": "Feature", "geometry": {"type": "Point", "coordinates": [6.86076439, 47.4610497]}, "properties": {"route": "D34", "pr": "DS", "abs": null, "label": "D34 PRDS"}}, {"type": "Feature", "geometry": {"type": "Point", "coordinates": [6.82461038, 47.48876243]}, "properties": {"route": "D34", "pr": "DS", "abs": null, "label": "D34 PRDS"}}, {"type": "Feature", "geometry": {"type": "Point", "coordinates": [6.82461038, 47.48876243]}, "properties": {"route": "D34", "pr": "FS", "abs": null, "label": "D34 PRFS"}}, {"type": "Feature", "geometry": {"type": "Point", "coordinates": [6.80614374, 47.48381263]}, "properties": {"route": "D126", "pr": "DS", "abs": null, "label": "D126 PRDS"}}, {"type": "Feature", "geometry": {"type": "Point", "coordinates": [6.85275874, 47.50593364]}, "properties": {"route": "D463", "pr": "DS", "abs": null, "label": "D463 PRDS"}}, {"type": "Feature", "geometry": {"type": "Point", "coordinates": [6.77659505, 47.5040291]}, "properties": {"route": "D438", "pr": "DS", "abs": null, "label": "D438 PRDS"}}, {"type": "Feature", "geometry": {"type": "Point", "coordinates": [6.77659505, 47.5040291]}, "properties": {"route": "D438", "pr": "FS", "abs": null, "label": "D438 PRFS"}}, {"type": "Feature", "geometry": {"type": "Point", "coordinates": [6.87920665, 47.54026146]}, "properties": {"route": "D209", "pr": "DS", "abs": null, "label": "D209 PRDS"}}, {"type": "Feature", "geometry": {"type": "Point", "coordinates": [6.91297421, 47.52238434]}, "properties": {"route": "D209", "pr": "DS", "abs": null, "label": "D209 PRDS"}}, {"type": "Feature", "geometry": {"type": "Point", "coordinates": [6.91297421, 47.52238434]}, "properties": {"route": "D209", "pr": "FS", "abs": null, "label": "D209 PRFS"}}, {"type": "Feature", "geometry": {"type": "Point", "coordinates": [6.81649856, 47.48336001]}, "properties": {"route": "D34A", "pr": "DS", "abs": null, "label": "D34A PRDS"}}, {"type": "Feature", "geometry": {"type": "Point", "coordinates": [6.85529065, 47.52486843]}, "properties": {"route": "D633", "pr": "DS", "abs": null, "label": "D633 PRDS"}}, {"type": "Feature", "geometry": {"type": "Point", "coordinates": [6.87542249, 47.53089924]}, "properties": {"route": "D278", "pr": "DS", "abs": null, "label": "D278 PRDS"}}, {"type": "Feature", "geometry": {"type": "Point", "coordinates": [6.84880369, 47.47867145]}, "properties": {"route": "D126", "pr": "DS", "abs": null, "label": "D126 PRDS"}}, {"type": "Feature", "geometry": {"type": "Point", "coordinates": [6.84880369, 47.47867145]}, "properties": {"route": "D126", "pr": "DS", "abs": null, "label": "D126 PRDS"}}, {"type": "Feature", "geometry": {"type": "Point", "coordinates": [6.84192063, 47.50638366]}, "properties": {"route": "D437", "pr": "DS", "abs": null, "label": "D437 PRDS (D)"}}, {"type": "Feature", "geometry": {"type": "Point", "coordinates": [6.84395709, 47.50462846]}, "properties": {"route": "D437", "pr": "DS", "abs": null, "label": "D437 PRDS"}}, {"type": "Feature", "geometry": {"type": "Point", "coordinates": [6.85336338, 47.46925938]}, "properties": {"route": "D34", "pr": "DS", "abs": null, "label": "D34 PRDS"}}, {"type": "Feature", "geometry": {"type": "Point", "coordinates": [6.85336338, 47.46925938]}, "properties": {"route": "D34", "pr": "FS", "abs": null, "label": "D34 PRFS"}}, {"type": "Feature", "geometry": {"type": "Point", "coordinates": [6.81584145, 47.50238096]}, "properties": {"route": "D663", "pr": "DS", "abs": null, "label": "D663 PRDS (G)"}}, {"type": "Feature", "geometry": {"type": "Point", "coordinates": [6.84362988, 47.53178579]}, "properties": {"route": "D437", "pr": "DS", "abs": null, "label": "D437 PRDS"}}, {"type": "Feature", "geometry": {"type": "Point", "coordinates": [6.84586137, 47.45914057]}, "properties": {"route": "D35", "pr": "DS", "abs": null, "label": "D35 PRDS"}}, {"type": "Feature", "geometry": {"type": "Point", "coordinates": [6.80897244, 47.50843036]}, "properties": {"route": "D663", "pr": "DS", "abs": null, "label": "D663 PRDS"}}, {"type": "Feature", "geometry": {"type": "Point", "coordinates": [6.84954049, 47.5223243]}, "properties": {"route": "D278", "pr": "DS", "abs": null, "label": "D278 PRDS"}}, {"type": "Feature", "geometry": {"type": "Point", "coordinates": [6.76483353, 47.50805795]}, "properties": {"route": "D479", "pr": "DS", "abs": null, "label": "D479 PRDS"}}, {"type": "Feature", "geometry": {"type": "Point", "coordinates": [6.83853901, 47.48368244]}, "properties": {"route": "D34E", "pr": "DS", "abs": null, "label": "D34E PRDS"}}, {"type": "Feature", "geometry": {"type": "Point", "coordinates": [6.87926554, 47.54035773]}, "properties": {"route": "D209", "pr": "DS", "abs": null, "label": "D209 PRDS"}}, {"type": "Feature", "geometry": {"type": "Point", "coordinates": [6.80569796, 47.48361993]}, "properties": {"route": "D126", "pr": "DS", "abs": null, "label": "D126 PRDS (D)"}}, {"type": "Feature", "geometry": {"type": "Point", "coordinates": [6.80569796, 47.48361993]}, "properties": {"route": "D126", "pr": "FS", "abs": null, "label": "D126 PRFS"}}, {"type": "Feature", "geometry": {"type": "Point", "coordinates": [6.87566111, 47.53083182]}, "properties": {"route": "D278", "pr": "DS", "abs": null, "label": "D278 PRDS"}}, {"type": "Feature", "geometry": {"type": "Point", "coordinates": [6.87880396, 47.54037941]}, "properties": {"route": "D209", "pr": "DS", "abs": null, "label": "D209 PRDS"}}, {"type": "Feature", "geometry": {"type": "Point", "coordinates": [6.87880396, 47.54037941]}, "properties": {"route": "D209", "pr": "FS", "abs": null, "label": "D209 PRFS"}}, {"type": "Feature", "geometry": {"type": "Point", "coordinates": [6.81163104, 47.52460106]}, "properties": {"route": "D136B", "pr": "DS", "abs": null, "label": "D136B PRDS"}}, {"type": "Feature", "geometry": {"type": "Point", "coordinates": [6.76525415, 47.47427775]}, "properties": {"route": "D126", "pr": "DS", "abs": null, "label": "D126 PRDS"}}, {"type": "Feature", "geometry": {"type": "Point", "coordinates": [6.87114514, 47.45622368]}, "properties": {"route": "D34", "pr": "DS", "abs": null, "label": "D34 PRDS"}}, {"type": "Feature", "geometry": {"type": "Point", "coordinates": [6.87114514, 47.45622368]}, "properties": {"route": "D34", "pr": "FS", "abs": null, "label": "D34 PRFS"}}, {"type": "Feature", "geometry": {"type": "Point", "coordinates": [6.79870889, 47.48481613]}, "properties": {"route": "D126", "pr": "DS", "abs": null, "label": "D126 PRDS"}}, {"type": "Feature", "geometry": {"type": "Point", "coordinates": [6.82146038, 47.49999862]}, "properties": {"route": "D663", "pr": "DS", "abs": null, "label": "D663 PRDS"}}, {"type": "Feature", "geometry": {"type": "Point", "coordinates": [6.87567732, 47.53092681]}, "properties": {"route": "D278", "pr": "DS", "abs": null, "label": "D278 PRDS"}}, {"type": "Feature", "geometry": {"type": "Point", "coordinates": [6.83894968, 47.50983419]}, "properties": {"route": "D437", "pr": "DS", "abs": null, "label": "D437 PRDS"}}, {"type": "Feature", "geometry": {"type": "Point", "coordinates": [6.76510254, 47.5080817]}, "properties": {"route": "D479", "pr": "DS", "abs": null, "label": "D479 PRDS (D)"}}, {"type": "Feature", "geometry": {"type": "Point", "coordinates": [6.81167295, 47.50091875]}, "properties": {"route": "D34C", "pr": "DS", "abs": null, "label": "D34C PRDS"}}, {"type": "Feature", "geometry": {"type": "Point", "coordinates": [6.81167295, 47.50091875]}, "properties": {"route": "D34C", "pr": "FS", "abs": null, "label": "D34C PRFS"}}, {"type": "Feature", "geometry": {"type": "Point", "coordinates": [6.78934445, 47.52608518]}, "properties": {"route": "D432", "pr": "DS", "abs": null, "label": "D432 PRDS"}}, {"type": "Feature", "geometry": {"type": "Point", "coordinates": [6.78934445, 47.52608518]}, "properties": {"route": "D432", "pr": "FS", "abs": null, "label": "D432 PRFS"}}, {"type": "Feature", "geometry": {"type": "Point", "coordinates": [6.844318, 47.50461654]}, "properties": {"route": "D463", "pr": "DS", "abs": null, "label": "D463 PRDS"}}, {"type": "Feature", "geometry": {"type": "Point", "coordinates": [6.844318, 47.50461654]}, "properties": {"route": "D463", "pr": "FS", "abs": null, "label": "D463 PRFS"}}, {"type": "Feature", "geometry": {"type": "Point", "coordinates": [6.84179752, 47.50289368]}, "properties": {"route": "D34C", "pr": "DS", "abs": null, "label": "D34C PRDS"}}, {"type": "Feature", "geometry": {"type": "Point", "coordinates": [6.79494763, 47.50439399]}, "properties": {"route": "D438", "pr": "DS", "abs": null, "label": "D438 PRDS (D)"}}, {"type": "Feature", "geometry": {"type": "Point", "coordinates": [6.84960291, 47.52259981]}, "properties": {"route": "D278", "pr": "DS", "abs": null, "label": "D278 PRDS"}}, {"type": "Feature", "geometry": {"type": "Point", "coordinates": [6.84960291, 47.52259981]}, "properties": {"route": "D278", "pr": "FS", "abs": null, "label": "D278 PRFS"}}, {"type": "Feature", "geometry": {"type": "Point", "coordinates": [6.80614374, 47.48381263]}, "properties": {"route": "D126", "pr": "DS", "abs": null, "label": "D126 PRDS"}}, {"type": "Feature", "geometry": {"type": "Point", "coordinates": [6.8534479, 47.46906732]}, "properties": {"route": "D34", "pr": "DS", "abs": null, "label": "D34 PRDS"}}, {"type": "Feature", "geometry": {"type": "Point", "coordinates": [6.83783154, 47.48755222]}, "properties": {"route": "D34E", "pr": "DS", "abs": null, "label": "D34E PRDS"}}, {"type": "Feature", "geometry": {"type": "Point", "coordinates": [6.84888116, 47.47858417]}, "properties": {"route": "D126", "pr": "DS", "abs": null, "label": "D126 PRDS"}}, {"type": "Feature", "geometry": {"type": "Point", "coordinates": [6.80897244, 47.50843036]}, "properties": {"route": "D663", "pr": "DS", "abs": null, "label": "D663 PRDS"}}, {"type": "Feature", "geometry": {"type": "Point", "coordinates": [6.7985324, 47.53536287]}, "properties": {"route": "D390", "pr": "DS", "abs": null, "label": "D390 PRDS"}}, {"type": "Feature", "geometry": {"type": "Point", "coordinates": [6.7985324, 47.53536287]}, "properties": {"route": "D390", "pr": "FS", "abs": null, "label": "D390 PRFS"}}, {"type": "Feature", "geometry": {"type": "Point", "coordinates": [6.8425141, 47.50364869]}, "properties": {"route": "D437", "pr": "DS", "abs": null, "label": "D437 PRDS"}}, {"type": "Feature", "geometry": {"type": "Point", "coordinates": [6.83956586, 47.49454173]}, "properties": {"route": "D437", "pr": "DS", "abs": null, "label": "D437 PRDS (G)"}}, {"type": "Feature", "geometry": {"type": "Point", "coordinates": [6.82436287, 47.48870387]}, "properties": {"route": "D34", "pr": "DS", "abs": null, "label": "D34 PRDS"}}, {"type": "Feature", "geometry": {"type": "Point", "coordinates": [6.82436287, 47.48870387]}, "properties": {"route": "D34", "pr": "FS", "abs": null, "label": "D34 PRFS"}}, {"type": "Feature", "geometry": {"type": "Point", "coordinates": [6.84144646, 47.48758619]}, "properties": {"route": "D437", "pr": "DS", "abs": null, "label": "D437 PRDS (G)"}}, {"type": "Feature", "geometry": {"type": "Point", "coordinates": [6.85296667, 47.50592135]}, "properties": {"route": "D463", "pr": "DS", "abs": null, "label": "D463 PRDS"}}, {"type": "Feature", "geometry": {"type": "Point", "coordinates": [6.85296667, 47.50592135]}, "properties": {"route": "D463", "pr": "FS", "abs": null, "label": "D463 PRFS"}}, {"type": "Feature", "geometry": {"type": "Point", "coordinates": [6.82149012, 47.49993095]}, "properties": {"route": "D663", "pr": "DS", "abs": null, "label": "D663 PRDS"}}, {"type": "Feature", "geometry": {"type": "Point", "coordinates": [6.76925592, 47.47342274]}, "properties": {"route": "D126", "pr": "DS", "abs": null, "label": "D126 PRDS"}}, {"type": "Feature", "geometry": {"type": "Point", "coordinates": [6.76925592, 47.47342274]}, "properties": {"route": "D126", "pr": "FS", "abs": null, "label": "D126 PRFS"}}, {"type": "Feature", "geometry": {"type": "Point", "coordinates": [6.82286555, 47.52660848]}, "properties": {"route": "D136", "pr": "DS", "abs": null, "label": "D136 PRDS"}}, {"type": "Feature", "geometry": {"type": "Point", "coordinates": [6.82286555, 47.52660848]}, "properties": {"route": "D136", "pr": "FS", "abs": null, "label": "D136 PRFS"}}, {"type": "Feature", "geometry": {"type": "Point", "coordinates": [6.86137946, 47.46274076]}, "properties": {"route": "D253", "pr": "DS", "abs": null, "label": "D253 PRDS"}}, {"type": "Feature", "geometry": {"type": "Point", "coordinates": [6.86137946, 47.46274076]}, "properties": {"route": "D253", "pr": "FS", "abs": null, "label": "D253 PRFS"}}, {"type": "Feature", "geometry": {"type": "Point", "coordinates": [6.82252024, 47.53351851]}, "properties": {"route": "D136", "pr": "DS", "abs": null, "label": "D136 PRDS"}}, {"type": "Feature", "geometry": {"type": "Point", "coordinates": [6.81268068, 47.50259265]}, "properties": {"route": "D663", "pr": "DS", "abs": null, "label": "D663 PRDS (D)"}}, {"type": "Feature", "geometry": {"type": "Point", "coordinates": [6.76733257, 47.45232031]}, "properties": {"route": "D53", "pr": "DS", "abs": null, "label": "D53 PRDS"}}, {"type": "Feature", "geometry": {"type": "Point", "coordinates": [6.76501375, 47.47437474]}, "properties": {"route": "D126", "pr": "DS", "abs": null, "label": "D126 PRDS"}}, {"type": "Feature", "geometry": {"type": "Point", "coordinates": [6.81366707, 47.50038663]}, "properties": {"route": "D34C", "pr": "DS", "abs": null, "label": "D34C PRDS"}}, {"type": "Feature", "geometry": {"type": "Point", "coordinates": [6.81366707, 47.50038663]}, "properties": {"route": "D34C", "pr": "FS", "abs": null, "label": "D34C PRFS"}}, {"type": "Feature", "geometry": {"type": "Point", "coordinates": [6.78943848, 47.52592892]}, "properties": {"route": "D432", "pr": "DS", "abs": null, "label": "D432 PRDS"}}, {"type": "Feature", "geometry": {"type": "Point", "coordinates": [6.86776137, 47.51445855]}, "properties": {"route": "D61", "pr": "DS", "abs": null, "label": "D61 PRDS"}}, {"type": "Feature", "geometry": {"type": "Point", "coordinates": [6.87567732, 47.53092681]}, "properties": {"route": "D278", "pr": "DS", "abs": null, "label": "D278 PRDS"}}, {"type": "Feature", "geometry": {"type": "Point", "coordinates": [6.78025437, 47.48122186]}, "properties": {"route": "D126", "pr": "DS", "abs": null, "label": "D126 PRDS"}}, {"type": "Feature", "geometry": {"type": "Point", "coordinates": [6.83127025, 47.51478153]}, "properties": {"route": "D613", "pr": "DS", "abs": null, "label": "D613 PRDS"}}, {"type": "Feature", "geometry": {"type": "Point", "coordinates": [6.85676886, 47.47802022]}, "properties": {"route": "D126", "pr": "DS", "abs": null, "label": "D126 PRDS"}}, {"type": "Feature", "geometry": {"type": "Point", "coordinates": [6.85676886, 47.47802022]}, "properties": {"route": "D126", "pr": "FS", "abs": null, "label": "D126 PRFS"}}, {"type": "Feature", "geometry": {"type": "Point", "coordinates": [6.7966854, 47.52697354]}, "properties": {"route": "D390", "pr": "DS", "abs": null, "label": "D390 PRDS"}}, {"type": "Feature", "geometry": {"type": "Point", "coordinates": [6.83987874, 47.49439893]}, "properties": {"route": "D437", "pr": "DS", "abs": null, "label": "D437 PRDS (G)"}}, {"type": "Feature", "geometry": {"type": "Point", "coordinates": [6.78949218, 47.52567304]}, "properties": {"route": "D432", "pr": "DS", "abs": null, "label": "D432 PRDS"}}, {"type": "Feature", "geometry": {"type": "Point", "coordinates": [6.85845834, 47.46248258]}, "properties": {"route": "D34", "pr": "DS", "abs": null, "label": "D34 PRDS"}}, {"type": "Feature", "geometry": {"type": "Point", "coordinates": [6.85845834, 47.46248258]}, "properties": {"route": "D34", "pr": "FS", "abs": null, "label": "D34 PRFS"}}, {"type": "Feature", "geometry": {"type": "Point", "coordinates": [6.84175341, 47.4624667]}, "properties": {"route": "D437", "pr": "DS", "abs": null, "label": "D437 PRDS"}}, {"type": "Feature", "geometry": {"type": "Point", "coordinates": [6.84175341, 47.4624667]}, "properties": {"route": "D437", "pr": "FS", "abs": null, "label": "D437 PRFS"}}, {"type": "Feature", "geometry": {"type": "Point", "coordinates": [6.81583384, 47.50229289]}, "properties": {"route": "D663", "pr": "DS", "abs": null, "label": "D663 PRDS"}}, {"type": "Feature", "geometry": {"type": "Point", "coordinates": [6.78090663, 47.49842345]}, "properties": {"route": "D438", "pr": "DS", "abs": null, "label": "D438 PRDS"}}, {"type": "Feature", "geometry": {"type": "Point", "coordinates": [6.78090663, 47.49842345]}, "properties": {"route": "D438", "pr": "FS", "abs": null, "label": "D438 PRFS"}}, {"type": "Feature", "geometry": {"type": "Point", "coordinates": [6.87956123, 47.54034248]}, "properties": {"route": "D209", "pr": "DS", "abs": null, "label": "D209 PRDS"}}, {"type": "Feature", "geometry": {"type": "Point", "coordinates": [6.79632732, 47.51532108]}, "properties": {"route": "D390", "pr": "DS", "abs": null, "label": "D390 PRDS"}}, {"type": "Feature", "geometry": {"type": "Point", "coordinates": [6.86061252, 47.4610998]}, "properties": {"route": "D34", "pr": "DS", "abs": null, "label": "D34 PRDS"}}, {"type": "Feature", "geometry": {"type": "Point", "coordinates": [6.86061252, 47.4610998]}, "properties": {"route": "D34", "pr": "FS", "abs": null, "label": "D34 PRFS"}}, {"type": "Feature", "geometry": {"type": "Point", "coordinates": [6.78078351, 47.49860047]}, "properties": {"route": "D438", "pr": "DS", "abs": null, "label": "D438 PRDS"}}, {"type": "Feature", "geometry": {"type": "Point", "coordinates": [6.78078351, 47.49860047]}, "properties": {"route": "D438", "pr": "FS", "abs": null, "label": "D438 PRFS"}}, {"type": "Feature", "geometry": {"type": "Point", "coordinates": [6.8417262, 47.48713085]}, "properties": {"route": "D437D", "pr": "DS", "abs": null, "label": "D437D PRDS"}}, {"type": "Feature", "geometry": {"type": "Point", "coordinates": [6.77651759, 47.50385498]}, "properties": {"route": "D438", "pr": "DS", "abs": null, "label": "D438 PRDS"}}, {"type": "Feature", "geometry": {"type": "Point", "coordinates": [6.82599796, 47.52637136]}, "properties": {"route": "D390", "pr": "DS", "abs": null, "label": "D390 PRDS"}}, {"type": "Feature", "geometry": {"type": "Point", "coordinates": [6.79504131, 47.5043648]}, "properties": {"route": "D438", "pr": "DS", "abs": null, "label": "D438 PRDS (G)"}}, {"type": "Feature", "geometry": {"type": "Point", "coordinates": [6.85702383, 47.47809018]}, "properties": {"route": "D126", "pr": "DS", "abs": null, "label": "D126 PRDS"}}, {"type": "Feature", "geometry": {"type": "Point", "coordinates": [6.85702383, 47.47809018]}, "properties": {"route": "D126", "pr": "FS", "abs": null, "label": "D126 PRFS"}}, {"type": "Feature", "geometry": {"type": "Point", "coordinates": [6.7651163, 47.50795599]}, "properties": {"route": "D479", "pr": "DS", "abs": null, "label": "D479 PRDS (G)"}}, {"type": "Feature", "geometry": {"type": "Point", "coordinates": [6.78927669, 47.52588011]}, "properties": {"route": "D432", "pr": "DS", "abs": null, "label": "D432 PRDS"}}, {"type": "Feature", "geometry": {"type": "Point", "coordinates": [6.87920665, 47.54026146]}, "properties": {"route": "D209", "pr": "DS", "abs": null, "label": "D209 PRDS"}}, {"type": "Feature", "geometry": {"type": "Point", "coordinates": [6.78943848, 47.52592892]}, "properties": {"route": "D432", "pr": "DS", "abs": null, "label": "D432 PRDS"}}, {"type": "Feature", "geometry": {"type": "Point", "coordinates": [6.79341569, 47.49320594]}, "properties": {"route": "D472", "pr": "DS", "abs": null, "label": "D472 PRDS"}}, {"type": "Feature", "geometry": {"type": "Point", "coordinates": [6.79341569, 47.49320594]}, "properties": {"route": "D472", "pr": "FS", "abs": null, "label": "D472 PRFS"}}, {"type": "Feature", "geometry": {"type": "Point", "coordinates": [6.84969859, 47.49690539]}, "properties": {"route": "D207", "pr": "DS", "abs": null, "label": "D207 PRDS"}}, {"type": "Feature", "geometry": {"type": "Point", "coordinates": [6.84178713, 47.48775699]}, "properties": {"route": "D437", "pr": "DS", "abs": null, "label": "D437 PRDS"}}, {"type": "Feature", "geometry": {"type": "Point", "coordinates": [6.84178713, 47.48775699]}, "properties": {"route": "D437", "pr": "FS", "abs": null, "label": "D437 PRFS"}}, {"type": "Feature", "geometry": {"type": "Point", "coordinates": [6.79828921, 47.53540505]}, "properties": {"route": "D390", "pr": "DS", "abs": null, "label": "D390 PRDS"}}, {"type": "Feature", "geometry": {"type": "Point", "coordinates": [6.79828921, 47.53540505]}, "properties": {"route": "D390", "pr": "FS", "abs": null, "label": "D390 PRFS"}}, {"type": "Feature", "geometry": {"type": "Point", "coordinates": [6.841936, 47.46230746]}, "properties": {"route": "D437", "pr": "DS", "abs": null, "label": "D437 PRDS"}}, {"type": "Feature", "geometry": {"type": "Point", "coordinates": [6.84577751, 47.45900906]}, "properties": {"route": "D38E2", "pr": "DS", "abs": null, "label": "D38E2 PRDS"}}, {"type": "Feature", "geometry": {"type": "Point", "coordinates": [6.84036136, 47.4759375]}, "properties": {"route": "D437", "pr": "DS", "abs": null, "label": "D437 PRDS"}}, {"type": "Feature", "geometry": {"type": "Point", "coordinates": [6.8122923, 47.5032263]}, "properties": {"route": "D663", "pr": "DS", "abs": null, "label": "D663 PRDS"}}, {"type": "Feature", "geometry": {"type": "Point", "coordinates": [6.84000769, 47.49432438]}, "properties": {"route": "D207", "pr": "DS", "abs": null, "label": "D207 PRDS"}}, {"type": "Feature", "geometry": {"type": "Point", "coordinates": [6.80494644, 47.48389503]}, "properties": {"route": "D126", "pr": "DS", "abs": null, "label": "D126 PRDS (G)"}}, {"type": "Feature", "geometry": {"type": "Point", "coordinates": [6.86784435, 47.51452068]}, "properties": {"route": "D61", "pr": "DS", "abs": null, "label": "D61 PRDS"}}, {"type": "Feature", "geometry": {"type": "Point", "coordinates": [6.81205176, 47.52359778]}, "properties": {"route": "D623", "pr": "DS", "abs": null, "label": "D623 PRDS (G)"}}, {"type": "Feature", "geometry": {"type": "Point", "coordinates": [6.81585744, 47.48581522]}, "properties": {"route": "D34A", "pr": "DS", "abs": null, "label": "D34A PRDS (D)"}}, {"type": "Feature", "geometry": {"type": "Point", "coordinates": [6.8420691, 47.50286038]}, "properties": {"route": "D437", "pr": "DS", "abs": null, "label": "D437 PRDS"}}, {"type": "Feature", "geometry": {"type": "Point", "coordinates": [6.83922994, 47.50995833]}, "properties": {"route": "D437", "pr": "DS", "abs": null, "label": "D437 PRDS"}}, {"type": "Feature", "geometry": {"type": "Point", "coordinates": [6.84051086, 47.47968621]}, "properties": {"route": "D437D", "pr": "DS", "abs": null, "label": "D437D PRDS"}}, {"type": "Feature", "geometry": {"type": "Point", "coordinates": [6.76428061, 47.48101321]}, "properties": {"route": "D463A", "pr": "DS", "abs": null, "label": "D463A PRDS"}}, {"type": "Feature", "geometry": {"type": "Point", "coordinates": [6.85831336, 47.46237023]}, "properties": {"route": "D38E2", "pr": "DS", "abs": null, "label": "D38E2 PRDS"}}, {"type": "Feature", "geometry": {"type": "Point", "coordinates": [6.79482849, 47.50398963]}, "properties": {"route": "D438", "pr": "DS", "abs": null, "label": "D438 PRDS"}}, {"type": "Feature", "geometry": {"type": "Point", "coordinates": [6.79640219, 47.51519518]}, "properties": {"route": "D390", "pr": "DS", "abs": null, "label": "D390 PRDS"}}, {"type": "Feature", "geometry": {"type": "Point", "coordinates": [6.83911147, 47.45237257]}, "properties": {"route": "D38", "pr": "DS", "abs": null, "label": "D38 PRDS"}}, {"type": "Feature", "geometry": {"type": "Point", "coordinates": [6.81610659, 47.48308357]}, "properties": {"route": "D126", "pr": "DS", "abs": null, "label": "D126 PRDS"}}, {"type": "Feature", "geometry": {"type": "Point", "coordinates": [6.91196074, 47.50802978]}, "properties": {"route": "D480", "pr": "DS", "abs": null, "label": "D480 PRDS"}}, {"type": "Feature", "geometry": {"type": "Point", "coordinates": [6.78051147, 47.48145503]}, "properties": {"route": "D126", "pr": "DS", "abs": null, "label": "D126 PRDS (G)"}}, {"type": "Feature", "geometry": {"type": "Point", "coordinates": [6.77211539, 47.50017754]}, "properties": {"route": "D43E2", "pr": "DS", "abs": null, "label": "D43E2 PRDS"}}, {"type": "Feature", "geometry": {"type": "Point", "coordinates": [6.80725508, 47.50037748]}, "properties": {"route": "D463B", "pr": "DS", "abs": null, "label": "D463B PRDS"}}, {"type": "Feature", "geometry": {"type": "Point", "coordinates": [6.80926618, 47.51501666]}, "properties": {"route": "D613", "pr": "DS", "abs": null, "label": "D613 PRDS (D)"}}, {"type": "Feature", "geometry": {"type": "Point", "coordinates": [6.78058543, 47.48131655]}, "properties": {"route": "D126", "pr": "DS", "abs": null, "label": "D126 PRDS (D)"}}, {"type": "Feature", "geometry": {"type": "Point", "coordinates": [6.81198789, 47.52245985]}, "properties": {"route": "D136B", "pr": "DS", "abs": null, "label": "D136B PRDS"}}, {"type": "Feature", "geometry": {"type": "Point", "coordinates": [6.86830471, 47.5431239]}, "properties": {"route": "D424", "pr": "DS", "abs": null, "label": "D424 PRDS"}}, {"type": "Feature", "geometry": {"type": "Point", "coordinates": [6.88371436, 47.43994325]}, "properties": {"route": "D480", "pr": "DS", "abs": null, "label": "D480 PRDS"}}, {"type": "Feature", "geometry": {"type": "Point", "coordinates": [6.90091192, 47.46728026]}, "properties": {"route": "D480", "pr": "DS", "abs": null, "label": "D480 PRDS"}}, {"type": "Feature", "geometry": {"type": "Point", "coordinates": [6.76569092, 47.4739491]}, "properties": {"route": "D438", "pr": "DS", "abs": null, "label": "D438 PRDS"}}, {"type": "Feature", "geometry": {"type": "Point", "coordinates": [6.89526962, 47.47817635]}, "properties": {"route": "D480", "pr": "DS", "abs": null, "label": "D480 PRDS"}}, {"type": "Feature", "geometry": {"type": "Point", "coordinates": [6.89770111, 47.52338401]}, "properties": {"route": "D209", "pr": "DS", "abs": null, "label": "D209 PRDS"}}, {"type": "Feature", "geometry": {"type": "Point", "coordinates": [6.79902537, 47.5265557]}, "properties": {"route": "D623", "pr": "DS", "abs": null, "label": "D623 PRDS"}}, {"type": "Feature", "geometry": {"type": "Point", "coordinates": [6.80926618, 47.51501666]}, "properties": {"route": "D613", "pr": "DS", "abs": null, "label": "D613 PRDS (G)"}}, {"type": "Feature", "geometry": {"type": "Point", "coordinates": [6.84389481, 47.53215736]}, "properties": {"route": "D437", "pr": "DS", "abs": null, "label": "D437 PRDS"}}, {"type": "Feature", "geometry": {"type": "Point", "coordinates": [6.84401719, 47.53187935]}, "properties": {"route": "D633", "pr": "DS", "abs": null, "label": "D633 PRDS"}}, {"type": "Feature", "geometry": {"type": "Point", "coordinates": [6.81205468, 47.5222585]}, "properties": {"route": "D136B", "pr": "DS", "abs": null, "label": "D136B PRDS"}}, {"type": "Feature", "geometry": {"type": "Point", "coordinates": [6.83879099, 47.51036573]}, "properties": {"route": "D437", "pr": "DS", "abs": null, "label": "D437 PRDS"}}, {"type": "Feature", "geometry": {"type": "Point", "coordinates": [6.86149867, 47.50689324]}, "properties": {"route": "D52", "pr": "0", "abs": 0, "label": "D52 PR0"}}, {"type": "Feature", "geometry": {"type": "Point", "coordinates": [6.86160584, 47.50695908]}, "properties": {"route": "D52", "pr": "0", "abs": 6, "label": "D52 PR0+6"}}, {"type": "Feature", "geometry": {"type": "Point", "coordinates": [6.78083817, 47.50981132]}, "properties": {"route": "D479", "pr": "0", "abs": 0, "label": "D479 PR0"}}, {"type": "Feature", "geometry": {"type": "Point", "coordinates": [6.78083817, 47.50981132]}, "properties": {"route": "D479", "pr": "0", "abs": 3, "label": "D479 PR0+3"}}, {"type": "Feature", "geometry": {"type": "Point", "coordinates": [6.93771402, 47.50376842]}, "properties": {"route": "D210", "pr": "0", "abs": 0, "label": "D210 PR0"}}, {"type": "Feature", "geometry": {"type": "Point", "coordinates": [6.93756967, 47.50374086]}, "properties": {"route": "D210", "pr": "0", "abs": 4, "label": "D210 PR0+4"}}, {"type": "Feature", "geometry": {"type": "Point", "coordinates": [6.81193233, 47.50254235]}, "properties": {"route": "D463B", "pr": "0", "abs": 0, "label": "D463B PR0"}}, {"type": "Feature", "geometry": {"type": "Point", "coordinates": [6.8116213, 47.50269402]}, "properties": {"route": "D463B", "pr": "0", "abs": 6, "label": "D463B PR0+6"}}, {"type": "Feature", "geometry": {"type": "Point", "coordinates": [6.81660085, 47.48863148]}, "properties": {"route": "D34A", "pr": "0", "abs": 0, "label": "D34A PR0 (D)"}}, {"type": "Feature", "geometry": {"type": "Point", "coordinates": [6.80935468, 47.50881078]}, "properties": {"route": "D613", "pr": "0", "abs": 0, "label": "D613 PR0 (D)"}}, {"type": "Feature", "geometry": {"type": "Point", "coordinates": [6.81274917, 47.51563807]}, "properties": {"route": "D613", "pr": "1", "abs": 994, "label": "D613 PR1+994 (D)"}}, {"type": "Feature", "geometry": {"type": "Point", "coordinates": [6.8259355, 47.5162249]}, "properties": {"route": "D613", "pr": "2", "abs": 1987, "label": "D613 PR2+1987 (D)"}}, {"type": "Feature", "geometry": {"type": "Point", "coordinates": [6.8489558, 47.53912698]}, "properties": {"route": "D424", "pr": "0", "abs": 0, "label": "D424 PR0"}}, {"type": "Feature", "geometry": {"type": "Point", "coordinates": [6.84911376, 47.53910284]}, "properties": {"route": "D424", "pr": "0", "abs": 12, "label": "D424 PR0+12"}}, {"type": "Feature", "geometry": {"type": "Point", "coordinates": [6.80510206, 47.48380253]}, "properties": {"route": "D126", "pr": "11", "abs": 10978, "label": "D126 PR11+10978 (D)"}}, {"type": "Feature", "geometry": {"type": "Point", "coordinates": [6.79429449, 47.4815103]}, "properties": {"route": "D126", "pr": "10", "abs": 10014, "label": "D126 PR10+10014 (D)"}}, {"type": "Feature", "geometry": {"type": "Point", "coordinates": [6.78135073, 47.48157376]}, "properties": {"route": "D126", "pr": "9", "abs": 8997, "label": "D126 PR9+8997 (D)"}}, {"type": "Feature", "geometry": {"type": "Point", "coordinates": [6.81298052, 47.51804211]}, "properties": {"route": "D136B", "pr": "0", "abs": 0, "label": "D136B PR0"}}, {"type": "Feature", "geometry": {"type": "Point", "coordinates": [6.81292156, 47.51816661]}, "properties": {"route": "D136B", "pr": "0", "abs": 5, "label": "D136B PR0+5"}}, {"type": "Feature", "geometry": {"type": "Point", "coordinates": [6.79565648, 47.50443126]}, "properties": {"route": "D34", "pr": "0", "abs": 0, "label": "D34 PR0"}}, {"type": "Feature", "geometry": {"type": "Point", "coordinates": [6.79569491, 47.50444803]}, "properties": {"route": "D34", "pr": "0", "abs": 3, "label": "D34 PR0+3"}}, {"type": "Feature", "geometry": {"type": "Point", "coordinates": [6.77525222, 47.50196296]}, "properties": {"route": "D43E2", "pr": "0", "abs": 0, "label": "D43E2 PR0"}}, {"type": "Feature", "geometry": {"type": "Point", "coordinates": [6.7751132, 47.50193412]}, "properties": {"route": "D43E2", "pr": "0", "abs": 8, "label": "D43E2 PR0+8"}}, {"type": "Feature", "geometry": {"type": "Point", "coordinates": [6.78124771, 47.53686955]}, "properties": {"route": "D438", "pr": "0", "abs": 0, "label": "D438 PR0"}}, {"type": "Feature", "geometry": {"type": "Point", "coordinates": [6.84214169, 47.50305626]}, "properties": {"route": "D463", "pr": "0", "abs": 0, "label": "D463 PR0 (D)"}}, {"type": "Feature", "geometry": {"type": "Point", "coordinates": [6.84213495, 47.5031475]}, "properties": {"route": "D463", "pr": "0", "abs": 3, "label": "D463 PR0+3"}}, {"type": "Feature", "geometry": {"type": "Point", "coordinates": [6.7961363, 47.51510381]}, "properties": {"route": "D432", "pr": "0", "abs": 0, "label": "D432 PR0"}}, {"type": "Feature", "geometry": {"type": "Point", "coordinates": [6.79597039, 47.51525882]}, "properties": {"route": "D432", "pr": "0", "abs": 22, "label": "D432 PR0+22"}}, {"type": "Feature", "geometry": {"type": "Point", "coordinates": [6.79880744, 47.52667185]}, "properties": {"route": "D623", "pr": "0", "abs": 0, "label": "D623 PR0"}}, {"type": "Feature", "geometry": {"type": "Point", "coordinates": [6.75836777, 47.4936722]}, "properties": {"route": "D326", "pr": "0", "abs": 0, "label": "D326 PR0"}}, {"type": "Feature", "geometry": {"type": "Point", "coordinates": [6.75837794, 47.49374126]}, "properties": {"route": "D326", "pr": "0", "abs": 1, "label": "D326 PR0+1"}}, {"type": "Feature", "geometry": {"type": "Point", "coordinates": [6.87521217, 47.58227488]}, "properties": {"route": "N19", "pr": "7", "abs": 6950, "label": "N19 PR7+6950 (D)"}}, {"type": "Feature", "geometry": {"type": "Point", "coordinates": [6.97005038, 47.50931376]}, "properties": {"route": "N19", "pr": "19", "abs": 18921, "label": "N19 PR19+18921 (D)"}}, {"type": "Feature", "geometry": {"type": "Point", "coordinates": [6.86218607, 47.58399395]}, "properties": {"route": "N19", "pr": "6", "abs": 5966, "label": "N19 PR6+5966 (D)"}}, {"type": "Feature", "geometry": {"type": "Point", "coordinates": [6.96459404, 47.5174959]}, "properties": {"route": "N19", "pr": "18", "abs": 17921, "label": "N19 PR18+17921 (D)"}}, {"type": "Feature", "geometry": {"type": "Point", "coordinates": [6.9584467, 47.52544342]}, "properties": {"route": "N19", "pr": "17", "abs": 16921, "label": "N19 PR17+16921 (D)"}}, {"type": "Feature", "geometry": {"type": "Point", "coordinates": [6.76000464, 47.58605171]}, "properties": {"route": "N19", "pr": "97", "abs": 96791, "label": "N19 PR97+96791 (D)"}}, {"type": "Feature", "geometry": {"type": "Point", "coordinates": [6.77227364, 47.58916459]}, "properties": {"route": "N19", "pr": "98", "abs": 97780, "label": "N19 PR98+97780 (D)"}}, {"type": "Feature", "geometry": {"type": "Point", "coordinates": [6.78518808, 47.59085668]}, "properties": {"route": "N19", "pr": "99", "abs": 98774, "label": "N19 PR99+98774 (D)"}}, {"type": "Feature", "geometry": {"type": "Point", "coordinates": [6.88757447, 47.58454632]}, "properties": {"route": "N19", "pr": "8", "abs": 7929, "label": "N19 PR8+7929 (D)"}}, {"type": "Feature", "geometry": {"type": "Point", "coordinates": [6.95344021, 47.53367177]}, "properties": {"route": "N19", "pr": "16", "abs": 15921, "label": "N19 PR16+15921 (D)"}}, {"type": "Feature", "geometry": {"type": "Point", "coordinates": [6.84397286, 47.59458088]}, "properties": {"route": "N19", "pr": "4", "abs": 4053, "label": "N19 PR4+4053 (D)"}}, {"type": "Feature", "geometry": {"type": "Point", "coordinates": [6.97507673, 47.50100535]}, "properties": {"route": "N19", "pr": "20", "abs": 19921, "label": "N19 PR20+19921 (D)"}}, {"type": "Feature", "geometry": {"type": "Point", "coordinates": [6.94952266, 47.54226487]}, "properties": {"route": "N19", "pr": "15", "abs": 14921, "label": "N19 PR15+14921 (D)"}}, {"type": "Feature", "geometry": {"type": "Point", "coordinates": [6.98564591, 47.49343264]}, "properties": {"route": "N19", "pr": "999", "abs": 21121, "label": "N19 PR999+21121 (D)"}}, {"type": "Feature", "geometry": {"type": "Point", "coordinates": [6.85626861, 47.60893109]}, "properties": {"route": "A36", "pr": "37", "abs": 17170, "label": "A36 PR37+17170 (D)"}}, {"type": "Feature", "geometry": {"type": "Point", "coordinates": [6.99739834, 47.68094382]}, "properties": {"route": "A36", "pr": "23", "abs": 3170, "label": "A36 PR23+3170 (D)"}}, {"type": "Feature", "geometry": {"type": "Point", "coordinates": [6.82560711, 47.5040531]}, "properties": {"route": "A36", "pr": "50", "abs": 6270, "label": "A36 PR50+6270 (D)"}}, {"type": "Feature", "geometry": {"type": "Point", "coordinates": [7.01755242, 47.69226782]}, "properties": {"route": "A36", "pr": "21", "abs": 1170, "label": "A36 PR21+1170 (D)"}}, {"type": "Feature", "geometry": {"type": "Point", "coordinates": [6.86346187, 47.62569399]}, "properties": {"route": "A36", "pr": "35", "abs": 15170, "label": "A36 PR35+15170 (D)"}}, {"type": "Feature", "geometry": {"type": "Point", "coordinates": [6.77054076, 47.46826771]}, "properties": {"route": "A36", "pr": "56", "abs": 12270, "label": "A36 PR56+12270 (D)"}}, {"type": "Feature", "geometry": {"type": "Point", "coordinates": [7.08530993, 47.71019083]}, "properties": {"route": "A36", "pr": "15", "abs": 15000, "label": "A36 PR15+15000 (D)"}}, {"type": "Feature", "geometry": {"type": "Point", "coordinates": [6.91768, 47.64874005]}, "properties": {"route": "A36", "pr": "30", "abs": 10170, "label": "A36 PR30+10170 (D)"}}, {"type": "Feature", "geometry": {"type": "Point", "coordinates": [6.96171406, 47.66876819]}, "properties": {"route": "A36", "pr": "26", "abs": 6170, "label": "A36 PR26+6170 (D)"}}, {"type": "Feature", "geometry": {"type": "Point", "coordinates": [6.86400815, 47.55657382]}, "properties": {"route": "A36", "pr": "43", "abs": 23170, "label": "A36 PR43+23170 (D)"}}, {"type": "Feature", "geometry": {"type": "Point", "coordinates": [6.86195938, 47.53860567]}, "properties": {"route": "A36", "pr": "45", "abs": 1270, "label": "A36 PR45+1270 (D)"}}, {"type": "Feature", "geometry": {"type": "Point", "coordinates": [6.85615407, 47.58228753]}, "properties": {"route": "A36", "pr": "40", "abs": 20170, "label": "A36 PR40+20170 (D)"}}, {"type": "Feature", "geometry": {"type": "Point", "coordinates": [7.11180896, 47.71109307]}, "properties": {"route": "A36", "pr": "13", "abs": 13000, "label": "A36 PR13+13000 (D)"}}, {"type": "Feature", "geometry": {"type": "Point", "coordinates": [6.85987321, 47.56497582]}, "properties": {"route": "A36", "pr": "42", "abs": 22170, "label": "A36 PR42+22170 (D)"}}, {"type": "Feature", "geometry": {"type": "Point", "coordinates": [6.76286332, 47.46114984]}, "properties": {"route": "A36", "pr": "57", "abs": 13270, "label": "A36 PR57+13270 (D)"}}, {"type": "Feature", "geometry": {"type": "Point", "coordinates": [6.87345535, 47.63165482]}, "properties": {"route": "A36", "pr": "34", "abs": 14170, "label": "A36 PR34+14170 (D)"}}, {"type": "Feature", "geometry": {"type": "Point", "coordinates": [6.80267702, 47.48353932]}, "properties": {"route": "A36", "pr": "53", "abs": 9270, "label": "A36 PR53+9270 (D)"}}, {"type": "Feature", "geometry": {"type": "Point", "coordinates": [7.00874348, 47.68557587]}, "properties": {"route": "A36", "pr": "22", "abs": 2170, "label": "A36 PR22+2170 (D)"}}, {"type": "Feature", "geometry": {"type": "Point", "coordinates": [6.84764067, 47.51358394]}, "properties": {"route": "A36", "pr": "48", "abs": 4270, "label": "A36 PR48+4270 (D)"}}, {"type": "Feature", "geometry": {"type": "Point", "coordinates": [6.90593451, 47.64491776]}, "properties": {"route": "A36", "pr": "31", "abs": 11170, "label": "A36 PR31+11170 (D)"}}, {"type": "Feature", "geometry": {"type": "Point", "coordinates": [6.78007183, 47.47436874]}, "properties": {"route": "A36", "pr": "55", "abs": 11270, "label": "A36 PR55+11270 (D)"}}, {"type": "Feature", "geometry": {"type": "Point", "coordinates": [7.07215725, 47.71147083]}, "properties": {"route": "A36", "pr": "16", "abs": 16000, "label": "A36 PR16+16000 (D)"}}, {"type": "Feature", "geometry": {"type": "Point", "coordinates": [6.81299219, 47.48889033]}, "properties": {"route": "A36", "pr": "52", "abs": 8270, "label": "A36 PR52+8270 (D)"}}, {"type": "Feature", "geometry": {"type": "Point", "coordinates": [6.8541838, 47.521402]}, "properties": {"route": "A36", "pr": "47", "abs": 3270, "label": "A36 PR47+3270 (D)"}}, {"type": "Feature", "geometry": {"type": "Point", "coordinates": [6.79098897, 47.47941906]}, "properties": {"route": "A36", "pr": "54", "abs": 10270, "label": "A36 PR54+10270 (D)"}}, {"type": "Feature", "geometry": {"type": "Point", "coordinates": [6.94140096, 47.65733054]}, "properties": {"route": "A36", "pr": "28", "abs": 8170, "label": "A36 PR28+8170 (D)"}}, {"type": "Feature", "geometry": {"type": "Point", "coordinates": [6.85763448, 47.617759]}, "properties": {"route": "A36", "pr": "36", "abs": 16170, "label": "A36 PR36+16170 (D)"}}, {"type": "Feature", "geometry": {"type": "Point", "coordinates": [6.95156234, 47.66306674]}, "properties": {"route": "A36", "pr": "27", "abs": 7170, "label": "A36 PR27+7170 (D)"}}, {"type": "Feature", "geometry": {"type": "Point", "coordinates": [7.12476685, 47.71323766]}, "properties": {"route": "A36", "pr": "12", "abs": 12000, "label": "A36 PR12+12000 (D)"}}, {"type": "Feature", "geometry": {"type": "Point", "coordinates": [6.85710217, 47.57354607]}, "properties": {"route": "A36", "pr": "41", "abs": 21170, "label": "A36 PR41+21170 (D)"}}, {"type": "Feature", "geometry": {"type": "Point", "coordinates": [7.02524626, 47.699596]}, "properties": {"route": "A36", "pr": "20", "abs": 170, "label": "A36 PR20+170 (D)"}}, {"type": "Feature", "geometry": {"type": "Point", "coordinates": [6.97330775, 47.67321664]}, "properties": {"route": "A36", "pr": "25", "abs": 5170, "label": "A36 PR25+5170 (D)"}}, {"type": "Feature", "geometry": {"type": "Point", "coordinates": [6.81671651, 47.4973875]}, "properties": {"route": "A36", "pr": "51", "abs": 7270, "label": "A36 PR51+7270 (D)"}}, {"type": "Feature", "geometry": {"type": "Point", "coordinates": [6.83713449, 47.50833941]}, "properties": {"route": "A36", "pr": "49", "abs": 5270, "label": "A36 PR49+5270 (D)"}}, {"type": "Feature", "geometry": {"type": "Point", "coordinates": [7.0589362, 47.71264896]}, "properties": {"route": "A36", "pr": "17", "abs": 17000, "label": "A36 PR17+17000 (D)"}}, {"type": "Feature", "geometry": {"type": "Point", "coordinates": [6.89275754, 47.64325358]}, "properties": {"route": "A36", "pr": "32", "abs": 12170, "label": "A36 PR32+12170 (D)"}}, {"type": "Feature", "geometry": {"type": "Point", "coordinates": [6.9297324, 47.65293839]}, "properties": {"route": "A36", "pr": "29", "abs": 9170, "label": "A36 PR29+9170 (D)"}}, {"type": "Feature", "geometry": {"type": "Point", "coordinates": [6.85563818, 47.60000403]}, "properties": {"route": "A36", "pr": "38", "abs": 18170, "label": "A36 PR38+18170 (D)"}}, {"type": "Feature", "geometry": {"type": "Point", "coordinates": [7.03488743, 47.70584621]}, "properties": {"route": "A36", "pr": "19", "abs": 19000, "label": "A36 PR19+19000 (D)"}}, {"type": "Feature", "geometry": {"type": "Point", "coordinates": [7.09856599, 47.71001788]}, "properties": {"route": "A36", "pr": "14", "abs": 14000, "label": "A36 PR14+14000 (D)"}}, {"type": "Feature", "geometry": {"type": "Point", "coordinates": [6.85871487, 47.52991005]}, "properties": {"route": "A36", "pr": "46", "abs": 2270, "label": "A36 PR46+2270 (D)"}}, {"type": "Feature", "geometry": {"type": "Point", "coordinates": [6.88256791, 47.63799292]}, "properties": {"route": "A36", "pr": "33", "abs": 13170, "label": "A36 PR33+13170 (D)"}}, {"type": "Feature", "geometry": {"type": "Point", "coordinates": [6.85734024, 47.59114581]}, "properties": {"route": "A36", "pr": "39", "abs": 19170, "label": "A36 PR39+19170 (D)"}}, {"type": "Feature", "geometry": {"type": "Point", "coordinates": [7.04596117, 47.71076184]}, "properties": {"route": "A36", "pr": "18", "abs": 18000, "label": "A36 PR18+18000 (D)"}}, {"type": "Feature", "geometry": {"type": "Point", "coordinates": [6.98558728, 47.67713772]}, "properties": {"route": "A36", "pr": "24", "abs": 4170, "label": "A36 PR24+4170 (D)"}}, {"type": "Feature", "geometry": {"type": "Point", "coordinates": [6.86395442, 47.54749495]}, "properties": {"route": "A36", "pr": "44", "abs": 270, "label": "A36 PR44+270 (D)"}}, {"type": "Feature", "geometry": {"type": "Point", "coordinates": [6.8564962, 47.60892717]}, "properties": {"route": "A36", "pr": "37", "abs": 17170, "label": "A36 PR37+17170 (G)"}}, {"type": "Feature", "geometry": {"type": "Point", "coordinates": [6.99747598, 47.68084022]}, "properties": {"route": "A36", "pr": "23", "abs": 3170, "label": "A36 PR23+3170 (G)"}}, {"type": "Feature", "geometry": {"type": "Point", "coordinates": [6.82571308, 47.50395409]}, "properties": {"route": "A36", "pr": "50", "abs": 6270, "label": "A36 PR50+6270 (G)"}}, {"type": "Feature", "geometry": {"type": "Point", "coordinates": [7.01769846, 47.69220422]}, "properties": {"route": "A36", "pr": "21", "abs": 1170, "label": "A36 PR21+1170 (G)"}}, {"type": "Feature", "geometry": {"type": "Point", "coordinates": [6.86365102, 47.62565528]}, "properties": {"route": "A36", "pr": "35", "abs": 15170, "label": "A36 PR35+15170 (G)"}}, {"type": "Feature", "geometry": {"type": "Point", "coordinates": [6.77062081, 47.4681777]}, "properties": {"route": "A36", "pr": "56", "abs": 12270, "label": "A36 PR56+12270 (G)"}}, {"type": "Feature", "geometry": {"type": "Point", "coordinates": [7.0852966, 47.71008675]}, "properties": {"route": "A36", "pr": "15", "abs": 15000, "label": "A36 PR15+15000 (G)"}}, {"type": "Feature", "geometry": {"type": "Point", "coordinates": [6.91775295, 47.64864387]}, "properties": {"route": "A36", "pr": "30", "abs": 10170, "label": "A36 PR30+10170 (G)"}}, {"type": "Feature", "geometry": {"type": "Point", "coordinates": [6.96180067, 47.66867693]}, "properties": {"route": "A36", "pr": "26", "abs": 6170, "label": "A36 PR26+6170 (G)"}}, {"type": "Feature", "geometry": {"type": "Point", "coordinates": [6.86422801, 47.55657645]}, "properties": {"route": "A36", "pr": "43", "abs": 23170, "label": "A36 PR43+23170 (G)"}}, {"type": "Feature", "geometry": {"type": "Point", "coordinates": [6.86220584, 47.53857227]}, "properties": {"route": "A36", "pr": "45", "abs": 1270, "label": "A36 PR45+1270 (G)"}}, {"type": "Feature", "geometry": {"type": "Point", "coordinates": [6.85640592, 47.58228911]}, "properties": {"route": "A36", "pr": "40", "abs": 20170, "label": "A36 PR40+20170 (G)"}}, {"type": "Feature", "geometry": {"type": "Point", "coordinates": [7.11183588, 47.71099208]}, "properties": {"route": "A36", "pr": "13", "abs": 13000, "label": "A36 PR13+13000 (G)"}}, {"type": "Feature", "geometry": {"type": "Point", "coordinates": [6.86005621, 47.56503916]}, "properties": {"route": "A36", "pr": "42", "abs": 22170, "label": "A36 PR42+22170 (G)"}}, {"type": "Feature", "geometry": {"type": "Point", "coordinates": [6.76296156, 47.46107277]}, "properties": {"route": "A36", "pr": "57", "abs": 13270, "label": "A36 PR57+13270 (G)"}}, {"type": "Feature", "geometry": {"type": "Point", "coordinates": [6.87355453, 47.63153348]}, "properties": {"route": "A36", "pr": "34", "abs": 14170, "label": "A36 PR34+14170 (G)"}}, {"type": "Feature", "geometry": {"type": "Point", "coordinates": [6.80275633, 47.4834394]}, "properties": {"route": "A36", "pr": "53", "abs": 9270, "label": "A36 PR53+9270 (G)"}}, {"type": "Feature", "geometry": {"type": "Point", "coordinates": [7.0088528, 47.6854856]}, "properties": {"route": "A36", "pr": "22", "abs": 2170, "label": "A36 PR22+2170 (G)"}}, {"type": "Feature", "geometry": {"type": "Point", "coordinates": [6.84776992, 47.51351298]}, "properties": {"route": "A36", "pr": "48", "abs": 4270, "label": "A36 PR48+4270 (G)"}}, {"type": "Feature", "geometry": {"type": "Point", "coordinates": [6.90598833, 47.64481503]}, "properties": {"route": "A36", "pr": "31", "abs": 11170, "label": "A36 PR31+11170 (G)"}}, {"type": "Feature", "geometry": {"type": "Point", "coordinates": [6.78018528, 47.47430017]}, "properties": {"route": "A36", "pr": "55", "abs": 11270, "label": "A36 PR55+11270 (G)"}}, {"type": "Feature", "geometry": {"type": "Point", "coordinates": [7.07213196, 47.71136717]}, "properties": {"route": "A36", "pr": "16", "abs": 16000, "label": "A36 PR16+16000 (G)"}}, {"type": "Feature", "geometry": {"type": "Point", "coordinates": [6.81315296, 47.4888328]}, "properties": {"route": "A36", "pr": "52", "abs": 8270, "label": "A36 PR52+8270 (G)"}}, {"type": "Feature", "geometry": {"type": "Point", "coordinates": [6.85441716, 47.5213357]}, "properties": {"route": "A36", "pr": "47", "abs": 3270, "label": "A36 PR47+3270 (G)"}}, {"type": "Feature", "geometry": {"type": "Point", "coordinates": [6.79106185, 47.47932206]}, "properties": {"route": "A36", "pr": "54", "abs": 10270, "label": "A36 PR54+10270 (G)"}}, {"type": "Feature", "geometry": {"type": "Point", "coordinates": [6.94148765, 47.6572402]}, "properties": {"route": "A36", "pr": "28", "abs": 8170, "label": "A36 PR28+8170 (G)"}}, {"type": "Feature", "geometry": {"type": "Point", "coordinates": [6.85778664, 47.61772513]}, "properties": {"route": "A36", "pr": "36", "abs": 16170, "label": "A36 PR36+16170 (G)"}}, {"type": "Feature", "geometry": {"type": "Point", "coordinates": [6.95167531, 47.66298902]}, "properties": {"route": "A36", "pr": "27", "abs": 7170, "label": "A36 PR27+7170 (G)"}}, {"type": "Feature", "geometry": {"type": "Point", "coordinates": [7.12481485, 47.71313322]}, "properties": {"route": "A36", "pr": "12", "abs": 12000, "label": "A36 PR12+12000 (G)"}}, {"type": "Feature", "geometry": {"type": "Point", "coordinates": [6.85732792, 47.57351878]}, "properties": {"route": "A36", "pr": "41", "abs": 21170, "label": "A36 PR41+21170 (G)"}}, {"type": "Feature", "geometry": {"type": "Point", "coordinates": [7.02538231, 47.69952372]}, "properties": {"route": "A36", "pr": "20", "abs": 170, "label": "A36 PR20+170 (G)"}}, {"type": "Feature", "geometry": {"type": "Point", "coordinates": [6.97338343, 47.67312214]}, "properties": {"route": "A36", "pr": "25", "abs": 5170, "label": "A36 PR25+5170 (G)"}}, {"type": "Feature", "geometry": {"type": "Point", "coordinates": [6.81688179, 47.49733702]}, "properties": {"route": "A36", "pr": "51", "abs": 7270, "label": "A36 PR51+7270 (G)"}}, {"type": "Feature", "geometry": {"type": "Point", "coordinates": [6.83722103, 47.50822932]}, "properties": {"route": "A36", "pr": "49", "abs": 5270, "label": "A36 PR49+5270 (G)"}}, {"type": "Feature", "geometry": {"type": "Point", "coordinates": [7.05893331, 47.71254091]}, "properties": {"route": "A36", "pr": "17", "abs": 17000, "label": "A36 PR17+17000 (G)"}}, {"type": "Feature", "geometry": {"type": "Point", "coordinates": [6.89278679, 47.64312463]}, "properties": {"route": "A36", "pr": "32", "abs": 12170, "label": "A36 PR32+12170 (G)"}}, {"type": "Feature", "geometry": {"type": "Point", "coordinates": [6.92980534, 47.65284221]}, "properties": {"route": "A36", "pr": "29", "abs": 9170, "label": "A36 PR29+9170 (G)"}}, {"type": "Feature", "geometry": {"type": "Point", "coordinates": [6.85586045, 47.59998226]}, "properties": {"route": "A36", "pr": "38", "abs": 18170, "label": "A36 PR38+18170 (G)"}}, {"type": "Feature", "geometry": {"type": "Point", "coordinates": [7.03497626, 47.70576744]}, "properties": {"route": "A36", "pr": "19", "abs": 19000, "label": "A36 PR19+19000 (G)"}}, {"type": "Feature", "geometry": {"type": "Point", "coordinates": [7.09857394, 47.70991306]}, "properties": {"route": "A36", "pr": "14", "abs": 14000, "label": "A36 PR14+14000 (G)"}}, {"type": "Feature", "geometry": {"type": "Point", "coordinates": [6.85895614, 47.5298606]}, "properties": {"route": "A36", "pr": "46", "abs": 2270, "label": "A36 PR46+2270 (G)"}}, {"type": "Feature", "geometry": {"type": "Point", "coordinates": [6.88269068, 47.63793927]}, "properties": {"route": "A36", "pr": "33", "abs": 13170, "label": "A36 PR33+13170 (G)"}}, {"type": "Feature", "geometry": {"type": "Point", "coordinates": [6.85754273, 47.5911274]}, "properties": {"route": "A36", "pr": "39", "abs": 19170, "label": "A36 PR39+19170 (G)"}}, {"type": "Feature", "geometry": {"type": "Point", "coordinates": [7.0460323, 47.71066114]}, "properties": {"route": "A36", "pr": "18", "abs": 18000, "label": "A36 PR18+18000 (G)"}}, {"type": "Feature", "geometry": {"type": "Point", "coordinates": [6.98565668, 47.67703081]}, "properties": {"route": "A36", "pr": "24", "abs": 4170, "label": "A36 PR24+4170 (G)"}}, {"type": "Feature", "geometry": {"type": "Point", "coordinates": [6.86417307, 47.54748139]}, "properties": {"route": "A36", "pr": "44", "abs": 270, "label": "A36 PR44+270 (G)"}}, {"type": "Feature", "geometry": {"type": "Point", "coordinates": [6.87517459, 47.58236264]}, "properties": {"route": "N19", "pr": "7", "abs": 3180, "label": "N19 PR7+3180 (G)"}}, {"type": "Feature", "geometry": {"type": "Point", "coordinates": [6.9701523, 47.50934273]}, "properties": {"route": "N19", "pr": "19", "abs": 9556, "label": "N19 PR19+9556 (G)"}}, {"type": "Feature", "geometry": {"type": "Point", "coordinates": [6.86224109, 47.58407323]}, "properties": {"route": "N19", "pr": "6", "abs": 2208, "label": "N19 PR6+2208 (G)"}}, {"type": "Feature", "geometry": {"type": "Point", "coordinates": [6.75997085, 47.58613931]}, "properties": {"route": "N19", "pr": "97", "abs": 37546, "label": "N19 PR97+37546 (G)"}}, {"type": "Feature", "geometry": {"type": "Point", "coordinates": [6.77224431, 47.58925836]}, "properties": {"route": "N19", "pr": "98", "abs": 38535, "label": "N19 PR98+38535 (G)"}}, {"type": "Feature", "geometry": {"type": "Point", "coordinates": [6.78518414, 47.59095143]}, "properties": {"route": "N19", "pr": "99", "abs": 39532, "label": "N19 PR99+39532 (G)"}}, {"type": "Feature", "geometry": {"type": "Point", "coordinates": [6.8875771, 47.58469223]}, "properties": {"route": "N19", "pr": "8", "abs": 4164, "label": "N19 PR8+4164 (G)"}}, {"type": "Feature", "geometry": {"type": "Point", "coordinates": [6.8440998, 47.59464158]}, "properties": {"route": "N19", "pr": "4", "abs": 305, "label": "N19 PR4+305 (G)"}}, {"type": "Feature", "geometry": {"type": "Point", "coordinates": [6.97513704, 47.50102943]}, "properties": {"route": "N19", "pr": "20", "abs": 10556, "label": "N19 PR20+10556 (G)"}}, {"type": "Feature", "geometry": {"type": "Point", "coordinates": [6.94952272, 47.54226577]}, "properties": {"route": "N19", "pr": "15", "abs": 5556, "label": "N19 PR15+5556 (G)"}}, {"type": "Feature", "geometry": {"type": "Point", "coordinates": [6.85118549, 47.58759934]}, "properties": {"route": "N19", "pr": "5", "abs": 5045, "label": "N19 PR5+5045 (D)"}}, {"type": "Feature", "geometry": {"type": "Point", "coordinates": [6.85130853, 47.58767999]}, "properties": {"route": "N19", "pr": "5", "abs": 1294, "label": "N19 PR5+1294 (G)"}}, {"type": "Feature", "geometry": {"type": "Point", "coordinates": [6.98612251, 47.49333249]}, "properties": {"route": "N19", "pr": "999", "abs": 11756, "label": "N19 PR999+11756 (G)"}}]}