{"type": "FeatureCollection", "features": [{"type": "Feature", "geometry": {"type": "Point", "coordinates": [2.22968944, 48.76871544]}, "properties": {"route": "N306", "pr": "FS", "abs": null, "label": "N306 PRFS"}}, {"type": "Feature", "geometry": {"type": "Point", "coordinates": [2.22891511, 48.77443353]}, "properties": {"route": "N306", "pr": "FS", "abs": null, "label": "N306 PRFS"}}, {"type": "Feature", "geometry": {"type": "Point", "coordinates": [2.23008255, 48.76872337]}, "properties": {"route": "N306", "pr": "DS", "abs": null, "label": "N306 PRDS"}}, {"type": "Feature", "geometry": {"type": "Point", "coordinates": [2.22976921, 48.76607612]}, "properties": {"route": "N306", "pr": "FS", "abs": null, "label": "N306 PRFS"}}, {"type": "Feature", "geometry": {"type": "Point", "coordinates": [2.15054533, 48.83165888]}, "properties": {"route": "A901305", "pr": "DS", "abs": null, "label": "A901305 PRDS"}}, {"type": "Feature", "geometry": {"type": "Point", "coordinates": [2.15803438, 48.83281359]}, "properties": {"route": "A901305", "pr": "DS", "abs": null, "label": "A901305 PRDS"}}, {"type": "Feature", "geometry": {"type": "Point", "coordinates": [2.15780727, 48.83304134]}, "properties": {"route": "A901305", "pr": "DS", "abs": null, "label": "A901305 PRDS"}}, {"type": "Feature", "geometry": {"type": "Point", "coordinates": [2.21490702, 48.81233272]}, "properties": {"route": "N911802", "pr": "FS", "abs": null, "label": "N911802 PRFS"}}, {"type": "Feature", "geometry": {"type": "Point", "coordinates": [2.29616145, 48.93790288]}, "properties": {"route": "A901501", "pr": "FS", "abs": null, "label": "A901501 PRFS"}}, {"type": "Feature", "geometry": {"type": "Point", "coordinates": [2.29697425, 48.93806143]}, "properties": {"route": "A901501", "pr": "DS", "abs": null, "label": "A901501 PRDS"}}, {"type": "Feature", "geometry": {"type": "Point", "coordinates": [2.29525394, 48.93758099]}, "properties": {"route": "A901501", "pr": "FS", "abs": null, "label": "A901501 PRFS"}}, {"type": "Feature", "geometry": {"type": "Point", "coordinates": [2.2959532, 48.93775687]}, "properties": {"route": "A901501", "pr": "DS", "abs": null, "label": "A901501 PRDS"}}, {"type": "Feature", "geometry": {"type": "Point", "coordinates": [2.24122697, 48.92937328]}, "properties": {"route": "A908603", "pr": "FS", "abs": null, "label": "A908603 PRFS"}}, {"type": "Feature", "geometry": {"type": "Point", "coordinates": [2.24807424, 48.93240931]}, "properties": {"route": "A908603", "pr": "FS", "abs": null, "label": "A908603 PRFS"}}, {"type": "Feature", "geometry": {"type": "Point", "coordinates": [2.24818154, 48.9322571]}, "properties": {"route": "A908603", "pr": "FS", "abs": null, "label": "A908603 PRFS"}}, {"type": "Feature", "geometry": {"type": "Point", "coordinates": [2.24055184, 48.9292476]}, "properties": {"route": "A908603", "pr": "FS", "abs": null, "label": "A908603 PRFS"}}, {"type": "Feature", "geometry": {"type": "Point", "coordinates": [2.27615193, 48.93380433]}, "properties": {"route": "A908605", "pr": "FS", "abs": null, "label": "A908605 PRFS"}}, {"type": "Feature", "geometry": {"type": "Point", "coordinates": [2.27799505, 48.933873]}, "properties": {"route": "A908605", "pr": "DS", "abs": null, "label": "A908605 PRDS"}}, {"type": "Feature", "geometry": {"type": "Point", "coordinates": [2.28442402, 48.93546194]}, "properties": {"route": "A908605", "pr": "DS", "abs": null, "label": "A908605 PRDS"}}, {"type": "Feature", "geometry": {"type": "Point", "coordinates": [2.21608916, 48.910977]}, "properties": {"route": "A908601", "pr": "FS", "abs": null, "label": "A908601 PRFS"}}, {"type": "Feature", "geometry": {"type": "Point", "coordinates": [2.21020019, 48.9057834]}, "properties": {"route": "A908601", "pr": "FS", "abs": null, "label": "A908601 PRFS"}}, {"type": "Feature", "geometry": {"type": "Point", "coordinates": [2.21124674, 48.90640183]}, "properties": {"route": "A908601", "pr": "DS", "abs": null, "label": "A908601 PRDS"}}, {"type": "Feature", "geometry": {"type": "Point", "coordinates": [2.21066353, 48.90779554]}, "properties": {"route": "A908601", "pr": "DS", "abs": null, "label": "A908601 PRDS"}}, {"type": "Feature", "geometry": {"type": "Point", "coordinates": [2.21477224, 48.90909779]}, "properties": {"route": "A908601", "pr": "DS", "abs": null, "label": "A908601 PRDS"}}, {"type": "Feature", "geometry": {"type": "Point", "coordinates": [2.22035246, 48.9156471]}, "properties": {"route": "A908602", "pr": "FS", "abs": null, "label": "A908602 PRFS"}}, {"type": "Feature", "geometry": {"type": "Point", "coordinates": [2.22118005, 48.9166939]}, "properties": {"route": "A908602", "pr": "DS", "abs": null, "label": "A908602 PRDS"}}, {"type": "Feature", "geometry": {"type": "Point", "coordinates": [2.22468925, 48.91873292]}, "properties": {"route": "A908602", "pr": "DS", "abs": null, "label": "A908602 PRDS"}}, {"type": "Feature", "geometry": {"type": "Point", "coordinates": [2.2267444, 48.92194056]}, "properties": {"route": "A908602", "pr": "DS", "abs": null, "label": "A908602 PRDS"}}, {"type": "Feature", "geometry": {"type": "Point", "coordinates": [2.22536137, 48.92106649]}, "properties": {"route": "A908602", "pr": "DS", "abs": null, "label": "A908602 PRDS"}}, {"type": "Feature", "geometry": {"type": "Point", "coordinates": [2.2202592, 48.91504126]}, "properties": {"route": "A908602", "pr": "FS", "abs": null, "label": "A908602 PRFS"}}, {"type": "Feature", "geometry": {"type": "Point", "coordinates": [2.22251428, 48.91689502]}, "properties": {"route": "A908602", "pr": "DS", "abs": null, "label": "A908602 PRDS"}}, {"type": "Feature", "geometry": {"type": "Point", "coordinates": [2.16789104, 48.88836276]}, "properties": {"route": "A908635", "pr": "DS", "abs": null, "label": "A908635 PRDS"}}, {"type": "Feature", "geometry": {"type": "Point", "coordinates": [2.16789104, 48.88836276]}, "properties": {"route": "A908635", "pr": "DS", "abs": null, "label": "A908635 PRDS"}}, {"type": "Feature", "geometry": {"type": "Point", "coordinates": [2.1645113, 48.8879543]}, "properties": {"route": "A908635", "pr": "FS", "abs": null, "label": "A908635 PRFS"}}, {"type": "Feature", "geometry": {"type": "Point", "coordinates": [2.27535062, 48.93351621]}, "properties": {"route": "A86", "pr": "DS", "abs": null, "label": "A86 PRDS"}}, {"type": "Feature", "geometry": {"type": "Point", "coordinates": [2.31459599, 48.7620284]}, "properties": {"route": "A86", "pr": "DS", "abs": null, "label": "A86 PRDS"}}, {"type": "Feature", "geometry": {"type": "Point", "coordinates": [2.2271253, 48.92229734]}, "properties": {"route": "A86", "pr": "DS", "abs": null, "label": "A86 PRDS"}}, {"type": "Feature", "geometry": {"type": "Point", "coordinates": [2.17129522, 48.78114965]}, "properties": {"route": "A86", "pr": "FS", "abs": null, "label": "A86 PRFS"}}, {"type": "Feature", "geometry": {"type": "Point", "coordinates": [2.16856033, 48.78127635]}, "properties": {"route": "A86", "pr": "DS", "abs": null, "label": "A86 PRDS"}}, {"type": "Feature", "geometry": {"type": "Point", "coordinates": [2.33343895, 48.92733619]}, "properties": {"route": "A86", "pr": "DS", "abs": null, "label": "A86 PRDS"}}, {"type": "Feature", "geometry": {"type": "Point", "coordinates": [2.31454263, 48.76194804]}, "properties": {"route": "A86", "pr": "DS", "abs": null, "label": "A86 PRDS"}}, {"type": "Feature", "geometry": {"type": "Point", "coordinates": [2.33250797, 48.92745781]}, "properties": {"route": "A908607", "pr": "FS", "abs": null, "label": "A908607 PRFS"}}, {"type": "Feature", "geometry": {"type": "Point", "coordinates": [2.33253108, 48.9278905]}, "properties": {"route": "A908607", "pr": "FS", "abs": null, "label": "A908607 PRFS"}}, {"type": "Feature", "geometry": {"type": "Point", "coordinates": [2.3323911, 48.92795087]}, "properties": {"route": "A908607", "pr": "DS", "abs": null, "label": "A908607 PRDS"}}, {"type": "Feature", "geometry": {"type": "Point", "coordinates": [2.33250797, 48.92745781]}, "properties": {"route": "A908607", "pr": "FS", "abs": null, "label": "A908607 PRFS"}}, {"type": "Feature", "geometry": {"type": "Point", "coordinates": [2.33045597, 48.92539237]}, "properties": {"route": "A908607", "pr": "DS", "abs": null, "label": "A908607 PRDS"}}, {"type": "Feature", "geometry": {"type": "Point", "coordinates": [2.26605808, 48.93544441]}, "properties": {"route": "A908604", "pr": "FS", "abs": null, "label": "A908604 PRFS"}}, {"type": "Feature", "geometry": {"type": "Point", "coordinates": [2.26879206, 48.93448269]}, "properties": {"route": "A908604", "pr": "FS", "abs": null, "label": "A908604 PRFS"}}, {"type": "Feature", "geometry": {"type": "Point", "coordinates": [2.26518588, 48.93408832]}, "properties": {"route": "A908604", "pr": "DS", "abs": null, "label": "A908604 PRDS"}}, {"type": "Feature", "geometry": {"type": "Point", "coordinates": [2.26417, 48.93575298]}, "properties": {"route": "A908604", "pr": "FS", "abs": null, "label": "A908604 PRFS"}}, {"type": "Feature", "geometry": {"type": "Point", "coordinates": [2.26605808, 48.93544441]}, "properties": {"route": "A908604", "pr": "DS", "abs": null, "label": "A908604 PRDS"}}, {"type": "Feature", "geometry": {"type": "Point", "coordinates": [2.26417, 48.93575298]}, "properties": {"route": "A908604", "pr": "FS", "abs": null, "label": "A908604 PRFS"}}, {"type": "Feature", "geometry": {"type": "Point", "coordinates": [2.26260609, 48.93591693]}, "properties": {"route": "A908604", "pr": "DS", "abs": null, "label": "A908604 PRDS"}}, {"type": "Feature", "geometry": {"type": "Point", "coordinates": [2.26605808, 48.93544441]}, "properties": {"route": "A908604", "pr": "FS", "abs": null, "label": "A908604 PRFS"}}, {"type": "Feature", "geometry": {"type": "Point", "coordinates": [2.26859108, 48.93479711]}, "properties": {"route": "A908604", "pr": "DS", "abs": null, "label": "A908604 PRDS"}}, {"type": "Feature", "geometry": {"type": "Point", "coordinates": [2.26258446, 48.93580619]}, "properties": {"route": "A908604", "pr": "DS", "abs": null, "label": "A908604 PRDS"}}, {"type": "Feature", "geometry": {"type": "Point", "coordinates": [2.26540285, 48.93525244]}, "properties": {"route": "A908604", "pr": "DS", "abs": null, "label": "A908604 PRDS"}}, {"type": "Feature", "geometry": {"type": "Point", "coordinates": [2.26605808, 48.93544441]}, "properties": {"route": "A908604", "pr": "FS", "abs": null, "label": "A908604 PRFS"}}, {"type": "Feature", "geometry": {"type": "Point", "coordinates": [2.30913528, 48.73117303]}, "properties": {"route": "A10", "pr": "FS", "abs": null, "label": "A10 PRFS"}}, {"type": "Feature", "geometry": {"type": "Point", "coordinates": [2.3214751, 48.74241048]}, "properties": {"route": "A10", "pr": "DS", "abs": null, "label": "A10 PRDS"}}, {"type": "Feature", "geometry": {"type": "Point", "coordinates": [2.32168328, 48.74208786]}, "properties": {"route": "A10", "pr": "FS", "abs": null, "label": "A10 PRFS"}}, {"type": "Feature", "geometry": {"type": "Point", "coordinates": [2.30928203, 48.73107764]}, "properties": {"route": "A10", "pr": "DS", "abs": null, "label": "A10 PRDS"}}, {"type": "Feature", "geometry": {"type": "Point", "coordinates": [2.30907732, 48.73113492]}, "properties": {"route": "A10", "pr": "DS", "abs": null, "label": "A10 PRDS"}}, {"type": "Feature", "geometry": {"type": "Point", "coordinates": [2.30922415, 48.73103323]}, "properties": {"route": "A10", "pr": "FS", "abs": null, "label": "A10 PRFS"}}, {"type": "Feature", "geometry": {"type": "Point", "coordinates": [2.15641198, 48.87110658]}, "properties": {"route": "A908634", "pr": "FS", "abs": null, "label": "A908634 PRFS"}}, {"type": "Feature", "geometry": {"type": "Point", "coordinates": [2.15762083, 48.87163942]}, "properties": {"route": "A908634", "pr": "DS", "abs": null, "label": "A908634 PRDS"}}, {"type": "Feature", "geometry": {"type": "Point", "coordinates": [2.15764321, 48.87059272]}, "properties": {"route": "A908634", "pr": "FS", "abs": null, "label": "A908634 PRFS"}}, {"type": "Feature", "geometry": {"type": "Point", "coordinates": [2.15762083, 48.87163942]}, "properties": {"route": "A908634", "pr": "DS", "abs": null, "label": "A908634 PRDS"}}, {"type": "Feature", "geometry": {"type": "Point", "coordinates": [2.15762083, 48.87163942]}, "properties": {"route": "A908634", "pr": "FS", "abs": null, "label": "A908634 PRFS"}}, {"type": "Feature", "geometry": {"type": "Point", "coordinates": [2.15853706, 48.87011695]}, "properties": {"route": "A908634", "pr": "DS", "abs": null, "label": "A908634 PRDS"}}, {"type": "Feature", "geometry": {"type": "Point", "coordinates": [2.15762083, 48.87163942]}, "properties": {"route": "A908634", "pr": "FS", "abs": null, "label": "A908634 PRFS"}}, {"type": "Feature", "geometry": {"type": "Point", "coordinates": [2.23497023, 48.88854932]}, "properties": {"route": "N1013", "pr": "FS", "abs": null, "label": "N1013 PRFS"}}, {"type": "Feature", "geometry": {"type": "Point", "coordinates": [2.24362428, 48.89018174]}, "properties": {"route": "N1013", "pr": "DS", "abs": null, "label": "N1013 PRDS"}}, {"type": "Feature", "geometry": {"type": "Point", "coordinates": [2.24460106, 48.88950441]}, "properties": {"route": "N1013", "pr": "FS", "abs": null, "label": "N1013 PRFS"}}, {"type": "Feature", "geometry": {"type": "Point", "coordinates": [2.23497023, 48.88854932]}, "properties": {"route": "N1013", "pr": "DS", "abs": null, "label": "N1013 PRDS"}}, {"type": "Feature", "geometry": {"type": "Point", "coordinates": [2.17321328, 48.89054996]}, "properties": {"route": "A908636", "pr": "FS", "abs": null, "label": "A908636 PRFS"}}, {"type": "Feature", "geometry": {"type": "Point", "coordinates": [2.17191029, 48.89058232]}, "properties": {"route": "A908636", "pr": "DS", "abs": null, "label": "A908636 PRDS"}}, {"type": "Feature", "geometry": {"type": "Point", "coordinates": [2.188668, 48.89328894]}, "properties": {"route": "A908636", "pr": "FS", "abs": null, "label": "A908636 PRFS"}}, {"type": "Feature", "geometry": {"type": "Point", "coordinates": [2.1904699, 48.89433087]}, "properties": {"route": "A908636", "pr": "DS", "abs": null, "label": "A908636 PRDS"}}, {"type": "Feature", "geometry": {"type": "Point", "coordinates": [2.33361962, 48.75657487]}, "properties": {"route": "N186B", "pr": "DS", "abs": null, "label": "N186B PRDS"}}, {"type": "Feature", "geometry": {"type": "Point", "coordinates": [2.28044045, 48.94970709]}, "properties": {"route": "A15", "pr": "DS", "abs": null, "label": "A15 PRDS"}}, {"type": "Feature", "geometry": {"type": "Point", "coordinates": [2.29818194, 48.93778793]}, "properties": {"route": "A15", "pr": "FS", "abs": null, "label": "A15 PRFS"}}, {"type": "Feature", "geometry": {"type": "Point", "coordinates": [2.28012288, 48.94966651]}, "properties": {"route": "A15", "pr": "FS", "abs": null, "label": "A15 PRFS"}}, {"type": "Feature", "geometry": {"type": "Point", "coordinates": [2.2978475, 48.93778777]}, "properties": {"route": "A15", "pr": "FS", "abs": null, "label": "A15 PRFS"}}, {"type": "Feature", "geometry": {"type": "Point", "coordinates": [2.28012288, 48.94966651]}, "properties": {"route": "A15", "pr": "DS", "abs": null, "label": "A15 PRDS"}}, {"type": "Feature", "geometry": {"type": "Point", "coordinates": [2.29793828, 48.93773704]}, "properties": {"route": "A15", "pr": "DS", "abs": null, "label": "A15 PRDS"}}, {"type": "Feature", "geometry": {"type": "Point", "coordinates": [2.28044193, 48.949699]}, "properties": {"route": "A15", "pr": "FS", "abs": null, "label": "A15 PRFS"}}, {"type": "Feature", "geometry": {"type": "Point", "coordinates": [2.29811, 48.93785855]}, "properties": {"route": "A15", "pr": "DS", "abs": null, "label": "A15 PRDS"}}, {"type": "Feature", "geometry": {"type": "Point", "coordinates": [2.32313269, 48.93148532]}, "properties": {"route": "A908606", "pr": "FS", "abs": null, "label": "A908606 PRFS"}}, {"type": "Feature", "geometry": {"type": "Point", "coordinates": [2.32230763, 48.93164073]}, "properties": {"route": "A908606", "pr": "FS", "abs": null, "label": "A908606 PRFS"}}, {"type": "Feature", "geometry": {"type": "Point", "coordinates": [2.31749016, 48.93731489]}, "properties": {"route": "A908606", "pr": "DS", "abs": null, "label": "A908606 PRDS"}}, {"type": "Feature", "geometry": {"type": "Point", "coordinates": [2.31752834, 48.93690144]}, "properties": {"route": "A908606", "pr": "FS", "abs": null, "label": "A908606 PRFS"}}, {"type": "Feature", "geometry": {"type": "Point", "coordinates": [2.22209828, 48.77720994]}, "properties": {"route": "N911804", "pr": "FS", "abs": null, "label": "N911804 PRFS"}}, {"type": "Feature", "geometry": {"type": "Point", "coordinates": [2.22126547, 48.77729806]}, "properties": {"route": "N911804", "pr": "DS", "abs": null, "label": "N911804 PRDS"}}, {"type": "Feature", "geometry": {"type": "Point", "coordinates": [2.22252583, 48.77765075]}, "properties": {"route": "N911804", "pr": "FS", "abs": null, "label": "N911804 PRFS"}}, {"type": "Feature", "geometry": {"type": "Point", "coordinates": [2.22247114, 48.77721147]}, "properties": {"route": "N911804", "pr": "DS", "abs": null, "label": "N911804 PRDS"}}, {"type": "Feature", "geometry": {"type": "Point", "coordinates": [2.2221127, 48.77724692]}, "properties": {"route": "N911804", "pr": "FS", "abs": null, "label": "N911804 PRFS"}}, {"type": "Feature", "geometry": {"type": "Point", "coordinates": [2.22247114, 48.77721147]}, "properties": {"route": "N911804", "pr": "DS", "abs": null, "label": "N911804 PRDS"}}, {"type": "Feature", "geometry": {"type": "Point", "coordinates": [2.22107329, 48.7777735]}, "properties": {"route": "N911804", "pr": "FS", "abs": null, "label": "N911804 PRFS"}}, {"type": "Feature", "geometry": {"type": "Point", "coordinates": [2.22226162, 48.77839465]}, "properties": {"route": "N911804", "pr": "DS", "abs": null, "label": "N911804 PRDS"}}, {"type": "Feature", "geometry": {"type": "Point", "coordinates": [2.22453431, 48.77738948]}, "properties": {"route": "N911804", "pr": "FS", "abs": null, "label": "N911804 PRFS"}}, {"type": "Feature", "geometry": {"type": "Point", "coordinates": [2.2247931, 48.77728233]}, "properties": {"route": "N911804", "pr": "DS", "abs": null, "label": "N911804 PRDS"}}, {"type": "Feature", "geometry": {"type": "Point", "coordinates": [2.22247114, 48.77721147]}, "properties": {"route": "N911804", "pr": "FS", "abs": null, "label": "N911804 PRFS"}}, {"type": "Feature", "geometry": {"type": "Point", "coordinates": [2.22376621, 48.77678637]}, "properties": {"route": "N911804", "pr": "DS", "abs": null, "label": "N911804 PRDS"}}, {"type": "Feature", "geometry": {"type": "Point", "coordinates": [2.22247114, 48.77721147]}, "properties": {"route": "N911804", "pr": "FS", "abs": null, "label": "N911804 PRFS"}}, {"type": "Feature", "geometry": {"type": "Point", "coordinates": [2.22376621, 48.77678637]}, "properties": {"route": "N911804", "pr": "DS", "abs": null, "label": "N911804 PRDS"}}, {"type": "Feature", "geometry": {"type": "Point", "coordinates": [2.22894678, 48.77321141]}, "properties": {"route": "N911804", "pr": "FS", "abs": null, "label": "N911804 PRFS"}}, {"type": "Feature", "geometry": {"type": "Point", "coordinates": [2.22252583, 48.77765075]}, "properties": {"route": "N911804", "pr": "DS", "abs": null, "label": "N911804 PRDS"}}, {"type": "Feature", "geometry": {"type": "Point", "coordinates": [2.22252583, 48.77765075]}, "properties": {"route": "N911804", "pr": "FS", "abs": null, "label": "N911804 PRFS"}}, {"type": "Feature", "geometry": {"type": "Point", "coordinates": [2.22159943, 48.77771757]}, "properties": {"route": "N911804", "pr": "DS", "abs": null, "label": "N911804 PRDS"}}, {"type": "Feature", "geometry": {"type": "Point", "coordinates": [2.22532457, 48.77714187]}, "properties": {"route": "N911804", "pr": "FS", "abs": null, "label": "N911804 PRFS"}}, {"type": "Feature", "geometry": {"type": "Point", "coordinates": [2.22651646, 48.77706594]}, "properties": {"route": "N911804", "pr": "DS", "abs": null, "label": "N911804 PRDS"}}, {"type": "Feature", "geometry": {"type": "Point", "coordinates": [2.22417023, 48.77762096]}, "properties": {"route": "N911804", "pr": "FS", "abs": null, "label": "N911804 PRFS"}}, {"type": "Feature", "geometry": {"type": "Point", "coordinates": [2.22444097, 48.77744284]}, "properties": {"route": "N911804", "pr": "DS", "abs": null, "label": "N911804 PRDS"}}, {"type": "Feature", "geometry": {"type": "Point", "coordinates": [2.21692908, 48.77770234]}, "properties": {"route": "N911804", "pr": "FS", "abs": null, "label": "N911804 PRFS"}}, {"type": "Feature", "geometry": {"type": "Point", "coordinates": [2.22203502, 48.7772545]}, "properties": {"route": "N911804", "pr": "DS", "abs": null, "label": "N911804 PRDS"}}, {"type": "Feature", "geometry": {"type": "Point", "coordinates": [2.22877597, 48.77086549]}, "properties": {"route": "N118", "pr": "FS", "abs": null, "label": "N118 PRFS"}}, {"type": "Feature", "geometry": {"type": "Point", "coordinates": [2.22270444, 48.7859428]}, "properties": {"route": "N118", "pr": "DS", "abs": null, "label": "N118 PRDS"}}, {"type": "Feature", "geometry": {"type": "Point", "coordinates": [2.22877597, 48.77086549]}, "properties": {"route": "N118", "pr": "DS", "abs": null, "label": "N118 PRDS"}}, {"type": "Feature", "geometry": {"type": "Point", "coordinates": [2.22497243, 48.82788416]}, "properties": {"route": "N118", "pr": "DS", "abs": null, "label": "N118 PRDS"}}, {"type": "Feature", "geometry": {"type": "Point", "coordinates": [2.22286069, 48.78596181]}, "properties": {"route": "N118", "pr": "FS", "abs": null, "label": "N118 PRFS"}}, {"type": "Feature", "geometry": {"type": "Point", "coordinates": [2.22892342, 48.770924]}, "properties": {"route": "N118", "pr": "DS", "abs": null, "label": "N118 PRDS"}}, {"type": "Feature", "geometry": {"type": "Point", "coordinates": [2.22892342, 48.770924]}, "properties": {"route": "N118", "pr": "FS", "abs": null, "label": "N118 PRFS"}}, {"type": "Feature", "geometry": {"type": "Point", "coordinates": [2.22286793, 48.7862065]}, "properties": {"route": "N911803", "pr": "FS", "abs": null, "label": "N911803 PRFS"}}, {"type": "Feature", "geometry": {"type": "Point", "coordinates": [2.22398083, 48.78504988]}, "properties": {"route": "N911803", "pr": "DS", "abs": null, "label": "N911803 PRDS"}}, {"type": "Feature", "geometry": {"type": "Point", "coordinates": [2.22330339, 48.78346969]}, "properties": {"route": "N911803", "pr": "FS", "abs": null, "label": "N911803 PRFS"}}, {"type": "Feature", "geometry": {"type": "Point", "coordinates": [2.22398083, 48.78504988]}, "properties": {"route": "N911803", "pr": "DS", "abs": null, "label": "N911803 PRDS"}}, {"type": "Feature", "geometry": {"type": "Point", "coordinates": [2.22182493, 48.78787533]}, "properties": {"route": "N911803", "pr": "FS", "abs": null, "label": "N911803 PRFS"}}, {"type": "Feature", "geometry": {"type": "Point", "coordinates": [2.22237959, 48.78463383]}, "properties": {"route": "N911803", "pr": "DS", "abs": null, "label": "N911803 PRDS"}}, {"type": "Feature", "geometry": {"type": "Point", "coordinates": [2.22398083, 48.78504988]}, "properties": {"route": "N911803", "pr": "FS", "abs": null, "label": "N911803 PRFS"}}, {"type": "Feature", "geometry": {"type": "Point", "coordinates": [2.22292031, 48.78342043]}, "properties": {"route": "N911803", "pr": "FS", "abs": null, "label": "N911803 PRFS"}}, {"type": "Feature", "geometry": {"type": "Point", "coordinates": [2.15623402, 48.78513485]}, "properties": {"route": "A86", "pr": "FS", "abs": null, "label": "A86 PRFS"}}, {"type": "Feature", "geometry": {"type": "Point", "coordinates": [2.16177311, 48.79254103]}, "properties": {"route": "A86", "pr": "DS", "abs": null, "label": "A86 PRDS"}}, {"type": "Feature", "geometry": {"type": "Point", "coordinates": [2.16383996, 48.79761115]}, "properties": {"route": "A86", "pr": "FS", "abs": null, "label": "A86 PRFS"}}, {"type": "Feature", "geometry": {"type": "Point", "coordinates": [2.16390402, 48.79786164]}, "properties": {"route": "A86", "pr": "DS", "abs": null, "label": "A86 PRDS"}}, {"type": "Feature", "geometry": {"type": "Point", "coordinates": [2.16297446, 48.7949581]}, "properties": {"route": "A86", "pr": "FS", "abs": null, "label": "A86 PRFS"}}, {"type": "Feature", "geometry": {"type": "Point", "coordinates": [2.16356755, 48.79651555]}, "properties": {"route": "A86", "pr": "DS", "abs": null, "label": "A86 PRDS"}}, {"type": "Feature", "geometry": {"type": "Point", "coordinates": [2.15629192, 48.78466845]}, "properties": {"route": "A86", "pr": "FS", "abs": null, "label": "A86 PRFS"}}, {"type": "Feature", "geometry": {"type": "Point", "coordinates": [2.17129522, 48.78114965]}, "properties": {"route": "A86", "pr": "DS", "abs": null, "label": "A86 PRDS"}}, {"type": "Feature", "geometry": {"type": "Point", "coordinates": [2.15951698, 48.86751659]}, "properties": {"route": "A86", "pr": "FS", "abs": null, "label": "A86 PRFS"}}, {"type": "Feature", "geometry": {"type": "Point", "coordinates": [2.1566578, 48.87225949]}, "properties": {"route": "A86", "pr": "DS", "abs": null, "label": "A86 PRDS"}}, {"type": "Feature", "geometry": {"type": "Point", "coordinates": [2.1589885, 48.81369999]}, "properties": {"route": "A86", "pr": "FS", "abs": null, "label": "A86 PRFS"}}, {"type": "Feature", "geometry": {"type": "Point", "coordinates": [2.14836962, 48.83008026]}, "properties": {"route": "A86", "pr": "DS", "abs": null, "label": "A86 PRDS"}}, {"type": "Feature", "geometry": {"type": "Point", "coordinates": [2.14720749, 48.83291856]}, "properties": {"route": "A86", "pr": "DS", "abs": null, "label": "A86 PRDS"}}, {"type": "Feature", "geometry": {"type": "Point", "coordinates": [2.16423412, 48.79952157]}, "properties": {"route": "A86", "pr": "FS", "abs": null, "label": "A86 PRFS"}}, {"type": "Feature", "geometry": {"type": "Point", "coordinates": [2.16167152, 48.80877478]}, "properties": {"route": "A86", "pr": "DS", "abs": null, "label": "A86 PRDS"}}, {"type": "Feature", "geometry": {"type": "Point", "coordinates": [2.15836061, 48.85918393]}, "properties": {"route": "A86", "pr": "FS", "abs": null, "label": "A86 PRFS"}}, {"type": "Feature", "geometry": {"type": "Point", "coordinates": [2.1599535, 48.8658927]}, "properties": {"route": "A86", "pr": "DS", "abs": null, "label": "A86 PRDS"}}, {"type": "Feature", "geometry": {"type": "Point", "coordinates": [2.15631758, 48.78358662]}, "properties": {"route": "A86", "pr": "FS", "abs": null, "label": "A86 PRFS"}}, {"type": "Feature", "geometry": {"type": "Point", "coordinates": [2.15629825, 48.78377176]}, "properties": {"route": "A86", "pr": "DS", "abs": null, "label": "A86 PRDS"}}, {"type": "Feature", "geometry": {"type": "Point", "coordinates": [2.1574695, 48.85798509]}, "properties": {"route": "A86", "pr": "DS", "abs": null, "label": "A86 PRDS"}}, {"type": "Feature", "geometry": {"type": "Point", "coordinates": [2.1519542, 48.85157406]}, "properties": {"route": "A86", "pr": "FS", "abs": null, "label": "A86 PRFS"}}, {"type": "Feature", "geometry": {"type": "Point", "coordinates": [2.15390736, 48.85357461]}, "properties": {"route": "A86", "pr": "DS", "abs": null, "label": "A86 PRDS"}}, {"type": "Feature", "geometry": {"type": "Point", "coordinates": [2.15636163, 48.7834718]}, "properties": {"route": "A86", "pr": "DS", "abs": null, "label": "A86 PRDS"}}, {"type": "Feature", "geometry": {"type": "Point", "coordinates": [2.16363017, 48.79677053]}, "properties": {"route": "A86", "pr": "DS", "abs": null, "label": "A86 PRDS"}}, {"type": "Feature", "geometry": {"type": "Point", "coordinates": [2.14641163, 48.83418192]}, "properties": {"route": "A86", "pr": "FS", "abs": null, "label": "A86 PRFS"}}, {"type": "Feature", "geometry": {"type": "Point", "coordinates": [2.15704166, 48.87229727]}, "properties": {"route": "A86", "pr": "FS", "abs": null, "label": "A86 PRFS"}}, {"type": "Feature", "geometry": {"type": "Point", "coordinates": [2.15880196, 48.86958459]}, "properties": {"route": "A86", "pr": "DS", "abs": null, "label": "A86 PRDS"}}, {"type": "Feature", "geometry": {"type": "Point", "coordinates": [2.15937343, 48.86821798]}, "properties": {"route": "A86", "pr": "FS", "abs": null, "label": "A86 PRFS"}}, {"type": "Feature", "geometry": {"type": "Point", "coordinates": [2.15635667, 48.85642403]}, "properties": {"route": "A86", "pr": "DS", "abs": null, "label": "A86 PRDS"}}, {"type": "Feature", "geometry": {"type": "Point", "coordinates": [2.14789113, 48.83143404]}, "properties": {"route": "A86", "pr": "FS", "abs": null, "label": "A86 PRFS"}}, {"type": "Feature", "geometry": {"type": "Point", "coordinates": [2.15905633, 48.81371575]}, "properties": {"route": "A86", "pr": "DS", "abs": null, "label": "A86 PRDS"}}, {"type": "Feature", "geometry": {"type": "Point", "coordinates": [2.15352623, 48.85312583]}, "properties": {"route": "A86", "pr": "FS", "abs": null, "label": "A86 PRFS"}}, {"type": "Feature", "geometry": {"type": "Point", "coordinates": [2.14673761, 48.8443959]}, "properties": {"route": "A86", "pr": "FS", "abs": null, "label": "A86 PRFS"}}, {"type": "Feature", "geometry": {"type": "Point", "coordinates": [2.15164721, 48.8512607]}, "properties": {"route": "A86", "pr": "DS", "abs": null, "label": "A86 PRDS"}}, {"type": "Feature", "geometry": {"type": "Point", "coordinates": [2.15628883, 48.78469091]}, "properties": {"route": "A86", "pr": "DS", "abs": null, "label": "A86 PRDS"}}, {"type": "Feature", "geometry": {"type": "Point", "coordinates": [2.201254, 48.83951544]}, "properties": {"route": "A901304", "pr": "DS", "abs": null, "label": "A901304 PRDS"}}, {"type": "Feature", "geometry": {"type": "Point", "coordinates": [2.15672543, 48.78445745]}, "properties": {"route": "N12", "pr": "FS", "abs": null, "label": "N12 PRFS"}}, {"type": "Feature", "geometry": {"type": "Point", "coordinates": [2.15625933, 48.78466372]}, "properties": {"route": "N12", "pr": "DS", "abs": null, "label": "N12 PRDS"}}, {"type": "Feature", "geometry": {"type": "Point", "coordinates": [2.22264058, 48.8261323]}, "properties": {"route": "N911801", "pr": "DS", "abs": null, "label": "N911801 PRDS"}}, {"type": "Feature", "geometry": {"type": "Point", "coordinates": [2.22375376, 48.82629513]}, "properties": {"route": "N911801", "pr": "DS", "abs": null, "label": "N911801 PRDS"}}, {"type": "Feature", "geometry": {"type": "Point", "coordinates": [2.24534847, 48.88931307]}, "properties": {"route": "N192", "pr": "DS", "abs": null, "label": "N192 PRDS"}}, {"type": "Feature", "geometry": {"type": "Point", "coordinates": [2.24689496, 48.88922298]}, "properties": {"route": "N192", "pr": "DS", "abs": null, "label": "N192 PRDS"}}, {"type": "Feature", "geometry": {"type": "Point", "coordinates": [2.15434621, 48.78521684]}, "properties": {"route": "D446", "pr": "0", "abs": 0, "label": "D446 PR0 (G)"}}, {"type": "Feature", "geometry": {"type": "Point", "coordinates": [2.1557965, 48.8866224]}, "properties": {"route": "D321", "pr": "9", "abs": 6560, "label": "D321 PR9+6560"}}, {"type": "Feature", "geometry": {"type": "Point", "coordinates": [2.15750052, 48.89340647]}, "properties": {"route": "D321", "pr": "10", "abs": 7531, "label": "D321 PR10+7531"}}, {"type": "Feature", "geometry": {"type": "Point", "coordinates": [2.16365903, 48.9004294]}, "properties": {"route": "D321", "pr": "11", "abs": 8525, "label": "D321 PR11+8525"}}, {"type": "Feature", "geometry": {"type": "Point", "coordinates": [2.1485643, 48.87862991]}, "properties": {"route": "D321", "pr": "8", "abs": 5670, "label": "D321 PR8+5670"}}, {"type": "Feature", "geometry": {"type": "Point", "coordinates": [2.17270301, 48.90652763]}, "properties": {"route": "D321", "pr": "12", "abs": 9495, "label": "D321 PR12+9495"}}, {"type": "Feature", "geometry": {"type": "Point", "coordinates": [2.19453903, 48.90567281]}, "properties": {"route": "A14", "pr": "FS", "abs": null, "label": "A14 PRFS"}}, {"type": "Feature", "geometry": {"type": "Point", "coordinates": [2.19466602, 48.9057537]}, "properties": {"route": "A14", "pr": "DS", "abs": null, "label": "A14 PRDS"}}, {"type": "Feature", "geometry": {"type": "Point", "coordinates": [2.14749283, 48.83146538]}, "properties": {"route": "A13", "pr": "DS", "abs": null, "label": "A13 PRDS"}}, {"type": "Feature", "geometry": {"type": "Point", "coordinates": [2.14748134, 48.83158491]}, "properties": {"route": "A13", "pr": "FS", "abs": null, "label": "A13 PRFS"}}, {"type": "Feature", "geometry": {"type": "Point", "coordinates": [2.24148288, 48.84844005]}, "properties": {"route": "A13", "pr": "DS", "abs": null, "label": "A13 PRDS"}}, {"type": "Feature", "geometry": {"type": "Point", "coordinates": [2.2523282, 48.85181169]}, "properties": {"route": "A13", "pr": "FS", "abs": null, "label": "A13 PRFS"}}, {"type": "Feature", "geometry": {"type": "Point", "coordinates": [2.24163951, 48.84825848]}, "properties": {"route": "A13", "pr": "DS", "abs": null, "label": "A13 PRDS"}}, {"type": "Feature", "geometry": {"type": "Point", "coordinates": [2.14748134, 48.83158491]}, "properties": {"route": "A13", "pr": "DS", "abs": null, "label": "A13 PRDS"}}, {"type": "Feature", "geometry": {"type": "Point", "coordinates": [2.15734439, 48.81456533]}, "properties": {"route": "D185", "pr": "0", "abs": 0, "label": "D185 PR0"}}, {"type": "Feature", "geometry": {"type": "Point", "coordinates": [2.14821389, 48.80951341]}, "properties": {"route": "D185", "pr": "10", "abs": 913, "label": "D185 PR10+913"}}, {"type": "Feature", "geometry": {"type": "Point", "coordinates": [2.15080362, 48.79824147]}, "properties": {"route": "D10", "pr": "2", "abs": 1027, "label": "D10 PR2+1027 (G)"}}, {"type": "Feature", "geometry": {"type": "Point", "coordinates": [2.15395877, 48.91982275]}, "properties": {"route": "D1021", "pr": "0", "abs": 0, "label": "D1021 PR0 (G)"}}, {"type": "Feature", "geometry": {"type": "Point", "coordinates": [2.32473532, 48.74648095]}, "properties": {"route": "A6B", "pr": "FS", "abs": null, "label": "A6B PRFS"}}, {"type": "Feature", "geometry": {"type": "Point", "coordinates": [2.32571427, 48.74608174]}, "properties": {"route": "A6B", "pr": "DS", "abs": null, "label": "A6B PRDS"}}, {"type": "Feature", "geometry": {"type": "Point", "coordinates": [2.32571427, 48.74608174]}, "properties": {"route": "A6B", "pr": "FS", "abs": null, "label": "A6B PRFS"}}, {"type": "Feature", "geometry": {"type": "Point", "coordinates": [2.32473532, 48.74648095]}, "properties": {"route": "A6B", "pr": "DS", "abs": null, "label": "A6B PRDS"}}, {"type": "Feature", "geometry": {"type": "Point", "coordinates": [2.29944769, 48.76198997]}, "properties": {"route": "A908627", "pr": "FS", "abs": null, "label": "A908627 PRFS"}}, {"type": "Feature", "geometry": {"type": "Point", "coordinates": [2.29681017, 48.7614528]}, "properties": {"route": "A908627", "pr": "DS", "abs": null, "label": "A908627 PRDS"}}, {"type": "Feature", "geometry": {"type": "Point", "coordinates": [2.29035686, 48.7602013]}, "properties": {"route": "A908627", "pr": "DS", "abs": null, "label": "A908627 PRDS"}}, {"type": "Feature", "geometry": {"type": "Point", "coordinates": [2.33329905, 48.81842719]}, "properties": {"route": "A6A", "pr": "FS", "abs": null, "label": "A6A PRFS"}}, {"type": "Feature", "geometry": {"type": "Point", "coordinates": [2.33304763, 48.81817216]}, "properties": {"route": "A6A", "pr": "DS", "abs": null, "label": "A6A PRDS"}}, {"type": "Feature", "geometry": {"type": "Point", "coordinates": [2.22746381, 48.84838903]}, "properties": {"route": "A901302", "pr": "FS", "abs": null, "label": "A901302 PRFS"}}, {"type": "Feature", "geometry": {"type": "Point", "coordinates": [2.23067588, 48.84828921]}, "properties": {"route": "A901302", "pr": "DS", "abs": null, "label": "A901302 PRDS"}}, {"type": "Feature", "geometry": {"type": "Point", "coordinates": [2.15737937, 48.86954131]}, "properties": {"route": "D113", "pr": "0", "abs": 0, "label": "D113 PR0 (G)"}}, {"type": "Feature", "geometry": {"type": "Point", "coordinates": [2.14744851, 48.86824336]}, "properties": {"route": "D113", "pr": "1", "abs": 764, "label": "D113 PR1+764 (G)"}}, {"type": "Feature", "geometry": {"type": "Point", "coordinates": [2.15506779, 48.92161302]}, "properties": {"route": "D1021B1", "pr": "0", "abs": 0, "label": "D1021B1 PR0"}}, {"type": "Feature", "geometry": {"type": "Point", "coordinates": [2.15258787, 48.91585064]}, "properties": {"route": "D1022", "pr": "0", "abs": 0, "label": "D1022 PR0"}}, {"type": "Feature", "geometry": {"type": "Point", "coordinates": [2.15204699, 48.91337097]}, "properties": {"route": "D1022", "pr": "1", "abs": 257, "label": "D1022 PR1+257"}}, {"type": "Feature", "geometry": {"type": "Point", "coordinates": [2.17093949, 48.78006786]}, "properties": {"route": "D53B2", "pr": "0", "abs": 0, "label": "D53B2 PR0"}}, {"type": "Feature", "geometry": {"type": "Point", "coordinates": [2.17929185, 48.77798218]}, "properties": {"route": "D57", "pr": "0", "abs": 0, "label": "D57 PR0"}}, {"type": "Feature", "geometry": {"type": "Point", "coordinates": [2.21928521, 48.77603673]}, "properties": {"route": "D57", "pr": "3", "abs": 2973, "label": "D57 PR3+2973"}}, {"type": "Feature", "geometry": {"type": "Point", "coordinates": [2.2060649, 48.7769084]}, "properties": {"route": "D57", "pr": "2", "abs": 2000, "label": "D57 PR2+2000"}}, {"type": "Feature", "geometry": {"type": "Point", "coordinates": [2.19256324, 48.77755184]}, "properties": {"route": "D57", "pr": "1", "abs": 1000, "label": "D57 PR1+1000"}}, {"type": "Feature", "geometry": {"type": "Point", "coordinates": [2.16490903, 48.94130046]}, "properties": {"route": "D308S", "pr": "3", "abs": 0, "label": "D308S PR3 (G)"}}, {"type": "Feature", "geometry": {"type": "Point", "coordinates": [2.17545583, 48.77925005]}, "properties": {"route": "D53B1", "pr": "0", "abs": 0, "label": "D53B1 PR0"}}, {"type": "Feature", "geometry": {"type": "Point", "coordinates": [2.1566008, 48.80319873]}, "properties": {"route": "D183", "pr": "1", "abs": 988, "label": "D183 PR1+988"}}, {"type": "Feature", "geometry": {"type": "Point", "coordinates": [2.16322737, 48.88824662]}, "properties": {"route": "D186", "pr": "15", "abs": 0, "label": "D186 PR15"}}, {"type": "Feature", "geometry": {"type": "Point", "coordinates": [2.20439037, 48.92404788]}, "properties": {"route": "D308", "pr": "0", "abs": 0, "label": "D308 PR0 (G)"}}, {"type": "Feature", "geometry": {"type": "Point", "coordinates": [2.16257274, 48.9425162]}, "properties": {"route": "D308", "pr": "4", "abs": 1841, "label": "D308 PR4+1841 (G)"}}, {"type": "Feature", "geometry": {"type": "Point", "coordinates": [2.19482167, 48.92550021]}, "properties": {"route": "D308", "pr": "1", "abs": 727, "label": "D308 PR1+727 (G)"}}, {"type": "Feature", "geometry": {"type": "Point", "coordinates": [2.15638189, 48.9230486]}, "properties": {"route": "D1021", "pr": "3", "abs": 2701, "label": "D1021 PR3+2701"}}, {"type": "Feature", "geometry": {"type": "Point", "coordinates": [2.15294466, 48.91622998]}, "properties": {"route": "D1021", "pr": "2", "abs": 1869, "label": "D1021 PR2+1869"}}, {"type": "Feature", "geometry": {"type": "Point", "coordinates": [2.16800903, 48.93022548]}, "properties": {"route": "D1021", "pr": "4", "abs": 3956, "label": "D1021 PR4+3956"}}, {"type": "Feature", "geometry": {"type": "Point", "coordinates": [2.16112718, 48.76422231]}, "properties": {"route": "D120", "pr": "0", "abs": 0, "label": "D120 PR0"}}, {"type": "Feature", "geometry": {"type": "Point", "coordinates": [2.14847451, 48.76402754]}, "properties": {"route": "D120", "pr": "1", "abs": 1096, "label": "D120 PR1+1096"}}, {"type": "Feature", "geometry": {"type": "Point", "coordinates": [2.15725953, 48.89413863]}, "properties": {"route": "D39", "pr": "0", "abs": 0, "label": "D39 PR0"}}, {"type": "Feature", "geometry": {"type": "Point", "coordinates": [2.1475226, 48.90136786]}, "properties": {"route": "D39", "pr": "1", "abs": 1106, "label": "D39 PR1+1106"}}, {"type": "Feature", "geometry": {"type": "Point", "coordinates": [2.18396664, 48.77414754]}, "properties": {"route": "D53", "pr": "5", "abs": 4703, "label": "D53 PR5+4703"}}, {"type": "Feature", "geometry": {"type": "Point", "coordinates": [2.16902948, 48.94666284]}, "properties": {"route": "D121", "pr": "10", "abs": 10030, "label": "D121 PR10+10030"}}, {"type": "Feature", "geometry": {"type": "Point", "coordinates": [2.18067439, 48.94899662]}, "properties": {"route": "D121", "pr": "11", "abs": 10982, "label": "D121 PR11+10982"}}, {"type": "Feature", "geometry": {"type": "Point", "coordinates": [2.16000263, 48.94036688]}, "properties": {"route": "D121", "pr": "9", "abs": 9039, "label": "D121 PR9+9039"}}, {"type": "Feature", "geometry": {"type": "Point", "coordinates": [2.15075337, 48.93352992]}, "properties": {"route": "D121", "pr": "8", "abs": 8024, "label": "D121 PR8+8024"}}, {"type": "Feature", "geometry": {"type": "Point", "coordinates": [2.18042335, 48.8048071]}, "properties": {"route": "D10", "pr": "0", "abs": 0, "label": "D10 PR0"}}, {"type": "Feature", "geometry": {"type": "Point", "coordinates": [2.16310711, 48.80137008]}, "properties": {"route": "D10", "pr": "1", "abs": 1389, "label": "D10 PR1+1389"}}, {"type": "Feature", "geometry": {"type": "Point", "coordinates": [2.18830446, 48.91940655]}, "properties": {"route": "D311", "pr": "6", "abs": 980, "label": "D311 PR6+980 (G)"}}, {"type": "Feature", "geometry": {"type": "Point", "coordinates": [2.17480592, 48.77964132]}, "properties": {"route": "D53", "pr": "4", "abs": 1790, "label": "D53 PR4+1790 (G)"}}, {"type": "Feature", "geometry": {"type": "Point", "coordinates": [2.17884249, 48.7849173]}, "properties": {"route": "D53", "pr": "3", "abs": 1000, "label": "D53 PR3+1000 (G)"}}, {"type": "Feature", "geometry": {"type": "Point", "coordinates": [2.18129649, 48.79584952]}, "properties": {"route": "D53", "pr": "1", "abs": 0, "label": "D53 PR1 (G)"}}, {"type": "Feature", "geometry": {"type": "Point", "coordinates": [2.1792519, 48.79315523]}, "properties": {"route": "D53", "pr": "2", "abs": 344, "label": "D53 PR2+344 (G)"}}, {"type": "Feature", "geometry": {"type": "Point", "coordinates": [2.17337292, 48.76107868]}, "properties": {"route": "D117", "pr": "1", "abs": 0, "label": "D117 PR1"}}, {"type": "Feature", "geometry": {"type": "Point", "coordinates": [2.18416639, 48.76093433]}, "properties": {"route": "D117", "pr": "2", "abs": 815, "label": "D117 PR2+815"}}, {"type": "Feature", "geometry": {"type": "Point", "coordinates": [2.18696445, 48.80070458]}, "properties": {"route": "D56", "pr": "0", "abs": 0, "label": "D56 PR0"}}, {"type": "Feature", "geometry": {"type": "Point", "coordinates": [2.17419331, 48.79951884]}, "properties": {"route": "D56", "pr": "1", "abs": 979, "label": "D56 PR1+979"}}, {"type": "Feature", "geometry": {"type": "Point", "coordinates": [2.16118897, 48.79839216]}, "properties": {"route": "D56", "pr": "2", "abs": 1955, "label": "D56 PR2+1955"}}, {"type": "Feature", "geometry": {"type": "Point", "coordinates": [2.15034852, 48.81088581]}, "properties": {"route": "D182", "pr": "0", "abs": 0, "label": "D182 PR0 (G)"}}, {"type": "Feature", "geometry": {"type": "Point", "coordinates": [2.15829955, 48.88920226]}, "properties": {"route": "D186", "pr": "16", "abs": 381, "label": "D186 PR16+381 (G)"}}, {"type": "Feature", "geometry": {"type": "Point", "coordinates": [2.14625733, 48.83844573]}, "properties": {"route": "D173", "pr": "3", "abs": 2844, "label": "D173 PR3+2844"}}, {"type": "Feature", "geometry": {"type": "Point", "coordinates": [2.14888518, 48.84706347]}, "properties": {"route": "D173", "pr": "4", "abs": 3864, "label": "D173 PR4+3864"}}, {"type": "Feature", "geometry": {"type": "Point", "coordinates": [2.1744791, 48.77922352]}, "properties": {"route": "D53B3", "pr": "0", "abs": 0, "label": "D53B3 PR0"}}, {"type": "Feature", "geometry": {"type": "Point", "coordinates": [2.15677486, 48.86856574]}, "properties": {"route": "D173", "pr": "7", "abs": 956, "label": "D173 PR7+956 (G)"}}, {"type": "Feature", "geometry": {"type": "Point", "coordinates": [2.15099652, 48.86049985]}, "properties": {"route": "D173", "pr": "6", "abs": 215, "label": "D173 PR6+215 (G)"}}, {"type": "Feature", "geometry": {"type": "Point", "coordinates": [2.18445793, 48.9310562]}, "properties": {"route": "D308", "pr": "2", "abs": 1723, "label": "D308 PR2+1723"}}, {"type": "Feature", "geometry": {"type": "Point", "coordinates": [2.15146115, 48.94587069]}, "properties": {"route": "D308", "pr": "5", "abs": 4727, "label": "D308 PR5+4727"}}, {"type": "Feature", "geometry": {"type": "Point", "coordinates": [2.1737503, 48.93680856]}, "properties": {"route": "D308", "pr": "3", "abs": 2729, "label": "D308 PR3+2729"}}, {"type": "Feature", "geometry": {"type": "Point", "coordinates": [2.20134655, 48.92167953]}, "properties": {"route": "D311", "pr": "7", "abs": 6982, "label": "D311 PR7+6982"}}, {"type": "Feature", "geometry": {"type": "Point", "coordinates": [2.15255023, 48.90634718]}, "properties": {"route": "D311", "pr": "3", "abs": 2982, "label": "D311 PR3+2982"}}, {"type": "Feature", "geometry": {"type": "Point", "coordinates": [2.1765424, 48.9154745]}, "properties": {"route": "D311", "pr": "5", "abs": 5015, "label": "D311 PR5+5015"}}, {"type": "Feature", "geometry": {"type": "Point", "coordinates": [2.16474389, 48.91086202]}, "properties": {"route": "D311", "pr": "4", "abs": 4006, "label": "D311 PR4+4006"}}, {"type": "Feature", "geometry": {"type": "Point", "coordinates": [2.14647181, 48.83300235]}, "properties": {"route": "D184", "pr": "0", "abs": 0, "label": "D184 PR0"}}, {"type": "Feature", "geometry": {"type": "Point", "coordinates": [2.17059285, 48.7618896]}, "properties": {"route": "D446", "pr": "4", "abs": 3989, "label": "D446 PR4+3989"}}, {"type": "Feature", "geometry": {"type": "Point", "coordinates": [2.16002186, 48.76611687]}, "properties": {"route": "D446", "pr": "3", "abs": 2977, "label": "D446 PR3+2977"}}, {"type": "Feature", "geometry": {"type": "Point", "coordinates": [2.14839818, 48.76995703]}, "properties": {"route": "D446", "pr": "2", "abs": 1977, "label": "D446 PR2+1977"}}, {"type": "Feature", "geometry": {"type": "Point", "coordinates": [2.15350414, 48.77747036]}, "properties": {"route": "D446", "pr": "1", "abs": 976, "label": "D446 PR1+976"}}, {"type": "Feature", "geometry": {"type": "Point", "coordinates": [2.14733907, 48.77106928]}, "properties": {"route": "D446", "pr": "1", "abs": 487, "label": "D446 PR1+487 (G)"}}, {"type": "Feature", "geometry": {"type": "Point", "coordinates": [2.15493416, 48.78437913]}, "properties": {"route": "D446", "pr": "0", "abs": 103, "label": "D446 PR0+103 (G)"}}, {"type": "Feature", "geometry": {"type": "Point", "coordinates": [2.15655342, 48.78095295]}, "properties": {"route": "D446", "pr": "0", "abs": 103, "label": "D446 PR0+103 (G)"}}, {"type": "Feature", "geometry": {"type": "Point", "coordinates": [2.15597495, 48.77986235]}, "properties": {"route": "D446", "pr": "0", "abs": 316, "label": "D446 PR0+316 (G)"}}, {"type": "Feature", "geometry": {"type": "Point", "coordinates": [2.14838, 48.77257248]}, "properties": {"route": "D446", "pr": "0", "abs": 316, "label": "D446 PR0+316 (G)"}}, {"type": "Feature", "geometry": {"type": "Point", "coordinates": [2.17157654, 48.76145749]}, "properties": {"route": "D446", "pr": "4", "abs": 487, "label": "D446 PR4+487 (G)"}}, {"type": "Feature", "geometry": {"type": "Point", "coordinates": [2.17523337, 48.76077674]}, "properties": {"route": "D446", "pr": "4", "abs": 771, "label": "D446 PR4+771 (G)"}}, {"type": "Feature", "geometry": {"type": "Point", "coordinates": [2.15737937, 48.86954131]}, "properties": {"route": "D173", "pr": "7", "abs": 6976, "label": "D173 PR7+6976 (D)"}}, {"type": "Feature", "geometry": {"type": "Point", "coordinates": [2.15944036, 48.88873901]}, "properties": {"route": "D321", "pr": "9", "abs": 6942, "label": "D321 PR9+6942"}}, {"type": "Feature", "geometry": {"type": "Point", "coordinates": [2.15948189, 48.88895425]}, "properties": {"route": "D321", "pr": "9", "abs": 6942, "label": "D321 PR9+6942"}}, {"type": "Feature", "geometry": {"type": "Point", "coordinates": [2.17782493, 48.91599862]}, "properties": {"route": "D321", "pr": "12", "abs": 10733, "label": "D321 PR12+10733"}}, {"type": "Feature", "geometry": {"type": "Point", "coordinates": [2.15439234, 48.88516364]}, "properties": {"route": "D321", "pr": "8", "abs": 6513, "label": "D321 PR8+6513"}}, {"type": "Feature", "geometry": {"type": "Point", "coordinates": [2.1553919, 48.88625891]}, "properties": {"route": "D321", "pr": "8", "abs": 6513, "label": "D321 PR8+6513"}}, {"type": "Feature", "geometry": {"type": "Point", "coordinates": [2.15687447, 48.92305297]}, "properties": {"route": "D1021B1", "pr": "0", "abs": 170, "label": "D1021B1 PR0+170"}}, {"type": "Feature", "geometry": {"type": "Point", "coordinates": [2.15183543, 48.91354305]}, "properties": {"route": "D1022", "pr": "0", "abs": 257, "label": "D1022 PR0+257"}}, {"type": "Feature", "geometry": {"type": "Point", "coordinates": [2.16218212, 48.91023529]}, "properties": {"route": "D1022", "pr": "1", "abs": 1162, "label": "D1022 PR1+1162"}}, {"type": "Feature", "geometry": {"type": "Point", "coordinates": [2.16147219, 48.94320547]}, "properties": {"route": "D308S", "pr": "3", "abs": 263, "label": "D308S PR3+263"}}, {"type": "Feature", "geometry": {"type": "Point", "coordinates": [2.21998434, 48.77551333]}, "properties": {"route": "D57", "pr": "3", "abs": 3081, "label": "D57 PR3+3081"}}, {"type": "Feature", "geometry": {"type": "Point", "coordinates": [2.21476129, 48.77706211]}, "properties": {"route": "D57", "pr": "2", "abs": 2650, "label": "D57 PR2+2650"}}, {"type": "Feature", "geometry": {"type": "Point", "coordinates": [2.21527045, 48.77695842]}, "properties": {"route": "D57", "pr": "2", "abs": 2650, "label": "D57 PR2+2650"}}, {"type": "Feature", "geometry": {"type": "Point", "coordinates": [2.17100527, 48.78012498]}, "properties": {"route": "D53B1", "pr": "0", "abs": 359, "label": "D53B1 PR0+359"}}, {"type": "Feature", "geometry": {"type": "Point", "coordinates": [2.16254571, 48.80105945]}, "properties": {"route": "D183", "pr": "1", "abs": 1455, "label": "D183 PR1+1455"}}, {"type": "Feature", "geometry": {"type": "Point", "coordinates": [2.15941695, 48.94425405]}, "properties": {"route": "D308", "pr": "4", "abs": 2109, "label": "D308 PR4+2109 (G)"}}, {"type": "Feature", "geometry": {"type": "Point", "coordinates": [2.15681295, 48.94562967]}, "properties": {"route": "D308", "pr": "4", "abs": 2371, "label": "D308 PR4+2371 (G)"}}, {"type": "Feature", "geometry": {"type": "Point", "coordinates": [2.15650644, 48.94567158]}, "properties": {"route": "D308", "pr": "4", "abs": 2394, "label": "D308 PR4+2394 (G)"}}, {"type": "Feature", "geometry": {"type": "Point", "coordinates": [2.15299247, 48.94573673]}, "properties": {"route": "D308", "pr": "4", "abs": 2669, "label": "D308 PR4+2669 (G)"}}, {"type": "Feature", "geometry": {"type": "Point", "coordinates": [2.15192675, 48.94561769]}, "properties": {"route": "D308", "pr": "4", "abs": 2770, "label": "D308 PR4+2770 (G)"}}, {"type": "Feature", "geometry": {"type": "Point", "coordinates": [2.19667583, 48.92491731]}, "properties": {"route": "D308", "pr": "0", "abs": 573, "label": "D308 PR0+573 (G)"}}, {"type": "Feature", "geometry": {"type": "Point", "coordinates": [2.19550847, 48.92512621]}, "properties": {"route": "D308", "pr": "0", "abs": 662, "label": "D308 PR0+662 (G)"}}, {"type": "Feature", "geometry": {"type": "Point", "coordinates": [2.17206833, 48.93759374]}, "properties": {"route": "D308", "pr": "3", "abs": 977, "label": "D308 PR3+977 (G)"}}, {"type": "Feature", "geometry": {"type": "Point", "coordinates": [2.16308461, 48.94218254]}, "properties": {"route": "D308", "pr": "3", "abs": 1777, "label": "D308 PR3+1777 (G)"}}, {"type": "Feature", "geometry": {"type": "Point", "coordinates": [2.16289675, 48.94231882]}, "properties": {"route": "D308", "pr": "3", "abs": 1809, "label": "D308 PR3+1809 (G)"}}, {"type": "Feature", "geometry": {"type": "Point", "coordinates": [2.19420971, 48.92580006]}, "properties": {"route": "D308", "pr": "1", "abs": 783, "label": "D308 PR1+783 (G)"}}, {"type": "Feature", "geometry": {"type": "Point", "coordinates": [2.17330861, 48.93659958]}, "properties": {"route": "D1021", "pr": "4", "abs": 4767, "label": "D1021 PR4+4767"}}, {"type": "Feature", "geometry": {"type": "Point", "coordinates": [2.14677098, 48.9056946]}, "properties": {"route": "D39", "pr": "1", "abs": 1590, "label": "D39 PR1+1590"}}, {"type": "Feature", "geometry": {"type": "Point", "coordinates": [2.18632245, 48.77247267]}, "properties": {"route": "D53", "pr": "5", "abs": 5176, "label": "D53 PR5+5176"}}, {"type": "Feature", "geometry": {"type": "Point", "coordinates": [2.17491643, 48.77919416]}, "properties": {"route": "D53", "pr": "4", "abs": 3778, "label": "D53 PR4+3778"}}, {"type": "Feature", "geometry": {"type": "Point", "coordinates": [2.14890752, 48.8098997]}, "properties": {"route": "D185", "pr": "0", "abs": 226, "label": "D185 PR0+226 (G)"}}, {"type": "Feature", "geometry": {"type": "Point", "coordinates": [2.19009374, 48.91973881]}, "properties": {"route": "D311", "pr": "6", "abs": 1118, "label": "D311 PR6+1118 (G)"}}, {"type": "Feature", "geometry": {"type": "Point", "coordinates": [2.17922534, 48.78835393]}, "properties": {"route": "D53", "pr": "2", "abs": 877, "label": "D53 PR2+877 (G)"}}, {"type": "Feature", "geometry": {"type": "Point", "coordinates": [2.17950504, 48.7856288]}, "properties": {"route": "D53", "pr": "2", "abs": 877, "label": "D53 PR2+877 (G)"}}, {"type": "Feature", "geometry": {"type": "Point", "coordinates": [2.17783328, 48.77891206]}, "properties": {"route": "D53", "pr": "4", "abs": 2043, "label": "D53 PR4+2043 (G)"}}, {"type": "Feature", "geometry": {"type": "Point", "coordinates": [2.19095432, 48.75773531]}, "properties": {"route": "D117", "pr": "2", "abs": 1624, "label": "D117 PR2+1624"}}, {"type": "Feature", "geometry": {"type": "Point", "coordinates": [2.15885851, 48.79879401]}, "properties": {"route": "D56", "pr": "2", "abs": 2152, "label": "D56 PR2+2152"}}, {"type": "Feature", "geometry": {"type": "Point", "coordinates": [2.16328514, 48.942362]}, "properties": {"route": "D308", "pr": "3", "abs": 3750, "label": "D308 PR3+3750 (D)"}}, {"type": "Feature", "geometry": {"type": "Point", "coordinates": [2.16311038, 48.94244712]}, "properties": {"route": "D308", "pr": "3", "abs": 3750, "label": "D308 PR3+3750 (D)"}}, {"type": "Feature", "geometry": {"type": "Point", "coordinates": [2.15088754, 48.8201841]}, "properties": {"route": "D182", "pr": "0", "abs": 1016, "label": "D182 PR0+1016 (G)"}}, {"type": "Feature", "geometry": {"type": "Point", "coordinates": [2.15648927, 48.88973812]}, "properties": {"route": "D186", "pr": "16", "abs": 521, "label": "D186 PR16+521 (G)"}}, {"type": "Feature", "geometry": {"type": "Point", "coordinates": [2.15021186, 48.89113988]}, "properties": {"route": "D186", "pr": "16", "abs": 521, "label": "D186 PR16+521 (G)"}}, {"type": "Feature", "geometry": {"type": "Point", "coordinates": [2.15135012, 48.86113461]}, "properties": {"route": "D173", "pr": "6", "abs": 274, "label": "D173 PR6+274 (G)"}}, {"type": "Feature", "geometry": {"type": "Point", "coordinates": [2.15293082, 48.86342751]}, "properties": {"route": "D173", "pr": "6", "abs": 274, "label": "D173 PR6+274 (G)"}}, {"type": "Feature", "geometry": {"type": "Point", "coordinates": [2.15697232, 48.86942153]}, "properties": {"route": "D173", "pr": "7", "abs": 1063, "label": "D173 PR7+1063 (G)"}}, {"type": "Feature", "geometry": {"type": "Point", "coordinates": [2.14678075, 48.93148095]}, "properties": {"route": "D121", "pr": "7", "abs": 1345, "label": "D121 PR7+1345 (G)"}}, {"type": "Feature", "geometry": {"type": "Point", "coordinates": [2.20489758, 48.92273915]}, "properties": {"route": "D311", "pr": "7", "abs": 7282, "label": "D311 PR7+7282"}}, {"type": "Feature", "geometry": {"type": "Point", "coordinates": [2.17220489, 48.75666509]}, "properties": {"route": "D446", "pr": "4", "abs": 4935, "label": "D446 PR4+4935"}}, {"type": "Feature", "geometry": {"type": "Point", "coordinates": [2.15099535, 48.82017137]}, "properties": {"route": "D182", "pr": "0", "abs": 1077, "label": "D182 PR0+1077"}}, {"type": "Feature", "geometry": {"type": "Point", "coordinates": [2.1793627, 48.78611171]}, "properties": {"route": "D53", "pr": "DS", "abs": null, "label": "D53 PRDS"}}, {"type": "Feature", "geometry": {"type": "Point", "coordinates": [2.1793627, 48.78611171]}, "properties": {"route": "D53", "pr": "FS", "abs": null, "label": "D53 PRFS"}}, {"type": "Feature", "geometry": {"type": "Point", "coordinates": [2.15976279, 48.88878804]}, "properties": {"route": "D186", "pr": "FS", "abs": null, "label": "D186 PRFS (G)"}}, {"type": "Feature", "geometry": {"type": "Point", "coordinates": [2.15933619, 48.79914365]}, "properties": {"route": "D10", "pr": "DS", "abs": null, "label": "D10 PRDS"}}, {"type": "Feature", "geometry": {"type": "Point", "coordinates": [2.15933619, 48.79914365]}, "properties": {"route": "D10", "pr": "FS", "abs": null, "label": "D10 PRFS"}}, {"type": "Feature", "geometry": {"type": "Point", "coordinates": [2.14824202, 48.91600958]}, "properties": {"route": "D1021", "pr": "FS", "abs": null, "label": "D1021 PRFS"}}, {"type": "Feature", "geometry": {"type": "Point", "coordinates": [2.17726471, 48.77906555]}, "properties": {"route": "D53", "pr": "FS", "abs": null, "label": "D53 PRFS (G)"}}, {"type": "Feature", "geometry": {"type": "Point", "coordinates": [2.15668174, 48.94580681]}, "properties": {"route": "D308", "pr": "FS", "abs": null, "label": "D308 PRFS"}}, {"type": "Feature", "geometry": {"type": "Point", "coordinates": [2.16553959, 48.94096941]}, "properties": {"route": "D308", "pr": "FS", "abs": null, "label": "D308 PRFS (G)"}}, {"type": "Feature", "geometry": {"type": "Point", "coordinates": [2.1595053, 48.88894002]}, "properties": {"route": "D186", "pr": "FS", "abs": null, "label": "D186 PRFS"}}, {"type": "Feature", "geometry": {"type": "Point", "coordinates": [2.17592705, 48.78353819]}, "properties": {"route": "D53", "pr": "FS", "abs": null, "label": "D53 PRFS"}}, {"type": "Feature", "geometry": {"type": "Point", "coordinates": [2.15624924, 48.92323383]}, "properties": {"route": "D1021", "pr": "FS", "abs": null, "label": "D1021 PRFS"}}, {"type": "Feature", "geometry": {"type": "Point", "coordinates": [2.17305375, 48.9367462]}, "properties": {"route": "D1021", "pr": "FS", "abs": null, "label": "D1021 PRFS"}}, {"type": "Feature", "geometry": {"type": "Point", "coordinates": [2.1720186, 48.93754483]}, "properties": {"route": "D308", "pr": "FS", "abs": null, "label": "D308 PRFS"}}, {"type": "Feature", "geometry": {"type": "Point", "coordinates": [2.17783328, 48.77891206]}, "properties": {"route": "D53", "pr": "DS", "abs": null, "label": "D53 PRDS (G)"}}, {"type": "Feature", "geometry": {"type": "Point", "coordinates": [2.17783328, 48.77891206]}, "properties": {"route": "D53", "pr": "FS", "abs": null, "label": "D53 PRFS (G)"}}, {"type": "Feature", "geometry": {"type": "Point", "coordinates": [2.14824202, 48.91600958]}, "properties": {"route": "D1021", "pr": "FS", "abs": null, "label": "D1021 PRFS"}}, {"type": "Feature", "geometry": {"type": "Point", "coordinates": [2.15566687, 48.86728264]}, "properties": {"route": "D173", "pr": "DS", "abs": null, "label": "D173 PRDS"}}, {"type": "Feature", "geometry": {"type": "Point", "coordinates": [2.15566687, 48.86728264]}, "properties": {"route": "D173", "pr": "FS", "abs": null, "label": "D173 PRFS (D)"}}, {"type": "Feature", "geometry": {"type": "Point", "coordinates": [2.15581151, 48.8035934]}, "properties": {"route": "D183", "pr": "FS", "abs": null, "label": "D183 PRFS (G)"}}, {"type": "Feature", "geometry": {"type": "Point", "coordinates": [2.14946822, 48.91612351]}, "properties": {"route": "D1021", "pr": "FS", "abs": null, "label": "D1021 PRFS"}}, {"type": "Feature", "geometry": {"type": "Point", "coordinates": [2.15613498, 48.94567796]}, "properties": {"route": "D308", "pr": "FS", "abs": null, "label": "D308 PRFS"}}, {"type": "Feature", "geometry": {"type": "Point", "coordinates": [2.19999841, 48.9245996]}, "properties": {"route": "D308", "pr": "FS", "abs": null, "label": "D308 PRFS (G)"}}, {"type": "Feature", "geometry": {"type": "Point", "coordinates": [2.15950461, 48.88881411]}, "properties": {"route": "D186", "pr": "FS", "abs": null, "label": "D186 PRFS"}}, {"type": "Feature", "geometry": {"type": "Point", "coordinates": [2.15378039, 48.91912721]}, "properties": {"route": "D1021", "pr": "FS", "abs": null, "label": "D1021 PRFS"}}, {"type": "Feature", "geometry": {"type": "Point", "coordinates": [2.15271065, 48.94577161]}, "properties": {"route": "D308", "pr": "FS", "abs": null, "label": "D308 PRFS (G)"}}, {"type": "Feature", "geometry": {"type": "Point", "coordinates": [2.17064324, 48.93836089]}, "properties": {"route": "D308", "pr": "FS", "abs": null, "label": "D308 PRFS (G)"}}, {"type": "Feature", "geometry": {"type": "Point", "coordinates": [2.15151648, 48.81133121]}, "properties": {"route": "D185", "pr": "FS", "abs": null, "label": "D185 PRFS (G)"}}, {"type": "Feature", "geometry": {"type": "Point", "coordinates": [2.1768928, 48.77908907]}, "properties": {"route": "D53", "pr": "FS", "abs": null, "label": "D53 PRFS"}}, {"type": "Feature", "geometry": {"type": "Point", "coordinates": [2.14598222, 48.83311668]}, "properties": {"route": "D184", "pr": "FS", "abs": null, "label": "D184 PRFS"}}, {"type": "Feature", "geometry": {"type": "Point", "coordinates": [2.17480233, 48.78288104]}, "properties": {"route": "D53", "pr": "FS", "abs": null, "label": "D53 PRFS (D)"}}, {"type": "Feature", "geometry": {"type": "Point", "coordinates": [2.17919298, 48.78547915]}, "properties": {"route": "D53", "pr": "FS", "abs": null, "label": "D53 PRFS (D)"}}, {"type": "Feature", "geometry": {"type": "Point", "coordinates": [2.16164988, 48.94310779]}, "properties": {"route": "D308S", "pr": "FS", "abs": null, "label": "D308S PRFS"}}, {"type": "Feature", "geometry": {"type": "Point", "coordinates": [2.17474925, 48.77969669]}, "properties": {"route": "D53B3", "pr": "FS", "abs": null, "label": "D53B3 PRFS"}}, {"type": "Feature", "geometry": {"type": "Point", "coordinates": [2.15761966, 48.88949876]}, "properties": {"route": "D186", "pr": "FS", "abs": null, "label": "D186 PRFS (D)"}}, {"type": "Feature", "geometry": {"type": "Point", "coordinates": [2.17727568, 48.77914657]}, "properties": {"route": "D53", "pr": "FS", "abs": null, "label": "D53 PRFS (G)"}}, {"type": "Feature", "geometry": {"type": "Point", "coordinates": [2.15979443, 48.88885572]}, "properties": {"route": "D186", "pr": "FS", "abs": null, "label": "D186 PRFS"}}, {"type": "Feature", "geometry": {"type": "Point", "coordinates": [2.16341114, 48.94216683]}, "properties": {"route": "D308S", "pr": "FS", "abs": null, "label": "D308S PRFS (D)"}}, {"type": "Feature", "geometry": {"type": "Point", "coordinates": [2.15569827, 48.92295835]}, "properties": {"route": "D1021", "pr": "FS", "abs": null, "label": "D1021 PRFS (G)"}}, {"type": "Feature", "geometry": {"type": "Point", "coordinates": [2.15130898, 48.86098233]}, "properties": {"route": "D173", "pr": "FS", "abs": null, "label": "D173 PRFS (D)"}}, {"type": "Feature", "geometry": {"type": "Point", "coordinates": [2.16053872, 48.94360722]}, "properties": {"route": "D308S", "pr": "FS", "abs": null, "label": "D308S PRFS (G)"}}, {"type": "Feature", "geometry": {"type": "Point", "coordinates": [2.17341516, 48.76107448]}, "properties": {"route": "D446", "pr": "FS", "abs": null, "label": "D446 PRFS (G)"}}, {"type": "Feature", "geometry": {"type": "Point", "coordinates": [2.1569805, 48.86942159]}, "properties": {"route": "D113", "pr": "FS", "abs": null, "label": "D113 PRFS"}}, {"type": "Feature", "geometry": {"type": "Point", "coordinates": [2.16328514, 48.942362]}, "properties": {"route": "D308", "pr": "FS", "abs": null, "label": "D308 PRFS (D)"}}, {"type": "Feature", "geometry": {"type": "Point", "coordinates": [2.15253389, 48.91589792]}, "properties": {"route": "D1021", "pr": "FS", "abs": null, "label": "D1021 PRFS"}}, {"type": "Feature", "geometry": {"type": "Point", "coordinates": [2.19009374, 48.91973881]}, "properties": {"route": "D311", "pr": "FS", "abs": null, "label": "D311 PRFS (D)"}}, {"type": "Feature", "geometry": {"type": "Point", "coordinates": [2.18806651, 48.92905996]}, "properties": {"route": "D308", "pr": "FS", "abs": null, "label": "D308 PRFS (G)"}}, {"type": "Feature", "geometry": {"type": "Point", "coordinates": [2.21911357, 48.77622988]}, "properties": {"route": "D57", "pr": "FS", "abs": null, "label": "D57 PRFS"}}, {"type": "Feature", "geometry": {"type": "Point", "coordinates": [2.16121308, 48.76438032]}, "properties": {"route": "D446", "pr": "FS", "abs": null, "label": "D446 PRFS"}}, {"type": "Feature", "geometry": {"type": "Point", "coordinates": [2.14874218, 48.76980568]}, "properties": {"route": "D446", "pr": "FS", "abs": null, "label": "D446 PRFS (G)"}}, {"type": "Feature", "geometry": {"type": "Point", "coordinates": [2.16166198, 48.94311956]}, "properties": {"route": "D308", "pr": "FS", "abs": null, "label": "D308 PRFS (D)"}}, {"type": "Feature", "geometry": {"type": "Point", "coordinates": [2.18665674, 48.9185752]}, "properties": {"route": "D311", "pr": "FS", "abs": null, "label": "D311 PRFS"}}, {"type": "Feature", "geometry": {"type": "Point", "coordinates": [2.16201559, 48.80075083]}, "properties": {"route": "D183", "pr": "FS", "abs": null, "label": "D183 PRFS"}}, {"type": "Feature", "geometry": {"type": "Point", "coordinates": [2.17690376, 48.77917099]}, "properties": {"route": "D53", "pr": "FS", "abs": null, "label": "D53 PRFS (G)"}}, {"type": "Feature", "geometry": {"type": "Point", "coordinates": [2.15540232, 48.92202187]}, "properties": {"route": "D1021B1", "pr": "FS", "abs": null, "label": "D1021B1 PRFS"}}, {"type": "Feature", "geometry": {"type": "Point", "coordinates": [2.15914179, 48.88907058]}, "properties": {"route": "D186", "pr": "FS", "abs": null, "label": "D186 PRFS (G)"}}, {"type": "Feature", "geometry": {"type": "Point", "coordinates": [2.18665674, 48.9185752]}, "properties": {"route": "D311", "pr": "FS", "abs": null, "label": "D311 PRFS (G)"}}, {"type": "Feature", "geometry": {"type": "Point", "coordinates": [2.16199613, 48.91017733]}, "properties": {"route": "D1022", "pr": "FS", "abs": null, "label": "D1022 PRFS"}}, {"type": "Feature", "geometry": {"type": "Point", "coordinates": [2.15949978, 48.88877541]}, "properties": {"route": "D321", "pr": "FS", "abs": null, "label": "D321 PRFS"}}, {"type": "Feature", "geometry": {"type": "Point", "coordinates": [2.14987715, 48.85951519]}, "properties": {"route": "D173", "pr": "FS", "abs": null, "label": "D173 PRFS (G)"}}, {"type": "Feature", "geometry": {"type": "Point", "coordinates": [2.21911357, 48.77622988]}, "properties": {"route": "D57", "pr": "FS", "abs": null, "label": "D57 PRFS"}}, {"type": "Feature", "geometry": {"type": "Point", "coordinates": [2.19181345, 48.75724913]}, "properties": {"route": "D117", "pr": "FS", "abs": null, "label": "D117 PRFS"}}, {"type": "Feature", "geometry": {"type": "Point", "coordinates": [2.14991467, 48.85947138]}, "properties": {"route": "D173", "pr": "FS", "abs": null, "label": "D173 PRFS"}}, {"type": "Feature", "geometry": {"type": "Point", "coordinates": [2.17931522, 48.78852454]}, "properties": {"route": "D53", "pr": "FS", "abs": null, "label": "D53 PRFS (G)"}}, {"type": "Feature", "geometry": {"type": "Point", "coordinates": [2.18792082, 48.92921185]}, "properties": {"route": "D308", "pr": "FS", "abs": null, "label": "D308 PRFS (D)"}}, {"type": "Feature", "geometry": {"type": "Point", "coordinates": [2.15012774, 48.81056225]}, "properties": {"route": "D182", "pr": "FS", "abs": null, "label": "D182 PRFS (D)"}}, {"type": "Feature", "geometry": {"type": "Point", "coordinates": [2.15914179, 48.88907058]}, "properties": {"route": "D186", "pr": "FS", "abs": null, "label": "D186 PRFS (D)"}}, {"type": "Feature", "geometry": {"type": "Point", "coordinates": [2.1793627, 48.78611171]}, "properties": {"route": "D53", "pr": "DS", "abs": null, "label": "D53 PRDS"}}, {"type": "Feature", "geometry": {"type": "Point", "coordinates": [2.16320109, 48.88818438]}, "properties": {"route": "D186", "pr": "DS", "abs": null, "label": "D186 PRDS (G)"}}, {"type": "Feature", "geometry": {"type": "Point", "coordinates": [2.15933619, 48.79914365]}, "properties": {"route": "D10", "pr": "FS", "abs": null, "label": "D10 PRFS"}}, {"type": "Feature", "geometry": {"type": "Point", "coordinates": [2.15933619, 48.79914365]}, "properties": {"route": "D10", "pr": "DS", "abs": null, "label": "D10 PRDS (G)"}}, {"type": "Feature", "geometry": {"type": "Point", "coordinates": [2.15021186, 48.89113988]}, "properties": {"route": "D186", "pr": "DS", "abs": null, "label": "D186 PRDS (D)"}}, {"type": "Feature", "geometry": {"type": "Point", "coordinates": [2.15613498, 48.94567796]}, "properties": {"route": "D308", "pr": "FS", "abs": null, "label": "D308 PRFS"}}, {"type": "Feature", "geometry": {"type": "Point", "coordinates": [2.15613498, 48.94567796]}, "properties": {"route": "D308", "pr": "DS", "abs": null, "label": "D308 PRDS"}}, {"type": "Feature", "geometry": {"type": "Point", "coordinates": [2.1720186, 48.93754483]}, "properties": {"route": "D308", "pr": "DS", "abs": null, "label": "D308 PRDS (G)"}}, {"type": "Feature", "geometry": {"type": "Point", "coordinates": [2.15923295, 48.88883019]}, "properties": {"route": "D186", "pr": "DS", "abs": null, "label": "D186 PRDS"}}, {"type": "Feature", "geometry": {"type": "Point", "coordinates": [2.17483377, 48.78261413]}, "properties": {"route": "D53", "pr": "DS", "abs": null, "label": "D53 PRDS"}}, {"type": "Feature", "geometry": {"type": "Point", "coordinates": [2.15602056, 48.9228608]}, "properties": {"route": "D1021", "pr": "FS", "abs": null, "label": "D1021 PRFS"}}, {"type": "Feature", "geometry": {"type": "Point", "coordinates": [2.15602056, 48.9228608]}, "properties": {"route": "D1021", "pr": "DS", "abs": null, "label": "D1021 PRDS"}}, {"type": "Feature", "geometry": {"type": "Point", "coordinates": [2.17289191, 48.93593571]}, "properties": {"route": "D1021", "pr": "DS", "abs": null, "label": "D1021 PRDS"}}, {"type": "Feature", "geometry": {"type": "Point", "coordinates": [2.17904925, 48.7780048]}, "properties": {"route": "D53", "pr": "DS", "abs": null, "label": "D53 PRDS (G)"}}, {"type": "Feature", "geometry": {"type": "Point", "coordinates": [2.15602056, 48.9228608]}, "properties": {"route": "D1021", "pr": "FS", "abs": null, "label": "D1021 PRFS"}}, {"type": "Feature", "geometry": {"type": "Point", "coordinates": [2.15130898, 48.86098233]}, "properties": {"route": "D173", "pr": "DS", "abs": null, "label": "D173 PRDS"}}, {"type": "Feature", "geometry": {"type": "Point", "coordinates": [2.15710046, 48.80303227]}, "properties": {"route": "D183", "pr": "DS", "abs": null, "label": "D183 PRDS (G)"}}, {"type": "Feature", "geometry": {"type": "Point", "coordinates": [2.14598222, 48.83311668]}, "properties": {"route": "D184", "pr": "FS", "abs": null, "label": "D184 PRFS"}}, {"type": "Feature", "geometry": {"type": "Point", "coordinates": [2.14598222, 48.83311668]}, "properties": {"route": "D184", "pr": "DS", "abs": null, "label": "D184 PRDS"}}, {"type": "Feature", "geometry": {"type": "Point", "coordinates": [2.14824202, 48.91600958]}, "properties": {"route": "D1021", "pr": "DS", "abs": null, "label": "D1021 PRDS"}}, {"type": "Feature", "geometry": {"type": "Point", "coordinates": [2.15761966, 48.88949876]}, "properties": {"route": "D186", "pr": "DS", "abs": null, "label": "D186 PRDS"}}, {"type": "Feature", "geometry": {"type": "Point", "coordinates": [2.16166198, 48.94311956]}, "properties": {"route": "D308", "pr": "DS", "abs": null, "label": "D308 PRDS"}}, {"type": "Feature", "geometry": {"type": "Point", "coordinates": [2.20439606, 48.92412256]}, "properties": {"route": "D308", "pr": "DS", "abs": null, "label": "D308 PRDS (G)"}}, {"type": "Feature", "geometry": {"type": "Point", "coordinates": [2.15976279, 48.88878804]}, "properties": {"route": "D186", "pr": "DS", "abs": null, "label": "D186 PRDS"}}, {"type": "Feature", "geometry": {"type": "Point", "coordinates": [2.15430714, 48.91954642]}, "properties": {"route": "D1021", "pr": "DS", "abs": null, "label": "D1021 PRDS"}}, {"type": "Feature", "geometry": {"type": "Point", "coordinates": [2.15386826, 48.94569795]}, "properties": {"route": "D308", "pr": "DS", "abs": null, "label": "D308 PRDS (G)"}}, {"type": "Feature", "geometry": {"type": "Point", "coordinates": [2.15435961, 48.80429368]}, "properties": {"route": "D183", "pr": "DS", "abs": null, "label": "D183 PRDS"}}, {"type": "Feature", "geometry": {"type": "Point", "coordinates": [2.15003853, 48.81060479]}, "properties": {"route": "D185", "pr": "DS", "abs": null, "label": "D185 PRDS (G)"}}, {"type": "Feature", "geometry": {"type": "Point", "coordinates": [2.14825782, 48.8915334]}, "properties": {"route": "D186", "pr": "DS", "abs": null, "label": "D186 PRDS (D)"}}, {"type": "Feature", "geometry": {"type": "Point", "coordinates": [2.17726471, 48.77906555]}, "properties": {"route": "D53", "pr": "DS", "abs": null, "label": "D53 PRDS"}}, {"type": "Feature", "geometry": {"type": "Point", "coordinates": [2.1768928, 48.77908907]}, "properties": {"route": "D53", "pr": "DS", "abs": null, "label": "D53 PRDS (D)"}}, {"type": "Feature", "geometry": {"type": "Point", "coordinates": [2.17592705, 48.78353819]}, "properties": {"route": "D53", "pr": "DS", "abs": null, "label": "D53 PRDS (D)"}}, {"type": "Feature", "geometry": {"type": "Point", "coordinates": [2.16341114, 48.94216683]}, "properties": {"route": "D308S", "pr": "DS", "abs": null, "label": "D308S PRDS"}}, {"type": "Feature", "geometry": {"type": "Point", "coordinates": [2.15914179, 48.88907058]}, "properties": {"route": "D321", "pr": "DS", "abs": 463, "label": "D321 PRDS+463"}}, {"type": "Feature", "geometry": {"type": "Point", "coordinates": [2.17783328, 48.77891206]}, "properties": {"route": "D53", "pr": "DS", "abs": 2043, "label": "D53 PRDS+2043"}}, {"type": "Feature", "geometry": {"type": "Point", "coordinates": [2.17491643, 48.77919416]}, "properties": {"route": "D53B2", "pr": "DS", "abs": null, "label": "D53B2 PRDS"}}, {"type": "Feature", "geometry": {"type": "Point", "coordinates": [2.17276931, 48.76113746]}, "properties": {"route": "D446", "pr": "DS", "abs": null, "label": "D446 PRDS (G)"}}, {"type": "Feature", "geometry": {"type": "Point", "coordinates": [2.16447687, 48.94160321]}, "properties": {"route": "D308S", "pr": "DS", "abs": null, "label": "D308S PRDS (D)"}}, {"type": "Feature", "geometry": {"type": "Point", "coordinates": [2.16139267, 48.94314196]}, "properties": {"route": "D308", "pr": "DS", "abs": null, "label": "D308 PRDS (G)"}}, {"type": "Feature", "geometry": {"type": "Point", "coordinates": [2.14991467, 48.85947138]}, "properties": {"route": "D173", "pr": "DS", "abs": null, "label": "D173 PRDS (D)"}}, {"type": "Feature", "geometry": {"type": "Point", "coordinates": [2.16444589, 48.94157692]}, "properties": {"route": "D308S", "pr": "DS", "abs": null, "label": "D308S PRDS (G)"}}, {"type": "Feature", "geometry": {"type": "Point", "coordinates": [2.17327625, 48.75781931]}, "properties": {"route": "D446", "pr": "DS", "abs": null, "label": "D446 PRDS (G)"}}, {"type": "Feature", "geometry": {"type": "Point", "coordinates": [2.16559616, 48.94101747]}, "properties": {"route": "D308", "pr": "DS", "abs": null, "label": "D308 PRDS (D)"}}, {"type": "Feature", "geometry": {"type": "Point", "coordinates": [2.15151648, 48.81133121]}, "properties": {"route": "D185", "pr": "DS", "abs": null, "label": "D185 PRDS"}}, {"type": "Feature", "geometry": {"type": "Point", "coordinates": [2.1522943, 48.94543233]}, "properties": {"route": "D308", "pr": "DS", "abs": null, "label": "D308 PRDS (G)"}}, {"type": "Feature", "geometry": {"type": "Point", "coordinates": [2.15293289, 48.91653387]}, "properties": {"route": "D1021", "pr": "DS", "abs": null, "label": "D1021 PRDS"}}, {"type": "Feature", "geometry": {"type": "Point", "coordinates": [2.18665674, 48.9185752]}, "properties": {"route": "D311", "pr": "DS", "abs": null, "label": "D311 PRDS (D)"}}, {"type": "Feature", "geometry": {"type": "Point", "coordinates": [2.21911357, 48.77622988]}, "properties": {"route": "D57", "pr": "DS", "abs": null, "label": "D57 PRDS"}}, {"type": "Feature", "geometry": {"type": "Point", "coordinates": [2.15493416, 48.78437913]}, "properties": {"route": "D446", "pr": "DS", "abs": null, "label": "D446 PRDS"}}, {"type": "Feature", "geometry": {"type": "Point", "coordinates": [2.14909668, 48.77326746]}, "properties": {"route": "D446", "pr": "DS", "abs": null, "label": "D446 PRDS (G)"}}, {"type": "Feature", "geometry": {"type": "Point", "coordinates": [2.15424777, 48.80422093]}, "properties": {"route": "D183", "pr": "DS", "abs": null, "label": "D183 PRDS"}}, {"type": "Feature", "geometry": {"type": "Point", "coordinates": [2.16490903, 48.94130046]}, "properties": {"route": "D308", "pr": "DS", "abs": null, "label": "D308 PRDS (G)"}}, {"type": "Feature", "geometry": {"type": "Point", "coordinates": [2.15813672, 48.92322822]}, "properties": {"route": "D1021B1", "pr": "DS", "abs": null, "label": "D1021B1 PRDS"}}, {"type": "Feature", "geometry": {"type": "Point", "coordinates": [2.15757172, 48.88942737]}, "properties": {"route": "D186", "pr": "DS", "abs": null, "label": "D186 PRDS (G)"}}, {"type": "Feature", "geometry": {"type": "Point", "coordinates": [2.19009374, 48.91973881]}, "properties": {"route": "D311", "pr": "DS", "abs": null, "label": "D311 PRDS (G)"}}, {"type": "Feature", "geometry": {"type": "Point", "coordinates": [2.18806651, 48.92905996]}, "properties": {"route": "D308", "pr": "DS", "abs": null, "label": "D308 PRDS"}}, {"type": "Feature", "geometry": {"type": "Point", "coordinates": [2.19999841, 48.9245996]}, "properties": {"route": "D308", "pr": "DS", "abs": null, "label": "D308 PRDS"}}, {"type": "Feature", "geometry": {"type": "Point", "coordinates": [2.15260101, 48.91579768]}, "properties": {"route": "D1022", "pr": "DS", "abs": null, "label": "D1022 PRDS"}}, {"type": "Feature", "geometry": {"type": "Point", "coordinates": [2.1471342, 48.93165164]}, "properties": {"route": "D121", "pr": "DS", "abs": null, "label": "D121 PRDS (G)"}}, {"type": "Feature", "geometry": {"type": "Point", "coordinates": [2.1512611, 48.86099278]}, "properties": {"route": "D173", "pr": "DS", "abs": null, "label": "D173 PRDS (G)"}}, {"type": "Feature", "geometry": {"type": "Point", "coordinates": [2.15875916, 48.79887606]}, "properties": {"route": "D10", "pr": "DS", "abs": null, "label": "D10 PRDS (D)"}}, {"type": "Feature", "geometry": {"type": "Point", "coordinates": [2.17237416, 48.7611761]}, "properties": {"route": "D117", "pr": "DS", "abs": null, "label": "D117 PRDS"}}, {"type": "Feature", "geometry": {"type": "Point", "coordinates": [2.16138303, 48.76421781]}, "properties": {"route": "D446", "pr": "DS", "abs": null, "label": "D446 PRDS"}}, {"type": "Feature", "geometry": {"type": "Point", "coordinates": [2.15078904, 48.81092851]}, "properties": {"route": "D185", "pr": "DS", "abs": null, "label": "D185 PRDS"}}, {"type": "Feature", "geometry": {"type": "Point", "coordinates": [2.18161621, 48.79612334]}, "properties": {"route": "D53", "pr": "DS", "abs": null, "label": "D53 PRDS (G)"}}, {"type": "Feature", "geometry": {"type": "Point", "coordinates": [2.1583355, 48.88925647]}, "properties": {"route": "D186", "pr": "16", "abs": 463, "label": "D186 PR16+463 (D)"}}, {"type": "Feature", "geometry": {"type": "Point", "coordinates": [2.15105438, 48.86046248]}, "properties": {"route": "D173", "pr": "6", "abs": 5849, "label": "D173 PR6+5849 (D)"}}, {"type": "Feature", "geometry": {"type": "Point", "coordinates": [2.15683958, 48.86852573]}, "properties": {"route": "D173", "pr": "7", "abs": 6850, "label": "D173 PR7+6850 (D)"}}, {"type": "Feature", "geometry": {"type": "Point", "coordinates": [2.18849174, 48.91921087]}, "properties": {"route": "D311", "pr": "6", "abs": 5989, "label": "D311 PR6+5989 (D)"}}, {"type": "Feature", "geometry": {"type": "Point", "coordinates": [2.17464362, 48.77957723]}, "properties": {"route": "D53", "pr": "4", "abs": 3726, "label": "D53 PR4+3726 (D)"}}, {"type": "Feature", "geometry": {"type": "Point", "coordinates": [2.17861076, 48.78511268]}, "properties": {"route": "D53", "pr": "3", "abs": 2699, "label": "D53 PR3+2699 (D)"}}, {"type": "Feature", "geometry": {"type": "Point", "coordinates": [2.14847549, 48.86846651]}, "properties": {"route": "D113", "pr": "0", "abs": 0, "label": "D113 PR0"}}, {"type": "Feature", "geometry": {"type": "Point", "coordinates": [2.18696445, 48.80070458]}, "properties": {"route": "D53", "pr": "1", "abs": 0, "label": "D53 PR1"}}, {"type": "Feature", "geometry": {"type": "Point", "coordinates": [2.17765876, 48.7932684]}, "properties": {"route": "D53", "pr": "2", "abs": 1083, "label": "D53 PR2+1083"}}, {"type": "Feature", "geometry": {"type": "Point", "coordinates": [2.16490903, 48.94130046]}, "properties": {"route": "D308S", "pr": "3", "abs": 0, "label": "D308S PR3 (D)"}}, {"type": "Feature", "geometry": {"type": "Point", "coordinates": [2.14742436, 48.86830254]}, "properties": {"route": "D113", "pr": "1", "abs": 80, "label": "D113 PR1+80 (D)"}}, {"type": "Feature", "geometry": {"type": "Point", "coordinates": [2.15079753, 48.79836465]}, "properties": {"route": "D10", "pr": "2", "abs": 2408, "label": "D10 PR2+2408 (D)"}}, {"type": "Feature", "geometry": {"type": "Point", "coordinates": [2.20433725, 48.92413027]}, "properties": {"route": "D308", "pr": "0", "abs": 0, "label": "D308 PR0 (D)"}}, {"type": "Feature", "geometry": {"type": "Point", "coordinates": [2.16269016, 48.94260066]}, "properties": {"route": "D308", "pr": "4", "abs": 3787, "label": "D308 PR4+3787 (D)"}}, {"type": "Feature", "geometry": {"type": "Point", "coordinates": [2.19488389, 48.9255366]}, "properties": {"route": "D308", "pr": "1", "abs": 723, "label": "D308 PR1+723 (D)"}}, {"type": "Feature", "geometry": {"type": "Point", "coordinates": [2.15372845, 48.78512162]}, "properties": {"route": "D446", "pr": "0", "abs": 0, "label": "D446 PR0 (D)"}}, {"type": "Feature", "geometry": {"type": "Point", "coordinates": [2.15049389, 48.81090663]}, "properties": {"route": "D182", "pr": "0", "abs": 0, "label": "D182 PR0 (D)"}}, {"type": "Feature", "geometry": {"type": "Point", "coordinates": [2.21245172, 48.81007706]}, "properties": {"route": "N911802", "pr": "DS", "abs": null, "label": "N911802 PRDS"}}, {"type": "Feature", "geometry": {"type": "Point", "coordinates": [2.21337203, 48.81189722]}, "properties": {"route": "N911802", "pr": "FS", "abs": null, "label": "N911802 PRFS"}}, {"type": "Feature", "geometry": {"type": "Point", "coordinates": [2.21478551, 48.81226267]}, "properties": {"route": "N911802", "pr": "DS", "abs": null, "label": "N911802 PRDS"}}, {"type": "Feature", "geometry": {"type": "Point", "coordinates": [2.21213194, 48.81015231]}, "properties": {"route": "N911802", "pr": "DS", "abs": null, "label": "N911802 PRDS"}}, {"type": "Feature", "geometry": {"type": "Point", "coordinates": [2.21267171, 48.81120007]}, "properties": {"route": "N911802", "pr": "FS", "abs": null, "label": "N911802 PRFS"}}, {"type": "Feature", "geometry": {"type": "Point", "coordinates": [2.2847669, 48.93524456]}, "properties": {"route": "A908605", "pr": "DS", "abs": null, "label": "A908605 PRDS"}}, {"type": "Feature", "geometry": {"type": "Point", "coordinates": [2.31613717, 48.73691408]}, "properties": {"route": "A10", "pr": "1", "abs": 730, "label": "A10 PR1+730 (D)"}}, {"type": "Feature", "geometry": {"type": "Point", "coordinates": [2.32199453, 48.74252046]}, "properties": {"route": "A10", "pr": "0", "abs": 0, "label": "A10 PR0 (D)"}}, {"type": "Feature", "geometry": {"type": "Point", "coordinates": [2.17057216, 48.78125886]}, "properties": {"route": "A86", "pr": "63", "abs": 0, "label": "A86 PR63 (D)"}}, {"type": "Feature", "geometry": {"type": "Point", "coordinates": [2.16666802, 48.78147993]}, "properties": {"route": "A86", "pr": "63", "abs": 0, "label": "A86 PR63 (G)"}}, {"type": "Feature", "geometry": {"type": "Point", "coordinates": [2.15390736, 48.85357461]}, "properties": {"route": "A86", "pr": "72", "abs": 2410, "label": "A86 PR72+2410 (D)"}}, {"type": "Feature", "geometry": {"type": "Point", "coordinates": [2.14689123, 48.83359625]}, "properties": {"route": "A86", "pr": "70", "abs": 4847, "label": "A86 PR70+4847 (D)"}}, {"type": "Feature", "geometry": {"type": "Point", "coordinates": [2.28298454, 48.73406526]}, "properties": {"route": "D121", "pr": "1", "abs": 993, "label": "D121 PR1+993"}}, {"type": "Feature", "geometry": {"type": "Point", "coordinates": [2.17055667, 48.78120568]}, "properties": {"route": "N12", "pr": "18", "abs": 0, "label": "N12 PR18 (D)"}}, {"type": "Feature", "geometry": {"type": "Point", "coordinates": [2.15183031, 48.78650858]}, "properties": {"route": "N12", "pr": "19", "abs": 1606, "label": "N12 PR19+1606 (D)"}}, {"type": "Feature", "geometry": {"type": "Point", "coordinates": [2.23036603, 48.76804613]}, "properties": {"route": "D533", "pr": "2", "abs": 2005, "label": "D533 PR2+2005"}}, {"type": "Feature", "geometry": {"type": "Point", "coordinates": [2.22389136, 48.76187457]}, "properties": {"route": "D533", "pr": "1", "abs": 1058, "label": "D533 PR1+1058"}}, {"type": "Feature", "geometry": {"type": "Point", "coordinates": [2.23151337, 48.73808128]}, "properties": {"route": "D60", "pr": "4", "abs": 4184, "label": "D60 PR4+4184"}}, {"type": "Feature", "geometry": {"type": "Point", "coordinates": [2.27119857, 48.73755213]}, "properties": {"route": "D60", "pr": "7", "abs": 7339, "label": "D60 PR7+7339"}}, {"type": "Feature", "geometry": {"type": "Point", "coordinates": [2.20429721, 48.73352529]}, "properties": {"route": "D60", "pr": "2", "abs": 2012, "label": "D60 PR2+2012"}}, {"type": "Feature", "geometry": {"type": "Point", "coordinates": [2.21762669, 48.73634417]}, "properties": {"route": "D60", "pr": "3", "abs": 3084, "label": "D60 PR3+3084"}}, {"type": "Feature", "geometry": {"type": "Point", "coordinates": [2.25795523, 48.73744806]}, "properties": {"route": "D60", "pr": "6", "abs": 6346, "label": "D60 PR6+6346"}}, {"type": "Feature", "geometry": {"type": "Point", "coordinates": [2.24440455, 48.73697089]}, "properties": {"route": "D60", "pr": "5", "abs": 5275, "label": "D60 PR5+5275"}}, {"type": "Feature", "geometry": {"type": "Point", "coordinates": [2.19112383, 48.73221977]}, "properties": {"route": "D60", "pr": "1", "abs": 1016, "label": "D60 PR1+1016"}}, {"type": "Feature", "geometry": {"type": "Point", "coordinates": [2.26711957, 48.73160424]}, "properties": {"route": "D120", "pr": "2", "abs": 1992, "label": "D120 PR2+1992"}}, {"type": "Feature", "geometry": {"type": "Point", "coordinates": [2.25580173, 48.73092438]}, "properties": {"route": "D120", "pr": "1", "abs": 996, "label": "D120 PR1+996"}}, {"type": "Feature", "geometry": {"type": "Point", "coordinates": [2.21184313, 48.75645657]}, "properties": {"route": "D53", "pr": "4", "abs": 3043, "label": "D53 PR4+3043"}}, {"type": "Feature", "geometry": {"type": "Point", "coordinates": [2.20138221, 48.76080785]}, "properties": {"route": "D53", "pr": "3", "abs": 2077, "label": "D53 PR3+2077"}}, {"type": "Feature", "geometry": {"type": "Point", "coordinates": [2.19473993, 48.76675173]}, "properties": {"route": "D53", "pr": "2", "abs": 1024, "label": "D53 PR2+1024"}}, {"type": "Feature", "geometry": {"type": "Point", "coordinates": [2.32034067, 48.74138315]}, "properties": {"route": "D167", "pr": "8", "abs": 8740, "label": "D167 PR8+8740"}}, {"type": "Feature", "geometry": {"type": "Point", "coordinates": [2.32558427, 48.73319103]}, "properties": {"route": "D167", "pr": "7", "abs": 7745, "label": "D167 PR7+7745"}}, {"type": "Feature", "geometry": {"type": "Point", "coordinates": [2.22868094, 48.73632166]}, "properties": {"route": "D444", "pr": "2", "abs": 2132, "label": "D444 PR2+2132"}}, {"type": "Feature", "geometry": {"type": "Point", "coordinates": [2.23938783, 48.73129762]}, "properties": {"route": "D444", "pr": "1", "abs": 1139, "label": "D444 PR1+1139"}}, {"type": "Feature", "geometry": {"type": "Point", "coordinates": [2.23764239, 48.73574241]}, "properties": {"route": "D117", "pr": "5", "abs": 1921, "label": "D117 PR5+1921"}}, {"type": "Feature", "geometry": {"type": "Point", "coordinates": [2.20426359, 48.75260074]}, "properties": {"route": "D117", "pr": "4", "abs": 1046, "label": "D117 PR4+1046"}}, {"type": "Feature", "geometry": {"type": "Point", "coordinates": [2.22255655, 48.74425562]}, "properties": {"route": "D444", "pr": "3", "abs": 931, "label": "D444 PR3+931 (G)"}}, {"type": "Feature", "geometry": {"type": "Point", "coordinates": [2.16455637, 48.74021203]}, "properties": {"route": "D446", "pr": "2", "abs": 1984, "label": "D446 PR2+1984"}}, {"type": "Feature", "geometry": {"type": "Point", "coordinates": [2.16563797, 48.74937609]}, "properties": {"route": "D446", "pr": "1", "abs": 985, "label": "D446 PR1+985"}}, {"type": "Feature", "geometry": {"type": "Point", "coordinates": [2.27584178, 48.75358335]}, "properties": {"route": "D60", "pr": "9", "abs": 8796, "label": "D60 PR9+8796"}}, {"type": "Feature", "geometry": {"type": "Point", "coordinates": [2.2833243, 48.7448796]}, "properties": {"route": "D60", "pr": "8", "abs": 7696, "label": "D60 PR8+7696"}}, {"type": "Feature", "geometry": {"type": "Point", "coordinates": [2.24156924, 48.73107674]}, "properties": {"route": "D944401", "pr": "2", "abs": 260, "label": "D944401 PR2+260"}}, {"type": "Feature", "geometry": {"type": "Point", "coordinates": [2.23764869, 48.73167779]}, "properties": {"route": "D944401", "pr": "3", "abs": 500, "label": "D944401 PR3+500"}}, {"type": "Feature", "geometry": {"type": "Point", "coordinates": [2.24092137, 48.73074792]}, "properties": {"route": "D944401", "pr": "5", "abs": 910, "label": "D944401 PR5+910"}}, {"type": "Feature", "geometry": {"type": "Point", "coordinates": [2.21938122, 48.74687299]}, "properties": {"route": "D944405", "pr": "2", "abs": 80, "label": "D944405 PR2+80"}}, {"type": "Feature", "geometry": {"type": "Point", "coordinates": [2.22881872, 48.7357397]}, "properties": {"route": "D944402", "pr": "2", "abs": 165, "label": "D944402 PR2+165"}}, {"type": "Feature", "geometry": {"type": "Point", "coordinates": [2.22963446, 48.76801533]}, "properties": {"route": "D533", "pr": "2", "abs": 772, "label": "D533 PR2+772 (G)"}}, {"type": "Feature", "geometry": {"type": "Point", "coordinates": [2.22520966, 48.73987543]}, "properties": {"route": "D944403", "pr": "2", "abs": 175, "label": "D944403 PR2+175"}}, {"type": "Feature", "geometry": {"type": "Point", "coordinates": [2.22593324, 48.73757391]}, "properties": {"route": "D944403", "pr": "3", "abs": 410, "label": "D944403 PR3+410"}}, {"type": "Feature", "geometry": {"type": "Point", "coordinates": [2.27456488, 48.73838124]}, "properties": {"route": "D60", "pr": "DS", "abs": null, "label": "D60 PRDS"}}, {"type": "Feature", "geometry": {"type": "Point", "coordinates": [2.27456488, 48.73838124]}, "properties": {"route": "D60", "pr": "FS", "abs": null, "label": "D60 PRFS"}}, {"type": "Feature", "geometry": {"type": "Point", "coordinates": [2.22572333, 48.73916639]}, "properties": {"route": "D944403", "pr": "FS", "abs": null, "label": "D944403 PRFS"}}, {"type": "Feature", "geometry": {"type": "Point", "coordinates": [2.21159448, 48.75040165]}, "properties": {"route": "D117", "pr": "FS", "abs": null, "label": "D117 PRFS (G)"}}, {"type": "Feature", "geometry": {"type": "Point", "coordinates": [2.31549964, 48.73357706]}, "properties": {"route": "D32", "pr": "FS", "abs": null, "label": "D32 PRFS"}}, {"type": "Feature", "geometry": {"type": "Point", "coordinates": [2.27064509, 48.7601446]}, "properties": {"route": "D60", "pr": "FS", "abs": null, "label": "D60 PRFS"}}, {"type": "Feature", "geometry": {"type": "Point", "coordinates": [2.27252374, 48.73750265]}, "properties": {"route": "D156E", "pr": "FS", "abs": null, "label": "D156E PRFS"}}, {"type": "Feature", "geometry": {"type": "Point", "coordinates": [2.22367705, 48.74289394]}, "properties": {"route": "D944404", "pr": "FS", "abs": null, "label": "D944404 PRFS"}}, {"type": "Feature", "geometry": {"type": "Point", "coordinates": [2.15843687, 48.73091892]}, "properties": {"route": "D36", "pr": "FS", "abs": null, "label": "D36 PRFS"}}, {"type": "Feature", "geometry": {"type": "Point", "coordinates": [2.27034773, 48.73460212]}, "properties": {"route": "D120E", "pr": "FS", "abs": null, "label": "D120E PRFS"}}, {"type": "Feature", "geometry": {"type": "Point", "coordinates": [2.24966134, 48.74087261]}, "properties": {"route": "D60Z", "pr": "FS", "abs": null, "label": "D60Z PRFS"}}, {"type": "Feature", "geometry": {"type": "Point", "coordinates": [2.31625611, 48.74423985]}, "properties": {"route": "D167", "pr": "FS", "abs": null, "label": "D167 PRFS"}}, {"type": "Feature", "geometry": {"type": "Point", "coordinates": [2.24156924, 48.73107674]}, "properties": {"route": "D944401", "pr": "FS", "abs": null, "label": "D944401 PRFS"}}, {"type": "Feature", "geometry": {"type": "Point", "coordinates": [2.2295345, 48.73625702]}, "properties": {"route": "D944402", "pr": "FS", "abs": null, "label": "D944402 PRFS"}}, {"type": "Feature", "geometry": {"type": "Point", "coordinates": [2.27525631, 48.73843491]}, "properties": {"route": "D60", "pr": "FS", "abs": null, "label": "D60 PRFS"}}, {"type": "Feature", "geometry": {"type": "Point", "coordinates": [2.27536826, 48.73840321]}, "properties": {"route": "D60", "pr": "FS", "abs": null, "label": "D60 PRFS"}}, {"type": "Feature", "geometry": {"type": "Point", "coordinates": [2.30154572, 48.73625035]}, "properties": {"route": "N20", "pr": "FS", "abs": null, "label": "N20 PRFS"}}, {"type": "Feature", "geometry": {"type": "Point", "coordinates": [2.26959149, 48.75766201]}, "properties": {"route": "D60", "pr": "FS", "abs": null, "label": "D60 PRFS"}}, {"type": "Feature", "geometry": {"type": "Point", "coordinates": [2.22623981, 48.73845107]}, "properties": {"route": "D944403", "pr": "FS", "abs": null, "label": "D944403 PRFS"}}, {"type": "Feature", "geometry": {"type": "Point", "coordinates": [2.2379993, 48.73159728]}, "properties": {"route": "D944401", "pr": "FS", "abs": null, "label": "D944401 PRFS"}}, {"type": "Feature", "geometry": {"type": "Point", "coordinates": [2.21834181, 48.74789247]}, "properties": {"route": "D944405", "pr": "FS", "abs": null, "label": "D944405 PRFS"}}, {"type": "Feature", "geometry": {"type": "Point", "coordinates": [2.21602153, 48.74906543]}, "properties": {"route": "D444", "pr": "FS", "abs": null, "label": "D444 PRFS (D)"}}, {"type": "Feature", "geometry": {"type": "Point", "coordinates": [2.29177989, 48.73623239]}, "properties": {"route": "D121", "pr": "FS", "abs": null, "label": "D121 PRFS"}}, {"type": "Feature", "geometry": {"type": "Point", "coordinates": [2.19095432, 48.75773531]}, "properties": {"route": "D117", "pr": "FS", "abs": null, "label": "D117 PRFS"}}, {"type": "Feature", "geometry": {"type": "Point", "coordinates": [2.22912394, 48.77015359]}, "properties": {"route": "D533", "pr": "FS", "abs": null, "label": "D533 PRFS (G)"}}, {"type": "Feature", "geometry": {"type": "Point", "coordinates": [2.24304804, 48.7313002]}, "properties": {"route": "D120", "pr": "FS", "abs": null, "label": "D120 PRFS"}}, {"type": "Feature", "geometry": {"type": "Point", "coordinates": [2.21602153, 48.74906543]}, "properties": {"route": "D444", "pr": "FS", "abs": null, "label": "D444 PRFS (G)"}}, {"type": "Feature", "geometry": {"type": "Point", "coordinates": [2.27125968, 48.75665944]}, "properties": {"route": "D60", "pr": "FS", "abs": null, "label": "D60 PRFS"}}, {"type": "Feature", "geometry": {"type": "Point", "coordinates": [2.16322612, 48.73097598]}, "properties": {"route": "D446", "pr": "FS", "abs": null, "label": "D446 PRFS"}}, {"type": "Feature", "geometry": {"type": "Point", "coordinates": [2.21137496, 48.75052702]}, "properties": {"route": "D53", "pr": "FS", "abs": null, "label": "D53 PRFS"}}, {"type": "Feature", "geometry": {"type": "Point", "coordinates": [2.31938385, 48.74186071]}, "properties": {"route": "D167", "pr": "FS", "abs": null, "label": "D167 PRFS"}}, {"type": "Feature", "geometry": {"type": "Point", "coordinates": [2.22407439, 48.74187204]}, "properties": {"route": "D444", "pr": "FS", "abs": null, "label": "D444 PRFS"}}, {"type": "Feature", "geometry": {"type": "Point", "coordinates": [2.23738042, 48.73608253]}, "properties": {"route": "D60", "pr": "FS", "abs": null, "label": "D60 PRFS"}}, {"type": "Feature", "geometry": {"type": "Point", "coordinates": [2.22946293, 48.77115504]}, "properties": {"route": "D533", "pr": "FS", "abs": null, "label": "D533 PRFS"}}, {"type": "Feature", "geometry": {"type": "Point", "coordinates": [2.27525631, 48.73843491]}, "properties": {"route": "D60", "pr": "DS", "abs": null, "label": "D60 PRDS"}}, {"type": "Feature", "geometry": {"type": "Point", "coordinates": [2.22768395, 48.73762573]}, "properties": {"route": "D944403", "pr": "DS", "abs": null, "label": "D944403 PRDS"}}, {"type": "Feature", "geometry": {"type": "Point", "coordinates": [2.21592577, 48.74910168]}, "properties": {"route": "D117", "pr": "DS", "abs": null, "label": "D117 PRDS (G)"}}, {"type": "Feature", "geometry": {"type": "Point", "coordinates": [2.32669772, 48.73130397]}, "properties": {"route": "D32", "pr": "DS", "abs": null, "label": "D32 PRDS"}}, {"type": "Feature", "geometry": {"type": "Point", "coordinates": [2.27125968, 48.75665944]}, "properties": {"route": "D60", "pr": "DS", "abs": null, "label": "D60 PRDS"}}, {"type": "Feature", "geometry": {"type": "Point", "coordinates": [2.26614696, 48.73240957]}, "properties": {"route": "D156E", "pr": "DS", "abs": null, "label": "D156E PRDS"}}, {"type": "Feature", "geometry": {"type": "Point", "coordinates": [2.22407094, 48.74146367]}, "properties": {"route": "D944404", "pr": "DS", "abs": null, "label": "D944404 PRDS"}}, {"type": "Feature", "geometry": {"type": "Point", "coordinates": [2.24613459, 48.73694765]}, "properties": {"route": "D60Z", "pr": "DS", "abs": null, "label": "D60Z PRDS"}}, {"type": "Feature", "geometry": {"type": "Point", "coordinates": [2.31913632, 48.74196633]}, "properties": {"route": "D167", "pr": "DS", "abs": null, "label": "D167 PRDS"}}, {"type": "Feature", "geometry": {"type": "Point", "coordinates": [2.23073923, 48.73496867]}, "properties": {"route": "D944402", "pr": "DS", "abs": null, "label": "D944402 PRDS"}}, {"type": "Feature", "geometry": {"type": "Point", "coordinates": [2.27456488, 48.73838124]}, "properties": {"route": "D60", "pr": "DS", "abs": null, "label": "D60 PRDS"}}, {"type": "Feature", "geometry": {"type": "Point", "coordinates": [2.27525631, 48.73843491]}, "properties": {"route": "D60", "pr": "DS", "abs": null, "label": "D60 PRDS"}}, {"type": "Feature", "geometry": {"type": "Point", "coordinates": [2.30085635, 48.73259004]}, "properties": {"route": "N20", "pr": "FS", "abs": null, "label": "N20 PRFS"}}, {"type": "Feature", "geometry": {"type": "Point", "coordinates": [2.30085635, 48.73259004]}, "properties": {"route": "N20", "pr": "DS", "abs": null, "label": "N20 PRDS (D)"}}, {"type": "Feature", "geometry": {"type": "Point", "coordinates": [2.27125968, 48.75665944]}, "properties": {"route": "D60", "pr": "DS", "abs": null, "label": "D60 PRDS"}}, {"type": "Feature", "geometry": {"type": "Point", "coordinates": [2.23054248, 48.73503216]}, "properties": {"route": "D944402", "pr": "DS", "abs": null, "label": "D944402 PRDS"}}, {"type": "Feature", "geometry": {"type": "Point", "coordinates": [2.24156924, 48.73107674]}, "properties": {"route": "D944401", "pr": "DS", "abs": null, "label": "D944401 PRDS"}}, {"type": "Feature", "geometry": {"type": "Point", "coordinates": [2.22003387, 48.74624854]}, "properties": {"route": "D944405", "pr": "DS", "abs": null, "label": "D944405 PRDS"}}, {"type": "Feature", "geometry": {"type": "Point", "coordinates": [2.22407439, 48.74187204]}, "properties": {"route": "D444", "pr": "DS", "abs": null, "label": "D444 PRDS (D)"}}, {"type": "Feature", "geometry": {"type": "Point", "coordinates": [2.21586828, 48.74903564]}, "properties": {"route": "D117", "pr": "DS", "abs": null, "label": "D117 PRDS"}}, {"type": "Feature", "geometry": {"type": "Point", "coordinates": [2.22557537, 48.73749784]}, "properties": {"route": "D944403", "pr": "DS", "abs": null, "label": "D944403 PRDS"}}, {"type": "Feature", "geometry": {"type": "Point", "coordinates": [2.22919402, 48.766237]}, "properties": {"route": "D533", "pr": "DS", "abs": null, "label": "D533 PRDS (G)"}}, {"type": "Feature", "geometry": {"type": "Point", "coordinates": [2.26554867, 48.73231415]}, "properties": {"route": "D120", "pr": "DS", "abs": null, "label": "D120 PRDS"}}, {"type": "Feature", "geometry": {"type": "Point", "coordinates": [2.22407439, 48.74187204]}, "properties": {"route": "D444", "pr": "DS", "abs": null, "label": "D444 PRDS (G)"}}, {"type": "Feature", "geometry": {"type": "Point", "coordinates": [2.17214614, 48.75659543]}, "properties": {"route": "D446", "pr": "DS", "abs": null, "label": "D446 PRDS"}}, {"type": "Feature", "geometry": {"type": "Point", "coordinates": [2.18632245, 48.77247267]}, "properties": {"route": "D53", "pr": "DS", "abs": null, "label": "D53 PRDS"}}, {"type": "Feature", "geometry": {"type": "Point", "coordinates": [2.30085635, 48.73259004]}, "properties": {"route": "N20", "pr": "DS", "abs": null, "label": "N20 PRDS (G)"}}, {"type": "Feature", "geometry": {"type": "Point", "coordinates": [2.23736546, 48.73598979]}, "properties": {"route": "D60", "pr": "DS", "abs": null, "label": "D60 PRDS"}}, {"type": "Feature", "geometry": {"type": "Point", "coordinates": [2.15543538, 48.73095978]}, "properties": {"route": "D36", "pr": "DS", "abs": null, "label": "D36 PRDS"}}, {"type": "Feature", "geometry": {"type": "Point", "coordinates": [2.26608693, 48.73223021]}, "properties": {"route": "D120", "pr": "DS", "abs": null, "label": "D120 PRDS"}}, {"type": "Feature", "geometry": {"type": "Point", "coordinates": [2.21520277, 48.75494424]}, "properties": {"route": "D533", "pr": "DS", "abs": null, "label": "D533 PRDS"}}, {"type": "Feature", "geometry": {"type": "Point", "coordinates": [2.22267833, 48.74429779]}, "properties": {"route": "D444", "pr": "3", "abs": 3124, "label": "D444 PR3+3124 (D)"}}, {"type": "Feature", "geometry": {"type": "Point", "coordinates": [2.19591315, 48.90494459]}, "properties": {"route": "A14", "pr": "5", "abs": 0, "label": "A14 PR5 (D)"}}, {"type": "Feature", "geometry": {"type": "Point", "coordinates": [2.19466602, 48.9057537]}, "properties": {"route": "A14", "pr": "5", "abs": 0, "label": "A14 PR5 (D)"}}, {"type": "Feature", "geometry": {"type": "Point", "coordinates": [2.19575735, 48.9048743]}, "properties": {"route": "A14", "pr": "5", "abs": 0, "label": "A14 PR5 (G)"}}, {"type": "Feature", "geometry": {"type": "Point", "coordinates": [2.14741053, 48.83158261]}, "properties": {"route": "A13", "pr": "9", "abs": 0, "label": "A13 PR9 (D)"}}, {"type": "Feature", "geometry": {"type": "Point", "coordinates": [2.24147879, 48.84844003]}, "properties": {"route": "A13", "pr": "1", "abs": 0, "label": "A13 PR1 (D)"}}, {"type": "Feature", "geometry": {"type": "Point", "coordinates": [2.31595054, 48.73662788]}, "properties": {"route": "A6B", "pr": "999", "abs": 1283, "label": "A6B PR999+1283 (D)"}}, {"type": "Feature", "geometry": {"type": "Point", "coordinates": [2.32461719, 48.74636066]}, "properties": {"route": "A6B", "pr": "0", "abs": 0, "label": "A6B PR0 (D)"}}, {"type": "Feature", "geometry": {"type": "Point", "coordinates": [2.29607296, 48.93788527]}, "properties": {"route": "A901501", "pr": "FS", "abs": null, "label": "A901501 PRFS"}}, {"type": "Feature", "geometry": {"type": "Point", "coordinates": [2.29978709, 48.93810397]}, "properties": {"route": "A901501", "pr": "FS", "abs": null, "label": "A901501 PRFS"}}, {"type": "Feature", "geometry": {"type": "Point", "coordinates": [2.30043549, 48.93820668]}, "properties": {"route": "A901501", "pr": "DS", "abs": null, "label": "A901501 PRDS"}}, {"type": "Feature", "geometry": {"type": "Point", "coordinates": [2.29611655, 48.9377911]}, "properties": {"route": "A901501", "pr": "FS", "abs": null, "label": "A901501 PRFS"}}, {"type": "Feature", "geometry": {"type": "Point", "coordinates": [2.29980413, 48.93805551]}, "properties": {"route": "A901501", "pr": "FS", "abs": null, "label": "A901501 PRFS"}}, {"type": "Feature", "geometry": {"type": "Point", "coordinates": [2.30045509, 48.93816992]}, "properties": {"route": "A901501", "pr": "DS", "abs": null, "label": "A901501 PRDS"}}, {"type": "Feature", "geometry": {"type": "Point", "coordinates": [2.1566578, 48.87225949]}, "properties": {"route": "A86", "pr": "FS", "abs": null, "label": "A86 PRFS"}}, {"type": "Feature", "geometry": {"type": "Point", "coordinates": [2.33354627, 48.92748157]}, "properties": {"route": "A86", "pr": "DS", "abs": null, "label": "A86 PRDS"}}, {"type": "Feature", "geometry": {"type": "Point", "coordinates": [2.15704166, 48.87229727]}, "properties": {"route": "A86", "pr": "DS", "abs": null, "label": "A86 PRDS"}}, {"type": "Feature", "geometry": {"type": "Point", "coordinates": [2.17052499, 48.78105796]}, "properties": {"route": "A86", "pr": "DS", "abs": null, "label": "A86 PRDS"}}, {"type": "Feature", "geometry": {"type": "Point", "coordinates": [2.31454263, 48.76194804]}, "properties": {"route": "A86", "pr": "FS", "abs": null, "label": "A86 PRFS"}}, {"type": "Feature", "geometry": {"type": "Point", "coordinates": [2.33392477, 48.92712666]}, "properties": {"route": "A908607", "pr": "FS", "abs": null, "label": "A908607 PRFS"}}, {"type": "Feature", "geometry": {"type": "Point", "coordinates": [2.33250797, 48.92745781]}, "properties": {"route": "A908607", "pr": "DS", "abs": null, "label": "A908607 PRDS"}}, {"type": "Feature", "geometry": {"type": "Point", "coordinates": [2.33250797, 48.92745781]}, "properties": {"route": "A908607", "pr": "DS", "abs": null, "label": "A908607 PRDS"}}, {"type": "Feature", "geometry": {"type": "Point", "coordinates": [2.33245673, 48.92783523]}, "properties": {"route": "A908607", "pr": "DS", "abs": null, "label": "A908607 PRDS"}}, {"type": "Feature", "geometry": {"type": "Point", "coordinates": [2.16665815, 48.78141601]}, "properties": {"route": "N12", "pr": "FS", "abs": null, "label": "N12 PRFS"}}, {"type": "Feature", "geometry": {"type": "Point", "coordinates": [2.15773277, 48.87407567]}, "properties": {"route": "A908634", "pr": "1", "abs": 430, "label": "A908634 PR1+430"}}, {"type": "Feature", "geometry": {"type": "Point", "coordinates": [2.15913076, 48.87066704]}, "properties": {"route": "A908634", "pr": "1", "abs": 0, "label": "A908634 PR1"}}, {"type": "Feature", "geometry": {"type": "Point", "coordinates": [2.15714903, 48.86970607]}, "properties": {"route": "A908634", "pr": "2", "abs": 517, "label": "A908634 PR2+517"}}, {"type": "Feature", "geometry": {"type": "Point", "coordinates": [2.15773277, 48.87407567]}, "properties": {"route": "A908634", "pr": "2", "abs": 0, "label": "A908634 PR2"}}, {"type": "Feature", "geometry": {"type": "Point", "coordinates": [2.1526929, 48.8315401]}, "properties": {"route": "A901305", "pr": "8", "abs": 0, "label": "A901305 PR8"}}, {"type": "Feature", "geometry": {"type": "Point", "coordinates": [2.15327746, 48.83195167]}, "properties": {"route": "A901305", "pr": "8", "abs": 52, "label": "A901305 PR8+52"}}, {"type": "Feature", "geometry": {"type": "Point", "coordinates": [2.15346227, 48.83248362]}, "properties": {"route": "A901305", "pr": "5", "abs": 0, "label": "A901305 PR5"}}, {"type": "Feature", "geometry": {"type": "Point", "coordinates": [2.15325557, 48.83262786]}, "properties": {"route": "A901305", "pr": "5", "abs": 20, "label": "A901305 PR5+20"}}, {"type": "Feature", "geometry": {"type": "Point", "coordinates": [2.15297901, 48.83229312]}, "properties": {"route": "A901305", "pr": "2", "abs": 0, "label": "A901305 PR2"}}, {"type": "Feature", "geometry": {"type": "Point", "coordinates": [2.15237204, 48.83183553]}, "properties": {"route": "A901305", "pr": "7", "abs": 0, "label": "A901305 PR7"}}, {"type": "Feature", "geometry": {"type": "Point", "coordinates": [2.1526929, 48.8315401]}, "properties": {"route": "A901305", "pr": "7", "abs": 20, "label": "A901305 PR7+20"}}, {"type": "Feature", "geometry": {"type": "Point", "coordinates": [2.15312484, 48.8323733]}, "properties": {"route": "A901305", "pr": "1", "abs": 348, "label": "A901305 PR1+348"}}, {"type": "Feature", "geometry": {"type": "Point", "coordinates": [2.15819094, 48.83290463]}, "properties": {"route": "A901305", "pr": "1", "abs": 0, "label": "A901305 PR1"}}, {"type": "Feature", "geometry": {"type": "Point", "coordinates": [2.15819094, 48.83290463]}, "properties": {"route": "A901305", "pr": "4", "abs": 392, "label": "A901305 PR4+392"}}, {"type": "Feature", "geometry": {"type": "Point", "coordinates": [2.15295721, 48.83204204]}, "properties": {"route": "A901305", "pr": "4", "abs": 0, "label": "A901305 PR4"}}, {"type": "Feature", "geometry": {"type": "Point", "coordinates": [2.15276227, 48.83238512]}, "properties": {"route": "A901305", "pr": "6", "abs": 20, "label": "A901305 PR6+20"}}, {"type": "Feature", "geometry": {"type": "Point", "coordinates": [2.15300811, 48.83259822]}, "properties": {"route": "A901305", "pr": "6", "abs": 0, "label": "A901305 PR6"}}, {"type": "Feature", "geometry": {"type": "Point", "coordinates": [2.15017443, 48.83168053]}, "properties": {"route": "A901305", "pr": "3", "abs": 0, "label": "A901305 PR3"}}, {"type": "Feature", "geometry": {"type": "Point", "coordinates": [2.15277652, 48.83192744]}, "properties": {"route": "A901305", "pr": "3", "abs": 169, "label": "A901305 PR3+169"}}, {"type": "Feature", "geometry": {"type": "Point", "coordinates": [2.22982383, 48.76643174]}, "properties": {"route": "N306", "pr": "999", "abs": 940, "label": "N306 PR999+940 (D)"}}, {"type": "Feature", "geometry": {"type": "Point", "coordinates": [2.21221567, 48.80965729]}, "properties": {"route": "N911802", "pr": "3", "abs": 0, "label": "N911802 PR3"}}, {"type": "Feature", "geometry": {"type": "Point", "coordinates": [2.21497105, 48.81224051]}, "properties": {"route": "N911802", "pr": "3", "abs": 402, "label": "N911802 PR3+402"}}, {"type": "Feature", "geometry": {"type": "Point", "coordinates": [2.21221567, 48.80965729]}, "properties": {"route": "N911802", "pr": "2", "abs": 143, "label": "N911802 PR2+143"}}, {"type": "Feature", "geometry": {"type": "Point", "coordinates": [2.21156097, 48.81134924]}, "properties": {"route": "N911802", "pr": "2", "abs": 0, "label": "N911802 PR2"}}, {"type": "Feature", "geometry": {"type": "Point", "coordinates": [2.21450603, 48.8120126]}, "properties": {"route": "N911802", "pr": "6", "abs": 0, "label": "N911802 PR6"}}, {"type": "Feature", "geometry": {"type": "Point", "coordinates": [2.21501294, 48.81189991]}, "properties": {"route": "N911802", "pr": "6", "abs": 31, "label": "N911802 PR6+31"}}, {"type": "Feature", "geometry": {"type": "Point", "coordinates": [2.21178511, 48.8113858]}, "properties": {"route": "N911802", "pr": "1", "abs": 96, "label": "N911802 PR1+96"}}, {"type": "Feature", "geometry": {"type": "Point", "coordinates": [2.21290521, 48.81142826]}, "properties": {"route": "N911802", "pr": "1", "abs": 0, "label": "N911802 PR1"}}, {"type": "Feature", "geometry": {"type": "Point", "coordinates": [2.21290521, 48.81142826]}, "properties": {"route": "N911802", "pr": "5", "abs": 356, "label": "N911802 PR5+356"}}, {"type": "Feature", "geometry": {"type": "Point", "coordinates": [2.2148481, 48.81217584]}, "properties": {"route": "N911802", "pr": "5", "abs": 0, "label": "N911802 PR5"}}, {"type": "Feature", "geometry": {"type": "Point", "coordinates": [2.29884519, 48.93790152]}, "properties": {"route": "A901501", "pr": "11", "abs": 0, "label": "A901501 PR11"}}, {"type": "Feature", "geometry": {"type": "Point", "coordinates": [2.30416286, 48.93835787]}, "properties": {"route": "A901501", "pr": "11", "abs": 374, "label": "A901501 PR11+374"}}, {"type": "Feature", "geometry": {"type": "Point", "coordinates": [2.30416286, 48.93835787]}, "properties": {"route": "A901501", "pr": "1", "abs": 606, "label": "A901501 PR1+606"}}, {"type": "Feature", "geometry": {"type": "Point", "coordinates": [2.29674839, 48.93820848]}, "properties": {"route": "A901501", "pr": "6", "abs": 545, "label": "A901501 PR6+545"}}, {"type": "Feature", "geometry": {"type": "Point", "coordinates": [2.30316962, 48.9397442]}, "properties": {"route": "A901501", "pr": "6", "abs": 0, "label": "A901501 PR6"}}, {"type": "Feature", "geometry": {"type": "Point", "coordinates": [2.30095349, 48.93826096]}, "properties": {"route": "A901501", "pr": "4", "abs": 1080, "label": "A901501 PR4+1080"}}, {"type": "Feature", "geometry": {"type": "Point", "coordinates": [2.29517242, 48.93755264]}, "properties": {"route": "A901501", "pr": "9", "abs": 181, "label": "A901501 PR9+181"}}, {"type": "Feature", "geometry": {"type": "Point", "coordinates": [2.3026756, 48.9395291]}, "properties": {"route": "A901501", "pr": "7", "abs": 0, "label": "A901501 PR7"}}, {"type": "Feature", "geometry": {"type": "Point", "coordinates": [2.29854235, 48.93940516]}, "properties": {"route": "A901501", "pr": "7", "abs": 294, "label": "A901501 PR7+294"}}, {"type": "Feature", "geometry": {"type": "Point", "coordinates": [2.29743876, 48.93813429]}, "properties": {"route": "A901501", "pr": "5", "abs": 0, "label": "A901501 PR5"}}, {"type": "Feature", "geometry": {"type": "Point", "coordinates": [2.30416286, 48.93835787]}, "properties": {"route": "A901501", "pr": "3", "abs": 0, "label": "A901501 PR3"}}, {"type": "Feature", "geometry": {"type": "Point", "coordinates": [2.29517242, 48.93755264]}, "properties": {"route": "A901501", "pr": "12", "abs": 0, "label": "A901501 PR12"}}, {"type": "Feature", "geometry": {"type": "Point", "coordinates": [2.29935468, 48.9367633]}, "properties": {"route": "A901501", "pr": "12", "abs": 346, "label": "A901501 PR12+346"}}, {"type": "Feature", "geometry": {"type": "Point", "coordinates": [2.29839868, 48.9379115]}, "properties": {"route": "A901501", "pr": "2", "abs": 347, "label": "A901501 PR2+347"}}, {"type": "Feature", "geometry": {"type": "Point", "coordinates": [2.29884519, 48.93790152]}, "properties": {"route": "A901501", "pr": "2", "abs": 0, "label": "A901501 PR2"}}, {"type": "Feature", "geometry": {"type": "Point", "coordinates": [2.30095349, 48.93826096]}, "properties": {"route": "A901501", "pr": "10", "abs": 405, "label": "A901501 PR10+405"}}, {"type": "Feature", "geometry": {"type": "Point", "coordinates": [2.29517242, 48.93755264]}, "properties": {"route": "A901501", "pr": "10", "abs": 0, "label": "A901501 PR10"}}, {"type": "Feature", "geometry": {"type": "Point", "coordinates": [2.24497117, 48.93066225]}, "properties": {"route": "A908603", "pr": "5", "abs": 0, "label": "A908603 PR5"}}, {"type": "Feature", "geometry": {"type": "Point", "coordinates": [2.24588208, 48.93147286]}, "properties": {"route": "A908603", "pr": "5", "abs": 95, "label": "A908603 PR5+95"}}, {"type": "Feature", "geometry": {"type": "Point", "coordinates": [2.24576756, 48.93174642]}, "properties": {"route": "A908603", "pr": "3", "abs": 186, "label": "A908603 PR3+186"}}, {"type": "Feature", "geometry": {"type": "Point", "coordinates": [2.2484378, 48.93247005]}, "properties": {"route": "A908603", "pr": "3", "abs": 0, "label": "A908603 PR3"}}, {"type": "Feature", "geometry": {"type": "Point", "coordinates": [2.24095698, 48.92926275]}, "properties": {"route": "A908603", "pr": "4", "abs": 245, "label": "A908603 PR4+245"}}, {"type": "Feature", "geometry": {"type": "Point", "coordinates": [2.24311547, 48.93062446]}, "properties": {"route": "A908603", "pr": "4", "abs": 0, "label": "A908603 PR4"}}, {"type": "Feature", "geometry": {"type": "Point", "coordinates": [2.24349261, 48.93040741]}, "properties": {"route": "A908603", "pr": "1", "abs": 192, "label": "A908603 PR1+192"}}, {"type": "Feature", "geometry": {"type": "Point", "coordinates": [2.24095698, 48.92926275]}, "properties": {"route": "A908603", "pr": "1", "abs": 0, "label": "A908603 PR1"}}, {"type": "Feature", "geometry": {"type": "Point", "coordinates": [2.24490168, 48.93093609]}, "properties": {"route": "A908603", "pr": "2", "abs": 0, "label": "A908603 PR2"}}, {"type": "Feature", "geometry": {"type": "Point", "coordinates": [2.24849342, 48.93239935]}, "properties": {"route": "A908603", "pr": "2", "abs": 304, "label": "A908603 PR2+304"}}, {"type": "Feature", "geometry": {"type": "Point", "coordinates": [2.2793239, 48.93628302]}, "properties": {"route": "A908605", "pr": "6", "abs": 111, "label": "A908605 PR6+111"}}, {"type": "Feature", "geometry": {"type": "Point", "coordinates": [2.28066713, 48.93608245]}, "properties": {"route": "A908605", "pr": "6", "abs": 0, "label": "A908605 PR6"}}, {"type": "Feature", "geometry": {"type": "Point", "coordinates": [2.28114172, 48.93433617]}, "properties": {"route": "A908605", "pr": "2", "abs": 0, "label": "A908605 PR2"}}, {"type": "Feature", "geometry": {"type": "Point", "coordinates": [2.28524153, 48.9353724]}, "properties": {"route": "A908605", "pr": "2", "abs": 280, "label": "A908605 PR2+280"}}, {"type": "Feature", "geometry": {"type": "Point", "coordinates": [2.27977717, 48.93469939]}, "properties": {"route": "A908605", "pr": "7", "abs": 40, "label": "A908605 PR7+40"}}, {"type": "Feature", "geometry": {"type": "Point", "coordinates": [2.28009634, 48.9352103]}, "properties": {"route": "A908605", "pr": "7", "abs": 0, "label": "A908605 PR7"}}, {"type": "Feature", "geometry": {"type": "Point", "coordinates": [2.27812748, 48.93426409]}, "properties": {"route": "A908605", "pr": "1", "abs": 0, "label": "A908605 PR1"}}, {"type": "Feature", "geometry": {"type": "Point", "coordinates": [2.28292136, 48.93207971]}, "properties": {"route": "A908605", "pr": "1", "abs": 456, "label": "A908605 PR1+456"}}, {"type": "Feature", "geometry": {"type": "Point", "coordinates": [2.27972612, 48.9358232]}, "properties": {"route": "A908605", "pr": "3", "abs": 373, "label": "A908605 PR3+373"}}, {"type": "Feature", "geometry": {"type": "Point", "coordinates": [2.28524153, 48.9353724]}, "properties": {"route": "A908605", "pr": "3", "abs": 0, "label": "A908605 PR3"}}, {"type": "Feature", "geometry": {"type": "Point", "coordinates": [2.27549567, 48.93368615]}, "properties": {"route": "A908605", "pr": "4", "abs": 318, "label": "A908605 PR4+318"}}, {"type": "Feature", "geometry": {"type": "Point", "coordinates": [2.28044412, 48.93483649]}, "properties": {"route": "A908605", "pr": "4", "abs": 0, "label": "A908605 PR4"}}, {"type": "Feature", "geometry": {"type": "Point", "coordinates": [2.28144958, 48.93398639]}, "properties": {"route": "A908605", "pr": "5", "abs": 0, "label": "A908605 PR5"}}, {"type": "Feature", "geometry": {"type": "Point", "coordinates": [2.28164411, 48.93442911]}, "properties": {"route": "A908605", "pr": "5", "abs": 42, "label": "A908605 PR5+42"}}, {"type": "Feature", "geometry": {"type": "Point", "coordinates": [2.21357088, 48.90851524]}, "properties": {"route": "A908601", "pr": "3", "abs": 338, "label": "A908601 PR3+338"}}, {"type": "Feature", "geometry": {"type": "Point", "coordinates": [2.21650428, 48.91131606]}, "properties": {"route": "A908601", "pr": "3", "abs": 0, "label": "A908601 PR3"}}, {"type": "Feature", "geometry": {"type": "Point", "coordinates": [2.21348143, 48.90784376]}, "properties": {"route": "A908601", "pr": "2", "abs": 0, "label": "A908601 PR2"}}, {"type": "Feature", "geometry": {"type": "Point", "coordinates": [2.21421098, 48.90904195]}, "properties": {"route": "A908601", "pr": "2", "abs": 167, "label": "A908601 PR2+167"}}, {"type": "Feature", "geometry": {"type": "Point", "coordinates": [2.21203843, 48.90745566]}, "properties": {"route": "A908601", "pr": "4", "abs": 0, "label": "A908601 PR4"}}, {"type": "Feature", "geometry": {"type": "Point", "coordinates": [2.21170284, 48.90664316]}, "properties": {"route": "A908601", "pr": "4", "abs": 44, "label": "A908601 PR4+44"}}, {"type": "Feature", "geometry": {"type": "Point", "coordinates": [2.20957489, 48.90545551]}, "properties": {"route": "A908601", "pr": "1", "abs": 0, "label": "A908601 PR1"}}, {"type": "Feature", "geometry": {"type": "Point", "coordinates": [2.21082242, 48.90649437]}, "properties": {"route": "A908601", "pr": "1", "abs": 124, "label": "A908601 PR1+124"}}, {"type": "Feature", "geometry": {"type": "Point", "coordinates": [2.22296028, 48.91718299]}, "properties": {"route": "A908602", "pr": "1", "abs": 265, "label": "A908602 PR1+265"}}, {"type": "Feature", "geometry": {"type": "Point", "coordinates": [2.21986606, 48.91505219]}, "properties": {"route": "A908602", "pr": "1", "abs": 0, "label": "A908602 PR1"}}, {"type": "Feature", "geometry": {"type": "Point", "coordinates": [2.22587957, 48.92099879]}, "properties": {"route": "A908602", "pr": "4", "abs": 0, "label": "A908602 PR4"}}, {"type": "Feature", "geometry": {"type": "Point", "coordinates": [2.2229953, 48.9190412]}, "properties": {"route": "A908602", "pr": "4", "abs": 280, "label": "A908602 PR4+280"}}, {"type": "Feature", "geometry": {"type": "Point", "coordinates": [2.22264145, 48.91916121]}, "properties": {"route": "A908602", "pr": "6", "abs": 32, "label": "A908602 PR6+32"}}, {"type": "Feature", "geometry": {"type": "Point", "coordinates": [2.22337964, 48.91943849]}, "properties": {"route": "A908602", "pr": "6", "abs": 0, "label": "A908602 PR6"}}, {"type": "Feature", "geometry": {"type": "Point", "coordinates": [2.22364942, 48.91873428]}, "properties": {"route": "A908602", "pr": "2", "abs": 0, "label": "A908602 PR2"}}, {"type": "Feature", "geometry": {"type": "Point", "coordinates": [2.22444834, 48.91860006]}, "properties": {"route": "A908602", "pr": "2", "abs": 248, "label": "A908602 PR2+248"}}, {"type": "Feature", "geometry": {"type": "Point", "coordinates": [2.21986606, 48.91505219]}, "properties": {"route": "A908602", "pr": "5", "abs": 132, "label": "A908602 PR5+132"}}, {"type": "Feature", "geometry": {"type": "Point", "coordinates": [2.22146357, 48.91717058]}, "properties": {"route": "A908602", "pr": "5", "abs": 0, "label": "A908602 PR5"}}, {"type": "Feature", "geometry": {"type": "Point", "coordinates": [2.22529165, 48.91887441]}, "properties": {"route": "A908602", "pr": "3", "abs": 0, "label": "A908602 PR3"}}, {"type": "Feature", "geometry": {"type": "Point", "coordinates": [2.22700633, 48.92222193]}, "properties": {"route": "A908602", "pr": "3", "abs": 359, "label": "A908602 PR3+359"}}, {"type": "Feature", "geometry": {"type": "Point", "coordinates": [2.16595297, 48.88785913]}, "properties": {"route": "A908635", "pr": "5", "abs": 80, "label": "A908635 PR5+80"}}, {"type": "Feature", "geometry": {"type": "Point", "coordinates": [2.16732019, 48.88849729]}, "properties": {"route": "A908635", "pr": "5", "abs": 0, "label": "A908635 PR5"}}, {"type": "Feature", "geometry": {"type": "Point", "coordinates": [2.1653739, 48.88535851]}, "properties": {"route": "A908635", "pr": "1", "abs": 0, "label": "A908635 PR1"}}, {"type": "Feature", "geometry": {"type": "Point", "coordinates": [2.16812216, 48.88729864]}, "properties": {"route": "A908635", "pr": "1", "abs": 392, "label": "A908635 PR1+392"}}, {"type": "Feature", "geometry": {"type": "Point", "coordinates": [2.1647072, 48.88798445]}, "properties": {"route": "A908635", "pr": "6", "abs": 0, "label": "A908635 PR6"}}, {"type": "Feature", "geometry": {"type": "Point", "coordinates": [2.16517326, 48.88604961]}, "properties": {"route": "A908635", "pr": "6", "abs": 255, "label": "A908635 PR6+255"}}, {"type": "Feature", "geometry": {"type": "Point", "coordinates": [2.16789104, 48.88836276]}, "properties": {"route": "A908635", "pr": "3", "abs": 180, "label": "A908635 PR3+180"}}, {"type": "Feature", "geometry": {"type": "Point", "coordinates": [2.16916822, 48.88720967]}, "properties": {"route": "A908635", "pr": "3", "abs": 0, "label": "A908635 PR3"}}, {"type": "Feature", "geometry": {"type": "Point", "coordinates": [2.16832909, 48.88919949]}, "properties": {"route": "A908635", "pr": "4", "abs": 0, "label": "A908635 PR4"}}, {"type": "Feature", "geometry": {"type": "Point", "coordinates": [2.16557766, 48.8878763]}, "properties": {"route": "A908635", "pr": "4", "abs": 262, "label": "A908635 PR4+262"}}, {"type": "Feature", "geometry": {"type": "Point", "coordinates": [2.16735892, 48.88743993]}, "properties": {"route": "A908635", "pr": "2", "abs": 0, "label": "A908635 PR2"}}, {"type": "Feature", "geometry": {"type": "Point", "coordinates": [2.16929381, 48.88959561]}, "properties": {"route": "A908635", "pr": "2", "abs": 520, "label": "A908635 PR2+520"}}, {"type": "Feature", "geometry": {"type": "Point", "coordinates": [2.31459599, 48.7620284]}, "properties": {"route": "A86", "pr": "52", "abs": 11802, "label": "A86 PR52+11802 (D)"}}, {"type": "Feature", "geometry": {"type": "Point", "coordinates": [2.17317957, 48.78101699]}, "properties": {"route": "A86", "pr": "63", "abs": 3848, "label": "A86 PR63+3848 (D)"}}, {"type": "Feature", "geometry": {"type": "Point", "coordinates": [2.17057216, 48.78125886]}, "properties": {"route": "A86", "pr": "63", "abs": 4031, "label": "A86 PR63+4031 (D)"}}, {"type": "Feature", "geometry": {"type": "Point", "coordinates": [2.16666802, 48.78147993]}, "properties": {"route": "A86", "pr": "63", "abs": 4302, "label": "A86 PR63+4302 (G)"}}, {"type": "Feature", "geometry": {"type": "Point", "coordinates": [2.29178755, 48.76053718]}, "properties": {"route": "A86", "pr": "52", "abs": 13547, "label": "A86 PR52+13547 (D)"}}, {"type": "Feature", "geometry": {"type": "Point", "coordinates": [2.22477555, 48.77708973]}, "properties": {"route": "A86", "pr": "59", "abs": 0, "label": "A86 PR59 (D)"}}, {"type": "Feature", "geometry": {"type": "Point", "coordinates": [2.33343346, 48.92733886]}, "properties": {"route": "A86", "pr": "12", "abs": 0, "label": "A86 PR12 (D)"}}, {"type": "Feature", "geometry": {"type": "Point", "coordinates": [2.33134191, 48.92611855]}, "properties": {"route": "A908607", "pr": "3", "abs": 0, "label": "A908607 PR3"}}, {"type": "Feature", "geometry": {"type": "Point", "coordinates": [2.32875336, 48.92947374]}, "properties": {"route": "A908607", "pr": "3", "abs": 637, "label": "A908607 PR3+637"}}, {"type": "Feature", "geometry": {"type": "Point", "coordinates": [2.33421335, 48.9270788]}, "properties": {"route": "A908607", "pr": "1", "abs": 378, "label": "A908607 PR1+378"}}, {"type": "Feature", "geometry": {"type": "Point", "coordinates": [2.33018971, 48.92508512]}, "properties": {"route": "A908607", "pr": "1", "abs": 0, "label": "A908607 PR1"}}, {"type": "Feature", "geometry": {"type": "Point", "coordinates": [2.33229225, 48.92799618]}, "properties": {"route": "A908607", "pr": "2", "abs": 0, "label": "A908607 PR2"}}, {"type": "Feature", "geometry": {"type": "Point", "coordinates": [2.33226069, 48.92769025]}, "properties": {"route": "A908607", "pr": "2", "abs": 275, "label": "A908607 PR2+275"}}, {"type": "Feature", "geometry": {"type": "Point", "coordinates": [2.26095398, 48.93565945]}, "properties": {"route": "A908604", "pr": "4", "abs": 584, "label": "A908604 PR4+584"}}, {"type": "Feature", "geometry": {"type": "Point", "coordinates": [2.26900941, 48.93465398]}, "properties": {"route": "A908604", "pr": "4", "abs": 0, "label": "A908604 PR4"}}, {"type": "Feature", "geometry": {"type": "Point", "coordinates": [2.26626168, 48.93552569]}, "properties": {"route": "A908604", "pr": "5", "abs": 0, "label": "A908604 PR5"}}, {"type": "Feature", "geometry": {"type": "Point", "coordinates": [2.26202181, 48.93592053]}, "properties": {"route": "A908604", "pr": "5", "abs": 266, "label": "A908604 PR5+266"}}, {"type": "Feature", "geometry": {"type": "Point", "coordinates": [2.26504358, 48.93391928]}, "properties": {"route": "A908604", "pr": "3", "abs": 0, "label": "A908604 PR3"}}, {"type": "Feature", "geometry": {"type": "Point", "coordinates": [2.26900941, 48.93465398]}, "properties": {"route": "A908604", "pr": "3", "abs": 280, "label": "A908604 PR3+280"}}, {"type": "Feature", "geometry": {"type": "Point", "coordinates": [2.26417, 48.93575298]}, "properties": {"route": "A908604", "pr": "6", "abs": 0, "label": "A908604 PR6"}}, {"type": "Feature", "geometry": {"type": "Point", "coordinates": [2.26202181, 48.93592053]}, "properties": {"route": "A908604", "pr": "6", "abs": 115, "label": "A908604 PR6+115"}}, {"type": "Feature", "geometry": {"type": "Point", "coordinates": [2.26592405, 48.93497865]}, "properties": {"route": "A908604", "pr": "2", "abs": 306, "label": "A908604 PR2+306"}}, {"type": "Feature", "geometry": {"type": "Point", "coordinates": [2.26592405, 48.93497865]}, "properties": {"route": "A908604", "pr": "2", "abs": 0, "label": "A908604 PR2"}}, {"type": "Feature", "geometry": {"type": "Point", "coordinates": [2.15669497, 48.87063731]}, "properties": {"route": "A908634", "pr": "1", "abs": 374, "label": "A908634 PR1+374"}}, {"type": "Feature", "geometry": {"type": "Point", "coordinates": [2.15835122, 48.86972173]}, "properties": {"route": "A908634", "pr": "1", "abs": 0, "label": "A908634 PR1"}}, {"type": "Feature", "geometry": {"type": "Point", "coordinates": [2.15779904, 48.87039866]}, "properties": {"route": "A908634", "pr": "2", "abs": 226, "label": "A908634 PR2+226"}}, {"type": "Feature", "geometry": {"type": "Point", "coordinates": [2.15851393, 48.87121131]}, "properties": {"route": "A908634", "pr": "2", "abs": 0, "label": "A908634 PR2"}}, {"type": "Feature", "geometry": {"type": "Point", "coordinates": [2.24392152, 48.89009278]}, "properties": {"route": "N1013", "pr": "0", "abs": 0, "label": "N1013 PR0 (D)"}}, {"type": "Feature", "geometry": {"type": "Point", "coordinates": [2.23469801, 48.88841988]}, "properties": {"route": "N1013", "pr": "999", "abs": 702, "label": "N1013 PR999+702 (D)"}}, {"type": "Feature", "geometry": {"type": "Point", "coordinates": [2.19151364, 48.89466168]}, "properties": {"route": "A908636", "pr": "3", "abs": 0, "label": "A908636 PR3"}}, {"type": "Feature", "geometry": {"type": "Point", "coordinates": [2.18802694, 48.89346536]}, "properties": {"route": "A908636", "pr": "3", "abs": 192, "label": "A908636 PR3+192"}}, {"type": "Feature", "geometry": {"type": "Point", "coordinates": [2.18833506, 48.893123]}, "properties": {"route": "A908636", "pr": "2", "abs": 0, "label": "A908636 PR2"}}, {"type": "Feature", "geometry": {"type": "Point", "coordinates": [2.19167768, 48.89446224]}, "properties": {"route": "A908636", "pr": "2", "abs": 250, "label": "A908636 PR2+250"}}, {"type": "Feature", "geometry": {"type": "Point", "coordinates": [2.17277477, 48.89050915]}, "properties": {"route": "A908636", "pr": "1", "abs": 0, "label": "A908636 PR1"}}, {"type": "Feature", "geometry": {"type": "Point", "coordinates": [2.17687245, 48.89132881]}, "properties": {"route": "A908636", "pr": "1", "abs": 269, "label": "A908636 PR1+269"}}, {"type": "Feature", "geometry": {"type": "Point", "coordinates": [2.17152726, 48.89048344]}, "properties": {"route": "A908636", "pr": "4", "abs": 204, "label": "A908636 PR4+204"}}, {"type": "Feature", "geometry": {"type": "Point", "coordinates": [2.17452836, 48.89121735]}, "properties": {"route": "A908636", "pr": "4", "abs": 0, "label": "A908636 PR4"}}, {"type": "Feature", "geometry": {"type": "Point", "coordinates": [2.33389506, 48.75652334]}, "properties": {"route": "N186B", "pr": "50", "abs": 1788, "label": "N186B PR50+1788 (D)"}}, {"type": "Feature", "geometry": {"type": "Point", "coordinates": [2.22204582, 48.77707739]}, "properties": {"route": "N911804", "pr": "2", "abs": 0, "label": "N911804 PR2"}}, {"type": "Feature", "geometry": {"type": "Point", "coordinates": [2.22116347, 48.7772938]}, "properties": {"route": "N911804", "pr": "2", "abs": 243, "label": "N911804 PR2+243"}}, {"type": "Feature", "geometry": {"type": "Point", "coordinates": [2.22258262, 48.77575692]}, "properties": {"route": "N911804", "pr": "5", "abs": 433, "label": "N911804 PR5+433"}}, {"type": "Feature", "geometry": {"type": "Point", "coordinates": [2.22255428, 48.77720302]}, "properties": {"route": "N911804", "pr": "5", "abs": 0, "label": "N911804 PR5"}}, {"type": "Feature", "geometry": {"type": "Point", "coordinates": [2.22257278, 48.77806209]}, "properties": {"route": "N911804", "pr": "6", "abs": 0, "label": "N911804 PR6"}}, {"type": "Feature", "geometry": {"type": "Point", "coordinates": [2.22261303, 48.77764412]}, "properties": {"route": "N911804", "pr": "6", "abs": 220, "label": "N911804 PR6+220"}}, {"type": "Feature", "geometry": {"type": "Point", "coordinates": [2.22902679, 48.77286115]}, "properties": {"route": "N911804", "pr": "11", "abs": 265, "label": "N911804 PR11+265"}}, {"type": "Feature", "geometry": {"type": "Point", "coordinates": [2.21630146, 48.77808138]}, "properties": {"route": "N911804", "pr": "3", "abs": 0, "label": "N911804 PR3"}}, {"type": "Feature", "geometry": {"type": "Point", "coordinates": [2.22376621, 48.77678637]}, "properties": {"route": "N911804", "pr": "3", "abs": 495, "label": "N911804 PR3+495"}}, {"type": "Feature", "geometry": {"type": "Point", "coordinates": [2.21475975, 48.77806856]}, "properties": {"route": "N911804", "pr": "8", "abs": 968, "label": "N911804 PR8+968"}}, {"type": "Feature", "geometry": {"type": "Point", "coordinates": [2.2271036, 48.77702567]}, "properties": {"route": "N911804", "pr": "8", "abs": 0, "label": "N911804 PR8"}}, {"type": "Feature", "geometry": {"type": "Point", "coordinates": [2.22141007, 48.77773073]}, "properties": {"route": "N911804", "pr": "1", "abs": 0, "label": "N911804 PR1"}}, {"type": "Feature", "geometry": {"type": "Point", "coordinates": [2.22257278, 48.77806209]}, "properties": {"route": "N911804", "pr": "1", "abs": 306, "label": "N911804 PR1+306"}}, {"type": "Feature", "geometry": {"type": "Point", "coordinates": [2.22313991, 48.78192612]}, "properties": {"route": "N911804", "pr": "4", "abs": 824, "label": "N911804 PR4+824"}}, {"type": "Feature", "geometry": {"type": "Point", "coordinates": [2.22258262, 48.77575692]}, "properties": {"route": "N911804", "pr": "4", "abs": 0, "label": "N911804 PR4"}}, {"type": "Feature", "geometry": {"type": "Point", "coordinates": [2.22261303, 48.77764412]}, "properties": {"route": "N911804", "pr": "7", "abs": 313, "label": "N911804 PR7+313"}}, {"type": "Feature", "geometry": {"type": "Point", "coordinates": [2.2271036, 48.77702567]}, "properties": {"route": "N911804", "pr": "7", "abs": 0, "label": "N911804 PR7"}}, {"type": "Feature", "geometry": {"type": "Point", "coordinates": [2.22376621, 48.77678637]}, "properties": {"route": "N911804", "pr": "9", "abs": 0, "label": "N911804 PR9"}}, {"type": "Feature", "geometry": {"type": "Point", "coordinates": [2.22902679, 48.77286115]}, "properties": {"route": "N911804", "pr": "9", "abs": 620, "label": "N911804 PR9+620"}}, {"type": "Feature", "geometry": {"type": "Point", "coordinates": [2.32244428, 48.93152369]}, "properties": {"route": "A908606", "pr": "2", "abs": 302, "label": "A908606 PR2+302"}}, {"type": "Feature", "geometry": {"type": "Point", "coordinates": [2.32026062, 48.93401765]}, "properties": {"route": "A908606", "pr": "2", "abs": 0, "label": "A908606 PR2"}}, {"type": "Feature", "geometry": {"type": "Point", "coordinates": [2.3170521, 48.93720178]}, "properties": {"route": "A908606", "pr": "1", "abs": 0, "label": "A908606 PR1"}}, {"type": "Feature", "geometry": {"type": "Point", "coordinates": [2.31965755, 48.93472917]}, "properties": {"route": "A908606", "pr": "1", "abs": 297, "label": "A908606 PR1+297"}}, {"type": "Feature", "geometry": {"type": "Point", "coordinates": [2.3170521, 48.93720178]}, "properties": {"route": "A908606", "pr": "4", "abs": 361, "label": "A908606 PR4+361"}}, {"type": "Feature", "geometry": {"type": "Point", "coordinates": [2.32068944, 48.93483664]}, "properties": {"route": "A908606", "pr": "4", "abs": 0, "label": "A908606 PR4"}}, {"type": "Feature", "geometry": {"type": "Point", "coordinates": [2.32283875, 48.93173276]}, "properties": {"route": "A908606", "pr": "3", "abs": 0, "label": "A908606 PR3"}}, {"type": "Feature", "geometry": {"type": "Point", "coordinates": [2.32121768, 48.9340006]}, "properties": {"route": "A908606", "pr": "3", "abs": 320, "label": "A908606 PR3+320"}}, {"type": "Feature", "geometry": {"type": "Point", "coordinates": [2.22269309, 48.78451175]}, "properties": {"route": "N911803", "pr": "1", "abs": 383, "label": "N911803 PR1+383"}}, {"type": "Feature", "geometry": {"type": "Point", "coordinates": [2.22180907, 48.78811717]}, "properties": {"route": "N911803", "pr": "1", "abs": 0, "label": "N911803 PR1"}}, {"type": "Feature", "geometry": {"type": "Point", "coordinates": [2.2240829, 48.7849588]}, "properties": {"route": "N911803", "pr": "4", "abs": 0, "label": "N911803 PR4"}}, {"type": "Feature", "geometry": {"type": "Point", "coordinates": [2.2224872, 48.7860898]}, "properties": {"route": "N911803", "pr": "4", "abs": 196, "label": "N911803 PR4+196"}}, {"type": "Feature", "geometry": {"type": "Point", "coordinates": [2.22308077, 48.78635539]}, "properties": {"route": "N911803", "pr": "3", "abs": 389, "label": "N911803 PR3+389"}}, {"type": "Feature", "geometry": {"type": "Point", "coordinates": [2.22323915, 48.78321384]}, "properties": {"route": "N911803", "pr": "3", "abs": 0, "label": "N911803 PR3"}}, {"type": "Feature", "geometry": {"type": "Point", "coordinates": [2.21997075, 48.78479891]}, "properties": {"route": "N911803", "pr": "2", "abs": 0, "label": "N911803 PR2"}}, {"type": "Feature", "geometry": {"type": "Point", "coordinates": [2.22299215, 48.78316636]}, "properties": {"route": "N911803", "pr": "2", "abs": 302, "label": "N911803 PR2+302"}}, {"type": "Feature", "geometry": {"type": "Point", "coordinates": [2.22341681, 48.75454103]}, "properties": {"route": "N118", "pr": "2", "abs": 1956, "label": "N118 PR2+1956 (D)"}}, {"type": "Feature", "geometry": {"type": "Point", "coordinates": [2.21386199, 48.81300041]}, "properties": {"route": "N118", "pr": "2", "abs": 2008, "label": "N118 PR2+2008 (D)"}}, {"type": "Feature", "geometry": {"type": "Point", "coordinates": [2.21470372, 48.74887328]}, "properties": {"route": "N118", "pr": "3", "abs": 3012, "label": "N118 PR3+3012 (D)"}}, {"type": "Feature", "geometry": {"type": "Point", "coordinates": [2.2136739, 48.80434061]}, "properties": {"route": "N118", "pr": "3", "abs": 3002, "label": "N118 PR3+3002 (D)"}}, {"type": "Feature", "geometry": {"type": "Point", "coordinates": [2.1914784, 48.7447139]}, "properties": {"route": "N118", "pr": "5", "abs": 4942, "label": "N118 PR5+4942 (D)"}}, {"type": "Feature", "geometry": {"type": "Point", "coordinates": [2.22220609, 48.78732467]}, "properties": {"route": "N118", "pr": "5", "abs": 5027, "label": "N118 PR5+5027 (D)"}}, {"type": "Feature", "geometry": {"type": "Point", "coordinates": [2.21768185, 48.79557247]}, "properties": {"route": "N118", "pr": "4", "abs": 4039, "label": "N118 PR4+4039 (D)"}}, {"type": "Feature", "geometry": {"type": "Point", "coordinates": [2.19977407, 48.74892077]}, "properties": {"route": "N118", "pr": "4", "abs": 4171, "label": "N118 PR4+4171 (D)"}}, {"type": "Feature", "geometry": {"type": "Point", "coordinates": [2.22826823, 48.76268814]}, "properties": {"route": "N118", "pr": "1", "abs": 954, "label": "N118 PR1+954 (D)"}}, {"type": "Feature", "geometry": {"type": "Point", "coordinates": [2.21927229, 48.82119878]}, "properties": {"route": "N118", "pr": "1", "abs": 997, "label": "N118 PR1+997 (D)"}}, {"type": "Feature", "geometry": {"type": "Point", "coordinates": [2.18089476, 48.73950044]}, "properties": {"route": "N118", "pr": "6", "abs": 5914, "label": "N118 PR6+5914 (D)"}}, {"type": "Feature", "geometry": {"type": "Point", "coordinates": [2.22235176, 48.77855624]}, "properties": {"route": "N118", "pr": "6", "abs": 829, "label": "N118 PR6+829 (D)"}}, {"type": "Feature", "geometry": {"type": "Point", "coordinates": [2.22270586, 48.78593922]}, "properties": {"route": "N118", "pr": "5", "abs": 0, "label": "N118 PR5 (D)"}}, {"type": "Feature", "geometry": {"type": "Point", "coordinates": [2.22500072, 48.82781329]}, "properties": {"route": "N118", "pr": "0", "abs": 0, "label": "N118 PR0 (D)"}}, {"type": "Feature", "geometry": {"type": "Point", "coordinates": [2.2727566, 48.88092909]}, "properties": {"route": "N13", "pr": "7", "abs": 533, "label": "N13 PR7+533 (D)"}}, {"type": "Feature", "geometry": {"type": "Point", "coordinates": [2.26046445, 48.88482886]}, "properties": {"route": "N13", "pr": "8", "abs": 1533, "label": "N13 PR8+1533 (D)"}}, {"type": "Feature", "geometry": {"type": "Point", "coordinates": [2.25191398, 48.88759337]}, "properties": {"route": "N13", "pr": "8", "abs": 2175, "label": "N13 PR8+2175 (D)"}}, {"type": "Feature", "geometry": {"type": "Point", "coordinates": [2.27946104, 48.87878153]}, "properties": {"route": "N13", "pr": "0", "abs": 0, "label": "N13 PR0 (D)"}}, {"type": "Feature", "geometry": {"type": "Point", "coordinates": [2.25175945, 48.88743322]}, "properties": {"route": "N13", "pr": "8", "abs": 2136, "label": "N13 PR8+2136 (G)"}}, {"type": "Feature", "geometry": {"type": "Point", "coordinates": [2.24641829, 48.84799728]}, "properties": {"route": "A901301", "pr": "1", "abs": 410, "label": "A901301 PR1+410"}}, {"type": "Feature", "geometry": {"type": "Point", "coordinates": [2.2420469, 48.84826286]}, "properties": {"route": "A901301", "pr": "1", "abs": 0, "label": "A901301 PR1"}}, {"type": "Feature", "geometry": {"type": "Point", "coordinates": [2.20579174, 48.83920839]}, "properties": {"route": "A901304", "pr": "1", "abs": 323, "label": "A901304 PR1+323"}}, {"type": "Feature", "geometry": {"type": "Point", "coordinates": [2.20077736, 48.8395887]}, "properties": {"route": "A901304", "pr": "1", "abs": 0, "label": "A901304 PR1"}}, {"type": "Feature", "geometry": {"type": "Point", "coordinates": [2.22500016, 48.82830975]}, "properties": {"route": "N911801", "pr": "2", "abs": 555, "label": "N911801 PR2+555"}}, {"type": "Feature", "geometry": {"type": "Point", "coordinates": [2.22288747, 48.82610962]}, "properties": {"route": "N911801", "pr": "2", "abs": 0, "label": "N911801 PR2"}}, {"type": "Feature", "geometry": {"type": "Point", "coordinates": [2.22345223, 48.82623651]}, "properties": {"route": "N911801", "pr": "3", "abs": 0, "label": "N911801 PR3"}}, {"type": "Feature", "geometry": {"type": "Point", "coordinates": [2.22607487, 48.82638752]}, "properties": {"route": "N911801", "pr": "3", "abs": 235, "label": "N911801 PR3+235"}}, {"type": "Feature", "geometry": {"type": "Point", "coordinates": [2.22288747, 48.82610962]}, "properties": {"route": "N911801", "pr": "1", "abs": 300, "label": "N911801 PR1+300"}}, {"type": "Feature", "geometry": {"type": "Point", "coordinates": [2.22448933, 48.82849261]}, "properties": {"route": "N911801", "pr": "1", "abs": 0, "label": "N911801 PR1"}}, {"type": "Feature", "geometry": {"type": "Point", "coordinates": [2.29758236, 48.76119021]}, "properties": {"route": "A908627", "pr": "2", "abs": 620, "label": "A908627 PR2+620"}}, {"type": "Feature", "geometry": {"type": "Point", "coordinates": [2.29003376, 48.76025154]}, "properties": {"route": "A908627", "pr": "2", "abs": 0, "label": "A908627 PR2"}}, {"type": "Feature", "geometry": {"type": "Point", "coordinates": [2.29988043, 48.76208335]}, "properties": {"route": "A908627", "pr": "1", "abs": 0, "label": "A908627 PR1"}}, {"type": "Feature", "geometry": {"type": "Point", "coordinates": [2.29622476, 48.76128206]}, "properties": {"route": "A908627", "pr": "1", "abs": 485, "label": "A908627 PR1+485"}}, {"type": "Feature", "geometry": {"type": "Point", "coordinates": [2.22998165, 48.84842235]}, "properties": {"route": "A901302", "pr": "1", "abs": 0, "label": "A901302 PR1"}}, {"type": "Feature", "geometry": {"type": "Point", "coordinates": [2.22732344, 48.84866513]}, "properties": {"route": "A901302", "pr": "1", "abs": 505, "label": "A901302 PR1+505"}}, {"type": "Feature", "geometry": {"type": "Point", "coordinates": [2.19591315, 48.90494459]}, "properties": {"route": "A14", "pr": "5", "abs": 3190, "label": "A14 PR5+3190 (D)"}}, {"type": "Feature", "geometry": {"type": "Point", "coordinates": [2.19578214, 48.90485918]}, "properties": {"route": "A14", "pr": "5", "abs": 3190, "label": "A14 PR5+3190 (G)"}}, {"type": "Feature", "geometry": {"type": "Point", "coordinates": [2.25510763, 48.85462695]}, "properties": {"route": "C01", "pr": "13", "abs": 13000, "label": "C01 PR13+13000 (D)"}}, {"type": "Feature", "geometry": {"type": "Point", "coordinates": [2.26415507, 48.86115022]}, "properties": {"route": "C01", "pr": "14", "abs": 14000, "label": "C01 PR14+14000 (D)"}}, {"type": "Feature", "geometry": {"type": "Point", "coordinates": [2.32933698, 48.81929002]}, "properties": {"route": "C01", "pr": "5", "abs": 5000, "label": "C01 PR5+5000 (D)"}}, {"type": "Feature", "geometry": {"type": "Point", "coordinates": [2.31644723, 48.82210675]}, "properties": {"route": "C01", "pr": "6", "abs": 6000, "label": "C01 PR6+6000 (D)"}}, {"type": "Feature", "geometry": {"type": "Point", "coordinates": [2.30359842, 48.82501676]}, "properties": {"route": "C01", "pr": "7", "abs": 7000, "label": "C01 PR7+7000 (D)"}}, {"type": "Feature", "geometry": {"type": "Point", "coordinates": [2.29085227, 48.82808339]}, "properties": {"route": "C01", "pr": "8", "abs": 8000, "label": "C01 PR8+8000 (D)"}}, {"type": "Feature", "geometry": {"type": "Point", "coordinates": [2.27944738, 48.83295551]}, "properties": {"route": "C01", "pr": "9", "abs": 9000, "label": "C01 PR9+9000 (D)"}}, {"type": "Feature", "geometry": {"type": "Point", "coordinates": [2.26682334, 48.83494467]}, "properties": {"route": "C01", "pr": "10", "abs": 10000, "label": "C01 PR10+10000 (D)"}}, {"type": "Feature", "geometry": {"type": "Point", "coordinates": [2.25483619, 48.83787001]}, "properties": {"route": "C01", "pr": "11", "abs": 11000, "label": "C01 PR11+11000 (D)"}}, {"type": "Feature", "geometry": {"type": "Point", "coordinates": [2.25484625, 48.84669651]}, "properties": {"route": "C01", "pr": "12", "abs": 12000, "label": "C01 PR12+12000 (D)"}}, {"type": "Feature", "geometry": {"type": "Point", "coordinates": [2.27072497, 48.86894465]}, "properties": {"route": "C01", "pr": "15", "abs": 15000, "label": "C01 PR15+15000 (D)"}}, {"type": "Feature", "geometry": {"type": "Point", "coordinates": [2.27842666, 48.87628233]}, "properties": {"route": "C01", "pr": "16", "abs": 16000, "label": "C01 PR16+16000 (D)"}}, {"type": "Feature", "geometry": {"type": "Point", "coordinates": [2.28085165, 48.87830065]}, "properties": {"route": "C01", "pr": "16", "abs": 16290, "label": "C01 PR16+16290 (D)"}}, {"type": "Feature", "geometry": {"type": "Point", "coordinates": [2.28522965, 48.88388118]}, "properties": {"route": "C01", "pr": "17", "abs": 17000, "label": "C01 PR17+17000 (D)"}}, {"type": "Feature", "geometry": {"type": "Point", "coordinates": [2.29601008, 48.88917197]}, "properties": {"route": "C01", "pr": "18", "abs": 18000, "label": "C01 PR18+18000 (D)"}}, {"type": "Feature", "geometry": {"type": "Point", "coordinates": [2.30638528, 48.89494505]}, "properties": {"route": "C01", "pr": "19", "abs": 19000, "label": "C01 PR19+19000 (D)"}}, {"type": "Feature", "geometry": {"type": "Point", "coordinates": [2.3182916, 48.89928339]}, "properties": {"route": "C01", "pr": "20", "abs": 20000, "label": "C01 PR20+20000 (D)"}}, {"type": "Feature", "geometry": {"type": "Point", "coordinates": [2.33157232, 48.90064068]}, "properties": {"route": "C01", "pr": "21", "abs": 21000, "label": "C01 PR21+21000 (D)"}}, {"type": "Feature", "geometry": {"type": "Point", "coordinates": [2.32918035, 48.81918392]}, "properties": {"route": "C02", "pr": "5", "abs": 5000, "label": "C02 PR5+5000 (G)"}}, {"type": "Feature", "geometry": {"type": "Point", "coordinates": [2.31625631, 48.82202112]}, "properties": {"route": "C02", "pr": "6", "abs": 6000, "label": "C02 PR6+6000 (G)"}}, {"type": "Feature", "geometry": {"type": "Point", "coordinates": [2.30336931, 48.82493538]}, "properties": {"route": "C02", "pr": "7", "abs": 7000, "label": "C02 PR7+7000 (G)"}}, {"type": "Feature", "geometry": {"type": "Point", "coordinates": [2.29061297, 48.8280505]}, "properties": {"route": "C02", "pr": "8", "abs": 8000, "label": "C02 PR8+8000 (G)"}}, {"type": "Feature", "geometry": {"type": "Point", "coordinates": [2.27915905, 48.8329205]}, "properties": {"route": "C02", "pr": "9", "abs": 9000, "label": "C02 PR9+9000 (G)"}}, {"type": "Feature", "geometry": {"type": "Point", "coordinates": [2.2668436, 48.83476402]}, "properties": {"route": "C02", "pr": "10", "abs": 10000, "label": "C02 PR10+10000 (G)"}}, {"type": "Feature", "geometry": {"type": "Point", "coordinates": [2.25456081, 48.83788089]}, "properties": {"route": "C02", "pr": "11", "abs": 11000, "label": "C02 PR11+11000 (G)"}}, {"type": "Feature", "geometry": {"type": "Point", "coordinates": [2.25452836, 48.84672331]}, "properties": {"route": "C02", "pr": "12", "abs": 12000, "label": "C02 PR12+12000 (G)"}}, {"type": "Feature", "geometry": {"type": "Point", "coordinates": [2.25476984, 48.85470759]}, "properties": {"route": "C02", "pr": "13", "abs": 13000, "label": "C02 PR13+13000 (G)"}}, {"type": "Feature", "geometry": {"type": "Point", "coordinates": [2.26381466, 48.86122187]}, "properties": {"route": "C02", "pr": "14", "abs": 14000, "label": "C02 PR14+14000 (G)"}}, {"type": "Feature", "geometry": {"type": "Point", "coordinates": [2.270476, 48.86900609]}, "properties": {"route": "C02", "pr": "15", "abs": 15000, "label": "C02 PR15+15000 (G)"}}, {"type": "Feature", "geometry": {"type": "Point", "coordinates": [2.27817336, 48.87635904]}, "properties": {"route": "C02", "pr": "16", "abs": 16000, "label": "C02 PR16+16000 (G)"}}, {"type": "Feature", "geometry": {"type": "Point", "coordinates": [2.28063249, 48.87837308]}, "properties": {"route": "C02", "pr": "16", "abs": 16290, "label": "C02 PR16+16290 (G)"}}, {"type": "Feature", "geometry": {"type": "Point", "coordinates": [2.28497589, 48.88398939]}, "properties": {"route": "C02", "pr": "17", "abs": 17000, "label": "C02 PR17+17000 (G)"}}, {"type": "Feature", "geometry": {"type": "Point", "coordinates": [2.29581084, 48.88928232]}, "properties": {"route": "C02", "pr": "18", "abs": 18000, "label": "C02 PR18+18000 (G)"}}, {"type": "Feature", "geometry": {"type": "Point", "coordinates": [2.30622541, 48.89506913]}, "properties": {"route": "C02", "pr": "19", "abs": 19000, "label": "C02 PR19+19000 (G)"}}, {"type": "Feature", "geometry": {"type": "Point", "coordinates": [2.31817649, 48.89942753]}, "properties": {"route": "C02", "pr": "20", "abs": 20000, "label": "C02 PR20+20000 (G)"}}, {"type": "Feature", "geometry": {"type": "Point", "coordinates": [2.33150485, 48.90079589]}, "properties": {"route": "C02", "pr": "21", "abs": 21000, "label": "C02 PR21+21000 (G)"}}, {"type": "Feature", "geometry": {"type": "Point", "coordinates": [2.3140132, 48.73401106]}, "properties": {"route": "A6B", "pr": "999", "abs": 1610, "label": "A6B PR999+1610 (G)"}}, {"type": "Feature", "geometry": {"type": "Point", "coordinates": [2.23469792, 48.88814738]}, "properties": {"route": "N1013", "pr": "999", "abs": 763, "label": "N1013 PR999+763 (G)"}}, {"type": "Feature", "geometry": {"type": "Point", "coordinates": [2.16669344, 48.78159254]}, "properties": {"route": "N12", "pr": "18", "abs": 0, "label": "N12 PR18 (G)"}}, {"type": "Feature", "geometry": {"type": "Point", "coordinates": [2.15175293, 48.78641269]}, "properties": {"route": "N12", "pr": "19", "abs": 1338, "label": "N12 PR19+1338 (G)"}}, {"type": "Feature", "geometry": {"type": "Point", "coordinates": [2.31440194, 48.76199041]}, "properties": {"route": "A86", "pr": "52", "abs": 11828, "label": "A86 PR52+11828 (G)"}}, {"type": "Feature", "geometry": {"type": "Point", "coordinates": [2.17315204, 48.7808648]}, "properties": {"route": "A86", "pr": "63", "abs": 3847, "label": "A86 PR63+3847 (G)"}}, {"type": "Feature", "geometry": {"type": "Point", "coordinates": [2.15394215, 48.85361443]}, "properties": {"route": "A86", "pr": "72", "abs": 2410, "label": "A86 PR72+2410 (G)"}}, {"type": "Feature", "geometry": {"type": "Point", "coordinates": [2.33356273, 48.92747537]}, "properties": {"route": "A86", "pr": "11", "abs": 0, "label": "A86 PR11 (G)"}}, {"type": "Feature", "geometry": {"type": "Point", "coordinates": [2.14694709, 48.833513]}, "properties": {"route": "A86", "pr": "70", "abs": 4575, "label": "A86 PR70+4575 (G)"}}, {"type": "Feature", "geometry": {"type": "Point", "coordinates": [2.14752413, 48.8314674]}, "properties": {"route": "A13", "pr": "9", "abs": 0, "label": "A13 PR9 (G)"}}, {"type": "Feature", "geometry": {"type": "Point", "coordinates": [2.25235325, 48.85120568]}, "properties": {"route": "A13", "pr": "0", "abs": 0, "label": "A13 PR0 (G)"}}, {"type": "Feature", "geometry": {"type": "Point", "coordinates": [2.24163951, 48.84825848]}, "properties": {"route": "A13", "pr": "1", "abs": 0, "label": "A13 PR1 (G)"}}, {"type": "Feature", "geometry": {"type": "Point", "coordinates": [2.23008255, 48.76872337]}, "properties": {"route": "N306", "pr": "999", "abs": 632, "label": "N306 PR999+632 (G)"}}, {"type": "Feature", "geometry": {"type": "Point", "coordinates": [2.32571427, 48.74608174]}, "properties": {"route": "A6B", "pr": "0", "abs": 0, "label": "A6B PR0 (G)"}}, {"type": "Feature", "geometry": {"type": "Point", "coordinates": [2.28051961, 48.94970936]}, "properties": {"route": "A15", "pr": "6", "abs": 0, "label": "A15 PR6 (D)"}}, {"type": "Feature", "geometry": {"type": "Point", "coordinates": [2.28021556, 48.94967786]}, "properties": {"route": "A15", "pr": "6", "abs": 0, "label": "A15 PR6 (G)"}}, {"type": "Feature", "geometry": {"type": "Point", "coordinates": [2.19454318, 48.90566924]}, "properties": {"route": "A14", "pr": "5", "abs": 0, "label": "A14 PR5 (G)"}}, {"type": "Feature", "geometry": {"type": "Point", "coordinates": [2.21399583, 48.81297521]}, "properties": {"route": "N118", "pr": "2", "abs": 1995, "label": "N118 PR2+1995 (G)"}}, {"type": "Feature", "geometry": {"type": "Point", "coordinates": [2.2235532, 48.75451673]}, "properties": {"route": "N118", "pr": "2", "abs": 1971, "label": "N118 PR2+1971 (G)"}}, {"type": "Feature", "geometry": {"type": "Point", "coordinates": [2.21380008, 48.80437022]}, "properties": {"route": "N118", "pr": "3", "abs": 2980, "label": "N118 PR3+2980 (G)"}}, {"type": "Feature", "geometry": {"type": "Point", "coordinates": [2.21465725, 48.74879742]}, "properties": {"route": "N118", "pr": "3", "abs": 3044, "label": "N118 PR3+3044 (G)"}}, {"type": "Feature", "geometry": {"type": "Point", "coordinates": [2.22286644, 48.78594116]}, "properties": {"route": "N118", "pr": "5", "abs": 0, "label": "N118 PR5 (G)"}}, {"type": "Feature", "geometry": {"type": "Point", "coordinates": [2.22237398, 48.78729338]}, "properties": {"route": "N118", "pr": "5", "abs": 5008, "label": "N118 PR5+5008 (G)"}}, {"type": "Feature", "geometry": {"type": "Point", "coordinates": [2.19030536, 48.74388115]}, "properties": {"route": "N118", "pr": "5", "abs": 5308, "label": "N118 PR5+5308 (G)"}}, {"type": "Feature", "geometry": {"type": "Point", "coordinates": [2.19999878, 48.74881344]}, "properties": {"route": "N118", "pr": "4", "abs": 4176, "label": "N118 PR4+4176 (G)"}}, {"type": "Feature", "geometry": {"type": "Point", "coordinates": [2.21780124, 48.79560024]}, "properties": {"route": "N118", "pr": "4", "abs": 4018, "label": "N118 PR4+4018 (G)"}}, {"type": "Feature", "geometry": {"type": "Point", "coordinates": [2.21936195, 48.82112382]}, "properties": {"route": "N118", "pr": "1", "abs": 998, "label": "N118 PR1+998 (G)"}}, {"type": "Feature", "geometry": {"type": "Point", "coordinates": [2.22837141, 48.76261056]}, "properties": {"route": "N118", "pr": "1", "abs": 973, "label": "N118 PR1+973 (G)"}}, {"type": "Feature", "geometry": {"type": "Point", "coordinates": [2.222536, 48.77852146]}, "properties": {"route": "N118", "pr": "6", "abs": 835, "label": "N118 PR6+835 (G)"}}, {"type": "Feature", "geometry": {"type": "Point", "coordinates": [2.17913497, 48.73838022]}, "properties": {"route": "N118", "pr": "6", "abs": 6335, "label": "N118 PR6+6335 (G)"}}, {"type": "Feature", "geometry": {"type": "Point", "coordinates": [2.24534847, 48.88931307]}, "properties": {"route": "N1013", "pr": "0", "abs": 0, "label": "N1013 PR0 (G)"}}, {"type": "Feature", "geometry": {"type": "Point", "coordinates": [2.22500072, 48.82781329]}, "properties": {"route": "N118", "pr": "0", "abs": 0, "label": "N118 PR0 (G)"}}, {"type": "Feature", "geometry": {"type": "Point", "coordinates": [2.29182464, 48.76041058]}, "properties": {"route": "A86", "pr": "52", "abs": 13573, "label": "A86 PR52+13573 (G)"}}, {"type": "Feature", "geometry": {"type": "Point", "coordinates": [2.22484589, 48.77693549]}, "properties": {"route": "A86", "pr": "59", "abs": 0, "label": "A86 PR59 (G)"}}, {"type": "Feature", "geometry": {"type": "Point", "coordinates": [2.32199453, 48.74252046]}, "properties": {"route": "A10", "pr": "0", "abs": 0, "label": "A10 PR0 (G)"}}, {"type": "Feature", "geometry": {"type": "Point", "coordinates": [2.33356048, 48.75609245]}, "properties": {"route": "N186B", "pr": "50", "abs": 1423, "label": "N186B PR50+1423 (G)"}}, {"type": "Feature", "geometry": {"type": "Point", "coordinates": [2.22105036, 48.92298824]}, "properties": {"route": "D311", "pr": "DS", "abs": null, "label": "D311 PRDS (G)"}}, {"type": "Feature", "geometry": {"type": "Point", "coordinates": [2.15602056, 48.9228608]}, "properties": {"route": "D1021", "pr": "DS", "abs": null, "label": "D1021 PRDS"}}, {"type": "Feature", "geometry": {"type": "Point", "coordinates": [2.24616017, 48.93790279]}, "properties": {"route": "D48", "pr": "0", "abs": 0, "label": "D48 PR0"}}, {"type": "Feature", "geometry": {"type": "Point", "coordinates": [2.23956162, 48.94526318]}, "properties": {"route": "D48", "pr": "1", "abs": 983, "label": "D48 PR1+983"}}, {"type": "Feature", "geometry": {"type": "Point", "coordinates": [2.20673658, 48.94265024]}, "properties": {"route": "D392", "pr": "3", "abs": 2730, "label": "D392 PR3+2730"}}, {"type": "Feature", "geometry": {"type": "Point", "coordinates": [2.20950086, 48.93386526]}, "properties": {"route": "D392", "pr": "2", "abs": 1708, "label": "D392 PR2+1708"}}, {"type": "Feature", "geometry": {"type": "Point", "coordinates": [2.2175915, 48.92249267]}, "properties": {"route": "D308", "pr": "0", "abs": 0, "label": "D308 PR0 (G)"}}, {"type": "Feature", "geometry": {"type": "Point", "coordinates": [2.20772043, 48.92359062]}, "properties": {"route": "D308", "pr": "0", "abs": 772, "label": "D308 PR0+772 (G)"}}, {"type": "Feature", "geometry": {"type": "Point", "coordinates": [2.25810701, 48.94969686]}, "properties": {"route": "D41", "pr": "3", "abs": 3242, "label": "D41 PR3+3242"}}, {"type": "Feature", "geometry": {"type": "Point", "coordinates": [2.21727081, 48.92122165]}, "properties": {"route": "D311", "pr": "0", "abs": 0, "label": "D311 PR0 (G)"}}, {"type": "Feature", "geometry": {"type": "Point", "coordinates": [2.2604055, 48.9443783]}, "properties": {"route": "D311", "pr": "5", "abs": 4131, "label": "D311 PR5+4131 (G)"}}, {"type": "Feature", "geometry": {"type": "Point", "coordinates": [2.24976679, 48.93893802]}, "properties": {"route": "D311", "pr": "4", "abs": 3143, "label": "D311 PR4+3143 (G)"}}, {"type": "Feature", "geometry": {"type": "Point", "coordinates": [2.27240345, 48.94856146]}, "properties": {"route": "D311", "pr": "6", "abs": 5128, "label": "D311 PR6+5128 (G)"}}, {"type": "Feature", "geometry": {"type": "Point", "coordinates": [2.22901552, 48.9275372]}, "properties": {"route": "D311", "pr": "2", "abs": 1158, "label": "D311 PR2+1158 (G)"}}, {"type": "Feature", "geometry": {"type": "Point", "coordinates": [2.23965599, 48.93301808]}, "properties": {"route": "D311", "pr": "3", "abs": 2149, "label": "D311 PR3+2149 (G)"}}, {"type": "Feature", "geometry": {"type": "Point", "coordinates": [2.25527916, 48.94007673]}, "properties": {"route": "D909", "pr": "0", "abs": 0, "label": "D909 PR0"}}, {"type": "Feature", "geometry": {"type": "Point", "coordinates": [2.2536871, 48.95065954]}, "properties": {"route": "D909", "pr": "2", "abs": 1380, "label": "D909 PR2+1380"}}, {"type": "Feature", "geometry": {"type": "Point", "coordinates": [2.25492115, 48.94295943]}, "properties": {"route": "D909", "pr": "1", "abs": 441, "label": "D909 PR1+441"}}, {"type": "Feature", "geometry": {"type": "Point", "coordinates": [2.22032648, 48.92056888]}, "properties": {"route": "D392", "pr": "0", "abs": 0, "label": "D392 PR0 (G)"}}, {"type": "Feature", "geometry": {"type": "Point", "coordinates": [2.21525158, 48.92779768]}, "properties": {"route": "D392", "pr": "1", "abs": 922, "label": "D392 PR1+922 (G)"}}, {"type": "Feature", "geometry": {"type": "Point", "coordinates": [2.21498242, 48.92817902]}, "properties": {"route": "D392", "pr": "1", "abs": 970, "label": "D392 PR1+970 (G)"}}, {"type": "Feature", "geometry": {"type": "Point", "coordinates": [2.25305125, 48.94216901]}, "properties": {"route": "D122", "pr": "0", "abs": 0, "label": "D122 PR0"}}, {"type": "Feature", "geometry": {"type": "Point", "coordinates": [2.24530831, 48.94872668]}, "properties": {"route": "D122", "pr": "1", "abs": 1009, "label": "D122 PR1+1009"}}, {"type": "Feature", "geometry": {"type": "Point", "coordinates": [2.22560541, 48.93382742]}, "properties": {"route": "D41", "pr": "0", "abs": 0, "label": "D41 PR0 (G)"}}, {"type": "Feature", "geometry": {"type": "Point", "coordinates": [2.23809679, 48.94693375]}, "properties": {"route": "D41", "pr": "2", "abs": 1899, "label": "D41 PR2+1899 (G)"}}, {"type": "Feature", "geometry": {"type": "Point", "coordinates": [2.22800499, 48.93833759]}, "properties": {"route": "D41", "pr": "1", "abs": 567, "label": "D41 PR1+567 (G)"}}, {"type": "Feature", "geometry": {"type": "Point", "coordinates": [2.23383653, 48.94585353]}, "properties": {"route": "D41", "pr": "2", "abs": 1565, "label": "D41 PR2+1565 (G)"}}, {"type": "Feature", "geometry": {"type": "Point", "coordinates": [2.218949, 48.92169754]}, "properties": {"route": "D311", "pr": "1", "abs": 411, "label": "D311 PR1+411"}}, {"type": "Feature", "geometry": {"type": "Point", "coordinates": [2.2382954, 48.94689005]}, "properties": {"route": "D41", "pr": "2", "abs": 2582, "label": "D41 PR2+2582"}}, {"type": "Feature", "geometry": {"type": "Point", "coordinates": [2.22780983, 48.93805845]}, "properties": {"route": "D41", "pr": "FS", "abs": null, "label": "D41 PRFS (G)"}}, {"type": "Feature", "geometry": {"type": "Point", "coordinates": [2.22543618, 48.93400888]}, "properties": {"route": "D41", "pr": "FS", "abs": null, "label": "D41 PRFS"}}, {"type": "Feature", "geometry": {"type": "Point", "coordinates": [2.22119329, 48.92282999]}, "properties": {"route": "D311", "pr": "FS", "abs": null, "label": "D311 PRFS (G)"}}, {"type": "Feature", "geometry": {"type": "Point", "coordinates": [2.2208749, 48.92304016]}, "properties": {"route": "D311", "pr": "FS", "abs": null, "label": "D311 PRFS (G)"}}, {"type": "Feature", "geometry": {"type": "Point", "coordinates": [2.22780983, 48.93805845]}, "properties": {"route": "D41", "pr": "FS", "abs": null, "label": "D41 PRFS"}}, {"type": "Feature", "geometry": {"type": "Point", "coordinates": [2.22105036, 48.92298824]}, "properties": {"route": "D311", "pr": "FS", "abs": null, "label": "D311 PRFS (G)"}}, {"type": "Feature", "geometry": {"type": "Point", "coordinates": [2.2254543, 48.93380036]}, "properties": {"route": "D41", "pr": "FS", "abs": null, "label": "D41 PRFS (G)"}}, {"type": "Feature", "geometry": {"type": "Point", "coordinates": [2.20755575, 48.92374061]}, "properties": {"route": "D308", "pr": "FS", "abs": null, "label": "D308 PRFS (D)"}}, {"type": "Feature", "geometry": {"type": "Point", "coordinates": [2.20803835, 48.92368445]}, "properties": {"route": "D308", "pr": "FS", "abs": null, "label": "D308 PRFS"}}, {"type": "Feature", "geometry": {"type": "Point", "coordinates": [2.21488195, 48.92823412]}, "properties": {"route": "D392", "pr": "FS", "abs": null, "label": "D392 PRFS (G)"}}, {"type": "Feature", "geometry": {"type": "Point", "coordinates": [2.25630582, 48.94245813]}, "properties": {"route": "D311B2", "pr": "FS", "abs": null, "label": "D311B2 PRFS"}}, {"type": "Feature", "geometry": {"type": "Point", "coordinates": [2.25555404, 48.94357128]}, "properties": {"route": "D909", "pr": "FS", "abs": null, "label": "D909 PRFS"}}, {"type": "Feature", "geometry": {"type": "Point", "coordinates": [2.20585803, 48.94967239]}, "properties": {"route": "D392", "pr": "FS", "abs": null, "label": "D392 PRFS"}}, {"type": "Feature", "geometry": {"type": "Point", "coordinates": [2.21488195, 48.92823412]}, "properties": {"route": "D392", "pr": "FS", "abs": null, "label": "D392 PRFS (D)"}}, {"type": "Feature", "geometry": {"type": "Point", "coordinates": [2.237911, 48.94843168]}, "properties": {"route": "D48", "pr": "FS", "abs": null, "label": "D48 PRFS"}}, {"type": "Feature", "geometry": {"type": "Point", "coordinates": [2.26900142, 48.94775389]}, "properties": {"route": "D311C2", "pr": "FS", "abs": null, "label": "D311C2 PRFS"}}, {"type": "Feature", "geometry": {"type": "Point", "coordinates": [2.26839599, 48.94731044]}, "properties": {"route": "D311C1", "pr": "FS", "abs": null, "label": "D311C1 PRFS"}}, {"type": "Feature", "geometry": {"type": "Point", "coordinates": [2.22543618, 48.93400888]}, "properties": {"route": "D41", "pr": "DS", "abs": null, "label": "D41 PRDS (G)"}}, {"type": "Feature", "geometry": {"type": "Point", "coordinates": [2.22565414, 48.93394644]}, "properties": {"route": "D41", "pr": "DS", "abs": null, "label": "D41 PRDS"}}, {"type": "Feature", "geometry": {"type": "Point", "coordinates": [2.22105036, 48.92298824]}, "properties": {"route": "D311", "pr": "FS", "abs": null, "label": "D311 PRFS (G)"}}, {"type": "Feature", "geometry": {"type": "Point", "coordinates": [2.22105036, 48.92298824]}, "properties": {"route": "D311", "pr": "DS", "abs": null, "label": "D311 PRDS (G)"}}, {"type": "Feature", "geometry": {"type": "Point", "coordinates": [2.22801653, 48.93820367]}, "properties": {"route": "D41", "pr": "DS", "abs": null, "label": "D41 PRDS (G)"}}, {"type": "Feature", "geometry": {"type": "Point", "coordinates": [2.22105036, 48.92298824]}, "properties": {"route": "D311", "pr": "FS", "abs": null, "label": "D311 PRFS (G)"}}, {"type": "Feature", "geometry": {"type": "Point", "coordinates": [2.22780983, 48.93805845]}, "properties": {"route": "D41", "pr": "DS", "abs": null, "label": "D41 PRDS"}}, {"type": "Feature", "geometry": {"type": "Point", "coordinates": [2.21727081, 48.92122165]}, "properties": {"route": "D311", "pr": "DS", "abs": null, "label": "D311 PRDS (G)"}}, {"type": "Feature", "geometry": {"type": "Point", "coordinates": [2.20608766, 48.94965593]}, "properties": {"route": "D392", "pr": "DS", "abs": null, "label": "D392 PRDS"}}, {"type": "Feature", "geometry": {"type": "Point", "coordinates": [2.22567328, 48.93348612]}, "properties": {"route": "D41", "pr": "DS", "abs": null, "label": "D41 PRDS (G)"}}, {"type": "Feature", "geometry": {"type": "Point", "coordinates": [2.22129817, 48.92320839]}, "properties": {"route": "D311A1", "pr": "DS", "abs": null, "label": "D311A1 PRDS"}}, {"type": "Feature", "geometry": {"type": "Point", "coordinates": [2.22791917, 48.93823362]}, "properties": {"route": "D41", "pr": "DS", "abs": null, "label": "D41 PRDS (G)"}}, {"type": "Feature", "geometry": {"type": "Point", "coordinates": [2.2563496, 48.94273808]}, "properties": {"route": "D311B2", "pr": "DS", "abs": null, "label": "D311B2 PRDS"}}, {"type": "Feature", "geometry": {"type": "Point", "coordinates": [2.2075266, 48.92368286]}, "properties": {"route": "D308", "pr": "DS", "abs": null, "label": "D308 PRDS (G)"}}, {"type": "Feature", "geometry": {"type": "Point", "coordinates": [2.25701278, 48.94285461]}, "properties": {"route": "D311B3", "pr": "DS", "abs": null, "label": "D311B3 PRDS"}}, {"type": "Feature", "geometry": {"type": "Point", "coordinates": [2.25797467, 48.94968975]}, "properties": {"route": "D41", "pr": "DS", "abs": null, "label": "D41 PRDS"}}, {"type": "Feature", "geometry": {"type": "Point", "coordinates": [2.25550554, 48.94362134]}, "properties": {"route": "D909", "pr": "DS", "abs": null, "label": "D909 PRDS"}}, {"type": "Feature", "geometry": {"type": "Point", "coordinates": [2.21488195, 48.92823412]}, "properties": {"route": "D392", "pr": "DS", "abs": null, "label": "D392 PRDS"}}, {"type": "Feature", "geometry": {"type": "Point", "coordinates": [2.246072, 48.93795799]}, "properties": {"route": "D48", "pr": "DS", "abs": null, "label": "D48 PRDS"}}, {"type": "Feature", "geometry": {"type": "Point", "coordinates": [2.21823641, 48.92198607]}, "properties": {"route": "D392G1", "pr": "DS", "abs": null, "label": "D392G1 PRDS"}}, {"type": "Feature", "geometry": {"type": "Point", "coordinates": [2.27278769, 48.9484226]}, "properties": {"route": "D311C1", "pr": "DS", "abs": null, "label": "D311C1 PRDS"}}, {"type": "Feature", "geometry": {"type": "Point", "coordinates": [2.23776642, 48.94842177]}, "properties": {"route": "D48", "pr": "DS", "abs": null, "label": "D48 PRDS"}}, {"type": "Feature", "geometry": {"type": "Point", "coordinates": [2.21828059, 48.92186135]}, "properties": {"route": "D392G1", "pr": "0", "abs": 0, "label": "D392G1 PR0"}}, {"type": "Feature", "geometry": {"type": "Point", "coordinates": [2.21727081, 48.92122165]}, "properties": {"route": "D392G1", "pr": "0", "abs": 128, "label": "D392G1 PR0+128"}}, {"type": "Feature", "geometry": {"type": "Point", "coordinates": [2.21758289, 48.9210681]}, "properties": {"route": "D311A2", "pr": "0", "abs": 0, "label": "D311A2 PR0"}}, {"type": "Feature", "geometry": {"type": "Point", "coordinates": [2.21864358, 48.92168026]}, "properties": {"route": "D311A2", "pr": "0", "abs": 116, "label": "D311A2 PR0+116"}}, {"type": "Feature", "geometry": {"type": "Point", "coordinates": [2.26040963, 48.9442794]}, "properties": {"route": "D311", "pr": "5", "abs": 4363, "label": "D311 PR5+4363 (D)"}}, {"type": "Feature", "geometry": {"type": "Point", "coordinates": [2.24982284, 48.93883765]}, "properties": {"route": "D311", "pr": "4", "abs": 3378, "label": "D311 PR4+3378 (D)"}}, {"type": "Feature", "geometry": {"type": "Point", "coordinates": [2.27240339, 48.94846793]}, "properties": {"route": "D311", "pr": "6", "abs": 5360, "label": "D311 PR6+5360 (D)"}}, {"type": "Feature", "geometry": {"type": "Point", "coordinates": [2.22904424, 48.92744115]}, "properties": {"route": "D311", "pr": "2", "abs": 1390, "label": "D311 PR2+1390 (D)"}}, {"type": "Feature", "geometry": {"type": "Point", "coordinates": [2.23972557, 48.9329268]}, "properties": {"route": "D311", "pr": "3", "abs": 2384, "label": "D311 PR3+2384 (D)"}}, {"type": "Feature", "geometry": {"type": "Point", "coordinates": [2.21727081, 48.92122165]}, "properties": {"route": "D311", "pr": "0", "abs": 224, "label": "D311 PR0+224 (D)"}}, {"type": "Feature", "geometry": {"type": "Point", "coordinates": [2.25627306, 48.94283923]}, "properties": {"route": "D311B2", "pr": "0", "abs": 0, "label": "D311B2 PR0"}}, {"type": "Feature", "geometry": {"type": "Point", "coordinates": [2.25627306, 48.94283923]}, "properties": {"route": "D311B2", "pr": "0", "abs": 36, "label": "D311B2 PR0+36"}}, {"type": "Feature", "geometry": {"type": "Point", "coordinates": [2.27283402, 48.94891749]}, "properties": {"route": "D311C2", "pr": "0", "abs": 0, "label": "D311C2 PR0"}}, {"type": "Feature", "geometry": {"type": "Point", "coordinates": [2.26853488, 48.94753072]}, "properties": {"route": "D311C2", "pr": "0", "abs": 321, "label": "D311C2 PR0+321"}}, {"type": "Feature", "geometry": {"type": "Point", "coordinates": [2.21898301, 48.92188662]}, "properties": {"route": "D392A1", "pr": "0", "abs": 0, "label": "D392A1 PR0"}}, {"type": "Feature", "geometry": {"type": "Point", "coordinates": [2.22064135, 48.92250625]}, "properties": {"route": "D392A1", "pr": "0", "abs": 174, "label": "D392A1 PR0+174"}}, {"type": "Feature", "geometry": {"type": "Point", "coordinates": [2.23037577, 48.92830675]}, "properties": {"route": "D41", "pr": "0", "abs": 0, "label": "D41 PR0"}}, {"type": "Feature", "geometry": {"type": "Point", "coordinates": [2.24671786, 48.94718428]}, "properties": {"route": "D41", "pr": "2", "abs": 3241, "label": "D41 PR2+3241"}}, {"type": "Feature", "geometry": {"type": "Point", "coordinates": [2.25564287, 48.94318334]}, "properties": {"route": "D311B1", "pr": "0", "abs": 0, "label": "D311B1 PR0"}}, {"type": "Feature", "geometry": {"type": "Point", "coordinates": [2.25679561, 48.9426707]}, "properties": {"route": "D311B1", "pr": "0", "abs": 107, "label": "D311B1 PR0+107"}}, {"type": "Feature", "geometry": {"type": "Point", "coordinates": [2.2217271, 48.92336316]}, "properties": {"route": "D311A1", "pr": "0", "abs": 0, "label": "D311A1 PR0"}}, {"type": "Feature", "geometry": {"type": "Point", "coordinates": [2.21865784, 48.92209404]}, "properties": {"route": "D311A1", "pr": "0", "abs": 235, "label": "D311A1 PR0+235"}}, {"type": "Feature", "geometry": {"type": "Point", "coordinates": [2.20575445, 48.95010696]}, "properties": {"route": "D121E", "pr": "0", "abs": 0, "label": "D121E PR0"}}, {"type": "Feature", "geometry": {"type": "Point", "coordinates": [2.21744625, 48.92262302]}, "properties": {"route": "D308", "pr": "0", "abs": 0, "label": "D308 PR0 (D)"}}, {"type": "Feature", "geometry": {"type": "Point", "coordinates": [2.25644924, 48.94293025]}, "properties": {"route": "D311B3", "pr": "0", "abs": 0, "label": "D311B3 PR0"}}, {"type": "Feature", "geometry": {"type": "Point", "coordinates": [2.25578809, 48.94333892]}, "properties": {"route": "D311B3", "pr": "0", "abs": 114, "label": "D311B3 PR0+114"}}, {"type": "Feature", "geometry": {"type": "Point", "coordinates": [2.22048463, 48.92066974]}, "properties": {"route": "D392", "pr": "0", "abs": 0, "label": "D392 PR0 (D)"}}, {"type": "Feature", "geometry": {"type": "Point", "coordinates": [2.21540842, 48.92789583]}, "properties": {"route": "D392", "pr": "1", "abs": 912, "label": "D392 PR1+912 (D)"}}, {"type": "Feature", "geometry": {"type": "Point", "coordinates": [2.20500634, 48.9240169]}, "properties": {"route": "D308", "pr": "0", "abs": 974, "label": "D308 PR0+974"}}, {"type": "Feature", "geometry": {"type": "Point", "coordinates": [2.24048416, 48.93379044]}, "properties": {"route": "D15E", "pr": "0", "abs": 0, "label": "D15E PR0"}}, {"type": "Feature", "geometry": {"type": "Point", "coordinates": [2.23815243, 48.93605176]}, "properties": {"route": "D15E", "pr": "0", "abs": 296, "label": "D15E PR0+296"}}, {"type": "Feature", "geometry": {"type": "Point", "coordinates": [2.26805427, 48.94724091]}, "properties": {"route": "D311C1", "pr": "0", "abs": 0, "label": "D311C1 PR0"}}, {"type": "Feature", "geometry": {"type": "Point", "coordinates": [2.27289471, 48.9484826]}, "properties": {"route": "D311C1", "pr": "0", "abs": 348, "label": "D311C1 PR0+348"}}, {"type": "Feature", "geometry": {"type": "Point", "coordinates": [2.20489758, 48.92273915]}, "properties": {"route": "D311", "pr": "0", "abs": 0, "label": "D311 PR0"}}, {"type": "Feature", "geometry": {"type": "Point", "coordinates": [2.20772043, 48.92359062]}, "properties": {"route": "D311", "pr": "0", "abs": 224, "label": "D311 PR0+224"}}, {"type": "Feature", "geometry": {"type": "Point", "coordinates": [2.1575395, 48.87102009]}, "properties": {"route": "A86", "pr": "75", "abs": 4550, "label": "A86 PR75+4550 (D)"}}, {"type": "Feature", "geometry": {"type": "Point", "coordinates": [2.15784653, 48.78929078]}, "properties": {"route": "A86", "pr": "65", "abs": 1817, "label": "A86 PR65+1817 (D)"}}, {"type": "Feature", "geometry": {"type": "Point", "coordinates": [2.16343247, 48.80519307]}, "properties": {"route": "A86", "pr": "67", "abs": 3817, "label": "A86 PR67+3817 (D)"}}, {"type": "Feature", "geometry": {"type": "Point", "coordinates": [2.16362165, 48.79653752]}, "properties": {"route": "A86", "pr": "66", "abs": 2817, "label": "A86 PR66+2817 (D)"}}, {"type": "Feature", "geometry": {"type": "Point", "coordinates": [2.14823149, 48.8467881]}, "properties": {"route": "A86", "pr": "72", "abs": 6407, "label": "A86 PR72+6407 (D)"}}, {"type": "Feature", "geometry": {"type": "Point", "coordinates": [2.15911942, 48.81360377]}, "properties": {"route": "A86", "pr": "68", "abs": 4817, "label": "A86 PR68+4817 (D)"}}, {"type": "Feature", "geometry": {"type": "Point", "coordinates": [2.15975826, 48.78190015]}, "properties": {"route": "A86", "pr": "64", "abs": 817, "label": "A86 PR64+817 (D)"}}, {"type": "Feature", "geometry": {"type": "Point", "coordinates": [2.16020367, 48.86288968]}, "properties": {"route": "A86", "pr": "74", "abs": 3550, "label": "A86 PR74+3550 (D)"}}, {"type": "Feature", "geometry": {"type": "Point", "coordinates": [2.15337305, 48.82170372]}, "properties": {"route": "A86", "pr": "69", "abs": 970, "label": "A86 PR69+970 (D)"}}, {"type": "Feature", "geometry": {"type": "Point", "coordinates": [2.15484776, 48.8546668]}, "properties": {"route": "A86", "pr": "73", "abs": 2550, "label": "A86 PR73+2550 (D)"}}, {"type": "Feature", "geometry": {"type": "Point", "coordinates": [2.14841854, 48.8300878]}, "properties": {"route": "A86", "pr": "70", "abs": 1970, "label": "A86 PR70+1970 (D)"}}, {"type": "Feature", "geometry": {"type": "Point", "coordinates": [2.18576071, 48.91095546]}, "properties": {"route": "A14", "pr": "6", "abs": 872, "label": "A14 PR6+872 (D)"}}, {"type": "Feature", "geometry": {"type": "Point", "coordinates": [2.17262075, 48.91273242]}, "properties": {"route": "A14", "pr": "7", "abs": 1872, "label": "A14 PR7+1872 (D)"}}, {"type": "Feature", "geometry": {"type": "Point", "coordinates": [2.15963226, 48.91377516]}, "properties": {"route": "A14", "pr": "8", "abs": 2872, "label": "A14 PR8+2872 (D)"}}, {"type": "Feature", "geometry": {"type": "Point", "coordinates": [2.21143103, 48.83966481]}, "properties": {"route": "A13", "pr": "4", "abs": 2871, "label": "A13 PR4+2871 (D)"}}, {"type": "Feature", "geometry": {"type": "Point", "coordinates": [2.25486604, 48.84702761]}, "properties": {"route": "A13", "pr": "0", "abs": 0, "label": "A13 PR0 (D)"}}, {"type": "Feature", "geometry": {"type": "Point", "coordinates": [2.17144811, 48.83469075]}, "properties": {"route": "A13", "pr": "7", "abs": 5873, "label": "A13 PR7+5873 (D)"}}, {"type": "Feature", "geometry": {"type": "Point", "coordinates": [2.15826637, 48.83304187]}, "properties": {"route": "A13", "pr": "8", "abs": 6873, "label": "A13 PR8+6873 (D)"}}, {"type": "Feature", "geometry": {"type": "Point", "coordinates": [2.24331806, 48.84846876]}, "properties": {"route": "A13", "pr": "1", "abs": 1080, "label": "A13 PR1+1080 (D)"}}, {"type": "Feature", "geometry": {"type": "Point", "coordinates": [2.19753632, 48.83965335]}, "properties": {"route": "A13", "pr": "5", "abs": 3877, "label": "A13 PR5+3877 (D)"}}, {"type": "Feature", "geometry": {"type": "Point", "coordinates": [2.18484123, 48.83646463]}, "properties": {"route": "A13", "pr": "6", "abs": 4874, "label": "A13 PR6+4874 (D)"}}, {"type": "Feature", "geometry": {"type": "Point", "coordinates": [2.22971942, 48.84855376]}, "properties": {"route": "A13", "pr": "2", "abs": 870, "label": "A13 PR2+870 (D)"}}, {"type": "Feature", "geometry": {"type": "Point", "coordinates": [2.22221215, 48.84252346]}, "properties": {"route": "A13", "pr": "3", "abs": 1877, "label": "A13 PR3+1877 (D)"}}, {"type": "Feature", "geometry": {"type": "Point", "coordinates": [2.33482803, 48.75718063]}, "properties": {"route": "A6B", "pr": "7", "abs": 7485, "label": "A6B PR7+7485 (D)"}}, {"type": "Feature", "geometry": {"type": "Point", "coordinates": [2.32011174, 48.74204474]}, "properties": {"route": "A6B", "pr": "9", "abs": 582, "label": "A6B PR9+582 (D)"}}, {"type": "Feature", "geometry": {"type": "Point", "coordinates": [2.32779618, 48.7495941]}, "properties": {"route": "A6B", "pr": "8", "abs": 8491, "label": "A6B PR8+8491 (D)"}}, {"type": "Feature", "geometry": {"type": "Point", "coordinates": [2.33500306, 48.75710965]}, "properties": {"route": "A6A", "pr": "7", "abs": 7365, "label": "A6A PR7+7365 (D)"}}, {"type": "Feature", "geometry": {"type": "Point", "coordinates": [2.32796586, 48.74940887]}, "properties": {"route": "A6A", "pr": "8", "abs": 8370, "label": "A6A PR8+8370 (D)"}}, {"type": "Feature", "geometry": {"type": "Point", "coordinates": [2.32512515, 48.74630956]}, "properties": {"route": "A6A", "pr": "999", "abs": 8784, "label": "A6A PR999+8784 (D)"}}, {"type": "Feature", "geometry": {"type": "Point", "coordinates": [2.33287765, 48.81825845]}, "properties": {"route": "A6A", "pr": "0", "abs": 0, "label": "A6A PR0 (D)"}}, {"type": "Feature", "geometry": {"type": "Point", "coordinates": [2.22879732, 48.77448494]}, "properties": {"route": "N306", "pr": "0", "abs": 0, "label": "N306 PR0 (D)"}}, {"type": "Feature", "geometry": {"type": "Point", "coordinates": [2.24085514, 48.77441016]}, "properties": {"route": "N385", "pr": "58", "abs": 4722, "label": "N385 PR58+4722 (D)"}}, {"type": "Feature", "geometry": {"type": "Point", "coordinates": [2.24504881, 48.76606034]}, "properties": {"route": "N385", "pr": "57", "abs": 3721, "label": "N385 PR57+3721 (D)"}}, {"type": "Feature", "geometry": {"type": "Point", "coordinates": [2.26822747, 48.75986358]}, "properties": {"route": "N385", "pr": "55", "abs": 1743, "label": "N385 PR55+1743 (D)"}}, {"type": "Feature", "geometry": {"type": "Point", "coordinates": [2.2797026, 48.7601591]}, "properties": {"route": "N385", "pr": "54", "abs": 898, "label": "N385 PR54+898 (D)"}}, {"type": "Feature", "geometry": {"type": "Point", "coordinates": [2.25491113, 48.76047471]}, "properties": {"route": "N385", "pr": "56", "abs": 2728, "label": "N385 PR56+2728 (D)"}}, {"type": "Feature", "geometry": {"type": "Point", "coordinates": [2.22484589, 48.77693549]}, "properties": {"route": "N385", "pr": "999", "abs": 5907, "label": "N385 PR999+5907 (D)"}}, {"type": "Feature", "geometry": {"type": "Point", "coordinates": [2.29178755, 48.76053718]}, "properties": {"route": "N385", "pr": "53", "abs": 0, "label": "N385 PR53 (D)"}}, {"type": "Feature", "geometry": {"type": "Point", "coordinates": [2.31581289, 48.73343404]}, "properties": {"route": "A6", "pr": "10", "abs": 1592, "label": "A6 PR10+1592 (D)"}}, {"type": "Feature", "geometry": {"type": "Point", "coordinates": [2.32512515, 48.74630956]}, "properties": {"route": "A6", "pr": "0", "abs": 0, "label": "A6 PR0 (D)"}}, {"type": "Feature", "geometry": {"type": "Point", "coordinates": [2.21266143, 48.90748673]}, "properties": {"route": "A86", "pr": "1", "abs": 991, "label": "A86 PR1+991 (D)"}}, {"type": "Feature", "geometry": {"type": "Point", "coordinates": [2.16571511, 48.88653274]}, "properties": {"route": "A86", "pr": "77", "abs": 15397, "label": "A86 PR77+15397 (D)"}}, {"type": "Feature", "geometry": {"type": "Point", "coordinates": [2.26217552, 48.93557345]}, "properties": {"route": "A86", "pr": "6", "abs": 5921, "label": "A86 PR6+5921 (D)"}}, {"type": "Feature", "geometry": {"type": "Point", "coordinates": [2.18664744, 48.78008409]}, "properties": {"route": "A86", "pr": "62", "abs": 2848, "label": "A86 PR62+2848 (D)"}}, {"type": "Feature", "geometry": {"type": "Point", "coordinates": [2.17619583, 48.89133765]}, "properties": {"route": "A86", "pr": "78", "abs": 16397, "label": "A86 PR78+16397 (D)"}}, {"type": "Feature", "geometry": {"type": "Point", "coordinates": [2.21986121, 48.91473919]}, "properties": {"route": "A86", "pr": "2", "abs": 1940, "label": "A86 PR2+1940 (D)"}}, {"type": "Feature", "geometry": {"type": "Point", "coordinates": [2.23805311, 48.92773529]}, "properties": {"route": "A86", "pr": "4", "abs": 3940, "label": "A86 PR4+3940 (D)"}}, {"type": "Feature", "geometry": {"type": "Point", "coordinates": [2.21352399, 48.77816297]}, "properties": {"route": "A86", "pr": "60", "abs": 845, "label": "A86 PR60+845 (D)"}}, {"type": "Feature", "geometry": {"type": "Point", "coordinates": [2.18885595, 48.89348177]}, "properties": {"route": "A86", "pr": "79", "abs": 17397, "label": "A86 PR79+17397 (D)"}}, {"type": "Feature", "geometry": {"type": "Point", "coordinates": [2.30156567, 48.93862065]}, "properties": {"route": "A86", "pr": "9", "abs": 8940, "label": "A86 PR9+8940 (D)"}}, {"type": "Feature", "geometry": {"type": "Point", "coordinates": [2.20008245, 48.77913145]}, "properties": {"route": "A86", "pr": "61", "abs": 1847, "label": "A86 PR61+1847 (D)"}}, {"type": "Feature", "geometry": {"type": "Point", "coordinates": [2.32311034, 48.93110479]}, "properties": {"route": "A86", "pr": "11", "abs": 10928, "label": "A86 PR11+10928 (D)"}}, {"type": "Feature", "geometry": {"type": "Point", "coordinates": [2.32816397, 48.75769108]}, "properties": {"route": "A86", "pr": "51", "abs": 17076, "label": "A86 PR51+17076 (D)"}}, {"type": "Feature", "geometry": {"type": "Point", "coordinates": [2.16318858, 48.87784626]}, "properties": {"route": "A86", "pr": "76", "abs": 14397, "label": "A86 PR76+14397 (D)"}}, {"type": "Feature", "geometry": {"type": "Point", "coordinates": [2.33260823, 48.92762114]}, "properties": {"route": "A86", "pr": "12", "abs": 11733, "label": "A86 PR12+11733 (D)"}}, {"type": "Feature", "geometry": {"type": "Point", "coordinates": [2.28853179, 48.93602687]}, "properties": {"route": "A86", "pr": "8", "abs": 7942, "label": "A86 PR8+7942 (D)"}}, {"type": "Feature", "geometry": {"type": "Point", "coordinates": [2.31499839, 48.93787532]}, "properties": {"route": "A86", "pr": "10", "abs": 9935, "label": "A86 PR10+9935 (D)"}}, {"type": "Feature", "geometry": {"type": "Point", "coordinates": [2.22711313, 48.92229007]}, "properties": {"route": "A86", "pr": "3", "abs": 2942, "label": "A86 PR3+2942 (D)"}}, {"type": "Feature", "geometry": {"type": "Point", "coordinates": [2.24931362, 48.93259694]}, "properties": {"route": "A86", "pr": "5", "abs": 4942, "label": "A86 PR5+4942 (D)"}}, {"type": "Feature", "geometry": {"type": "Point", "coordinates": [2.27524972, 48.93350841]}, "properties": {"route": "A86", "pr": "7", "abs": 6932, "label": "A86 PR7+6932 (D)"}}, {"type": "Feature", "geometry": {"type": "Point", "coordinates": [2.19924748, 48.89881461]}, "properties": {"route": "A86", "pr": "80", "abs": 18397, "label": "A86 PR80+18397 (D)"}}, {"type": "Feature", "geometry": {"type": "Point", "coordinates": [2.20165858, 48.90080834]}, "properties": {"route": "A86", "pr": "999", "abs": 18777, "label": "A86 PR999+18777 (D)"}}, {"type": "Feature", "geometry": {"type": "Point", "coordinates": [2.20165858, 48.90080834]}, "properties": {"route": "A86", "pr": "0", "abs": 0, "label": "A86 PR0 (D)"}}, {"type": "Feature", "geometry": {"type": "Point", "coordinates": [2.23948475, 48.89169698]}, "properties": {"route": "N1014", "pr": "1", "abs": 1000, "label": "N1014 PR1+1000 (D)"}}, {"type": "Feature", "geometry": {"type": "Point", "coordinates": [2.25190459, 48.88758252]}, "properties": {"route": "N1014", "pr": "0", "abs": 0, "label": "N1014 PR0 (D)"}}, {"type": "Feature", "geometry": {"type": "Point", "coordinates": [2.23497607, 48.89297859]}, "properties": {"route": "N1014", "pr": "999", "abs": 1360, "label": "N1014 PR999+1360 (D)"}}, {"type": "Feature", "geometry": {"type": "Point", "coordinates": [2.32952086, 48.75743068]}, "properties": {"route": "N186B", "pr": "999", "abs": 2103, "label": "N186B PR999+2103 (D)"}}, {"type": "Feature", "geometry": {"type": "Point", "coordinates": [2.29797248, 48.93793328]}, "properties": {"route": "A15", "pr": "4", "abs": 50, "label": "A15 PR4+50 (D)"}}, {"type": "Feature", "geometry": {"type": "Point", "coordinates": [2.28750822, 48.94378615]}, "properties": {"route": "A15", "pr": "5", "abs": 1050, "label": "A15 PR5+1050 (D)"}}, {"type": "Feature", "geometry": {"type": "Point", "coordinates": [2.29842134, 48.93764814]}, "properties": {"route": "A15", "pr": "0", "abs": 0, "label": "A15 PR0 (D)"}}, {"type": "Feature", "geometry": {"type": "Point", "coordinates": [2.17027813, 48.73427049]}, "properties": {"route": "N118", "pr": "7", "abs": 6888, "label": "N118 PR7+6888 (D)"}}, {"type": "Feature", "geometry": {"type": "Point", "coordinates": [2.22500072, 48.82781329]}, "properties": {"route": "N118", "pr": "0", "abs": 0, "label": "N118 PR0 (D)"}}, {"type": "Feature", "geometry": {"type": "Point", "coordinates": [2.30616474, 48.92142046]}, "properties": {"route": "N315", "pr": "2", "abs": 730, "label": "N315 PR2+730 (D)"}}, {"type": "Feature", "geometry": {"type": "Point", "coordinates": [2.3022911, 48.92992782]}, "properties": {"route": "N315", "pr": "3", "abs": 1730, "label": "N315 PR3+1730 (D)"}}, {"type": "Feature", "geometry": {"type": "Point", "coordinates": [2.30971864, 48.91501365]}, "properties": {"route": "N315", "pr": "1", "abs": 0, "label": "N315 PR1 (D)"}}, {"type": "Feature", "geometry": {"type": "Point", "coordinates": [2.29842134, 48.93764814]}, "properties": {"route": "N315", "pr": "999", "abs": 2680, "label": "N315 PR999+2680 (D)"}}, {"type": "Feature", "geometry": {"type": "Point", "coordinates": [2.24096358, 48.89410218]}, "properties": {"route": "N192", "pr": "1", "abs": 747, "label": "N192 PR1+747 (D)"}}, {"type": "Feature", "geometry": {"type": "Point", "coordinates": [2.24742703, 48.88902127]}, "properties": {"route": "N192", "pr": "0", "abs": 0, "label": "N192 PR0 (D)"}}, {"type": "Feature", "geometry": {"type": "Point", "coordinates": [2.24091041, 48.8945686]}, "properties": {"route": "N192", "pr": "999", "abs": 820, "label": "N192 PR999+820 (D)"}}, {"type": "Feature", "geometry": {"type": "Point", "coordinates": [2.21470938, 48.89906718]}, "properties": {"route": "A14", "pr": "3", "abs": 1640, "label": "A14 PR3+1640 (D)"}}, {"type": "Feature", "geometry": {"type": "Point", "coordinates": [2.22724656, 48.89538594]}, "properties": {"route": "A14", "pr": "2", "abs": 640, "label": "A14 PR2+640 (D)"}}, {"type": "Feature", "geometry": {"type": "Point", "coordinates": [2.20210616, 48.9020443]}, "properties": {"route": "A14", "pr": "4", "abs": 2640, "label": "A14 PR4+2640 (D)"}}, {"type": "Feature", "geometry": {"type": "Point", "coordinates": [2.23497607, 48.89297859]}, "properties": {"route": "A14", "pr": "0", "abs": 0, "label": "A14 PR0 (D)"}}, {"type": "Feature", "geometry": {"type": "Point", "coordinates": [2.31597911, 48.73340801]}, "properties": {"route": "A6", "pr": "10", "abs": 1581, "label": "A6 PR10+1581 (G)"}}, {"type": "Feature", "geometry": {"type": "Point", "coordinates": [2.32070848, 48.74143921]}, "properties": {"route": "A6", "pr": "9", "abs": 590, "label": "A6 PR9+590 (D)"}}, {"type": "Feature", "geometry": {"type": "Point", "coordinates": [2.32087795, 48.74137452]}, "properties": {"route": "A6", "pr": "9", "abs": 589, "label": "A6 PR9+589 (G)"}}, {"type": "Feature", "geometry": {"type": "Point", "coordinates": [2.33518913, 48.75702614]}, "properties": {"route": "A6A", "pr": "7", "abs": 7383, "label": "A6A PR7+7383 (G)"}}, {"type": "Feature", "geometry": {"type": "Point", "coordinates": [2.32814222, 48.7493388]}, "properties": {"route": "A6A", "pr": "8", "abs": 8392, "label": "A6A PR8+8392 (G)"}}, {"type": "Feature", "geometry": {"type": "Point", "coordinates": [2.21251549, 48.90757481]}, "properties": {"route": "A86", "pr": "1", "abs": 983, "label": "A86 PR1+983 (G)"}}, {"type": "Feature", "geometry": {"type": "Point", "coordinates": [2.16545449, 48.88645627]}, "properties": {"route": "A86", "pr": "77", "abs": 15423, "label": "A86 PR77+15423 (G)"}}, {"type": "Feature", "geometry": {"type": "Point", "coordinates": [2.26213918, 48.9357297]}, "properties": {"route": "A86", "pr": "6", "abs": 5951, "label": "A86 PR6+5951 (G)"}}, {"type": "Feature", "geometry": {"type": "Point", "coordinates": [2.15715593, 48.87088069]}, "properties": {"route": "A86", "pr": "75", "abs": 4550, "label": "A86 PR75+4550 (G)"}}, {"type": "Feature", "geometry": {"type": "Point", "coordinates": [2.18662512, 48.77994452]}, "properties": {"route": "A86", "pr": "62", "abs": 2844, "label": "A86 PR62+2844 (G)"}}, {"type": "Feature", "geometry": {"type": "Point", "coordinates": [2.17614489, 48.89145421]}, "properties": {"route": "A86", "pr": "78", "abs": 16423, "label": "A86 PR78+16423 (G)"}}, {"type": "Feature", "geometry": {"type": "Point", "coordinates": [2.21964979, 48.91482505]}, "properties": {"route": "A86", "pr": "2", "abs": 1939, "label": "A86 PR2+1939 (G)"}}, {"type": "Feature", "geometry": {"type": "Point", "coordinates": [2.15781143, 48.78927255]}, "properties": {"route": "A86", "pr": "65", "abs": 1545, "label": "A86 PR65+1545 (G)"}}, {"type": "Feature", "geometry": {"type": "Point", "coordinates": [2.23789825, 48.9278719]}, "properties": {"route": "A86", "pr": "4", "abs": 3947, "label": "A86 PR4+3947 (G)"}}, {"type": "Feature", "geometry": {"type": "Point", "coordinates": [2.21349897, 48.77801709]}, "properties": {"route": "A86", "pr": "60", "abs": 843, "label": "A86 PR60+843 (G)"}}, {"type": "Feature", "geometry": {"type": "Point", "coordinates": [2.16343246, 48.80519397]}, "properties": {"route": "A86", "pr": "67", "abs": 3545, "label": "A86 PR67+3545 (G)"}}, {"type": "Feature", "geometry": {"type": "Point", "coordinates": [2.18864192, 48.89356216]}, "properties": {"route": "A86", "pr": "79", "abs": 17423, "label": "A86 PR79+17423 (G)"}}, {"type": "Feature", "geometry": {"type": "Point", "coordinates": [2.30151794, 48.93882091]}, "properties": {"route": "A86", "pr": "9", "abs": 8951, "label": "A86 PR9+8951 (G)"}}, {"type": "Feature", "geometry": {"type": "Point", "coordinates": [2.16357645, 48.79655429]}, "properties": {"route": "A86", "pr": "66", "abs": 2545, "label": "A86 PR66+2545 (G)"}}, {"type": "Feature", "geometry": {"type": "Point", "coordinates": [2.14822881, 48.84678539]}, "properties": {"route": "A86", "pr": "72", "abs": 6135, "label": "A86 PR72+6135 (G)"}}, {"type": "Feature", "geometry": {"type": "Point", "coordinates": [2.20006144, 48.7789928]}, "properties": {"route": "A86", "pr": "61", "abs": 1843, "label": "A86 PR61+1843 (G)"}}, {"type": "Feature", "geometry": {"type": "Point", "coordinates": [2.3233337, 48.93124724]}, "properties": {"route": "A86", "pr": "11", "abs": 10963, "label": "A86 PR11+10963 (G)"}}, {"type": "Feature", "geometry": {"type": "Point", "coordinates": [2.15911805, 48.81360466]}, "properties": {"route": "A86", "pr": "68", "abs": 4545, "label": "A86 PR68+4545 (G)"}}, {"type": "Feature", "geometry": {"type": "Point", "coordinates": [2.32811311, 48.75762604]}, "properties": {"route": "A86", "pr": "51", "abs": 17199, "label": "A86 PR51+17199 (G)"}}, {"type": "Feature", "geometry": {"type": "Point", "coordinates": [2.15974849, 48.78157718]}, "properties": {"route": "A86", "pr": "64", "abs": 545, "label": "A86 PR64+545 (G)"}}, {"type": "Feature", "geometry": {"type": "Point", "coordinates": [2.16297454, 48.87792931]}, "properties": {"route": "A86", "pr": "76", "abs": 14423, "label": "A86 PR76+14423 (G)"}}, {"type": "Feature", "geometry": {"type": "Point", "coordinates": [2.16019855, 48.86286896]}, "properties": {"route": "A86", "pr": "74", "abs": 3550, "label": "A86 PR74+3550 (G)"}}, {"type": "Feature", "geometry": {"type": "Point", "coordinates": [2.33511543, 48.92708201]}, "properties": {"route": "A86", "pr": "12", "abs": 122, "label": "A86 PR12+122 (G)"}}, {"type": "Feature", "geometry": {"type": "Point", "coordinates": [2.28843759, 48.93622776]}, "properties": {"route": "A86", "pr": "8", "abs": 7948, "label": "A86 PR8+7948 (G)"}}, {"type": "Feature", "geometry": {"type": "Point", "coordinates": [2.15338, 48.82169568]}, "properties": {"route": "A86", "pr": "69", "abs": 970, "label": "A86 PR69+970 (G)"}}, {"type": "Feature", "geometry": {"type": "Point", "coordinates": [2.3151078, 48.9380666]}, "properties": {"route": "A86", "pr": "10", "abs": 9961, "label": "A86 PR10+9961 (G)"}}, {"type": "Feature", "geometry": {"type": "Point", "coordinates": [2.22694331, 48.92242207]}, "properties": {"route": "A86", "pr": "3", "abs": 2947, "label": "A86 PR3+2947 (G)"}}, {"type": "Feature", "geometry": {"type": "Point", "coordinates": [2.24925351, 48.93269549]}, "properties": {"route": "A86", "pr": "5", "abs": 4949, "label": "A86 PR5+4949 (G)"}}, {"type": "Feature", "geometry": {"type": "Point", "coordinates": [2.15484241, 48.85466047]}, "properties": {"route": "A86", "pr": "73", "abs": 2550, "label": "A86 PR73+2550 (G)"}}, {"type": "Feature", "geometry": {"type": "Point", "coordinates": [2.27532243, 48.93367791]}, "properties": {"route": "A86", "pr": "7", "abs": 6948, "label": "A86 PR7+6948 (G)"}}, {"type": "Feature", "geometry": {"type": "Point", "coordinates": [2.14836962, 48.83008026]}, "properties": {"route": "A86", "pr": "70", "abs": 1970, "label": "A86 PR70+1970 (G)"}}, {"type": "Feature", "geometry": {"type": "Point", "coordinates": [2.19903131, 48.89894537]}, "properties": {"route": "A86", "pr": "80", "abs": 18423, "label": "A86 PR80+18423 (G)"}}, {"type": "Feature", "geometry": {"type": "Point", "coordinates": [2.21121566, 48.83922089]}, "properties": {"route": "A13", "pr": "4", "abs": 2865, "label": "A13 PR4+2865 (G)"}}, {"type": "Feature", "geometry": {"type": "Point", "coordinates": [2.17147992, 48.83457495]}, "properties": {"route": "A13", "pr": "7", "abs": 5874, "label": "A13 PR7+5874 (G)"}}, {"type": "Feature", "geometry": {"type": "Point", "coordinates": [2.15830645, 48.83292253]}, "properties": {"route": "A13", "pr": "8", "abs": 6873, "label": "A13 PR8+6873 (G)"}}, {"type": "Feature", "geometry": {"type": "Point", "coordinates": [2.24334374, 48.84829625]}, "properties": {"route": "A13", "pr": "1", "abs": 925, "label": "A13 PR1+925 (G)"}}, {"type": "Feature", "geometry": {"type": "Point", "coordinates": [2.19755581, 48.83953746]}, "properties": {"route": "A13", "pr": "5", "abs": 3874, "label": "A13 PR5+3874 (G)"}}, {"type": "Feature", "geometry": {"type": "Point", "coordinates": [2.18489201, 48.83635436]}, "properties": {"route": "A13", "pr": "6", "abs": 4872, "label": "A13 PR6+4872 (G)"}}, {"type": "Feature", "geometry": {"type": "Point", "coordinates": [2.22970055, 48.84844752]}, "properties": {"route": "A13", "pr": "2", "abs": 870, "label": "A13 PR2+870 (G)"}}, {"type": "Feature", "geometry": {"type": "Point", "coordinates": [2.22231753, 48.84249267]}, "properties": {"route": "A13", "pr": "3", "abs": 1860, "label": "A13 PR3+1860 (G)"}}, {"type": "Feature", "geometry": {"type": "Point", "coordinates": [2.33531719, 48.75690453]}, "properties": {"route": "A6B", "pr": "7", "abs": 7289, "label": "A6B PR7+7289 (G)"}}, {"type": "Feature", "geometry": {"type": "Point", "coordinates": [2.32144184, 48.74151624]}, "properties": {"route": "A6B", "pr": "9", "abs": 590, "label": "A6B PR9+590 (G)"}}, {"type": "Feature", "geometry": {"type": "Point", "coordinates": [2.32849688, 48.74936508]}, "properties": {"route": "A6B", "pr": "8", "abs": 8296, "label": "A6B PR8+8296 (G)"}}, {"type": "Feature", "geometry": {"type": "Point", "coordinates": [2.31730701, 48.73636312]}, "properties": {"route": "A10", "pr": "1", "abs": 705, "label": "A10 PR1+705 (G)"}}, {"type": "Feature", "geometry": {"type": "Point", "coordinates": [2.29778009, 48.93782604]}, "properties": {"route": "A15", "pr": "4", "abs": 50, "label": "A15 PR4+50 (G)"}}, {"type": "Feature", "geometry": {"type": "Point", "coordinates": [2.28725646, 48.94362818]}, "properties": {"route": "A15", "pr": "5", "abs": 1050, "label": "A15 PR5+1050 (G)"}}, {"type": "Feature", "geometry": {"type": "Point", "coordinates": [2.24078354, 48.89400841]}, "properties": {"route": "N192", "pr": "1", "abs": 767, "label": "N192 PR1+767 (G)"}}, {"type": "Feature", "geometry": {"type": "Point", "coordinates": [2.18569112, 48.91086865]}, "properties": {"route": "A14", "pr": "6", "abs": 872, "label": "A14 PR6+872 (G)"}}, {"type": "Feature", "geometry": {"type": "Point", "coordinates": [2.21476639, 48.89890478]}, "properties": {"route": "A14", "pr": "3", "abs": 1640, "label": "A14 PR3+1640 (G)"}}, {"type": "Feature", "geometry": {"type": "Point", "coordinates": [2.22717035, 48.89528292]}, "properties": {"route": "A14", "pr": "2", "abs": 640, "label": "A14 PR2+640 (G)"}}, {"type": "Feature", "geometry": {"type": "Point", "coordinates": [2.20194803, 48.90185889]}, "properties": {"route": "A14", "pr": "4", "abs": 2640, "label": "A14 PR4+2640 (G)"}}, {"type": "Feature", "geometry": {"type": "Point", "coordinates": [2.17260992, 48.91264151]}, "properties": {"route": "A14", "pr": "7", "abs": 1872, "label": "A14 PR7+1872 (G)"}}, {"type": "Feature", "geometry": {"type": "Point", "coordinates": [2.15966308, 48.91330323]}, "properties": {"route": "A14", "pr": "8", "abs": 2872, "label": "A14 PR8+2872 (G)"}}, {"type": "Feature", "geometry": {"type": "Point", "coordinates": [2.30608851, 48.92140653]}, "properties": {"route": "N315", "pr": "2", "abs": 730, "label": "N315 PR2+730 (G)"}}, {"type": "Feature", "geometry": {"type": "Point", "coordinates": [2.30211658, 48.92991421]}, "properties": {"route": "N315", "pr": "3", "abs": 1730, "label": "N315 PR3+1730 (G)"}}, {"type": "Feature", "geometry": {"type": "Point", "coordinates": [2.24068652, 48.77430836]}, "properties": {"route": "N385", "pr": "58", "abs": 4743, "label": "N385 PR58+4743 (G)"}}, {"type": "Feature", "geometry": {"type": "Point", "coordinates": [2.24486862, 48.76600703]}, "properties": {"route": "N385", "pr": "57", "abs": 3752, "label": "N385 PR57+3752 (G)"}}, {"type": "Feature", "geometry": {"type": "Point", "coordinates": [2.26822857, 48.7596882]}, "properties": {"route": "N385", "pr": "55", "abs": 1751, "label": "N385 PR55+1751 (G)"}}, {"type": "Feature", "geometry": {"type": "Point", "coordinates": [2.27970894, 48.75999544]}, "properties": {"route": "N385", "pr": "54", "abs": 905, "label": "N385 PR54+905 (G)"}}, {"type": "Feature", "geometry": {"type": "Point", "coordinates": [2.25482367, 48.76031137]}, "properties": {"route": "N385", "pr": "56", "abs": 2741, "label": "N385 PR56+2741 (G)"}}, {"type": "Feature", "geometry": {"type": "Point", "coordinates": [2.23906571, 48.89116011]}, "properties": {"route": "N1014", "pr": "1", "abs": 998, "label": "N1014 PR1+998 (G)"}}, {"type": "Feature", "geometry": {"type": "Point", "coordinates": [2.27267363, 48.88081706]}, "properties": {"route": "N13", "pr": "7", "abs": 533, "label": "N13 PR7+533 (G)"}}, {"type": "Feature", "geometry": {"type": "Point", "coordinates": [2.26037349, 48.88470419]}, "properties": {"route": "N13", "pr": "8", "abs": 1533, "label": "N13 PR8+1533 (G)"}}, {"type": "Feature", "geometry": {"type": "Point", "coordinates": [2.16859384, 48.73304539]}, "properties": {"route": "N118", "pr": "7", "abs": 7313, "label": "N118 PR7+7313 (G)"}}, {"type": "Feature", "geometry": {"type": "Point", "coordinates": [2.22500072, 48.82781329]}, "properties": {"route": "N118", "pr": "0", "abs": 0, "label": "N118 PR0 (G)"}}, {"type": "Feature", "geometry": {"type": "Point", "coordinates": [2.25175945, 48.88743322]}, "properties": {"route": "N1014", "pr": "0", "abs": 0, "label": "N1014 PR0 (G)"}}, {"type": "Feature", "geometry": {"type": "Point", "coordinates": [2.23476332, 48.89269843]}, "properties": {"route": "N1014", "pr": "999", "abs": 1358, "label": "N1014 PR999+1358 (G)"}}, {"type": "Feature", "geometry": {"type": "Point", "coordinates": [2.32533273, 48.74624328]}, "properties": {"route": "A6", "pr": "0", "abs": 0, "label": "A6 PR0 (G)"}}, {"type": "Feature", "geometry": {"type": "Point", "coordinates": [2.29818173, 48.93760087]}, "properties": {"route": "A15", "pr": "0", "abs": 0, "label": "A15 PR0 (G)"}}, {"type": "Feature", "geometry": {"type": "Point", "coordinates": [2.22484589, 48.77693549]}, "properties": {"route": "N385", "pr": "999", "abs": 5933, "label": "N385 PR999+5933 (G)"}}, {"type": "Feature", "geometry": {"type": "Point", "coordinates": [2.29182464, 48.76041058]}, "properties": {"route": "N385", "pr": "53", "abs": 0, "label": "N385 PR53 (G)"}}, {"type": "Feature", "geometry": {"type": "Point", "coordinates": [2.24742703, 48.88902127]}, "properties": {"route": "N192", "pr": "0", "abs": 0, "label": "N192 PR0 (G)"}}, {"type": "Feature", "geometry": {"type": "Point", "coordinates": [2.24063701, 48.89461003]}, "properties": {"route": "N192", "pr": "999", "abs": 840, "label": "N192 PR999+840 (G)"}}, {"type": "Feature", "geometry": {"type": "Point", "coordinates": [2.22879732, 48.77448494]}, "properties": {"route": "N306", "pr": "0", "abs": 0, "label": "N306 PR0 (G)"}}, {"type": "Feature", "geometry": {"type": "Point", "coordinates": [2.30968687, 48.91493973]}, "properties": {"route": "N315", "pr": "1", "abs": 0, "label": "N315 PR1 (G)"}}, {"type": "Feature", "geometry": {"type": "Point", "coordinates": [2.29818173, 48.93760087]}, "properties": {"route": "N315", "pr": "999", "abs": 2680, "label": "N315 PR999+2680 (G)"}}, {"type": "Feature", "geometry": {"type": "Point", "coordinates": [2.23476332, 48.89269843]}, "properties": {"route": "A14", "pr": "0", "abs": 0, "label": "A14 PR0 (G)"}}, {"type": "Feature", "geometry": {"type": "Point", "coordinates": [2.27938193, 48.87868483]}, "properties": {"route": "N13", "pr": "0", "abs": 0, "label": "N13 PR0 (G)"}}, {"type": "Feature", "geometry": {"type": "Point", "coordinates": [2.20144943, 48.90092566]}, "properties": {"route": "A86", "pr": "999", "abs": 18803, "label": "A86 PR999+18803 (G)"}}, {"type": "Feature", "geometry": {"type": "Point", "coordinates": [2.20144943, 48.90092566]}, "properties": {"route": "A86", "pr": "0", "abs": 0, "label": "A86 PR0 (G)"}}, {"type": "Feature", "geometry": {"type": "Point", "coordinates": [2.32533273, 48.74624328]}, "properties": {"route": "A6A", "pr": "999", "abs": 8806, "label": "A6A PR999+8806 (G)"}}, {"type": "Feature", "geometry": {"type": "Point", "coordinates": [2.33302394, 48.81853358]}, "properties": {"route": "A6A", "pr": "0", "abs": 0, "label": "A6A PR0 (G)"}}, {"type": "Feature", "geometry": {"type": "Point", "coordinates": [2.32913492, 48.7569761]}, "properties": {"route": "N186B", "pr": "999", "abs": 1773, "label": "N186B PR999+1773 (G)"}}]}