{"type": "FeatureCollection", "features": [{"type": "Feature", "geometry": {"type": "Point", "coordinates": [8.64836745, 42.36392353]}, "properties": {"route": "D81", "pr": "110", "abs": 110000, "label": "D81 PR110+110000"}}, {"type": "Feature", "geometry": {"type": "Point", "coordinates": [8.87841565, 42.29033015]}, "properties": {"route": "D84", "pr": "35", "abs": 35000, "label": "D84 PR35+35000"}}, {"type": "Feature", "geometry": {"type": "Point", "coordinates": [9.19481885, 42.02827902]}, "properties": {"route": "D69", "pr": "82", "abs": 82000, "label": "D69 PR82+82000"}}, {"type": "Feature", "geometry": {"type": "Point", "coordinates": [8.77271175, 41.98713911]}, "properties": {"route": "D81", "pr": "FS", "abs": null, "label": "D81 PRFS"}}, {"type": "Feature", "geometry": {"type": "Point", "coordinates": [8.66421316, 41.976924]}, "properties": {"route": "D561", "pr": "FS", "abs": null, "label": "D561 PRFS"}}, {"type": "Feature", "geometry": {"type": "Point", "coordinates": [8.8118264, 41.88880278]}, "properties": {"route": "D555", "pr": "DS", "abs": null, "label": "D555 PRDS"}}, {"type": "Feature", "geometry": {"type": "Point", "coordinates": [8.8118264, 41.88880278]}, "properties": {"route": "D555", "pr": "FS", "abs": null, "label": "D555 PRFS"}}, {"type": "Feature", "geometry": {"type": "Point", "coordinates": [8.66148407, 41.97547149]}, "properties": {"route": "D561", "pr": "DS", "abs": null, "label": "D561 PRDS"}}, {"type": "Feature", "geometry": {"type": "Point", "coordinates": [8.66148407, 41.97547149]}, "properties": {"route": "D561", "pr": "FS", "abs": null, "label": "D561 PRFS"}}, {"type": "Feature", "geometry": {"type": "Point", "coordinates": [8.90216077, 42.12214656]}, "properties": {"route": "D804", "pr": "FS", "abs": null, "label": "D804 PRFS"}}, {"type": "Feature", "geometry": {"type": "Point", "coordinates": [9.40211702, 41.85823788]}, "properties": {"route": "D68A", "pr": "FS", "abs": null, "label": "D68A PRFS"}}, {"type": "Feature", "geometry": {"type": "Point", "coordinates": [9.14811115, 41.95182551]}, "properties": {"route": "D328A", "pr": "FS", "abs": null, "label": "D328A PRFS"}}, {"type": "Feature", "geometry": {"type": "Point", "coordinates": [8.99494067, 41.84612934]}, "properties": {"route": "D26A", "pr": "FS", "abs": null, "label": "D26A PRFS"}}, {"type": "Feature", "geometry": {"type": "Point", "coordinates": [8.75730195, 41.94868153]}, "properties": {"route": "D211", "pr": "FS", "abs": null, "label": "D211 PRFS"}}, {"type": "Feature", "geometry": {"type": "Point", "coordinates": [8.81076465, 41.95198917]}, "properties": {"route": "D72", "pr": "FS", "abs": null, "label": "D72 PRFS"}}, {"type": "Feature", "geometry": {"type": "Point", "coordinates": [8.73899214, 41.92666938]}, "properties": {"route": "D111A", "pr": "FS", "abs": null, "label": "D111A PRFS"}}, {"type": "Feature", "geometry": {"type": "Point", "coordinates": [8.82752436, 42.16839401]}, "properties": {"route": "D4", "pr": "FS", "abs": null, "label": "D4 PRFS"}}, {"type": "Feature", "geometry": {"type": "Point", "coordinates": [8.66842307, 41.95946993]}, "properties": {"route": "D261", "pr": "FS", "abs": null, "label": "D261 PRFS"}}, {"type": "Feature", "geometry": {"type": "Point", "coordinates": [8.89853419, 42.03630153]}, "properties": {"route": "D129", "pr": "FS", "abs": null, "label": "D129 PRFS"}}, {"type": "Feature", "geometry": {"type": "Point", "coordinates": [8.81978101, 42.25321219]}, "properties": {"route": "D70", "pr": "FS", "abs": null, "label": "D70 PRFS"}}, {"type": "Feature", "geometry": {"type": "Point", "coordinates": [8.79649138, 41.92769073]}, "properties": {"route": "D503", "pr": "FS", "abs": null, "label": "D503 PRFS"}}, {"type": "Feature", "geometry": {"type": "Point", "coordinates": [8.99374855, 42.168878]}, "properties": {"route": "D23", "pr": "FS", "abs": null, "label": "D23 PRFS"}}, {"type": "Feature", "geometry": {"type": "Point", "coordinates": [8.81897551, 41.97147545]}, "properties": {"route": "D161", "pr": "FS", "abs": null, "label": "D161 PRFS"}}, {"type": "Feature", "geometry": {"type": "Point", "coordinates": [8.620875, 41.90218892]}, "properties": {"route": "D111", "pr": "FS", "abs": null, "label": "D111 PRFS"}}, {"type": "Feature", "geometry": {"type": "Point", "coordinates": [8.97878638, 42.04637622]}, "properties": {"route": "D227", "pr": "FS", "abs": null, "label": "D227 PRFS"}}, {"type": "Feature", "geometry": {"type": "Point", "coordinates": [8.82485092, 42.06083347]}, "properties": {"route": "D601", "pr": "FS", "abs": null, "label": "D601 PRFS"}}, {"type": "Feature", "geometry": {"type": "Point", "coordinates": [8.87042479, 41.880125]}, "properties": {"route": "D403", "pr": "FS", "abs": null, "label": "D403 PRFS"}}, {"type": "Feature", "geometry": {"type": "Point", "coordinates": [8.90143223, 42.02389357]}, "properties": {"route": "D129", "pr": "FS", "abs": null, "label": "D129 PRFS"}}, {"type": "Feature", "geometry": {"type": "Point", "coordinates": [8.81177577, 42.240873]}, "properties": {"route": "D224", "pr": "FS", "abs": null, "label": "D224 PRFS"}}, {"type": "Feature", "geometry": {"type": "Point", "coordinates": [8.80186473, 42.16734326]}, "properties": {"route": "D156", "pr": "FS", "abs": null, "label": "D156 PRFS"}}, {"type": "Feature", "geometry": {"type": "Point", "coordinates": [8.80060338, 42.16051848]}, "properties": {"route": "D423", "pr": "FS", "abs": null, "label": "D423 PRFS"}}, {"type": "Feature", "geometry": {"type": "Point", "coordinates": [8.94578342, 42.12879875]}, "properties": {"route": "D504A", "pr": "FS", "abs": null, "label": "D504A PRFS"}}, {"type": "Feature", "geometry": {"type": "Point", "coordinates": [9.05174451, 42.08246814]}, "properties": {"route": "D27", "pr": "FS", "abs": null, "label": "D27 PRFS"}}, {"type": "Feature", "geometry": {"type": "Point", "coordinates": [8.92460371, 42.12480735]}, "properties": {"route": "D704", "pr": "FS", "abs": null, "label": "D704 PRFS"}}, {"type": "Feature", "geometry": {"type": "Point", "coordinates": [8.89811963, 42.17365005]}, "properties": {"route": "D323", "pr": "FS", "abs": null, "label": "D323 PRFS"}}, {"type": "Feature", "geometry": {"type": "Point", "coordinates": [8.98125034, 41.87779924]}, "properties": {"route": "D2", "pr": "FS", "abs": null, "label": "D2 PRFS"}}, {"type": "Feature", "geometry": {"type": "Point", "coordinates": [8.82519761, 42.06131802]}, "properties": {"route": "D301", "pr": "FS", "abs": null, "label": "D301 PRFS"}}, {"type": "Feature", "geometry": {"type": "Point", "coordinates": [8.88072111, 42.01455795]}, "properties": {"route": "D229", "pr": "FS", "abs": null, "label": "D229 PRFS"}}, {"type": "Feature", "geometry": {"type": "Point", "coordinates": [8.688709, 42.28152752]}, "properties": {"route": "D724", "pr": "FS", "abs": null, "label": "D724 PRFS"}}, {"type": "Feature", "geometry": {"type": "Point", "coordinates": [8.6482616, 41.92999154]}, "properties": {"route": "D11B", "pr": "FS", "abs": null, "label": "D11B PRFS"}}, {"type": "Feature", "geometry": {"type": "Point", "coordinates": [8.93218256, 42.18597596]}, "properties": {"route": "D223", "pr": "FS", "abs": null, "label": "D223 PRFS"}}, {"type": "Feature", "geometry": {"type": "Point", "coordinates": [8.58019111, 42.20773785]}, "properties": {"route": "D824", "pr": "FS", "abs": null, "label": "D824 PRFS"}}, {"type": "Feature", "geometry": {"type": "Point", "coordinates": [8.65784125, 42.18773265]}, "properties": {"route": "D481", "pr": "FS", "abs": null, "label": "D481 PRFS"}}, {"type": "Feature", "geometry": {"type": "Point", "coordinates": [8.94264683, 42.11161305]}, "properties": {"route": "D604", "pr": "FS", "abs": null, "label": "D604 PRFS"}}, {"type": "Feature", "geometry": {"type": "Point", "coordinates": [8.99188554, 41.87980812]}, "properties": {"route": "D126", "pr": "FS", "abs": null, "label": "D126 PRFS"}}, {"type": "Feature", "geometry": {"type": "Point", "coordinates": [9.14800564, 41.87842215]}, "properties": {"route": "D428", "pr": "FS", "abs": null, "label": "D428 PRFS"}}, {"type": "Feature", "geometry": {"type": "Point", "coordinates": [8.78745974, 42.06775008]}, "properties": {"route": "D201", "pr": "FS", "abs": null, "label": "D201 PRFS"}}, {"type": "Feature", "geometry": {"type": "Point", "coordinates": [8.88857884, 41.91859768]}, "properties": {"route": "D203", "pr": "FS", "abs": null, "label": "D203 PRFS"}}, {"type": "Feature", "geometry": {"type": "Point", "coordinates": [8.76679102, 42.01353199]}, "properties": {"route": "D581", "pr": "FS", "abs": null, "label": "D581 PRFS"}}, {"type": "Feature", "geometry": {"type": "Point", "coordinates": [9.12303695, 41.99880228]}, "properties": {"route": "D27A", "pr": "FS", "abs": null, "label": "D27A PRFS"}}, {"type": "Feature", "geometry": {"type": "Point", "coordinates": [8.75602174, 42.00147839]}, "properties": {"route": "D61", "pr": "FS", "abs": null, "label": "D61 PRFS"}}, {"type": "Feature", "geometry": {"type": "Point", "coordinates": [9.16952189, 41.95223087]}, "properties": {"route": "D28", "pr": "FS", "abs": null, "label": "D28 PRFS"}}, {"type": "Feature", "geometry": {"type": "Point", "coordinates": [8.92967037, 41.8659823]}, "properties": {"route": "D2", "pr": "FS", "abs": null, "label": "D2 PRFS"}}, {"type": "Feature", "geometry": {"type": "Point", "coordinates": [8.9701025, 42.13950386]}, "properties": {"route": "D404", "pr": "FS", "abs": null, "label": "D404 PRFS"}}, {"type": "Feature", "geometry": {"type": "Point", "coordinates": [8.85529686, 41.97560046]}, "properties": {"route": "D303", "pr": "FS", "abs": null, "label": "D303 PRFS"}}, {"type": "Feature", "geometry": {"type": "Point", "coordinates": [8.91364609, 42.19119153]}, "properties": {"route": "D123", "pr": "FS", "abs": null, "label": "D123 PRFS"}}, {"type": "Feature", "geometry": {"type": "Point", "coordinates": [9.14941783, 41.95008683]}, "properties": {"route": "D328", "pr": "FS", "abs": null, "label": "D328 PRFS"}}, {"type": "Feature", "geometry": {"type": "Point", "coordinates": [8.78764544, 42.16385817]}, "properties": {"route": "D70", "pr": "FS", "abs": null, "label": "D70 PRFS"}}, {"type": "Feature", "geometry": {"type": "Point", "coordinates": [8.82731365, 42.04600244]}, "properties": {"route": "D401", "pr": "FS", "abs": null, "label": "D401 PRFS"}}, {"type": "Feature", "geometry": {"type": "Point", "coordinates": [8.78252047, 42.17896898]}, "properties": {"route": "D56", "pr": "FS", "abs": null, "label": "D56 PRFS"}}, {"type": "Feature", "geometry": {"type": "Point", "coordinates": [8.8670356, 42.0102147]}, "properties": {"route": "D361", "pr": "FS", "abs": null, "label": "D361 PRFS"}}, {"type": "Feature", "geometry": {"type": "Point", "coordinates": [8.78749627, 41.93495286]}, "properties": {"route": "D503A", "pr": "FS", "abs": null, "label": "D503A PRFS"}}, {"type": "Feature", "geometry": {"type": "Point", "coordinates": [8.90790948, 41.98741911]}, "properties": {"route": "D29", "pr": "FS", "abs": null, "label": "D29 PRFS"}}, {"type": "Feature", "geometry": {"type": "Point", "coordinates": [8.70901327, 42.26408397]}, "properties": {"route": "D84", "pr": "FS", "abs": null, "label": "D84 PRFS"}}, {"type": "Feature", "geometry": {"type": "Point", "coordinates": [9.15521417, 41.93480936]}, "properties": {"route": "D757", "pr": "FS", "abs": null, "label": "D757 PRFS"}}, {"type": "Feature", "geometry": {"type": "Point", "coordinates": [8.82530201, 41.91331937]}, "properties": {"route": "D55B", "pr": "FS", "abs": null, "label": "D55B PRFS"}}, {"type": "Feature", "geometry": {"type": "Point", "coordinates": [8.7165161, 41.93559568]}, "properties": {"route": "D11A", "pr": "FS", "abs": null, "label": "D11A PRFS"}}, {"type": "Feature", "geometry": {"type": "Point", "coordinates": [9.00538615, 41.89947058]}, "properties": {"route": "D183", "pr": "FS", "abs": null, "label": "D183 PRFS"}}, {"type": "Feature", "geometry": {"type": "Point", "coordinates": [8.97886039, 41.86874298]}, "properties": {"route": "D2B", "pr": "FS", "abs": null, "label": "D2B PRFS"}}, {"type": "Feature", "geometry": {"type": "Point", "coordinates": [9.09060762, 41.8333375]}, "properties": {"route": "D26", "pr": "FS", "abs": null, "label": "D26 PRFS"}}, {"type": "Feature", "geometry": {"type": "Point", "coordinates": [9.05318826, 41.83852884]}, "properties": {"route": "D26", "pr": "FS", "abs": null, "label": "D26 PRFS"}}, {"type": "Feature", "geometry": {"type": "Point", "coordinates": [8.94467976, 41.87642398]}, "properties": {"route": "D55", "pr": "FS", "abs": null, "label": "D55 PRFS"}}, {"type": "Feature", "geometry": {"type": "Point", "coordinates": [8.82210758, 42.21193023]}, "properties": {"route": "D170", "pr": "FS", "abs": null, "label": "D170 PRFS"}}, {"type": "Feature", "geometry": {"type": "Point", "coordinates": [8.78254164, 42.1604661]}, "properties": {"route": "D56", "pr": "FS", "abs": null, "label": "D56 PRFS"}}, {"type": "Feature", "geometry": {"type": "Point", "coordinates": [8.91148682, 41.98831185]}, "properties": {"route": "D501", "pr": "FS", "abs": null, "label": "D501 PRFS"}}, {"type": "Feature", "geometry": {"type": "Point", "coordinates": [8.71870399, 41.9323138]}, "properties": {"route": "D11C", "pr": "FS", "abs": null, "label": "D11C PRFS"}}, {"type": "Feature", "geometry": {"type": "Point", "coordinates": [8.83748876, 42.04933604]}, "properties": {"route": "D101", "pr": "FS", "abs": null, "label": "D101 PRFS"}}, {"type": "Feature", "geometry": {"type": "Point", "coordinates": [8.73868251, 41.92814542]}, "properties": {"route": "D11", "pr": "FS", "abs": null, "label": "D11 PRFS"}}, {"type": "Feature", "geometry": {"type": "Point", "coordinates": [8.64747666, 42.30362671]}, "properties": {"route": "D424", "pr": "FS", "abs": null, "label": "D424 PRFS"}}, {"type": "Feature", "geometry": {"type": "Point", "coordinates": [8.81982336, 42.2463522]}, "properties": {"route": "D24", "pr": "FS", "abs": null, "label": "D24 PRFS"}}, {"type": "Feature", "geometry": {"type": "Point", "coordinates": [9.37227885, 41.83659921]}, "properties": {"route": "D68", "pr": "FS", "abs": null, "label": "D68 PRFS"}}, {"type": "Feature", "geometry": {"type": "Point", "coordinates": [8.78414716, 42.00008589]}, "properties": {"route": "D281", "pr": "FS", "abs": null, "label": "D281 PRFS"}}, {"type": "Feature", "geometry": {"type": "Point", "coordinates": [8.78271467, 42.24315868]}, "properties": {"route": "D24", "pr": "FS", "abs": null, "label": "D24 PRFS"}}, {"type": "Feature", "geometry": {"type": "Point", "coordinates": [8.66184002, 42.30208335]}, "properties": {"route": "D324", "pr": "FS", "abs": null, "label": "D324 PRFS"}}, {"type": "Feature", "geometry": {"type": "Point", "coordinates": [8.8268208, 41.98933788]}, "properties": {"route": "D5", "pr": "FS", "abs": null, "label": "D5 PRFS"}}, {"type": "Feature", "geometry": {"type": "Point", "coordinates": [8.67223744, 41.99221332]}, "properties": {"route": "D381", "pr": "FS", "abs": null, "label": "D381 PRFS"}}, {"type": "Feature", "geometry": {"type": "Point", "coordinates": [8.87625261, 41.83322084]}, "properties": {"route": "D55", "pr": "FS", "abs": null, "label": "D55 PRFS"}}, {"type": "Feature", "geometry": {"type": "Point", "coordinates": [8.93066576, 42.11066576]}, "properties": {"route": "D125", "pr": "FS", "abs": null, "label": "D125 PRFS"}}, {"type": "Feature", "geometry": {"type": "Point", "coordinates": [9.11128822, 41.91489671]}, "properties": {"route": "D228", "pr": "FS", "abs": null, "label": "D228 PRFS"}}, {"type": "Feature", "geometry": {"type": "Point", "coordinates": [8.62315762, 41.94014739]}, "properties": {"route": "D111B", "pr": "FS", "abs": null, "label": "D111B PRFS"}}, {"type": "Feature", "geometry": {"type": "Point", "coordinates": [8.91636096, 41.94294632]}, "properties": {"route": "D29", "pr": "FS", "abs": null, "label": "D29 PRFS"}}, {"type": "Feature", "geometry": {"type": "Point", "coordinates": [9.01741524, 41.9782482]}, "properties": {"route": "D3", "pr": "FS", "abs": null, "label": "D3 PRFS"}}, {"type": "Feature", "geometry": {"type": "Point", "coordinates": [8.74308976, 41.97655655]}, "properties": {"route": "D461", "pr": "FS", "abs": null, "label": "D461 PRFS"}}, {"type": "Feature", "geometry": {"type": "Point", "coordinates": [9.02808142, 42.05243973]}, "properties": {"route": "D127", "pr": "FS", "abs": null, "label": "D127 PRFS"}}, {"type": "Feature", "geometry": {"type": "Point", "coordinates": [8.80496361, 41.85838606]}, "properties": {"route": "D455", "pr": "FS", "abs": null, "label": "D455 PRFS"}}, {"type": "Feature", "geometry": {"type": "Point", "coordinates": [8.71702519, 42.14423579]}, "properties": {"route": "D181", "pr": "FS", "abs": null, "label": "D181 PRFS"}}, {"type": "Feature", "geometry": {"type": "Point", "coordinates": [9.09605289, 41.89998482]}, "properties": {"route": "D83", "pr": "FS", "abs": null, "label": "D83 PRFS"}}, {"type": "Feature", "geometry": {"type": "Point", "coordinates": [8.83510919, 41.98036617]}, "properties": {"route": "D1", "pr": "FS", "abs": null, "label": "D1 PRFS"}}, {"type": "Feature", "geometry": {"type": "Point", "coordinates": [8.79185979, 42.07937374]}, "properties": {"route": "D25", "pr": "FS", "abs": null, "label": "D25 PRFS"}}, {"type": "Feature", "geometry": {"type": "Point", "coordinates": [8.78298865, 41.95239435]}, "properties": {"route": "D31", "pr": "FS", "abs": null, "label": "D31 PRFS"}}, {"type": "Feature", "geometry": {"type": "Point", "coordinates": [8.74868638, 42.24992171]}, "properties": {"route": "D124", "pr": "FS", "abs": null, "label": "D124 PRFS"}}, {"type": "Feature", "geometry": {"type": "Point", "coordinates": [8.99814148, 42.14016596]}, "properties": {"route": "D104", "pr": "FS", "abs": null, "label": "D104 PRFS"}}, {"type": "Feature", "geometry": {"type": "Point", "coordinates": [8.66609229, 41.97717091]}, "properties": {"route": "D561", "pr": "FS", "abs": null, "label": "D561 PRFS"}}, {"type": "Feature", "geometry": {"type": "Point", "coordinates": [8.79794018, 42.16673995]}, "properties": {"route": "D1", "pr": "FS", "abs": null, "label": "D1 PRFS"}}, {"type": "Feature", "geometry": {"type": "Point", "coordinates": [8.79082364, 41.86741062]}, "properties": {"route": "D555", "pr": "FS", "abs": null, "label": "D555 PRFS"}}, {"type": "Feature", "geometry": {"type": "Point", "coordinates": [8.89789874, 41.9200393]}, "properties": {"route": "D103", "pr": "FS", "abs": null, "label": "D103 PRFS"}}, {"type": "Feature", "geometry": {"type": "Point", "coordinates": [8.83696475, 42.02317373]}, "properties": {"route": "D161", "pr": "FS", "abs": null, "label": "D161 PRFS"}}, {"type": "Feature", "geometry": {"type": "Point", "coordinates": [8.95608672, 41.85598384]}, "properties": {"route": "D102", "pr": "FS", "abs": null, "label": "D102 PRFS"}}, {"type": "Feature", "geometry": {"type": "Point", "coordinates": [8.92064091, 41.85477715]}, "properties": {"route": "D202", "pr": "FS", "abs": null, "label": "D202 PRFS"}}, {"type": "Feature", "geometry": {"type": "Point", "coordinates": [9.12203906, 41.94059651]}, "properties": {"route": "D128", "pr": "FS", "abs": null, "label": "D128 PRFS"}}, {"type": "Feature", "geometry": {"type": "Point", "coordinates": [9.13051168, 41.91030876]}, "properties": {"route": "D757A", "pr": "FS", "abs": null, "label": "D757A PRFS"}}, {"type": "Feature", "geometry": {"type": "Point", "coordinates": [8.84766133, 41.9798207]}, "properties": {"route": "D701", "pr": "FS", "abs": null, "label": "D701 PRFS"}}, {"type": "Feature", "geometry": {"type": "Point", "coordinates": [8.77305586, 41.98691762]}, "properties": {"route": "D81", "pr": "FS", "abs": null, "label": "D81 PRFS"}}, {"type": "Feature", "geometry": {"type": "Point", "coordinates": [8.62757889, 42.24923517]}, "properties": {"route": "D624", "pr": "FS", "abs": null, "label": "D624 PRFS"}}, {"type": "Feature", "geometry": {"type": "Point", "coordinates": [8.71095963, 42.30113974]}, "properties": {"route": "D524", "pr": "FS", "abs": null, "label": "D524 PRFS"}}, {"type": "Feature", "geometry": {"type": "Point", "coordinates": [8.84806368, 41.99339839]}, "properties": {"route": "D5", "pr": "FS", "abs": null, "label": "D5 PRFS"}}, {"type": "Feature", "geometry": {"type": "Point", "coordinates": [8.78240462, 42.05019106]}, "properties": {"route": "D601", "pr": "FS", "abs": null, "label": "D601 PRFS"}}, {"type": "Feature", "geometry": {"type": "Point", "coordinates": [8.87852782, 42.29032304]}, "properties": {"route": "D84", "pr": "FS", "abs": null, "label": "D84 PRFS"}}, {"type": "Feature", "geometry": {"type": "Point", "coordinates": [8.77271175, 41.98713911]}, "properties": {"route": "D81", "pr": "DS", "abs": null, "label": "D81 PRDS"}}, {"type": "Feature", "geometry": {"type": "Point", "coordinates": [8.66609229, 41.97717091]}, "properties": {"route": "D561", "pr": "DS", "abs": null, "label": "D561 PRDS"}}, {"type": "Feature", "geometry": {"type": "Point", "coordinates": [8.8118264, 41.88880278]}, "properties": {"route": "D555", "pr": "DS", "abs": null, "label": "D555 PRDS"}}, {"type": "Feature", "geometry": {"type": "Point", "coordinates": [8.66609229, 41.97717091]}, "properties": {"route": "D561", "pr": "DS", "abs": null, "label": "D561 PRDS"}}, {"type": "Feature", "geometry": {"type": "Point", "coordinates": [8.94281935, 42.12735846]}, "properties": {"route": "D504C", "pr": "DS", "abs": null, "label": "D504C PRDS"}}, {"type": "Feature", "geometry": {"type": "Point", "coordinates": [8.87417084, 42.13014587]}, "properties": {"route": "D904", "pr": "DS", "abs": null, "label": "D904 PRDS"}}, {"type": "Feature", "geometry": {"type": "Point", "coordinates": [8.91979051, 42.00426523]}, "properties": {"route": "D29A", "pr": "DS", "abs": null, "label": "D29A PRDS"}}, {"type": "Feature", "geometry": {"type": "Point", "coordinates": [8.94857158, 42.12312995]}, "properties": {"route": "D504", "pr": "DS", "abs": null, "label": "D504 PRDS"}}, {"type": "Feature", "geometry": {"type": "Point", "coordinates": [8.80102555, 41.95362459]}, "properties": {"route": "D72", "pr": "DS", "abs": null, "label": "D72 PRDS"}}, {"type": "Feature", "geometry": {"type": "Point", "coordinates": [8.94202054, 42.12510093]}, "properties": {"route": "D504B", "pr": "DS", "abs": null, "label": "D504B PRDS"}}, {"type": "Feature", "geometry": {"type": "Point", "coordinates": [8.66148407, 41.97547149]}, "properties": {"route": "D561", "pr": "DS", "abs": null, "label": "D561 PRDS"}}, {"type": "Feature", "geometry": {"type": "Point", "coordinates": [8.80112139, 41.95340943]}, "properties": {"route": "D72", "pr": "DS", "abs": null, "label": "D72 PRDS"}}, {"type": "Feature", "geometry": {"type": "Point", "coordinates": [8.97712471, 42.13046831]}, "properties": {"route": "D204", "pr": "DS", "abs": null, "label": "D204 PRDS"}}, {"type": "Feature", "geometry": {"type": "Point", "coordinates": [8.73881418, 41.91909122]}, "properties": {"route": "D111A", "pr": "DS", "abs": null, "label": "D111A PRDS"}}, {"type": "Feature", "geometry": {"type": "Point", "coordinates": [8.90058619, 42.023302]}, "properties": {"route": "D129", "pr": "DS", "abs": null, "label": "D129 PRDS"}}, {"type": "Feature", "geometry": {"type": "Point", "coordinates": [8.78766464, 42.16399138]}, "properties": {"route": "D70", "pr": "DS", "abs": null, "label": "D70 PRDS"}}, {"type": "Feature", "geometry": {"type": "Point", "coordinates": [8.78764544, 42.16385817]}, "properties": {"route": "D23", "pr": "DS", "abs": null, "label": "D23 PRDS"}}, {"type": "Feature", "geometry": {"type": "Point", "coordinates": [8.7852429, 42.04988538]}, "properties": {"route": "D601", "pr": "DS", "abs": null, "label": "D601 PRDS"}}, {"type": "Feature", "geometry": {"type": "Point", "coordinates": [8.96291496, 41.871054]}, "properties": {"route": "D2", "pr": "DS", "abs": null, "label": "D2 PRDS"}}, {"type": "Feature", "geometry": {"type": "Point", "coordinates": [8.97654744, 42.13052973]}, "properties": {"route": "D304", "pr": "DS", "abs": null, "label": "D304 PRDS"}}, {"type": "Feature", "geometry": {"type": "Point", "coordinates": [8.75629283, 42.00179243]}, "properties": {"route": "D581", "pr": "DS", "abs": null, "label": "D581 PRDS"}}, {"type": "Feature", "geometry": {"type": "Point", "coordinates": [8.78747575, 42.16424948]}, "properties": {"route": "D56", "pr": "DS", "abs": null, "label": "D56 PRDS"}}, {"type": "Feature", "geometry": {"type": "Point", "coordinates": [9.05533734, 41.84558574]}, "properties": {"route": "D26", "pr": "DS", "abs": null, "label": "D26 PRDS"}}, {"type": "Feature", "geometry": {"type": "Point", "coordinates": [8.88127723, 41.83828841]}, "properties": {"route": "D55", "pr": "DS", "abs": null, "label": "D55 PRDS"}}, {"type": "Feature", "geometry": {"type": "Point", "coordinates": [8.72618763, 41.91695057]}, "properties": {"route": "D11", "pr": "DS", "abs": null, "label": "D11 PRDS"}}, {"type": "Feature", "geometry": {"type": "Point", "coordinates": [8.84439308, 42.23680906]}, "properties": {"route": "D24", "pr": "DS", "abs": null, "label": "D24 PRDS"}}, {"type": "Feature", "geometry": {"type": "Point", "coordinates": [8.77241205, 41.9874933]}, "properties": {"route": "D81", "pr": "DS", "abs": null, "label": "D81 PRDS"}}, {"type": "Feature", "geometry": {"type": "Point", "coordinates": [8.89617509, 41.98081854]}, "properties": {"route": "D29", "pr": "DS", "abs": null, "label": "D29 PRDS"}}, {"type": "Feature", "geometry": {"type": "Point", "coordinates": [8.81780589, 41.92187796]}, "properties": {"route": "D3", "pr": "DS", "abs": null, "label": "D3 PRDS"}}, {"type": "Feature", "geometry": {"type": "Point", "coordinates": [9.00294661, 42.0751358]}, "properties": {"route": "D127", "pr": "DS", "abs": null, "label": "D127 PRDS"}}, {"type": "Feature", "geometry": {"type": "Point", "coordinates": [9.39275555, 41.8620335]}, "properties": {"route": "D268", "pr": "DS", "abs": null, "label": "D268 PRDS"}}, {"type": "Feature", "geometry": {"type": "Point", "coordinates": [8.7912264, 41.85550982]}, "properties": {"route": "D455", "pr": "DS", "abs": null, "label": "D455 PRDS"}}, {"type": "Feature", "geometry": {"type": "Point", "coordinates": [8.96324979, 41.8829222]}, "properties": {"route": "D83", "pr": "DS", "abs": null, "label": "D83 PRDS"}}, {"type": "Feature", "geometry": {"type": "Point", "coordinates": [8.83147383, 41.97852823]}, "properties": {"route": "D1", "pr": "DS", "abs": null, "label": "D1 PRDS"}}, {"type": "Feature", "geometry": {"type": "Point", "coordinates": [8.81148557, 41.88854953]}, "properties": {"route": "D555", "pr": "DS", "abs": null, "label": "D555 PRDS"}}, {"type": "Feature", "geometry": {"type": "Point", "coordinates": [8.81898547, 41.97161273]}, "properties": {"route": "D161", "pr": "DS", "abs": null, "label": "D161 PRDS"}}, {"type": "Feature", "geometry": {"type": "Point", "coordinates": [8.82730223, 41.98972393]}, "properties": {"route": "D5", "pr": "DS", "abs": null, "label": "D5 PRDS"}}, {"type": "Feature", "geometry": {"type": "Point", "coordinates": [8.70925669, 42.26169118]}, "properties": {"route": "D84", "pr": "DS", "abs": null, "label": "D84 PRDS"}}, {"type": "Feature", "geometry": {"type": "Point", "coordinates": [8.78415138, 42.17580473]}, "properties": {"route": "D56", "pr": "21", "abs": 21000, "label": "D56 PR21+21000"}}, {"type": "Feature", "geometry": {"type": "Point", "coordinates": [8.78166703, 42.16746522]}, "properties": {"route": "D56", "pr": "20", "abs": 20000, "label": "D56 PR20+20000"}}, {"type": "Feature", "geometry": {"type": "Point", "coordinates": [8.71498284, 41.93509862]}, "properties": {"route": "D11A", "pr": "2", "abs": 2000, "label": "D11A PR2+2000"}}, {"type": "Feature", "geometry": {"type": "Point", "coordinates": [8.97417685, 42.13271545]}, "properties": {"route": "D204", "pr": "0", "abs": 0, "label": "D204 PR0"}}, {"type": "Feature", "geometry": {"type": "Point", "coordinates": [8.83613079, 41.91286966]}, "properties": {"route": "D55B", "pr": "0", "abs": 0, "label": "D55B PR0"}}, {"type": "Feature", "geometry": {"type": "Point", "coordinates": [8.75639626, 42.00160302]}, "properties": {"route": "D581", "pr": "0", "abs": 0, "label": "D581 PR0"}}, {"type": "Feature", "geometry": {"type": "Point", "coordinates": [8.75600474, 42.00179821]}, "properties": {"route": "D381", "pr": "0", "abs": 0, "label": "D381 PR0"}}, {"type": "Feature", "geometry": {"type": "Point", "coordinates": [8.81759102, 42.24680897]}, "properties": {"route": "D24", "pr": "2", "abs": 2000, "label": "D24 PR2+2000"}}, {"type": "Feature", "geometry": {"type": "Point", "coordinates": [8.73721546, 42.15208977]}, "properties": {"route": "D70", "pr": "6", "abs": 6000, "label": "D70 PR6+6000"}}, {"type": "Feature", "geometry": {"type": "Point", "coordinates": [8.84067244, 41.99854958]}, "properties": {"route": "D361", "pr": "0", "abs": 0, "label": "D361 PR0"}}, {"type": "Feature", "geometry": {"type": "Point", "coordinates": [8.8504577, 42.01379326]}, "properties": {"route": "D361", "pr": "2", "abs": 2000, "label": "D361 PR2+2000"}}, {"type": "Feature", "geometry": {"type": "Point", "coordinates": [8.84649488, 42.0054583]}, "properties": {"route": "D361", "pr": "1", "abs": 1000, "label": "D361 PR1+1000"}}, {"type": "Feature", "geometry": {"type": "Point", "coordinates": [8.86698356, 42.01025003]}, "properties": {"route": "D361", "pr": "4", "abs": 4000, "label": "D361 PR4+4000"}}, {"type": "Feature", "geometry": {"type": "Point", "coordinates": [8.85957706, 42.01510885]}, "properties": {"route": "D361", "pr": "3", "abs": 3000, "label": "D361 PR3+3000"}}, {"type": "Feature", "geometry": {"type": "Point", "coordinates": [8.83300605, 42.05123033]}, "properties": {"route": "D301", "pr": "0", "abs": 0, "label": "D301 PR0"}}, {"type": "Feature", "geometry": {"type": "Point", "coordinates": [8.82625589, 42.06266252]}, "properties": {"route": "D301", "pr": "2", "abs": 2000, "label": "D301 PR2+2000"}}, {"type": "Feature", "geometry": {"type": "Point", "coordinates": [8.8277485, 42.05885483]}, "properties": {"route": "D301", "pr": "1", "abs": 1000, "label": "D301 PR1+1000"}}, {"type": "Feature", "geometry": {"type": "Point", "coordinates": [8.7584766, 41.94523504]}, "properties": {"route": "D211", "pr": "0", "abs": 0, "label": "D211 PR0"}}, {"type": "Feature", "geometry": {"type": "Point", "coordinates": [8.82631642, 41.91311384]}, "properties": {"route": "D55B", "pr": "1", "abs": 1000, "label": "D55B PR1+1000"}}, {"type": "Feature", "geometry": {"type": "Point", "coordinates": [8.79811296, 42.25344966]}, "properties": {"route": "D24", "pr": "0", "abs": 0, "label": "D24 PR0"}}, {"type": "Feature", "geometry": {"type": "Point", "coordinates": [8.80089255, 42.23315598]}, "properties": {"route": "D24", "pr": "8", "abs": 8000, "label": "D24 PR8+8000"}}, {"type": "Feature", "geometry": {"type": "Point", "coordinates": [8.81576711, 42.23409767]}, "properties": {"route": "D24", "pr": "6", "abs": 6000, "label": "D24 PR6+6000"}}, {"type": "Feature", "geometry": {"type": "Point", "coordinates": [8.80829392, 42.23708077]}, "properties": {"route": "D24", "pr": "7", "abs": 7000, "label": "D24 PR7+7000"}}, {"type": "Feature", "geometry": {"type": "Point", "coordinates": [8.79221595, 42.2345574]}, "properties": {"route": "D24", "pr": "9", "abs": 9000, "label": "D24 PR9+9000"}}, {"type": "Feature", "geometry": {"type": "Point", "coordinates": [8.84091459, 42.23406745]}, "properties": {"route": "D24", "pr": "3", "abs": 3000, "label": "D24 PR3+3000"}}, {"type": "Feature", "geometry": {"type": "Point", "coordinates": [8.80829591, 42.25017307]}, "properties": {"route": "D24", "pr": "1", "abs": 1000, "label": "D24 PR1+1000"}}, {"type": "Feature", "geometry": {"type": "Point", "coordinates": [8.787436, 42.23952747]}, "properties": {"route": "D24", "pr": "10", "abs": 10000, "label": "D24 PR10+10000"}}, {"type": "Feature", "geometry": {"type": "Point", "coordinates": [8.82508989, 42.23304087]}, "properties": {"route": "D24", "pr": "5", "abs": 5000, "label": "D24 PR5+5000"}}, {"type": "Feature", "geometry": {"type": "Point", "coordinates": [8.83357744, 42.23231755]}, "properties": {"route": "D24", "pr": "4", "abs": 4000, "label": "D24 PR4+4000"}}, {"type": "Feature", "geometry": {"type": "Point", "coordinates": [8.79052748, 41.85142566]}, "properties": {"route": "D255A", "pr": "0", "abs": 0, "label": "D255A PR0"}}, {"type": "Feature", "geometry": {"type": "Point", "coordinates": [8.83018104, 41.84775028]}, "properties": {"route": "D255A", "pr": "5", "abs": 5000, "label": "D255A PR5+5000"}}, {"type": "Feature", "geometry": {"type": "Point", "coordinates": [8.84689364, 41.84312525]}, "properties": {"route": "D255A", "pr": "8", "abs": 8000, "label": "D255A PR8+8000"}}, {"type": "Feature", "geometry": {"type": "Point", "coordinates": [8.84547719, 41.8345522]}, "properties": {"route": "D255A", "pr": "9", "abs": 9000, "label": "D255A PR9+9000"}}, {"type": "Feature", "geometry": {"type": "Point", "coordinates": [8.801629, 41.85212494]}, "properties": {"route": "D255A", "pr": "1", "abs": 1000, "label": "D255A PR1+1000"}}, {"type": "Feature", "geometry": {"type": "Point", "coordinates": [8.80925878, 41.85436373]}, "properties": {"route": "D255A", "pr": "2", "abs": 2000, "label": "D255A PR2+2000"}}, {"type": "Feature", "geometry": {"type": "Point", "coordinates": [8.83720216, 42.02513816]}, "properties": {"route": "D1", "pr": "17", "abs": 17000, "label": "D1 PR17+17000"}}, {"type": "Feature", "geometry": {"type": "Point", "coordinates": [8.8312006, 41.84393152]}, "properties": {"route": "D255A", "pr": "6", "abs": 6000, "label": "D255A PR6+6000"}}, {"type": "Feature", "geometry": {"type": "Point", "coordinates": [8.81519315, 42.13394546]}, "properties": {"route": "D1", "pr": "47", "abs": 47000, "label": "D1 PR47+47000"}}, {"type": "Feature", "geometry": {"type": "Point", "coordinates": [8.81680598, 41.84986458]}, "properties": {"route": "D255A", "pr": "3", "abs": 3000, "label": "D255A PR3+3000"}}, {"type": "Feature", "geometry": {"type": "Point", "coordinates": [8.83963224, 41.8411057]}, "properties": {"route": "D255A", "pr": "7", "abs": 7000, "label": "D255A PR7+7000"}}, {"type": "Feature", "geometry": {"type": "Point", "coordinates": [8.824271, 41.84617824]}, "properties": {"route": "D255A", "pr": "4", "abs": 4000, "label": "D255A PR4+4000"}}, {"type": "Feature", "geometry": {"type": "Point", "coordinates": [8.93973386, 42.12089127]}, "properties": {"route": "D104", "pr": "0", "abs": 0, "label": "D104 PR0"}}, {"type": "Feature", "geometry": {"type": "Point", "coordinates": [8.99445933, 42.13846036]}, "properties": {"route": "D104", "pr": "10", "abs": 10000, "label": "D104 PR10+10000"}}, {"type": "Feature", "geometry": {"type": "Point", "coordinates": [8.9880364, 42.14277002]}, "properties": {"route": "D104", "pr": "8", "abs": 8000, "label": "D104 PR8+8000"}}, {"type": "Feature", "geometry": {"type": "Point", "coordinates": [8.97162186, 42.13428069]}, "properties": {"route": "D104", "pr": "5", "abs": 5000, "label": "D104 PR5+5000"}}, {"type": "Feature", "geometry": {"type": "Point", "coordinates": [8.9925641, 42.13982027]}, "properties": {"route": "D104", "pr": "9", "abs": 9000, "label": "D104 PR9+9000"}}, {"type": "Feature", "geometry": {"type": "Point", "coordinates": [8.95376558, 42.1248592]}, "properties": {"route": "D104", "pr": "2", "abs": 2000, "label": "D104 PR2+2000"}}, {"type": "Feature", "geometry": {"type": "Point", "coordinates": [8.97795803, 42.13243264]}, "properties": {"route": "D104", "pr": "6", "abs": 6000, "label": "D104 PR6+6000"}}, {"type": "Feature", "geometry": {"type": "Point", "coordinates": [8.98216617, 42.13700177]}, "properties": {"route": "D104", "pr": "7", "abs": 7000, "label": "D104 PR7+7000"}}, {"type": "Feature", "geometry": {"type": "Point", "coordinates": [8.94582753, 42.12405005]}, "properties": {"route": "D104", "pr": "1", "abs": 1000, "label": "D104 PR1+1000"}}, {"type": "Feature", "geometry": {"type": "Point", "coordinates": [8.9689101, 42.12928533]}, "properties": {"route": "D104", "pr": "4", "abs": 4000, "label": "D104 PR4+4000"}}, {"type": "Feature", "geometry": {"type": "Point", "coordinates": [8.96165401, 42.12963287]}, "properties": {"route": "D104", "pr": "3", "abs": 3000, "label": "D104 PR3+3000"}}, {"type": "Feature", "geometry": {"type": "Point", "coordinates": [8.78303812, 41.95259072]}, "properties": {"route": "D81", "pr": "0", "abs": 0, "label": "D81 PR0"}}, {"type": "Feature", "geometry": {"type": "Point", "coordinates": [8.63417062, 42.12558859]}, "properties": {"route": "D81", "pr": "38", "abs": 38000, "label": "D81 PR38+38000"}}, {"type": "Feature", "geometry": {"type": "Point", "coordinates": [8.66839346, 42.32111758]}, "properties": {"route": "D81", "pr": "89", "abs": 89000, "label": "D81 PR89+89000"}}, {"type": "Feature", "geometry": {"type": "Point", "coordinates": [8.60679401, 42.13568436]}, "properties": {"route": "D81", "pr": "42", "abs": 42000, "label": "D81 PR42+42000"}}, {"type": "Feature", "geometry": {"type": "Point", "coordinates": [8.75228014, 42.0456457]}, "properties": {"route": "D81", "pr": "19", "abs": 19000, "label": "D81 PR19+19000"}}, {"type": "Feature", "geometry": {"type": "Point", "coordinates": [8.69042333, 42.1168048]}, "properties": {"route": "D81", "pr": "31", "abs": 31000, "label": "D81 PR31+31000"}}, {"type": "Feature", "geometry": {"type": "Point", "coordinates": [8.69851408, 42.28461219]}, "properties": {"route": "D81", "pr": "77", "abs": 77000, "label": "D81 PR77+77000"}}, {"type": "Feature", "geometry": {"type": "Point", "coordinates": [8.65369451, 42.2439977]}, "properties": {"route": "D81", "pr": "64", "abs": 64000, "label": "D81 PR64+64000"}}, {"type": "Feature", "geometry": {"type": "Point", "coordinates": [8.69203927, 42.27267451]}, "properties": {"route": "D81", "pr": "75", "abs": 75000, "label": "D81 PR75+75000"}}, {"type": "Feature", "geometry": {"type": "Point", "coordinates": [8.73253511, 42.01385049]}, "properties": {"route": "D81", "pr": "11", "abs": 11000, "label": "D81 PR11+11000"}}, {"type": "Feature", "geometry": {"type": "Point", "coordinates": [8.66217093, 42.34426588]}, "properties": {"route": "D81", "pr": "100", "abs": 100000, "label": "D81 PR100+100000"}}, {"type": "Feature", "geometry": {"type": "Point", "coordinates": [8.60408775, 42.14859721]}, "properties": {"route": "D81", "pr": "45", "abs": 45000, "label": "D81 PR45+45000"}}, {"type": "Feature", "geometry": {"type": "Point", "coordinates": [8.75589573, 42.03797799]}, "properties": {"route": "D81", "pr": "18", "abs": 18000, "label": "D81 PR18+18000"}}, {"type": "Feature", "geometry": {"type": "Point", "coordinates": [8.62542758, 42.1260327]}, "properties": {"route": "D81", "pr": "39", "abs": 39000, "label": "D81 PR39+39000"}}, {"type": "Feature", "geometry": {"type": "Point", "coordinates": [8.64982891, 42.24020324]}, "properties": {"route": "D81", "pr": "63", "abs": 63000, "label": "D81 PR63+63000"}}, {"type": "Feature", "geometry": {"type": "Point", "coordinates": [8.6166581, 42.13701117]}, "properties": {"route": "D81", "pr": "41", "abs": 41000, "label": "D81 PR41+41000"}}, {"type": "Feature", "geometry": {"type": "Point", "coordinates": [8.5981782, 42.15935966]}, "properties": {"route": "D81", "pr": "47", "abs": 47000, "label": "D81 PR47+47000"}}, {"type": "Feature", "geometry": {"type": "Point", "coordinates": [8.60833807, 42.1721743]}, "properties": {"route": "D81", "pr": "49", "abs": 49000, "label": "D81 PR49+49000"}}, {"type": "Feature", "geometry": {"type": "Point", "coordinates": [8.60595245, 42.1561514]}, "properties": {"route": "D81", "pr": "46", "abs": 46000, "label": "D81 PR46+46000"}}, {"type": "Feature", "geometry": {"type": "Point", "coordinates": [8.68331753, 42.26096701]}, "properties": {"route": "D81", "pr": "70", "abs": 70000, "label": "D81 PR70+70000"}}, {"type": "Feature", "geometry": {"type": "Point", "coordinates": [8.75343031, 42.00383917]}, "properties": {"route": "D81", "pr": "7", "abs": 7000, "label": "D81 PR7+7000"}}, {"type": "Feature", "geometry": {"type": "Point", "coordinates": [8.65694033, 42.34083648]}, "properties": {"route": "D81", "pr": "99", "abs": 99000, "label": "D81 PR99+99000"}}, {"type": "Feature", "geometry": {"type": "Point", "coordinates": [8.63083085, 42.22854482]}, "properties": {"route": "D81", "pr": "60", "abs": 60000, "label": "D81 PR60+60000"}}, {"type": "Feature", "geometry": {"type": "Point", "coordinates": [8.74807729, 42.05137319]}, "properties": {"route": "D81", "pr": "20", "abs": 20000, "label": "D81 PR20+20000"}}, {"type": "Feature", "geometry": {"type": "Point", "coordinates": [8.68238073, 42.31087367]}, "properties": {"route": "D81", "pr": "86", "abs": 86000, "label": "D81 PR86+86000"}}, {"type": "Feature", "geometry": {"type": "Point", "coordinates": [8.68224057, 42.28906801]}, "properties": {"route": "D81", "pr": "82", "abs": 82000, "label": "D81 PR82+82000"}}, {"type": "Feature", "geometry": {"type": "Point", "coordinates": [8.63017036, 42.23617861]}, "properties": {"route": "D81", "pr": "61", "abs": 61000, "label": "D81 PR61+61000"}}, {"type": "Feature", "geometry": {"type": "Point", "coordinates": [8.60267018, 42.16560761]}, "properties": {"route": "D81", "pr": "48", "abs": 48000, "label": "D81 PR48+48000"}}, {"type": "Feature", "geometry": {"type": "Point", "coordinates": [8.69165626, 42.26294479]}, "properties": {"route": "D81", "pr": "71", "abs": 71000, "label": "D81 PR71+71000"}}, {"type": "Feature", "geometry": {"type": "Point", "coordinates": [8.63935523, 42.23798731]}, "properties": {"route": "D81", "pr": "62", "abs": 62000, "label": "D81 PR62+62000"}}, {"type": "Feature", "geometry": {"type": "Point", "coordinates": [8.64078745, 42.33485696]}, "properties": {"route": "D81", "pr": "97", "abs": 97000, "label": "D81 PR97+97000"}}, {"type": "Feature", "geometry": {"type": "Point", "coordinates": [8.75024567, 42.02693362]}, "properties": {"route": "D81", "pr": "14", "abs": 14000, "label": "D81 PR14+14000"}}, {"type": "Feature", "geometry": {"type": "Point", "coordinates": [8.76504598, 42.03214809]}, "properties": {"route": "D81", "pr": "16", "abs": 16000, "label": "D81 PR16+16000"}}, {"type": "Feature", "geometry": {"type": "Point", "coordinates": [8.69970926, 42.29067983]}, "properties": {"route": "D81", "pr": "78", "abs": 78000, "label": "D81 PR78+78000"}}, {"type": "Feature", "geometry": {"type": "Point", "coordinates": [8.75989503, 42.02968568]}, "properties": {"route": "D81", "pr": "15", "abs": 15000, "label": "D81 PR15+15000"}}, {"type": "Feature", "geometry": {"type": "Point", "coordinates": [8.77446599, 41.98510825]}, "properties": {"route": "D81", "pr": "4", "abs": 4000, "label": "D81 PR4+4000"}}, {"type": "Feature", "geometry": {"type": "Point", "coordinates": [8.75713978, 42.0337158]}, "properties": {"route": "D81", "pr": "17", "abs": 17000, "label": "D81 PR17+17000"}}, {"type": "Feature", "geometry": {"type": "Point", "coordinates": [8.63525768, 42.32517383]}, "properties": {"route": "D81", "pr": "95", "abs": 95000, "label": "D81 PR95+95000"}}, {"type": "Feature", "geometry": {"type": "Point", "coordinates": [8.61440193, 42.17956128]}, "properties": {"route": "D81", "pr": "50", "abs": 50000, "label": "D81 PR50+50000"}}, {"type": "Feature", "geometry": {"type": "Point", "coordinates": [8.70080456, 42.26793575]}, "properties": {"route": "D81", "pr": "74", "abs": 74000, "label": "D81 PR74+74000"}}, {"type": "Feature", "geometry": {"type": "Point", "coordinates": [8.67599282, 42.30061504]}, "properties": {"route": "D81", "pr": "84", "abs": 84000, "label": "D81 PR84+84000"}}, {"type": "Feature", "geometry": {"type": "Point", "coordinates": [8.73925288, 42.06508817]}, "properties": {"route": "D81", "pr": "22", "abs": 22000, "label": "D81 PR22+22000"}}, {"type": "Feature", "geometry": {"type": "Point", "coordinates": [8.65003096, 42.33522272]}, "properties": {"route": "D81", "pr": "98", "abs": 98000, "label": "D81 PR98+98000"}}, {"type": "Feature", "geometry": {"type": "Point", "coordinates": [8.64282626, 42.2176201]}, "properties": {"route": "D81", "pr": "58", "abs": 58000, "label": "D81 PR58+58000"}}, {"type": "Feature", "geometry": {"type": "Point", "coordinates": [8.65462354, 42.20968576]}, "properties": {"route": "D81", "pr": "56", "abs": 56000, "label": "D81 PR56+56000"}}, {"type": "Feature", "geometry": {"type": "Point", "coordinates": [8.68043451, 42.29532974]}, "properties": {"route": "D81", "pr": "83", "abs": 83000, "label": "D81 PR83+83000"}}, {"type": "Feature", "geometry": {"type": "Point", "coordinates": [8.69882829, 42.29630211]}, "properties": {"route": "D81", "pr": "79", "abs": 79000, "label": "D81 PR79+79000"}}, {"type": "Feature", "geometry": {"type": "Point", "coordinates": [8.72079304, 42.07659954]}, "properties": {"route": "D81", "pr": "25", "abs": 25000, "label": "D81 PR25+25000"}}, {"type": "Feature", "geometry": {"type": "Point", "coordinates": [8.68562858, 42.29449937]}, "properties": {"route": "D81", "pr": "81", "abs": 81000, "label": "D81 PR81+81000"}}, {"type": "Feature", "geometry": {"type": "Point", "coordinates": [8.6794143, 42.31608292]}, "properties": {"route": "D81", "pr": "87", "abs": 87000, "label": "D81 PR87+87000"}}, {"type": "Feature", "geometry": {"type": "Point", "coordinates": [8.70267019, 42.26239134]}, "properties": {"route": "D81", "pr": "72", "abs": 72000, "label": "D81 PR72+72000"}}, {"type": "Feature", "geometry": {"type": "Point", "coordinates": [8.67466313, 42.25820358]}, "properties": {"route": "D81", "pr": "69", "abs": 69000, "label": "D81 PR69+69000"}}, {"type": "Feature", "geometry": {"type": "Point", "coordinates": [8.74193076, 42.02237233]}, "properties": {"route": "D81", "pr": "13", "abs": 13000, "label": "D81 PR13+13000"}}, {"type": "Feature", "geometry": {"type": "Point", "coordinates": [8.67570999, 42.3183354]}, "properties": {"route": "D81", "pr": "88", "abs": 88000, "label": "D81 PR88+88000"}}, {"type": "Feature", "geometry": {"type": "Point", "coordinates": [8.66664389, 42.25428652]}, "properties": {"route": "D81", "pr": "67", "abs": 67000, "label": "D81 PR67+67000"}}, {"type": "Feature", "geometry": {"type": "Point", "coordinates": [8.60141299, 42.14024902]}, "properties": {"route": "D81", "pr": "44", "abs": 44000, "label": "D81 PR44+44000"}}, {"type": "Feature", "geometry": {"type": "Point", "coordinates": [8.72849541, 42.064583]}, "properties": {"route": "D81", "pr": "23", "abs": 23000, "label": "D81 PR23+23000"}}, {"type": "Feature", "geometry": {"type": "Point", "coordinates": [8.66028884, 42.24860429]}, "properties": {"route": "D81", "pr": "65", "abs": 65000, "label": "D81 PR65+65000"}}, {"type": "Feature", "geometry": {"type": "Point", "coordinates": [8.75660942, 41.99637918]}, "properties": {"route": "D81", "pr": "6", "abs": 6000, "label": "D81 PR6+6000"}}, {"type": "Feature", "geometry": {"type": "Point", "coordinates": [8.63645038, 42.33086023]}, "properties": {"route": "D81", "pr": "96", "abs": 96000, "label": "D81 PR96+96000"}}, {"type": "Feature", "geometry": {"type": "Point", "coordinates": [8.5971691, 42.13411882]}, "properties": {"route": "D81", "pr": "43", "abs": 43000, "label": "D81 PR43+43000"}}, {"type": "Feature", "geometry": {"type": "Point", "coordinates": [8.65992884, 42.32289623]}, "properties": {"route": "D81", "pr": "91", "abs": 91000, "label": "D81 PR91+91000"}}, {"type": "Feature", "geometry": {"type": "Point", "coordinates": [8.66184141, 42.31651202]}, "properties": {"route": "D81", "pr": "90", "abs": 90000, "label": "D81 PR90+90000"}}, {"type": "Feature", "geometry": {"type": "Point", "coordinates": [8.63553112, 42.22208305]}, "properties": {"route": "D81", "pr": "59", "abs": 59000, "label": "D81 PR59+59000"}}, {"type": "Feature", "geometry": {"type": "Point", "coordinates": [8.6528422, 42.11786395]}, "properties": {"route": "D81", "pr": "36", "abs": 36000, "label": "D81 PR36+36000"}}, {"type": "Feature", "geometry": {"type": "Point", "coordinates": [8.66129051, 42.25240535]}, "properties": {"route": "D81", "pr": "66", "abs": 66000, "label": "D81 PR66+66000"}}, {"type": "Feature", "geometry": {"type": "Point", "coordinates": [8.65036053, 42.35200957]}, "properties": {"route": "D81", "pr": "103", "abs": 103000, "label": "D81 PR103+103000"}}, {"type": "Feature", "geometry": {"type": "Point", "coordinates": [8.62034978, 42.13094713]}, "properties": {"route": "D81", "pr": "40", "abs": 40000, "label": "D81 PR40+40000"}}, {"type": "Feature", "geometry": {"type": "Point", "coordinates": [8.74589929, 42.05827069]}, "properties": {"route": "D81", "pr": "21", "abs": 21000, "label": "D81 PR21+21000"}}, {"type": "Feature", "geometry": {"type": "Point", "coordinates": [8.69304913, 42.29148051]}, "properties": {"route": "D81", "pr": "80", "abs": 80000, "label": "D81 PR80+80000"}}, {"type": "Feature", "geometry": {"type": "Point", "coordinates": [8.64989939, 42.21293959]}, "properties": {"route": "D81", "pr": "57", "abs": 57000, "label": "D81 PR57+57000"}}, {"type": "Feature", "geometry": {"type": "Point", "coordinates": [8.66567575, 42.10738727]}, "properties": {"route": "D81", "pr": "34", "abs": 34000, "label": "D81 PR34+34000"}}, {"type": "Feature", "geometry": {"type": "Point", "coordinates": [8.62102484, 42.18639497]}, "properties": {"route": "D81", "pr": "51", "abs": 51000, "label": "D81 PR51+51000"}}, {"type": "Feature", "geometry": {"type": "Point", "coordinates": [8.65710936, 42.11076601]}, "properties": {"route": "D81", "pr": "35", "abs": 35000, "label": "D81 PR35+35000"}}, {"type": "Feature", "geometry": {"type": "Point", "coordinates": [8.63356032, 42.19330353]}, "properties": {"route": "D81", "pr": "53", "abs": 53000, "label": "D81 PR53+53000"}}, {"type": "Feature", "geometry": {"type": "Point", "coordinates": [8.76656074, 41.99168011]}, "properties": {"route": "D81", "pr": "5", "abs": 5000, "label": "D81 PR5+5000"}}, {"type": "Feature", "geometry": {"type": "Point", "coordinates": [8.70144319, 42.1131939]}, "properties": {"route": "D81", "pr": "30", "abs": 30000, "label": "D81 PR30+30000"}}, {"type": "Feature", "geometry": {"type": "Point", "coordinates": [8.78032529, 41.96047631]}, "properties": {"route": "D81", "pr": "1", "abs": 1000, "label": "D81 PR1+1000"}}, {"type": "Feature", "geometry": {"type": "Point", "coordinates": [8.70346142, 42.10520049]}, "properties": {"route": "D81", "pr": "29", "abs": 29000, "label": "D81 PR29+29000"}}, {"type": "Feature", "geometry": {"type": "Point", "coordinates": [8.71736432, 42.08521356]}, "properties": {"route": "D81", "pr": "26", "abs": 26000, "label": "D81 PR26+26000"}}, {"type": "Feature", "geometry": {"type": "Point", "coordinates": [8.65899003, 42.35304354]}, "properties": {"route": "D81", "pr": "102", "abs": 102000, "label": "D81 PR102+102000"}}, {"type": "Feature", "geometry": {"type": "Point", "coordinates": [8.77903956, 41.96870448]}, "properties": {"route": "D81", "pr": "2", "abs": 2000, "label": "D81 PR2+2000"}}, {"type": "Feature", "geometry": {"type": "Point", "coordinates": [8.68488138, 42.10990891]}, "properties": {"route": "D81", "pr": "32", "abs": 32000, "label": "D81 PR32+32000"}}, {"type": "Feature", "geometry": {"type": "Point", "coordinates": [8.72176719, 42.06788219]}, "properties": {"route": "D81", "pr": "24", "abs": 24000, "label": "D81 PR24+24000"}}, {"type": "Feature", "geometry": {"type": "Point", "coordinates": [8.65120397, 42.32121892]}, "properties": {"route": "D81", "pr": "93", "abs": 93000, "label": "D81 PR93+93000"}}, {"type": "Feature", "geometry": {"type": "Point", "coordinates": [8.66305954, 42.34930254]}, "properties": {"route": "D81", "pr": "101", "abs": 101000, "label": "D81 PR101+101000"}}, {"type": "Feature", "geometry": {"type": "Point", "coordinates": [8.69348054, 42.27936055]}, "properties": {"route": "D81", "pr": "76", "abs": 76000, "label": "D81 PR76+76000"}}, {"type": "Feature", "geometry": {"type": "Point", "coordinates": [8.74022128, 42.01021287]}, "properties": {"route": "D81", "pr": "10", "abs": 10000, "label": "D81 PR10+10000"}}, {"type": "Feature", "geometry": {"type": "Point", "coordinates": [8.70816371, 42.09071738]}, "properties": {"route": "D81", "pr": "27", "abs": 27000, "label": "D81 PR27+27000"}}, {"type": "Feature", "geometry": {"type": "Point", "coordinates": [8.74336083, 42.00488685]}, "properties": {"route": "D81", "pr": "8", "abs": 8000, "label": "D81 PR8+8000"}}, {"type": "Feature", "geometry": {"type": "Point", "coordinates": [8.7799071, 41.97715271]}, "properties": {"route": "D81", "pr": "3", "abs": 3000, "label": "D81 PR3+3000"}}, {"type": "Feature", "geometry": {"type": "Point", "coordinates": [8.65172387, 42.3581835]}, "properties": {"route": "D81", "pr": "105", "abs": 105000, "label": "D81 PR105+105000"}}, {"type": "Feature", "geometry": {"type": "Point", "coordinates": [8.65546387, 42.3265365]}, "properties": {"route": "D81", "pr": "92", "abs": 92000, "label": "D81 PR92+92000"}}, {"type": "Feature", "geometry": {"type": "Point", "coordinates": [8.64525676, 42.20638915]}, "properties": {"route": "D81", "pr": "55", "abs": 55000, "label": "D81 PR55+55000"}}, {"type": "Feature", "geometry": {"type": "Point", "coordinates": [8.73356045, 42.02005297]}, "properties": {"route": "D81", "pr": "12", "abs": 12000, "label": "D81 PR12+12000"}}, {"type": "Feature", "geometry": {"type": "Point", "coordinates": [8.6690286, 42.25752174]}, "properties": {"route": "D81", "pr": "68", "abs": 68000, "label": "D81 PR68+68000"}}, {"type": "Feature", "geometry": {"type": "Point", "coordinates": [8.64463263, 42.12367921]}, "properties": {"route": "D81", "pr": "37", "abs": 37000, "label": "D81 PR37+37000"}}, {"type": "Feature", "geometry": {"type": "Point", "coordinates": [8.67941531, 42.30496264]}, "properties": {"route": "D81", "pr": "85", "abs": 85000, "label": "D81 PR85+85000"}}, {"type": "Feature", "geometry": {"type": "Point", "coordinates": [8.70943539, 42.26317552]}, "properties": {"route": "D81", "pr": "73", "abs": 73000, "label": "D81 PR73+73000"}}, {"type": "Feature", "geometry": {"type": "Point", "coordinates": [8.67651458, 42.10653815]}, "properties": {"route": "D81", "pr": "33", "abs": 33000, "label": "D81 PR33+33000"}}, {"type": "Feature", "geometry": {"type": "Point", "coordinates": [8.62786398, 42.19210786]}, "properties": {"route": "D81", "pr": "52", "abs": 52000, "label": "D81 PR52+52000"}}, {"type": "Feature", "geometry": {"type": "Point", "coordinates": [8.70969184, 42.09886911]}, "properties": {"route": "D81", "pr": "28", "abs": 28000, "label": "D81 PR28+28000"}}, {"type": "Feature", "geometry": {"type": "Point", "coordinates": [8.64483305, 42.35247542]}, "properties": {"route": "D81", "pr": "104", "abs": 104000, "label": "D81 PR104+104000"}}, {"type": "Feature", "geometry": {"type": "Point", "coordinates": [8.64303353, 42.32236333]}, "properties": {"route": "D81", "pr": "94", "abs": 94000, "label": "D81 PR94+94000"}}, {"type": "Feature", "geometry": {"type": "Point", "coordinates": [8.6397625, 42.19969112]}, "properties": {"route": "D81", "pr": "54", "abs": 54000, "label": "D81 PR54+54000"}}, {"type": "Feature", "geometry": {"type": "Point", "coordinates": [8.64832494, 42.36298053]}, "properties": {"route": "D81", "pr": "106", "abs": 106000, "label": "D81 PR106+106000"}}, {"type": "Feature", "geometry": {"type": "Point", "coordinates": [8.97301251, 42.13554858]}, "properties": {"route": "D404", "pr": "0", "abs": 0, "label": "D404 PR0"}}, {"type": "Feature", "geometry": {"type": "Point", "coordinates": [8.96999382, 42.139364]}, "properties": {"route": "D404", "pr": "2", "abs": 2000, "label": "D404 PR2+2000"}}, {"type": "Feature", "geometry": {"type": "Point", "coordinates": [8.97071579, 42.1375354]}, "properties": {"route": "D404", "pr": "1", "abs": 1000, "label": "D404 PR1+1000"}}, {"type": "Feature", "geometry": {"type": "Point", "coordinates": [9.3927002, 41.86215672]}, "properties": {"route": "D268", "pr": "0", "abs": 0, "label": "D268 PR0"}}, {"type": "Feature", "geometry": {"type": "Point", "coordinates": [9.38535616, 41.86480904]}, "properties": {"route": "D268", "pr": "1", "abs": 1000, "label": "D268 PR1+1000"}}, {"type": "Feature", "geometry": {"type": "Point", "coordinates": [9.37654869, 41.8598528]}, "properties": {"route": "D268", "pr": "2", "abs": 2000, "label": "D268 PR2+2000"}}, {"type": "Feature", "geometry": {"type": "Point", "coordinates": [9.3203624, 41.83553771]}, "properties": {"route": "D268", "pr": "10", "abs": 10000, "label": "D268 PR10+10000"}}, {"type": "Feature", "geometry": {"type": "Point", "coordinates": [9.33579468, 41.84158769]}, "properties": {"route": "D268", "pr": "8", "abs": 8000, "label": "D268 PR8+8000"}}, {"type": "Feature", "geometry": {"type": "Point", "coordinates": [9.30019734, 41.84287769]}, "properties": {"route": "D268", "pr": "14", "abs": 14000, "label": "D268 PR14+14000"}}, {"type": "Feature", "geometry": {"type": "Point", "coordinates": [9.2841848, 41.83622021]}, "properties": {"route": "D268", "pr": "16", "abs": 16000, "label": "D268 PR16+16000"}}, {"type": "Feature", "geometry": {"type": "Point", "coordinates": [9.35119223, 41.8468591]}, "properties": {"route": "D268", "pr": "6", "abs": 6000, "label": "D268 PR6+6000"}}, {"type": "Feature", "geometry": {"type": "Point", "coordinates": [9.35692798, 41.85105801]}, "properties": {"route": "D268", "pr": "5", "abs": 5000, "label": "D268 PR5+5000"}}, {"type": "Feature", "geometry": {"type": "Point", "coordinates": [9.36411211, 41.8577431]}, "properties": {"route": "D268", "pr": "4", "abs": 4000, "label": "D268 PR4+4000"}}, {"type": "Feature", "geometry": {"type": "Point", "coordinates": [9.30998536, 41.83348149]}, "properties": {"route": "D268", "pr": "11", "abs": 11000, "label": "D268 PR11+11000"}}, {"type": "Feature", "geometry": {"type": "Point", "coordinates": [9.304301, 41.8359755]}, "properties": {"route": "D268", "pr": "13", "abs": 13000, "label": "D268 PR13+13000"}}, {"type": "Feature", "geometry": {"type": "Point", "coordinates": [9.30707483, 41.83632405]}, "properties": {"route": "D268", "pr": "12", "abs": 12000, "label": "D268 PR12+12000"}}, {"type": "Feature", "geometry": {"type": "Point", "coordinates": [9.32981848, 41.83630465]}, "properties": {"route": "D268", "pr": "9", "abs": 9000, "label": "D268 PR9+9000"}}, {"type": "Feature", "geometry": {"type": "Point", "coordinates": [9.3429967, 41.84350287]}, "properties": {"route": "D268", "pr": "7", "abs": 7000, "label": "D268 PR7+7000"}}, {"type": "Feature", "geometry": {"type": "Point", "coordinates": [9.37140968, 41.8597328]}, "properties": {"route": "D268", "pr": "3", "abs": 3000, "label": "D268 PR3+3000"}}, {"type": "Feature", "geometry": {"type": "Point", "coordinates": [9.29330678, 41.83763391]}, "properties": {"route": "D268", "pr": "15", "abs": 15000, "label": "D268 PR15+15000"}}, {"type": "Feature", "geometry": {"type": "Point", "coordinates": [8.7912251, 41.85541081]}, "properties": {"route": "D455", "pr": "0", "abs": 0, "label": "D455 PR0"}}, {"type": "Feature", "geometry": {"type": "Point", "coordinates": [8.80203157, 41.85742515]}, "properties": {"route": "D455", "pr": "1", "abs": 1000, "label": "D455 PR1+1000"}}, {"type": "Feature", "geometry": {"type": "Point", "coordinates": [8.61505448, 42.18058256]}, "properties": {"route": "D481", "pr": "0", "abs": 0, "label": "D481 PR0"}}, {"type": "Feature", "geometry": {"type": "Point", "coordinates": [8.65025685, 42.18704619]}, "properties": {"route": "D481", "pr": "6", "abs": 6000, "label": "D481 PR6+6000"}}, {"type": "Feature", "geometry": {"type": "Point", "coordinates": [8.62946464, 42.18171545]}, "properties": {"route": "D481", "pr": "3", "abs": 3000, "label": "D481 PR3+3000"}}, {"type": "Feature", "geometry": {"type": "Point", "coordinates": [8.64373417, 42.18584679]}, "properties": {"route": "D481", "pr": "5", "abs": 5000, "label": "D481 PR5+5000"}}, {"type": "Feature", "geometry": {"type": "Point", "coordinates": [8.63578535, 42.1842751]}, "properties": {"route": "D481", "pr": "4", "abs": 4000, "label": "D481 PR4+4000"}}, {"type": "Feature", "geometry": {"type": "Point", "coordinates": [8.63058294, 42.17978845]}, "properties": {"route": "D481", "pr": "2", "abs": 2000, "label": "D481 PR2+2000"}}, {"type": "Feature", "geometry": {"type": "Point", "coordinates": [8.6230921, 42.18026363]}, "properties": {"route": "D481", "pr": "1", "abs": 1000, "label": "D481 PR1+1000"}}, {"type": "Feature", "geometry": {"type": "Point", "coordinates": [8.70106424, 41.92863373]}, "properties": {"route": "D11B", "pr": "0", "abs": 0, "label": "D11B PR0"}}, {"type": "Feature", "geometry": {"type": "Point", "coordinates": [8.66808418, 41.93306681]}, "properties": {"route": "D11B", "pr": "4", "abs": 4000, "label": "D11B PR4+4000"}}, {"type": "Feature", "geometry": {"type": "Point", "coordinates": [8.66027238, 41.93108202]}, "properties": {"route": "D11B", "pr": "5", "abs": 5000, "label": "D11B PR5+5000"}}, {"type": "Feature", "geometry": {"type": "Point", "coordinates": [8.65127778, 41.93017597]}, "properties": {"route": "D11B", "pr": "6", "abs": 6000, "label": "D11B PR6+6000"}}, {"type": "Feature", "geometry": {"type": "Point", "coordinates": [8.6801277, 41.93388401]}, "properties": {"route": "D11B", "pr": "2", "abs": 2000, "label": "D11B PR2+2000"}}, {"type": "Feature", "geometry": {"type": "Point", "coordinates": [8.67525355, 41.93251139]}, "properties": {"route": "D11B", "pr": "3", "abs": 3000, "label": "D11B PR3+3000"}}, {"type": "Feature", "geometry": {"type": "Point", "coordinates": [8.69097954, 41.93214035]}, "properties": {"route": "D11B", "pr": "1", "abs": 1000, "label": "D11B PR1+1000"}}, {"type": "Feature", "geometry": {"type": "Point", "coordinates": [8.6927185, 42.26936635]}, "properties": {"route": "D84", "pr": "0", "abs": 0, "label": "D84 PR0"}}, {"type": "Feature", "geometry": {"type": "Point", "coordinates": [8.81978101, 42.25321219]}, "properties": {"route": "D84", "pr": "24", "abs": 24000, "label": "D84 PR24+24000"}}, {"type": "Feature", "geometry": {"type": "Point", "coordinates": [8.84660532, 42.27121708]}, "properties": {"route": "D84", "pr": "29", "abs": 29000, "label": "D84 PR29+29000"}}, {"type": "Feature", "geometry": {"type": "Point", "coordinates": [8.88129389, 42.28091244]}, "properties": {"route": "D84", "pr": "33", "abs": 33000, "label": "D84 PR33+33000"}}, {"type": "Feature", "geometry": {"type": "Point", "coordinates": [8.85734248, 42.27091248]}, "properties": {"route": "D84", "pr": "30", "abs": 30000, "label": "D84 PR30+30000"}}, {"type": "Feature", "geometry": {"type": "Point", "coordinates": [8.79830964, 42.23647361]}, "properties": {"route": "D84", "pr": "16", "abs": 16000, "label": "D84 PR16+16000"}}, {"type": "Feature", "geometry": {"type": "Point", "coordinates": [8.75853943, 42.25230148]}, "properties": {"route": "D84", "pr": "9", "abs": 9000, "label": "D84 PR9+9000"}}, {"type": "Feature", "geometry": {"type": "Point", "coordinates": [8.70287454, 42.26628283]}, "properties": {"route": "D84", "pr": "1", "abs": 1000, "label": "D84 PR1+1000"}}, {"type": "Feature", "geometry": {"type": "Point", "coordinates": [8.87652956, 42.28801119]}, "properties": {"route": "D84", "pr": "34", "abs": 34000, "label": "D84 PR34+34000"}}, {"type": "Feature", "geometry": {"type": "Point", "coordinates": [8.73505152, 42.24838353]}, "properties": {"route": "D84", "pr": "6", "abs": 6000, "label": "D84 PR6+6000"}}, {"type": "Feature", "geometry": {"type": "Point", "coordinates": [8.84426464, 42.26616063]}, "properties": {"route": "D84", "pr": "28", "abs": 28000, "label": "D84 PR28+28000"}}, {"type": "Feature", "geometry": {"type": "Point", "coordinates": [8.78382595, 42.24289264]}, "properties": {"route": "D84", "pr": "14", "abs": 14000, "label": "D84 PR14+14000"}}, {"type": "Feature", "geometry": {"type": "Point", "coordinates": [8.80550641, 42.24036295]}, "properties": {"route": "D84", "pr": "17", "abs": 17000, "label": "D84 PR17+17000"}}, {"type": "Feature", "geometry": {"type": "Point", "coordinates": [8.80089529, 42.24333388]}, "properties": {"route": "D84", "pr": "19", "abs": 19000, "label": "D84 PR19+19000"}}, {"type": "Feature", "geometry": {"type": "Point", "coordinates": [8.81206488, 42.24207548]}, "properties": {"route": "D84", "pr": "18", "abs": 18000, "label": "D84 PR18+18000"}}, {"type": "Feature", "geometry": {"type": "Point", "coordinates": [8.78910831, 42.24985842]}, "properties": {"route": "D84", "pr": "21", "abs": 21000, "label": "D84 PR21+21000"}}, {"type": "Feature", "geometry": {"type": "Point", "coordinates": [8.79569534, 42.24671974]}, "properties": {"route": "D84", "pr": "20", "abs": 20000, "label": "D84 PR20+20000"}}, {"type": "Feature", "geometry": {"type": "Point", "coordinates": [8.81026214, 42.25145765]}, "properties": {"route": "D84", "pr": "23", "abs": 23000, "label": "D84 PR23+23000"}}, {"type": "Feature", "geometry": {"type": "Point", "coordinates": [8.86661251, 42.27128449]}, "properties": {"route": "D84", "pr": "31", "abs": 31000, "label": "D84 PR31+31000"}}, {"type": "Feature", "geometry": {"type": "Point", "coordinates": [8.87353798, 42.27625999]}, "properties": {"route": "D84", "pr": "32", "abs": 32000, "label": "D84 PR32+32000"}}, {"type": "Feature", "geometry": {"type": "Point", "coordinates": [8.76832759, 42.24612081]}, "properties": {"route": "D84", "pr": "11", "abs": 11000, "label": "D84 PR11+11000"}}, {"type": "Feature", "geometry": {"type": "Point", "coordinates": [8.77527758, 42.23868802]}, "properties": {"route": "D84", "pr": "13", "abs": 13000, "label": "D84 PR13+13000"}}, {"type": "Feature", "geometry": {"type": "Point", "coordinates": [8.82466283, 42.25996334]}, "properties": {"route": "D84", "pr": "25", "abs": 25000, "label": "D84 PR25+25000"}}, {"type": "Feature", "geometry": {"type": "Point", "coordinates": [8.7210753, 42.25408042]}, "properties": {"route": "D84", "pr": "3", "abs": 3000, "label": "D84 PR3+3000"}}, {"type": "Feature", "geometry": {"type": "Point", "coordinates": [8.74325625, 42.24881823]}, "properties": {"route": "D84", "pr": "7", "abs": 7000, "label": "D84 PR7+7000"}}, {"type": "Feature", "geometry": {"type": "Point", "coordinates": [8.76059603, 42.24804303]}, "properties": {"route": "D84", "pr": "10", "abs": 10000, "label": "D84 PR10+10000"}}, {"type": "Feature", "geometry": {"type": "Point", "coordinates": [8.83939811, 42.26225523]}, "properties": {"route": "D84", "pr": "27", "abs": 27000, "label": "D84 PR27+27000"}}, {"type": "Feature", "geometry": {"type": "Point", "coordinates": [8.727535, 42.24926715]}, "properties": {"route": "D84", "pr": "4", "abs": 4000, "label": "D84 PR4+4000"}}, {"type": "Feature", "geometry": {"type": "Point", "coordinates": [8.7723786, 42.24146077]}, "properties": {"route": "D84", "pr": "12", "abs": 12000, "label": "D84 PR12+12000"}}, {"type": "Feature", "geometry": {"type": "Point", "coordinates": [8.79017414, 42.23690181]}, "properties": {"route": "D84", "pr": "15", "abs": 15000, "label": "D84 PR15+15000"}}, {"type": "Feature", "geometry": {"type": "Point", "coordinates": [8.75115796, 42.25108081]}, "properties": {"route": "D84", "pr": "8", "abs": 8000, "label": "D84 PR8+8000"}}, {"type": "Feature", "geometry": {"type": "Point", "coordinates": [8.71283899, 42.25967914]}, "properties": {"route": "D84", "pr": "2", "abs": 2000, "label": "D84 PR2+2000"}}, {"type": "Feature", "geometry": {"type": "Point", "coordinates": [8.83036705, 42.26556797]}, "properties": {"route": "D84", "pr": "26", "abs": 26000, "label": "D84 PR26+26000"}}, {"type": "Feature", "geometry": {"type": "Point", "coordinates": [8.73199311, 42.24196747]}, "properties": {"route": "D84", "pr": "5", "abs": 5000, "label": "D84 PR5+5000"}}, {"type": "Feature", "geometry": {"type": "Point", "coordinates": [8.79944552, 42.25333448]}, "properties": {"route": "D84", "pr": "22", "abs": 22000, "label": "D84 PR22+22000"}}, {"type": "Feature", "geometry": {"type": "Point", "coordinates": [8.94481842, 42.1239346]}, "properties": {"route": "D504", "pr": "0", "abs": 0, "label": "D504 PR0"}}, {"type": "Feature", "geometry": {"type": "Point", "coordinates": [8.80203827, 42.08767608]}, "properties": {"route": "D125", "pr": "0", "abs": 0, "label": "D125 PR0"}}, {"type": "Feature", "geometry": {"type": "Point", "coordinates": [8.8466243, 42.09920191]}, "properties": {"route": "D125", "pr": "9", "abs": 9000, "label": "D125 PR9+9000"}}, {"type": "Feature", "geometry": {"type": "Point", "coordinates": [8.86280001, 42.09486605]}, "properties": {"route": "D125", "pr": "12", "abs": 12000, "label": "D125 PR12+12000"}}, {"type": "Feature", "geometry": {"type": "Point", "coordinates": [8.89316483, 42.09925699]}, "properties": {"route": "D125", "pr": "16", "abs": 16000, "label": "D125 PR16+16000"}}, {"type": "Feature", "geometry": {"type": "Point", "coordinates": [8.86489166, 42.09262554]}, "properties": {"route": "D125", "pr": "13", "abs": 13000, "label": "D125 PR13+13000"}}, {"type": "Feature", "geometry": {"type": "Point", "coordinates": [8.82378852, 42.10055196]}, "properties": {"route": "D125", "pr": "4", "abs": 4000, "label": "D125 PR4+4000"}}, {"type": "Feature", "geometry": {"type": "Point", "coordinates": [8.87133272, 42.09520661]}, "properties": {"route": "D125", "pr": "14", "abs": 14000, "label": "D125 PR14+14000"}}, {"type": "Feature", "geometry": {"type": "Point", "coordinates": [8.84468087, 42.09291571]}, "properties": {"route": "D125", "pr": "10", "abs": 10000, "label": "D125 PR10+10000"}}, {"type": "Feature", "geometry": {"type": "Point", "coordinates": [8.82787679, 42.10991268]}, "properties": {"route": "D125", "pr": "6", "abs": 6000, "label": "D125 PR6+6000"}}, {"type": "Feature", "geometry": {"type": "Point", "coordinates": [8.85343752, 42.09613847]}, "properties": {"route": "D125", "pr": "11", "abs": 11000, "label": "D125 PR11+11000"}}, {"type": "Feature", "geometry": {"type": "Point", "coordinates": [8.84105139, 42.1038543]}, "properties": {"route": "D125", "pr": "8", "abs": 8000, "label": "D125 PR8+8000"}}, {"type": "Feature", "geometry": {"type": "Point", "coordinates": [8.81601993, 42.0945299]}, "properties": {"route": "D125", "pr": "2", "abs": 2000, "label": "D125 PR2+2000"}}, {"type": "Feature", "geometry": {"type": "Point", "coordinates": [8.90438244, 42.10160885]}, "properties": {"route": "D125", "pr": "17", "abs": 17000, "label": "D125 PR17+17000"}}, {"type": "Feature", "geometry": {"type": "Point", "coordinates": [8.83662429, 42.10814947]}, "properties": {"route": "D125", "pr": "7", "abs": 7000, "label": "D125 PR7+7000"}}, {"type": "Feature", "geometry": {"type": "Point", "coordinates": [8.81801131, 42.09754685]}, "properties": {"route": "D125", "pr": "3", "abs": 3000, "label": "D125 PR3+3000"}}, {"type": "Feature", "geometry": {"type": "Point", "coordinates": [8.88293991, 42.09698578]}, "properties": {"route": "D125", "pr": "15", "abs": 15000, "label": "D125 PR15+15000"}}, {"type": "Feature", "geometry": {"type": "Point", "coordinates": [8.91351248, 42.10554499]}, "properties": {"route": "D125", "pr": "18", "abs": 18000, "label": "D125 PR18+18000"}}, {"type": "Feature", "geometry": {"type": "Point", "coordinates": [8.82020688, 42.1070136]}, "properties": {"route": "D125", "pr": "5", "abs": 5000, "label": "D125 PR5+5000"}}, {"type": "Feature", "geometry": {"type": "Point", "coordinates": [8.80925301, 42.0922455]}, "properties": {"route": "D125", "pr": "1", "abs": 1000, "label": "D125 PR1+1000"}}, {"type": "Feature", "geometry": {"type": "Point", "coordinates": [8.92445734, 42.10753433]}, "properties": {"route": "D125", "pr": "19", "abs": 19000, "label": "D125 PR19+19000"}}, {"type": "Feature", "geometry": {"type": "Point", "coordinates": [8.95080057, 41.84686945]}, "properties": {"route": "D102", "pr": "0", "abs": 0, "label": "D102 PR0"}}, {"type": "Feature", "geometry": {"type": "Point", "coordinates": [8.95352761, 41.85341054]}, "properties": {"route": "D102", "pr": "1", "abs": 1000, "label": "D102 PR1+1000"}}, {"type": "Feature", "geometry": {"type": "Point", "coordinates": [8.70038719, 42.29493618]}, "properties": {"route": "D524", "pr": "0", "abs": 0, "label": "D524 PR0"}}, {"type": "Feature", "geometry": {"type": "Point", "coordinates": [8.70786932, 42.30076796]}, "properties": {"route": "D524", "pr": "1", "abs": 1000, "label": "D524 PR1+1000"}}, {"type": "Feature", "geometry": {"type": "Point", "coordinates": [8.97994368, 41.87592381]}, "properties": {"route": "D2B", "pr": "0", "abs": 0, "label": "D2B PR0"}}, {"type": "Feature", "geometry": {"type": "Point", "coordinates": [8.97859562, 41.869685]}, "properties": {"route": "D2B", "pr": "1", "abs": 1000, "label": "D2B PR1+1000"}}, {"type": "Feature", "geometry": {"type": "Point", "coordinates": [8.72232569, 42.07006544]}, "properties": {"route": "D25", "pr": "0", "abs": 0, "label": "D25 PR0"}}, {"type": "Feature", "geometry": {"type": "Point", "coordinates": [8.79551573, 42.07285521]}, "properties": {"route": "D25", "pr": "10", "abs": 10000, "label": "D25 PR10+10000"}}, {"type": "Feature", "geometry": {"type": "Point", "coordinates": [8.76480207, 42.07100077]}, "properties": {"route": "D25", "pr": "6", "abs": 6000, "label": "D25 PR6+6000"}}, {"type": "Feature", "geometry": {"type": "Point", "coordinates": [8.74231053, 42.07426451]}, "properties": {"route": "D25", "pr": "2", "abs": 2000, "label": "D25 PR2+2000"}}, {"type": "Feature", "geometry": {"type": "Point", "coordinates": [8.78771737, 42.06938289]}, "properties": {"route": "D25", "pr": "9", "abs": 9000, "label": "D25 PR9+9000"}}, {"type": "Feature", "geometry": {"type": "Point", "coordinates": [8.75520252, 42.0781199]}, "properties": {"route": "D25", "pr": "4", "abs": 4000, "label": "D25 PR4+4000"}}, {"type": "Feature", "geometry": {"type": "Point", "coordinates": [8.77422225, 42.06761399]}, "properties": {"route": "D25", "pr": "7", "abs": 7000, "label": "D25 PR7+7000"}}, {"type": "Feature", "geometry": {"type": "Point", "coordinates": [8.74802077, 42.08017339]}, "properties": {"route": "D25", "pr": "3", "abs": 3000, "label": "D25 PR3+3000"}}, {"type": "Feature", "geometry": {"type": "Point", "coordinates": [8.79180005, 42.07723546]}, "properties": {"route": "D25", "pr": "11", "abs": 11000, "label": "D25 PR11+11000"}}, {"type": "Feature", "geometry": {"type": "Point", "coordinates": [8.75725633, 42.07232701]}, "properties": {"route": "D25", "pr": "5", "abs": 5000, "label": "D25 PR5+5000"}}, {"type": "Feature", "geometry": {"type": "Point", "coordinates": [8.73231663, 42.07144164]}, "properties": {"route": "D25", "pr": "1", "abs": 1000, "label": "D25 PR1+1000"}}, {"type": "Feature", "geometry": {"type": "Point", "coordinates": [8.78403034, 42.06600336]}, "properties": {"route": "D25", "pr": "8", "abs": 8000, "label": "D25 PR8+8000"}}, {"type": "Feature", "geometry": {"type": "Point", "coordinates": [9.00235182, 41.87189479]}, "properties": {"route": "D126", "pr": "0", "abs": 0, "label": "D126 PR0"}}, {"type": "Feature", "geometry": {"type": "Point", "coordinates": [8.99736757, 41.87660547]}, "properties": {"route": "D126", "pr": "1", "abs": 1000, "label": "D126 PR1+1000"}}, {"type": "Feature", "geometry": {"type": "Point", "coordinates": [8.83732509, 41.91148661]}, "properties": {"route": "D302", "pr": "0", "abs": 0, "label": "D302 PR0"}}, {"type": "Feature", "geometry": {"type": "Point", "coordinates": [8.85494566, 41.85432239]}, "properties": {"route": "D302", "pr": "10", "abs": 10000, "label": "D302 PR10+10000"}}, {"type": "Feature", "geometry": {"type": "Point", "coordinates": [8.87951428, 41.83271465]}, "properties": {"route": "D302", "pr": "18", "abs": 18000, "label": "D302 PR18+18000"}}, {"type": "Feature", "geometry": {"type": "Point", "coordinates": [8.87812035, 41.83593517]}, "properties": {"route": "D302", "pr": "16", "abs": 16000, "label": "D302 PR16+16000"}}, {"type": "Feature", "geometry": {"type": "Point", "coordinates": [8.90403796, 41.83739507]}, "properties": {"route": "D302", "pr": "21", "abs": 21000, "label": "D302 PR21+21000"}}, {"type": "Feature", "geometry": {"type": "Point", "coordinates": [8.86420259, 41.83548637]}, "properties": {"route": "D302", "pr": "13", "abs": 13000, "label": "D302 PR13+13000"}}, {"type": "Feature", "geometry": {"type": "Point", "coordinates": [8.85999095, 41.85969621]}, "properties": {"route": "D302", "pr": "9", "abs": 9000, "label": "D302 PR9+9000"}}, {"type": "Feature", "geometry": {"type": "Point", "coordinates": [8.84026081, 41.90431767]}, "properties": {"route": "D302", "pr": "1", "abs": 1000, "label": "D302 PR1+1000"}}, {"type": "Feature", "geometry": {"type": "Point", "coordinates": [8.8963111, 41.83308683]}, "properties": {"route": "D302", "pr": "20", "abs": 20000, "label": "D302 PR20+20000"}}, {"type": "Feature", "geometry": {"type": "Point", "coordinates": [8.86022026, 41.8494264]}, "properties": {"route": "D302", "pr": "11", "abs": 11000, "label": "D302 PR11+11000"}}, {"type": "Feature", "geometry": {"type": "Point", "coordinates": [8.87033171, 41.84102172]}, "properties": {"route": "D302", "pr": "14", "abs": 14000, "label": "D302 PR14+14000"}}, {"type": "Feature", "geometry": {"type": "Point", "coordinates": [8.85812463, 41.86763579]}, "properties": {"route": "D302", "pr": "8", "abs": 8000, "label": "D302 PR8+8000"}}, {"type": "Feature", "geometry": {"type": "Point", "coordinates": [8.8516297, 41.87234899]}, "properties": {"route": "D302", "pr": "7", "abs": 7000, "label": "D302 PR7+7000"}}, {"type": "Feature", "geometry": {"type": "Point", "coordinates": [8.87854534, 41.84046214]}, "properties": {"route": "D302", "pr": "15", "abs": 15000, "label": "D302 PR15+15000"}}, {"type": "Feature", "geometry": {"type": "Point", "coordinates": [8.85011765, 41.88246312]}, "properties": {"route": "D302", "pr": "5", "abs": 5000, "label": "D302 PR5+5000"}}, {"type": "Feature", "geometry": {"type": "Point", "coordinates": [8.84559927, 41.87600821]}, "properties": {"route": "D302", "pr": "6", "abs": 6000, "label": "D302 PR6+6000"}}, {"type": "Feature", "geometry": {"type": "Point", "coordinates": [8.85380177, 41.88827694]}, "properties": {"route": "D302", "pr": "4", "abs": 4000, "label": "D302 PR4+4000"}}, {"type": "Feature", "geometry": {"type": "Point", "coordinates": [8.84313459, 41.89739442]}, "properties": {"route": "D302", "pr": "2", "abs": 2000, "label": "D302 PR2+2000"}}, {"type": "Feature", "geometry": {"type": "Point", "coordinates": [8.85961144, 41.84303693]}, "properties": {"route": "D302", "pr": "12", "abs": 12000, "label": "D302 PR12+12000"}}, {"type": "Feature", "geometry": {"type": "Point", "coordinates": [8.85139725, 41.89389983]}, "properties": {"route": "D302", "pr": "3", "abs": 3000, "label": "D302 PR3+3000"}}, {"type": "Feature", "geometry": {"type": "Point", "coordinates": [8.70167701, 41.9305642]}, "properties": {"route": "D11C", "pr": "0", "abs": 0, "label": "D11C PR0"}}, {"type": "Feature", "geometry": {"type": "Point", "coordinates": [8.71250242, 41.93160383]}, "properties": {"route": "D11C", "pr": "1", "abs": 1000, "label": "D11C PR1+1000"}}, {"type": "Feature", "geometry": {"type": "Point", "coordinates": [8.68230354, 42.31090393]}, "properties": {"route": "D324", "pr": "0", "abs": 0, "label": "D324 PR0"}}, {"type": "Feature", "geometry": {"type": "Point", "coordinates": [8.67817284, 42.30610676]}, "properties": {"route": "D324", "pr": "1", "abs": 1000, "label": "D324 PR1+1000"}}, {"type": "Feature", "geometry": {"type": "Point", "coordinates": [8.66885852, 42.30507978]}, "properties": {"route": "D324", "pr": "2", "abs": 2000, "label": "D324 PR2+2000"}}, {"type": "Feature", "geometry": {"type": "Point", "coordinates": [8.90082498, 42.17126911]}, "properties": {"route": "D123", "pr": "0", "abs": 0, "label": "D123 PR0"}}, {"type": "Feature", "geometry": {"type": "Point", "coordinates": [8.91049428, 42.17640013]}, "properties": {"route": "D123", "pr": "2", "abs": 2000, "label": "D123 PR2+2000"}}, {"type": "Feature", "geometry": {"type": "Point", "coordinates": [8.91011902, 42.1904033]}, "properties": {"route": "D123", "pr": "5", "abs": 5000, "label": "D123 PR5+5000"}}, {"type": "Feature", "geometry": {"type": "Point", "coordinates": [8.90220255, 42.17526641]}, "properties": {"route": "D123", "pr": "1", "abs": 1000, "label": "D123 PR1+1000"}}, {"type": "Feature", "geometry": {"type": "Point", "coordinates": [8.90950057, 42.18597617]}, "properties": {"route": "D123", "pr": "4", "abs": 4000, "label": "D123 PR4+4000"}}, {"type": "Feature", "geometry": {"type": "Point", "coordinates": [8.90224365, 42.17991038]}, "properties": {"route": "D123", "pr": "3", "abs": 3000, "label": "D123 PR3+3000"}}, {"type": "Feature", "geometry": {"type": "Point", "coordinates": [8.83148159, 41.9023495]}, "properties": {"route": "D555", "pr": "1", "abs": 1000, "label": "D555 PR1+1000"}}, {"type": "Feature", "geometry": {"type": "Point", "coordinates": [8.81692746, 41.89079875]}, "properties": {"route": "D555", "pr": "3", "abs": 3000, "label": "D555 PR3+3000"}}, {"type": "Feature", "geometry": {"type": "Point", "coordinates": [8.8078111, 41.88558934]}, "properties": {"route": "D555", "pr": "4", "abs": 4000, "label": "D555 PR4+4000"}}, {"type": "Feature", "geometry": {"type": "Point", "coordinates": [8.79742565, 41.86670918]}, "properties": {"route": "D555", "pr": "7", "abs": 7000, "label": "D555 PR7+7000"}}, {"type": "Feature", "geometry": {"type": "Point", "coordinates": [8.8013464, 41.8789922]}, "properties": {"route": "D555", "pr": "5", "abs": 5000, "label": "D555 PR5+5000"}}, {"type": "Feature", "geometry": {"type": "Point", "coordinates": [8.82689145, 41.8952851]}, "properties": {"route": "D555", "pr": "2", "abs": 2000, "label": "D555 PR2+2000"}}, {"type": "Feature", "geometry": {"type": "Point", "coordinates": [8.80211788, 41.87216537]}, "properties": {"route": "D555", "pr": "6", "abs": 6000, "label": "D555 PR6+6000"}}, {"type": "Feature", "geometry": {"type": "Point", "coordinates": [8.73887236, 41.92673985]}, "properties": {"route": "D111A", "pr": "0", "abs": 0, "label": "D111A PR0"}}, {"type": "Feature", "geometry": {"type": "Point", "coordinates": [8.73519014, 41.91836137]}, "properties": {"route": "D111", "pr": "0", "abs": 0, "label": "D111 PR0"}}, {"type": "Feature", "geometry": {"type": "Point", "coordinates": [8.6611918, 41.90799711]}, "properties": {"route": "D111", "pr": "7", "abs": 7000, "label": "D111 PR7+7000"}}, {"type": "Feature", "geometry": {"type": "Point", "coordinates": [8.7186593, 41.9089353]}, "properties": {"route": "D111", "pr": "2", "abs": 2000, "label": "D111 PR2+2000"}}, {"type": "Feature", "geometry": {"type": "Point", "coordinates": [8.70700235, 41.90794603]}, "properties": {"route": "D111", "pr": "3", "abs": 3000, "label": "D111 PR3+3000"}}, {"type": "Feature", "geometry": {"type": "Point", "coordinates": [8.6388938, 41.90945936]}, "properties": {"route": "D111", "pr": "9", "abs": 9000, "label": "D111 PR9+9000"}}, {"type": "Feature", "geometry": {"type": "Point", "coordinates": [8.64981841, 41.90940463]}, "properties": {"route": "D111", "pr": "8", "abs": 8000, "label": "D111 PR8+8000"}}, {"type": "Feature", "geometry": {"type": "Point", "coordinates": [8.72816267, 41.91358818]}, "properties": {"route": "D111", "pr": "1", "abs": 1000, "label": "D111 PR1+1000"}}, {"type": "Feature", "geometry": {"type": "Point", "coordinates": [8.68388105, 41.90808431]}, "properties": {"route": "D111", "pr": "5", "abs": 5000, "label": "D111 PR5+5000"}}, {"type": "Feature", "geometry": {"type": "Point", "coordinates": [8.69525812, 41.90929028]}, "properties": {"route": "D111", "pr": "4", "abs": 4000, "label": "D111 PR4+4000"}}, {"type": "Feature", "geometry": {"type": "Point", "coordinates": [8.62779993, 41.90627882]}, "properties": {"route": "D111", "pr": "10", "abs": 10000, "label": "D111 PR10+10000"}}, {"type": "Feature", "geometry": {"type": "Point", "coordinates": [8.67249718, 41.90593812]}, "properties": {"route": "D111", "pr": "6", "abs": 6000, "label": "D111 PR6+6000"}}, {"type": "Feature", "geometry": {"type": "Point", "coordinates": [8.63651345, 42.23809059]}, "properties": {"route": "D824", "pr": "0", "abs": 0, "label": "D824 PR0"}}, {"type": "Feature", "geometry": {"type": "Point", "coordinates": [8.58174775, 42.20886493]}, "properties": {"route": "D824", "pr": "12", "abs": 12000, "label": "D824 PR12+12000"}}, {"type": "Feature", "geometry": {"type": "Point", "coordinates": [8.58407181, 42.22931403]}, "properties": {"route": "D824", "pr": "8", "abs": 8000, "label": "D824 PR8+8000"}}, {"type": "Feature", "geometry": {"type": "Point", "coordinates": [8.59421965, 42.23996805]}, "properties": {"route": "D824", "pr": "5", "abs": 5000, "label": "D824 PR5+5000"}}, {"type": "Feature", "geometry": {"type": "Point", "coordinates": [8.59119166, 42.21391069]}, "properties": {"route": "D824", "pr": "11", "abs": 11000, "label": "D824 PR11+11000"}}, {"type": "Feature", "geometry": {"type": "Point", "coordinates": [8.59114314, 42.22971182]}, "properties": {"route": "D824", "pr": "7", "abs": 7000, "label": "D824 PR7+7000"}}, {"type": "Feature", "geometry": {"type": "Point", "coordinates": [8.60286727, 42.24118835]}, "properties": {"route": "D824", "pr": "4", "abs": 4000, "label": "D824 PR4+4000"}}, {"type": "Feature", "geometry": {"type": "Point", "coordinates": [8.58369213, 42.21682118]}, "properties": {"route": "D824", "pr": "10", "abs": 10000, "label": "D824 PR10+10000"}}, {"type": "Feature", "geometry": {"type": "Point", "coordinates": [8.62013265, 42.24359515]}, "properties": {"route": "D824", "pr": "2", "abs": 2000, "label": "D824 PR2+2000"}}, {"type": "Feature", "geometry": {"type": "Point", "coordinates": [8.58418429, 42.23598849]}, "properties": {"route": "D824", "pr": "6", "abs": 6000, "label": "D824 PR6+6000"}}, {"type": "Feature", "geometry": {"type": "Point", "coordinates": [8.6132229, 42.23890749]}, "properties": {"route": "D824", "pr": "3", "abs": 3000, "label": "D824 PR3+3000"}}, {"type": "Feature", "geometry": {"type": "Point", "coordinates": [8.62851283, 42.24194358]}, "properties": {"route": "D824", "pr": "1", "abs": 1000, "label": "D824 PR1+1000"}}, {"type": "Feature", "geometry": {"type": "Point", "coordinates": [8.5809478, 42.22204678]}, "properties": {"route": "D824", "pr": "9", "abs": 9000, "label": "D824 PR9+9000"}}, {"type": "Feature", "geometry": {"type": "Point", "coordinates": [8.70025821, 42.29141898]}, "properties": {"route": "D724", "pr": "0", "abs": 0, "label": "D724 PR0"}}, {"type": "Feature", "geometry": {"type": "Point", "coordinates": [8.69293379, 42.28520444]}, "properties": {"route": "D724", "pr": "1", "abs": 1000, "label": "D724 PR1+1000"}}, {"type": "Feature", "geometry": {"type": "Point", "coordinates": [8.8119139, 42.04619046]}, "properties": {"route": "D401", "pr": "0", "abs": 0, "label": "D401 PR0"}}, {"type": "Feature", "geometry": {"type": "Point", "coordinates": [8.82154053, 42.04864664]}, "properties": {"route": "D401", "pr": "1", "abs": 1000, "label": "D401 PR1+1000"}}, {"type": "Feature", "geometry": {"type": "Point", "coordinates": [9.14809885, 41.95104946]}, "properties": {"route": "D328A", "pr": "0", "abs": 0, "label": "D328A PR0"}}, {"type": "Feature", "geometry": {"type": "Point", "coordinates": [9.09856567, 41.85530583]}, "properties": {"route": "D428", "pr": "0", "abs": 0, "label": "D428 PR0"}}, {"type": "Feature", "geometry": {"type": "Point", "coordinates": [9.14262698, 41.8791483]}, "properties": {"route": "D428", "pr": "6", "abs": 6000, "label": "D428 PR6+6000"}}, {"type": "Feature", "geometry": {"type": "Point", "coordinates": [9.124781, 41.87211322]}, "properties": {"route": "D428", "pr": "4", "abs": 4000, "label": "D428 PR4+4000"}}, {"type": "Feature", "geometry": {"type": "Point", "coordinates": [9.13409406, 41.87598413]}, "properties": {"route": "D428", "pr": "5", "abs": 5000, "label": "D428 PR5+5000"}}, {"type": "Feature", "geometry": {"type": "Point", "coordinates": [9.1068664, 41.8677905]}, "properties": {"route": "D428", "pr": "2", "abs": 2000, "label": "D428 PR2+2000"}}, {"type": "Feature", "geometry": {"type": "Point", "coordinates": [9.10352395, 41.86021842]}, "properties": {"route": "D428", "pr": "1", "abs": 1000, "label": "D428 PR1+1000"}}, {"type": "Feature", "geometry": {"type": "Point", "coordinates": [9.15082615, 41.88354052]}, "properties": {"route": "D428", "pr": "8", "abs": 8000, "label": "D428 PR8+8000"}}, {"type": "Feature", "geometry": {"type": "Point", "coordinates": [9.14625794, 41.88458448]}, "properties": {"route": "D428", "pr": "7", "abs": 7000, "label": "D428 PR7+7000"}}, {"type": "Feature", "geometry": {"type": "Point", "coordinates": [9.11617695, 41.86954384]}, "properties": {"route": "D428", "pr": "3", "abs": 3000, "label": "D428 PR3+3000"}}, {"type": "Feature", "geometry": {"type": "Point", "coordinates": [8.92804808, 41.83245846]}, "properties": {"route": "D2", "pr": "7", "abs": 7000, "label": "D2 PR7+7000"}}, {"type": "Feature", "geometry": {"type": "Point", "coordinates": [8.93348551, 41.86275976]}, "properties": {"route": "D2", "pr": "16", "abs": 16000, "label": "D2 PR16+16000"}}, {"type": "Feature", "geometry": {"type": "Point", "coordinates": [8.97603759, 41.87597768]}, "properties": {"route": "D2", "pr": "19", "abs": 19000, "label": "D2 PR19+19000"}}, {"type": "Feature", "geometry": {"type": "Point", "coordinates": [8.92897045, 41.86400918]}, "properties": {"route": "D2", "pr": "17", "abs": 17000, "label": "D2 PR17+17000"}}, {"type": "Feature", "geometry": {"type": "Point", "coordinates": [8.94471534, 41.85701035]}, "properties": {"route": "D2", "pr": "14", "abs": 14000, "label": "D2 PR14+14000"}}, {"type": "Feature", "geometry": {"type": "Point", "coordinates": [8.92296336, 41.83788164]}, "properties": {"route": "D2", "pr": "6", "abs": 6000, "label": "D2 PR6+6000"}}, {"type": "Feature", "geometry": {"type": "Point", "coordinates": [8.95102664, 41.84781969]}, "properties": {"route": "D2", "pr": "12", "abs": 12000, "label": "D2 PR12+12000"}}, {"type": "Feature", "geometry": {"type": "Point", "coordinates": [8.96824508, 41.87117586]}, "properties": {"route": "D2", "pr": "18", "abs": 18000, "label": "D2 PR18+18000"}}, {"type": "Feature", "geometry": {"type": "Point", "coordinates": [8.94964746, 41.84085392]}, "properties": {"route": "D2", "pr": "11", "abs": 11000, "label": "D2 PR11+11000"}}, {"type": "Feature", "geometry": {"type": "Point", "coordinates": [8.94191963, 41.86196767]}, "properties": {"route": "D2", "pr": "15", "abs": 15000, "label": "D2 PR15+15000"}}, {"type": "Feature", "geometry": {"type": "Point", "coordinates": [8.94639813, 41.85220494]}, "properties": {"route": "D2", "pr": "13", "abs": 13000, "label": "D2 PR13+13000"}}, {"type": "Feature", "geometry": {"type": "Point", "coordinates": [8.94528573, 41.83384752]}, "properties": {"route": "D2", "pr": "10", "abs": 10000, "label": "D2 PR10+10000"}}, {"type": "Feature", "geometry": {"type": "Point", "coordinates": [8.72631741, 41.91692101]}, "properties": {"route": "D11", "pr": "0", "abs": 0, "label": "D11 PR0"}}, {"type": "Feature", "geometry": {"type": "Point", "coordinates": [8.72849479, 41.92483465]}, "properties": {"route": "D11", "pr": "2", "abs": 2000, "label": "D11 PR2+2000"}}, {"type": "Feature", "geometry": {"type": "Point", "coordinates": [8.70170822, 41.92879441]}, "properties": {"route": "D11", "pr": "5", "abs": 5000, "label": "D11 PR5+5000"}}, {"type": "Feature", "geometry": {"type": "Point", "coordinates": [8.73269762, 41.92890389]}, "properties": {"route": "D11", "pr": "8", "abs": 8000, "label": "D11 PR8+8000"}}, {"type": "Feature", "geometry": {"type": "Point", "coordinates": [8.71236261, 41.92986489]}, "properties": {"route": "D11", "pr": "6", "abs": 6000, "label": "D11 PR6+6000"}}, {"type": "Feature", "geometry": {"type": "Point", "coordinates": [8.72795262, 41.92006858]}, "properties": {"route": "D11", "pr": "1", "abs": 1000, "label": "D11 PR1+1000"}}, {"type": "Feature", "geometry": {"type": "Point", "coordinates": [8.72338033, 41.93116863]}, "properties": {"route": "D11", "pr": "7", "abs": 7000, "label": "D11 PR7+7000"}}, {"type": "Feature", "geometry": {"type": "Point", "coordinates": [8.71819595, 41.92580563]}, "properties": {"route": "D11", "pr": "3", "abs": 3000, "label": "D11 PR3+3000"}}, {"type": "Feature", "geometry": {"type": "Point", "coordinates": [8.70861216, 41.92538404]}, "properties": {"route": "D11", "pr": "4", "abs": 4000, "label": "D11 PR4+4000"}}, {"type": "Feature", "geometry": {"type": "Point", "coordinates": [8.87575662, 42.13012186]}, "properties": {"route": "D904", "pr": "0", "abs": 0, "label": "D904 PR0"}}, {"type": "Feature", "geometry": {"type": "Point", "coordinates": [8.96355361, 41.83834827]}, "properties": {"route": "D26", "pr": "0", "abs": 0, "label": "D26 PR0"}}, {"type": "Feature", "geometry": {"type": "Point", "coordinates": [9.06096291, 41.84326592]}, "properties": {"route": "D26", "pr": "24", "abs": 24000, "label": "D26 PR24+24000"}}, {"type": "Feature", "geometry": {"type": "Point", "coordinates": [9.07332897, 41.84459376]}, "properties": {"route": "D26", "pr": "29", "abs": 29000, "label": "D26 PR29+29000"}}, {"type": "Feature", "geometry": {"type": "Point", "coordinates": [9.00274238, 41.87208427]}, "properties": {"route": "D26", "pr": "9", "abs": 9000, "label": "D26 PR9+9000"}}, {"type": "Feature", "geometry": {"type": "Point", "coordinates": [9.03591245, 41.84192784]}, "properties": {"route": "D26", "pr": "20", "abs": 20000, "label": "D26 PR20+20000"}}, {"type": "Feature", "geometry": {"type": "Point", "coordinates": [8.98726053, 41.84216244]}, "properties": {"route": "D26", "pr": "4", "abs": 4000, "label": "D26 PR4+4000"}}, {"type": "Feature", "geometry": {"type": "Point", "coordinates": [9.06799441, 41.84182703]}, "properties": {"route": "D26", "pr": "26", "abs": 26000, "label": "D26 PR26+26000"}}, {"type": "Feature", "geometry": {"type": "Point", "coordinates": [9.08145117, 41.8461237]}, "properties": {"route": "D26", "pr": "30", "abs": 30000, "label": "D26 PR30+30000"}}, {"type": "Feature", "geometry": {"type": "Point", "coordinates": [9.03152872, 41.84343918]}, "properties": {"route": "D26", "pr": "19", "abs": 19000, "label": "D26 PR19+19000"}}, {"type": "Feature", "geometry": {"type": "Point", "coordinates": [8.9790042, 41.83756383]}, "properties": {"route": "D26", "pr": "3", "abs": 3000, "label": "D26 PR3+3000"}}, {"type": "Feature", "geometry": {"type": "Point", "coordinates": [9.07489735, 41.84725485]}, "properties": {"route": "D26", "pr": "28", "abs": 28000, "label": "D26 PR28+28000"}}, {"type": "Feature", "geometry": {"type": "Point", "coordinates": [9.00958381, 41.85228096]}, "properties": {"route": "D26", "pr": "15", "abs": 15000, "label": "D26 PR15+15000"}}, {"type": "Feature", "geometry": {"type": "Point", "coordinates": [9.08853187, 41.83267183]}, "properties": {"route": "D26", "pr": "33", "abs": 33000, "label": "D26 PR33+33000"}}, {"type": "Feature", "geometry": {"type": "Point", "coordinates": [8.99412717, 41.84684946]}, "properties": {"route": "D26", "pr": "5", "abs": 5000, "label": "D26 PR5+5000"}}, {"type": "Feature", "geometry": {"type": "Point", "coordinates": [9.01126693, 41.86360573]}, "properties": {"route": "D26", "pr": "13", "abs": 13000, "label": "D26 PR13+13000"}}, {"type": "Feature", "geometry": {"type": "Point", "coordinates": [9.06347279, 41.8409494]}, "properties": {"route": "D26", "pr": "25", "abs": 25000, "label": "D26 PR25+25000"}}, {"type": "Feature", "geometry": {"type": "Point", "coordinates": [8.96939917, 41.83319332]}, "properties": {"route": "D26", "pr": "1", "abs": 1000, "label": "D26 PR1+1000"}}, {"type": "Feature", "geometry": {"type": "Point", "coordinates": [9.00567484, 41.87504977]}, "properties": {"route": "D26", "pr": "10", "abs": 10000, "label": "D26 PR10+10000"}}, {"type": "Feature", "geometry": {"type": "Point", "coordinates": [9.04296627, 41.84553269]}, "properties": {"route": "D26", "pr": "21", "abs": 21000, "label": "D26 PR21+21000"}}, {"type": "Feature", "geometry": {"type": "Point", "coordinates": [9.01143891, 41.86017698]}, "properties": {"route": "D26", "pr": "14", "abs": 14000, "label": "D26 PR14+14000"}}, {"type": "Feature", "geometry": {"type": "Point", "coordinates": [9.08575316, 41.83416935]}, "properties": {"route": "D26", "pr": "32", "abs": 32000, "label": "D26 PR32+32000"}}, {"type": "Feature", "geometry": {"type": "Point", "coordinates": [9.00140305, 41.8656821]}, "properties": {"route": "D26", "pr": "8", "abs": 8000, "label": "D26 PR8+8000"}}, {"type": "Feature", "geometry": {"type": "Point", "coordinates": [9.04882812, 41.84188375]}, "properties": {"route": "D26", "pr": "22", "abs": 22000, "label": "D26 PR22+22000"}}, {"type": "Feature", "geometry": {"type": "Point", "coordinates": [9.05689335, 41.84583688]}, "properties": {"route": "D26", "pr": "23", "abs": 23000, "label": "D26 PR23+23000"}}, {"type": "Feature", "geometry": {"type": "Point", "coordinates": [9.01478571, 41.86827628]}, "properties": {"route": "D26", "pr": "12", "abs": 12000, "label": "D26 PR12+12000"}}, {"type": "Feature", "geometry": {"type": "Point", "coordinates": [9.08404637, 41.84068354]}, "properties": {"route": "D26", "pr": "31", "abs": 31000, "label": "D26 PR31+31000"}}, {"type": "Feature", "geometry": {"type": "Point", "coordinates": [8.99729947, 41.85903095]}, "properties": {"route": "D26", "pr": "7", "abs": 7000, "label": "D26 PR7+7000"}}, {"type": "Feature", "geometry": {"type": "Point", "coordinates": [9.01103468, 41.87191278]}, "properties": {"route": "D26", "pr": "11", "abs": 11000, "label": "D26 PR11+11000"}}, {"type": "Feature", "geometry": {"type": "Point", "coordinates": [9.01274691, 41.83730886]}, "properties": {"route": "D26", "pr": "17", "abs": 17000, "label": "D26 PR17+17000"}}, {"type": "Feature", "geometry": {"type": "Point", "coordinates": [9.07117892, 41.84863493]}, "properties": {"route": "D26", "pr": "27", "abs": 27000, "label": "D26 PR27+27000"}}, {"type": "Feature", "geometry": {"type": "Point", "coordinates": [9.02244845, 41.8405071]}, "properties": {"route": "D26", "pr": "18", "abs": 18000, "label": "D26 PR18+18000"}}, {"type": "Feature", "geometry": {"type": "Point", "coordinates": [9.00830792, 41.84398713]}, "properties": {"route": "D26", "pr": "16", "abs": 16000, "label": "D26 PR16+16000"}}, {"type": "Feature", "geometry": {"type": "Point", "coordinates": [8.99290981, 41.85313564]}, "properties": {"route": "D26", "pr": "6", "abs": 6000, "label": "D26 PR6+6000"}}, {"type": "Feature", "geometry": {"type": "Point", "coordinates": [8.75146372, 42.04931885]}, "properties": {"route": "D601", "pr": "0", "abs": 0, "label": "D601 PR0"}}, {"type": "Feature", "geometry": {"type": "Point", "coordinates": [8.75921419, 42.05033217]}, "properties": {"route": "D601", "pr": "1", "abs": 1000, "label": "D601 PR1+1000"}}, {"type": "Feature", "geometry": {"type": "Point", "coordinates": [8.82080486, 42.05942369]}, "properties": {"route": "D601", "pr": "8", "abs": 8000, "label": "D601 PR8+8000"}}, {"type": "Feature", "geometry": {"type": "Point", "coordinates": [8.79918836, 42.05202795]}, "properties": {"route": "D601", "pr": "5", "abs": 5000, "label": "D601 PR5+5000"}}, {"type": "Feature", "geometry": {"type": "Point", "coordinates": [8.78811417, 42.05081027]}, "properties": {"route": "D601", "pr": "4", "abs": 4000, "label": "D601 PR4+4000"}}, {"type": "Feature", "geometry": {"type": "Point", "coordinates": [8.7681098, 42.04819513]}, "properties": {"route": "D601", "pr": "2", "abs": 2000, "label": "D601 PR2+2000"}}, {"type": "Feature", "geometry": {"type": "Point", "coordinates": [8.8133974, 42.05695618]}, "properties": {"route": "D601", "pr": "7", "abs": 7000, "label": "D601 PR7+7000"}}, {"type": "Feature", "geometry": {"type": "Point", "coordinates": [8.77743231, 42.04830335]}, "properties": {"route": "D601", "pr": "3", "abs": 3000, "label": "D601 PR3+3000"}}, {"type": "Feature", "geometry": {"type": "Point", "coordinates": [8.80849332, 42.05380747]}, "properties": {"route": "D601", "pr": "6", "abs": 6000, "label": "D601 PR6+6000"}}, {"type": "Feature", "geometry": {"type": "Point", "coordinates": [8.77708007, 42.03445782]}, "properties": {"route": "D201", "pr": "0", "abs": 0, "label": "D201 PR0"}}, {"type": "Feature", "geometry": {"type": "Point", "coordinates": [8.78777398, 42.06477964]}, "properties": {"route": "D201", "pr": "6", "abs": 6000, "label": "D201 PR6+6000"}}, {"type": "Feature", "geometry": {"type": "Point", "coordinates": [8.78416355, 42.04600655]}, "properties": {"route": "D201", "pr": "3", "abs": 3000, "label": "D201 PR3+3000"}}, {"type": "Feature", "geometry": {"type": "Point", "coordinates": [8.77973284, 42.04215151]}, "properties": {"route": "D201", "pr": "2", "abs": 2000, "label": "D201 PR2+2000"}}, {"type": "Feature", "geometry": {"type": "Point", "coordinates": [8.78277001, 42.0501945]}, "properties": {"route": "D201", "pr": "4", "abs": 4000, "label": "D201 PR4+4000"}}, {"type": "Feature", "geometry": {"type": "Point", "coordinates": [8.77278721, 42.03810575]}, "properties": {"route": "D201", "pr": "1", "abs": 1000, "label": "D201 PR1+1000"}}, {"type": "Feature", "geometry": {"type": "Point", "coordinates": [8.78667329, 42.0571667]}, "properties": {"route": "D201", "pr": "5", "abs": 5000, "label": "D201 PR5+5000"}}, {"type": "Feature", "geometry": {"type": "Point", "coordinates": [8.79605458, 41.95511727]}, "properties": {"route": "D72", "pr": "0", "abs": 0, "label": "D72 PR0"}}, {"type": "Feature", "geometry": {"type": "Point", "coordinates": [8.8069978, 41.95136043]}, "properties": {"route": "D72", "pr": "1", "abs": 1000, "label": "D72 PR1+1000"}}, {"type": "Feature", "geometry": {"type": "Point", "coordinates": [9.01712772, 42.06614783]}, "properties": {"route": "D227", "pr": "0", "abs": 0, "label": "D227 PR0"}}, {"type": "Feature", "geometry": {"type": "Point", "coordinates": [8.98777311, 42.0485556]}, "properties": {"route": "D227", "pr": "6", "abs": 6000, "label": "D227 PR6+6000"}}, {"type": "Feature", "geometry": {"type": "Point", "coordinates": [8.99839019, 42.05894991]}, "properties": {"route": "D227", "pr": "4", "abs": 4000, "label": "D227 PR4+4000"}}, {"type": "Feature", "geometry": {"type": "Point", "coordinates": [8.99286314, 42.06229275]}, "properties": {"route": "D227", "pr": "3", "abs": 3000, "label": "D227 PR3+3000"}}, {"type": "Feature", "geometry": {"type": "Point", "coordinates": [8.99647723, 42.05320577]}, "properties": {"route": "D227", "pr": "5", "abs": 5000, "label": "D227 PR5+5000"}}, {"type": "Feature", "geometry": {"type": "Point", "coordinates": [9.00322808, 42.0653373]}, "properties": {"route": "D227", "pr": "2", "abs": 2000, "label": "D227 PR2+2000"}}, {"type": "Feature", "geometry": {"type": "Point", "coordinates": [9.0110241, 42.06396185]}, "properties": {"route": "D227", "pr": "1", "abs": 1000, "label": "D227 PR1+1000"}}, {"type": "Feature", "geometry": {"type": "Point", "coordinates": [8.91000706, 41.9901461]}, "properties": {"route": "D1", "pr": "0", "abs": 0, "label": "D1 PR0"}}, {"type": "Feature", "geometry": {"type": "Point", "coordinates": [8.82435297, 42.05865266]}, "properties": {"route": "D1", "pr": "27", "abs": 27000, "label": "D1 PR27+27000"}}, {"type": "Feature", "geometry": {"type": "Point", "coordinates": [8.80081216, 42.14356685]}, "properties": {"route": "D1", "pr": "51", "abs": 51000, "label": "D1 PR51+51000"}}, {"type": "Feature", "geometry": {"type": "Point", "coordinates": [8.7937517, 42.14045649]}, "properties": {"route": "D1", "pr": "50", "abs": 50000, "label": "D1 PR50+50000"}}, {"type": "Feature", "geometry": {"type": "Point", "coordinates": [8.83181023, 41.9803988]}, "properties": {"route": "D1", "pr": "10", "abs": 10000, "label": "D1 PR10+10000"}}, {"type": "Feature", "geometry": {"type": "Point", "coordinates": [8.84145147, 41.97970843]}, "properties": {"route": "D1", "pr": "9", "abs": 9000, "label": "D1 PR9+9000"}}, {"type": "Feature", "geometry": {"type": "Point", "coordinates": [8.82628932, 42.06966655]}, "properties": {"route": "D1", "pr": "29", "abs": 29000, "label": "D1 PR29+29000"}}, {"type": "Feature", "geometry": {"type": "Point", "coordinates": [8.81687414, 42.06866207]}, "properties": {"route": "D1", "pr": "30", "abs": 30000, "label": "D1 PR30+30000"}}, {"type": "Feature", "geometry": {"type": "Point", "coordinates": [8.81288451, 42.12640548]}, "properties": {"route": "D1", "pr": "45", "abs": 45000, "label": "D1 PR45+45000"}}, {"type": "Feature", "geometry": {"type": "Point", "coordinates": [8.79520541, 42.07956263]}, "properties": {"route": "D1", "pr": "33", "abs": 33000, "label": "D1 PR33+33000"}}, {"type": "Feature", "geometry": {"type": "Point", "coordinates": [8.79925644, 42.08858358]}, "properties": {"route": "D1", "pr": "35", "abs": 35000, "label": "D1 PR35+35000"}}, {"type": "Feature", "geometry": {"type": "Point", "coordinates": [8.79856976, 42.10427555]}, "properties": {"route": "D1", "pr": "39", "abs": 39000, "label": "D1 PR39+39000"}}, {"type": "Feature", "geometry": {"type": "Point", "coordinates": [8.85257283, 41.98004959]}, "properties": {"route": "D1", "pr": "8", "abs": 8000, "label": "D1 PR8+8000"}}, {"type": "Feature", "geometry": {"type": "Point", "coordinates": [8.81987573, 42.12948224]}, "properties": {"route": "D1", "pr": "46", "abs": 46000, "label": "D1 PR46+46000"}}, {"type": "Feature", "geometry": {"type": "Point", "coordinates": [8.82625719, 42.06457698]}, "properties": {"route": "D1", "pr": "28", "abs": 28000, "label": "D1 PR28+28000"}}, {"type": "Feature", "geometry": {"type": "Point", "coordinates": [9.34003581, 41.90459052]}, "properties": {"route": "D845", "pr": "8", "abs": 8000, "label": "D845 PR8+8000"}}, {"type": "Feature", "geometry": {"type": "Point", "coordinates": [8.79680449, 42.16164727]}, "properties": {"route": "D1", "pr": "57", "abs": 57000, "label": "D1 PR57+57000"}}, {"type": "Feature", "geometry": {"type": "Point", "coordinates": [8.83625365, 42.04944836]}, "properties": {"route": "D1", "pr": "25", "abs": 25000, "label": "D1 PR25+25000"}}, {"type": "Feature", "geometry": {"type": "Point", "coordinates": [8.84265179, 42.01658368]}, "properties": {"route": "D1", "pr": "15", "abs": 15000, "label": "D1 PR15+15000"}}, {"type": "Feature", "geometry": {"type": "Point", "coordinates": [8.80287411, 42.09528847]}, "properties": {"route": "D1", "pr": "37", "abs": 37000, "label": "D1 PR37+37000"}}, {"type": "Feature", "geometry": {"type": "Point", "coordinates": [8.80447663, 42.11001541]}, "properties": {"route": "D1", "pr": "40", "abs": 40000, "label": "D1 PR40+40000"}}, {"type": "Feature", "geometry": {"type": "Point", "coordinates": [8.85854548, 41.9763978]}, "properties": {"route": "D1", "pr": "7", "abs": 7000, "label": "D1 PR7+7000"}}, {"type": "Feature", "geometry": {"type": "Point", "coordinates": [8.80479955, 42.15252803]}, "properties": {"route": "D1", "pr": "55", "abs": 55000, "label": "D1 PR55+55000"}}, {"type": "Feature", "geometry": {"type": "Point", "coordinates": [8.80446975, 42.09059071]}, "properties": {"route": "D1", "pr": "36", "abs": 36000, "label": "D1 PR36+36000"}}, {"type": "Feature", "geometry": {"type": "Point", "coordinates": [8.82593947, 42.04223745]}, "properties": {"route": "D1", "pr": "22", "abs": 22000, "label": "D1 PR22+22000"}}, {"type": "Feature", "geometry": {"type": "Point", "coordinates": [8.8333273, 42.02981435]}, "properties": {"route": "D1", "pr": "19", "abs": 19000, "label": "D1 PR19+19000"}}, {"type": "Feature", "geometry": {"type": "Point", "coordinates": [8.80200837, 42.13649232]}, "properties": {"route": "D1", "pr": "49", "abs": 49000, "label": "D1 PR49+49000"}}, {"type": "Feature", "geometry": {"type": "Point", "coordinates": [8.80941389, 42.11723183]}, "properties": {"route": "D1", "pr": "43", "abs": 43000, "label": "D1 PR43+43000"}}, {"type": "Feature", "geometry": {"type": "Point", "coordinates": [8.84360033, 42.02356029]}, "properties": {"route": "D1", "pr": "16", "abs": 16000, "label": "D1 PR16+16000"}}, {"type": "Feature", "geometry": {"type": "Point", "coordinates": [8.79325308, 42.08368959]}, "properties": {"route": "D1", "pr": "34", "abs": 34000, "label": "D1 PR34+34000"}}, {"type": "Feature", "geometry": {"type": "Point", "coordinates": [8.82270833, 42.04203794]}, "properties": {"route": "D1", "pr": "23", "abs": 23000, "label": "D1 PR23+23000"}}, {"type": "Feature", "geometry": {"type": "Point", "coordinates": [8.87439171, 41.98045829]}, "properties": {"route": "D1", "pr": "5", "abs": 5000, "label": "D1 PR5+5000"}}, {"type": "Feature", "geometry": {"type": "Point", "coordinates": [8.82624783, 42.04088618]}, "properties": {"route": "D1", "pr": "21", "abs": 21000, "label": "D1 PR21+21000"}}, {"type": "Feature", "geometry": {"type": "Point", "coordinates": [8.8407793, 42.00983748]}, "properties": {"route": "D1", "pr": "14", "abs": 14000, "label": "D1 PR14+14000"}}, {"type": "Feature", "geometry": {"type": "Point", "coordinates": [8.88916108, 41.9836171]}, "properties": {"route": "D1", "pr": "3", "abs": 3000, "label": "D1 PR3+3000"}}, {"type": "Feature", "geometry": {"type": "Point", "coordinates": [8.8393912, 42.00483845]}, "properties": {"route": "D1", "pr": "13", "abs": 13000, "label": "D1 PR13+13000"}}, {"type": "Feature", "geometry": {"type": "Point", "coordinates": [8.79846457, 42.09838534]}, "properties": {"route": "D1", "pr": "38", "abs": 38000, "label": "D1 PR38+38000"}}, {"type": "Feature", "geometry": {"type": "Point", "coordinates": [8.80578033, 42.13175711]}, "properties": {"route": "D1", "pr": "48", "abs": 48000, "label": "D1 PR48+48000"}}, {"type": "Feature", "geometry": {"type": "Point", "coordinates": [8.89804739, 41.98118701]}, "properties": {"route": "D1", "pr": "2", "abs": 2000, "label": "D1 PR2+2000"}}, {"type": "Feature", "geometry": {"type": "Point", "coordinates": [8.80295771, 42.07629702]}, "properties": {"route": "D1", "pr": "32", "abs": 32000, "label": "D1 PR32+32000"}}, {"type": "Feature", "geometry": {"type": "Point", "coordinates": [8.80840817, 42.06980567]}, "properties": {"route": "D1", "pr": "31", "abs": 31000, "label": "D1 PR31+31000"}}, {"type": "Feature", "geometry": {"type": "Point", "coordinates": [8.84154097, 42.0286734]}, "properties": {"route": "D1", "pr": "18", "abs": 18000, "label": "D1 PR18+18000"}}, {"type": "Feature", "geometry": {"type": "Point", "coordinates": [8.83163487, 42.05240781]}, "properties": {"route": "D1", "pr": "26", "abs": 26000, "label": "D1 PR26+26000"}}, {"type": "Feature", "geometry": {"type": "Point", "coordinates": [8.83462685, 41.98902509]}, "properties": {"route": "D1", "pr": "11", "abs": 11000, "label": "D1 PR11+11000"}}, {"type": "Feature", "geometry": {"type": "Point", "coordinates": [8.83890341, 41.99644915]}, "properties": {"route": "D1", "pr": "12", "abs": 12000, "label": "D1 PR12+12000"}}, {"type": "Feature", "geometry": {"type": "Point", "coordinates": [8.80576709, 42.16010046]}, "properties": {"route": "D1", "pr": "56", "abs": 56000, "label": "D1 PR56+56000"}}, {"type": "Feature", "geometry": {"type": "Point", "coordinates": [8.81371197, 42.10885987]}, "properties": {"route": "D1", "pr": "41", "abs": 41000, "label": "D1 PR41+41000"}}, {"type": "Feature", "geometry": {"type": "Point", "coordinates": [8.90200862, 41.98654799]}, "properties": {"route": "D1", "pr": "1", "abs": 1000, "label": "D1 PR1+1000"}}, {"type": "Feature", "geometry": {"type": "Point", "coordinates": [8.80440344, 42.14831761]}, "properties": {"route": "D1", "pr": "54", "abs": 54000, "label": "D1 PR54+54000"}}, {"type": "Feature", "geometry": {"type": "Point", "coordinates": [8.86527018, 41.97895073]}, "properties": {"route": "D1", "pr": "6", "abs": 6000, "label": "D1 PR6+6000"}}, {"type": "Feature", "geometry": {"type": "Point", "coordinates": [8.87987564, 41.98603529]}, "properties": {"route": "D1", "pr": "4", "abs": 4000, "label": "D1 PR4+4000"}}, {"type": "Feature", "geometry": {"type": "Point", "coordinates": [8.80969609, 42.14255009]}, "properties": {"route": "D1", "pr": "52", "abs": 52000, "label": "D1 PR52+52000"}}, {"type": "Feature", "geometry": {"type": "Point", "coordinates": [8.81171935, 42.14747673]}, "properties": {"route": "D1", "pr": "53", "abs": 53000, "label": "D1 PR53+53000"}}, {"type": "Feature", "geometry": {"type": "Point", "coordinates": [8.81527367, 42.11549914]}, "properties": {"route": "D1", "pr": "42", "abs": 42000, "label": "D1 PR42+42000"}}, {"type": "Feature", "geometry": {"type": "Point", "coordinates": [8.80949654, 42.12031592]}, "properties": {"route": "D1", "pr": "44", "abs": 44000, "label": "D1 PR44+44000"}}, {"type": "Feature", "geometry": {"type": "Point", "coordinates": [8.82745001, 42.04609763]}, "properties": {"route": "D1", "pr": "24", "abs": 24000, "label": "D1 PR24+24000"}}, {"type": "Feature", "geometry": {"type": "Point", "coordinates": [8.83154313, 42.03567785]}, "properties": {"route": "D1", "pr": "20", "abs": 20000, "label": "D1 PR20+20000"}}, {"type": "Feature", "geometry": {"type": "Point", "coordinates": [8.70180057, 42.1132233]}, "properties": {"route": "D70", "pr": "0", "abs": 0, "label": "D70 PR0"}}, {"type": "Feature", "geometry": {"type": "Point", "coordinates": [8.71874483, 42.14483759]}, "properties": {"route": "D70", "pr": "4", "abs": 4000, "label": "D70 PR4+4000"}}, {"type": "Feature", "geometry": {"type": "Point", "coordinates": [8.74519613, 42.15067066]}, "properties": {"route": "D70", "pr": "7", "abs": 7000, "label": "D70 PR7+7000"}}, {"type": "Feature", "geometry": {"type": "Point", "coordinates": [8.85525174, 42.23348868]}, "properties": {"route": "D70", "pr": "24", "abs": 24000, "label": "D70 PR24+24000"}}, {"type": "Feature", "geometry": {"type": "Point", "coordinates": [8.78989675, 42.16741407]}, "properties": {"route": "D70", "pr": "13", "abs": 13000, "label": "D70 PR13+13000"}}, {"type": "Feature", "geometry": {"type": "Point", "coordinates": [8.82109672, 42.24659503]}, "properties": {"route": "D70", "pr": "29", "abs": 29000, "label": "D70 PR29+29000"}}, {"type": "Feature", "geometry": {"type": "Point", "coordinates": [8.78361397, 42.1611473]}, "properties": {"route": "D70", "pr": "12", "abs": 12000, "label": "D70 PR12+12000"}}, {"type": "Feature", "geometry": {"type": "Point", "coordinates": [8.7568366, 42.1574304]}, "properties": {"route": "D70", "pr": "9", "abs": 9000, "label": "D70 PR9+9000"}}, {"type": "Feature", "geometry": {"type": "Point", "coordinates": [8.70293541, 42.12165235]}, "properties": {"route": "D70", "pr": "1", "abs": 1000, "label": "D70 PR1+1000"}}, {"type": "Feature", "geometry": {"type": "Point", "coordinates": [8.79744115, 42.18235895]}, "properties": {"route": "D70", "pr": "15", "abs": 15000, "label": "D70 PR15+15000"}}, {"type": "Feature", "geometry": {"type": "Point", "coordinates": [8.77390861, 42.15885832]}, "properties": {"route": "D70", "pr": "11", "abs": 11000, "label": "D70 PR11+11000"}}, {"type": "Feature", "geometry": {"type": "Point", "coordinates": [8.79526097, 42.17485173]}, "properties": {"route": "D70", "pr": "14", "abs": 14000, "label": "D70 PR14+14000"}}, {"type": "Feature", "geometry": {"type": "Point", "coordinates": [8.81913923, 42.25236878]}, "properties": {"route": "D70", "pr": "30", "abs": 30000, "label": "D70 PR30+30000"}}, {"type": "Feature", "geometry": {"type": "Point", "coordinates": [8.82067309, 42.20970398]}, "properties": {"route": "D70", "pr": "19", "abs": 19000, "label": "D70 PR19+19000"}}, {"type": "Feature", "geometry": {"type": "Point", "coordinates": [8.83107034, 42.24380884]}, "properties": {"route": "D70", "pr": "28", "abs": 28000, "label": "D70 PR28+28000"}}, {"type": "Feature", "geometry": {"type": "Point", "coordinates": [8.81847288, 42.20184015]}, "properties": {"route": "D70", "pr": "18", "abs": 18000, "label": "D70 PR18+18000"}}, {"type": "Feature", "geometry": {"type": "Point", "coordinates": [8.84813887, 42.23453626]}, "properties": {"route": "D70", "pr": "25", "abs": 25000, "label": "D70 PR25+25000"}}, {"type": "Feature", "geometry": {"type": "Point", "coordinates": [8.84450597, 42.23773372]}, "properties": {"route": "D70", "pr": "26", "abs": 26000, "label": "D70 PR26+26000"}}, {"type": "Feature", "geometry": {"type": "Point", "coordinates": [8.76369308, 42.16189236]}, "properties": {"route": "D70", "pr": "10", "abs": 10000, "label": "D70 PR10+10000"}}, {"type": "Feature", "geometry": {"type": "Point", "coordinates": [8.83021432, 42.22413643]}, "properties": {"route": "D70", "pr": "21", "abs": 21000, "label": "D70 PR21+21000"}}, {"type": "Feature", "geometry": {"type": "Point", "coordinates": [8.84831998, 42.23154078]}, "properties": {"route": "D70", "pr": "23", "abs": 23000, "label": "D70 PR23+23000"}}, {"type": "Feature", "geometry": {"type": "Point", "coordinates": [8.81286912, 42.19508489]}, "properties": {"route": "D70", "pr": "17", "abs": 17000, "label": "D70 PR17+17000"}}, {"type": "Feature", "geometry": {"type": "Point", "coordinates": [8.80501846, 42.18871475]}, "properties": {"route": "D70", "pr": "16", "abs": 16000, "label": "D70 PR16+16000"}}, {"type": "Feature", "geometry": {"type": "Point", "coordinates": [8.82303521, 42.21743461]}, "properties": {"route": "D70", "pr": "20", "abs": 20000, "label": "D70 PR20+20000"}}, {"type": "Feature", "geometry": {"type": "Point", "coordinates": [8.72733, 42.15069575]}, "properties": {"route": "D70", "pr": "5", "abs": 5000, "label": "D70 PR5+5000"}}, {"type": "Feature", "geometry": {"type": "Point", "coordinates": [8.71232493, 42.13773953]}, "properties": {"route": "D70", "pr": "3", "abs": 3000, "label": "D70 PR3+3000"}}, {"type": "Feature", "geometry": {"type": "Point", "coordinates": [8.70580528, 42.13032136]}, "properties": {"route": "D70", "pr": "2", "abs": 2000, "label": "D70 PR2+2000"}}, {"type": "Feature", "geometry": {"type": "Point", "coordinates": [8.83790759, 42.24083478]}, "properties": {"route": "D70", "pr": "27", "abs": 27000, "label": "D70 PR27+27000"}}, {"type": "Feature", "geometry": {"type": "Point", "coordinates": [8.84044719, 42.22727609]}, "properties": {"route": "D70", "pr": "22", "abs": 22000, "label": "D70 PR22+22000"}}, {"type": "Feature", "geometry": {"type": "Point", "coordinates": [8.75519226, 42.15163177]}, "properties": {"route": "D70", "pr": "8", "abs": 8000, "label": "D70 PR8+8000"}}, {"type": "Feature", "geometry": {"type": "Point", "coordinates": [8.7894354, 41.92954897]}, "properties": {"route": "D503A", "pr": "0", "abs": 0, "label": "D503A PR0"}}, {"type": "Feature", "geometry": {"type": "Point", "coordinates": [8.78850607, 41.93264731]}, "properties": {"route": "D503A", "pr": "1", "abs": 1000, "label": "D503A PR1+1000"}}, {"type": "Feature", "geometry": {"type": "Point", "coordinates": [8.89927787, 41.98609869]}, "properties": {"route": "D501", "pr": "0", "abs": 0, "label": "D501 PR0"}}, {"type": "Feature", "geometry": {"type": "Point", "coordinates": [8.90868371, 41.9873605]}, "properties": {"route": "D501", "pr": "1", "abs": 1000, "label": "D501 PR1+1000"}}, {"type": "Feature", "geometry": {"type": "Point", "coordinates": [8.96611208, 42.05958632]}, "properties": {"route": "D29", "pr": "0", "abs": 0, "label": "D29 PR0"}}, {"type": "Feature", "geometry": {"type": "Point", "coordinates": [8.95380833, 42.04044838]}, "properties": {"route": "D29", "pr": "6", "abs": 6000, "label": "D29 PR6+6000"}}, {"type": "Feature", "geometry": {"type": "Point", "coordinates": [8.91163188, 41.99067955]}, "properties": {"route": "D29", "pr": "17", "abs": 17000, "label": "D29 PR17+17000"}}, {"type": "Feature", "geometry": {"type": "Point", "coordinates": [8.93540707, 42.03200782]}, "properties": {"route": "D29", "pr": "9", "abs": 9000, "label": "D29 PR9+9000"}}, {"type": "Feature", "geometry": {"type": "Point", "coordinates": [8.97018599, 42.04325701]}, "properties": {"route": "D29", "pr": "4", "abs": 4000, "label": "D29 PR4+4000"}}, {"type": "Feature", "geometry": {"type": "Point", "coordinates": [8.97654036, 42.04113734]}, "properties": {"route": "D29", "pr": "3", "abs": 3000, "label": "D29 PR3+3000"}}, {"type": "Feature", "geometry": {"type": "Point", "coordinates": [8.92660585, 42.0176242]}, "properties": {"route": "D29", "pr": "11", "abs": 11000, "label": "D29 PR11+11000"}}, {"type": "Feature", "geometry": {"type": "Point", "coordinates": [8.89578519, 41.96092361]}, "properties": {"route": "D29", "pr": "21", "abs": 21000, "label": "D29 PR21+21000"}}, {"type": "Feature", "geometry": {"type": "Point", "coordinates": [8.93994488, 42.03676264]}, "properties": {"route": "D29", "pr": "8", "abs": 8000, "label": "D29 PR8+8000"}}, {"type": "Feature", "geometry": {"type": "Point", "coordinates": [8.67986841, 42.152289]}, "properties": {"route": "D181", "pr": "10", "abs": 10000, "label": "D181 PR10+10000"}}, {"type": "Feature", "geometry": {"type": "Point", "coordinates": [8.9070041, 41.950819]}, "properties": {"route": "D29", "pr": "23", "abs": 23000, "label": "D29 PR23+23000"}}, {"type": "Feature", "geometry": {"type": "Point", "coordinates": [8.9127784, 41.94688672]}, "properties": {"route": "D29", "pr": "24", "abs": 24000, "label": "D29 PR24+24000"}}, {"type": "Feature", "geometry": {"type": "Point", "coordinates": [8.92121603, 42.00450611]}, "properties": {"route": "D29", "pr": "13", "abs": 13000, "label": "D29 PR13+13000"}}, {"type": "Feature", "geometry": {"type": "Point", "coordinates": [8.91612077, 42.00103715]}, "properties": {"route": "D29", "pr": "14", "abs": 14000, "label": "D29 PR14+14000"}}, {"type": "Feature", "geometry": {"type": "Point", "coordinates": [8.94447709, 42.04116806]}, "properties": {"route": "D29", "pr": "7", "abs": 7000, "label": "D29 PR7+7000"}}, {"type": "Feature", "geometry": {"type": "Point", "coordinates": [8.89182633, 41.97061588]}, "properties": {"route": "D29", "pr": "19", "abs": 19000, "label": "D29 PR19+19000"}}, {"type": "Feature", "geometry": {"type": "Point", "coordinates": [8.89511349, 41.97782905]}, "properties": {"route": "D29", "pr": "18", "abs": 18000, "label": "D29 PR18+18000"}}, {"type": "Feature", "geometry": {"type": "Point", "coordinates": [8.92124632, 42.01057523]}, "properties": {"route": "D29", "pr": "12", "abs": 12000, "label": "D29 PR12+12000"}}, {"type": "Feature", "geometry": {"type": "Point", "coordinates": [8.96124672, 42.04201786]}, "properties": {"route": "D29", "pr": "5", "abs": 5000, "label": "D29 PR5+5000"}}, {"type": "Feature", "geometry": {"type": "Point", "coordinates": [8.91178193, 41.99572734]}, "properties": {"route": "D29", "pr": "15", "abs": 15000, "label": "D29 PR15+15000"}}, {"type": "Feature", "geometry": {"type": "Point", "coordinates": [8.93259463, 42.02451338]}, "properties": {"route": "D29", "pr": "10", "abs": 10000, "label": "D29 PR10+10000"}}, {"type": "Feature", "geometry": {"type": "Point", "coordinates": [8.91783094, 41.98957568]}, "properties": {"route": "D29", "pr": "16", "abs": 16000, "label": "D29 PR16+16000"}}, {"type": "Feature", "geometry": {"type": "Point", "coordinates": [8.89263197, 41.96479966]}, "properties": {"route": "D29", "pr": "20", "abs": 20000, "label": "D29 PR20+20000"}}, {"type": "Feature", "geometry": {"type": "Point", "coordinates": [8.97781755, 42.04773755]}, "properties": {"route": "D29", "pr": "2", "abs": 2000, "label": "D29 PR2+2000"}}, {"type": "Feature", "geometry": {"type": "Point", "coordinates": [8.97421002, 42.05394167]}, "properties": {"route": "D29", "pr": "1", "abs": 1000, "label": "D29 PR1+1000"}}, {"type": "Feature", "geometry": {"type": "Point", "coordinates": [8.89932004, 41.95375584]}, "properties": {"route": "D29", "pr": "22", "abs": 22000, "label": "D29 PR22+22000"}}, {"type": "Feature", "geometry": {"type": "Point", "coordinates": [8.59621359, 42.13630791]}, "properties": {"route": "D181", "pr": "0", "abs": 0, "label": "D181 PR0"}}, {"type": "Feature", "geometry": {"type": "Point", "coordinates": [8.63873032, 42.14922635]}, "properties": {"route": "D181", "pr": "5", "abs": 5000, "label": "D181 PR5+5000"}}, {"type": "Feature", "geometry": {"type": "Point", "coordinates": [8.62895852, 42.14674521]}, "properties": {"route": "D181", "pr": "4", "abs": 4000, "label": "D181 PR4+4000"}}, {"type": "Feature", "geometry": {"type": "Point", "coordinates": [8.62632909, 42.14416967]}, "properties": {"route": "D181", "pr": "3", "abs": 3000, "label": "D181 PR3+3000"}}, {"type": "Feature", "geometry": {"type": "Point", "coordinates": [8.67940785, 42.14576939]}, "properties": {"route": "D181", "pr": "11", "abs": 11000, "label": "D181 PR11+11000"}}, {"type": "Feature", "geometry": {"type": "Point", "coordinates": [8.65603876, 42.14714052]}, "properties": {"route": "D181", "pr": "7", "abs": 7000, "label": "D181 PR7+7000"}}, {"type": "Feature", "geometry": {"type": "Point", "coordinates": [8.67163359, 42.14951573]}, "properties": {"route": "D181", "pr": "9", "abs": 9000, "label": "D181 PR9+9000"}}, {"type": "Feature", "geometry": {"type": "Point", "coordinates": [8.60661589, 42.13815222]}, "properties": {"route": "D181", "pr": "1", "abs": 1000, "label": "D181 PR1+1000"}}, {"type": "Feature", "geometry": {"type": "Point", "coordinates": [8.6865822, 42.14055192]}, "properties": {"route": "D181", "pr": "12", "abs": 12000, "label": "D181 PR12+12000"}}, {"type": "Feature", "geometry": {"type": "Point", "coordinates": [8.71113471, 42.14151649]}, "properties": {"route": "D181", "pr": "15", "abs": 15000, "label": "D181 PR15+15000"}}, {"type": "Feature", "geometry": {"type": "Point", "coordinates": [8.61567962, 42.14291145]}, "properties": {"route": "D181", "pr": "2", "abs": 2000, "label": "D181 PR2+2000"}}, {"type": "Feature", "geometry": {"type": "Point", "coordinates": [8.6929675, 42.14354412]}, "properties": {"route": "D181", "pr": "13", "abs": 13000, "label": "D181 PR13+13000"}}, {"type": "Feature", "geometry": {"type": "Point", "coordinates": [8.66544529, 42.1456117]}, "properties": {"route": "D181", "pr": "8", "abs": 8000, "label": "D181 PR8+8000"}}, {"type": "Feature", "geometry": {"type": "Point", "coordinates": [8.70071608, 42.13954165]}, "properties": {"route": "D181", "pr": "14", "abs": 14000, "label": "D181 PR14+14000"}}, {"type": "Feature", "geometry": {"type": "Point", "coordinates": [8.64821946, 42.14656226]}, "properties": {"route": "D181", "pr": "6", "abs": 6000, "label": "D181 PR6+6000"}}, {"type": "Feature", "geometry": {"type": "Point", "coordinates": [8.94481842, 42.1239346]}, "properties": {"route": "D504A", "pr": "0", "abs": 0, "label": "D504A PR0"}}, {"type": "Feature", "geometry": {"type": "Point", "coordinates": [8.94773879, 42.12778689]}, "properties": {"route": "D504A", "pr": "1", "abs": 1000, "label": "D504A PR1+1000"}}, {"type": "Feature", "geometry": {"type": "Point", "coordinates": [8.7782083, 41.98053008]}, "properties": {"route": "D161", "pr": "0", "abs": 0, "label": "D161 PR0"}}, {"type": "Feature", "geometry": {"type": "Point", "coordinates": [8.80388157, 41.97966588]}, "properties": {"route": "D161", "pr": "3", "abs": 3000, "label": "D161 PR3+3000"}}, {"type": "Feature", "geometry": {"type": "Point", "coordinates": [8.78814015, 41.98119619]}, "properties": {"route": "D161", "pr": "1", "abs": 1000, "label": "D161 PR1+1000"}}, {"type": "Feature", "geometry": {"type": "Point", "coordinates": [8.79774554, 41.98413233]}, "properties": {"route": "D161", "pr": "2", "abs": 2000, "label": "D161 PR2+2000"}}, {"type": "Feature", "geometry": {"type": "Point", "coordinates": [8.81957807, 41.97307551]}, "properties": {"route": "D161", "pr": "5", "abs": 5000, "label": "D161 PR5+5000"}}, {"type": "Feature", "geometry": {"type": "Point", "coordinates": [8.82483001, 42.00130154]}, "properties": {"route": "D161", "pr": "9", "abs": 9000, "label": "D161 PR9+9000"}}, {"type": "Feature", "geometry": {"type": "Point", "coordinates": [8.82946831, 42.01418004]}, "properties": {"route": "D161", "pr": "11", "abs": 11000, "label": "D161 PR11+11000"}}, {"type": "Feature", "geometry": {"type": "Point", "coordinates": [8.83218986, 42.02634097]}, "properties": {"route": "D161", "pr": "16", "abs": 16000, "label": "D161 PR16+16000"}}, {"type": "Feature", "geometry": {"type": "Point", "coordinates": [8.83059489, 42.0072692]}, "properties": {"route": "D161", "pr": "10", "abs": 10000, "label": "D161 PR10+10000"}}, {"type": "Feature", "geometry": {"type": "Point", "coordinates": [8.82321759, 42.02314093]}, "properties": {"route": "D161", "pr": "14", "abs": 14000, "label": "D161 PR14+14000"}}, {"type": "Feature", "geometry": {"type": "Point", "coordinates": [8.81279901, 41.9751343]}, "properties": {"route": "D161", "pr": "4", "abs": 4000, "label": "D161 PR4+4000"}}, {"type": "Feature", "geometry": {"type": "Point", "coordinates": [8.82677596, 41.99429613]}, "properties": {"route": "D161", "pr": "8", "abs": 8000, "label": "D161 PR8+8000"}}, {"type": "Feature", "geometry": {"type": "Point", "coordinates": [8.82571034, 42.02935867]}, "properties": {"route": "D161", "pr": "15", "abs": 15000, "label": "D161 PR15+15000"}}, {"type": "Feature", "geometry": {"type": "Point", "coordinates": [8.82475033, 41.98655122]}, "properties": {"route": "D161", "pr": "7", "abs": 7000, "label": "D161 PR7+7000"}}, {"type": "Feature", "geometry": {"type": "Point", "coordinates": [8.82543228, 41.97823548]}, "properties": {"route": "D161", "pr": "6", "abs": 6000, "label": "D161 PR6+6000"}}, {"type": "Feature", "geometry": {"type": "Point", "coordinates": [8.82644749, 42.02209537]}, "properties": {"route": "D161", "pr": "13", "abs": 13000, "label": "D161 PR13+13000"}}, {"type": "Feature", "geometry": {"type": "Point", "coordinates": [8.82389018, 42.01693082]}, "properties": {"route": "D161", "pr": "12", "abs": 12000, "label": "D161 PR12+12000"}}, {"type": "Feature", "geometry": {"type": "Point", "coordinates": [8.85479161, 41.85413008]}, "properties": {"route": "D255", "pr": "0", "abs": 0, "label": "D255 PR0"}}, {"type": "Feature", "geometry": {"type": "Point", "coordinates": [8.85645689, 41.83976687]}, "properties": {"route": "D255", "pr": "2", "abs": 2000, "label": "D255 PR2+2000"}}, {"type": "Feature", "geometry": {"type": "Point", "coordinates": [8.85080591, 41.83436189]}, "properties": {"route": "D255", "pr": "3", "abs": 3000, "label": "D255 PR3+3000"}}, {"type": "Feature", "geometry": {"type": "Point", "coordinates": [8.8557665, 41.84798498]}, "properties": {"route": "D255", "pr": "1", "abs": 1000, "label": "D255 PR1+1000"}}, {"type": "Feature", "geometry": {"type": "Point", "coordinates": [8.76252457, 42.00991083]}, "properties": {"route": "D581", "pr": "2", "abs": 2000, "label": "D581 PR2+2000"}}, {"type": "Feature", "geometry": {"type": "Point", "coordinates": [8.76233896, 42.00482576]}, "properties": {"route": "D581", "pr": "1", "abs": 1000, "label": "D581 PR1+1000"}}, {"type": "Feature", "geometry": {"type": "Point", "coordinates": [8.94338282, 42.12541645]}, "properties": {"route": "D504B", "pr": "0", "abs": 0, "label": "D504B PR0"}}, {"type": "Feature", "geometry": {"type": "Point", "coordinates": [9.09141832, 41.89873975]}, "properties": {"route": "D28", "pr": "0", "abs": 0, "label": "D28 PR0"}}, {"type": "Feature", "geometry": {"type": "Point", "coordinates": [9.13074981, 41.94641572]}, "properties": {"route": "D28", "pr": "12", "abs": 12000, "label": "D28 PR12+12000"}}, {"type": "Feature", "geometry": {"type": "Point", "coordinates": [9.12314934, 41.94182517]}, "properties": {"route": "D28", "pr": "11", "abs": 11000, "label": "D28 PR11+11000"}}, {"type": "Feature", "geometry": {"type": "Point", "coordinates": [9.1071517, 41.92857096]}, "properties": {"route": "D28", "pr": "7", "abs": 7000, "label": "D28 PR7+7000"}}, {"type": "Feature", "geometry": {"type": "Point", "coordinates": [9.08501412, 41.91192277]}, "properties": {"route": "D28", "pr": "3", "abs": 3000, "label": "D28 PR3+3000"}}, {"type": "Feature", "geometry": {"type": "Point", "coordinates": [9.1121696, 41.93636125]}, "properties": {"route": "D28", "pr": "9", "abs": 9000, "label": "D28 PR9+9000"}}, {"type": "Feature", "geometry": {"type": "Point", "coordinates": [9.15878496, 41.95365892]}, "properties": {"route": "D28", "pr": "16", "abs": 16000, "label": "D28 PR16+16000"}}, {"type": "Feature", "geometry": {"type": "Point", "coordinates": [9.13985592, 41.94751655]}, "properties": {"route": "D28", "pr": "13", "abs": 13000, "label": "D28 PR13+13000"}}, {"type": "Feature", "geometry": {"type": "Point", "coordinates": [9.09205155, 41.90899736]}, "properties": {"route": "D28", "pr": "2", "abs": 2000, "label": "D28 PR2+2000"}}, {"type": "Feature", "geometry": {"type": "Point", "coordinates": [9.10293853, 41.92308308]}, "properties": {"route": "D28", "pr": "6", "abs": 6000, "label": "D28 PR6+6000"}}, {"type": "Feature", "geometry": {"type": "Point", "coordinates": [9.17055451, 41.95343211]}, "properties": {"route": "D28", "pr": "22", "abs": 22000, "label": "D28 PR22+22000"}}, {"type": "Feature", "geometry": {"type": "Point", "coordinates": [9.09389244, 41.92081445]}, "properties": {"route": "D28", "pr": "5", "abs": 5000, "label": "D28 PR5+5000"}}, {"type": "Feature", "geometry": {"type": "Point", "coordinates": [9.15111477, 41.95037275]}, "properties": {"route": "D28", "pr": "15", "abs": 15000, "label": "D28 PR15+15000"}}, {"type": "Feature", "geometry": {"type": "Point", "coordinates": [9.14273503, 41.95316035]}, "properties": {"route": "D28", "pr": "14", "abs": 14000, "label": "D28 PR14+14000"}}, {"type": "Feature", "geometry": {"type": "Point", "coordinates": [9.17350641, 41.96915861]}, "properties": {"route": "D28", "pr": "19", "abs": 19000, "label": "D28 PR19+19000"}}, {"type": "Feature", "geometry": {"type": "Point", "coordinates": [9.16848711, 41.95875615]}, "properties": {"route": "D28", "pr": "17", "abs": 17000, "label": "D28 PR17+17000"}}, {"type": "Feature", "geometry": {"type": "Point", "coordinates": [9.08950831, 41.90449131]}, "properties": {"route": "D28", "pr": "1", "abs": 1000, "label": "D28 PR1+1000"}}, {"type": "Feature", "geometry": {"type": "Point", "coordinates": [9.17147284, 41.9596306]}, "properties": {"route": "D28", "pr": "21", "abs": 21000, "label": "D28 PR21+21000"}}, {"type": "Feature", "geometry": {"type": "Point", "coordinates": [9.17306772, 41.96365654]}, "properties": {"route": "D28", "pr": "20", "abs": 20000, "label": "D28 PR20+20000"}}, {"type": "Feature", "geometry": {"type": "Point", "coordinates": [9.11380245, 41.9308332]}, "properties": {"route": "D28", "pr": "8", "abs": 8000, "label": "D28 PR8+8000"}}, {"type": "Feature", "geometry": {"type": "Point", "coordinates": [9.08929584, 41.9171531]}, "properties": {"route": "D28", "pr": "4", "abs": 4000, "label": "D28 PR4+4000"}}, {"type": "Feature", "geometry": {"type": "Point", "coordinates": [9.17217452, 41.96644377]}, "properties": {"route": "D28", "pr": "18", "abs": 18000, "label": "D28 PR18+18000"}}, {"type": "Feature", "geometry": {"type": "Point", "coordinates": [9.11645657, 41.93965053]}, "properties": {"route": "D28", "pr": "10", "abs": 10000, "label": "D28 PR10+10000"}}, {"type": "Feature", "geometry": {"type": "Point", "coordinates": [8.64240585, 42.32186054]}, "properties": {"route": "D424", "pr": "0", "abs": 0, "label": "D424 PR0"}}, {"type": "Feature", "geometry": {"type": "Point", "coordinates": [8.63852805, 42.31591855]}, "properties": {"route": "D424", "pr": "3", "abs": 3000, "label": "D424 PR3+3000"}}, {"type": "Feature", "geometry": {"type": "Point", "coordinates": [8.6348619, 42.32332153]}, "properties": {"route": "D424", "pr": "1", "abs": 1000, "label": "D424 PR1+1000"}}, {"type": "Feature", "geometry": {"type": "Point", "coordinates": [8.63143192, 42.32042273]}, "properties": {"route": "D424", "pr": "2", "abs": 2000, "label": "D424 PR2+2000"}}, {"type": "Feature", "geometry": {"type": "Point", "coordinates": [8.64547389, 42.31057217]}, "properties": {"route": "D424", "pr": "4", "abs": 4000, "label": "D424 PR4+4000"}}, {"type": "Feature", "geometry": {"type": "Point", "coordinates": [8.93549809, 42.03335153]}, "properties": {"route": "D129", "pr": "0", "abs": 0, "label": "D129 PR0"}}, {"type": "Feature", "geometry": {"type": "Point", "coordinates": [8.91628651, 42.02540489]}, "properties": {"route": "D129", "pr": "3", "abs": 3000, "label": "D129 PR3+3000"}}, {"type": "Feature", "geometry": {"type": "Point", "coordinates": [8.91015863, 42.02434664]}, "properties": {"route": "D129", "pr": "4", "abs": 4000, "label": "D129 PR4+4000"}}, {"type": "Feature", "geometry": {"type": "Point", "coordinates": [8.90106762, 42.0376513]}, "properties": {"route": "D129", "pr": "9", "abs": 9000, "label": "D129 PR9+9000"}}, {"type": "Feature", "geometry": {"type": "Point", "coordinates": [8.90043013, 42.0273318]}, "properties": {"route": "D129", "pr": "6", "abs": 6000, "label": "D129 PR6+6000"}}, {"type": "Feature", "geometry": {"type": "Point", "coordinates": [8.92346668, 42.02691379]}, "properties": {"route": "D129", "pr": "2", "abs": 2000, "label": "D129 PR2+2000"}}, {"type": "Feature", "geometry": {"type": "Point", "coordinates": [8.9304812, 42.03029753]}, "properties": {"route": "D129", "pr": "1", "abs": 1000, "label": "D129 PR1+1000"}}, {"type": "Feature", "geometry": {"type": "Point", "coordinates": [8.90374445, 42.03275271]}, "properties": {"route": "D129", "pr": "7", "abs": 7000, "label": "D129 PR7+7000"}}, {"type": "Feature", "geometry": {"type": "Point", "coordinates": [8.9003332, 42.0237549]}, "properties": {"route": "D129", "pr": "5", "abs": 5000, "label": "D129 PR5+5000"}}, {"type": "Feature", "geometry": {"type": "Point", "coordinates": [8.90382308, 42.03705959]}, "properties": {"route": "D129", "pr": "8", "abs": 8000, "label": "D129 PR8+8000"}}, {"type": "Feature", "geometry": {"type": "Point", "coordinates": [8.92595353, 42.10691623]}, "properties": {"route": "D604", "pr": "0", "abs": 0, "label": "D604 PR0"}}, {"type": "Feature", "geometry": {"type": "Point", "coordinates": [8.93547088, 42.11007472]}, "properties": {"route": "D604", "pr": "1", "abs": 1000, "label": "D604 PR1+1000"}}, {"type": "Feature", "geometry": {"type": "Point", "coordinates": [8.94132171, 42.11242635]}, "properties": {"route": "D604", "pr": "2", "abs": 2000, "label": "D604 PR2+2000"}}, {"type": "Feature", "geometry": {"type": "Point", "coordinates": [8.79000783, 42.16385343]}, "properties": {"route": "D423", "pr": "0", "abs": 0, "label": "D423 PR0"}}, {"type": "Feature", "geometry": {"type": "Point", "coordinates": [8.79842758, 42.16033935]}, "properties": {"route": "D423", "pr": "1", "abs": 1000, "label": "D423 PR1+1000"}}, {"type": "Feature", "geometry": {"type": "Point", "coordinates": [9.04984204, 42.00080764]}, "properties": {"route": "D27A", "pr": "0", "abs": 0, "label": "D27A PR0"}}, {"type": "Feature", "geometry": {"type": "Point", "coordinates": [9.12175755, 41.99665599]}, "properties": {"route": "D27A", "pr": "15", "abs": 15000, "label": "D27A PR15+15000"}}, {"type": "Feature", "geometry": {"type": "Point", "coordinates": [9.04429011, 41.98396265]}, "properties": {"route": "D27A", "pr": "3", "abs": 3000, "label": "D27A PR3+3000"}}, {"type": "Feature", "geometry": {"type": "Point", "coordinates": [9.05770627, 41.97746596]}, "properties": {"route": "D27A", "pr": "7", "abs": 7000, "label": "D27A PR7+7000"}}, {"type": "Feature", "geometry": {"type": "Point", "coordinates": [9.10370941, 41.99245572]}, "properties": {"route": "D27A", "pr": "13", "abs": 13000, "label": "D27A PR13+13000"}}, {"type": "Feature", "geometry": {"type": "Point", "coordinates": [9.11255969, 41.99526375]}, "properties": {"route": "D27A", "pr": "14", "abs": 14000, "label": "D27A PR14+14000"}}, {"type": "Feature", "geometry": {"type": "Point", "coordinates": [9.05285252, 41.9763584]}, "properties": {"route": "D27A", "pr": "5", "abs": 5000, "label": "D27A PR5+5000"}}, {"type": "Feature", "geometry": {"type": "Point", "coordinates": [9.07297703, 41.97923905]}, "properties": {"route": "D27A", "pr": "9", "abs": 9000, "label": "D27A PR9+9000"}}, {"type": "Feature", "geometry": {"type": "Point", "coordinates": [9.05029764, 41.98292218]}, "properties": {"route": "D27A", "pr": "6", "abs": 6000, "label": "D27A PR6+6000"}}, {"type": "Feature", "geometry": {"type": "Point", "coordinates": [9.04742615, 41.98939591]}, "properties": {"route": "D27A", "pr": "2", "abs": 2000, "label": "D27A PR2+2000"}}, {"type": "Feature", "geometry": {"type": "Point", "coordinates": [9.09701469, 41.98568566]}, "properties": {"route": "D27A", "pr": "12", "abs": 12000, "label": "D27A PR12+12000"}}, {"type": "Feature", "geometry": {"type": "Point", "coordinates": [9.08831661, 41.98315877]}, "properties": {"route": "D27A", "pr": "11", "abs": 11000, "label": "D27A PR11+11000"}}, {"type": "Feature", "geometry": {"type": "Point", "coordinates": [9.06464153, 41.97463325]}, "properties": {"route": "D27A", "pr": "8", "abs": 8000, "label": "D27A PR8+8000"}}, {"type": "Feature", "geometry": {"type": "Point", "coordinates": [9.04891164, 41.99555803]}, "properties": {"route": "D27A", "pr": "1", "abs": 1000, "label": "D27A PR1+1000"}}, {"type": "Feature", "geometry": {"type": "Point", "coordinates": [9.07881163, 41.98244469]}, "properties": {"route": "D27A", "pr": "10", "abs": 10000, "label": "D27A PR10+10000"}}, {"type": "Feature", "geometry": {"type": "Point", "coordinates": [9.04725683, 41.97847296]}, "properties": {"route": "D27A", "pr": "4", "abs": 4000, "label": "D27A PR4+4000"}}, {"type": "Feature", "geometry": {"type": "Point", "coordinates": [8.9631567, 41.88301485]}, "properties": {"route": "D83", "pr": "0", "abs": 0, "label": "D83 PR0"}}, {"type": "Feature", "geometry": {"type": "Point", "coordinates": [9.01787066, 41.89291735]}, "properties": {"route": "D83", "pr": "9", "abs": 9000, "label": "D83 PR9+9000"}}, {"type": "Feature", "geometry": {"type": "Point", "coordinates": [9.06192273, 41.88800441]}, "properties": {"route": "D83", "pr": "17", "abs": 17000, "label": "D83 PR17+17000"}}, {"type": "Feature", "geometry": {"type": "Point", "coordinates": [9.00064581, 41.88760388]}, "properties": {"route": "D83", "pr": "5", "abs": 5000, "label": "D83 PR5+5000"}}, {"type": "Feature", "geometry": {"type": "Point", "coordinates": [8.99602865, 41.88161771]}, "properties": {"route": "D83", "pr": "4", "abs": 4000, "label": "D83 PR4+4000"}}, {"type": "Feature", "geometry": {"type": "Point", "coordinates": [9.03820933, 41.89407134]}, "properties": {"route": "D83", "pr": "13", "abs": 13000, "label": "D83 PR13+13000"}}, {"type": "Feature", "geometry": {"type": "Point", "coordinates": [9.04804111, 41.8910583]}, "properties": {"route": "D83", "pr": "14", "abs": 14000, "label": "D83 PR14+14000"}}, {"type": "Feature", "geometry": {"type": "Point", "coordinates": [9.0216759, 41.89870412]}, "properties": {"route": "D83", "pr": "8", "abs": 8000, "label": "D83 PR8+8000"}}, {"type": "Feature", "geometry": {"type": "Point", "coordinates": [9.06873229, 41.88923907]}, "properties": {"route": "D83", "pr": "18", "abs": 18000, "label": "D83 PR18+18000"}}, {"type": "Feature", "geometry": {"type": "Point", "coordinates": [8.98622279, 41.87753781]}, "properties": {"route": "D83", "pr": "3", "abs": 3000, "label": "D83 PR3+3000"}}, {"type": "Feature", "geometry": {"type": "Point", "coordinates": [9.05265821, 41.89462529]}, "properties": {"route": "D83", "pr": "15", "abs": 15000, "label": "D83 PR15+15000"}}, {"type": "Feature", "geometry": {"type": "Point", "coordinates": [9.08583313, 41.89675465]}, "properties": {"route": "D83", "pr": "20", "abs": 20000, "label": "D83 PR20+20000"}}, {"type": "Feature", "geometry": {"type": "Point", "coordinates": [9.01325153, 41.89449075]}, "properties": {"route": "D83", "pr": "7", "abs": 7000, "label": "D83 PR7+7000"}}, {"type": "Feature", "geometry": {"type": "Point", "coordinates": [9.01755956, 41.88579063]}, "properties": {"route": "D83", "pr": "10", "abs": 10000, "label": "D83 PR10+10000"}}, {"type": "Feature", "geometry": {"type": "Point", "coordinates": [9.09388055, 41.90029685]}, "properties": {"route": "D83", "pr": "21", "abs": 21000, "label": "D83 PR21+21000"}}, {"type": "Feature", "geometry": {"type": "Point", "coordinates": [9.05345839, 41.88880232]}, "properties": {"route": "D83", "pr": "16", "abs": 16000, "label": "D83 PR16+16000"}}, {"type": "Feature", "geometry": {"type": "Point", "coordinates": [8.97713886, 41.87692336]}, "properties": {"route": "D83", "pr": "2", "abs": 2000, "label": "D83 PR2+2000"}}, {"type": "Feature", "geometry": {"type": "Point", "coordinates": [9.00630162, 41.89297044]}, "properties": {"route": "D83", "pr": "6", "abs": 6000, "label": "D83 PR6+6000"}}, {"type": "Feature", "geometry": {"type": "Point", "coordinates": [8.96976689, 41.88081658]}, "properties": {"route": "D83", "pr": "1", "abs": 1000, "label": "D83 PR1+1000"}}, {"type": "Feature", "geometry": {"type": "Point", "coordinates": [9.07728157, 41.8922904]}, "properties": {"route": "D83", "pr": "19", "abs": 19000, "label": "D83 PR19+19000"}}, {"type": "Feature", "geometry": {"type": "Point", "coordinates": [9.02640159, 41.88517493]}, "properties": {"route": "D83", "pr": "11", "abs": 11000, "label": "D83 PR11+11000"}}, {"type": "Feature", "geometry": {"type": "Point", "coordinates": [9.03243272, 41.89008719]}, "properties": {"route": "D83", "pr": "12", "abs": 12000, "label": "D83 PR12+12000"}}, {"type": "Feature", "geometry": {"type": "Point", "coordinates": [8.92124327, 41.8340571]}, "properties": {"route": "D202", "pr": "0", "abs": 0, "label": "D202 PR0"}}, {"type": "Feature", "geometry": {"type": "Point", "coordinates": [8.91961102, 41.85118217]}, "properties": {"route": "D202", "pr": "3", "abs": 3000, "label": "D202 PR3+3000"}}, {"type": "Feature", "geometry": {"type": "Point", "coordinates": [8.92550336, 41.8485288]}, "properties": {"route": "D202", "pr": "2", "abs": 2000, "label": "D202 PR2+2000"}}, {"type": "Feature", "geometry": {"type": "Point", "coordinates": [8.92189563, 41.8413656]}, "properties": {"route": "D202", "pr": "1", "abs": 1000, "label": "D202 PR1+1000"}}, {"type": "Feature", "geometry": {"type": "Point", "coordinates": [8.8006659, 41.98265947]}, "properties": {"route": "D5", "pr": "0", "abs": 0, "label": "D5 PR0"}}, {"type": "Feature", "geometry": {"type": "Point", "coordinates": [8.84276425, 41.99254563]}, "properties": {"route": "D5", "pr": "4", "abs": 4000, "label": "D5 PR4+4000"}}, {"type": "Feature", "geometry": {"type": "Point", "coordinates": [8.81003594, 41.98651554]}, "properties": {"route": "D5", "pr": "1", "abs": 1000, "label": "D5 PR1+1000"}}, {"type": "Feature", "geometry": {"type": "Point", "coordinates": [8.8201643, 41.9882841]}, "properties": {"route": "D5", "pr": "2", "abs": 2000, "label": "D5 PR2+2000"}}, {"type": "Feature", "geometry": {"type": "Point", "coordinates": [8.83147609, 41.99104406]}, "properties": {"route": "D5", "pr": "3", "abs": 3000, "label": "D5 PR3+3000"}}, {"type": "Feature", "geometry": {"type": "Point", "coordinates": [8.72734234, 41.96149835]}, "properties": {"route": "D461", "pr": "0", "abs": 0, "label": "D461 PR0"}}, {"type": "Feature", "geometry": {"type": "Point", "coordinates": [8.73836605, 41.97138508]}, "properties": {"route": "D461", "pr": "2", "abs": 2000, "label": "D461 PR2+2000"}}, {"type": "Feature", "geometry": {"type": "Point", "coordinates": [8.73632381, 41.96534634]}, "properties": {"route": "D461", "pr": "1", "abs": 1000, "label": "D461 PR1+1000"}}, {"type": "Feature", "geometry": {"type": "Point", "coordinates": [9.39525776, 41.85947356]}, "properties": {"route": "D68", "pr": "0", "abs": 0, "label": "D68 PR0"}}, {"type": "Feature", "geometry": {"type": "Point", "coordinates": [9.37297797, 41.83970934]}, "properties": {"route": "D68", "pr": "6", "abs": 6000, "label": "D68 PR6+6000"}}, {"type": "Feature", "geometry": {"type": "Point", "coordinates": [9.36961566, 41.84131493]}, "properties": {"route": "D68", "pr": "5", "abs": 5000, "label": "D68 PR5+5000"}}, {"type": "Feature", "geometry": {"type": "Point", "coordinates": [9.38858672, 41.85363254]}, "properties": {"route": "D68", "pr": "2", "abs": 2000, "label": "D68 PR2+2000"}}, {"type": "Feature", "geometry": {"type": "Point", "coordinates": [9.38571388, 41.84978265]}, "properties": {"route": "D68", "pr": "3", "abs": 3000, "label": "D68 PR3+3000"}}, {"type": "Feature", "geometry": {"type": "Point", "coordinates": [9.3770295, 41.84712363]}, "properties": {"route": "D68", "pr": "4", "abs": 4000, "label": "D68 PR4+4000"}}, {"type": "Feature", "geometry": {"type": "Point", "coordinates": [9.39207621, 41.85847332]}, "properties": {"route": "D68", "pr": "1", "abs": 1000, "label": "D68 PR1+1000"}}, {"type": "Feature", "geometry": {"type": "Point", "coordinates": [9.36992232, 41.83711751]}, "properties": {"route": "D68", "pr": "7", "abs": 7000, "label": "D68 PR7+7000"}}, {"type": "Feature", "geometry": {"type": "Point", "coordinates": [8.92808897, 41.86429116]}, "properties": {"route": "D55", "pr": "48", "abs": 48000, "label": "D55 PR48+48000"}}, {"type": "Feature", "geometry": {"type": "Point", "coordinates": [8.79130172, 41.86217278]}, "properties": {"route": "D55", "pr": "8", "abs": 8000, "label": "D55 PR8+8000"}}, {"type": "Feature", "geometry": {"type": "Point", "coordinates": [8.89703179, 41.84150665]}, "properties": {"route": "D55", "pr": "42", "abs": 42000, "label": "D55 PR42+42000"}}, {"type": "Feature", "geometry": {"type": "Point", "coordinates": [8.81853093, 41.90622357]}, "properties": {"route": "D55", "pr": "1", "abs": 1000, "label": "D55 PR1+1000"}}, {"type": "Feature", "geometry": {"type": "Point", "coordinates": [8.94481607, 42.12761492]}, "properties": {"route": "D504C", "pr": "0", "abs": 0, "label": "D504C PR0"}}, {"type": "Feature", "geometry": {"type": "Point", "coordinates": [8.82643565, 41.91157679]}, "properties": {"route": "D55", "pr": "0", "abs": 0, "label": "D55 PR0"}}, {"type": "Feature", "geometry": {"type": "Point", "coordinates": [8.78102434, 41.83421531]}, "properties": {"route": "D55", "pr": "13", "abs": 13000, "label": "D55 PR13+13000"}}, {"type": "Feature", "geometry": {"type": "Point", "coordinates": [8.93200155, 41.87041485]}, "properties": {"route": "D55", "pr": "49", "abs": 49000, "label": "D55 PR49+49000"}}, {"type": "Feature", "geometry": {"type": "Point", "coordinates": [8.9381973, 41.87439202]}, "properties": {"route": "D55", "pr": "50", "abs": 50000, "label": "D55 PR50+50000"}}, {"type": "Feature", "geometry": {"type": "Point", "coordinates": [8.79079183, 41.88301306]}, "properties": {"route": "D55", "pr": "5", "abs": 5000, "label": "D55 PR5+5000"}}, {"type": "Feature", "geometry": {"type": "Point", "coordinates": [8.90424606, 41.85015038]}, "properties": {"route": "D55", "pr": "44", "abs": 44000, "label": "D55 PR44+44000"}}, {"type": "Feature", "geometry": {"type": "Point", "coordinates": [8.7713567, 41.83860183]}, "properties": {"route": "D55", "pr": "12", "abs": 12000, "label": "D55 PR12+12000"}}, {"type": "Feature", "geometry": {"type": "Point", "coordinates": [8.87628884, 41.83285942]}, "properties": {"route": "D55", "pr": "40", "abs": 40000, "label": "D55 PR40+40000"}}, {"type": "Feature", "geometry": {"type": "Point", "coordinates": [8.92401305, 41.85943506]}, "properties": {"route": "D55", "pr": "47", "abs": 47000, "label": "D55 PR47+47000"}}, {"type": "Feature", "geometry": {"type": "Point", "coordinates": [8.80736844, 41.89473123]}, "properties": {"route": "D55", "pr": "3", "abs": 3000, "label": "D55 PR3+3000"}}, {"type": "Feature", "geometry": {"type": "Point", "coordinates": [8.79972141, 41.88880697]}, "properties": {"route": "D55", "pr": "4", "abs": 4000, "label": "D55 PR4+4000"}}, {"type": "Feature", "geometry": {"type": "Point", "coordinates": [8.81336813, 41.90233392]}, "properties": {"route": "D55", "pr": "2", "abs": 2000, "label": "D55 PR2+2000"}}, {"type": "Feature", "geometry": {"type": "Point", "coordinates": [8.91717318, 41.85620507]}, "properties": {"route": "D55", "pr": "46", "abs": 46000, "label": "D55 PR46+46000"}}, {"type": "Feature", "geometry": {"type": "Point", "coordinates": [8.78362301, 41.84659773]}, "properties": {"route": "D55", "pr": "10", "abs": 10000, "label": "D55 PR10+10000"}}, {"type": "Feature", "geometry": {"type": "Point", "coordinates": [8.89828389, 41.84744577]}, "properties": {"route": "D55", "pr": "43", "abs": 43000, "label": "D55 PR43+43000"}}, {"type": "Feature", "geometry": {"type": "Point", "coordinates": [8.77333955, 41.84405316]}, "properties": {"route": "D55", "pr": "11", "abs": 11000, "label": "D55 PR11+11000"}}, {"type": "Feature", "geometry": {"type": "Point", "coordinates": [8.78715162, 41.8698487]}, "properties": {"route": "D55", "pr": "7", "abs": 7000, "label": "D55 PR7+7000"}}, {"type": "Feature", "geometry": {"type": "Point", "coordinates": [8.89076552, 41.83733785]}, "properties": {"route": "D55", "pr": "41", "abs": 41000, "label": "D55 PR41+41000"}}, {"type": "Feature", "geometry": {"type": "Point", "coordinates": [8.90881432, 41.85343909]}, "properties": {"route": "D55", "pr": "45", "abs": 45000, "label": "D55 PR45+45000"}}, {"type": "Feature", "geometry": {"type": "Point", "coordinates": [8.78559085, 41.87619078]}, "properties": {"route": "D55", "pr": "6", "abs": 6000, "label": "D55 PR6+6000"}}, {"type": "Feature", "geometry": {"type": "Point", "coordinates": [8.79091255, 41.85323565]}, "properties": {"route": "D55", "pr": "9", "abs": 9000, "label": "D55 PR9+9000"}}, {"type": "Feature", "geometry": {"type": "Point", "coordinates": [8.92118374, 42.00498904]}, "properties": {"route": "D29A", "pr": "0", "abs": 0, "label": "D29A PR0"}}, {"type": "Feature", "geometry": {"type": "Point", "coordinates": [8.91754978, 41.91757074]}, "properties": {"route": "D27", "pr": "0", "abs": 0, "label": "D27 PR0"}}, {"type": "Feature", "geometry": {"type": "Point", "coordinates": [9.04513673, 42.05934562]}, "properties": {"route": "D27", "pr": "36", "abs": 36000, "label": "D27 PR36+36000"}}, {"type": "Feature", "geometry": {"type": "Point", "coordinates": [8.99579296, 41.95772306]}, "properties": {"route": "D27", "pr": "10", "abs": 10000, "label": "D27 PR10+10000"}}, {"type": "Feature", "geometry": {"type": "Point", "coordinates": [8.95100626, 41.92084968]}, "properties": {"route": "D27", "pr": "3", "abs": 3000, "label": "D27 PR3+3000"}}, {"type": "Feature", "geometry": {"type": "Point", "coordinates": [9.04229547, 41.99453277]}, "properties": {"route": "D27", "pr": "17", "abs": 17000, "label": "D27 PR17+17000"}}, {"type": "Feature", "geometry": {"type": "Point", "coordinates": [9.04098342, 42.00949455]}, "properties": {"route": "D27", "pr": "22", "abs": 22000, "label": "D27 PR22+22000"}}, {"type": "Feature", "geometry": {"type": "Point", "coordinates": [9.04601405, 42.06872508]}, "properties": {"route": "D27", "pr": "38", "abs": 38000, "label": "D27 PR38+38000"}}, {"type": "Feature", "geometry": {"type": "Point", "coordinates": [9.03743721, 42.02226745]}, "properties": {"route": "D27", "pr": "26", "abs": 26000, "label": "D27 PR26+26000"}}, {"type": "Feature", "geometry": {"type": "Point", "coordinates": [9.03723213, 42.05316033]}, "properties": {"route": "D27", "pr": "34", "abs": 34000, "label": "D27 PR34+34000"}}, {"type": "Feature", "geometry": {"type": "Point", "coordinates": [9.01853729, 41.98117662]}, "properties": {"route": "D27", "pr": "14", "abs": 14000, "label": "D27 PR14+14000"}}, {"type": "Feature", "geometry": {"type": "Point", "coordinates": [9.0300261, 42.05276229]}, "properties": {"route": "D27", "pr": "33", "abs": 33000, "label": "D27 PR33+33000"}}, {"type": "Feature", "geometry": {"type": "Point", "coordinates": [9.0388894, 42.01905317]}, "properties": {"route": "D27", "pr": "25", "abs": 25000, "label": "D27 PR25+25000"}}, {"type": "Feature", "geometry": {"type": "Point", "coordinates": [9.04397509, 42.06531902]}, "properties": {"route": "D27", "pr": "37", "abs": 37000, "label": "D27 PR37+37000"}}, {"type": "Feature", "geometry": {"type": "Point", "coordinates": [9.0233423, 42.05095892]}, "properties": {"route": "D27", "pr": "31", "abs": 31000, "label": "D27 PR31+31000"}}, {"type": "Feature", "geometry": {"type": "Point", "coordinates": [9.0355706, 42.04136848]}, "properties": {"route": "D27", "pr": "29", "abs": 29000, "label": "D27 PR29+29000"}}, {"type": "Feature", "geometry": {"type": "Point", "coordinates": [9.01331508, 41.97410993]}, "properties": {"route": "D27", "pr": "13", "abs": 13000, "label": "D27 PR13+13000"}}, {"type": "Feature", "geometry": {"type": "Point", "coordinates": [9.04378436, 42.052914]}, "properties": {"route": "D27", "pr": "35", "abs": 35000, "label": "D27 PR35+35000"}}, {"type": "Feature", "geometry": {"type": "Point", "coordinates": [8.98893102, 41.94430584]}, "properties": {"route": "D27", "pr": "8", "abs": 8000, "label": "D27 PR8+8000"}}, {"type": "Feature", "geometry": {"type": "Point", "coordinates": [9.03723238, 42.03702394]}, "properties": {"route": "D27", "pr": "28", "abs": 28000, "label": "D27 PR28+28000"}}, {"type": "Feature", "geometry": {"type": "Point", "coordinates": [9.04789266, 42.01552415]}, "properties": {"route": "D27", "pr": "23", "abs": 23000, "label": "D27 PR23+23000"}}, {"type": "Feature", "geometry": {"type": "Point", "coordinates": [8.96903766, 41.92605495]}, "properties": {"route": "D27", "pr": "5", "abs": 5000, "label": "D27 PR5+5000"}}, {"type": "Feature", "geometry": {"type": "Point", "coordinates": [9.04620955, 42.07874019]}, "properties": {"route": "D27", "pr": "40", "abs": 40000, "label": "D27 PR40+40000"}}, {"type": "Feature", "geometry": {"type": "Point", "coordinates": [8.99213814, 41.95112537]}, "properties": {"route": "D27", "pr": "9", "abs": 9000, "label": "D27 PR9+9000"}}, {"type": "Feature", "geometry": {"type": "Point", "coordinates": [9.05131336, 42.00252015]}, "properties": {"route": "D27", "pr": "19", "abs": 19000, "label": "D27 PR19+19000"}}, {"type": "Feature", "geometry": {"type": "Point", "coordinates": [8.96000408, 41.9251267]}, "properties": {"route": "D27", "pr": "4", "abs": 4000, "label": "D27 PR4+4000"}}, {"type": "Feature", "geometry": {"type": "Point", "coordinates": [9.02648873, 41.98707293]}, "properties": {"route": "D27", "pr": "15", "abs": 15000, "label": "D27 PR15+15000"}}, {"type": "Feature", "geometry": {"type": "Point", "coordinates": [9.04380637, 41.99907788]}, "properties": {"route": "D27", "pr": "20", "abs": 20000, "label": "D27 PR20+20000"}}, {"type": "Feature", "geometry": {"type": "Point", "coordinates": [9.02539346, 42.05670474]}, "properties": {"route": "D27", "pr": "32", "abs": 32000, "label": "D27 PR32+32000"}}, {"type": "Feature", "geometry": {"type": "Point", "coordinates": [9.03126915, 42.04804161]}, "properties": {"route": "D27", "pr": "30", "abs": 30000, "label": "D27 PR30+30000"}}, {"type": "Feature", "geometry": {"type": "Point", "coordinates": [9.04444672, 42.07403685]}, "properties": {"route": "D27", "pr": "39", "abs": 39000, "label": "D27 PR39+39000"}}, {"type": "Feature", "geometry": {"type": "Point", "coordinates": [9.00519103, 41.96082812]}, "properties": {"route": "D27", "pr": "11", "abs": 11000, "label": "D27 PR11+11000"}}, {"type": "Feature", "geometry": {"type": "Point", "coordinates": [8.92907261, 41.91957077]}, "properties": {"route": "D27", "pr": "1", "abs": 1000, "label": "D27 PR1+1000"}}, {"type": "Feature", "geometry": {"type": "Point", "coordinates": [9.03184566, 41.99272948]}, "properties": {"route": "D27", "pr": "16", "abs": 16000, "label": "D27 PR16+16000"}}, {"type": "Feature", "geometry": {"type": "Point", "coordinates": [8.97565342, 41.93301517]}, "properties": {"route": "D27", "pr": "6", "abs": 6000, "label": "D27 PR6+6000"}}, {"type": "Feature", "geometry": {"type": "Point", "coordinates": [8.94069927, 41.92108446]}, "properties": {"route": "D27", "pr": "2", "abs": 2000, "label": "D27 PR2+2000"}}, {"type": "Feature", "geometry": {"type": "Point", "coordinates": [9.04434569, 42.01833936]}, "properties": {"route": "D27", "pr": "24", "abs": 24000, "label": "D27 PR24+24000"}}, {"type": "Feature", "geometry": {"type": "Point", "coordinates": [9.04868095, 42.00017217]}, "properties": {"route": "D27", "pr": "18", "abs": 18000, "label": "D27 PR18+18000"}}, {"type": "Feature", "geometry": {"type": "Point", "coordinates": [9.03766222, 42.02966796]}, "properties": {"route": "D27", "pr": "27", "abs": 27000, "label": "D27 PR27+27000"}}, {"type": "Feature", "geometry": {"type": "Point", "coordinates": [9.00524287, 41.96814678]}, "properties": {"route": "D27", "pr": "12", "abs": 12000, "label": "D27 PR12+12000"}}, {"type": "Feature", "geometry": {"type": "Point", "coordinates": [8.98571191, 41.93720679]}, "properties": {"route": "D27", "pr": "7", "abs": 7000, "label": "D27 PR7+7000"}}, {"type": "Feature", "geometry": {"type": "Point", "coordinates": [9.03883838, 42.00246977]}, "properties": {"route": "D27", "pr": "21", "abs": 21000, "label": "D27 PR21+21000"}}, {"type": "Feature", "geometry": {"type": "Point", "coordinates": [9.1112187, 41.91483136]}, "properties": {"route": "D757A", "pr": "0", "abs": 0, "label": "D757A PR0"}}, {"type": "Feature", "geometry": {"type": "Point", "coordinates": [9.10781928, 41.90741528]}, "properties": {"route": "D757A", "pr": "1", "abs": 1000, "label": "D757A PR1+1000"}}, {"type": "Feature", "geometry": {"type": "Point", "coordinates": [9.12595724, 41.90893429]}, "properties": {"route": "D757A", "pr": "3", "abs": 3000, "label": "D757A PR3+3000"}}, {"type": "Feature", "geometry": {"type": "Point", "coordinates": [9.11751935, 41.90904909]}, "properties": {"route": "D757A", "pr": "2", "abs": 2000, "label": "D757A PR2+2000"}}, {"type": "Feature", "geometry": {"type": "Point", "coordinates": [9.12965826, 41.90682799]}, "properties": {"route": "D757A", "pr": "4", "abs": 4000, "label": "D757A PR4+4000"}}, {"type": "Feature", "geometry": {"type": "Point", "coordinates": [9.05355556, 41.83982939]}, "properties": {"route": "D757", "pr": "38", "abs": 38000, "label": "D757 PR38+38000"}}, {"type": "Feature", "geometry": {"type": "Point", "coordinates": [9.10277377, 41.90799742]}, "properties": {"route": "D757", "pr": "51", "abs": 51000, "label": "D757 PR51+51000"}}, {"type": "Feature", "geometry": {"type": "Point", "coordinates": [9.0475799, 41.84112023]}, "properties": {"route": "D757", "pr": "37", "abs": 37000, "label": "D757 PR37+37000"}}, {"type": "Feature", "geometry": {"type": "Point", "coordinates": [9.03851759, 41.83273713]}, "properties": {"route": "D757", "pr": "35", "abs": 35000, "label": "D757 PR35+35000"}}, {"type": "Feature", "geometry": {"type": "Point", "coordinates": [9.12680469, 41.92135312]}, "properties": {"route": "D757", "pr": "54", "abs": 54000, "label": "D757 PR54+54000"}}, {"type": "Feature", "geometry": {"type": "Point", "coordinates": [9.05668983, 41.84970637]}, "properties": {"route": "D757", "pr": "40", "abs": 40000, "label": "D757 PR40+40000"}}, {"type": "Feature", "geometry": {"type": "Point", "coordinates": [9.14172096, 41.92884534]}, "properties": {"route": "D757", "pr": "57", "abs": 57000, "label": "D757 PR57+57000"}}, {"type": "Feature", "geometry": {"type": "Point", "coordinates": [9.06654415, 41.85885907]}, "properties": {"route": "D757", "pr": "42", "abs": 42000, "label": "D757 PR42+42000"}}, {"type": "Feature", "geometry": {"type": "Point", "coordinates": [9.14925745, 41.93232804]}, "properties": {"route": "D757", "pr": "58", "abs": 58000, "label": "D757 PR58+58000"}}, {"type": "Feature", "geometry": {"type": "Point", "coordinates": [9.07061299, 41.87233479]}, "properties": {"route": "D757", "pr": "45", "abs": 45000, "label": "D757 PR45+45000"}}, {"type": "Feature", "geometry": {"type": "Point", "coordinates": [9.06049542, 41.85669154]}, "properties": {"route": "D757", "pr": "41", "abs": 41000, "label": "D757 PR41+41000"}}, {"type": "Feature", "geometry": {"type": "Point", "coordinates": [9.09108723, 41.89458357]}, "properties": {"route": "D757", "pr": "49", "abs": 49000, "label": "D757 PR49+49000"}}, {"type": "Feature", "geometry": {"type": "Point", "coordinates": [9.11858975, 41.9197186]}, "properties": {"route": "D757", "pr": "53", "abs": 53000, "label": "D757 PR53+53000"}}, {"type": "Feature", "geometry": {"type": "Point", "coordinates": [9.09827981, 41.90087516]}, "properties": {"route": "D757", "pr": "50", "abs": 50000, "label": "D757 PR50+50000"}}, {"type": "Feature", "geometry": {"type": "Point", "coordinates": [9.11063277, 41.91373087]}, "properties": {"route": "D757", "pr": "52", "abs": 52000, "label": "D757 PR52+52000"}}, {"type": "Feature", "geometry": {"type": "Point", "coordinates": [9.05430357, 41.84325227]}, "properties": {"route": "D757", "pr": "39", "abs": 39000, "label": "D757 PR39+39000"}}, {"type": "Feature", "geometry": {"type": "Point", "coordinates": [9.13313913, 41.92753778]}, "properties": {"route": "D757", "pr": "56", "abs": 56000, "label": "D757 PR56+56000"}}, {"type": "Feature", "geometry": {"type": "Point", "coordinates": [9.0882152, 41.88774227]}, "properties": {"route": "D757", "pr": "48", "abs": 48000, "label": "D757 PR48+48000"}}, {"type": "Feature", "geometry": {"type": "Point", "coordinates": [9.12410228, 41.92528549]}, "properties": {"route": "D757", "pr": "55", "abs": 55000, "label": "D757 PR55+55000"}}, {"type": "Feature", "geometry": {"type": "Point", "coordinates": [9.08265136, 41.8852522]}, "properties": {"route": "D757", "pr": "47", "abs": 47000, "label": "D757 PR47+47000"}}, {"type": "Feature", "geometry": {"type": "Point", "coordinates": [9.0761867, 41.87863052]}, "properties": {"route": "D757", "pr": "46", "abs": 46000, "label": "D757 PR46+46000"}}, {"type": "Feature", "geometry": {"type": "Point", "coordinates": [9.0429424, 41.83674656]}, "properties": {"route": "D757", "pr": "36", "abs": 36000, "label": "D757 PR36+36000"}}, {"type": "Feature", "geometry": {"type": "Point", "coordinates": [9.0677396, 41.86431132]}, "properties": {"route": "D757", "pr": "43", "abs": 43000, "label": "D757 PR43+43000"}}, {"type": "Feature", "geometry": {"type": "Point", "coordinates": [9.07260913, 41.86751678]}, "properties": {"route": "D757", "pr": "44", "abs": 44000, "label": "D757 PR44+44000"}}, {"type": "Feature", "geometry": {"type": "Point", "coordinates": [8.75866783, 41.94485889]}, "properties": {"route": "D31", "pr": "0", "abs": 0, "label": "D31 PR0"}}, {"type": "Feature", "geometry": {"type": "Point", "coordinates": [8.77019794, 41.94567154]}, "properties": {"route": "D31", "pr": "1", "abs": 1000, "label": "D31 PR1+1000"}}, {"type": "Feature", "geometry": {"type": "Point", "coordinates": [8.77915079, 41.95100194]}, "properties": {"route": "D31", "pr": "2", "abs": 2000, "label": "D31 PR2+2000"}}, {"type": "Feature", "geometry": {"type": "Point", "coordinates": [8.69252939, 41.97138995]}, "properties": {"route": "D561", "pr": "0", "abs": 0, "label": "D561 PR0"}}, {"type": "Feature", "geometry": {"type": "Point", "coordinates": [8.68593604, 41.97520575]}, "properties": {"route": "D561", "pr": "1", "abs": 1000, "label": "D561 PR1+1000"}}, {"type": "Feature", "geometry": {"type": "Point", "coordinates": [8.67827564, 41.98045661]}, "properties": {"route": "D561", "pr": "2", "abs": 2000, "label": "D561 PR2+2000"}}, {"type": "Feature", "geometry": {"type": "Point", "coordinates": [8.66967139, 41.97958743]}, "properties": {"route": "D561", "pr": "3", "abs": 3000, "label": "D561 PR3+3000"}}, {"type": "Feature", "geometry": {"type": "Point", "coordinates": [8.66137384, 41.97545488]}, "properties": {"route": "D561", "pr": "4", "abs": 4000, "label": "D561 PR4+4000"}}, {"type": "Feature", "geometry": {"type": "Point", "coordinates": [8.88930465, 42.17273913]}, "properties": {"route": "D323", "pr": "0", "abs": 0, "label": "D323 PR0"}}, {"type": "Feature", "geometry": {"type": "Point", "coordinates": [8.89215762, 42.17462066]}, "properties": {"route": "D323", "pr": "1", "abs": 1000, "label": "D323 PR1+1000"}}, {"type": "Feature", "geometry": {"type": "Point", "coordinates": [8.82848186, 41.92194019]}, "properties": {"route": "D303", "pr": "0", "abs": 0, "label": "D303 PR0"}}, {"type": "Feature", "geometry": {"type": "Point", "coordinates": [8.85354417, 41.97482734]}, "properties": {"route": "D303", "pr": "9", "abs": 9000, "label": "D303 PR9+9000"}}, {"type": "Feature", "geometry": {"type": "Point", "coordinates": [8.84992016, 41.96969578]}, "properties": {"route": "D303", "pr": "8", "abs": 8000, "label": "D303 PR8+8000"}}, {"type": "Feature", "geometry": {"type": "Point", "coordinates": [8.85027809, 41.94946939]}, "properties": {"route": "D303", "pr": "5", "abs": 5000, "label": "D303 PR5+5000"}}, {"type": "Feature", "geometry": {"type": "Point", "coordinates": [8.84870165, 41.94391736]}, "properties": {"route": "D303", "pr": "4", "abs": 4000, "label": "D303 PR4+4000"}}, {"type": "Feature", "geometry": {"type": "Point", "coordinates": [8.83660915, 41.93417829]}, "properties": {"route": "D303", "pr": "2", "abs": 2000, "label": "D303 PR2+2000"}}, {"type": "Feature", "geometry": {"type": "Point", "coordinates": [8.84670467, 41.96411362]}, "properties": {"route": "D303", "pr": "7", "abs": 7000, "label": "D303 PR7+7000"}}, {"type": "Feature", "geometry": {"type": "Point", "coordinates": [8.8421224, 41.93956031]}, "properties": {"route": "D303", "pr": "3", "abs": 3000, "label": "D303 PR3+3000"}}, {"type": "Feature", "geometry": {"type": "Point", "coordinates": [8.83064398, 41.92785265]}, "properties": {"route": "D303", "pr": "1", "abs": 1000, "label": "D303 PR1+1000"}}, {"type": "Feature", "geometry": {"type": "Point", "coordinates": [8.84749189, 41.9559559]}, "properties": {"route": "D303", "pr": "6", "abs": 6000, "label": "D303 PR6+6000"}}, {"type": "Feature", "geometry": {"type": "Point", "coordinates": [8.91023152, 41.93769055]}, "properties": {"route": "D103", "pr": "0", "abs": 0, "label": "D103 PR0"}}, {"type": "Feature", "geometry": {"type": "Point", "coordinates": [8.91495833, 41.92493574]}, "properties": {"route": "D103", "pr": "2", "abs": 2000, "label": "D103 PR2+2000"}}, {"type": "Feature", "geometry": {"type": "Point", "coordinates": [8.91459525, 41.93213892]}, "properties": {"route": "D103", "pr": "1", "abs": 1000, "label": "D103 PR1+1000"}}, {"type": "Feature", "geometry": {"type": "Point", "coordinates": [8.90850877, 41.92296012]}, "properties": {"route": "D103", "pr": "3", "abs": 3000, "label": "D103 PR3+3000"}}, {"type": "Feature", "geometry": {"type": "Point", "coordinates": [8.89899126, 41.91989175]}, "properties": {"route": "D103", "pr": "4", "abs": 4000, "label": "D103 PR4+4000"}}, {"type": "Feature", "geometry": {"type": "Point", "coordinates": [9.1130098, 41.93175226]}, "properties": {"route": "D228", "pr": "0", "abs": 0, "label": "D228 PR0"}}, {"type": "Feature", "geometry": {"type": "Point", "coordinates": [9.11798129, 41.92756072]}, "properties": {"route": "D228", "pr": "1", "abs": 1000, "label": "D228 PR1+1000"}}, {"type": "Feature", "geometry": {"type": "Point", "coordinates": [9.11181494, 41.91794781]}, "properties": {"route": "D228", "pr": "3", "abs": 3000, "label": "D228 PR3+3000"}}, {"type": "Feature", "geometry": {"type": "Point", "coordinates": [9.12135773, 41.92134577]}, "properties": {"route": "D228", "pr": "2", "abs": 2000, "label": "D228 PR2+2000"}}, {"type": "Feature", "geometry": {"type": "Point", "coordinates": [8.85170473, 41.89386386]}, "properties": {"route": "D403", "pr": "0", "abs": 0, "label": "D403 PR0"}}, {"type": "Feature", "geometry": {"type": "Point", "coordinates": [8.8593255, 41.89034927]}, "properties": {"route": "D403", "pr": "1", "abs": 1000, "label": "D403 PR1+1000"}}, {"type": "Feature", "geometry": {"type": "Point", "coordinates": [8.86711566, 41.88583288]}, "properties": {"route": "D403", "pr": "3", "abs": 3000, "label": "D403 PR3+3000"}}, {"type": "Feature", "geometry": {"type": "Point", "coordinates": [8.86745471, 41.88202432]}, "properties": {"route": "D403", "pr": "4", "abs": 4000, "label": "D403 PR4+4000"}}, {"type": "Feature", "geometry": {"type": "Point", "coordinates": [8.86185423, 41.88725503]}, "properties": {"route": "D403", "pr": "2", "abs": 2000, "label": "D403 PR2+2000"}}, {"type": "Feature", "geometry": {"type": "Point", "coordinates": [8.70560911, 42.26629713]}, "properties": {"route": "D124", "pr": "0", "abs": 0, "label": "D124 PR0"}}, {"type": "Feature", "geometry": {"type": "Point", "coordinates": [8.74720015, 42.25793716]}, "properties": {"route": "D124", "pr": "5", "abs": 5000, "label": "D124 PR5+5000"}}, {"type": "Feature", "geometry": {"type": "Point", "coordinates": [8.75727221, 42.25875629]}, "properties": {"route": "D124", "pr": "6", "abs": 6000, "label": "D124 PR6+6000"}}, {"type": "Feature", "geometry": {"type": "Point", "coordinates": [8.76489821, 42.25516767]}, "properties": {"route": "D124", "pr": "7", "abs": 7000, "label": "D124 PR7+7000"}}, {"type": "Feature", "geometry": {"type": "Point", "coordinates": [8.72348205, 42.25970572]}, "properties": {"route": "D124", "pr": "2", "abs": 2000, "label": "D124 PR2+2000"}}, {"type": "Feature", "geometry": {"type": "Point", "coordinates": [8.75570536, 42.25572442]}, "properties": {"route": "D124", "pr": "8", "abs": 8000, "label": "D124 PR8+8000"}}, {"type": "Feature", "geometry": {"type": "Point", "coordinates": [8.7133325, 42.26422726]}, "properties": {"route": "D124", "pr": "1", "abs": 1000, "label": "D124 PR1+1000"}}, {"type": "Feature", "geometry": {"type": "Point", "coordinates": [8.7372258, 42.25575929]}, "properties": {"route": "D124", "pr": "4", "abs": 4000, "label": "D124 PR4+4000"}}, {"type": "Feature", "geometry": {"type": "Point", "coordinates": [8.72941054, 42.25380997]}, "properties": {"route": "D124", "pr": "3", "abs": 3000, "label": "D124 PR3+3000"}}, {"type": "Feature", "geometry": {"type": "Point", "coordinates": [8.7486487, 42.24995799]}, "properties": {"route": "D124", "pr": "9", "abs": 9000, "label": "D124 PR9+9000"}}, {"type": "Feature", "geometry": {"type": "Point", "coordinates": [9.15659945, 41.93486553]}, "properties": {"route": "D69", "pr": "64", "abs": 64000, "label": "D69 PR64+64000"}}, {"type": "Feature", "geometry": {"type": "Point", "coordinates": [9.12351733, 41.89304001]}, "properties": {"route": "D69", "pr": "57", "abs": 57000, "label": "D69 PR57+57000"}}, {"type": "Feature", "geometry": {"type": "Point", "coordinates": [9.1300427, 41.9110064]}, "properties": {"route": "D69", "pr": "60", "abs": 60000, "label": "D69 PR60+60000"}}, {"type": "Feature", "geometry": {"type": "Point", "coordinates": [9.09922468, 41.85841211]}, "properties": {"route": "D69", "pr": "51", "abs": 51000, "label": "D69 PR51+51000"}}, {"type": "Feature", "geometry": {"type": "Point", "coordinates": [9.14769375, 41.92989336]}, "properties": {"route": "D69", "pr": "63", "abs": 63000, "label": "D69 PR63+63000"}}, {"type": "Feature", "geometry": {"type": "Point", "coordinates": [9.17014126, 41.95303724]}, "properties": {"route": "D69", "pr": "67", "abs": 67000, "label": "D69 PR67+67000"}}, {"type": "Feature", "geometry": {"type": "Point", "coordinates": [9.18229092, 41.97660924]}, "properties": {"route": "D69", "pr": "72", "abs": 72000, "label": "D69 PR72+72000"}}, {"type": "Feature", "geometry": {"type": "Point", "coordinates": [9.19345753, 42.00607767]}, "properties": {"route": "D69", "pr": "78", "abs": 78000, "label": "D69 PR78+78000"}}, {"type": "Feature", "geometry": {"type": "Point", "coordinates": [9.13493098, 41.91747939]}, "properties": {"route": "D69", "pr": "61", "abs": 61000, "label": "D69 PR61+61000"}}, {"type": "Feature", "geometry": {"type": "Point", "coordinates": [9.09498962, 41.83938899]}, "properties": {"route": "D69", "pr": "48", "abs": 48000, "label": "D69 PR48+48000"}}, {"type": "Feature", "geometry": {"type": "Point", "coordinates": [9.10126805, 41.87262681]}, "properties": {"route": "D69", "pr": "53", "abs": 53000, "label": "D69 PR53+53000"}}, {"type": "Feature", "geometry": {"type": "Point", "coordinates": [9.18764983, 41.9802615]}, "properties": {"route": "D69", "pr": "73", "abs": 73000, "label": "D69 PR73+73000"}}, {"type": "Feature", "geometry": {"type": "Point", "coordinates": [9.18508264, 41.96956618]}, "properties": {"route": "D69", "pr": "71", "abs": 71000, "label": "D69 PR71+71000"}}, {"type": "Feature", "geometry": {"type": "Point", "coordinates": [9.16323114, 41.94063942]}, "properties": {"route": "D69", "pr": "65", "abs": 65000, "label": "D69 PR65+65000"}}, {"type": "Feature", "geometry": {"type": "Point", "coordinates": [9.18554135, 41.96339963]}, "properties": {"route": "D69", "pr": "69", "abs": 69000, "label": "D69 PR69+69000"}}, {"type": "Feature", "geometry": {"type": "Point", "coordinates": [9.09880916, 41.84659826]}, "properties": {"route": "D69", "pr": "49", "abs": 49000, "label": "D69 PR49+49000"}}, {"type": "Feature", "geometry": {"type": "Point", "coordinates": [9.14017124, 41.92356864]}, "properties": {"route": "D69", "pr": "62", "abs": 62000, "label": "D69 PR62+62000"}}, {"type": "Feature", "geometry": {"type": "Point", "coordinates": [9.18964758, 42.00020243]}, "properties": {"route": "D69", "pr": "77", "abs": 77000, "label": "D69 PR77+77000"}}, {"type": "Feature", "geometry": {"type": "Point", "coordinates": [9.11626611, 41.88634172]}, "properties": {"route": "D69", "pr": "56", "abs": 56000, "label": "D69 PR56+56000"}}, {"type": "Feature", "geometry": {"type": "Point", "coordinates": [9.12963648, 41.89884591]}, "properties": {"route": "D69", "pr": "58", "abs": 58000, "label": "D69 PR58+58000"}}, {"type": "Feature", "geometry": {"type": "Point", "coordinates": [9.19094097, 41.9685605]}, "properties": {"route": "D69", "pr": "70", "abs": 70000, "label": "D69 PR70+70000"}}, {"type": "Feature", "geometry": {"type": "Point", "coordinates": [9.18738531, 41.99140583]}, "properties": {"route": "D69", "pr": "75", "abs": 75000, "label": "D69 PR75+75000"}}, {"type": "Feature", "geometry": {"type": "Point", "coordinates": [9.19501389, 42.02394974]}, "properties": {"route": "D69", "pr": "81", "abs": 81000, "label": "D69 PR81+81000"}}, {"type": "Feature", "geometry": {"type": "Point", "coordinates": [9.19302723, 42.01753223]}, "properties": {"route": "D69", "pr": "80", "abs": 80000, "label": "D69 PR80+80000"}}, {"type": "Feature", "geometry": {"type": "Point", "coordinates": [9.18710789, 41.99517468]}, "properties": {"route": "D69", "pr": "76", "abs": 76000, "label": "D69 PR76+76000"}}, {"type": "Feature", "geometry": {"type": "Point", "coordinates": [9.11512893, 41.87879315]}, "properties": {"route": "D69", "pr": "55", "abs": 55000, "label": "D69 PR55+55000"}}, {"type": "Feature", "geometry": {"type": "Point", "coordinates": [9.19390474, 42.01307289]}, "properties": {"route": "D69", "pr": "79", "abs": 79000, "label": "D69 PR79+79000"}}, {"type": "Feature", "geometry": {"type": "Point", "coordinates": [9.18573884, 41.98628614]}, "properties": {"route": "D69", "pr": "74", "abs": 74000, "label": "D69 PR74+74000"}}, {"type": "Feature", "geometry": {"type": "Point", "coordinates": [9.13290864, 41.90348987]}, "properties": {"route": "D69", "pr": "59", "abs": 59000, "label": "D69 PR59+59000"}}, {"type": "Feature", "geometry": {"type": "Point", "coordinates": [9.09091443, 41.83362518]}, "properties": {"route": "D69", "pr": "47", "abs": 47000, "label": "D69 PR47+47000"}}, {"type": "Feature", "geometry": {"type": "Point", "coordinates": [9.17688965, 41.95869383]}, "properties": {"route": "D69", "pr": "68", "abs": 68000, "label": "D69 PR68+68000"}}, {"type": "Feature", "geometry": {"type": "Point", "coordinates": [9.09912869, 41.86554085]}, "properties": {"route": "D69", "pr": "52", "abs": 52000, "label": "D69 PR52+52000"}}, {"type": "Feature", "geometry": {"type": "Point", "coordinates": [9.16729262, 41.94700747]}, "properties": {"route": "D69", "pr": "66", "abs": 66000, "label": "D69 PR66+66000"}}, {"type": "Feature", "geometry": {"type": "Point", "coordinates": [9.10899615, 41.87810976]}, "properties": {"route": "D69", "pr": "54", "abs": 54000, "label": "D69 PR54+54000"}}, {"type": "Feature", "geometry": {"type": "Point", "coordinates": [9.09681238, 41.85175561]}, "properties": {"route": "D69", "pr": "50", "abs": 50000, "label": "D69 PR50+50000"}}, {"type": "Feature", "geometry": {"type": "Point", "coordinates": [9.39915002, 41.85760424]}, "properties": {"route": "D68A", "pr": "0", "abs": 0, "label": "D68A PR0"}}, {"type": "Feature", "geometry": {"type": "Point", "coordinates": [8.89895381, 42.11920216]}, "properties": {"route": "D804", "pr": "0", "abs": 0, "label": "D804 PR0"}}, {"type": "Feature", "geometry": {"type": "Point", "coordinates": [8.64441335, 41.91089083]}, "properties": {"route": "D111B", "pr": "0", "abs": 0, "label": "D111B PR0"}}, {"type": "Feature", "geometry": {"type": "Point", "coordinates": [8.64859305, 41.92913438]}, "properties": {"route": "D111B", "pr": "3", "abs": 3000, "label": "D111B PR3+3000"}}, {"type": "Feature", "geometry": {"type": "Point", "coordinates": [8.63260908, 41.93698211]}, "properties": {"route": "D111B", "pr": "5", "abs": 5000, "label": "D111B PR5+5000"}}, {"type": "Feature", "geometry": {"type": "Point", "coordinates": [8.6444927, 41.92513949]}, "properties": {"route": "D111B", "pr": "2", "abs": 2000, "label": "D111B PR2+2000"}}, {"type": "Feature", "geometry": {"type": "Point", "coordinates": [8.64048954, 41.93218502]}, "properties": {"route": "D111B", "pr": "4", "abs": 4000, "label": "D111B PR4+4000"}}, {"type": "Feature", "geometry": {"type": "Point", "coordinates": [8.64171453, 41.91850064]}, "properties": {"route": "D111B", "pr": "1", "abs": 1000, "label": "D111B PR1+1000"}}, {"type": "Feature", "geometry": {"type": "Point", "coordinates": [8.81926026, 42.2030936]}, "properties": {"route": "D170", "pr": "0", "abs": 0, "label": "D170 PR0"}}, {"type": "Feature", "geometry": {"type": "Point", "coordinates": [8.82464509, 42.20952098]}, "properties": {"route": "D170", "pr": "1", "abs": 1000, "label": "D170 PR1+1000"}}, {"type": "Feature", "geometry": {"type": "Point", "coordinates": [8.827141, 42.2127044]}, "properties": {"route": "D170", "pr": "2", "abs": 2000, "label": "D170 PR2+2000"}}, {"type": "Feature", "geometry": {"type": "Point", "coordinates": [8.71718435, 42.08543949]}, "properties": {"route": "D56", "pr": "0", "abs": 0, "label": "D56 PR0"}}, {"type": "Feature", "geometry": {"type": "Point", "coordinates": [8.76157354, 42.14283359]}, "properties": {"route": "D56", "pr": "15", "abs": 15000, "label": "D56 PR15+15000"}}, {"type": "Feature", "geometry": {"type": "Point", "coordinates": [8.74291473, 42.13988451]}, "properties": {"route": "D56", "pr": "12", "abs": 12000, "label": "D56 PR12+12000"}}, {"type": "Feature", "geometry": {"type": "Point", "coordinates": [8.73630973, 42.1250632]}, "properties": {"route": "D56", "pr": "8", "abs": 8000, "label": "D56 PR8+8000"}}, {"type": "Feature", "geometry": {"type": "Point", "coordinates": [8.77566491, 42.15615686]}, "properties": {"route": "D56", "pr": "18", "abs": 18000, "label": "D56 PR18+18000"}}, {"type": "Feature", "geometry": {"type": "Point", "coordinates": [8.75319417, 42.14728404]}, "properties": {"route": "D56", "pr": "14", "abs": 14000, "label": "D56 PR14+14000"}}, {"type": "Feature", "geometry": {"type": "Point", "coordinates": [8.74666357, 42.1428724]}, "properties": {"route": "D56", "pr": "13", "abs": 13000, "label": "D56 PR13+13000"}}, {"type": "Feature", "geometry": {"type": "Point", "coordinates": [8.78096332, 42.16010623]}, "properties": {"route": "D56", "pr": "19", "abs": 19000, "label": "D56 PR19+19000"}}, {"type": "Feature", "geometry": {"type": "Point", "coordinates": [8.7722808, 42.15035414]}, "properties": {"route": "D56", "pr": "17", "abs": 17000, "label": "D56 PR17+17000"}}, {"type": "Feature", "geometry": {"type": "Point", "coordinates": [8.7474026, 42.12377513]}, "properties": {"route": "D56", "pr": "9", "abs": 9000, "label": "D56 PR9+9000"}}, {"type": "Feature", "geometry": {"type": "Point", "coordinates": [8.73107308, 42.11228861]}, "properties": {"route": "D56", "pr": "5", "abs": 5000, "label": "D56 PR5+5000"}}, {"type": "Feature", "geometry": {"type": "Point", "coordinates": [8.73618965, 42.12184162]}, "properties": {"route": "D56", "pr": "7", "abs": 7000, "label": "D56 PR7+7000"}}, {"type": "Feature", "geometry": {"type": "Point", "coordinates": [8.72190316, 42.09117]}, "properties": {"route": "D56", "pr": "1", "abs": 1000, "label": "D56 PR1+1000"}}, {"type": "Feature", "geometry": {"type": "Point", "coordinates": [8.74397414, 42.13327165]}, "properties": {"route": "D56", "pr": "11", "abs": 11000, "label": "D56 PR11+11000"}}, {"type": "Feature", "geometry": {"type": "Point", "coordinates": [8.72501606, 42.09849628]}, "properties": {"route": "D56", "pr": "3", "abs": 3000, "label": "D56 PR3+3000"}}, {"type": "Feature", "geometry": {"type": "Point", "coordinates": [8.72453791, 42.09379148]}, "properties": {"route": "D56", "pr": "2", "abs": 2000, "label": "D56 PR2+2000"}}, {"type": "Feature", "geometry": {"type": "Point", "coordinates": [8.7334153, 42.1161376]}, "properties": {"route": "D56", "pr": "6", "abs": 6000, "label": "D56 PR6+6000"}}, {"type": "Feature", "geometry": {"type": "Point", "coordinates": [8.74980602, 42.12834403]}, "properties": {"route": "D56", "pr": "10", "abs": 10000, "label": "D56 PR10+10000"}}, {"type": "Feature", "geometry": {"type": "Point", "coordinates": [8.72573952, 42.10562842]}, "properties": {"route": "D56", "pr": "4", "abs": 4000, "label": "D56 PR4+4000"}}, {"type": "Feature", "geometry": {"type": "Point", "coordinates": [8.76267773, 42.14856507]}, "properties": {"route": "D56", "pr": "16", "abs": 16000, "label": "D56 PR16+16000"}}, {"type": "Feature", "geometry": {"type": "Point", "coordinates": [8.76149706, 41.92984717]}, "properties": {"route": "D503", "pr": "0", "abs": 0, "label": "D503 PR0"}}, {"type": "Feature", "geometry": {"type": "Point", "coordinates": [8.77299563, 41.92951888]}, "properties": {"route": "D503", "pr": "1", "abs": 1000, "label": "D503 PR1+1000"}}, {"type": "Feature", "geometry": {"type": "Point", "coordinates": [8.78430375, 41.93065273]}, "properties": {"route": "D503", "pr": "2", "abs": 2000, "label": "D503 PR2+2000"}}, {"type": "Feature", "geometry": {"type": "Point", "coordinates": [8.79570239, 41.92795925]}, "properties": {"route": "D503", "pr": "3", "abs": 3000, "label": "D503 PR3+3000"}}, {"type": "Feature", "geometry": {"type": "Point", "coordinates": [9.1378046, 41.9299842]}, "properties": {"route": "D328", "pr": "0", "abs": 0, "label": "D328 PR0"}}, {"type": "Feature", "geometry": {"type": "Point", "coordinates": [9.15032013, 41.9453124]}, "properties": {"route": "D328", "pr": "3", "abs": 3000, "label": "D328 PR3+3000"}}, {"type": "Feature", "geometry": {"type": "Point", "coordinates": [9.14377068, 41.93941668]}, "properties": {"route": "D328", "pr": "2", "abs": 2000, "label": "D328 PR2+2000"}}, {"type": "Feature", "geometry": {"type": "Point", "coordinates": [9.14139114, 41.93443781]}, "properties": {"route": "D328", "pr": "1", "abs": 1000, "label": "D328 PR1+1000"}}, {"type": "Feature", "geometry": {"type": "Point", "coordinates": [9.14603884, 41.95022324]}, "properties": {"route": "D328", "pr": "4", "abs": 4000, "label": "D328 PR4+4000"}}, {"type": "Feature", "geometry": {"type": "Point", "coordinates": [8.91127859, 42.17630861]}, "properties": {"route": "D223", "pr": "0", "abs": 0, "label": "D223 PR0"}}, {"type": "Feature", "geometry": {"type": "Point", "coordinates": [8.93016353, 42.18125419]}, "properties": {"route": "D223", "pr": "2", "abs": 2000, "label": "D223 PR2+2000"}}, {"type": "Feature", "geometry": {"type": "Point", "coordinates": [8.92258953, 42.17711523]}, "properties": {"route": "D223", "pr": "1", "abs": 1000, "label": "D223 PR1+1000"}}, {"type": "Feature", "geometry": {"type": "Point", "coordinates": [8.91929723, 41.99963032]}, "properties": {"route": "D229", "pr": "0", "abs": 0, "label": "D229 PR0"}}, {"type": "Feature", "geometry": {"type": "Point", "coordinates": [8.88656141, 42.00264115]}, "properties": {"route": "D229", "pr": "5", "abs": 5000, "label": "D229 PR5+5000"}}, {"type": "Feature", "geometry": {"type": "Point", "coordinates": [8.89361569, 42.00119652]}, "properties": {"route": "D229", "pr": "4", "abs": 4000, "label": "D229 PR4+4000"}}, {"type": "Feature", "geometry": {"type": "Point", "coordinates": [8.91039878, 42.00169613]}, "properties": {"route": "D229", "pr": "1", "abs": 1000, "label": "D229 PR1+1000"}}, {"type": "Feature", "geometry": {"type": "Point", "coordinates": [8.90623848, 42.00564884]}, "properties": {"route": "D229", "pr": "2", "abs": 2000, "label": "D229 PR2+2000"}}, {"type": "Feature", "geometry": {"type": "Point", "coordinates": [8.8848683, 42.00803844]}, "properties": {"route": "D229", "pr": "6", "abs": 6000, "label": "D229 PR6+6000"}}, {"type": "Feature", "geometry": {"type": "Point", "coordinates": [8.89597084, 42.00428966]}, "properties": {"route": "D229", "pr": "3", "abs": 3000, "label": "D229 PR3+3000"}}, {"type": "Feature", "geometry": {"type": "Point", "coordinates": [8.75817492, 42.02976497]}, "properties": {"route": "D101", "pr": "0", "abs": 0, "label": "D101 PR0"}}, {"type": "Feature", "geometry": {"type": "Point", "coordinates": [8.81219945, 42.04654775]}, "properties": {"route": "D101", "pr": "8", "abs": 8000, "label": "D101 PR8+8000"}}, {"type": "Feature", "geometry": {"type": "Point", "coordinates": [8.78109924, 42.03916152]}, "properties": {"route": "D101", "pr": "4", "abs": 4000, "label": "D101 PR4+4000"}}, {"type": "Feature", "geometry": {"type": "Point", "coordinates": [8.80702271, 42.04291764]}, "properties": {"route": "D101", "pr": "7", "abs": 7000, "label": "D101 PR7+7000"}}, {"type": "Feature", "geometry": {"type": "Point", "coordinates": [8.79109865, 42.04184678]}, "properties": {"route": "D101", "pr": "5", "abs": 5000, "label": "D101 PR5+5000"}}, {"type": "Feature", "geometry": {"type": "Point", "coordinates": [8.83686878, 42.04951982]}, "properties": {"route": "D101", "pr": "11", "abs": 11000, "label": "D101 PR11+11000"}}, {"type": "Feature", "geometry": {"type": "Point", "coordinates": [8.79782639, 42.04438895]}, "properties": {"route": "D101", "pr": "6", "abs": 6000, "label": "D101 PR6+6000"}}, {"type": "Feature", "geometry": {"type": "Point", "coordinates": [8.77523242, 42.03090477]}, "properties": {"route": "D101", "pr": "2", "abs": 2000, "label": "D101 PR2+2000"}}, {"type": "Feature", "geometry": {"type": "Point", "coordinates": [8.82752276, 42.04948748]}, "properties": {"route": "D101", "pr": "10", "abs": 10000, "label": "D101 PR10+10000"}}, {"type": "Feature", "geometry": {"type": "Point", "coordinates": [8.76654183, 42.0285513]}, "properties": {"route": "D101", "pr": "1", "abs": 1000, "label": "D101 PR1+1000"}}, {"type": "Feature", "geometry": {"type": "Point", "coordinates": [8.81988782, 42.05038813]}, "properties": {"route": "D101", "pr": "9", "abs": 9000, "label": "D101 PR9+9000"}}, {"type": "Feature", "geometry": {"type": "Point", "coordinates": [8.77859516, 42.03434439]}, "properties": {"route": "D101", "pr": "3", "abs": 3000, "label": "D101 PR3+3000"}}, {"type": "Feature", "geometry": {"type": "Point", "coordinates": [9.00298812, 42.07506856]}, "properties": {"route": "D127", "pr": "0", "abs": 0, "label": "D127 PR0"}}, {"type": "Feature", "geometry": {"type": "Point", "coordinates": [9.01728178, 42.06750968]}, "properties": {"route": "D127", "pr": "3", "abs": 3000, "label": "D127 PR3+3000"}}, {"type": "Feature", "geometry": {"type": "Point", "coordinates": [9.01414787, 42.06787176]}, "properties": {"route": "D127", "pr": "2", "abs": 2000, "label": "D127 PR2+2000"}}, {"type": "Feature", "geometry": {"type": "Point", "coordinates": [9.02761912, 42.05604083]}, "properties": {"route": "D127", "pr": "7", "abs": 7000, "label": "D127 PR7+7000"}}, {"type": "Feature", "geometry": {"type": "Point", "coordinates": [9.02536285, 42.06928895]}, "properties": {"route": "D127", "pr": "5", "abs": 5000, "label": "D127 PR5+5000"}}, {"type": "Feature", "geometry": {"type": "Point", "coordinates": [9.02608341, 42.06207398]}, "properties": {"route": "D127", "pr": "6", "abs": 6000, "label": "D127 PR6+6000"}}, {"type": "Feature", "geometry": {"type": "Point", "coordinates": [9.00840338, 42.07004734]}, "properties": {"route": "D127", "pr": "1", "abs": 1000, "label": "D127 PR1+1000"}}, {"type": "Feature", "geometry": {"type": "Point", "coordinates": [9.02331024, 42.07084317]}, "properties": {"route": "D127", "pr": "4", "abs": 4000, "label": "D127 PR4+4000"}}, {"type": "Feature", "geometry": {"type": "Point", "coordinates": [8.86981665, 41.92905865]}, "properties": {"route": "D203", "pr": "0", "abs": 0, "label": "D203 PR0"}}, {"type": "Feature", "geometry": {"type": "Point", "coordinates": [8.87768344, 41.9308586]}, "properties": {"route": "D203", "pr": "1", "abs": 1000, "label": "D203 PR1+1000"}}, {"type": "Feature", "geometry": {"type": "Point", "coordinates": [8.8835129, 41.92154228]}, "properties": {"route": "D203", "pr": "3", "abs": 3000, "label": "D203 PR3+3000"}}, {"type": "Feature", "geometry": {"type": "Point", "coordinates": [8.87903223, 41.92564135]}, "properties": {"route": "D203", "pr": "2", "abs": 2000, "label": "D203 PR2+2000"}}, {"type": "Feature", "geometry": {"type": "Point", "coordinates": [8.80072985, 42.23272514]}, "properties": {"route": "D224", "pr": "0", "abs": 0, "label": "D224 PR0"}}, {"type": "Feature", "geometry": {"type": "Point", "coordinates": [8.81048581, 42.24064449]}, "properties": {"route": "D224", "pr": "2", "abs": 2000, "label": "D224 PR2+2000"}}, {"type": "Feature", "geometry": {"type": "Point", "coordinates": [8.80303803, 42.23751803]}, "properties": {"route": "D224", "pr": "1", "abs": 1000, "label": "D224 PR1+1000"}}, {"type": "Feature", "geometry": {"type": "Point", "coordinates": [8.84866447, 41.97213374]}, "properties": {"route": "D701", "pr": "0", "abs": 0, "label": "D701 PR0"}}, {"type": "Feature", "geometry": {"type": "Point", "coordinates": [8.84690485, 41.97781035]}, "properties": {"route": "D701", "pr": "1", "abs": 1000, "label": "D701 PR1+1000"}}, {"type": "Feature", "geometry": {"type": "Point", "coordinates": [8.76852683, 41.99085752]}, "properties": {"route": "D281", "pr": "0", "abs": 0, "label": "D281 PR0"}}, {"type": "Feature", "geometry": {"type": "Point", "coordinates": [8.7755962, 41.99596467]}, "properties": {"route": "D281", "pr": "1", "abs": 1000, "label": "D281 PR1+1000"}}, {"type": "Feature", "geometry": {"type": "Point", "coordinates": [8.78171751, 42.00182058]}, "properties": {"route": "D281", "pr": "2", "abs": 2000, "label": "D281 PR2+2000"}}, {"type": "Feature", "geometry": {"type": "Point", "coordinates": [8.9189567, 42.11622579]}, "properties": {"route": "D704", "pr": "0", "abs": 0, "label": "D704 PR0"}}, {"type": "Feature", "geometry": {"type": "Point", "coordinates": [8.92148679, 42.12026177]}, "properties": {"route": "D704", "pr": "1", "abs": 1000, "label": "D704 PR1+1000"}}, {"type": "Feature", "geometry": {"type": "Point", "coordinates": [8.92418134, 42.12450839]}, "properties": {"route": "D704", "pr": "2", "abs": 2000, "label": "D704 PR2+2000"}}, {"type": "Feature", "geometry": {"type": "Point", "coordinates": [8.97637948, 42.1305329]}, "properties": {"route": "D304", "pr": "0", "abs": 0, "label": "D304 PR0"}}, {"type": "Feature", "geometry": {"type": "Point", "coordinates": [8.98655003, 42.13007006]}, "properties": {"route": "D304", "pr": "2", "abs": 2000, "label": "D304 PR2+2000"}}, {"type": "Feature", "geometry": {"type": "Point", "coordinates": [8.98289054, 42.13185305]}, "properties": {"route": "D304", "pr": "1", "abs": 1000, "label": "D304 PR1+1000"}}, {"type": "Feature", "geometry": {"type": "Point", "coordinates": [9.11215662, 41.93639894]}, "properties": {"route": "D128", "pr": "0", "abs": 0, "label": "D128 PR0"}}, {"type": "Feature", "geometry": {"type": "Point", "coordinates": [9.10545722, 41.94554784]}, "properties": {"route": "D128", "pr": "3", "abs": 3000, "label": "D128 PR3+3000"}}, {"type": "Feature", "geometry": {"type": "Point", "coordinates": [9.11615511, 41.94181258]}, "properties": {"route": "D128", "pr": "5", "abs": 5000, "label": "D128 PR5+5000"}}, {"type": "Feature", "geometry": {"type": "Point", "coordinates": [9.10483038, 41.94163558]}, "properties": {"route": "D128", "pr": "2", "abs": 2000, "label": "D128 PR2+2000"}}, {"type": "Feature", "geometry": {"type": "Point", "coordinates": [9.11175586, 41.94364789]}, "properties": {"route": "D128", "pr": "4", "abs": 4000, "label": "D128 PR4+4000"}}, {"type": "Feature", "geometry": {"type": "Point", "coordinates": [9.1061524, 41.93839544]}, "properties": {"route": "D128", "pr": "1", "abs": 1000, "label": "D128 PR1+1000"}}, {"type": "Feature", "geometry": {"type": "Point", "coordinates": [9.00172289, 41.88819937]}, "properties": {"route": "D183", "pr": "0", "abs": 0, "label": "D183 PR0"}}, {"type": "Feature", "geometry": {"type": "Point", "coordinates": [9.00879044, 41.89786314]}, "properties": {"route": "D183", "pr": "2", "abs": 2000, "label": "D183 PR2+2000"}}, {"type": "Feature", "geometry": {"type": "Point", "coordinates": [9.01149492, 41.90106057]}, "properties": {"route": "D183", "pr": "3", "abs": 3000, "label": "D183 PR3+3000"}}, {"type": "Feature", "geometry": {"type": "Point", "coordinates": [9.00379742, 41.89443918]}, "properties": {"route": "D183", "pr": "1", "abs": 1000, "label": "D183 PR1+1000"}}, {"type": "Feature", "geometry": {"type": "Point", "coordinates": [8.81806512, 41.92181593]}, "properties": {"route": "D3", "pr": "0", "abs": 0, "label": "D3 PR0"}}, {"type": "Feature", "geometry": {"type": "Point", "coordinates": [8.92067356, 41.94212886]}, "properties": {"route": "D3", "pr": "12", "abs": 12000, "label": "D3 PR12+12000"}}, {"type": "Feature", "geometry": {"type": "Point", "coordinates": [8.88932794, 41.93157073]}, "properties": {"route": "D3", "pr": "7", "abs": 7000, "label": "D3 PR7+7000"}}, {"type": "Feature", "geometry": {"type": "Point", "coordinates": [8.8779329, 41.93184647]}, "properties": {"route": "D3", "pr": "6", "abs": 6000, "label": "D3 PR6+6000"}}, {"type": "Feature", "geometry": {"type": "Point", "coordinates": [8.98787646, 41.97636165]}, "properties": {"route": "D3", "pr": "24", "abs": 24000, "label": "D3 PR24+24000"}}, {"type": "Feature", "geometry": {"type": "Point", "coordinates": [8.8703302, 41.92949042]}, "properties": {"route": "D3", "pr": "5", "abs": 5000, "label": "D3 PR5+5000"}}, {"type": "Feature", "geometry": {"type": "Point", "coordinates": [8.94887855, 41.97087552]}, "properties": {"route": "D3", "pr": "18", "abs": 18000, "label": "D3 PR18+18000"}}, {"type": "Feature", "geometry": {"type": "Point", "coordinates": [8.9162635, 41.93955265]}, "properties": {"route": "D3", "pr": "11", "abs": 11000, "label": "D3 PR11+11000"}}, {"type": "Feature", "geometry": {"type": "Point", "coordinates": [8.90479479, 41.93948399]}, "properties": {"route": "D3", "pr": "9", "abs": 9000, "label": "D3 PR9+9000"}}, {"type": "Feature", "geometry": {"type": "Point", "coordinates": [8.94091538, 41.96232051]}, "properties": {"route": "D3", "pr": "16", "abs": 16000, "label": "D3 PR16+16000"}}, {"type": "Feature", "geometry": {"type": "Point", "coordinates": [8.9322354, 41.95240263]}, "properties": {"route": "D3", "pr": "14", "abs": 14000, "label": "D3 PR14+14000"}}, {"type": "Feature", "geometry": {"type": "Point", "coordinates": [8.89841528, 41.9362569]}, "properties": {"route": "D3", "pr": "8", "abs": 8000, "label": "D3 PR8+8000"}}, {"type": "Feature", "geometry": {"type": "Point", "coordinates": [8.8600706, 41.92518335]}, "properties": {"route": "D3", "pr": "4", "abs": 4000, "label": "D3 PR4+4000"}}, {"type": "Feature", "geometry": {"type": "Point", "coordinates": [8.96198132, 41.96797791]}, "properties": {"route": "D3", "pr": "20", "abs": 20000, "label": "D3 PR20+20000"}}, {"type": "Feature", "geometry": {"type": "Point", "coordinates": [8.83884202, 41.92466634]}, "properties": {"route": "D3", "pr": "2", "abs": 2000, "label": "D3 PR2+2000"}}, {"type": "Feature", "geometry": {"type": "Point", "coordinates": [8.95738203, 41.96780319]}, "properties": {"route": "D3", "pr": "19", "abs": 19000, "label": "D3 PR19+19000"}}, {"type": "Feature", "geometry": {"type": "Point", "coordinates": [8.93431515, 41.95853106]}, "properties": {"route": "D3", "pr": "15", "abs": 15000, "label": "D3 PR15+15000"}}, {"type": "Feature", "geometry": {"type": "Point", "coordinates": [8.82831014, 41.92192355]}, "properties": {"route": "D3", "pr": "1", "abs": 1000, "label": "D3 PR1+1000"}}, {"type": "Feature", "geometry": {"type": "Point", "coordinates": [8.92637501, 41.94610452]}, "properties": {"route": "D3", "pr": "13", "abs": 13000, "label": "D3 PR13+13000"}}, {"type": "Feature", "geometry": {"type": "Point", "coordinates": [9.00043976, 41.98032042]}, "properties": {"route": "D3", "pr": "26", "abs": 26000, "label": "D3 PR26+26000"}}, {"type": "Feature", "geometry": {"type": "Point", "coordinates": [8.96531019, 41.97467163]}, "properties": {"route": "D3", "pr": "21", "abs": 21000, "label": "D3 PR21+21000"}}, {"type": "Feature", "geometry": {"type": "Point", "coordinates": [8.99479443, 41.97532229]}, "properties": {"route": "D3", "pr": "25", "abs": 25000, "label": "D3 PR25+25000"}}, {"type": "Feature", "geometry": {"type": "Point", "coordinates": [8.98122884, 41.97644008]}, "properties": {"route": "D3", "pr": "23", "abs": 23000, "label": "D3 PR23+23000"}}, {"type": "Feature", "geometry": {"type": "Point", "coordinates": [8.97138775, 41.97467777]}, "properties": {"route": "D3", "pr": "22", "abs": 22000, "label": "D3 PR22+22000"}}, {"type": "Feature", "geometry": {"type": "Point", "coordinates": [9.01678836, 41.98057165]}, "properties": {"route": "D3", "pr": "28", "abs": 28000, "label": "D3 PR28+28000"}}, {"type": "Feature", "geometry": {"type": "Point", "coordinates": [8.91295097, 41.93631933]}, "properties": {"route": "D3", "pr": "10", "abs": 10000, "label": "D3 PR10+10000"}}, {"type": "Feature", "geometry": {"type": "Point", "coordinates": [8.84872808, 41.92299922]}, "properties": {"route": "D3", "pr": "3", "abs": 3000, "label": "D3 PR3+3000"}}, {"type": "Feature", "geometry": {"type": "Point", "coordinates": [9.00760958, 41.97752334]}, "properties": {"route": "D3", "pr": "27", "abs": 27000, "label": "D3 PR27+27000"}}, {"type": "Feature", "geometry": {"type": "Point", "coordinates": [8.94855836, 41.96698157]}, "properties": {"route": "D3", "pr": "17", "abs": 17000, "label": "D3 PR17+17000"}}, {"type": "Feature", "geometry": {"type": "Point", "coordinates": [8.70370148, 41.92907493]}, "properties": {"route": "D11A", "pr": "0", "abs": 0, "label": "D11A PR0"}}, {"type": "Feature", "geometry": {"type": "Point", "coordinates": [8.70472815, 41.93262413]}, "properties": {"route": "D11A", "pr": "1", "abs": 1000, "label": "D11A PR1+1000"}}, {"type": "Feature", "geometry": {"type": "Point", "coordinates": [8.71894524, 41.96633112]}, "properties": {"route": "D261", "pr": "0", "abs": 0, "label": "D261 PR0"}}, {"type": "Feature", "geometry": {"type": "Point", "coordinates": [8.68524709, 41.96128401]}, "properties": {"route": "D261", "pr": "5", "abs": 5000, "label": "D261 PR5+5000"}}, {"type": "Feature", "geometry": {"type": "Point", "coordinates": [8.67700491, 41.95981242]}, "properties": {"route": "D261", "pr": "6", "abs": 6000, "label": "D261 PR6+6000"}}, {"type": "Feature", "geometry": {"type": "Point", "coordinates": [8.68825325, 41.96550244]}, "properties": {"route": "D261", "pr": "4", "abs": 4000, "label": "D261 PR4+4000"}}, {"type": "Feature", "geometry": {"type": "Point", "coordinates": [8.69128238, 41.97137608]}, "properties": {"route": "D261", "pr": "3", "abs": 3000, "label": "D261 PR3+3000"}}, {"type": "Feature", "geometry": {"type": "Point", "coordinates": [8.70041243, 41.9685607]}, "properties": {"route": "D261", "pr": "2", "abs": 2000, "label": "D261 PR2+2000"}}, {"type": "Feature", "geometry": {"type": "Point", "coordinates": [8.70859033, 41.96785691]}, "properties": {"route": "D261", "pr": "1", "abs": 1000, "label": "D261 PR1+1000"}}, {"type": "Feature", "geometry": {"type": "Point", "coordinates": [8.67203608, 41.95820499]}, "properties": {"route": "D261", "pr": "7", "abs": 7000, "label": "D261 PR7+7000"}}, {"type": "Feature", "geometry": {"type": "Point", "coordinates": [8.99136391, 41.84382198]}, "properties": {"route": "D26A", "pr": "0", "abs": 0, "label": "D26A PR0"}}, {"type": "Feature", "geometry": {"type": "Point", "coordinates": [8.78766464, 42.16399138]}, "properties": {"route": "D23", "pr": "0", "abs": 0, "label": "D23 PR0"}}, {"type": "Feature", "geometry": {"type": "Point", "coordinates": [8.93429886, 42.16799369]}, "properties": {"route": "D23", "pr": "18", "abs": 18000, "label": "D23 PR18+18000"}}, {"type": "Feature", "geometry": {"type": "Point", "coordinates": [8.9906912, 42.17668237]}, "properties": {"route": "D23", "pr": "25", "abs": 25000, "label": "D23 PR25+25000"}}, {"type": "Feature", "geometry": {"type": "Point", "coordinates": [8.85132818, 42.17194071]}, "properties": {"route": "D23", "pr": "8", "abs": 8000, "label": "D23 PR8+8000"}}, {"type": "Feature", "geometry": {"type": "Point", "coordinates": [8.97678675, 42.17290124]}, "properties": {"route": "D23", "pr": "23", "abs": 23000, "label": "D23 PR23+23000"}}, {"type": "Feature", "geometry": {"type": "Point", "coordinates": [8.9836703, 42.17564078]}, "properties": {"route": "D23", "pr": "24", "abs": 24000, "label": "D23 PR24+24000"}}, {"type": "Feature", "geometry": {"type": "Point", "coordinates": [8.87779441, 42.1729971]}, "properties": {"route": "D23", "pr": "11", "abs": 11000, "label": "D23 PR11+11000"}}, {"type": "Feature", "geometry": {"type": "Point", "coordinates": [8.79709126, 42.16664313]}, "properties": {"route": "D23", "pr": "1", "abs": 1000, "label": "D23 PR1+1000"}}, {"type": "Feature", "geometry": {"type": "Point", "coordinates": [8.89861175, 42.17160592]}, "properties": {"route": "D23", "pr": "13", "abs": 13000, "label": "D23 PR13+13000"}}, {"type": "Feature", "geometry": {"type": "Point", "coordinates": [8.98764825, 42.17117226]}, "properties": {"route": "D23", "pr": "27", "abs": 27000, "label": "D23 PR27+27000"}}, {"type": "Feature", "geometry": {"type": "Point", "coordinates": [8.83354662, 42.16972057]}, "properties": {"route": "D23", "pr": "6", "abs": 6000, "label": "D23 PR6+6000"}}, {"type": "Feature", "geometry": {"type": "Point", "coordinates": [8.8065056, 42.16660516]}, "properties": {"route": "D23", "pr": "2", "abs": 2000, "label": "D23 PR2+2000"}}, {"type": "Feature", "geometry": {"type": "Point", "coordinates": [8.92565308, 42.17062686]}, "properties": {"route": "D23", "pr": "17", "abs": 17000, "label": "D23 PR17+17000"}}, {"type": "Feature", "geometry": {"type": "Point", "coordinates": [8.96816777, 42.16937501]}, "properties": {"route": "D23", "pr": "22", "abs": 22000, "label": "D23 PR22+22000"}}, {"type": "Feature", "geometry": {"type": "Point", "coordinates": [8.81523486, 42.16951436]}, "properties": {"route": "D23", "pr": "3", "abs": 3000, "label": "D23 PR3+3000"}}, {"type": "Feature", "geometry": {"type": "Point", "coordinates": [8.95211434, 42.16807656]}, "properties": {"route": "D23", "pr": "20", "abs": 20000, "label": "D23 PR20+20000"}}, {"type": "Feature", "geometry": {"type": "Point", "coordinates": [8.81868233, 42.16918723]}, "properties": {"route": "D23", "pr": "4", "abs": 4000, "label": "D23 PR4+4000"}}, {"type": "Feature", "geometry": {"type": "Point", "coordinates": [8.82485147, 42.1663487]}, "properties": {"route": "D23", "pr": "5", "abs": 5000, "label": "D23 PR5+5000"}}, {"type": "Feature", "geometry": {"type": "Point", "coordinates": [8.86737627, 42.17341863]}, "properties": {"route": "D23", "pr": "10", "abs": 10000, "label": "D23 PR10+10000"}}, {"type": "Feature", "geometry": {"type": "Point", "coordinates": [8.94337433, 42.16839962]}, "properties": {"route": "D23", "pr": "19", "abs": 19000, "label": "D23 PR19+19000"}}, {"type": "Feature", "geometry": {"type": "Point", "coordinates": [8.90845478, 42.17165853]}, "properties": {"route": "D23", "pr": "14", "abs": 14000, "label": "D23 PR14+14000"}}, {"type": "Feature", "geometry": {"type": "Point", "coordinates": [8.88844043, 42.17291512]}, "properties": {"route": "D23", "pr": "12", "abs": 12000, "label": "D23 PR12+12000"}}, {"type": "Feature", "geometry": {"type": "Point", "coordinates": [8.92289314, 42.16622228]}, "properties": {"route": "D23", "pr": "16", "abs": 16000, "label": "D23 PR16+16000"}}, {"type": "Feature", "geometry": {"type": "Point", "coordinates": [8.99227077, 42.17510244]}, "properties": {"route": "D23", "pr": "26", "abs": 26000, "label": "D23 PR26+26000"}}, {"type": "Feature", "geometry": {"type": "Point", "coordinates": [8.84238356, 42.17243789]}, "properties": {"route": "D23", "pr": "7", "abs": 7000, "label": "D23 PR7+7000"}}, {"type": "Feature", "geometry": {"type": "Point", "coordinates": [8.91902371, 42.17195264]}, "properties": {"route": "D23", "pr": "15", "abs": 15000, "label": "D23 PR15+15000"}}, {"type": "Feature", "geometry": {"type": "Point", "coordinates": [8.85795651, 42.17362445]}, "properties": {"route": "D23", "pr": "9", "abs": 9000, "label": "D23 PR9+9000"}}, {"type": "Feature", "geometry": {"type": "Point", "coordinates": [8.95820947, 42.16653358]}, "properties": {"route": "D23", "pr": "21", "abs": 21000, "label": "D23 PR21+21000"}}, {"type": "Feature", "geometry": {"type": "Point", "coordinates": [8.80637271, 42.18981196]}, "properties": {"route": "D156", "pr": "0", "abs": 0, "label": "D156 PR0"}}, {"type": "Feature", "geometry": {"type": "Point", "coordinates": [8.84122523, 42.18438709]}, "properties": {"route": "D156", "pr": "8", "abs": 8000, "label": "D156 PR8+8000"}}, {"type": "Feature", "geometry": {"type": "Point", "coordinates": [8.81744984, 42.19065527]}, "properties": {"route": "D156", "pr": "1", "abs": 1000, "label": "D156 PR1+1000"}}, {"type": "Feature", "geometry": {"type": "Point", "coordinates": [8.85017638, 42.18882958]}, "properties": {"route": "D156", "pr": "7", "abs": 7000, "label": "D156 PR7+7000"}}, {"type": "Feature", "geometry": {"type": "Point", "coordinates": [8.82510762, 42.18221686]}, "properties": {"route": "D156", "pr": "10", "abs": 10000, "label": "D156 PR10+10000"}}, {"type": "Feature", "geometry": {"type": "Point", "coordinates": [8.84835046, 42.19106507]}, "properties": {"route": "D156", "pr": "5", "abs": 5000, "label": "D156 PR5+5000"}}, {"type": "Feature", "geometry": {"type": "Point", "coordinates": [8.81495359, 42.18149319]}, "properties": {"route": "D156", "pr": "11", "abs": 11000, "label": "D156 PR11+11000"}}, {"type": "Feature", "geometry": {"type": "Point", "coordinates": [8.80942024, 42.17750311]}, "properties": {"route": "D156", "pr": "12", "abs": 12000, "label": "D156 PR12+12000"}}, {"type": "Feature", "geometry": {"type": "Point", "coordinates": [8.84413165, 42.19108151]}, "properties": {"route": "D156", "pr": "4", "abs": 4000, "label": "D156 PR4+4000"}}, {"type": "Feature", "geometry": {"type": "Point", "coordinates": [8.80391448, 42.16662549]}, "properties": {"route": "D156", "pr": "14", "abs": 14000, "label": "D156 PR14+14000"}}, {"type": "Feature", "geometry": {"type": "Point", "coordinates": [8.83505343, 42.18719877]}, "properties": {"route": "D156", "pr": "3", "abs": 3000, "label": "D156 PR3+3000"}}, {"type": "Feature", "geometry": {"type": "Point", "coordinates": [8.83251971, 42.18219214]}, "properties": {"route": "D156", "pr": "9", "abs": 9000, "label": "D156 PR9+9000"}}, {"type": "Feature", "geometry": {"type": "Point", "coordinates": [8.82636604, 42.19101433]}, "properties": {"route": "D156", "pr": "2", "abs": 2000, "label": "D156 PR2+2000"}}, {"type": "Feature", "geometry": {"type": "Point", "coordinates": [8.84612759, 42.18844745]}, "properties": {"route": "D156", "pr": "6", "abs": 6000, "label": "D156 PR6+6000"}}, {"type": "Feature", "geometry": {"type": "Point", "coordinates": [8.81197062, 42.17129914]}, "properties": {"route": "D156", "pr": "13", "abs": 13000, "label": "D156 PR13+13000"}}, {"type": "Feature", "geometry": {"type": "Point", "coordinates": [8.62853679, 42.24200358]}, "properties": {"route": "D624", "pr": "0", "abs": 0, "label": "D624 PR0"}}, {"type": "Feature", "geometry": {"type": "Point", "coordinates": [8.62503295, 42.24808088]}, "properties": {"route": "D624", "pr": "3", "abs": 3000, "label": "D624 PR3+3000"}}, {"type": "Feature", "geometry": {"type": "Point", "coordinates": [8.63314571, 42.24230674]}, "properties": {"route": "D624", "pr": "1", "abs": 1000, "label": "D624 PR1+1000"}}, {"type": "Feature", "geometry": {"type": "Point", "coordinates": [8.63337512, 42.24450286]}, "properties": {"route": "D624", "pr": "2", "abs": 2000, "label": "D624 PR2+2000"}}, {"type": "Feature", "geometry": {"type": "Point", "coordinates": [8.74060426, 41.93227895]}, "properties": {"route": "D61", "pr": "0", "abs": 0, "label": "D61 PR0"}}, {"type": "Feature", "geometry": {"type": "Point", "coordinates": [8.75264395, 42.00078941]}, "properties": {"route": "D61", "pr": "12", "abs": 12000, "label": "D61 PR12+12000"}}, {"type": "Feature", "geometry": {"type": "Point", "coordinates": [8.71780417, 41.97715444]}, "properties": {"route": "D61", "pr": "7", "abs": 7000, "label": "D61 PR7+7000"}}, {"type": "Feature", "geometry": {"type": "Point", "coordinates": [8.71988122, 41.97001143]}, "properties": {"route": "D61", "pr": "6", "abs": 6000, "label": "D61 PR6+6000"}}, {"type": "Feature", "geometry": {"type": "Point", "coordinates": [8.73709683, 41.93786514]}, "properties": {"route": "D61", "pr": "1", "abs": 1000, "label": "D61 PR1+1000"}}, {"type": "Feature", "geometry": {"type": "Point", "coordinates": [8.72200679, 41.98374764]}, "properties": {"route": "D61", "pr": "8", "abs": 8000, "label": "D61 PR8+8000"}}, {"type": "Feature", "geometry": {"type": "Point", "coordinates": [8.73135891, 41.99615012]}, "properties": {"route": "D61", "pr": "10", "abs": 10000, "label": "D61 PR10+10000"}}, {"type": "Feature", "geometry": {"type": "Point", "coordinates": [8.72316132, 41.99058699]}, "properties": {"route": "D61", "pr": "9", "abs": 9000, "label": "D61 PR9+9000"}}, {"type": "Feature", "geometry": {"type": "Point", "coordinates": [8.74161586, 41.99837231]}, "properties": {"route": "D61", "pr": "11", "abs": 11000, "label": "D61 PR11+11000"}}, {"type": "Feature", "geometry": {"type": "Point", "coordinates": [8.73265131, 41.95162611]}, "properties": {"route": "D61", "pr": "3", "abs": 3000, "label": "D61 PR3+3000"}}, {"type": "Feature", "geometry": {"type": "Point", "coordinates": [8.7218152, 41.96389673]}, "properties": {"route": "D61", "pr": "5", "abs": 5000, "label": "D61 PR5+5000"}}, {"type": "Feature", "geometry": {"type": "Point", "coordinates": [8.72601013, 41.95836295]}, "properties": {"route": "D61", "pr": "4", "abs": 4000, "label": "D61 PR4+4000"}}, {"type": "Feature", "geometry": {"type": "Point", "coordinates": [8.73580924, 41.94479346]}, "properties": {"route": "D61", "pr": "2", "abs": 2000, "label": "D61 PR2+2000"}}, {"type": "Feature", "geometry": {"type": "Point", "coordinates": [8.74416529, 42.00227937]}, "properties": {"route": "D381", "pr": "1", "abs": 1000, "label": "D381 PR1+1000"}}, {"type": "Feature", "geometry": {"type": "Point", "coordinates": [8.6733345, 41.99250842]}, "properties": {"route": "D381", "pr": "8", "abs": 8000, "label": "D381 PR8+8000"}}, {"type": "Feature", "geometry": {"type": "Point", "coordinates": [8.71111818, 42.00355519]}, "properties": {"route": "D381", "pr": "4", "abs": 4000, "label": "D381 PR4+4000"}}, {"type": "Feature", "geometry": {"type": "Point", "coordinates": [8.72275121, 42.00387985]}, "properties": {"route": "D381", "pr": "3", "abs": 3000, "label": "D381 PR3+3000"}}, {"type": "Feature", "geometry": {"type": "Point", "coordinates": [8.70125097, 42.00645525]}, "properties": {"route": "D381", "pr": "5", "abs": 5000, "label": "D381 PR5+5000"}}, {"type": "Feature", "geometry": {"type": "Point", "coordinates": [8.73365107, 42.00394124]}, "properties": {"route": "D381", "pr": "2", "abs": 2000, "label": "D381 PR2+2000"}}, {"type": "Feature", "geometry": {"type": "Point", "coordinates": [8.69314652, 42.00095144]}, "properties": {"route": "D381", "pr": "6", "abs": 6000, "label": "D381 PR6+6000"}}, {"type": "Feature", "geometry": {"type": "Point", "coordinates": [8.68352376, 41.99597648]}, "properties": {"route": "D381", "pr": "7", "abs": 7000, "label": "D381 PR7+7000"}}, {"type": "Feature", "geometry": {"type": "Point", "coordinates": [8.92491309, 42.04583784]}, "properties": {"route": "D4", "pr": "0", "abs": 0, "label": "D4 PR0"}}, {"type": "Feature", "geometry": {"type": "Point", "coordinates": [8.91233295, 42.09698314]}, "properties": {"route": "D4", "pr": "19", "abs": 19000, "label": "D4 PR19+19000"}}, {"type": "Feature", "geometry": {"type": "Point", "coordinates": [8.89354215, 42.11983697]}, "properties": {"route": "D4", "pr": "30", "abs": 30000, "label": "D4 PR30+30000"}}, {"type": "Feature", "geometry": {"type": "Point", "coordinates": [8.91143, 42.08041269]}, "properties": {"route": "D4", "pr": "14", "abs": 14000, "label": "D4 PR14+14000"}}, {"type": "Feature", "geometry": {"type": "Point", "coordinates": [8.93533313, 42.06677489]}, "properties": {"route": "D4", "pr": "4", "abs": 4000, "label": "D4 PR4+4000"}}, {"type": "Feature", "geometry": {"type": "Point", "coordinates": [8.83125183, 42.14249353]}, "properties": {"route": "D4", "pr": "43", "abs": 43000, "label": "D4 PR43+43000"}}, {"type": "Feature", "geometry": {"type": "Point", "coordinates": [8.92934161, 42.06081441]}, "properties": {"route": "D4", "pr": "3", "abs": 3000, "label": "D4 PR3+3000"}}, {"type": "Feature", "geometry": {"type": "Point", "coordinates": [8.92914307, 42.10890202]}, "properties": {"route": "D4", "pr": "22", "abs": 22000, "label": "D4 PR22+22000"}}, {"type": "Feature", "geometry": {"type": "Point", "coordinates": [8.90937593, 42.07811444]}, "properties": {"route": "D4", "pr": "13", "abs": 13000, "label": "D4 PR13+13000"}}, {"type": "Feature", "geometry": {"type": "Point", "coordinates": [8.82607056, 42.16427051]}, "properties": {"route": "D4", "pr": "48", "abs": 48000, "label": "D4 PR48+48000"}}, {"type": "Feature", "geometry": {"type": "Point", "coordinates": [8.87821267, 42.11332761]}, "properties": {"route": "D4", "pr": "32", "abs": 32000, "label": "D4 PR32+32000"}}, {"type": "Feature", "geometry": {"type": "Point", "coordinates": [8.92009975, 42.11619522]}, "properties": {"route": "D4", "pr": "26", "abs": 26000, "label": "D4 PR26+26000"}}, {"type": "Feature", "geometry": {"type": "Point", "coordinates": [8.85853952, 42.12544069]}, "properties": {"route": "D4", "pr": "37", "abs": 37000, "label": "D4 PR37+37000"}}, {"type": "Feature", "geometry": {"type": "Point", "coordinates": [8.91317211, 42.07112107]}, "properties": {"route": "D4", "pr": "9", "abs": 9000, "label": "D4 PR9+9000"}}, {"type": "Feature", "geometry": {"type": "Point", "coordinates": [8.87567307, 42.12978319]}, "properties": {"route": "D4", "pr": "35", "abs": 35000, "label": "D4 PR35+35000"}}, {"type": "Feature", "geometry": {"type": "Point", "coordinates": [8.91214925, 42.08233048]}, "properties": {"route": "D4", "pr": "15", "abs": 15000, "label": "D4 PR15+15000"}}, {"type": "Feature", "geometry": {"type": "Point", "coordinates": [8.86032916, 42.13225814]}, "properties": {"route": "D4", "pr": "38", "abs": 38000, "label": "D4 PR38+38000"}}, {"type": "Feature", "geometry": {"type": "Point", "coordinates": [8.93923554, 42.12036865]}, "properties": {"route": "D4", "pr": "24", "abs": 24000, "label": "D4 PR24+24000"}}, {"type": "Feature", "geometry": {"type": "Point", "coordinates": [8.92552513, 42.05157012]}, "properties": {"route": "D4", "pr": "1", "abs": 1000, "label": "D4 PR1+1000"}}, {"type": "Feature", "geometry": {"type": "Point", "coordinates": [8.9307296, 42.06602213]}, "properties": {"route": "D4", "pr": "6", "abs": 6000, "label": "D4 PR6+6000"}}, {"type": "Feature", "geometry": {"type": "Point", "coordinates": [8.88290704, 42.12763433]}, "properties": {"route": "D4", "pr": "34", "abs": 34000, "label": "D4 PR34+34000"}}, {"type": "Feature", "geometry": {"type": "Point", "coordinates": [8.85165508, 42.14035896]}, "properties": {"route": "D4", "pr": "40", "abs": 40000, "label": "D4 PR40+40000"}}, {"type": "Feature", "geometry": {"type": "Point", "coordinates": [8.91297886, 42.09113248]}, "properties": {"route": "D4", "pr": "18", "abs": 18000, "label": "D4 PR18+18000"}}, {"type": "Feature", "geometry": {"type": "Point", "coordinates": [8.91592499, 42.12102778]}, "properties": {"route": "D4", "pr": "27", "abs": 27000, "label": "D4 PR27+27000"}}, {"type": "Feature", "geometry": {"type": "Point", "coordinates": [8.88102799, 42.12112128]}, "properties": {"route": "D4", "pr": "33", "abs": 33000, "label": "D4 PR33+33000"}}, {"type": "Feature", "geometry": {"type": "Point", "coordinates": [8.90575911, 42.0820296]}, "properties": {"route": "D4", "pr": "16", "abs": 16000, "label": "D4 PR16+16000"}}, {"type": "Feature", "geometry": {"type": "Point", "coordinates": [8.91223962, 42.12253123]}, "properties": {"route": "D4", "pr": "28", "abs": 28000, "label": "D4 PR28+28000"}}, {"type": "Feature", "geometry": {"type": "Point", "coordinates": [8.92987565, 42.11818824]}, "properties": {"route": "D4", "pr": "25", "abs": 25000, "label": "D4 PR25+25000"}}, {"type": "Feature", "geometry": {"type": "Point", "coordinates": [8.88688302, 42.11431181]}, "properties": {"route": "D4", "pr": "31", "abs": 31000, "label": "D4 PR31+31000"}}, {"type": "Feature", "geometry": {"type": "Point", "coordinates": [8.91804577, 42.06758134]}, "properties": {"route": "D4", "pr": "8", "abs": 8000, "label": "D4 PR8+8000"}}, {"type": "Feature", "geometry": {"type": "Point", "coordinates": [8.90337575, 42.1206524]}, "properties": {"route": "D4", "pr": "29", "abs": 29000, "label": "D4 PR29+29000"}}, {"type": "Feature", "geometry": {"type": "Point", "coordinates": [8.91081448, 42.08756268]}, "properties": {"route": "D4", "pr": "17", "abs": 17000, "label": "D4 PR17+17000"}}, {"type": "Feature", "geometry": {"type": "Point", "coordinates": [8.82746346, 42.14711175]}, "properties": {"route": "D4", "pr": "44", "abs": 44000, "label": "D4 PR44+44000"}}, {"type": "Feature", "geometry": {"type": "Point", "coordinates": [8.90542519, 42.0720476]}, "properties": {"route": "D4", "pr": "11", "abs": 11000, "label": "D4 PR11+11000"}}, {"type": "Feature", "geometry": {"type": "Point", "coordinates": [8.86654228, 42.12695016]}, "properties": {"route": "D4", "pr": "36", "abs": 36000, "label": "D4 PR36+36000"}}, {"type": "Feature", "geometry": {"type": "Point", "coordinates": [8.92469862, 42.10463825]}, "properties": {"route": "D4", "pr": "21", "abs": 21000, "label": "D4 PR21+21000"}}, {"type": "Feature", "geometry": {"type": "Point", "coordinates": [8.92346519, 42.06805559]}, "properties": {"route": "D4", "pr": "7", "abs": 7000, "label": "D4 PR7+7000"}}, {"type": "Feature", "geometry": {"type": "Point", "coordinates": [8.93573014, 42.06988919]}, "properties": {"route": "D4", "pr": "5", "abs": 5000, "label": "D4 PR5+5000"}}, {"type": "Feature", "geometry": {"type": "Point", "coordinates": [8.84948826, 42.13497143]}, "properties": {"route": "D4", "pr": "39", "abs": 39000, "label": "D4 PR39+39000"}}, {"type": "Feature", "geometry": {"type": "Point", "coordinates": [8.82836367, 42.15830372]}, "properties": {"route": "D4", "pr": "46", "abs": 46000, "label": "D4 PR46+46000"}}, {"type": "Feature", "geometry": {"type": "Point", "coordinates": [8.82508049, 42.15252385]}, "properties": {"route": "D4", "pr": "45", "abs": 45000, "label": "D4 PR45+45000"}}, {"type": "Feature", "geometry": {"type": "Point", "coordinates": [8.8187923, 42.15972553]}, "properties": {"route": "D4", "pr": "47", "abs": 47000, "label": "D4 PR47+47000"}}, {"type": "Feature", "geometry": {"type": "Point", "coordinates": [8.91829756, 42.10173449]}, "properties": {"route": "D4", "pr": "20", "abs": 20000, "label": "D4 PR20+20000"}}, {"type": "Feature", "geometry": {"type": "Point", "coordinates": [8.83761601, 42.14297459]}, "properties": {"route": "D4", "pr": "42", "abs": 42000, "label": "D4 PR42+42000"}}, {"type": "Feature", "geometry": {"type": "Point", "coordinates": [8.91040577, 42.07194424]}, "properties": {"route": "D4", "pr": "10", "abs": 10000, "label": "D4 PR10+10000"}}, {"type": "Feature", "geometry": {"type": "Point", "coordinates": [8.93616677, 42.1146214]}, "properties": {"route": "D4", "pr": "23", "abs": 23000, "label": "D4 PR23+23000"}}, {"type": "Feature", "geometry": {"type": "Point", "coordinates": [8.92770602, 42.05626573]}, "properties": {"route": "D4", "pr": "2", "abs": 2000, "label": "D4 PR2+2000"}}, {"type": "Feature", "geometry": {"type": "Point", "coordinates": [8.90380649, 42.0746158]}, "properties": {"route": "D4", "pr": "12", "abs": 12000, "label": "D4 PR12+12000"}}, {"type": "Feature", "geometry": {"type": "Point", "coordinates": [8.84657369, 42.14260481]}, "properties": {"route": "D4", "pr": "41", "abs": 41000, "label": "D4 PR41+41000"}}, {"type": "Feature", "geometry": {"type": "Point", "coordinates": [8.74861133, 42.00817499]}, "properties": {"route": "D81", "pr": "9", "abs": 9000, "label": "D81 PR9+9000"}}, {"type": "Feature", "geometry": {"type": "Point", "coordinates": [8.82460953, 41.90805099]}, "properties": {"route": "D555", "pr": "0", "abs": 0, "label": "D555 PR0"}}, {"type": "Feature", "geometry": {"type": "Point", "coordinates": [9.20362118, 42.65795591]}, "properties": {"route": "D81", "pr": "204", "abs": 204000, "label": "D81 PR204+204000"}}, {"type": "Feature", "geometry": {"type": "Point", "coordinates": [9.44693206, 42.69728815]}, "properties": {"route": "D81", "pr": "240", "abs": 240000, "label": "D81 PR240+240000"}}, {"type": "Feature", "geometry": {"type": "Point", "coordinates": [9.36769627, 42.69726288]}, "properties": {"route": "D81", "pr": "225", "abs": 225000, "label": "D81 PR225+225000"}}, {"type": "Feature", "geometry": {"type": "Point", "coordinates": [9.43603694, 42.69295211]}, "properties": {"route": "D81", "pr": "238", "abs": 238000, "label": "D81 PR238+238000"}}, {"type": "Feature", "geometry": {"type": "Point", "coordinates": [9.15880087, 42.65886982]}, "properties": {"route": "D81", "pr": "197", "abs": 197000, "label": "D81 PR197+197000"}}, {"type": "Feature", "geometry": {"type": "Point", "coordinates": [9.3161276, 42.68944655]}, "properties": {"route": "D81", "pr": "219", "abs": 219000, "label": "D81 PR219+219000"}}, {"type": "Feature", "geometry": {"type": "Point", "coordinates": [9.1729626, 42.65528427]}, "properties": {"route": "D81", "pr": "199", "abs": 199000, "label": "D81 PR199+199000"}}, {"type": "Feature", "geometry": {"type": "Point", "coordinates": [9.42985902, 42.68713864]}, "properties": {"route": "D81", "pr": "237", "abs": 237000, "label": "D81 PR237+237000"}}, {"type": "Feature", "geometry": {"type": "Point", "coordinates": [9.29600794, 42.67227972]}, "properties": {"route": "D81", "pr": "216", "abs": 216000, "label": "D81 PR216+216000"}}, {"type": "Feature", "geometry": {"type": "Point", "coordinates": [9.38335204, 42.68113181]}, "properties": {"route": "D81", "pr": "229", "abs": 229000, "label": "D81 PR229+229000"}}, {"type": "Feature", "geometry": {"type": "Point", "coordinates": [9.20920754, 42.66410196]}, "properties": {"route": "D81", "pr": "205", "abs": 205000, "label": "D81 PR205+205000"}}, {"type": "Feature", "geometry": {"type": "Point", "coordinates": [9.41520539, 42.68860982]}, "properties": {"route": "D81", "pr": "235", "abs": 235000, "label": "D81 PR235+235000"}}, {"type": "Feature", "geometry": {"type": "Point", "coordinates": [9.41254043, 42.68361729]}, "properties": {"route": "D81", "pr": "234", "abs": 234000, "label": "D81 PR234+234000"}}, {"type": "Feature", "geometry": {"type": "Point", "coordinates": [9.16302375, 42.65346418]}, "properties": {"route": "D81", "pr": "198", "abs": 198000, "label": "D81 PR198+198000"}}, {"type": "Feature", "geometry": {"type": "Point", "coordinates": [9.37485456, 42.69356783]}, "properties": {"route": "D81", "pr": "226", "abs": 226000, "label": "D81 PR226+226000"}}, {"type": "Feature", "geometry": {"type": "Point", "coordinates": [9.38124671, 42.68232293]}, "properties": {"route": "D81", "pr": "228", "abs": 228000, "label": "D81 PR228+228000"}}, {"type": "Feature", "geometry": {"type": "Point", "coordinates": [9.25973593, 42.65305513]}, "properties": {"route": "D81", "pr": "211", "abs": 211000, "label": "D81 PR211+211000"}}, {"type": "Feature", "geometry": {"type": "Point", "coordinates": [9.38324034, 42.67765394]}, "properties": {"route": "D81", "pr": "230", "abs": 230000, "label": "D81 PR230+230000"}}, {"type": "Feature", "geometry": {"type": "Point", "coordinates": [9.30621743, 42.68426857]}, "properties": {"route": "D81", "pr": "218", "abs": 218000, "label": "D81 PR218+218000"}}, {"type": "Feature", "geometry": {"type": "Point", "coordinates": [9.18785128, 42.65999386]}, "properties": {"route": "D81", "pr": "201", "abs": 201000, "label": "D81 PR201+201000"}}, {"type": "Feature", "geometry": {"type": "Point", "coordinates": [9.3904694, 42.67794679]}, "properties": {"route": "D81", "pr": "231", "abs": 231000, "label": "D81 PR231+231000"}}, {"type": "Feature", "geometry": {"type": "Point", "coordinates": [9.17993038, 42.65690575]}, "properties": {"route": "D81", "pr": "200", "abs": 200000, "label": "D81 PR200+200000"}}, {"type": "Feature", "geometry": {"type": "Point", "coordinates": [9.34909813, 42.69563412]}, "properties": {"route": "D81", "pr": "222", "abs": 222000, "label": "D81 PR222+222000"}}, {"type": "Feature", "geometry": {"type": "Point", "coordinates": [9.26747153, 42.65234238]}, "properties": {"route": "D81", "pr": "212", "abs": 212000, "label": "D81 PR212+212000"}}, {"type": "Feature", "geometry": {"type": "Point", "coordinates": [9.36426787, 42.70107621]}, "properties": {"route": "D81", "pr": "224", "abs": 224000, "label": "D81 PR224+224000"}}, {"type": "Feature", "geometry": {"type": "Point", "coordinates": [9.21883326, 42.66459332]}, "properties": {"route": "D81", "pr": "206", "abs": 206000, "label": "D81 PR206+206000"}}, {"type": "Feature", "geometry": {"type": "Point", "coordinates": [9.28721079, 42.66897476]}, "properties": {"route": "D81", "pr": "215", "abs": 215000, "label": "D81 PR215+215000"}}, {"type": "Feature", "geometry": {"type": "Point", "coordinates": [9.22771783, 42.66472302]}, "properties": {"route": "D81", "pr": "207", "abs": 207000, "label": "D81 PR207+207000"}}, {"type": "Feature", "geometry": {"type": "Point", "coordinates": [9.30296476, 42.67645933]}, "properties": {"route": "D81", "pr": "217", "abs": 217000, "label": "D81 PR217+217000"}}, {"type": "Feature", "geometry": {"type": "Point", "coordinates": [9.3790096, 42.68894309]}, "properties": {"route": "D81", "pr": "227", "abs": 227000, "label": "D81 PR227+227000"}}, {"type": "Feature", "geometry": {"type": "Point", "coordinates": [9.23296974, 42.65865357]}, "properties": {"route": "D81", "pr": "208", "abs": 208000, "label": "D81 PR208+208000"}}, {"type": "Feature", "geometry": {"type": "Point", "coordinates": [9.27197944, 42.6581267]}, "properties": {"route": "D81", "pr": "213", "abs": 213000, "label": "D81 PR213+213000"}}, {"type": "Feature", "geometry": {"type": "Point", "coordinates": [9.19170702, 42.65567328]}, "properties": {"route": "D81", "pr": "202", "abs": 202000, "label": "D81 PR202+202000"}}, {"type": "Feature", "geometry": {"type": "Point", "coordinates": [9.24971684, 42.65657871]}, "properties": {"route": "D81", "pr": "210", "abs": 210000, "label": "D81 PR210+210000"}}, {"type": "Feature", "geometry": {"type": "Point", "coordinates": [9.32677947, 42.69318715]}, "properties": {"route": "D81", "pr": "220", "abs": 220000, "label": "D81 PR220+220000"}}, {"type": "Feature", "geometry": {"type": "Point", "coordinates": [9.19935938, 42.65355447]}, "properties": {"route": "D81", "pr": "203", "abs": 203000, "label": "D81 PR203+203000"}}, {"type": "Feature", "geometry": {"type": "Point", "coordinates": [9.42182274, 42.68860723]}, "properties": {"route": "D81", "pr": "236", "abs": 236000, "label": "D81 PR236+236000"}}, {"type": "Feature", "geometry": {"type": "Point", "coordinates": [9.39987661, 42.68023386]}, "properties": {"route": "D81", "pr": "232", "abs": 232000, "label": "D81 PR232+232000"}}, {"type": "Feature", "geometry": {"type": "Point", "coordinates": [9.33716354, 42.69446937]}, "properties": {"route": "D81", "pr": "221", "abs": 221000, "label": "D81 PR221+221000"}}, {"type": "Feature", "geometry": {"type": "Point", "coordinates": [9.44265189, 42.69562494]}, "properties": {"route": "D81", "pr": "239", "abs": 239000, "label": "D81 PR239+239000"}}, {"type": "Feature", "geometry": {"type": "Point", "coordinates": [9.40730707, 42.67820066]}, "properties": {"route": "D81", "pr": "233", "abs": 233000, "label": "D81 PR233+233000"}}, {"type": "Feature", "geometry": {"type": "Point", "coordinates": [9.24180574, 42.66088807]}, "properties": {"route": "D81", "pr": "209", "abs": 209000, "label": "D81 PR209+209000"}}, {"type": "Feature", "geometry": {"type": "Point", "coordinates": [9.27924569, 42.66271512]}, "properties": {"route": "D81", "pr": "214", "abs": 214000, "label": "D81 PR214+214000"}}, {"type": "Feature", "geometry": {"type": "Point", "coordinates": [9.35931598, 42.6976665]}, "properties": {"route": "D81", "pr": "223", "abs": 223000, "label": "D81 PR223+223000"}}, {"type": "Feature", "geometry": {"type": "Point", "coordinates": [9.16900434, 42.362374]}, "properties": {"route": "D18A", "pr": "1", "abs": 1000, "label": "D18A PR1+1000"}}, {"type": "Feature", "geometry": {"type": "Point", "coordinates": [8.85118983, 42.44393026]}, "properties": {"route": "D251", "pr": "9", "abs": 9000, "label": "D251 PR9+9000"}}, {"type": "Feature", "geometry": {"type": "Point", "coordinates": [9.42311566, 42.34766204]}, "properties": {"route": "D71B", "pr": "0", "abs": 0, "label": "D71B PR0"}}, {"type": "Feature", "geometry": {"type": "Point", "coordinates": [8.78658748, 42.36856617]}, "properties": {"route": "D351", "pr": "14", "abs": 14000, "label": "D351 PR14+14000"}}, {"type": "Feature", "geometry": {"type": "Point", "coordinates": [9.31863148, 42.30352987]}, "properties": {"route": "D316", "pr": "6", "abs": 6500, "label": "D316 PR6+6500"}}, {"type": "Feature", "geometry": {"type": "Point", "coordinates": [9.31678018, 42.30114346]}, "properties": {"route": "D316", "pr": "7", "abs": 7000, "label": "D316 PR7+7000"}}, {"type": "Feature", "geometry": {"type": "Point", "coordinates": [9.31190552, 42.2990667]}, "properties": {"route": "D316", "pr": "9", "abs": 9000, "label": "D316 PR9+9000"}}, {"type": "Feature", "geometry": {"type": "Point", "coordinates": [9.31459937, 42.30124978]}, "properties": {"route": "D316", "pr": "8", "abs": 8000, "label": "D316 PR8+8000"}}, {"type": "Feature", "geometry": {"type": "Point", "coordinates": [9.39074185, 42.46278788]}, "properties": {"route": "D10A", "pr": "1", "abs": 1000, "label": "D10A PR1+1000"}}, {"type": "Feature", "geometry": {"type": "Point", "coordinates": [9.44554594, 42.95657788]}, "properties": {"route": "D453", "pr": "0", "abs": 0, "label": "D453 PR0"}}, {"type": "Feature", "geometry": {"type": "Point", "coordinates": [8.97804787, 42.50438994]}, "properties": {"route": "D963", "pr": "38", "abs": 38000, "label": "D963 PR38+38000"}}, {"type": "Feature", "geometry": {"type": "Point", "coordinates": [8.98644135, 42.50935109]}, "properties": {"route": "D963", "pr": "37", "abs": 37000, "label": "D963 PR37+37000"}}, {"type": "Feature", "geometry": {"type": "Point", "coordinates": [9.00810873, 42.51056803]}, "properties": {"route": "D963", "pr": "34", "abs": 34000, "label": "D963 PR34+34000"}}, {"type": "Feature", "geometry": {"type": "Point", "coordinates": [8.99969154, 42.50472269]}, "properties": {"route": "D963", "pr": "40", "abs": 40000, "label": "D963 PR40+40000"}}, {"type": "Feature", "geometry": {"type": "Point", "coordinates": [8.98950564, 42.5058495]}, "properties": {"route": "D963", "pr": "39", "abs": 39000, "label": "D963 PR39+39000"}}, {"type": "Feature", "geometry": {"type": "Point", "coordinates": [9.00116049, 42.51241388]}, "properties": {"route": "D963", "pr": "35", "abs": 35000, "label": "D963 PR35+35000"}}, {"type": "Feature", "geometry": {"type": "Point", "coordinates": [8.99532516, 42.49791233]}, "properties": {"route": "D963", "pr": "41", "abs": 41000, "label": "D963 PR41+41000"}}, {"type": "Feature", "geometry": {"type": "Point", "coordinates": [8.99155184, 42.51251842]}, "properties": {"route": "D963", "pr": "36", "abs": 36000, "label": "D963 PR36+36000"}}, {"type": "Feature", "geometry": {"type": "Point", "coordinates": [9.00619468, 42.51706522]}, "properties": {"route": "D963", "pr": "33", "abs": 33000, "label": "D963 PR33+33000"}}, {"type": "Feature", "geometry": {"type": "Point", "coordinates": [9.50209518, 42.32577194]}, "properties": {"route": "D71", "pr": "142", "abs": 142000, "label": "D71 PR142+142000"}}, {"type": "Feature", "geometry": {"type": "Point", "coordinates": [9.47605954, 42.30877372]}, "properties": {"route": "D71", "pr": "135", "abs": 135000, "label": "D71 PR135+135000"}}, {"type": "Feature", "geometry": {"type": "Point", "coordinates": [9.45002959, 42.31352652]}, "properties": {"route": "D71", "pr": "131", "abs": 131000, "label": "D71 PR131+131000"}}, {"type": "Feature", "geometry": {"type": "Point", "coordinates": [9.41928195, 42.32300726]}, "properties": {"route": "D71", "pr": "125", "abs": 125000, "label": "D71 PR125+125000"}}, {"type": "Feature", "geometry": {"type": "Point", "coordinates": [9.41464304, 42.33272525]}, "properties": {"route": "D71", "pr": "122", "abs": 122000, "label": "D71 PR122+122000"}}, {"type": "Feature", "geometry": {"type": "Point", "coordinates": [9.53251397, 42.32023952]}, "properties": {"route": "D71", "pr": "145", "abs": 145000, "label": "D71 PR145+145000"}}, {"type": "Feature", "geometry": {"type": "Point", "coordinates": [9.46911229, 42.30786995]}, "properties": {"route": "D71", "pr": "134", "abs": 134000, "label": "D71 PR134+134000"}}, {"type": "Feature", "geometry": {"type": "Point", "coordinates": [9.48933868, 42.32123264]}, "properties": {"route": "D71", "pr": "138", "abs": 138000, "label": "D71 PR138+138000"}}, {"type": "Feature", "geometry": {"type": "Point", "coordinates": [9.41561352, 42.32553293]}, "properties": {"route": "D71", "pr": "124", "abs": 124000, "label": "D71 PR124+124000"}}, {"type": "Feature", "geometry": {"type": "Point", "coordinates": [9.39058551, 42.35097864]}, "properties": {"route": "D71", "pr": "114", "abs": 114000, "label": "D71 PR114+114000"}}, {"type": "Feature", "geometry": {"type": "Point", "coordinates": [9.40955494, 42.34658574]}, "properties": {"route": "D71", "pr": "117", "abs": 117000, "label": "D71 PR117+117000"}}, {"type": "Feature", "geometry": {"type": "Point", "coordinates": [9.42954136, 42.31585692]}, "properties": {"route": "D71", "pr": "127", "abs": 127000, "label": "D71 PR127+127000"}}, {"type": "Feature", "geometry": {"type": "Point", "coordinates": [9.49474327, 42.32933319]}, "properties": {"route": "D71", "pr": "141", "abs": 141000, "label": "D71 PR141+141000"}}, {"type": "Feature", "geometry": {"type": "Point", "coordinates": [9.41070827, 42.33087894]}, "properties": {"route": "D71", "pr": "123", "abs": 123000, "label": "D71 PR123+123000"}}, {"type": "Feature", "geometry": {"type": "Point", "coordinates": [9.43755434, 42.31298708]}, "properties": {"route": "D71", "pr": "128", "abs": 128000, "label": "D71 PR128+128000"}}, {"type": "Feature", "geometry": {"type": "Point", "coordinates": [9.42346025, 42.34709202]}, "properties": {"route": "D71", "pr": "119", "abs": 119000, "label": "D71 PR119+119000"}}, {"type": "Feature", "geometry": {"type": "Point", "coordinates": [9.45755713, 42.31275144]}, "properties": {"route": "D71", "pr": "132", "abs": 132000, "label": "D71 PR132+132000"}}, {"type": "Feature", "geometry": {"type": "Point", "coordinates": [9.42150733, 42.31805469]}, "properties": {"route": "D71", "pr": "126", "abs": 126000, "label": "D71 PR126+126000"}}, {"type": "Feature", "geometry": {"type": "Point", "coordinates": [9.48889389, 42.32938962]}, "properties": {"route": "D71", "pr": "139", "abs": 139000, "label": "D71 PR139+139000"}}, {"type": "Feature", "geometry": {"type": "Point", "coordinates": [9.41832895, 42.34217653]}, "properties": {"route": "D71", "pr": "120", "abs": 120000, "label": "D71 PR120+120000"}}, {"type": "Feature", "geometry": {"type": "Point", "coordinates": [9.48311638, 42.31300878]}, "properties": {"route": "D71", "pr": "136", "abs": 136000, "label": "D71 PR136+136000"}}, {"type": "Feature", "geometry": {"type": "Point", "coordinates": [9.4804858, 42.31717426]}, "properties": {"route": "D71", "pr": "137", "abs": 137000, "label": "D71 PR137+137000"}}, {"type": "Feature", "geometry": {"type": "Point", "coordinates": [9.51044204, 42.32273892]}, "properties": {"route": "D71", "pr": "143", "abs": 143000, "label": "D71 PR143+143000"}}, {"type": "Feature", "geometry": {"type": "Point", "coordinates": [9.52079111, 42.32148511]}, "properties": {"route": "D71", "pr": "144", "abs": 144000, "label": "D71 PR144+144000"}}, {"type": "Feature", "geometry": {"type": "Point", "coordinates": [9.40556614, 42.35180676]}, "properties": {"route": "D71", "pr": "116", "abs": 116000, "label": "D71 PR116+116000"}}, {"type": "Feature", "geometry": {"type": "Point", "coordinates": [9.49350039, 42.33385607]}, "properties": {"route": "D71", "pr": "140", "abs": 140000, "label": "D71 PR140+140000"}}, {"type": "Feature", "geometry": {"type": "Point", "coordinates": [9.41586524, 42.35154678]}, "properties": {"route": "D71", "pr": "118", "abs": 118000, "label": "D71 PR118+118000"}}, {"type": "Feature", "geometry": {"type": "Point", "coordinates": [9.463443, 42.31159065]}, "properties": {"route": "D71", "pr": "133", "abs": 133000, "label": "D71 PR133+133000"}}, {"type": "Feature", "geometry": {"type": "Point", "coordinates": [9.44283547, 42.31707535]}, "properties": {"route": "D71", "pr": "129", "abs": 129000, "label": "D71 PR129+129000"}}, {"type": "Feature", "geometry": {"type": "Point", "coordinates": [9.44716084, 42.31867129]}, "properties": {"route": "D71", "pr": "130", "abs": 130000, "label": "D71 PR130+130000"}}, {"type": "Feature", "geometry": {"type": "Point", "coordinates": [9.39706411, 42.34760389]}, "properties": {"route": "D71", "pr": "115", "abs": 115000, "label": "D71 PR115+115000"}}, {"type": "Feature", "geometry": {"type": "Point", "coordinates": [9.42008666, 42.3378167]}, "properties": {"route": "D71", "pr": "121", "abs": 121000, "label": "D71 PR121+121000"}}, {"type": "Feature", "geometry": {"type": "Point", "coordinates": [9.41685866, 42.34111834]}, "properties": {"route": "D71C", "pr": "0", "abs": 0, "label": "D71C PR0"}}, {"type": "Feature", "geometry": {"type": "Point", "coordinates": [9.15379933, 42.15617753]}, "properties": {"route": "D23", "pr": "40", "abs": 40000, "label": "D23 PR40+40000"}}, {"type": "Feature", "geometry": {"type": "Point", "coordinates": [9.13900199, 42.1589489]}, "properties": {"route": "D23", "pr": "37", "abs": 37000, "label": "D23 PR37+37000"}}, {"type": "Feature", "geometry": {"type": "Point", "coordinates": [9.14300207, 42.15694856]}, "properties": {"route": "D23", "pr": "38", "abs": 38000, "label": "D23 PR38+38000"}}, {"type": "Feature", "geometry": {"type": "Point", "coordinates": [9.14868867, 42.16181567]}, "properties": {"route": "D23", "pr": "39", "abs": 39000, "label": "D23 PR39+39000"}}, {"type": "Feature", "geometry": {"type": "Point", "coordinates": [9.44330342, 42.67171907]}, "properties": {"route": "D464", "pr": "FS", "abs": null, "label": "D464 PRFS"}}, {"type": "Feature", "geometry": {"type": "Point", "coordinates": [9.48557772, 42.08259179]}, "properties": {"route": "D343", "pr": "FS", "abs": null, "label": "D343 PRFS"}}, {"type": "Feature", "geometry": {"type": "Point", "coordinates": [9.09785138, 42.64657036]}, "properties": {"route": "D81", "pr": "FS", "abs": null, "label": "D81 PRFS (G)"}}, {"type": "Feature", "geometry": {"type": "Point", "coordinates": [8.99518358, 42.53237342]}, "properties": {"route": "D63A", "pr": "FS", "abs": null, "label": "D63A PRFS"}}, {"type": "Feature", "geometry": {"type": "Point", "coordinates": [9.47194416, 42.50877083]}, "properties": {"route": "D137", "pr": "FS", "abs": null, "label": "D137 PRFS (G)"}}, {"type": "Feature", "geometry": {"type": "Point", "coordinates": [9.37126085, 42.00330051]}, "properties": {"route": "D145", "pr": "DS", "abs": null, "label": "D145 PRDS"}}, {"type": "Feature", "geometry": {"type": "Point", "coordinates": [9.37126085, 42.00330051]}, "properties": {"route": "D145", "pr": "FS", "abs": null, "label": "D145 PRFS"}}, {"type": "Feature", "geometry": {"type": "Point", "coordinates": [9.44259435, 42.67133247]}, "properties": {"route": "D464", "pr": "FS", "abs": null, "label": "D464 PRFS"}}, {"type": "Feature", "geometry": {"type": "Point", "coordinates": [9.39236155, 42.40877524]}, "properties": {"route": "D36", "pr": "FS", "abs": null, "label": "D36 PRFS"}}, {"type": "Feature", "geometry": {"type": "Point", "coordinates": [9.43838157, 42.59440349]}, "properties": {"route": "D82", "pr": "FS", "abs": null, "label": "D82 PRFS"}}, {"type": "Feature", "geometry": {"type": "Point", "coordinates": [9.16457485, 42.57739016]}, "properties": {"route": "D108", "pr": "FS", "abs": null, "label": "D108 PRFS"}}, {"type": "Feature", "geometry": {"type": "Point", "coordinates": [8.93679518, 42.64203442]}, "properties": {"route": "D81A", "pr": "FS", "abs": null, "label": "D81A PRFS"}}, {"type": "Feature", "geometry": {"type": "Point", "coordinates": [9.44904946, 42.54512691]}, "properties": {"route": "D210", "pr": "FS", "abs": null, "label": "D210 PRFS"}}, {"type": "Feature", "geometry": {"type": "Point", "coordinates": [9.47940027, 42.54809138]}, "properties": {"route": "D507", "pr": "FS", "abs": null, "label": "D507 PRFS"}}, {"type": "Feature", "geometry": {"type": "Point", "coordinates": [9.47105681, 42.50848652]}, "properties": {"route": "D137", "pr": "FS", "abs": null, "label": "D137 PRFS (G)"}}, {"type": "Feature", "geometry": {"type": "Point", "coordinates": [9.44259435, 42.67133247]}, "properties": {"route": "D464", "pr": "FS", "abs": null, "label": "D464 PRFS"}}, {"type": "Feature", "geometry": {"type": "Point", "coordinates": [9.44241326, 42.67131994]}, "properties": {"route": "D464", "pr": "FS", "abs": null, "label": "D464 PRFS (G)"}}, {"type": "Feature", "geometry": {"type": "Point", "coordinates": [9.48441346, 42.08260278]}, "properties": {"route": "D343", "pr": "DS", "abs": null, "label": "D343 PRDS"}}, {"type": "Feature", "geometry": {"type": "Point", "coordinates": [9.48441346, 42.08260278]}, "properties": {"route": "D343", "pr": "FS", "abs": null, "label": "D343 PRFS"}}, {"type": "Feature", "geometry": {"type": "Point", "coordinates": [9.43824561, 42.67556663]}, "properties": {"route": "D464", "pr": "FS", "abs": null, "label": "D464 PRFS (G)"}}, {"type": "Feature", "geometry": {"type": "Point", "coordinates": [9.44234533, 42.67114813]}, "properties": {"route": "D464", "pr": "FS", "abs": null, "label": "D464 PRFS (G)"}}, {"type": "Feature", "geometry": {"type": "Point", "coordinates": [9.43723502, 42.67262275]}, "properties": {"route": "D464", "pr": "FS", "abs": null, "label": "D464 PRFS (G)"}}, {"type": "Feature", "geometry": {"type": "Point", "coordinates": [9.1744807, 42.34415844]}, "properties": {"route": "D41", "pr": "FS", "abs": null, "label": "D41 PRFS (G)"}}, {"type": "Feature", "geometry": {"type": "Point", "coordinates": [9.39121759, 42.46194945]}, "properties": {"route": "D10", "pr": "FS", "abs": null, "label": "D10 PRFS"}}, {"type": "Feature", "geometry": {"type": "Point", "coordinates": [9.3513024, 42.69796828]}, "properties": {"route": "D80", "pr": "DS", "abs": null, "label": "D80 PRDS"}}, {"type": "Feature", "geometry": {"type": "Point", "coordinates": [9.3513024, 42.69796828]}, "properties": {"route": "D80", "pr": "FS", "abs": null, "label": "D80 PRFS"}}, {"type": "Feature", "geometry": {"type": "Point", "coordinates": [9.5061517, 42.14986104]}, "properties": {"route": "D16", "pr": "FS", "abs": null, "label": "D16 PRFS"}}, {"type": "Feature", "geometry": {"type": "Point", "coordinates": [9.1963348, 42.48007266]}, "properties": {"route": "D47", "pr": "FS", "abs": null, "label": "D47 PRFS"}}, {"type": "Feature", "geometry": {"type": "Point", "coordinates": [9.20831297, 42.28621803]}, "properties": {"route": "D214", "pr": "FS", "abs": null, "label": "D214 PRFS"}}, {"type": "Feature", "geometry": {"type": "Point", "coordinates": [9.38316614, 42.34427763]}, "properties": {"route": "D417", "pr": "FS", "abs": null, "label": "D417 PRFS"}}, {"type": "Feature", "geometry": {"type": "Point", "coordinates": [9.20717728, 42.34291187]}, "properties": {"route": "D141", "pr": "FS", "abs": null, "label": "D141 PRFS"}}, {"type": "Feature", "geometry": {"type": "Point", "coordinates": [9.4794968, 42.54795021]}, "properties": {"route": "D107A", "pr": "FS", "abs": null, "label": "D107A PRFS"}}, {"type": "Feature", "geometry": {"type": "Point", "coordinates": [9.16870522, 42.17735131]}, "properties": {"route": "D423", "pr": "FS", "abs": null, "label": "D423 PRFS"}}, {"type": "Feature", "geometry": {"type": "Point", "coordinates": [9.40801571, 42.31905384]}, "properties": {"route": "D317", "pr": "FS", "abs": null, "label": "D317 PRFS"}}, {"type": "Feature", "geometry": {"type": "Point", "coordinates": [9.47102042, 42.5369965]}, "properties": {"route": "D10", "pr": "FS", "abs": null, "label": "D10 PRFS"}}, {"type": "Feature", "geometry": {"type": "Point", "coordinates": [9.15219038, 42.5766717]}, "properties": {"route": "D108", "pr": "FS", "abs": null, "label": "D108 PRFS"}}, {"type": "Feature", "geometry": {"type": "Point", "coordinates": [9.33737465, 42.81071116]}, "properties": {"route": "D233", "pr": "FS", "abs": null, "label": "D233 PRFS"}}, {"type": "Feature", "geometry": {"type": "Point", "coordinates": [9.39223715, 41.89369398]}, "properties": {"route": "D845", "pr": "FS", "abs": null, "label": "D845 PRFS"}}, {"type": "Feature", "geometry": {"type": "Point", "coordinates": [9.50618674, 42.14992561]}, "properties": {"route": "D16", "pr": "FS", "abs": null, "label": "D16 PRFS"}}, {"type": "Feature", "geometry": {"type": "Point", "coordinates": [9.30943275, 42.29593635]}, "properties": {"route": "D939B", "pr": "FS", "abs": null, "label": "D939B PRFS"}}, {"type": "Feature", "geometry": {"type": "Point", "coordinates": [9.03926877, 42.23686207]}, "properties": {"route": "D623", "pr": "FS", "abs": null, "label": "D623 PRFS"}}, {"type": "Feature", "geometry": {"type": "Point", "coordinates": [9.30705809, 42.29524531]}, "properties": {"route": "D539", "pr": "FS", "abs": null, "label": "D539 PRFS"}}, {"type": "Feature", "geometry": {"type": "Point", "coordinates": [9.3728531, 42.59882486]}, "properties": {"route": "D305", "pr": "FS", "abs": null, "label": "D305 PRFS"}}, {"type": "Feature", "geometry": {"type": "Point", "coordinates": [9.4712463, 42.50835956]}, "properties": {"route": "D137", "pr": "FS", "abs": null, "label": "D137 PRFS"}}, {"type": "Feature", "geometry": {"type": "Point", "coordinates": [9.13211938, 42.43255799]}, "properties": {"route": "D918A", "pr": "FS", "abs": null, "label": "D918A PRFS"}}, {"type": "Feature", "geometry": {"type": "Point", "coordinates": [9.31456442, 42.83143179]}, "properties": {"route": "D33", "pr": "FS", "abs": null, "label": "D33 PRFS"}}, {"type": "Feature", "geometry": {"type": "Point", "coordinates": [9.17849659, 42.54396846]}, "properties": {"route": "D308", "pr": "FS", "abs": null, "label": "D308 PRFS"}}, {"type": "Feature", "geometry": {"type": "Point", "coordinates": [9.33680523, 42.88709203]}, "properties": {"route": "D533", "pr": "FS", "abs": null, "label": "D533 PRFS"}}, {"type": "Feature", "geometry": {"type": "Point", "coordinates": [9.19264756, 42.38164483]}, "properties": {"route": "D818", "pr": "FS", "abs": null, "label": "D818 PRFS"}}, {"type": "Feature", "geometry": {"type": "Point", "coordinates": [9.44573131, 42.55725181]}, "properties": {"route": "D210", "pr": "FS", "abs": null, "label": "D210 PRFS"}}, {"type": "Feature", "geometry": {"type": "Point", "coordinates": [9.17489501, 42.23349698]}, "properties": {"route": "D240", "pr": "FS", "abs": null, "label": "D240 PRFS"}}, {"type": "Feature", "geometry": {"type": "Point", "coordinates": [9.40642857, 42.31912889]}, "properties": {"route": "D317BIS", "pr": "FS", "abs": null, "label": "D317BIS PRFS"}}, {"type": "Feature", "geometry": {"type": "Point", "coordinates": [9.45929216, 42.77888604]}, "properties": {"route": "D154", "pr": "FS", "abs": null, "label": "D154 PRFS"}}, {"type": "Feature", "geometry": {"type": "Point", "coordinates": [9.14700669, 42.30821171]}, "properties": {"route": "D823", "pr": "FS", "abs": null, "label": "D823 PRFS"}}, {"type": "Feature", "geometry": {"type": "Point", "coordinates": [9.43656239, 42.62020545]}, "properties": {"route": "D62", "pr": "FS", "abs": null, "label": "D62 PRFS"}}, {"type": "Feature", "geometry": {"type": "Point", "coordinates": [9.45323849, 42.54996315]}, "properties": {"route": "D210", "pr": "FS", "abs": null, "label": "D210 PRFS"}}, {"type": "Feature", "geometry": {"type": "Point", "coordinates": [9.43820938, 42.67607849]}, "properties": {"route": "D464", "pr": "FS", "abs": null, "label": "D464 PRFS"}}, {"type": "Feature", "geometry": {"type": "Point", "coordinates": [9.44072703, 42.5621761]}, "properties": {"route": "D7", "pr": "FS", "abs": null, "label": "D7 PRFS"}}, {"type": "Feature", "geometry": {"type": "Point", "coordinates": [9.46306259, 42.50515857]}, "properties": {"route": "D137", "pr": "FS", "abs": null, "label": "D137 PRFS"}}, {"type": "Feature", "geometry": {"type": "Point", "coordinates": [9.40685193, 42.89390196]}, "properties": {"route": "D332", "pr": "FS", "abs": null, "label": "D332 PRFS"}}, {"type": "Feature", "geometry": {"type": "Point", "coordinates": [9.48868808, 42.31457113]}, "properties": {"route": "D452", "pr": "FS", "abs": null, "label": "D452 PRFS"}}, {"type": "Feature", "geometry": {"type": "Point", "coordinates": [9.3911626, 42.28118783]}, "properties": {"route": "D16A", "pr": "FS", "abs": null, "label": "D16A PRFS"}}, {"type": "Feature", "geometry": {"type": "Point", "coordinates": [8.93634969, 42.63717706]}, "properties": {"route": "D81A", "pr": "FS", "abs": null, "label": "D81A PRFS"}}, {"type": "Feature", "geometry": {"type": "Point", "coordinates": [9.01643994, 42.33860177]}, "properties": {"route": "D218C", "pr": "FS", "abs": null, "label": "D218C PRFS"}}, {"type": "Feature", "geometry": {"type": "Point", "coordinates": [9.17597202, 42.24732092]}, "properties": {"route": "D40", "pr": "FS", "abs": null, "label": "D40 PRFS"}}, {"type": "Feature", "geometry": {"type": "Point", "coordinates": [9.16448205, 42.57692843]}, "properties": {"route": "D108", "pr": "FS", "abs": null, "label": "D108 PRFS"}}, {"type": "Feature", "geometry": {"type": "Point", "coordinates": [9.04856647, 42.59312844]}, "properties": {"route": "D163", "pr": "FS", "abs": null, "label": "D163 PRFS"}}, {"type": "Feature", "geometry": {"type": "Point", "coordinates": [9.47942788, 42.54798868]}, "properties": {"route": "D507", "pr": "FS", "abs": null, "label": "D507 PRFS"}}, {"type": "Feature", "geometry": {"type": "Point", "coordinates": [9.47989345, 42.54604361]}, "properties": {"route": "D107A", "pr": "FS", "abs": null, "label": "D107A PRFS"}}, {"type": "Feature", "geometry": {"type": "Point", "coordinates": [9.18186687, 42.24095042]}, "properties": {"route": "D440", "pr": "FS", "abs": null, "label": "D440 PRFS"}}, {"type": "Feature", "geometry": {"type": "Point", "coordinates": [9.29465756, 42.37853915]}, "properties": {"route": "D939", "pr": "FS", "abs": null, "label": "D939 PRFS"}}, {"type": "Feature", "geometry": {"type": "Point", "coordinates": [9.34014157, 42.86761111]}, "properties": {"route": "D133", "pr": "FS", "abs": null, "label": "D133 PRFS"}}, {"type": "Feature", "geometry": {"type": "Point", "coordinates": [9.180865, 42.50848227]}, "properties": {"route": "D8A", "pr": "FS", "abs": null, "label": "D8A PRFS"}}, {"type": "Feature", "geometry": {"type": "Point", "coordinates": [9.324945, 42.01094374]}, "properties": {"route": "D45", "pr": "FS", "abs": null, "label": "D45 PRFS"}}, {"type": "Feature", "geometry": {"type": "Point", "coordinates": [9.49470725, 42.34769385]}, "properties": {"route": "D334", "pr": "FS", "abs": null, "label": "D334 PRFS"}}, {"type": "Feature", "geometry": {"type": "Point", "coordinates": [9.47105761, 42.49438262]}, "properties": {"route": "D37", "pr": "FS", "abs": null, "label": "D37 PRFS"}}, {"type": "Feature", "geometry": {"type": "Point", "coordinates": [9.28028825, 41.88936252]}, "properties": {"route": "D845", "pr": "FS", "abs": null, "label": "D845 PRFS"}}, {"type": "Feature", "geometry": {"type": "Point", "coordinates": [9.39440868, 42.35003257]}, "properties": {"route": "D17", "pr": "FS", "abs": null, "label": "D17 PRFS"}}, {"type": "Feature", "geometry": {"type": "Point", "coordinates": [9.50253799, 42.27255513]}, "properties": {"route": "D42", "pr": "FS", "abs": null, "label": "D42 PRFS"}}, {"type": "Feature", "geometry": {"type": "Point", "coordinates": [9.41371851, 42.1772368]}, "properties": {"route": "D14", "pr": "FS", "abs": null, "label": "D14 PRFS"}}, {"type": "Feature", "geometry": {"type": "Point", "coordinates": [9.42710728, 42.70731524]}, "properties": {"route": "D231", "pr": "FS", "abs": null, "label": "D231 PRFS"}}, {"type": "Feature", "geometry": {"type": "Point", "coordinates": [9.36009087, 42.43392953]}, "properties": {"route": "D405", "pr": "FS", "abs": null, "label": "D405 PRFS"}}, {"type": "Feature", "geometry": {"type": "Point", "coordinates": [9.12735345, 42.47247037]}, "properties": {"route": "D647", "pr": "FS", "abs": null, "label": "D647 PRFS"}}, {"type": "Feature", "geometry": {"type": "Point", "coordinates": [9.53154402, 42.51402462]}, "properties": {"route": "D37", "pr": "FS", "abs": null, "label": "D37 PRFS"}}, {"type": "Feature", "geometry": {"type": "Point", "coordinates": [9.31048962, 42.50566054]}, "properties": {"route": "D307", "pr": "FS", "abs": null, "label": "D307 PRFS"}}, {"type": "Feature", "geometry": {"type": "Point", "coordinates": [8.9363862, 42.63709208]}, "properties": {"route": "D513", "pr": "FS", "abs": null, "label": "D513 PRFS"}}, {"type": "Feature", "geometry": {"type": "Point", "coordinates": [9.4641666, 42.55060143]}, "properties": {"route": "D407", "pr": "FS", "abs": null, "label": "D407 PRFS"}}, {"type": "Feature", "geometry": {"type": "Point", "coordinates": [9.49393242, 42.33545834]}, "properties": {"route": "D330", "pr": "FS", "abs": null, "label": "D330 PRFS"}}, {"type": "Feature", "geometry": {"type": "Point", "coordinates": [9.17389027, 42.44763609]}, "properties": {"route": "D418", "pr": "FS", "abs": null, "label": "D418 PRFS"}}, {"type": "Feature", "geometry": {"type": "Point", "coordinates": [9.40511076, 42.01578154]}, "properties": {"route": "D344", "pr": "FS", "abs": null, "label": "D344 PRFS"}}, {"type": "Feature", "geometry": {"type": "Point", "coordinates": [9.0446299, 42.35589793]}, "properties": {"route": "D618", "pr": "FS", "abs": null, "label": "D618 PRFS"}}, {"type": "Feature", "geometry": {"type": "Point", "coordinates": [9.17572668, 42.50942324]}, "properties": {"route": "D247", "pr": "FS", "abs": null, "label": "D247 PRFS"}}, {"type": "Feature", "geometry": {"type": "Point", "coordinates": [9.44183573, 42.54948595]}, "properties": {"route": "D107", "pr": "FS", "abs": null, "label": "D107 PRFS"}}, {"type": "Feature", "geometry": {"type": "Point", "coordinates": [9.38488745, 43.00467349]}, "properties": {"route": "D253", "pr": "FS", "abs": null, "label": "D253 PRFS"}}, {"type": "Feature", "geometry": {"type": "Point", "coordinates": [9.31207706, 42.2976626]}, "properties": {"route": "D316", "pr": "FS", "abs": null, "label": "D316 PRFS"}}, {"type": "Feature", "geometry": {"type": "Point", "coordinates": [8.89130586, 42.61976718]}, "properties": {"route": "D313", "pr": "FS", "abs": null, "label": "D313 PRFS"}}, {"type": "Feature", "geometry": {"type": "Point", "coordinates": [9.34677917, 42.86938139]}, "properties": {"route": "D133", "pr": "FS", "abs": null, "label": "D133 PRFS"}}, {"type": "Feature", "geometry": {"type": "Point", "coordinates": [9.4512203, 42.92605452]}, "properties": {"route": "D135", "pr": "FS", "abs": null, "label": "D135 PRFS"}}, {"type": "Feature", "geometry": {"type": "Point", "coordinates": [9.39758649, 41.9647203]}, "properties": {"route": "D745", "pr": "FS", "abs": null, "label": "D745 PRFS"}}, {"type": "Feature", "geometry": {"type": "Point", "coordinates": [9.19778401, 42.48262572]}, "properties": {"route": "D105", "pr": "FS", "abs": null, "label": "D105 PRFS"}}, {"type": "Feature", "geometry": {"type": "Point", "coordinates": [9.12757701, 42.41823591]}, "properties": {"route": "D118", "pr": "FS", "abs": null, "label": "D118 PRFS"}}, {"type": "Feature", "geometry": {"type": "Point", "coordinates": [9.33882522, 42.28691414]}, "properties": {"route": "D316", "pr": "FS", "abs": null, "label": "D316 PRFS"}}, {"type": "Feature", "geometry": {"type": "Point", "coordinates": [9.42465748, 42.48235921]}, "properties": {"route": "D310", "pr": "FS", "abs": null, "label": "D310 PRFS"}}, {"type": "Feature", "geometry": {"type": "Point", "coordinates": [9.00256253, 42.3183173]}, "properties": {"route": "D218B", "pr": "FS", "abs": null, "label": "D218B PRFS"}}, {"type": "Feature", "geometry": {"type": "Point", "coordinates": [9.01709328, 42.53072646]}, "properties": {"route": "D763", "pr": "FS", "abs": null, "label": "D763 PRFS"}}, {"type": "Feature", "geometry": {"type": "Point", "coordinates": [9.46620958, 42.75173647]}, "properties": {"route": "D331", "pr": "FS", "abs": null, "label": "D331 PRFS"}}, {"type": "Feature", "geometry": {"type": "Point", "coordinates": [8.85308326, 42.44248402]}, "properties": {"route": "D251", "pr": "FS", "abs": null, "label": "D251 PRFS"}}, {"type": "Feature", "geometry": {"type": "Point", "coordinates": [9.14748507, 42.07750459]}, "properties": {"route": "D169A", "pr": "FS", "abs": null, "label": "D169A PRFS"}}, {"type": "Feature", "geometry": {"type": "Point", "coordinates": [9.44844742, 42.64205964]}, "properties": {"route": "D764", "pr": "FS", "abs": null, "label": "D764 PRFS"}}, {"type": "Feature", "geometry": {"type": "Point", "coordinates": [8.89713817, 42.58301607]}, "properties": {"route": "D551", "pr": "FS", "abs": null, "label": "D551 PRFS"}}, {"type": "Feature", "geometry": {"type": "Point", "coordinates": [9.37559934, 42.37591411]}, "properties": {"route": "D46", "pr": "FS", "abs": null, "label": "D46 PRFS"}}, {"type": "Feature", "geometry": {"type": "Point", "coordinates": [9.26908444, 42.15876974]}, "properties": {"route": "D543", "pr": "FS", "abs": null, "label": "D543 PRFS"}}, {"type": "Feature", "geometry": {"type": "Point", "coordinates": [9.33274415, 42.58589239]}, "properties": {"route": "D162", "pr": "FS", "abs": null, "label": "D162 PRFS"}}, {"type": "Feature", "geometry": {"type": "Point", "coordinates": [9.53013007, 42.38168544]}, "properties": {"route": "D109", "pr": "FS", "abs": null, "label": "D109 PRFS"}}, {"type": "Feature", "geometry": {"type": "Point", "coordinates": [9.40786336, 42.67938776]}, "properties": {"route": "D264", "pr": "FS", "abs": null, "label": "D264 PRFS"}}, {"type": "Feature", "geometry": {"type": "Point", "coordinates": [9.41264021, 42.96765601]}, "properties": {"route": "D53", "pr": "FS", "abs": null, "label": "D53 PRFS"}}, {"type": "Feature", "geometry": {"type": "Point", "coordinates": [9.26756797, 42.65399712]}, "properties": {"route": "D62", "pr": "FS", "abs": null, "label": "D62 PRFS"}}, {"type": "Feature", "geometry": {"type": "Point", "coordinates": [9.42831833, 42.67985241]}, "properties": {"route": "D264", "pr": "FS", "abs": null, "label": "D264 PRFS"}}, {"type": "Feature", "geometry": {"type": "Point", "coordinates": [9.01745553, 42.58597827]}, "properties": {"route": "D71", "pr": "FS", "abs": null, "label": "D71 PRFS"}}, {"type": "Feature", "geometry": {"type": "Point", "coordinates": [8.85024062, 42.5101634]}, "properties": {"route": "D151A", "pr": "FS", "abs": null, "label": "D151A PRFS"}}, {"type": "Feature", "geometry": {"type": "Point", "coordinates": [9.05535556, 42.55767111]}, "properties": {"route": "D547", "pr": "FS", "abs": null, "label": "D547 PRFS"}}, {"type": "Feature", "geometry": {"type": "Point", "coordinates": [8.91480086, 42.55095831]}, "properties": {"route": "D13", "pr": "FS", "abs": null, "label": "D13 PRFS"}}, {"type": "Feature", "geometry": {"type": "Point", "coordinates": [8.92301708, 42.4032231]}, "properties": {"route": "D147", "pr": "FS", "abs": null, "label": "D147 PRFS"}}, {"type": "Feature", "geometry": {"type": "Point", "coordinates": [9.36335547, 42.40068505]}, "properties": {"route": "D346", "pr": "FS", "abs": null, "label": "D346 PRFS"}}, {"type": "Feature", "geometry": {"type": "Point", "coordinates": [9.16558327, 42.16952623]}, "properties": {"route": "D69", "pr": "FS", "abs": null, "label": "D69 PRFS"}}, {"type": "Feature", "geometry": {"type": "Point", "coordinates": [9.39297722, 42.40907459]}, "properties": {"route": "D36", "pr": "FS", "abs": null, "label": "D36 PRFS"}}, {"type": "Feature", "geometry": {"type": "Point", "coordinates": [9.37585904, 42.26015696]}, "properties": {"route": "D416", "pr": "FS", "abs": null, "label": "D416 PRFS"}}, {"type": "Feature", "geometry": {"type": "Point", "coordinates": [9.46976273, 42.43483812]}, "properties": {"route": "D230", "pr": "FS", "abs": null, "label": "D230 PRFS"}}, {"type": "Feature", "geometry": {"type": "Point", "coordinates": [9.40287329, 42.43032737]}, "properties": {"route": "D306", "pr": "FS", "abs": null, "label": "D306 PRFS"}}, {"type": "Feature", "geometry": {"type": "Point", "coordinates": [9.42146171, 42.9581108]}, "properties": {"route": "D353", "pr": "FS", "abs": null, "label": "D353 PRFS"}}, {"type": "Feature", "geometry": {"type": "Point", "coordinates": [9.44365192, 42.51600193]}, "properties": {"route": "D10", "pr": "FS", "abs": null, "label": "D10 PRFS"}}, {"type": "Feature", "geometry": {"type": "Point", "coordinates": [9.39227836, 42.32317568]}, "properties": {"route": "D217", "pr": "FS", "abs": null, "label": "D217 PRFS"}}, {"type": "Feature", "geometry": {"type": "Point", "coordinates": [9.46779576, 42.42265966]}, "properties": {"route": "D130", "pr": "FS", "abs": null, "label": "D130 PRFS"}}, {"type": "Feature", "geometry": {"type": "Point", "coordinates": [9.47904185, 42.40955069]}, "properties": {"route": "D30", "pr": "FS", "abs": null, "label": "D30 PRFS"}}, {"type": "Feature", "geometry": {"type": "Point", "coordinates": [9.43180216, 42.65663095]}, "properties": {"route": "D464", "pr": "FS", "abs": null, "label": "D464 PRFS"}}, {"type": "Feature", "geometry": {"type": "Point", "coordinates": [9.52896989, 42.48865111]}, "properties": {"route": "D406", "pr": "FS", "abs": null, "label": "D406 PRFS"}}, {"type": "Feature", "geometry": {"type": "Point", "coordinates": [9.48387397, 42.31557861]}, "properties": {"route": "D52", "pr": "FS", "abs": null, "label": "D52 PRFS"}}, {"type": "Feature", "geometry": {"type": "Point", "coordinates": [9.30436373, 41.99227368]}, "properties": {"route": "D945", "pr": "FS", "abs": null, "label": "D945 PRFS"}}, {"type": "Feature", "geometry": {"type": "Point", "coordinates": [9.45475458, 42.71802456]}, "properties": {"route": "D131", "pr": "FS", "abs": null, "label": "D131 PRFS"}}, {"type": "Feature", "geometry": {"type": "Point", "coordinates": [8.79601933, 42.55030998]}, "properties": {"route": "D451", "pr": "FS", "abs": null, "label": "D451 PRFS"}}, {"type": "Feature", "geometry": {"type": "Point", "coordinates": [9.3528323, 42.42292966]}, "properties": {"route": "D205", "pr": "FS", "abs": null, "label": "D205 PRFS"}}, {"type": "Feature", "geometry": {"type": "Point", "coordinates": [9.42039423, 42.62747851]}, "properties": {"route": "D664", "pr": "FS", "abs": null, "label": "D664 PRFS"}}, {"type": "Feature", "geometry": {"type": "Point", "coordinates": [9.3213493, 42.48085252]}, "properties": {"route": "D115", "pr": "FS", "abs": null, "label": "D115 PRFS"}}, {"type": "Feature", "geometry": {"type": "Point", "coordinates": [9.36334791, 42.45194568]}, "properties": {"route": "D15", "pr": "FS", "abs": null, "label": "D15 PRFS"}}, {"type": "Feature", "geometry": {"type": "Point", "coordinates": [9.30529322, 42.2888541]}, "properties": {"route": "D539", "pr": "FS", "abs": null, "label": "D539 PRFS"}}, {"type": "Feature", "geometry": {"type": "Point", "coordinates": [8.89165949, 42.55822117]}, "properties": {"route": "D613", "pr": "FS", "abs": null, "label": "D613 PRFS"}}, {"type": "Feature", "geometry": {"type": "Point", "coordinates": [9.35968426, 42.60042451]}, "properties": {"route": "D82", "pr": "FS", "abs": null, "label": "D82 PRFS"}}, {"type": "Feature", "geometry": {"type": "Point", "coordinates": [9.29986188, 42.53026263]}, "properties": {"route": "D7", "pr": "FS", "abs": null, "label": "D7 PRFS"}}, {"type": "Feature", "geometry": {"type": "Point", "coordinates": [9.38365439, 42.48252454]}, "properties": {"route": "D10B", "pr": "FS", "abs": null, "label": "D10B PRFS"}}, {"type": "Feature", "geometry": {"type": "Point", "coordinates": [9.47644094, 42.42951725]}, "properties": {"route": "D330", "pr": "FS", "abs": null, "label": "D330 PRFS"}}, {"type": "Feature", "geometry": {"type": "Point", "coordinates": [9.1722229, 42.24859746]}, "properties": {"route": "D340", "pr": "FS", "abs": null, "label": "D340 PRFS"}}, {"type": "Feature", "geometry": {"type": "Point", "coordinates": [9.50652839, 42.51004567]}, "properties": {"route": "D337", "pr": "FS", "abs": null, "label": "D337 PRFS"}}, {"type": "Feature", "geometry": {"type": "Point", "coordinates": [9.13775581, 42.38380452]}, "properties": {"route": "D84", "pr": "FS", "abs": null, "label": "D84 PRFS"}}, {"type": "Feature", "geometry": {"type": "Point", "coordinates": [9.16466449, 42.57748778]}, "properties": {"route": "D108", "pr": "FS", "abs": null, "label": "D108 PRFS"}}, {"type": "Feature", "geometry": {"type": "Point", "coordinates": [9.24569094, 42.38172557]}, "properties": {"route": "D139", "pr": "FS", "abs": null, "label": "D139 PRFS"}}, {"type": "Feature", "geometry": {"type": "Point", "coordinates": [9.32658455, 42.5768531]}, "properties": {"route": "D305", "pr": "FS", "abs": null, "label": "D305 PRFS"}}, {"type": "Feature", "geometry": {"type": "Point", "coordinates": [9.28976748, 42.4537381]}, "properties": {"route": "D615", "pr": "FS", "abs": null, "label": "D615 PRFS"}}, {"type": "Feature", "geometry": {"type": "Point", "coordinates": [9.27509427, 42.44471341]}, "properties": {"route": "D15B", "pr": "FS", "abs": null, "label": "D15B PRFS"}}, {"type": "Feature", "geometry": {"type": "Point", "coordinates": [8.79284525, 42.55578543]}, "properties": {"route": "D151", "pr": "FS", "abs": null, "label": "D151 PRFS"}}, {"type": "Feature", "geometry": {"type": "Point", "coordinates": [9.04449442, 42.5957748]}, "properties": {"route": "D163", "pr": "FS", "abs": null, "label": "D163 PRFS"}}, {"type": "Feature", "geometry": {"type": "Point", "coordinates": [9.47761915, 42.3676271]}, "properties": {"route": "D134", "pr": "FS", "abs": null, "label": "D134 PRFS"}}, {"type": "Feature", "geometry": {"type": "Point", "coordinates": [9.42701028, 42.68634489]}, "properties": {"route": "D64", "pr": "FS", "abs": null, "label": "D64 PRFS"}}, {"type": "Feature", "geometry": {"type": "Point", "coordinates": [9.23917844, 42.23136917]}, "properties": {"route": "D143", "pr": "FS", "abs": null, "label": "D143 PRFS"}}, {"type": "Feature", "geometry": {"type": "Point", "coordinates": [9.37448492, 42.8073397]}, "properties": {"route": "D233", "pr": "FS", "abs": null, "label": "D233 PRFS"}}, {"type": "Feature", "geometry": {"type": "Point", "coordinates": [9.1915712, 42.39586076]}, "properties": {"route": "D84", "pr": "FS", "abs": null, "label": "D84 PRFS"}}, {"type": "Feature", "geometry": {"type": "Point", "coordinates": [9.38369246, 41.91680327]}, "properties": {"route": "D545", "pr": "FS", "abs": null, "label": "D545 PRFS"}}, {"type": "Feature", "geometry": {"type": "Point", "coordinates": [9.32578128, 42.47019063]}, "properties": {"route": "D915", "pr": "FS", "abs": null, "label": "D915 PRFS"}}, {"type": "Feature", "geometry": {"type": "Point", "coordinates": [9.31481811, 42.46715971]}, "properties": {"route": "D15A", "pr": "FS", "abs": null, "label": "D15A PRFS"}}, {"type": "Feature", "geometry": {"type": "Point", "coordinates": [9.47351148, 42.87359575]}, "properties": {"route": "D132", "pr": "FS", "abs": null, "label": "D132 PRFS"}}, {"type": "Feature", "geometry": {"type": "Point", "coordinates": [8.79734849, 42.49003054]}, "properties": {"route": "D51", "pr": "FS", "abs": null, "label": "D51 PRFS"}}, {"type": "Feature", "geometry": {"type": "Point", "coordinates": [8.72487595, 42.3423757]}, "properties": {"route": "D351C", "pr": "FS", "abs": null, "label": "D351C PRFS"}}, {"type": "Feature", "geometry": {"type": "Point", "coordinates": [9.53722399, 42.25322512]}, "properties": {"route": "D817", "pr": "FS", "abs": null, "label": "D817 PRFS"}}, {"type": "Feature", "geometry": {"type": "Point", "coordinates": [9.19768822, 42.44615065]}, "properties": {"route": "D18", "pr": "FS", "abs": null, "label": "D18 PRFS"}}, {"type": "Feature", "geometry": {"type": "Point", "coordinates": [9.10205144, 42.19641016]}, "properties": {"route": "D723", "pr": "FS", "abs": null, "label": "D723 PRFS"}}, {"type": "Feature", "geometry": {"type": "Point", "coordinates": [9.35105727, 42.69745969]}, "properties": {"route": "D81", "pr": "FS", "abs": null, "label": "D81 PRFS"}}, {"type": "Feature", "geometry": {"type": "Point", "coordinates": [9.16119926, 42.42186889]}, "properties": {"route": "D918", "pr": "FS", "abs": null, "label": "D918 PRFS"}}, {"type": "Feature", "geometry": {"type": "Point", "coordinates": [9.13671616, 42.12788528]}, "properties": {"route": "D523", "pr": "FS", "abs": null, "label": "D523 PRFS"}}, {"type": "Feature", "geometry": {"type": "Point", "coordinates": [9.44397644, 42.46361331]}, "properties": {"route": "D206", "pr": "FS", "abs": null, "label": "D206 PRFS"}}, {"type": "Feature", "geometry": {"type": "Point", "coordinates": [9.38896275, 42.3968532]}, "properties": {"route": "D46", "pr": "FS", "abs": null, "label": "D46 PRFS"}}, {"type": "Feature", "geometry": {"type": "Point", "coordinates": [8.92826858, 42.55314638]}, "properties": {"route": "D213", "pr": "FS", "abs": null, "label": "D213 PRFS"}}, {"type": "Feature", "geometry": {"type": "Point", "coordinates": [8.7834206, 42.54965565]}, "properties": {"route": "D81", "pr": "FS", "abs": null, "label": "D81 PRFS"}}, {"type": "Feature", "geometry": {"type": "Point", "coordinates": [9.49228428, 42.38002261]}, "properties": {"route": "D209", "pr": "FS", "abs": null, "label": "D209 PRFS"}}, {"type": "Feature", "geometry": {"type": "Point", "coordinates": [9.37822049, 42.90273648]}, "properties": {"route": "D532", "pr": "FS", "abs": null, "label": "D532 PRFS"}}, {"type": "Feature", "geometry": {"type": "Point", "coordinates": [9.47124908, 42.77139409]}, "properties": {"route": "D54", "pr": "FS", "abs": null, "label": "D54 PRFS"}}, {"type": "Feature", "geometry": {"type": "Point", "coordinates": [9.36459638, 42.00313619]}, "properties": {"route": "D545", "pr": "FS", "abs": null, "label": "D545 PRFS"}}, {"type": "Feature", "geometry": {"type": "Point", "coordinates": [9.41494759, 42.28162075]}, "properties": {"route": "D117", "pr": "FS", "abs": null, "label": "D117 PRFS"}}, {"type": "Feature", "geometry": {"type": "Point", "coordinates": [8.99252319, 42.49403573]}, "properties": {"route": "D963", "pr": "FS", "abs": null, "label": "D963 PRFS"}}, {"type": "Feature", "geometry": {"type": "Point", "coordinates": [9.21918316, 42.26861689]}, "properties": {"route": "D40", "pr": "FS", "abs": null, "label": "D40 PRFS"}}, {"type": "Feature", "geometry": {"type": "Point", "coordinates": [9.2535185, 42.42073282]}, "properties": {"route": "D139", "pr": "FS", "abs": null, "label": "D139 PRFS"}}, {"type": "Feature", "geometry": {"type": "Point", "coordinates": [9.01893834, 42.33579662]}, "properties": {"route": "D218", "pr": "FS", "abs": null, "label": "D218 PRFS"}}, {"type": "Feature", "geometry": {"type": "Point", "coordinates": [8.68155124, 42.4115517]}, "properties": {"route": "D351", "pr": "FS", "abs": null, "label": "D351 PRFS"}}, {"type": "Feature", "geometry": {"type": "Point", "coordinates": [9.26431466, 41.92432496]}, "properties": {"route": "D645", "pr": "FS", "abs": null, "label": "D645 PRFS"}}, {"type": "Feature", "geometry": {"type": "Point", "coordinates": [9.32447918, 42.84539481]}, "properties": {"route": "D33BIS", "pr": "FS", "abs": null, "label": "D33BIS PRFS"}}, {"type": "Feature", "geometry": {"type": "Point", "coordinates": [9.2877542, 42.38227408]}, "properties": {"route": "D639", "pr": "FS", "abs": null, "label": "D639 PRFS"}}, {"type": "Feature", "geometry": {"type": "Point", "coordinates": [9.14253723, 42.603686]}, "properties": {"route": "D12", "pr": "FS", "abs": null, "label": "D12 PRFS"}}, {"type": "Feature", "geometry": {"type": "Point", "coordinates": [9.26077408, 42.36145018]}, "properties": {"route": "D239", "pr": "FS", "abs": null, "label": "D239 PRFS"}}, {"type": "Feature", "geometry": {"type": "Point", "coordinates": [9.40651459, 42.8971873]}, "properties": {"route": "D32", "pr": "FS", "abs": null, "label": "D32 PRFS"}}, {"type": "Feature", "geometry": {"type": "Point", "coordinates": [9.32579624, 42.62581129]}, "properties": {"route": "D262", "pr": "FS", "abs": null, "label": "D262 PRFS"}}, {"type": "Feature", "geometry": {"type": "Point", "coordinates": [9.00357682, 42.53959751]}, "properties": {"route": "D63", "pr": "FS", "abs": null, "label": "D63 PRFS"}}, {"type": "Feature", "geometry": {"type": "Point", "coordinates": [9.4663112, 42.55789836]}, "properties": {"route": "D207", "pr": "FS", "abs": null, "label": "D207 PRFS"}}, {"type": "Feature", "geometry": {"type": "Point", "coordinates": [9.35097066, 42.40138777]}, "properties": {"route": "D515", "pr": "FS", "abs": null, "label": "D515 PRFS"}}, {"type": "Feature", "geometry": {"type": "Point", "coordinates": [9.23862041, 42.28511411]}, "properties": {"route": "D41", "pr": "FS", "abs": null, "label": "D41 PRFS"}}, {"type": "Feature", "geometry": {"type": "Point", "coordinates": [9.487071, 42.47038032]}, "properties": {"route": "D106", "pr": "FS", "abs": null, "label": "D106 PRFS"}}, {"type": "Feature", "geometry": {"type": "Point", "coordinates": [9.34721222, 42.37635732]}, "properties": {"route": "D246", "pr": "FS", "abs": null, "label": "D246 PRFS"}}, {"type": "Feature", "geometry": {"type": "Point", "coordinates": [9.36212812, 42.08297231]}, "properties": {"route": "D343A", "pr": "FS", "abs": null, "label": "D343A PRFS"}}, {"type": "Feature", "geometry": {"type": "Point", "coordinates": [9.29730789, 42.05630882]}, "properties": {"route": "D244", "pr": "FS", "abs": null, "label": "D244 PRFS"}}, {"type": "Feature", "geometry": {"type": "Point", "coordinates": [9.28038546, 42.29271845]}, "properties": {"route": "D339", "pr": "FS", "abs": null, "label": "D339 PRFS"}}, {"type": "Feature", "geometry": {"type": "Point", "coordinates": [9.3177331, 42.82947763]}, "properties": {"route": "D33", "pr": "FS", "abs": null, "label": "D33 PRFS"}}, {"type": "Feature", "geometry": {"type": "Point", "coordinates": [9.41604833, 42.6586723]}, "properties": {"route": "D364", "pr": "FS", "abs": null, "label": "D364 PRFS"}}, {"type": "Feature", "geometry": {"type": "Point", "coordinates": [9.30138961, 42.6717494]}, "properties": {"route": "D82", "pr": "FS", "abs": null, "label": "D82 PRFS"}}, {"type": "Feature", "geometry": {"type": "Point", "coordinates": [9.373289, 42.26251592]}, "properties": {"route": "D216", "pr": "FS", "abs": null, "label": "D216 PRFS"}}, {"type": "Feature", "geometry": {"type": "Point", "coordinates": [8.95531135, 42.61597548]}, "properties": {"route": "D263", "pr": "FS", "abs": null, "label": "D263 PRFS"}}, {"type": "Feature", "geometry": {"type": "Point", "coordinates": [9.00882845, 42.51871079]}, "properties": {"route": "D563", "pr": "FS", "abs": null, "label": "D563 PRFS"}}, {"type": "Feature", "geometry": {"type": "Point", "coordinates": [9.16637617, 42.59518667]}, "properties": {"route": "D208", "pr": "FS", "abs": null, "label": "D208 PRFS"}}, {"type": "Feature", "geometry": {"type": "Point", "coordinates": [9.05151621, 42.52114231]}, "properties": {"route": "D463", "pr": "FS", "abs": null, "label": "D463 PRFS"}}, {"type": "Feature", "geometry": {"type": "Point", "coordinates": [9.04078788, 42.35025084]}, "properties": {"route": "D718", "pr": "FS", "abs": null, "label": "D718 PRFS"}}, {"type": "Feature", "geometry": {"type": "Point", "coordinates": [9.42208323, 42.68271999]}, "properties": {"route": "D564", "pr": "FS", "abs": null, "label": "D564 PRFS"}}, {"type": "Feature", "geometry": {"type": "Point", "coordinates": [9.36645064, 42.94452322]}, "properties": {"route": "D35", "pr": "FS", "abs": null, "label": "D35 PRFS"}}, {"type": "Feature", "geometry": {"type": "Point", "coordinates": [9.52206232, 42.52361691]}, "properties": {"route": "D237A", "pr": "FS", "abs": null, "label": "D237A PRFS"}}, {"type": "Feature", "geometry": {"type": "Point", "coordinates": [9.50756689, 42.52069077]}, "properties": {"route": "D137", "pr": "FS", "abs": null, "label": "D137 PRFS"}}, {"type": "Feature", "geometry": {"type": "Point", "coordinates": [9.02124895, 42.63865922]}, "properties": {"route": "D363", "pr": "FS", "abs": null, "label": "D363 PRFS"}}, {"type": "Feature", "geometry": {"type": "Point", "coordinates": [9.42893133, 42.08621066]}, "properties": {"route": "D443", "pr": "FS", "abs": null, "label": "D443 PRFS"}}, {"type": "Feature", "geometry": {"type": "Point", "coordinates": [9.5395317, 42.44905669]}, "properties": {"route": "D506A", "pr": "FS", "abs": null, "label": "D506A PRFS"}}, {"type": "Feature", "geometry": {"type": "Point", "coordinates": [9.29967632, 42.38653277]}, "properties": {"route": "D939A", "pr": "FS", "abs": null, "label": "D939A PRFS"}}, {"type": "Feature", "geometry": {"type": "Point", "coordinates": [8.92526241, 42.60649232]}, "properties": {"route": "D263", "pr": "FS", "abs": null, "label": "D263 PRFS"}}, {"type": "Feature", "geometry": {"type": "Point", "coordinates": [8.98104137, 42.56156526]}, "properties": {"route": "D663", "pr": "FS", "abs": null, "label": "D663 PRFS"}}, {"type": "Feature", "geometry": {"type": "Point", "coordinates": [9.37448879, 42.50659607]}, "properties": {"route": "D110", "pr": "FS", "abs": null, "label": "D110 PRFS"}}, {"type": "Feature", "geometry": {"type": "Point", "coordinates": [9.37175836, 42.76845963]}, "properties": {"route": "D433", "pr": "FS", "abs": null, "label": "D433 PRFS"}}, {"type": "Feature", "geometry": {"type": "Point", "coordinates": [9.40816137, 42.37066305]}, "properties": {"route": "D46", "pr": "FS", "abs": null, "label": "D46 PRFS"}}, {"type": "Feature", "geometry": {"type": "Point", "coordinates": [9.46179825, 42.74251247]}, "properties": {"route": "D31", "pr": "FS", "abs": null, "label": "D31 PRFS"}}, {"type": "Feature", "geometry": {"type": "Point", "coordinates": [9.43284038, 42.45330492]}, "properties": {"route": "D437", "pr": "FS", "abs": null, "label": "D437 PRFS"}}, {"type": "Feature", "geometry": {"type": "Point", "coordinates": [9.41383855, 42.4066025]}, "properties": {"route": "D136", "pr": "FS", "abs": null, "label": "D136 PRFS"}}, {"type": "Feature", "geometry": {"type": "Point", "coordinates": [9.2674098, 42.22170326]}, "properties": {"route": "D314", "pr": "FS", "abs": null, "label": "D314 PRFS"}}, {"type": "Feature", "geometry": {"type": "Point", "coordinates": [8.79534625, 42.36492386]}, "properties": {"route": "D351", "pr": "FS", "abs": null, "label": "D351 PRFS"}}, {"type": "Feature", "geometry": {"type": "Point", "coordinates": [9.11117932, 42.50353029]}, "properties": {"route": "D47", "pr": "FS", "abs": null, "label": "D47 PRFS"}}, {"type": "Feature", "geometry": {"type": "Point", "coordinates": [9.26913929, 41.98213007]}, "properties": {"route": "D245", "pr": "FS", "abs": null, "label": "D245 PRFS"}}, {"type": "Feature", "geometry": {"type": "Point", "coordinates": [9.36336923, 42.45172797]}, "properties": {"route": "D237", "pr": "FS", "abs": null, "label": "D237 PRFS"}}, {"type": "Feature", "geometry": {"type": "Point", "coordinates": [9.41965252, 42.44923503]}, "properties": {"route": "D6", "pr": "FS", "abs": null, "label": "D6 PRFS"}}, {"type": "Feature", "geometry": {"type": "Point", "coordinates": [9.20446425, 42.47011704]}, "properties": {"route": "D815", "pr": "FS", "abs": null, "label": "D815 PRFS"}}, {"type": "Feature", "geometry": {"type": "Point", "coordinates": [9.00278781, 42.34425149]}, "properties": {"route": "D218", "pr": "FS", "abs": null, "label": "D218 PRFS"}}, {"type": "Feature", "geometry": {"type": "Point", "coordinates": [8.98533219, 42.33112549]}, "properties": {"route": "D518", "pr": "FS", "abs": null, "label": "D518 PRFS"}}, {"type": "Feature", "geometry": {"type": "Point", "coordinates": [9.30612194, 42.09689334]}, "properties": {"route": "D344A", "pr": "FS", "abs": null, "label": "D344A PRFS"}}, {"type": "Feature", "geometry": {"type": "Point", "coordinates": [9.30139417, 42.67192682]}, "properties": {"route": "D81", "pr": "FS", "abs": null, "label": "D81 PRFS"}}, {"type": "Feature", "geometry": {"type": "Point", "coordinates": [8.90593903, 42.58981609]}, "properties": {"route": "D413", "pr": "FS", "abs": null, "label": "D413 PRFS"}}, {"type": "Feature", "geometry": {"type": "Point", "coordinates": [9.53999146, 42.31955637]}, "properties": {"route": "D71", "pr": "FS", "abs": null, "label": "D71 PRFS"}}, {"type": "Feature", "geometry": {"type": "Point", "coordinates": [9.47919716, 42.83646661]}, "properties": {"route": "D232", "pr": "FS", "abs": null, "label": "D232 PRFS"}}, {"type": "Feature", "geometry": {"type": "Point", "coordinates": [9.29942697, 42.27717075]}, "properties": {"route": "D439", "pr": "FS", "abs": null, "label": "D439 PRFS"}}, {"type": "Feature", "geometry": {"type": "Point", "coordinates": [9.48036377, 42.48370927]}, "properties": {"route": "D406", "pr": "FS", "abs": null, "label": "D406 PRFS"}}, {"type": "Feature", "geometry": {"type": "Point", "coordinates": [9.15604865, 42.30627247]}, "properties": {"route": "D39", "pr": "FS", "abs": null, "label": "D39 PRFS"}}, {"type": "Feature", "geometry": {"type": "Point", "coordinates": [9.48173238, 42.30866733]}, "properties": {"route": "D517", "pr": "FS", "abs": null, "label": "D517 PRFS"}}, {"type": "Feature", "geometry": {"type": "Point", "coordinates": [9.41501825, 41.95974239]}, "properties": {"route": "D745", "pr": "FS", "abs": null, "label": "D745 PRFS"}}, {"type": "Feature", "geometry": {"type": "Point", "coordinates": [9.43651709, 42.63011971]}, "properties": {"route": "D464", "pr": "FS", "abs": null, "label": "D464 PRFS"}}, {"type": "Feature", "geometry": {"type": "Point", "coordinates": [9.16421488, 42.35943705]}, "properties": {"route": "D18A", "pr": "FS", "abs": null, "label": "D18A PRFS"}}, {"type": "Feature", "geometry": {"type": "Point", "coordinates": [9.53327339, 42.47595937]}, "properties": {"route": "D106", "pr": "FS", "abs": null, "label": "D106 PRFS"}}, {"type": "Feature", "geometry": {"type": "Point", "coordinates": [9.40730495, 42.12347718]}, "properties": {"route": "D443A", "pr": "FS", "abs": null, "label": "D443A PRFS"}}, {"type": "Feature", "geometry": {"type": "Point", "coordinates": [9.24369285, 42.17884911]}, "properties": {"route": "D243", "pr": "FS", "abs": null, "label": "D243 PRFS"}}, {"type": "Feature", "geometry": {"type": "Point", "coordinates": [9.03943814, 42.23684611]}, "properties": {"route": "D623", "pr": "FS", "abs": null, "label": "D623 PRFS"}}, {"type": "Feature", "geometry": {"type": "Point", "coordinates": [9.36900544, 42.21453244]}, "properties": {"route": "D414", "pr": "FS", "abs": null, "label": "D414 PRFS"}}, {"type": "Feature", "geometry": {"type": "Point", "coordinates": [9.35091863, 42.48608337]}, "properties": {"route": "D15C", "pr": "FS", "abs": null, "label": "D15C PRFS"}}, {"type": "Feature", "geometry": {"type": "Point", "coordinates": [9.40308873, 41.99931271]}, "properties": {"route": "D244", "pr": "FS", "abs": null, "label": "D244 PRFS"}}, {"type": "Feature", "geometry": {"type": "Point", "coordinates": [9.48593957, 42.40196647]}, "properties": {"route": "D9", "pr": "FS", "abs": null, "label": "D9 PRFS"}}, {"type": "Feature", "geometry": {"type": "Point", "coordinates": [9.15069187, 42.07709826]}, "properties": {"route": "D169", "pr": "FS", "abs": null, "label": "D169 PRFS"}}, {"type": "Feature", "geometry": {"type": "Point", "coordinates": [9.19622461, 42.29025917]}, "properties": {"route": "D341", "pr": "FS", "abs": null, "label": "D341 PRFS"}}, {"type": "Feature", "geometry": {"type": "Point", "coordinates": [9.00702956, 42.63599171]}, "properties": {"route": "D113", "pr": "FS", "abs": null, "label": "D113 PRFS"}}, {"type": "Feature", "geometry": {"type": "Point", "coordinates": [9.54379545, 42.30452174]}, "properties": {"route": "D152", "pr": "FS", "abs": null, "label": "D152 PRFS"}}, {"type": "Feature", "geometry": {"type": "Point", "coordinates": [9.35812982, 42.0089221]}, "properties": {"route": "D345", "pr": "FS", "abs": null, "label": "D345 PRFS"}}, {"type": "Feature", "geometry": {"type": "Point", "coordinates": [9.30148209, 42.32145205]}, "properties": {"route": "D441", "pr": "FS", "abs": null, "label": "D441 PRFS"}}, {"type": "Feature", "geometry": {"type": "Point", "coordinates": [9.38277179, 42.67711638]}, "properties": {"route": "D38", "pr": "FS", "abs": null, "label": "D38 PRFS"}}, {"type": "Feature", "geometry": {"type": "Point", "coordinates": [8.96771138, 42.59776022]}, "properties": {"route": "D113", "pr": "FS", "abs": null, "label": "D113 PRFS"}}, {"type": "Feature", "geometry": {"type": "Point", "coordinates": [9.47720375, 42.37741666]}, "properties": {"route": "D209", "pr": "FS", "abs": null, "label": "D209 PRFS"}}, {"type": "Feature", "geometry": {"type": "Point", "coordinates": [9.1544896, 42.15354428]}, "properties": {"route": "D23", "pr": "FS", "abs": null, "label": "D23 PRFS"}}, {"type": "Feature", "geometry": {"type": "Point", "coordinates": [9.44320586, 42.87664455]}, "properties": {"route": "D432", "pr": "FS", "abs": null, "label": "D432 PRFS"}}, {"type": "Feature", "geometry": {"type": "Point", "coordinates": [9.34579989, 42.27600768]}, "properties": {"route": "D116", "pr": "FS", "abs": null, "label": "D116 PRFS"}}, {"type": "Feature", "geometry": {"type": "Point", "coordinates": [9.36520924, 42.70089474]}, "properties": {"route": "D333", "pr": "FS", "abs": null, "label": "D333 PRFS"}}, {"type": "Feature", "geometry": {"type": "Point", "coordinates": [9.52416034, 42.55201894]}, "properties": {"route": "D107", "pr": "FS", "abs": null, "label": "D107 PRFS"}}, {"type": "Feature", "geometry": {"type": "Point", "coordinates": [9.403647, 42.52282242]}, "properties": {"route": "D607", "pr": "FS", "abs": null, "label": "D607 PRFS"}}, {"type": "Feature", "geometry": {"type": "Point", "coordinates": [9.367902, 42.37471915]}, "properties": {"route": "D506", "pr": "FS", "abs": null, "label": "D506 PRFS"}}, {"type": "Feature", "geometry": {"type": "Point", "coordinates": [9.43176451, 42.42588034]}, "properties": {"route": "D236", "pr": "FS", "abs": null, "label": "D236 PRFS"}}, {"type": "Feature", "geometry": {"type": "Point", "coordinates": [9.37468471, 42.50839891]}, "properties": {"route": "D15", "pr": "FS", "abs": null, "label": "D15 PRFS"}}, {"type": "Feature", "geometry": {"type": "Point", "coordinates": [9.49597554, 42.46396998]}, "properties": {"route": "D506B", "pr": "FS", "abs": null, "label": "D506B PRFS"}}, {"type": "Feature", "geometry": {"type": "Point", "coordinates": [9.25855536, 41.96184087]}, "properties": {"route": "D445", "pr": "FS", "abs": null, "label": "D445 PRFS"}}, {"type": "Feature", "geometry": {"type": "Point", "coordinates": [8.91158337, 42.33797015]}, "properties": {"route": "D318", "pr": "FS", "abs": null, "label": "D318 PRFS"}}, {"type": "Feature", "geometry": {"type": "Point", "coordinates": [9.19227886, 42.38096578]}, "properties": {"route": "D818", "pr": "FS", "abs": null, "label": "D818 PRFS"}}, {"type": "Feature", "geometry": {"type": "Point", "coordinates": [9.37449928, 42.34901369]}, "properties": {"route": "D146", "pr": "FS", "abs": null, "label": "D146 PRFS"}}, {"type": "Feature", "geometry": {"type": "Point", "coordinates": [9.36711574, 42.42213947]}, "properties": {"route": "D336", "pr": "FS", "abs": null, "label": "D336 PRFS"}}, {"type": "Feature", "geometry": {"type": "Point", "coordinates": [9.37152754, 42.0033304]}, "properties": {"route": "D244", "pr": "FS", "abs": null, "label": "D244 PRFS"}}, {"type": "Feature", "geometry": {"type": "Point", "coordinates": [9.3610004, 42.45071982]}, "properties": {"route": "D505", "pr": "FS", "abs": null, "label": "D505 PRFS"}}, {"type": "Feature", "geometry": {"type": "Point", "coordinates": [9.45911655, 42.29371694]}, "properties": {"route": "D17", "pr": "FS", "abs": null, "label": "D17 PRFS"}}, {"type": "Feature", "geometry": {"type": "Point", "coordinates": [9.47715992, 42.54862357]}, "properties": {"route": "D507", "pr": "FS", "abs": null, "label": "D507 PRFS"}}, {"type": "Feature", "geometry": {"type": "Point", "coordinates": [9.35728132, 42.64153727]}, "properties": {"route": "D238", "pr": "FS", "abs": null, "label": "D238 PRFS"}}, {"type": "Feature", "geometry": {"type": "Point", "coordinates": [9.32493014, 42.01100773]}, "properties": {"route": "D45", "pr": "FS", "abs": null, "label": "D45 PRFS"}}, {"type": "Feature", "geometry": {"type": "Point", "coordinates": [9.3882858, 42.46314999]}, "properties": {"route": "D10A", "pr": "FS", "abs": null, "label": "D10A PRFS"}}, {"type": "Feature", "geometry": {"type": "Point", "coordinates": [9.0717141, 42.25778929]}, "properties": {"route": "D623", "pr": "FS", "abs": null, "label": "D623 PRFS"}}, {"type": "Feature", "geometry": {"type": "Point", "coordinates": [9.24734319, 42.31045313]}, "properties": {"route": "D241", "pr": "FS", "abs": null, "label": "D241 PRFS"}}, {"type": "Feature", "geometry": {"type": "Point", "coordinates": [9.02659083, 42.52839648]}, "properties": {"route": "D863", "pr": "FS", "abs": null, "label": "D863 PRFS"}}, {"type": "Feature", "geometry": {"type": "Point", "coordinates": [9.18959686, 42.25261963]}, "properties": {"route": "D140", "pr": "FS", "abs": null, "label": "D140 PRFS"}}, {"type": "Feature", "geometry": {"type": "Point", "coordinates": [9.25690118, 42.38804768]}, "properties": {"route": "D239", "pr": "FS", "abs": null, "label": "D239 PRFS"}}, {"type": "Feature", "geometry": {"type": "Point", "coordinates": [9.48843002, 42.33096999]}, "properties": {"route": "D252", "pr": "FS", "abs": null, "label": "D252 PRFS"}}, {"type": "Feature", "geometry": {"type": "Point", "coordinates": [8.75604379, 42.5656918]}, "properties": {"route": "D81B", "pr": "FS", "abs": null, "label": "D81B PRFS"}}, {"type": "Feature", "geometry": {"type": "Point", "coordinates": [9.2327199, 42.41333841]}, "properties": {"route": "D239A", "pr": "FS", "abs": null, "label": "D239A PRFS"}}, {"type": "Feature", "geometry": {"type": "Point", "coordinates": [9.28339069, 42.26188444]}, "properties": {"route": "D16", "pr": "FS", "abs": null, "label": "D16 PRFS"}}, {"type": "Feature", "geometry": {"type": "Point", "coordinates": [8.73374773, 42.42739546]}, "properties": {"route": "D351B", "pr": "FS", "abs": null, "label": "D351B PRFS"}}, {"type": "Feature", "geometry": {"type": "Point", "coordinates": [9.47137038, 42.28920282]}, "properties": {"route": "D142", "pr": "FS", "abs": null, "label": "D142 PRFS"}}, {"type": "Feature", "geometry": {"type": "Point", "coordinates": [9.33830712, 42.42253749]}, "properties": {"route": "D205", "pr": "FS", "abs": null, "label": "D205 PRFS"}}, {"type": "Feature", "geometry": {"type": "Point", "coordinates": [9.45753655, 42.00440218]}, "properties": {"route": "D144", "pr": "FS", "abs": null, "label": "D144 PRFS"}}, {"type": "Feature", "geometry": {"type": "Point", "coordinates": [9.53482334, 42.2032525]}, "properties": {"route": "D617", "pr": "FS", "abs": null, "label": "D617 PRFS"}}, {"type": "Feature", "geometry": {"type": "Point", "coordinates": [9.43342483, 42.70270684]}, "properties": {"route": "D164", "pr": "FS", "abs": null, "label": "D164 PRFS"}}, {"type": "Feature", "geometry": {"type": "Point", "coordinates": [9.44876289, 42.54438931]}, "properties": {"route": "D210", "pr": "FS", "abs": null, "label": "D210 PRFS"}}, {"type": "Feature", "geometry": {"type": "Point", "coordinates": [9.35942537, 42.60039034]}, "properties": {"route": "D5", "pr": "FS", "abs": null, "label": "D5 PRFS"}}, {"type": "Feature", "geometry": {"type": "Point", "coordinates": [9.16782549, 42.51841827]}, "properties": {"route": "D8", "pr": "FS", "abs": null, "label": "D8 PRFS"}}, {"type": "Feature", "geometry": {"type": "Point", "coordinates": [9.51515399, 42.10483862]}, "properties": {"route": "D43", "pr": "FS", "abs": null, "label": "D43 PRFS"}}, {"type": "Feature", "geometry": {"type": "Point", "coordinates": [9.42634452, 42.04619638]}, "properties": {"route": "D444", "pr": "FS", "abs": null, "label": "D444 PRFS"}}, {"type": "Feature", "geometry": {"type": "Point", "coordinates": [9.52257364, 42.43236732]}, "properties": {"route": "D30", "pr": "FS", "abs": null, "label": "D30 PRFS"}}, {"type": "Feature", "geometry": {"type": "Point", "coordinates": [9.35680789, 42.62742264]}, "properties": {"route": "D138", "pr": "FS", "abs": null, "label": "D138 PRFS"}}, {"type": "Feature", "geometry": {"type": "Point", "coordinates": [9.30250241, 42.68057247]}, "properties": {"route": "D238", "pr": "FS", "abs": null, "label": "D238 PRFS"}}, {"type": "Feature", "geometry": {"type": "Point", "coordinates": [9.28465963, 42.00424001]}, "properties": {"route": "D44", "pr": "FS", "abs": null, "label": "D44 PRFS"}}, {"type": "Feature", "geometry": {"type": "Point", "coordinates": [9.1963348, 42.48007266]}, "properties": {"route": "D47", "pr": "FS", "abs": null, "label": "D47 PRFS"}}, {"type": "Feature", "geometry": {"type": "Point", "coordinates": [9.50549542, 42.14999605]}, "properties": {"route": "D16", "pr": "FS", "abs": null, "label": "D16 PRFS"}}, {"type": "Feature", "geometry": {"type": "Point", "coordinates": [9.43621164, 42.59309579]}, "properties": {"route": "D82", "pr": "FS", "abs": null, "label": "D82 PRFS"}}, {"type": "Feature", "geometry": {"type": "Point", "coordinates": [9.3728531, 42.59882486]}, "properties": {"route": "D305", "pr": "FS", "abs": null, "label": "D305 PRFS"}}, {"type": "Feature", "geometry": {"type": "Point", "coordinates": [9.43656239, 42.62020545]}, "properties": {"route": "D62", "pr": "FS", "abs": null, "label": "D62 PRFS"}}, {"type": "Feature", "geometry": {"type": "Point", "coordinates": [9.44211436, 42.67089505]}, "properties": {"route": "D464", "pr": "FS", "abs": null, "label": "D464 PRFS"}}, {"type": "Feature", "geometry": {"type": "Point", "coordinates": [9.44072703, 42.5621761]}, "properties": {"route": "D7", "pr": "FS", "abs": null, "label": "D7 PRFS"}}, {"type": "Feature", "geometry": {"type": "Point", "coordinates": [9.44259435, 42.67133247]}, "properties": {"route": "D464", "pr": "DS", "abs": null, "label": "D464 PRDS"}}, {"type": "Feature", "geometry": {"type": "Point", "coordinates": [9.48441346, 42.08260278]}, "properties": {"route": "D343", "pr": "DS", "abs": null, "label": "D343 PRDS"}}, {"type": "Feature", "geometry": {"type": "Point", "coordinates": [9.09824155, 42.64720454]}, "properties": {"route": "D81", "pr": "DS", "abs": null, "label": "D81 PRDS (G)"}}, {"type": "Feature", "geometry": {"type": "Point", "coordinates": [8.99875521, 42.52911615]}, "properties": {"route": "D63A", "pr": "DS", "abs": null, "label": "D63A PRDS"}}, {"type": "Feature", "geometry": {"type": "Point", "coordinates": [9.47136799, 42.50873098]}, "properties": {"route": "D137", "pr": "FS", "abs": null, "label": "D137 PRFS (G)"}}, {"type": "Feature", "geometry": {"type": "Point", "coordinates": [9.47136799, 42.50873098]}, "properties": {"route": "D137", "pr": "DS", "abs": null, "label": "D137 PRDS"}}, {"type": "Feature", "geometry": {"type": "Point", "coordinates": [9.37126085, 42.00330051]}, "properties": {"route": "D145", "pr": "DS", "abs": null, "label": "D145 PRDS"}}, {"type": "Feature", "geometry": {"type": "Point", "coordinates": [9.44289975, 42.67102176]}, "properties": {"route": "D464", "pr": "DS", "abs": null, "label": "D464 PRDS"}}, {"type": "Feature", "geometry": {"type": "Point", "coordinates": [9.39053727, 42.40901837]}, "properties": {"route": "D36", "pr": "DS", "abs": null, "label": "D36 PRDS"}}, {"type": "Feature", "geometry": {"type": "Point", "coordinates": [9.43621164, 42.59309579]}, "properties": {"route": "D82", "pr": "FS", "abs": null, "label": "D82 PRFS"}}, {"type": "Feature", "geometry": {"type": "Point", "coordinates": [9.43621164, 42.59309579]}, "properties": {"route": "D82", "pr": "DS", "abs": 0, "label": "D82 PRDS"}}, {"type": "Feature", "geometry": {"type": "Point", "coordinates": [9.16455475, 42.57715417]}, "properties": {"route": "D108", "pr": "DS", "abs": null, "label": "D108 PRDS"}}, {"type": "Feature", "geometry": {"type": "Point", "coordinates": [8.93634969, 42.63717706]}, "properties": {"route": "D81A", "pr": "FS", "abs": null, "label": "D81A PRFS"}}, {"type": "Feature", "geometry": {"type": "Point", "coordinates": [8.93634969, 42.63717706]}, "properties": {"route": "D81A", "pr": "DS", "abs": null, "label": "D81A PRDS"}}, {"type": "Feature", "geometry": {"type": "Point", "coordinates": [9.44876289, 42.54438931]}, "properties": {"route": "D210", "pr": "FS", "abs": null, "label": "D210 PRFS"}}, {"type": "Feature", "geometry": {"type": "Point", "coordinates": [9.44876289, 42.54438931]}, "properties": {"route": "D210", "pr": "DS", "abs": null, "label": "D210 PRDS"}}, {"type": "Feature", "geometry": {"type": "Point", "coordinates": [9.47715992, 42.54862357]}, "properties": {"route": "D507", "pr": "FS", "abs": null, "label": "D507 PRFS"}}, {"type": "Feature", "geometry": {"type": "Point", "coordinates": [9.47715992, 42.54862357]}, "properties": {"route": "D507", "pr": "DS", "abs": null, "label": "D507 PRDS"}}, {"type": "Feature", "geometry": {"type": "Point", "coordinates": [9.47076976, 42.50817385]}, "properties": {"route": "D137", "pr": "DS", "abs": null, "label": "D137 PRDS (G)"}}, {"type": "Feature", "geometry": {"type": "Point", "coordinates": [9.44211436, 42.67089505]}, "properties": {"route": "D464", "pr": "FS", "abs": null, "label": "D464 PRFS"}}, {"type": "Feature", "geometry": {"type": "Point", "coordinates": [9.44211436, 42.67089505]}, "properties": {"route": "D464", "pr": "DS", "abs": 0, "label": "D464 PRDS"}}, {"type": "Feature", "geometry": {"type": "Point", "coordinates": [9.4384606, 42.67227552]}, "properties": {"route": "D464", "pr": "DS", "abs": null, "label": "D464 PRDS (G)"}}, {"type": "Feature", "geometry": {"type": "Point", "coordinates": [9.48469005, 42.08229101]}, "properties": {"route": "D343", "pr": "DS", "abs": null, "label": "D343 PRDS"}}, {"type": "Feature", "geometry": {"type": "Point", "coordinates": [9.43794817, 42.67484576]}, "properties": {"route": "D464", "pr": "DS", "abs": null, "label": "D464 PRDS (G)"}}, {"type": "Feature", "geometry": {"type": "Point", "coordinates": [9.44211436, 42.67089505]}, "properties": {"route": "D464", "pr": "FS", "abs": null, "label": "D464 PRFS (G)"}}, {"type": "Feature", "geometry": {"type": "Point", "coordinates": [9.43840662, 42.67229591]}, "properties": {"route": "D464", "pr": "DS", "abs": null, "label": "D464 PRDS (G)"}}, {"type": "Feature", "geometry": {"type": "Point", "coordinates": [9.17695857, 42.34007466]}, "properties": {"route": "D41", "pr": "DS", "abs": null, "label": "D41 PRDS (G)"}}, {"type": "Feature", "geometry": {"type": "Point", "coordinates": [9.37785592, 42.4519752]}, "properties": {"route": "D10", "pr": "DS", "abs": null, "label": "D10 PRDS"}}, {"type": "Feature", "geometry": {"type": "Point", "coordinates": [9.3513024, 42.69796828]}, "properties": {"route": "D80", "pr": "DS", "abs": null, "label": "D80 PRDS"}}, {"type": "Feature", "geometry": {"type": "Point", "coordinates": [9.50549542, 42.14999605]}, "properties": {"route": "D16", "pr": "FS", "abs": null, "label": "D16 PRFS"}}, {"type": "Feature", "geometry": {"type": "Point", "coordinates": [9.50549542, 42.14999605]}, "properties": {"route": "D16", "pr": "DS", "abs": 0, "label": "D16 PRDS"}}, {"type": "Feature", "geometry": {"type": "Point", "coordinates": [9.41594824, 42.3398117]}, "properties": {"route": "D71C", "pr": "DS", "abs": null, "label": "D71C PRDS"}}, {"type": "Feature", "geometry": {"type": "Point", "coordinates": [9.1963348, 42.48007266]}, "properties": {"route": "D47", "pr": "DS", "abs": 0, "label": "D47 PRDS"}}, {"type": "Feature", "geometry": {"type": "Point", "coordinates": [9.34304218, 42.4553856]}, "properties": {"route": "D15D", "pr": "DS", "abs": null, "label": "D15D PRDS"}}, {"type": "Feature", "geometry": {"type": "Point", "coordinates": [9.28754548, 42.04028518]}, "properties": {"route": "D44B", "pr": "DS", "abs": null, "label": "D44B PRDS"}}, {"type": "Feature", "geometry": {"type": "Point", "coordinates": [9.48009179, 42.54621465]}, "properties": {"route": "D107A", "pr": "DS", "abs": null, "label": "D107A PRDS"}}, {"type": "Feature", "geometry": {"type": "Point", "coordinates": [8.97557799, 42.55832218]}, "properties": {"route": "D63A", "pr": "DS", "abs": null, "label": "D63A PRDS"}}, {"type": "Feature", "geometry": {"type": "Point", "coordinates": [9.41762635, 42.34742394]}, "properties": {"route": "D71B", "pr": "DS", "abs": null, "label": "D71B PRDS"}}, {"type": "Feature", "geometry": {"type": "Point", "coordinates": [9.45726829, 42.53657358]}, "properties": {"route": "D10", "pr": "DS", "abs": null, "label": "D10 PRDS"}}, {"type": "Feature", "geometry": {"type": "Point", "coordinates": [9.15262694, 42.57609195]}, "properties": {"route": "D108", "pr": "DS", "abs": null, "label": "D108 PRDS"}}, {"type": "Feature", "geometry": {"type": "Point", "coordinates": [8.64758267, 42.40969556]}, "properties": {"route": "D351A", "pr": "DS", "abs": null, "label": "D351A PRDS"}}, {"type": "Feature", "geometry": {"type": "Point", "coordinates": [9.03047279, 42.22878129]}, "properties": {"route": "D623", "pr": "DS", "abs": null, "label": "D623 PRDS"}}, {"type": "Feature", "geometry": {"type": "Point", "coordinates": [9.03024199, 42.45016671]}, "properties": {"route": "D147A", "pr": "DS", "abs": null, "label": "D147A PRDS"}}, {"type": "Feature", "geometry": {"type": "Point", "coordinates": [9.48140556, 42.11371218]}, "properties": {"route": "D43A", "pr": "DS", "abs": null, "label": "D43A PRDS"}}, {"type": "Feature", "geometry": {"type": "Point", "coordinates": [9.3728531, 42.59882486]}, "properties": {"route": "D305", "pr": "DS", "abs": 0, "label": "D305 PRDS"}}, {"type": "Feature", "geometry": {"type": "Point", "coordinates": [9.463283, 42.50529943]}, "properties": {"route": "D137", "pr": "DS", "abs": null, "label": "D137 PRDS"}}, {"type": "Feature", "geometry": {"type": "Point", "coordinates": [9.31395444, 42.82988188]}, "properties": {"route": "D33", "pr": "DS", "abs": null, "label": "D33 PRDS"}}, {"type": "Feature", "geometry": {"type": "Point", "coordinates": [9.3692948, 42.37361761]}, "properties": {"route": "D506C", "pr": "DS", "abs": null, "label": "D506C PRDS"}}, {"type": "Feature", "geometry": {"type": "Point", "coordinates": [9.2885121, 42.41374151]}, "properties": {"route": "D739", "pr": "DS", "abs": null, "label": "D739 PRDS"}}, {"type": "Feature", "geometry": {"type": "Point", "coordinates": [9.43272781, 42.95241808]}, "properties": {"route": "D453", "pr": "DS", "abs": null, "label": "D453 PRDS"}}, {"type": "Feature", "geometry": {"type": "Point", "coordinates": [9.18848597, 42.3786929]}, "properties": {"route": "D818", "pr": "DS", "abs": null, "label": "D818 PRDS"}}, {"type": "Feature", "geometry": {"type": "Point", "coordinates": [9.45154561, 42.54986722]}, "properties": {"route": "D210", "pr": "DS", "abs": null, "label": "D210 PRDS"}}, {"type": "Feature", "geometry": {"type": "Point", "coordinates": [9.40412713, 42.01449805]}, "properties": {"route": "D144", "pr": "DS", "abs": null, "label": "D144 PRDS"}}, {"type": "Feature", "geometry": {"type": "Point", "coordinates": [9.43656239, 42.62020545]}, "properties": {"route": "D62", "pr": "DS", "abs": 0, "label": "D62 PRDS"}}, {"type": "Feature", "geometry": {"type": "Point", "coordinates": [9.44072703, 42.5621761]}, "properties": {"route": "D7", "pr": "DS", "abs": 0, "label": "D7 PRDS"}}, {"type": "Feature", "geometry": {"type": "Point", "coordinates": [9.39061791, 42.27968058]}, "properties": {"route": "D16A", "pr": "DS", "abs": null, "label": "D16A PRDS"}}, {"type": "Feature", "geometry": {"type": "Point", "coordinates": [9.4043021, 42.44731036]}, "properties": {"route": "D537", "pr": "DS", "abs": null, "label": "D537 PRDS"}}, {"type": "Feature", "geometry": {"type": "Point", "coordinates": [9.1129031, 42.48575418]}, "properties": {"route": "D347", "pr": "DS", "abs": null, "label": "D347 PRDS"}}, {"type": "Feature", "geometry": {"type": "Point", "coordinates": [8.90537059, 42.58886671]}, "properties": {"route": "D413A", "pr": "DS", "abs": null, "label": "D413A PRDS"}}, {"type": "Feature", "geometry": {"type": "Point", "coordinates": [9.45246534, 42.78277241]}, "properties": {"route": "D254", "pr": "DS", "abs": null, "label": "D254 PRDS"}}, {"type": "Feature", "geometry": {"type": "Point", "coordinates": [9.15213147, 42.57676076]}, "properties": {"route": "D108", "pr": "DS", "abs": null, "label": "D108 PRDS"}}, {"type": "Feature", "geometry": {"type": "Point", "coordinates": [9.04454713, 42.59581239]}, "properties": {"route": "D163", "pr": "DS", "abs": null, "label": "D163 PRDS"}}, {"type": "Feature", "geometry": {"type": "Point", "coordinates": [9.4082322, 42.44979908]}, "properties": {"route": "D637", "pr": "DS", "abs": null, "label": "D637 PRDS"}}, {"type": "Feature", "geometry": {"type": "Point", "coordinates": [9.47667381, 42.31479171]}, "properties": {"route": "D352", "pr": "DS", "abs": null, "label": "D352 PRDS"}}, {"type": "Feature", "geometry": {"type": "Point", "coordinates": [9.5150356, 42.31821222]}, "properties": {"route": "D552", "pr": "DS", "abs": null, "label": "D552 PRDS"}}, {"type": "Feature", "geometry": {"type": "Point", "coordinates": [9.34838401, 42.86521036]}, "properties": {"route": "D133", "pr": "DS", "abs": null, "label": "D133 PRDS"}}, {"type": "Feature", "geometry": {"type": "Point", "coordinates": [9.38218021, 42.34733783]}, "properties": {"route": "D717", "pr": "DS", "abs": null, "label": "D717 PRDS"}}, {"type": "Feature", "geometry": {"type": "Point", "coordinates": [9.27780499, 42.04889772]}, "properties": {"route": "D44A", "pr": "DS", "abs": null, "label": "D44A PRDS"}}, {"type": "Feature", "geometry": {"type": "Point", "coordinates": [9.32481134, 42.01099321]}, "properties": {"route": "D45", "pr": "DS", "abs": null, "label": "D45 PRDS"}}, {"type": "Feature", "geometry": {"type": "Point", "coordinates": [9.39217091, 41.89370611]}, "properties": {"route": "D845", "pr": "DS", "abs": null, "label": "D845 PRDS"}}, {"type": "Feature", "geometry": {"type": "Point", "coordinates": [9.45840133, 42.29490659]}, "properties": {"route": "D17", "pr": "DS", "abs": null, "label": "D17 PRDS"}}, {"type": "Feature", "geometry": {"type": "Point", "coordinates": [9.47138597, 42.4944312]}, "properties": {"route": "D37", "pr": "DS", "abs": null, "label": "D37 PRDS"}}, {"type": "Feature", "geometry": {"type": "Point", "coordinates": [8.92319352, 42.62765153]}, "properties": {"route": "D513", "pr": "DS", "abs": null, "label": "D513 PRDS"}}, {"type": "Feature", "geometry": {"type": "Point", "coordinates": [9.47752928, 42.4287051]}, "properties": {"route": "D330", "pr": "DS", "abs": null, "label": "D330 PRDS"}}, {"type": "Feature", "geometry": {"type": "Point", "coordinates": [9.17424887, 42.44157796]}, "properties": {"route": "D418", "pr": "DS", "abs": null, "label": "D418 PRDS"}}, {"type": "Feature", "geometry": {"type": "Point", "coordinates": [9.45695849, 42.35332399]}, "properties": {"route": "D34", "pr": "DS", "abs": null, "label": "D34 PRDS"}}, {"type": "Feature", "geometry": {"type": "Point", "coordinates": [9.41281686, 42.95518213]}, "properties": {"route": "D53A", "pr": "DS", "abs": null, "label": "D53A PRDS"}}, {"type": "Feature", "geometry": {"type": "Point", "coordinates": [9.39827711, 42.36753442]}, "properties": {"route": "D46", "pr": "DS", "abs": null, "label": "D46 PRDS"}}, {"type": "Feature", "geometry": {"type": "Point", "coordinates": [9.4280198, 42.67998314]}, "properties": {"route": "D264", "pr": "DS", "abs": null, "label": "D264 PRDS"}}, {"type": "Feature", "geometry": {"type": "Point", "coordinates": [8.83174332, 42.58308789]}, "properties": {"route": "D71", "pr": "DS", "abs": null, "label": "D71 PRDS"}}, {"type": "Feature", "geometry": {"type": "Point", "coordinates": [8.93866204, 42.6316569]}, "properties": {"route": "D13", "pr": "DS", "abs": null, "label": "D13 PRDS"}}, {"type": "Feature", "geometry": {"type": "Point", "coordinates": [9.19481885, 42.02827902]}, "properties": {"route": "D69", "pr": "DS", "abs": null, "label": "D69 PRDS"}}, {"type": "Feature", "geometry": {"type": "Point", "coordinates": [9.52331479, 42.43107899]}, "properties": {"route": "D30", "pr": "DS", "abs": null, "label": "D30 PRDS"}}, {"type": "Feature", "geometry": {"type": "Point", "coordinates": [9.48042328, 42.4833566]}, "properties": {"route": "D406", "pr": "DS", "abs": null, "label": "D406 PRDS"}}, {"type": "Feature", "geometry": {"type": "Point", "coordinates": [9.55015131, 42.27772491]}, "properties": {"route": "D52", "pr": "DS", "abs": null, "label": "D52 PRDS"}}, {"type": "Feature", "geometry": {"type": "Point", "coordinates": [9.37199212, 42.50748502]}, "properties": {"route": "D15", "pr": "DS", "abs": null, "label": "D15 PRDS"}}, {"type": "Feature", "geometry": {"type": "Point", "coordinates": [9.30729499, 42.29527992]}, "properties": {"route": "D539", "pr": "DS", "abs": null, "label": "D539 PRDS"}}, {"type": "Feature", "geometry": {"type": "Point", "coordinates": [8.87852782, 42.29032304]}, "properties": {"route": "D84", "pr": "DS", "abs": null, "label": "D84 PRDS"}}, {"type": "Feature", "geometry": {"type": "Point", "coordinates": [9.25836425, 42.38896599]}, "properties": {"route": "D139", "pr": "DS", "abs": null, "label": "D139 PRDS"}}, {"type": "Feature", "geometry": {"type": "Point", "coordinates": [8.9221212, 42.626832]}, "properties": {"route": "D151", "pr": "DS", "abs": null, "label": "D151 PRDS"}}, {"type": "Feature", "geometry": {"type": "Point", "coordinates": [9.33823585, 42.81268357]}, "properties": {"route": "D233", "pr": "DS", "abs": null, "label": "D233 PRDS"}}, {"type": "Feature", "geometry": {"type": "Point", "coordinates": [9.13981328, 42.38308617]}, "properties": {"route": "D84", "pr": "DS", "abs": null, "label": "D84 PRDS"}}, {"type": "Feature", "geometry": {"type": "Point", "coordinates": [9.30128627, 42.67193499]}, "properties": {"route": "D81", "pr": "DS", "abs": null, "label": "D81 PRDS"}}, {"type": "Feature", "geometry": {"type": "Point", "coordinates": [9.35125427, 42.69753908]}, "properties": {"route": "D81", "pr": "DS", "abs": null, "label": "D81 PRDS"}}, {"type": "Feature", "geometry": {"type": "Point", "coordinates": [8.64836745, 42.36392353]}, "properties": {"route": "D81", "pr": "DS", "abs": null, "label": "D81 PRDS"}}, {"type": "Feature", "geometry": {"type": "Point", "coordinates": [9.38340816, 41.9169079]}, "properties": {"route": "D545", "pr": "DS", "abs": null, "label": "D545 PRDS"}}, {"type": "Feature", "geometry": {"type": "Point", "coordinates": [9.18528331, 42.25681244]}, "properties": {"route": "D40", "pr": "DS", "abs": null, "label": "D40 PRDS"}}, {"type": "Feature", "geometry": {"type": "Point", "coordinates": [9.36610224, 42.94464946]}, "properties": {"route": "D35", "pr": "DS", "abs": null, "label": "D35 PRDS"}}, {"type": "Feature", "geometry": {"type": "Point", "coordinates": [9.36788919, 42.95963154]}, "properties": {"route": "D35", "pr": "DS", "abs": null, "label": "D35 PRDS"}}, {"type": "Feature", "geometry": {"type": "Point", "coordinates": [9.25710752, 42.38542075]}, "properties": {"route": "D239", "pr": "DS", "abs": null, "label": "D239 PRDS"}}, {"type": "Feature", "geometry": {"type": "Point", "coordinates": [9.44134276, 42.5623265]}, "properties": {"route": "D207", "pr": "DS", "abs": null, "label": "D207 PRDS"}}, {"type": "Feature", "geometry": {"type": "Point", "coordinates": [9.37118975, 42.00353645]}, "properties": {"route": "D244", "pr": "DS", "abs": null, "label": "D244 PRDS"}}, {"type": "Feature", "geometry": {"type": "Point", "coordinates": [9.35422268, 42.90704714]}, "properties": {"route": "D33", "pr": "DS", "abs": null, "label": "D33 PRDS"}}, {"type": "Feature", "geometry": {"type": "Point", "coordinates": [9.4409791, 42.65441329]}, "properties": {"route": "D364", "pr": "DS", "abs": null, "label": "D364 PRDS"}}, {"type": "Feature", "geometry": {"type": "Point", "coordinates": [9.35950654, 42.60064165]}, "properties": {"route": "D82", "pr": "DS", "abs": null, "label": "D82 PRDS"}}, {"type": "Feature", "geometry": {"type": "Point", "coordinates": [8.93031307, 42.60431572]}, "properties": {"route": "D263", "pr": "DS", "abs": null, "label": "D263 PRDS"}}, {"type": "Feature", "geometry": {"type": "Point", "coordinates": [9.45714413, 42.50821536]}, "properties": {"route": "D237A", "pr": "DS", "abs": null, "label": "D237A PRDS"}}, {"type": "Feature", "geometry": {"type": "Point", "coordinates": [9.38938952, 42.39722885]}, "properties": {"route": "D46", "pr": "DS", "abs": null, "label": "D46 PRDS"}}, {"type": "Feature", "geometry": {"type": "Point", "coordinates": [8.69768976, 42.40182082]}, "properties": {"route": "D351", "pr": "DS", "abs": null, "label": "D351 PRDS"}}, {"type": "Feature", "geometry": {"type": "Point", "coordinates": [9.45699277, 42.50794945]}, "properties": {"route": "D237", "pr": "DS", "abs": null, "label": "D237 PRDS"}}, {"type": "Feature", "geometry": {"type": "Point", "coordinates": [9.42141898, 42.74666977]}, "properties": {"route": "D431", "pr": "DS", "abs": null, "label": "D431 PRDS"}}, {"type": "Feature", "geometry": {"type": "Point", "coordinates": [9.00707731, 42.33329158]}, "properties": {"route": "D218", "pr": "DS", "abs": null, "label": "D218 PRDS"}}, {"type": "Feature", "geometry": {"type": "Point", "coordinates": [9.47098682, 42.40041837]}, "properties": {"route": "D430", "pr": "DS", "abs": null, "label": "D430 PRDS"}}, {"type": "Feature", "geometry": {"type": "Point", "coordinates": [9.39812202, 41.96814368]}, "properties": {"route": "D745", "pr": "DS", "abs": null, "label": "D745 PRDS"}}, {"type": "Feature", "geometry": {"type": "Point", "coordinates": [9.43151159, 42.65652308]}, "properties": {"route": "D464", "pr": "DS", "abs": null, "label": "D464 PRDS"}}, {"type": "Feature", "geometry": {"type": "Point", "coordinates": [9.48735531, 42.47048295]}, "properties": {"route": "D106", "pr": "DS", "abs": null, "label": "D106 PRDS"}}, {"type": "Feature", "geometry": {"type": "Point", "coordinates": [9.29871855, 42.36883003]}, "properties": {"route": "D839", "pr": "DS", "abs": null, "label": "D839 PRDS"}}, {"type": "Feature", "geometry": {"type": "Point", "coordinates": [9.07185246, 42.25730996]}, "properties": {"route": "D623", "pr": "DS", "abs": null, "label": "D623 PRDS"}}, {"type": "Feature", "geometry": {"type": "Point", "coordinates": [8.96958149, 42.59368319]}, "properties": {"route": "D113", "pr": "DS", "abs": null, "label": "D113 PRDS"}}, {"type": "Feature", "geometry": {"type": "Point", "coordinates": [9.49141767, 42.37968955]}, "properties": {"route": "D209", "pr": "DS", "abs": null, "label": "D209 PRDS"}}, {"type": "Feature", "geometry": {"type": "Point", "coordinates": [9.45514003, 42.54359725]}, "properties": {"route": "D107", "pr": "DS", "abs": null, "label": "D107 PRDS"}}, {"type": "Feature", "geometry": {"type": "Point", "coordinates": [9.40292651, 41.99977595]}, "properties": {"route": "D244", "pr": "DS", "abs": null, "label": "D244 PRDS"}}, {"type": "Feature", "geometry": {"type": "Point", "coordinates": [9.35325608, 42.90951329]}, "properties": {"route": "D180", "pr": "DS", "abs": null, "label": "D180 PRDS"}}, {"type": "Feature", "geometry": {"type": "Point", "coordinates": [9.3541427, 42.43010437]}, "properties": {"route": "D205", "pr": "DS", "abs": null, "label": "D205 PRDS"}}, {"type": "Feature", "geometry": {"type": "Point", "coordinates": [9.40378785, 42.01278248]}, "properties": {"route": "D144", "pr": "DS", "abs": null, "label": "D144 PRDS"}}, {"type": "Feature", "geometry": {"type": "Point", "coordinates": [9.35983687, 42.64526711]}, "properties": {"route": "D238", "pr": "DS", "abs": null, "label": "D238 PRDS"}}, {"type": "Feature", "geometry": {"type": "Point", "coordinates": [9.17765897, 42.24799251]}, "properties": {"route": "D40", "pr": "DS", "abs": null, "label": "D40 PRDS"}}, {"type": "Feature", "geometry": {"type": "Point", "coordinates": [9.32138973, 42.62667764]}, "properties": {"route": "D262", "pr": "5", "abs": 5000, "label": "D262 PR5+5000"}}, {"type": "Feature", "geometry": {"type": "Point", "coordinates": [9.35879202, 42.49464078]}, "properties": {"route": "D515", "pr": "7", "abs": 7000, "label": "D515 PR7+7000"}}, {"type": "Feature", "geometry": {"type": "Point", "coordinates": [9.39105837, 42.46876796]}, "properties": {"route": "D10", "pr": "0", "abs": 0, "label": "D10 PR0"}}, {"type": "Feature", "geometry": {"type": "Point", "coordinates": [9.40365428, 42.44881936]}, "properties": {"route": "D306", "pr": "0", "abs": 0, "label": "D306 PR0"}}, {"type": "Feature", "geometry": {"type": "Point", "coordinates": [9.40616085, 42.43936236]}, "properties": {"route": "D306", "pr": "4", "abs": 4000, "label": "D306 PR4+4000"}}, {"type": "Feature", "geometry": {"type": "Point", "coordinates": [9.40914278, 42.44444137]}, "properties": {"route": "D306", "pr": "3", "abs": 3000, "label": "D306 PR3+3000"}}, {"type": "Feature", "geometry": {"type": "Point", "coordinates": [9.40367167, 42.4329442]}, "properties": {"route": "D306", "pr": "6", "abs": 6000, "label": "D306 PR6+6000"}}, {"type": "Feature", "geometry": {"type": "Point", "coordinates": [9.41475496, 42.44894965]}, "properties": {"route": "D306", "pr": "2", "abs": 2000, "label": "D306 PR2+2000"}}, {"type": "Feature", "geometry": {"type": "Point", "coordinates": [9.40541188, 42.4360328]}, "properties": {"route": "D306", "pr": "5", "abs": 5000, "label": "D306 PR5+5000"}}, {"type": "Feature", "geometry": {"type": "Point", "coordinates": [9.40682851, 42.449237]}, "properties": {"route": "D306", "pr": "1", "abs": 1000, "label": "D306 PR1+1000"}}, {"type": "Feature", "geometry": {"type": "Point", "coordinates": [9.36529174, 41.92128235]}, "properties": {"route": "D645", "pr": "0", "abs": 0, "label": "D645 PR0"}}, {"type": "Feature", "geometry": {"type": "Point", "coordinates": [9.34223631, 41.92067995]}, "properties": {"route": "D645", "pr": "2", "abs": 2000, "label": "D645 PR2+2000"}}, {"type": "Feature", "geometry": {"type": "Point", "coordinates": [9.35367348, 41.92199351]}, "properties": {"route": "D645", "pr": "1", "abs": 1000, "label": "D645 PR1+1000"}}, {"type": "Feature", "geometry": {"type": "Point", "coordinates": [9.27650694, 41.91842386]}, "properties": {"route": "D645", "pr": "10", "abs": 10000, "label": "D645 PR10+10000"}}, {"type": "Feature", "geometry": {"type": "Point", "coordinates": [9.3218814, 41.92434671]}, "properties": {"route": "D645", "pr": "4", "abs": 4000, "label": "D645 PR4+4000"}}, {"type": "Feature", "geometry": {"type": "Point", "coordinates": [9.33126185, 41.92215836]}, "properties": {"route": "D645", "pr": "3", "abs": 3000, "label": "D645 PR3+3000"}}, {"type": "Feature", "geometry": {"type": "Point", "coordinates": [9.26342875, 41.92434601]}, "properties": {"route": "D645", "pr": "13", "abs": 13000, "label": "D645 PR13+13000"}}, {"type": "Feature", "geometry": {"type": "Point", "coordinates": [9.27966018, 41.91941049]}, "properties": {"route": "D645", "pr": "9", "abs": 9000, "label": "D645 PR9+9000"}}, {"type": "Feature", "geometry": {"type": "Point", "coordinates": [9.28588869, 41.91888817]}, "properties": {"route": "D645", "pr": "8", "abs": 8000, "label": "D645 PR8+8000"}}, {"type": "Feature", "geometry": {"type": "Point", "coordinates": [9.31331945, 41.92302265]}, "properties": {"route": "D645", "pr": "5", "abs": 5000, "label": "D645 PR5+5000"}}, {"type": "Feature", "geometry": {"type": "Point", "coordinates": [9.3046492, 41.9209086]}, "properties": {"route": "D645", "pr": "6", "abs": 6000, "label": "D645 PR6+6000"}}, {"type": "Feature", "geometry": {"type": "Point", "coordinates": [9.26988148, 41.91979561]}, "properties": {"route": "D645", "pr": "11", "abs": 11000, "label": "D645 PR11+11000"}}, {"type": "Feature", "geometry": {"type": "Point", "coordinates": [9.2618196, 41.91720765]}, "properties": {"route": "D645", "pr": "12", "abs": 12000, "label": "D645 PR12+12000"}}, {"type": "Feature", "geometry": {"type": "Point", "coordinates": [9.29623482, 41.92141649]}, "properties": {"route": "D645", "pr": "7", "abs": 7000, "label": "D645 PR7+7000"}}, {"type": "Feature", "geometry": {"type": "Point", "coordinates": [9.3701668, 42.37394136]}, "properties": {"route": "D506C", "pr": "0", "abs": 0, "label": "D506C PR0"}}, {"type": "Feature", "geometry": {"type": "Point", "coordinates": [9.35985741, 42.22773822]}, "properties": {"route": "D414", "pr": "0", "abs": 0, "label": "D414 PR0"}}, {"type": "Feature", "geometry": {"type": "Point", "coordinates": [9.36357859, 42.21985138]}, "properties": {"route": "D414", "pr": "1", "abs": 1000, "label": "D414 PR1+1000"}}, {"type": "Feature", "geometry": {"type": "Point", "coordinates": [9.43457049, 42.46006991]}, "properties": {"route": "D437", "pr": "0", "abs": 0, "label": "D437 PR0"}}, {"type": "Feature", "geometry": {"type": "Point", "coordinates": [9.43239255, 42.45368372]}, "properties": {"route": "D437", "pr": "1", "abs": 1000, "label": "D437 PR1+1000"}}, {"type": "Feature", "geometry": {"type": "Point", "coordinates": [9.51388027, 42.43939136]}, "properties": {"route": "D230", "pr": "0", "abs": 0, "label": "D230 PR0"}}, {"type": "Feature", "geometry": {"type": "Point", "coordinates": [9.47697637, 42.42906526]}, "properties": {"route": "D230", "pr": "5", "abs": 5000, "label": "D230 PR5+5000"}}, {"type": "Feature", "geometry": {"type": "Point", "coordinates": [9.49494841, 42.43282055]}, "properties": {"route": "D230", "pr": "3", "abs": 3000, "label": "D230 PR3+3000"}}, {"type": "Feature", "geometry": {"type": "Point", "coordinates": [9.46954304, 42.4321864]}, "properties": {"route": "D230", "pr": "6", "abs": 6000, "label": "D230 PR6+6000"}}, {"type": "Feature", "geometry": {"type": "Point", "coordinates": [9.48684031, 42.42959414]}, "properties": {"route": "D230", "pr": "4", "abs": 4000, "label": "D230 PR4+4000"}}, {"type": "Feature", "geometry": {"type": "Point", "coordinates": [9.50756934, 42.43891362]}, "properties": {"route": "D230", "pr": "1", "abs": 1000, "label": "D230 PR1+1000"}}, {"type": "Feature", "geometry": {"type": "Point", "coordinates": [9.50220833, 42.43394448]}, "properties": {"route": "D230", "pr": "2", "abs": 2000, "label": "D230 PR2+2000"}}, {"type": "Feature", "geometry": {"type": "Point", "coordinates": [9.05197833, 42.35158092]}, "properties": {"route": "D718", "pr": "0", "abs": 0, "label": "D718 PR0"}}, {"type": "Feature", "geometry": {"type": "Point", "coordinates": [9.04698255, 42.35113701]}, "properties": {"route": "D718", "pr": "1", "abs": 1000, "label": "D718 PR1+1000"}}, {"type": "Feature", "geometry": {"type": "Point", "coordinates": [9.04093542, 42.35062015]}, "properties": {"route": "D718", "pr": "2", "abs": 2000, "label": "D718 PR2+2000"}}, {"type": "Feature", "geometry": {"type": "Point", "coordinates": [9.43061535, 42.8752709]}, "properties": {"route": "D432", "pr": "0", "abs": 0, "label": "D432 PR0"}}, {"type": "Feature", "geometry": {"type": "Point", "coordinates": [9.43648713, 42.86776711]}, "properties": {"route": "D432", "pr": "2", "abs": 2000, "label": "D432 PR2+2000"}}, {"type": "Feature", "geometry": {"type": "Point", "coordinates": [9.44025747, 42.87325166]}, "properties": {"route": "D432", "pr": "3", "abs": 3000, "label": "D432 PR3+3000"}}, {"type": "Feature", "geometry": {"type": "Point", "coordinates": [9.43525069, 42.86985429]}, "properties": {"route": "D432", "pr": "1", "abs": 1000, "label": "D432 PR1+1000"}}, {"type": "Feature", "geometry": {"type": "Point", "coordinates": [9.27372442, 42.47549464]}, "properties": {"route": "D615", "pr": "0", "abs": 0, "label": "D615 PR0"}}, {"type": "Feature", "geometry": {"type": "Point", "coordinates": [9.27183575, 42.47088982]}, "properties": {"route": "D615", "pr": "2", "abs": 2000, "label": "D615 PR2+2000"}}, {"type": "Feature", "geometry": {"type": "Point", "coordinates": [9.28699311, 42.45764429]}, "properties": {"route": "D615", "pr": "6", "abs": 6000, "label": "D615 PR6+6000"}}, {"type": "Feature", "geometry": {"type": "Point", "coordinates": [9.28866457, 42.45388805]}, "properties": {"route": "D615", "pr": "7", "abs": 7000, "label": "D615 PR7+7000"}}, {"type": "Feature", "geometry": {"type": "Point", "coordinates": [9.27273803, 42.46445323]}, "properties": {"route": "D615", "pr": "3", "abs": 3000, "label": "D615 PR3+3000"}}, {"type": "Feature", "geometry": {"type": "Point", "coordinates": [9.26507499, 42.47333313]}, "properties": {"route": "D615", "pr": "1", "abs": 1000, "label": "D615 PR1+1000"}}, {"type": "Feature", "geometry": {"type": "Point", "coordinates": [9.28083249, 42.45688723]}, "properties": {"route": "D615", "pr": "5", "abs": 5000, "label": "D615 PR5+5000"}}, {"type": "Feature", "geometry": {"type": "Point", "coordinates": [9.27446373, 42.45791852]}, "properties": {"route": "D615", "pr": "4", "abs": 4000, "label": "D615 PR4+4000"}}, {"type": "Feature", "geometry": {"type": "Point", "coordinates": [9.45063772, 42.23387201]}, "properties": {"route": "D42", "pr": "0", "abs": 0, "label": "D42 PR0"}}, {"type": "Feature", "geometry": {"type": "Point", "coordinates": [9.46851347, 42.25299917]}, "properties": {"route": "D42", "pr": "3", "abs": 3000, "label": "D42 PR3+3000"}}, {"type": "Feature", "geometry": {"type": "Point", "coordinates": [9.4842155, 42.27480927]}, "properties": {"route": "D42", "pr": "10", "abs": 10000, "label": "D42 PR10+10000"}}, {"type": "Feature", "geometry": {"type": "Point", "coordinates": [9.46260384, 42.24628374]}, "properties": {"route": "D42", "pr": "2", "abs": 2000, "label": "D42 PR2+2000"}}, {"type": "Feature", "geometry": {"type": "Point", "coordinates": [9.4767884, 42.27188323]}, "properties": {"route": "D42", "pr": "8", "abs": 8000, "label": "D42 PR8+8000"}}, {"type": "Feature", "geometry": {"type": "Point", "coordinates": [9.47005106, 42.26065028]}, "properties": {"route": "D42", "pr": "6", "abs": 6000, "label": "D42 PR6+6000"}}, {"type": "Feature", "geometry": {"type": "Point", "coordinates": [9.45673452, 42.23967927]}, "properties": {"route": "D42", "pr": "1", "abs": 1000, "label": "D42 PR1+1000"}}, {"type": "Feature", "geometry": {"type": "Point", "coordinates": [9.47421664, 42.2662303]}, "properties": {"route": "D42", "pr": "7", "abs": 7000, "label": "D42 PR7+7000"}}, {"type": "Feature", "geometry": {"type": "Point", "coordinates": [9.47135978, 42.25947664]}, "properties": {"route": "D42", "pr": "5", "abs": 5000, "label": "D42 PR5+5000"}}, {"type": "Feature", "geometry": {"type": "Point", "coordinates": [9.50226329, 42.27260713]}, "properties": {"route": "D42", "pr": "13", "abs": 13000, "label": "D42 PR13+13000"}}, {"type": "Feature", "geometry": {"type": "Point", "coordinates": [9.49585393, 42.27451387]}, "properties": {"route": "D42", "pr": "12", "abs": 12000, "label": "D42 PR12+12000"}}, {"type": "Feature", "geometry": {"type": "Point", "coordinates": [9.48281929, 42.27561059]}, "properties": {"route": "D42", "pr": "9", "abs": 9000, "label": "D42 PR9+9000"}}, {"type": "Feature", "geometry": {"type": "Point", "coordinates": [9.49216697, 42.27441042]}, "properties": {"route": "D42", "pr": "11", "abs": 11000, "label": "D42 PR11+11000"}}, {"type": "Feature", "geometry": {"type": "Point", "coordinates": [9.47095489, 42.25715415]}, "properties": {"route": "D42", "pr": "4", "abs": 4000, "label": "D42 PR4+4000"}}, {"type": "Feature", "geometry": {"type": "Point", "coordinates": [9.31045249, 42.52515825]}, "properties": {"route": "D307", "pr": "0", "abs": 0, "label": "D307 PR0"}}, {"type": "Feature", "geometry": {"type": "Point", "coordinates": [9.30468132, 42.51234879]}, "properties": {"route": "D307", "pr": "4", "abs": 4000, "label": "D307 PR4+4000"}}, {"type": "Feature", "geometry": {"type": "Point", "coordinates": [9.29977752, 42.52421461]}, "properties": {"route": "D307", "pr": "2", "abs": 2000, "label": "D307 PR2+2000"}}, {"type": "Feature", "geometry": {"type": "Point", "coordinates": [9.30083635, 42.5264417]}, "properties": {"route": "D307", "pr": "1", "abs": 1000, "label": "D307 PR1+1000"}}, {"type": "Feature", "geometry": {"type": "Point", "coordinates": [9.29965739, 42.51913278]}, "properties": {"route": "D307", "pr": "3", "abs": 3000, "label": "D307 PR3+3000"}}, {"type": "Feature", "geometry": {"type": "Point", "coordinates": [9.3489696, 42.44377229]}, "properties": {"route": "D405", "pr": "0", "abs": 0, "label": "D405 PR0"}}, {"type": "Feature", "geometry": {"type": "Point", "coordinates": [9.3508572, 42.44163871]}, "properties": {"route": "D405", "pr": "2", "abs": 2000, "label": "D405 PR2+2000"}}, {"type": "Feature", "geometry": {"type": "Point", "coordinates": [9.35484473, 42.4372794]}, "properties": {"route": "D405", "pr": "3", "abs": 3000, "label": "D405 PR3+3000"}}, {"type": "Feature", "geometry": {"type": "Point", "coordinates": [9.35652417, 42.44083942]}, "properties": {"route": "D405", "pr": "1", "abs": 1000, "label": "D405 PR1+1000"}}, {"type": "Feature", "geometry": {"type": "Point", "coordinates": [9.17324094, 42.34774739]}, "properties": {"route": "D41", "pr": "0", "abs": 0, "label": "D41 PR0"}}, {"type": "Feature", "geometry": {"type": "Point", "coordinates": [9.19739166, 42.34391961]}, "properties": {"route": "D41", "pr": "4", "abs": 4000, "label": "D41 PR4+4000"}}, {"type": "Feature", "geometry": {"type": "Point", "coordinates": [9.2551747, 42.3134901]}, "properties": {"route": "D41", "pr": "19", "abs": 19000, "label": "D41 PR19+19000"}}, {"type": "Feature", "geometry": {"type": "Point", "coordinates": [9.18842146, 42.34405671]}, "properties": {"route": "D41", "pr": "3", "abs": 3000, "label": "D41 PR3+3000"}}, {"type": "Feature", "geometry": {"type": "Point", "coordinates": [9.24990856, 42.3030418]}, "properties": {"route": "D41", "pr": "22", "abs": 22000, "label": "D41 PR22+22000"}}, {"type": "Feature", "geometry": {"type": "Point", "coordinates": [9.26867465, 42.31505782]}, "properties": {"route": "D41", "pr": "17", "abs": 17000, "label": "D41 PR17+17000"}}, {"type": "Feature", "geometry": {"type": "Point", "coordinates": [9.20053978, 42.34462302]}, "properties": {"route": "D41", "pr": "5", "abs": 5000, "label": "D41 PR5+5000"}}, {"type": "Feature", "geometry": {"type": "Point", "coordinates": [9.21232244, 42.33498293]}, "properties": {"route": "D41", "pr": "7", "abs": 7000, "label": "D41 PR7+7000"}}, {"type": "Feature", "geometry": {"type": "Point", "coordinates": [9.25549233, 42.32294435]}, "properties": {"route": "D41", "pr": "14", "abs": 14000, "label": "D41 PR14+14000"}}, {"type": "Feature", "geometry": {"type": "Point", "coordinates": [9.2107286, 42.3419073]}, "properties": {"route": "D41", "pr": "6", "abs": 6000, "label": "D41 PR6+6000"}}, {"type": "Feature", "geometry": {"type": "Point", "coordinates": [9.26141421, 42.31056811]}, "properties": {"route": "D41", "pr": "18", "abs": 18000, "label": "D41 PR18+18000"}}, {"type": "Feature", "geometry": {"type": "Point", "coordinates": [9.26235711, 42.3186367]}, "properties": {"route": "D41", "pr": "15", "abs": 15000, "label": "D41 PR15+15000"}}, {"type": "Feature", "geometry": {"type": "Point", "coordinates": [9.24789172, 42.32772035]}, "properties": {"route": "D41", "pr": "13", "abs": 13000, "label": "D41 PR13+13000"}}, {"type": "Feature", "geometry": {"type": "Point", "coordinates": [9.25154881, 42.31019564]}, "properties": {"route": "D41", "pr": "21", "abs": 21000, "label": "D41 PR21+21000"}}, {"type": "Feature", "geometry": {"type": "Point", "coordinates": [9.27008671, 42.31609332]}, "properties": {"route": "D41", "pr": "16", "abs": 16000, "label": "D41 PR16+16000"}}, {"type": "Feature", "geometry": {"type": "Point", "coordinates": [9.23926178, 42.29061638]}, "properties": {"route": "D41", "pr": "24", "abs": 24000, "label": "D41 PR24+24000"}}, {"type": "Feature", "geometry": {"type": "Point", "coordinates": [9.17720212, 42.34032104]}, "properties": {"route": "D41", "pr": "1", "abs": 1000, "label": "D41 PR1+1000"}}, {"type": "Feature", "geometry": {"type": "Point", "coordinates": [9.21859751, 42.32991133]}, "properties": {"route": "D41", "pr": "8", "abs": 8000, "label": "D41 PR8+8000"}}, {"type": "Feature", "geometry": {"type": "Point", "coordinates": [9.23352791, 42.3304686]}, "properties": {"route": "D41", "pr": "11", "abs": 11000, "label": "D41 PR11+11000"}}, {"type": "Feature", "geometry": {"type": "Point", "coordinates": [9.24819516, 42.29567684]}, "properties": {"route": "D41", "pr": "23", "abs": 23000, "label": "D41 PR23+23000"}}, {"type": "Feature", "geometry": {"type": "Point", "coordinates": [9.22829433, 42.3318233]}, "properties": {"route": "D41", "pr": "10", "abs": 10000, "label": "D41 PR10+10000"}}, {"type": "Feature", "geometry": {"type": "Point", "coordinates": [9.24139227, 42.32760397]}, "properties": {"route": "D41", "pr": "12", "abs": 12000, "label": "D41 PR12+12000"}}, {"type": "Feature", "geometry": {"type": "Point", "coordinates": [9.25264956, 42.31546996]}, "properties": {"route": "D41", "pr": "20", "abs": 20000, "label": "D41 PR20+20000"}}, {"type": "Feature", "geometry": {"type": "Point", "coordinates": [9.18097391, 42.34110053]}, "properties": {"route": "D41", "pr": "2", "abs": 2000, "label": "D41 PR2+2000"}}, {"type": "Feature", "geometry": {"type": "Point", "coordinates": [9.22248193, 42.32983076]}, "properties": {"route": "D41", "pr": "9", "abs": 9000, "label": "D41 PR9+9000"}}, {"type": "Feature", "geometry": {"type": "Point", "coordinates": [9.29691747, 42.30728162]}, "properties": {"route": "D339", "pr": "0", "abs": 0, "label": "D339 PR0"}}, {"type": "Feature", "geometry": {"type": "Point", "coordinates": [9.30426437, 42.30691497]}, "properties": {"route": "D339", "pr": "1", "abs": 1000, "label": "D339 PR1+1000"}}, {"type": "Feature", "geometry": {"type": "Point", "coordinates": [9.27553484, 42.28863814]}, "properties": {"route": "D339", "pr": "8", "abs": 8000, "label": "D339 PR8+8000"}}, {"type": "Feature", "geometry": {"type": "Point", "coordinates": [9.3055455, 42.29633236]}, "properties": {"route": "D339", "pr": "4", "abs": 4000, "label": "D339 PR4+4000"}}, {"type": "Feature", "geometry": {"type": "Point", "coordinates": [9.30881448, 42.30352504]}, "properties": {"route": "D339", "pr": "2", "abs": 2000, "label": "D339 PR2+2000"}}, {"type": "Feature", "geometry": {"type": "Point", "coordinates": [9.31175774, 42.29750577]}, "properties": {"route": "D339", "pr": "3", "abs": 3000, "label": "D339 PR3+3000"}}, {"type": "Feature", "geometry": {"type": "Point", "coordinates": [9.29334743, 42.29388093]}, "properties": {"route": "D339", "pr": "6", "abs": 6000, "label": "D339 PR6+6000"}}, {"type": "Feature", "geometry": {"type": "Point", "coordinates": [9.30007867, 42.29593212]}, "properties": {"route": "D339", "pr": "5", "abs": 5000, "label": "D339 PR5+5000"}}, {"type": "Feature", "geometry": {"type": "Point", "coordinates": [9.28184414, 42.2921101]}, "properties": {"route": "D339", "pr": "9", "abs": 9000, "label": "D339 PR9+9000"}}, {"type": "Feature", "geometry": {"type": "Point", "coordinates": [9.28653808, 42.28970802]}, "properties": {"route": "D339", "pr": "7", "abs": 7000, "label": "D339 PR7+7000"}}, {"type": "Feature", "geometry": {"type": "Point", "coordinates": [9.16904344, 42.35650266]}, "properties": {"route": "D18A", "pr": "0", "abs": 0, "label": "D18A PR0"}}, {"type": "Feature", "geometry": {"type": "Point", "coordinates": [9.34722079, 42.4541237]}, "properties": {"route": "D15D", "pr": "0", "abs": 0, "label": "D15D PR0"}}, {"type": "Feature", "geometry": {"type": "Point", "coordinates": [9.42174949, 42.84866764]}, "properties": {"route": "D232", "pr": "0", "abs": 0, "label": "D232 PR0"}}, {"type": "Feature", "geometry": {"type": "Point", "coordinates": [9.44286514, 42.84650506]}, "properties": {"route": "D232", "pr": "3", "abs": 3000, "label": "D232 PR3+3000"}}, {"type": "Feature", "geometry": {"type": "Point", "coordinates": [9.45237745, 42.84217535]}, "properties": {"route": "D232", "pr": "4", "abs": 4000, "label": "D232 PR4+4000"}}, {"type": "Feature", "geometry": {"type": "Point", "coordinates": [9.46344774, 42.83906524]}, "properties": {"route": "D232", "pr": "5", "abs": 5000, "label": "D232 PR5+5000"}}, {"type": "Feature", "geometry": {"type": "Point", "coordinates": [9.42316729, 42.84343641]}, "properties": {"route": "D232", "pr": "1", "abs": 1000, "label": "D232 PR1+1000"}}, {"type": "Feature", "geometry": {"type": "Point", "coordinates": [9.47534955, 42.83702151]}, "properties": {"route": "D232", "pr": "6", "abs": 6000, "label": "D232 PR6+6000"}}, {"type": "Feature", "geometry": {"type": "Point", "coordinates": [9.43201605, 42.84760663]}, "properties": {"route": "D232", "pr": "2", "abs": 2000, "label": "D232 PR2+2000"}}, {"type": "Feature", "geometry": {"type": "Point", "coordinates": [9.47045715, 42.44468158]}, "properties": {"route": "D330", "pr": "0", "abs": 0, "label": "D330 PR0"}}, {"type": "Feature", "geometry": {"type": "Point", "coordinates": [9.47423308, 42.42164202]}, "properties": {"route": "D330", "pr": "6", "abs": 6000, "label": "D330 PR6+6000"}}, {"type": "Feature", "geometry": {"type": "Point", "coordinates": [9.47194492, 42.43332637]}, "properties": {"route": "D330", "pr": "4", "abs": 4000, "label": "D330 PR4+4000"}}, {"type": "Feature", "geometry": {"type": "Point", "coordinates": [9.48138423, 42.43558442]}, "properties": {"route": "D330", "pr": "3", "abs": 3000, "label": "D330 PR3+3000"}}, {"type": "Feature", "geometry": {"type": "Point", "coordinates": [9.49566782, 42.36609315]}, "properties": {"route": "D330", "pr": "20", "abs": 20000, "label": "D330 PR20+20000"}}, {"type": "Feature", "geometry": {"type": "Point", "coordinates": [9.48845243, 42.37030829]}, "properties": {"route": "D330", "pr": "19", "abs": 19000, "label": "D330 PR19+19000"}}, {"type": "Feature", "geometry": {"type": "Point", "coordinates": [9.49409324, 42.33956443]}, "properties": {"route": "D330", "pr": "24", "abs": 24000, "label": "D330 PR24+24000"}}, {"type": "Feature", "geometry": {"type": "Point", "coordinates": [9.48322989, 42.43917787]}, "properties": {"route": "D330", "pr": "2", "abs": 2000, "label": "D330 PR2+2000"}}, {"type": "Feature", "geometry": {"type": "Point", "coordinates": [9.47768497, 42.41999418]}, "properties": {"route": "D330", "pr": "7", "abs": 7000, "label": "D330 PR7+7000"}}, {"type": "Feature", "geometry": {"type": "Point", "coordinates": [9.49254627, 42.36064561]}, "properties": {"route": "D330", "pr": "21", "abs": 21000, "label": "D330 PR21+21000"}}, {"type": "Feature", "geometry": {"type": "Point", "coordinates": [9.47677437, 42.3882443]}, "properties": {"route": "D330", "pr": "14", "abs": 14000, "label": "D330 PR14+14000"}}, {"type": "Feature", "geometry": {"type": "Point", "coordinates": [9.49084037, 42.38304367]}, "properties": {"route": "D330", "pr": "16", "abs": 16000, "label": "D330 PR16+16000"}}, {"type": "Feature", "geometry": {"type": "Point", "coordinates": [9.483331, 42.38498292]}, "properties": {"route": "D330", "pr": "15", "abs": 15000, "label": "D330 PR15+15000"}}, {"type": "Feature", "geometry": {"type": "Point", "coordinates": [9.49531579, 42.35370526]}, "properties": {"route": "D330", "pr": "22", "abs": 22000, "label": "D330 PR22+22000"}}, {"type": "Feature", "geometry": {"type": "Point", "coordinates": [9.49123758, 42.37679927]}, "properties": {"route": "D330", "pr": "17", "abs": 17000, "label": "D330 PR17+17000"}}, {"type": "Feature", "geometry": {"type": "Point", "coordinates": [9.48481677, 42.37457775]}, "properties": {"route": "D330", "pr": "18", "abs": 18000, "label": "D330 PR18+18000"}}, {"type": "Feature", "geometry": {"type": "Point", "coordinates": [9.48207059, 42.4146989]}, "properties": {"route": "D330", "pr": "8", "abs": 8000, "label": "D330 PR8+8000"}}, {"type": "Feature", "geometry": {"type": "Point", "coordinates": [9.48339117, 42.39973918]}, "properties": {"route": "D330", "pr": "11", "abs": 11000, "label": "D330 PR11+11000"}}, {"type": "Feature", "geometry": {"type": "Point", "coordinates": [9.47967542, 42.40306548]}, "properties": {"route": "D330", "pr": "10", "abs": 10000, "label": "D330 PR10+10000"}}, {"type": "Feature", "geometry": {"type": "Point", "coordinates": [9.49599262, 42.34647172]}, "properties": {"route": "D330", "pr": "23", "abs": 23000, "label": "D330 PR23+23000"}}, {"type": "Feature", "geometry": {"type": "Point", "coordinates": [9.47714037, 42.42741653]}, "properties": {"route": "D330", "pr": "5", "abs": 5000, "label": "D330 PR5+5000"}}, {"type": "Feature", "geometry": {"type": "Point", "coordinates": [9.4811592, 42.4438091]}, "properties": {"route": "D330", "pr": "1", "abs": 1000, "label": "D330 PR1+1000"}}, {"type": "Feature", "geometry": {"type": "Point", "coordinates": [9.48061322, 42.4086315]}, "properties": {"route": "D330", "pr": "9", "abs": 9000, "label": "D330 PR9+9000"}}, {"type": "Feature", "geometry": {"type": "Point", "coordinates": [9.48064208, 42.39099819]}, "properties": {"route": "D330", "pr": "13", "abs": 13000, "label": "D330 PR13+13000"}}, {"type": "Feature", "geometry": {"type": "Point", "coordinates": [9.48466709, 42.39217403]}, "properties": {"route": "D330", "pr": "12", "abs": 12000, "label": "D330 PR12+12000"}}, {"type": "Feature", "geometry": {"type": "Point", "coordinates": [8.80046765, 42.48629678]}, "properties": {"route": "D251", "pr": "0", "abs": 0, "label": "D251 PR0"}}, {"type": "Feature", "geometry": {"type": "Point", "coordinates": [8.81401229, 42.47608317]}, "properties": {"route": "D251", "pr": "2", "abs": 2000, "label": "D251 PR2+2000"}}, {"type": "Feature", "geometry": {"type": "Point", "coordinates": [8.833866, 42.44542486]}, "properties": {"route": "D251", "pr": "7", "abs": 7000, "label": "D251 PR7+7000"}}, {"type": "Feature", "geometry": {"type": "Point", "coordinates": [8.80540289, 42.48095598]}, "properties": {"route": "D251", "pr": "1", "abs": 1000, "label": "D251 PR1+1000"}}, {"type": "Feature", "geometry": {"type": "Point", "coordinates": [8.8234209, 42.47168057]}, "properties": {"route": "D251", "pr": "3", "abs": 3000, "label": "D251 PR3+3000"}}, {"type": "Feature", "geometry": {"type": "Point", "coordinates": [8.82989357, 42.45230792]}, "properties": {"route": "D251", "pr": "6", "abs": 6000, "label": "D251 PR6+6000"}}, {"type": "Feature", "geometry": {"type": "Point", "coordinates": [8.82485098, 42.46639434]}, "properties": {"route": "D251", "pr": "4", "abs": 4000, "label": "D251 PR4+4000"}}, {"type": "Feature", "geometry": {"type": "Point", "coordinates": [8.82616306, 42.45957508]}, "properties": {"route": "D251", "pr": "5", "abs": 5000, "label": "D251 PR5+5000"}}, {"type": "Feature", "geometry": {"type": "Point", "coordinates": [8.84290625, 42.44485769]}, "properties": {"route": "D251", "pr": "8", "abs": 8000, "label": "D251 PR8+8000"}}, {"type": "Feature", "geometry": {"type": "Point", "coordinates": [9.32044974, 42.59527823]}, "properties": {"route": "D162", "pr": "0", "abs": 0, "label": "D162 PR0"}}, {"type": "Feature", "geometry": {"type": "Point", "coordinates": [9.32652049, 42.59129262]}, "properties": {"route": "D162", "pr": "1", "abs": 1000, "label": "D162 PR1+1000"}}, {"type": "Feature", "geometry": {"type": "Point", "coordinates": [9.46912782, 42.56080415]}, "properties": {"route": "D207", "pr": "3", "abs": 3000, "label": "D207 PR3+3000"}}, {"type": "Feature", "geometry": {"type": "Point", "coordinates": [9.46451301, 42.56691473]}, "properties": {"route": "D207", "pr": "2", "abs": 2000, "label": "D207 PR2+2000"}}, {"type": "Feature", "geometry": {"type": "Point", "coordinates": [9.45286843, 42.56462842]}, "properties": {"route": "D207", "pr": "1", "abs": 1000, "label": "D207 PR1+1000"}}, {"type": "Feature", "geometry": {"type": "Point", "coordinates": [9.16092465, 42.42696982]}, "properties": {"route": "D918", "pr": "0", "abs": 0, "label": "D918 PR0"}}, {"type": "Feature", "geometry": {"type": "Point", "coordinates": [9.16464987, 42.42026244]}, "properties": {"route": "D918", "pr": "1", "abs": 1000, "label": "D918 PR1+1000"}}, {"type": "Feature", "geometry": {"type": "Point", "coordinates": [9.44097998, 42.65414533]}, "properties": {"route": "D364", "pr": "0", "abs": 0, "label": "D364 PR0"}}, {"type": "Feature", "geometry": {"type": "Point", "coordinates": [9.41428016, 42.65711249]}, "properties": {"route": "D364", "pr": "3", "abs": 3000, "label": "D364 PR3+3000"}}, {"type": "Feature", "geometry": {"type": "Point", "coordinates": [9.42948437, 42.65768617]}, "properties": {"route": "D364", "pr": "1", "abs": 1000, "label": "D364 PR1+1000"}}, {"type": "Feature", "geometry": {"type": "Point", "coordinates": [9.42133243, 42.65798202]}, "properties": {"route": "D364", "pr": "2", "abs": 2000, "label": "D364 PR2+2000"}}, {"type": "Feature", "geometry": {"type": "Point", "coordinates": [9.46420751, 42.93337229]}, "properties": {"route": "D35", "pr": "0", "abs": 0, "label": "D35 PR0"}}, {"type": "Feature", "geometry": {"type": "Point", "coordinates": [9.42595338, 42.92943962]}, "properties": {"route": "D35", "pr": "4", "abs": 4000, "label": "D35 PR4+4000"}}, {"type": "Feature", "geometry": {"type": "Point", "coordinates": [9.36204704, 42.94984515]}, "properties": {"route": "D35", "pr": "14", "abs": 14000, "label": "D35 PR14+14000"}}, {"type": "Feature", "geometry": {"type": "Point", "coordinates": [9.43444875, 42.93130494]}, "properties": {"route": "D35", "pr": "3", "abs": 3000, "label": "D35 PR3+3000"}}, {"type": "Feature", "geometry": {"type": "Point", "coordinates": [9.40546941, 42.93055073]}, "properties": {"route": "D35", "pr": "6", "abs": 6000, "label": "D35 PR6+6000"}}, {"type": "Feature", "geometry": {"type": "Point", "coordinates": [9.45231109, 42.93266951]}, "properties": {"route": "D35", "pr": "1", "abs": 1000, "label": "D35 PR1+1000"}}, {"type": "Feature", "geometry": {"type": "Point", "coordinates": [9.36668625, 42.94444337]}, "properties": {"route": "D35", "pr": "13", "abs": 13000, "label": "D35 PR13+13000"}}, {"type": "Feature", "geometry": {"type": "Point", "coordinates": [9.35502486, 42.96553444]}, "properties": {"route": "D35", "pr": "18", "abs": 18000, "label": "D35 PR18+18000"}}, {"type": "Feature", "geometry": {"type": "Point", "coordinates": [9.38833096, 42.93693615]}, "properties": {"route": "D35", "pr": "8", "abs": 8000, "label": "D35 PR8+8000"}}, {"type": "Feature", "geometry": {"type": "Point", "coordinates": [9.36222763, 42.96190187]}, "properties": {"route": "D35", "pr": "19", "abs": 19000, "label": "D35 PR19+19000"}}, {"type": "Feature", "geometry": {"type": "Point", "coordinates": [9.4162467, 42.92850422]}, "properties": {"route": "D35", "pr": "5", "abs": 5000, "label": "D35 PR5+5000"}}, {"type": "Feature", "geometry": {"type": "Point", "coordinates": [9.44412384, 42.93030431]}, "properties": {"route": "D35", "pr": "2", "abs": 2000, "label": "D35 PR2+2000"}}, {"type": "Feature", "geometry": {"type": "Point", "coordinates": [9.34983477, 42.96197838]}, "properties": {"route": "D35", "pr": "17", "abs": 17000, "label": "D35 PR17+17000"}}, {"type": "Feature", "geometry": {"type": "Point", "coordinates": [9.37080661, 42.96448476]}, "properties": {"route": "D35", "pr": "21", "abs": 21000, "label": "D35 PR21+21000"}}, {"type": "Feature", "geometry": {"type": "Point", "coordinates": [9.36374014, 42.96732218]}, "properties": {"route": "D35", "pr": "20", "abs": 20000, "label": "D35 PR20+20000"}}, {"type": "Feature", "geometry": {"type": "Point", "coordinates": [9.36616974, 42.93646404]}, "properties": {"route": "D35", "pr": "11", "abs": 11000, "label": "D35 PR11+11000"}}, {"type": "Feature", "geometry": {"type": "Point", "coordinates": [9.35172914, 42.95707719]}, "properties": {"route": "D35", "pr": "16", "abs": 16000, "label": "D35 PR16+16000"}}, {"type": "Feature", "geometry": {"type": "Point", "coordinates": [9.35440129, 42.95404984]}, "properties": {"route": "D35", "pr": "15", "abs": 15000, "label": "D35 PR15+15000"}}, {"type": "Feature", "geometry": {"type": "Point", "coordinates": [9.39695221, 42.93433258]}, "properties": {"route": "D35", "pr": "7", "abs": 7000, "label": "D35 PR7+7000"}}, {"type": "Feature", "geometry": {"type": "Point", "coordinates": [9.37523468, 42.93643346]}, "properties": {"route": "D35", "pr": "10", "abs": 10000, "label": "D35 PR10+10000"}}, {"type": "Feature", "geometry": {"type": "Point", "coordinates": [9.38258352, 42.93638517]}, "properties": {"route": "D35", "pr": "9", "abs": 9000, "label": "D35 PR9+9000"}}, {"type": "Feature", "geometry": {"type": "Point", "coordinates": [9.37106971, 42.94051909]}, "properties": {"route": "D35", "pr": "12", "abs": 12000, "label": "D35 PR12+12000"}}, {"type": "Feature", "geometry": {"type": "Point", "coordinates": [9.50783625, 42.44463719]}, "properties": {"route": "D506", "pr": "0", "abs": 0, "label": "D506 PR0"}}, {"type": "Feature", "geometry": {"type": "Point", "coordinates": [9.38821153, 42.39463488]}, "properties": {"route": "D506", "pr": "16", "abs": 16000, "label": "D506 PR16+16000"}}, {"type": "Feature", "geometry": {"type": "Point", "coordinates": [9.37874023, 42.38405154]}, "properties": {"route": "D506", "pr": "18", "abs": 18000, "label": "D506 PR18+18000"}}, {"type": "Feature", "geometry": {"type": "Point", "coordinates": [9.4528733, 42.4367543]}, "properties": {"route": "D506", "pr": "6", "abs": 6000, "label": "D506 PR6+6000"}}, {"type": "Feature", "geometry": {"type": "Point", "coordinates": [9.38325222, 42.38806312]}, "properties": {"route": "D506", "pr": "17", "abs": 17000, "label": "D506 PR17+17000"}}, {"type": "Feature", "geometry": {"type": "Point", "coordinates": [9.37210457, 42.37072318]}, "properties": {"route": "D506", "pr": "21", "abs": 21000, "label": "D506 PR21+21000"}}, {"type": "Feature", "geometry": {"type": "Point", "coordinates": [9.40602299, 42.43013139]}, "properties": {"route": "D506", "pr": "11", "abs": 11000, "label": "D506 PR11+11000"}}, {"type": "Feature", "geometry": {"type": "Point", "coordinates": [9.49735676, 42.44387801]}, "properties": {"route": "D506", "pr": "1", "abs": 1000, "label": "D506 PR1+1000"}}, {"type": "Feature", "geometry": {"type": "Point", "coordinates": [9.39137147, 42.4107583]}, "properties": {"route": "D506", "pr": "14", "abs": 14000, "label": "D506 PR14+14000"}}, {"type": "Feature", "geometry": {"type": "Point", "coordinates": [9.45535457, 42.44282944]}, "properties": {"route": "D506", "pr": "5", "abs": 5000, "label": "D506 PR5+5000"}}, {"type": "Feature", "geometry": {"type": "Point", "coordinates": [9.39249539, 42.41954552]}, "properties": {"route": "D506", "pr": "13", "abs": 13000, "label": "D506 PR13+13000"}}, {"type": "Feature", "geometry": {"type": "Point", "coordinates": [9.37493901, 42.37235936]}, "properties": {"route": "D506", "pr": "20", "abs": 20000, "label": "D506 PR20+20000"}}, {"type": "Feature", "geometry": {"type": "Point", "coordinates": [9.3687238, 42.37566452]}, "properties": {"route": "D506", "pr": "22", "abs": 22000, "label": "D506 PR22+22000"}}, {"type": "Feature", "geometry": {"type": "Point", "coordinates": [9.435533, 42.42896937]}, "properties": {"route": "D506", "pr": "8", "abs": 8000, "label": "D506 PR8+8000"}}, {"type": "Feature", "geometry": {"type": "Point", "coordinates": [9.46386446, 42.44469366]}, "properties": {"route": "D506", "pr": "4", "abs": 4000, "label": "D506 PR4+4000"}}, {"type": "Feature", "geometry": {"type": "Point", "coordinates": [9.41640362, 42.42854968]}, "properties": {"route": "D506", "pr": "10", "abs": 10000, "label": "D506 PR10+10000"}}, {"type": "Feature", "geometry": {"type": "Point", "coordinates": [9.4454299, 42.43018998]}, "properties": {"route": "D506", "pr": "7", "abs": 7000, "label": "D506 PR7+7000"}}, {"type": "Feature", "geometry": {"type": "Point", "coordinates": [9.37519555, 42.376382]}, "properties": {"route": "D506", "pr": "19", "abs": 19000, "label": "D506 PR19+19000"}}, {"type": "Feature", "geometry": {"type": "Point", "coordinates": [9.47411154, 42.44597624]}, "properties": {"route": "D506", "pr": "3", "abs": 3000, "label": "D506 PR3+3000"}}, {"type": "Feature", "geometry": {"type": "Point", "coordinates": [9.39178396, 42.40299882]}, "properties": {"route": "D506", "pr": "15", "abs": 15000, "label": "D506 PR15+15000"}}, {"type": "Feature", "geometry": {"type": "Point", "coordinates": [9.48568489, 42.44517294]}, "properties": {"route": "D506", "pr": "2", "abs": 2000, "label": "D506 PR2+2000"}}, {"type": "Feature", "geometry": {"type": "Point", "coordinates": [9.39695142, 42.42537832]}, "properties": {"route": "D506", "pr": "12", "abs": 12000, "label": "D506 PR12+12000"}}, {"type": "Feature", "geometry": {"type": "Point", "coordinates": [9.4263479, 42.42790687]}, "properties": {"route": "D506", "pr": "9", "abs": 9000, "label": "D506 PR9+9000"}}, {"type": "Feature", "geometry": {"type": "Point", "coordinates": [9.28104392, 42.48585433]}, "properties": {"route": "D115", "pr": "0", "abs": 0, "label": "D115 PR0"}}, {"type": "Feature", "geometry": {"type": "Point", "coordinates": [9.29174202, 42.48646075]}, "properties": {"route": "D115", "pr": "1", "abs": 1000, "label": "D115 PR1+1000"}}, {"type": "Feature", "geometry": {"type": "Point", "coordinates": [9.30204642, 42.48586749]}, "properties": {"route": "D115", "pr": "2", "abs": 2000, "label": "D115 PR2+2000"}}, {"type": "Feature", "geometry": {"type": "Point", "coordinates": [9.30834275, 42.48461443]}, "properties": {"route": "D115", "pr": "3", "abs": 3000, "label": "D115 PR3+3000"}}, {"type": "Feature", "geometry": {"type": "Point", "coordinates": [9.32033857, 42.47752901]}, "properties": {"route": "D115", "pr": "7", "abs": 7000, "label": "D115 PR7+7000"}}, {"type": "Feature", "geometry": {"type": "Point", "coordinates": [9.31429252, 42.48088268]}, "properties": {"route": "D115", "pr": "4", "abs": 4000, "label": "D115 PR4+4000"}}, {"type": "Feature", "geometry": {"type": "Point", "coordinates": [9.317345, 42.47757055]}, "properties": {"route": "D115", "pr": "6", "abs": 6000, "label": "D115 PR6+6000"}}, {"type": "Feature", "geometry": {"type": "Point", "coordinates": [9.31592469, 42.480812]}, "properties": {"route": "D115", "pr": "5", "abs": 5000, "label": "D115 PR5+5000"}}, {"type": "Feature", "geometry": {"type": "Point", "coordinates": [9.37301193, 42.50624345]}, "properties": {"route": "D515", "pr": "0", "abs": 0, "label": "D515 PR0"}}, {"type": "Feature", "geometry": {"type": "Point", "coordinates": [9.34259059, 42.45617183]}, "properties": {"route": "D515", "pr": "15", "abs": 15000, "label": "D515 PR15+15000"}}, {"type": "Feature", "geometry": {"type": "Point", "coordinates": [9.35957321, 42.45154642]}, "properties": {"route": "D515", "pr": "17", "abs": 17000, "label": "D515 PR17+17000"}}, {"type": "Feature", "geometry": {"type": "Point", "coordinates": [9.35633272, 42.50056485]}, "properties": {"route": "D515", "pr": "4", "abs": 4000, "label": "D515 PR4+4000"}}, {"type": "Feature", "geometry": {"type": "Point", "coordinates": [9.37143565, 42.50456832]}, "properties": {"route": "D515", "pr": "1", "abs": 1000, "label": "D515 PR1+1000"}}, {"type": "Feature", "geometry": {"type": "Point", "coordinates": [9.3489924, 42.46079143]}, "properties": {"route": "D515", "pr": "14", "abs": 14000, "label": "D515 PR14+14000"}}, {"type": "Feature", "geometry": {"type": "Point", "coordinates": [9.35224751, 42.4103074]}, "properties": {"route": "D515", "pr": "32", "abs": 32000, "label": "D515 PR32+32000"}}, {"type": "Feature", "geometry": {"type": "Point", "coordinates": [9.35044918, 42.49603875]}, "properties": {"route": "D515", "pr": "6", "abs": 6000, "label": "D515 PR6+6000"}}, {"type": "Feature", "geometry": {"type": "Point", "coordinates": [9.35087426, 42.46992268]}, "properties": {"route": "D515", "pr": "12", "abs": 12000, "label": "D515 PR12+12000"}}, {"type": "Feature", "geometry": {"type": "Point", "coordinates": [9.3719589, 42.42021174]}, "properties": {"route": "D515", "pr": "29", "abs": 29000, "label": "D515 PR29+29000"}}, {"type": "Feature", "geometry": {"type": "Point", "coordinates": [9.34541312, 42.4418689]}, "properties": {"route": "D515", "pr": "20", "abs": 20000, "label": "D515 PR20+20000"}}, {"type": "Feature", "geometry": {"type": "Point", "coordinates": [9.35511088, 42.49200535]}, "properties": {"route": "D515", "pr": "8", "abs": 8000, "label": "D515 PR8+8000"}}, {"type": "Feature", "geometry": {"type": "Point", "coordinates": [9.35676862, 42.45072925]}, "properties": {"route": "D515", "pr": "18", "abs": 18000, "label": "D515 PR18+18000"}}, {"type": "Feature", "geometry": {"type": "Point", "coordinates": [9.34947247, 42.46552703]}, "properties": {"route": "D515", "pr": "13", "abs": 13000, "label": "D515 PR13+13000"}}, {"type": "Feature", "geometry": {"type": "Point", "coordinates": [9.3527207, 42.42442065]}, "properties": {"route": "D515", "pr": "25", "abs": 25000, "label": "D515 PR25+25000"}}, {"type": "Feature", "geometry": {"type": "Point", "coordinates": [9.35006865, 42.44559234]}, "properties": {"route": "D515", "pr": "19", "abs": 19000, "label": "D515 PR19+19000"}}, {"type": "Feature", "geometry": {"type": "Point", "coordinates": [9.35576433, 42.48611613]}, "properties": {"route": "D515", "pr": "9", "abs": 9000, "label": "D515 PR9+9000"}}, {"type": "Feature", "geometry": {"type": "Point", "coordinates": [9.34748045, 42.42814494]}, "properties": {"route": "D515", "pr": "23", "abs": 23000, "label": "D515 PR23+23000"}}, {"type": "Feature", "geometry": {"type": "Point", "coordinates": [9.36411142, 42.50195442]}, "properties": {"route": "D515", "pr": "2", "abs": 2000, "label": "D515 PR2+2000"}}, {"type": "Feature", "geometry": {"type": "Point", "coordinates": [9.3482224, 42.45137569]}, "properties": {"route": "D515", "pr": "16", "abs": 16000, "label": "D515 PR16+16000"}}, {"type": "Feature", "geometry": {"type": "Point", "coordinates": [9.3599324, 42.41894597]}, "properties": {"route": "D515", "pr": "27", "abs": 27000, "label": "D515 PR27+27000"}}, {"type": "Feature", "geometry": {"type": "Point", "coordinates": [9.36687988, 42.4151224]}, "properties": {"route": "D515", "pr": "28", "abs": 28000, "label": "D515 PR28+28000"}}, {"type": "Feature", "geometry": {"type": "Point", "coordinates": [9.36378793, 42.50100065]}, "properties": {"route": "D515", "pr": "3", "abs": 3000, "label": "D515 PR3+3000"}}, {"type": "Feature", "geometry": {"type": "Point", "coordinates": [9.3578368, 42.48005742]}, "properties": {"route": "D515", "pr": "10", "abs": 10000, "label": "D515 PR10+10000"}}, {"type": "Feature", "geometry": {"type": "Point", "coordinates": [9.36124105, 42.41354272]}, "properties": {"route": "D515", "pr": "31", "abs": 31000, "label": "D515 PR31+31000"}}, {"type": "Feature", "geometry": {"type": "Point", "coordinates": [9.35756834, 42.43062018]}, "properties": {"route": "D515", "pr": "24", "abs": 24000, "label": "D515 PR24+24000"}}, {"type": "Feature", "geometry": {"type": "Point", "coordinates": [9.34868175, 42.4998967]}, "properties": {"route": "D515", "pr": "5", "abs": 5000, "label": "D515 PR5+5000"}}, {"type": "Feature", "geometry": {"type": "Point", "coordinates": [9.3713299, 42.41571976]}, "properties": {"route": "D515", "pr": "30", "abs": 30000, "label": "D515 PR30+30000"}}, {"type": "Feature", "geometry": {"type": "Point", "coordinates": [9.34444935, 42.40517403]}, "properties": {"route": "D515", "pr": "33", "abs": 33000, "label": "D515 PR33+33000"}}, {"type": "Feature", "geometry": {"type": "Point", "coordinates": [9.35289998, 42.41943577]}, "properties": {"route": "D515", "pr": "26", "abs": 26000, "label": "D515 PR26+26000"}}, {"type": "Feature", "geometry": {"type": "Point", "coordinates": [9.34466709, 42.43757132]}, "properties": {"route": "D515", "pr": "21", "abs": 21000, "label": "D515 PR21+21000"}}, {"type": "Feature", "geometry": {"type": "Point", "coordinates": [9.34665894, 42.43416912]}, "properties": {"route": "D515", "pr": "22", "abs": 22000, "label": "D515 PR22+22000"}}, {"type": "Feature", "geometry": {"type": "Point", "coordinates": [9.35396835, 42.47549251]}, "properties": {"route": "D515", "pr": "11", "abs": 11000, "label": "D515 PR11+11000"}}, {"type": "Feature", "geometry": {"type": "Point", "coordinates": [9.48220692, 42.41374542]}, "properties": {"route": "D130", "pr": "0", "abs": 0, "label": "D130 PR0"}}, {"type": "Feature", "geometry": {"type": "Point", "coordinates": [9.46524003, 42.41438887]}, "properties": {"route": "D130", "pr": "3", "abs": 3000, "label": "D130 PR3+3000"}}, {"type": "Feature", "geometry": {"type": "Point", "coordinates": [9.46820988, 42.4199595]}, "properties": {"route": "D130", "pr": "4", "abs": 4000, "label": "D130 PR4+4000"}}, {"type": "Feature", "geometry": {"type": "Point", "coordinates": [9.47028546, 42.41112111]}, "properties": {"route": "D130", "pr": "2", "abs": 2000, "label": "D130 PR2+2000"}}, {"type": "Feature", "geometry": {"type": "Point", "coordinates": [9.47573002, 42.4168773]}, "properties": {"route": "D130", "pr": "1", "abs": 1000, "label": "D130 PR1+1000"}}, {"type": "Feature", "geometry": {"type": "Point", "coordinates": [9.19220031, 42.3978365]}, "properties": {"route": "D239", "pr": "0", "abs": 0, "label": "D239 PR0"}}, {"type": "Feature", "geometry": {"type": "Point", "coordinates": [9.21068971, 42.40951327]}, "properties": {"route": "D239", "pr": "3", "abs": 3000, "label": "D239 PR3+3000"}}, {"type": "Feature", "geometry": {"type": "Point", "coordinates": [9.26394229, 42.3750378]}, "properties": {"route": "D239", "pr": "17", "abs": 17000, "label": "D239 PR17+17000"}}, {"type": "Feature", "geometry": {"type": "Point", "coordinates": [9.25962717, 42.38388475]}, "properties": {"route": "D239", "pr": "15", "abs": 15000, "label": "D239 PR15+15000"}}, {"type": "Feature", "geometry": {"type": "Point", "coordinates": [9.24052807, 42.39853786]}, "properties": {"route": "D239", "pr": "10", "abs": 10000, "label": "D239 PR10+10000"}}, {"type": "Feature", "geometry": {"type": "Point", "coordinates": [9.26425333, 42.37962869]}, "properties": {"route": "D239", "pr": "16", "abs": 16000, "label": "D239 PR16+16000"}}, {"type": "Feature", "geometry": {"type": "Point", "coordinates": [9.25219258, 42.39529451]}, "properties": {"route": "D239", "pr": "13", "abs": 13000, "label": "D239 PR13+13000"}}, {"type": "Feature", "geometry": {"type": "Point", "coordinates": [9.25521191, 42.38980975]}, "properties": {"route": "D239", "pr": "14", "abs": 14000, "label": "D239 PR14+14000"}}, {"type": "Feature", "geometry": {"type": "Point", "coordinates": [9.21294703, 42.4150058]}, "properties": {"route": "D239", "pr": "4", "abs": 4000, "label": "D239 PR4+4000"}}, {"type": "Feature", "geometry": {"type": "Point", "coordinates": [9.23062204, 42.40989351]}, "properties": {"route": "D239", "pr": "8", "abs": 8000, "label": "D239 PR8+8000"}}, {"type": "Feature", "geometry": {"type": "Point", "coordinates": [9.24912001, 42.39605764]}, "properties": {"route": "D239", "pr": "12", "abs": 12000, "label": "D239 PR12+12000"}}, {"type": "Feature", "geometry": {"type": "Point", "coordinates": [9.23659783, 42.40317663]}, "properties": {"route": "D239", "pr": "9", "abs": 9000, "label": "D239 PR9+9000"}}, {"type": "Feature", "geometry": {"type": "Point", "coordinates": [9.2203442, 42.41118139]}, "properties": {"route": "D239", "pr": "6", "abs": 6000, "label": "D239 PR6+6000"}}, {"type": "Feature", "geometry": {"type": "Point", "coordinates": [9.26766304, 42.36989993]}, "properties": {"route": "D239", "pr": "19", "abs": 19000, "label": "D239 PR19+19000"}}, {"type": "Feature", "geometry": {"type": "Point", "coordinates": [9.27209109, 42.37307936]}, "properties": {"route": "D239", "pr": "18", "abs": 18000, "label": "D239 PR18+18000"}}, {"type": "Feature", "geometry": {"type": "Point", "coordinates": [9.21911027, 42.41732613]}, "properties": {"route": "D239", "pr": "5", "abs": 5000, "label": "D239 PR5+5000"}}, {"type": "Feature", "geometry": {"type": "Point", "coordinates": [9.22403643, 42.41097075]}, "properties": {"route": "D239", "pr": "7", "abs": 7000, "label": "D239 PR7+7000"}}, {"type": "Feature", "geometry": {"type": "Point", "coordinates": [9.26284403, 42.36311342]}, "properties": {"route": "D239", "pr": "21", "abs": 21000, "label": "D239 PR21+21000"}}, {"type": "Feature", "geometry": {"type": "Point", "coordinates": [9.26146551, 42.36845932]}, "properties": {"route": "D239", "pr": "20", "abs": 20000, "label": "D239 PR20+20000"}}, {"type": "Feature", "geometry": {"type": "Point", "coordinates": [9.20748003, 42.40443069]}, "properties": {"route": "D239", "pr": "2", "abs": 2000, "label": "D239 PR2+2000"}}, {"type": "Feature", "geometry": {"type": "Point", "coordinates": [9.19818751, 42.40510352]}, "properties": {"route": "D239", "pr": "1", "abs": 1000, "label": "D239 PR1+1000"}}, {"type": "Feature", "geometry": {"type": "Point", "coordinates": [9.24514491, 42.39527507]}, "properties": {"route": "D239", "pr": "11", "abs": 11000, "label": "D239 PR11+11000"}}, {"type": "Feature", "geometry": {"type": "Point", "coordinates": [9.43683469, 42.62054713]}, "properties": {"route": "D62", "pr": "0", "abs": 0, "label": "D62 PR0"}}, {"type": "Feature", "geometry": {"type": "Point", "coordinates": [9.34055851, 42.59526786]}, "properties": {"route": "D62", "pr": "11", "abs": 11000, "label": "D62 PR11+11000"}}, {"type": "Feature", "geometry": {"type": "Point", "coordinates": [9.27032745, 42.62615511]}, "properties": {"route": "D62", "pr": "31", "abs": 31000, "label": "D62 PR31+31000"}}, {"type": "Feature", "geometry": {"type": "Point", "coordinates": [9.38688612, 42.60542929]}, "properties": {"route": "D62", "pr": "6", "abs": 6000, "label": "D62 PR6+6000"}}, {"type": "Feature", "geometry": {"type": "Point", "coordinates": [9.2674024, 42.58500648]}, "properties": {"route": "D62", "pr": "21", "abs": 21000, "label": "D62 PR21+21000"}}, {"type": "Feature", "geometry": {"type": "Point", "coordinates": [9.40317241, 42.60886438]}, "properties": {"route": "D62", "pr": "4", "abs": 4000, "label": "D62 PR4+4000"}}, {"type": "Feature", "geometry": {"type": "Point", "coordinates": [9.27855331, 42.62622786]}, "properties": {"route": "D62", "pr": "30", "abs": 30000, "label": "D62 PR30+30000"}}, {"type": "Feature", "geometry": {"type": "Point", "coordinates": [9.42015062, 42.61423448]}, "properties": {"route": "D62", "pr": "2", "abs": 2000, "label": "D62 PR2+2000"}}, {"type": "Feature", "geometry": {"type": "Point", "coordinates": [9.31443236, 42.59114237]}, "properties": {"route": "D62", "pr": "14", "abs": 14000, "label": "D62 PR14+14000"}}, {"type": "Feature", "geometry": {"type": "Point", "coordinates": [9.35641238, 42.60071517]}, "properties": {"route": "D62", "pr": "9", "abs": 9000, "label": "D62 PR9+9000"}}, {"type": "Feature", "geometry": {"type": "Point", "coordinates": [9.42655778, 42.61984706]}, "properties": {"route": "D62", "pr": "1", "abs": 1000, "label": "D62 PR1+1000"}}, {"type": "Feature", "geometry": {"type": "Point", "coordinates": [9.28805559, 42.57947966]}, "properties": {"route": "D62", "pr": "18", "abs": 18000, "label": "D62 PR18+18000"}}, {"type": "Feature", "geometry": {"type": "Point", "coordinates": [9.26970176, 42.61057776]}, "properties": {"route": "D62", "pr": "27", "abs": 27000, "label": "D62 PR27+27000"}}, {"type": "Feature", "geometry": {"type": "Point", "coordinates": [9.30057553, 42.58812449]}, "properties": {"route": "D62", "pr": "16", "abs": 16000, "label": "D62 PR16+16000"}}, {"type": "Feature", "geometry": {"type": "Point", "coordinates": [9.37625006, 42.60316586]}, "properties": {"route": "D62", "pr": "7", "abs": 7000, "label": "D62 PR7+7000"}}, {"type": "Feature", "geometry": {"type": "Point", "coordinates": [9.26933866, 42.59074833]}, "properties": {"route": "D62", "pr": "22", "abs": 22000, "label": "D62 PR22+22000"}}, {"type": "Feature", "geometry": {"type": "Point", "coordinates": [9.27317872, 42.63005952]}, "properties": {"route": "D62", "pr": "32", "abs": 32000, "label": "D62 PR32+32000"}}, {"type": "Feature", "geometry": {"type": "Point", "coordinates": [9.32279928, 42.59597232]}, "properties": {"route": "D62", "pr": "13", "abs": 13000, "label": "D62 PR13+13000"}}, {"type": "Feature", "geometry": {"type": "Point", "coordinates": [9.25697089, 42.60292178]}, "properties": {"route": "D62", "pr": "25", "abs": 25000, "label": "D62 PR25+25000"}}, {"type": "Feature", "geometry": {"type": "Point", "coordinates": [9.27164486, 42.6372791]}, "properties": {"route": "D62", "pr": "33", "abs": 33000, "label": "D62 PR33+33000"}}, {"type": "Feature", "geometry": {"type": "Point", "coordinates": [9.39360474, 42.61040433]}, "properties": {"route": "D62", "pr": "5", "abs": 5000, "label": "D62 PR5+5000"}}, {"type": "Feature", "geometry": {"type": "Point", "coordinates": [9.28061512, 42.62085573]}, "properties": {"route": "D62", "pr": "29", "abs": 29000, "label": "D62 PR29+29000"}}, {"type": "Feature", "geometry": {"type": "Point", "coordinates": [9.27490257, 42.6142429]}, "properties": {"route": "D62", "pr": "28", "abs": 28000, "label": "D62 PR28+28000"}}, {"type": "Feature", "geometry": {"type": "Point", "coordinates": [9.26479648, 42.6400073]}, "properties": {"route": "D62", "pr": "34", "abs": 34000, "label": "D62 PR34+34000"}}, {"type": "Feature", "geometry": {"type": "Point", "coordinates": [9.2753119, 42.58387392]}, "properties": {"route": "D62", "pr": "20", "abs": 20000, "label": "D62 PR20+20000"}}, {"type": "Feature", "geometry": {"type": "Point", "coordinates": [9.26286495, 42.59991631]}, "properties": {"route": "D62", "pr": "24", "abs": 24000, "label": "D62 PR24+24000"}}, {"type": "Feature", "geometry": {"type": "Point", "coordinates": [9.28144263, 42.57814422]}, "properties": {"route": "D62", "pr": "19", "abs": 19000, "label": "D62 PR19+19000"}}, {"type": "Feature", "geometry": {"type": "Point", "coordinates": [9.347245, 42.60060274]}, "properties": {"route": "D62", "pr": "10", "abs": 10000, "label": "D62 PR10+10000"}}, {"type": "Feature", "geometry": {"type": "Point", "coordinates": [9.33187987, 42.59338803]}, "properties": {"route": "D62", "pr": "12", "abs": 12000, "label": "D62 PR12+12000"}}, {"type": "Feature", "geometry": {"type": "Point", "coordinates": [9.29228285, 42.58568038]}, "properties": {"route": "D62", "pr": "17", "abs": 17000, "label": "D62 PR17+17000"}}, {"type": "Feature", "geometry": {"type": "Point", "coordinates": [9.26657824, 42.59619541]}, "properties": {"route": "D62", "pr": "23", "abs": 23000, "label": "D62 PR23+23000"}}, {"type": "Feature", "geometry": {"type": "Point", "coordinates": [9.26084346, 42.6068629]}, "properties": {"route": "D62", "pr": "26", "abs": 26000, "label": "D62 PR26+26000"}}, {"type": "Feature", "geometry": {"type": "Point", "coordinates": [9.26874073, 42.64951706]}, "properties": {"route": "D62", "pr": "36", "abs": 36000, "label": "D62 PR36+36000"}}, {"type": "Feature", "geometry": {"type": "Point", "coordinates": [9.30672944, 42.59125729]}, "properties": {"route": "D62", "pr": "15", "abs": 15000, "label": "D62 PR15+15000"}}, {"type": "Feature", "geometry": {"type": "Point", "coordinates": [9.26950809, 42.64489306]}, "properties": {"route": "D62", "pr": "35", "abs": 35000, "label": "D62 PR35+35000"}}, {"type": "Feature", "geometry": {"type": "Point", "coordinates": [9.41333388, 42.61124309]}, "properties": {"route": "D62", "pr": "3", "abs": 3000, "label": "D62 PR3+3000"}}, {"type": "Feature", "geometry": {"type": "Point", "coordinates": [9.36554223, 42.60250397]}, "properties": {"route": "D62", "pr": "8", "abs": 8000, "label": "D62 PR8+8000"}}, {"type": "Feature", "geometry": {"type": "Point", "coordinates": [9.13809772, 42.12986464]}, "properties": {"route": "D523", "pr": "0", "abs": 0, "label": "D523 PR0"}}, {"type": "Feature", "geometry": {"type": "Point", "coordinates": [9.13524843, 42.12710692]}, "properties": {"route": "D523", "pr": "1", "abs": 1000, "label": "D523 PR1+1000"}}, {"type": "Feature", "geometry": {"type": "Point", "coordinates": [9.46698963, 42.75547569]}, "properties": {"route": "D54", "pr": "0", "abs": 0, "label": "D54 PR0"}}, {"type": "Feature", "geometry": {"type": "Point", "coordinates": [9.45813863, 42.77842522]}, "properties": {"route": "D54", "pr": "8", "abs": 8000, "label": "D54 PR8+8000"}}, {"type": "Feature", "geometry": {"type": "Point", "coordinates": [9.46922376, 42.77524087]}, "properties": {"route": "D54", "pr": "10", "abs": 10000, "label": "D54 PR10+10000"}}, {"type": "Feature", "geometry": {"type": "Point", "coordinates": [9.46673345, 42.7742024]}, "properties": {"route": "D54", "pr": "9", "abs": 9000, "label": "D54 PR9+9000"}}, {"type": "Feature", "geometry": {"type": "Point", "coordinates": [9.46229152, 42.77205576]}, "properties": {"route": "D54", "pr": "6", "abs": 6000, "label": "D54 PR6+6000"}}, {"type": "Feature", "geometry": {"type": "Point", "coordinates": [9.45592115, 42.75653076]}, "properties": {"route": "D54", "pr": "1", "abs": 1000, "label": "D54 PR1+1000"}}, {"type": "Feature", "geometry": {"type": "Point", "coordinates": [9.45631454, 42.76605735]}, "properties": {"route": "D54", "pr": "5", "abs": 5000, "label": "D54 PR5+5000"}}, {"type": "Feature", "geometry": {"type": "Point", "coordinates": [9.45533039, 42.75798914]}, "properties": {"route": "D54", "pr": "2", "abs": 2000, "label": "D54 PR2+2000"}}, {"type": "Feature", "geometry": {"type": "Point", "coordinates": [9.45829578, 42.76636624]}, "properties": {"route": "D54", "pr": "4", "abs": 4000, "label": "D54 PR4+4000"}}, {"type": "Feature", "geometry": {"type": "Point", "coordinates": [9.46124162, 42.76391119]}, "properties": {"route": "D54", "pr": "3", "abs": 3000, "label": "D54 PR3+3000"}}, {"type": "Feature", "geometry": {"type": "Point", "coordinates": [9.45491488, 42.77831219]}, "properties": {"route": "D54", "pr": "7", "abs": 7000, "label": "D54 PR7+7000"}}, {"type": "Feature", "geometry": {"type": "Point", "coordinates": [9.27149241, 41.9795263]}, "properties": {"route": "D945", "pr": "0", "abs": 0, "label": "D945 PR0"}}, {"type": "Feature", "geometry": {"type": "Point", "coordinates": [9.28665748, 41.97326833]}, "properties": {"route": "D945", "pr": "3", "abs": 3000, "label": "D945 PR3+3000"}}, {"type": "Feature", "geometry": {"type": "Point", "coordinates": [9.29813031, 41.97880619]}, "properties": {"route": "D945", "pr": "5", "abs": 5000, "label": "D945 PR5+5000"}}, {"type": "Feature", "geometry": {"type": "Point", "coordinates": [9.3058381, 41.98532855]}, "properties": {"route": "D945", "pr": "6", "abs": 6000, "label": "D945 PR6+6000"}}, {"type": "Feature", "geometry": {"type": "Point", "coordinates": [9.2811108, 41.9770728]}, "properties": {"route": "D945", "pr": "2", "abs": 2000, "label": "D945 PR2+2000"}}, {"type": "Feature", "geometry": {"type": "Point", "coordinates": [9.27539314, 41.97802559]}, "properties": {"route": "D945", "pr": "1", "abs": 1000, "label": "D945 PR1+1000"}}, {"type": "Feature", "geometry": {"type": "Point", "coordinates": [9.29246362, 41.97656725]}, "properties": {"route": "D945", "pr": "4", "abs": 4000, "label": "D945 PR4+4000"}}, {"type": "Feature", "geometry": {"type": "Point", "coordinates": [9.3027385, 41.98515035]}, "properties": {"route": "D945", "pr": "7", "abs": 7000, "label": "D945 PR7+7000"}}, {"type": "Feature", "geometry": {"type": "Point", "coordinates": [9.30523332, 42.43708001]}, "properties": {"route": "D639", "pr": "0", "abs": 0, "label": "D639 PR0"}}, {"type": "Feature", "geometry": {"type": "Point", "coordinates": [9.29956465, 42.41885919]}, "properties": {"route": "D639", "pr": "5", "abs": 5000, "label": "D639 PR5+5000"}}, {"type": "Feature", "geometry": {"type": "Point", "coordinates": [9.28123723, 42.40085348]}, "properties": {"route": "D639", "pr": "11", "abs": 11000, "label": "D639 PR11+11000"}}, {"type": "Feature", "geometry": {"type": "Point", "coordinates": [9.29736435, 42.42477134]}, "properties": {"route": "D639", "pr": "4", "abs": 4000, "label": "D639 PR4+4000"}}, {"type": "Feature", "geometry": {"type": "Point", "coordinates": [9.29206772, 42.3987]}, "properties": {"route": "D639", "pr": "10", "abs": 10000, "label": "D639 PR10+10000"}}, {"type": "Feature", "geometry": {"type": "Point", "coordinates": [9.28983995, 42.38586558]}, "properties": {"route": "D639", "pr": "14", "abs": 14000, "label": "D639 PR14+14000"}}, {"type": "Feature", "geometry": {"type": "Point", "coordinates": [9.28487339, 42.40859513]}, "properties": {"route": "D639", "pr": "8", "abs": 8000, "label": "D639 PR8+8000"}}, {"type": "Feature", "geometry": {"type": "Point", "coordinates": [9.31188305, 42.42829221]}, "properties": {"route": "D639", "pr": "2", "abs": 2000, "label": "D639 PR2+2000"}}, {"type": "Feature", "geometry": {"type": "Point", "coordinates": [9.28331187, 42.38881425]}, "properties": {"route": "D639", "pr": "13", "abs": 13000, "label": "D639 PR13+13000"}}, {"type": "Feature", "geometry": {"type": "Point", "coordinates": [9.30499256, 42.42901381]}, "properties": {"route": "D639", "pr": "3", "abs": 3000, "label": "D639 PR3+3000"}}, {"type": "Feature", "geometry": {"type": "Point", "coordinates": [9.30965104, 42.43343021]}, "properties": {"route": "D639", "pr": "1", "abs": 1000, "label": "D639 PR1+1000"}}, {"type": "Feature", "geometry": {"type": "Point", "coordinates": [9.28633846, 42.4154904]}, "properties": {"route": "D639", "pr": "7", "abs": 7000, "label": "D639 PR7+7000"}}, {"type": "Feature", "geometry": {"type": "Point", "coordinates": [9.29175191, 42.41841008]}, "properties": {"route": "D639", "pr": "6", "abs": 6000, "label": "D639 PR6+6000"}}, {"type": "Feature", "geometry": {"type": "Point", "coordinates": [9.29234455, 42.4017097]}, "properties": {"route": "D639", "pr": "9", "abs": 9000, "label": "D639 PR9+9000"}}, {"type": "Feature", "geometry": {"type": "Point", "coordinates": [9.28850651, 42.38474344]}, "properties": {"route": "D639", "pr": "15", "abs": 15000, "label": "D639 PR15+15000"}}, {"type": "Feature", "geometry": {"type": "Point", "coordinates": [9.27872247, 42.39596433]}, "properties": {"route": "D639", "pr": "12", "abs": 12000, "label": "D639 PR12+12000"}}, {"type": "Feature", "geometry": {"type": "Point", "coordinates": [9.29162354, 42.36958668]}, "properties": {"route": "D839", "pr": "0", "abs": 0, "label": "D839 PR0"}}, {"type": "Feature", "geometry": {"type": "Point", "coordinates": [9.29444161, 42.37344214]}, "properties": {"route": "D839", "pr": "1", "abs": 1000, "label": "D839 PR1+1000"}}, {"type": "Feature", "geometry": {"type": "Point", "coordinates": [9.28635081, 42.38829914]}, "properties": {"route": "D939A", "pr": "0", "abs": 0, "label": "D939A PR0"}}, {"type": "Feature", "geometry": {"type": "Point", "coordinates": [9.29779999, 42.38873678]}, "properties": {"route": "D939A", "pr": "2", "abs": 2000, "label": "D939A PR2+2000"}}, {"type": "Feature", "geometry": {"type": "Point", "coordinates": [9.29144726, 42.38792637]}, "properties": {"route": "D939A", "pr": "1", "abs": 1000, "label": "D939A PR1+1000"}}, {"type": "Feature", "geometry": {"type": "Point", "coordinates": [9.50619793, 42.15016837]}, "properties": {"route": "D16", "pr": "0", "abs": 0, "label": "D16 PR0"}}, {"type": "Feature", "geometry": {"type": "Point", "coordinates": [9.44977188, 42.23180574]}, "properties": {"route": "D16", "pr": "12", "abs": 12000, "label": "D16 PR12+12000"}}, {"type": "Feature", "geometry": {"type": "Point", "coordinates": [9.49915428, 42.15477923]}, "properties": {"route": "D16", "pr": "1", "abs": 1000, "label": "D16 PR1+1000"}}, {"type": "Feature", "geometry": {"type": "Point", "coordinates": [9.45162197, 42.22557167]}, "properties": {"route": "D16", "pr": "11", "abs": 11000, "label": "D16 PR11+11000"}}, {"type": "Feature", "geometry": {"type": "Point", "coordinates": [9.43802043, 42.24640856]}, "properties": {"route": "D16", "pr": "16", "abs": 16000, "label": "D16 PR16+16000"}}, {"type": "Feature", "geometry": {"type": "Point", "coordinates": [9.36264032, 42.29675145]}, "properties": {"route": "D16", "pr": "32", "abs": 32000, "label": "D16 PR32+32000"}}, {"type": "Feature", "geometry": {"type": "Point", "coordinates": [9.42340199, 42.25192967]}, "properties": {"route": "D16", "pr": "18", "abs": 18000, "label": "D16 PR18+18000"}}, {"type": "Feature", "geometry": {"type": "Point", "coordinates": [9.30712068, 42.2871641]}, "properties": {"route": "D16", "pr": "44", "abs": 44000, "label": "D16 PR44+44000"}}, {"type": "Feature", "geometry": {"type": "Point", "coordinates": [9.41963904, 42.2591951]}, "properties": {"route": "D16", "pr": "19", "abs": 19000, "label": "D16 PR19+19000"}}, {"type": "Feature", "geometry": {"type": "Point", "coordinates": [9.34122967, 42.27786329]}, "properties": {"route": "D16", "pr": "37", "abs": 37000, "label": "D16 PR37+37000"}}, {"type": "Feature", "geometry": {"type": "Point", "coordinates": [9.44380595, 42.23220099]}, "properties": {"route": "D16", "pr": "14", "abs": 14000, "label": "D16 PR14+14000"}}, {"type": "Feature", "geometry": {"type": "Point", "coordinates": [9.41737057, 42.28164735]}, "properties": {"route": "D16", "pr": "24", "abs": 24000, "label": "D16 PR24+24000"}}, {"type": "Feature", "geometry": {"type": "Point", "coordinates": [9.35476959, 42.28997102]}, "properties": {"route": "D16", "pr": "34", "abs": 34000, "label": "D16 PR34+34000"}}, {"type": "Feature", "geometry": {"type": "Point", "coordinates": [9.31658865, 42.28712208]}, "properties": {"route": "D16", "pr": "43", "abs": 43000, "label": "D16 PR43+43000"}}, {"type": "Feature", "geometry": {"type": "Point", "coordinates": [9.33984992, 42.27688363]}, "properties": {"route": "D16", "pr": "38", "abs": 38000, "label": "D16 PR38+38000"}}, {"type": "Feature", "geometry": {"type": "Point", "coordinates": [9.46125277, 42.20900826]}, "properties": {"route": "D16", "pr": "8", "abs": 8000, "label": "D16 PR8+8000"}}, {"type": "Feature", "geometry": {"type": "Point", "coordinates": [9.30394138, 42.28274314]}, "properties": {"route": "D16", "pr": "45", "abs": 45000, "label": "D16 PR45+45000"}}, {"type": "Feature", "geometry": {"type": "Point", "coordinates": [9.4822807, 42.16703183]}, "properties": {"route": "D16", "pr": "3", "abs": 3000, "label": "D16 PR3+3000"}}, {"type": "Feature", "geometry": {"type": "Point", "coordinates": [9.42046015, 42.27860836]}, "properties": {"route": "D16", "pr": "23", "abs": 23000, "label": "D16 PR23+23000"}}, {"type": "Feature", "geometry": {"type": "Point", "coordinates": [9.28638696, 42.26338382]}, "properties": {"route": "D16", "pr": "48", "abs": 48000, "label": "D16 PR48+48000"}}, {"type": "Feature", "geometry": {"type": "Point", "coordinates": [9.33248428, 42.27332934]}, "properties": {"route": "D16", "pr": "39", "abs": 39000, "label": "D16 PR39+39000"}}, {"type": "Feature", "geometry": {"type": "Point", "coordinates": [9.29756669, 42.27600544]}, "properties": {"route": "D16", "pr": "46", "abs": 46000, "label": "D16 PR46+46000"}}, {"type": "Feature", "geometry": {"type": "Point", "coordinates": [9.38933664, 42.2811346]}, "properties": {"route": "D16", "pr": "27", "abs": 27000, "label": "D16 PR27+27000"}}, {"type": "Feature", "geometry": {"type": "Point", "coordinates": [9.45762429, 42.21745987]}, "properties": {"route": "D16", "pr": "9", "abs": 9000, "label": "D16 PR9+9000"}}, {"type": "Feature", "geometry": {"type": "Point", "coordinates": [9.36264066, 42.28908372]}, "properties": {"route": "D16", "pr": "33", "abs": 33000, "label": "D16 PR33+33000"}}, {"type": "Feature", "geometry": {"type": "Point", "coordinates": [9.39833348, 42.28077278]}, "properties": {"route": "D16", "pr": "26", "abs": 26000, "label": "D16 PR26+26000"}}, {"type": "Feature", "geometry": {"type": "Point", "coordinates": [9.42730895, 42.26952743]}, "properties": {"route": "D16", "pr": "21", "abs": 21000, "label": "D16 PR21+21000"}}, {"type": "Feature", "geometry": {"type": "Point", "coordinates": [9.42645572, 42.2721165]}, "properties": {"route": "D16", "pr": "22", "abs": 22000, "label": "D16 PR22+22000"}}, {"type": "Feature", "geometry": {"type": "Point", "coordinates": [9.46486936, 42.20043644]}, "properties": {"route": "D16", "pr": "7", "abs": 7000, "label": "D16 PR7+7000"}}, {"type": "Feature", "geometry": {"type": "Point", "coordinates": [9.43064439, 42.25099392]}, "properties": {"route": "D16", "pr": "17", "abs": 17000, "label": "D16 PR17+17000"}}, {"type": "Feature", "geometry": {"type": "Point", "coordinates": [9.33199591, 42.28353594]}, "properties": {"route": "D16", "pr": "41", "abs": 41000, "label": "D16 PR41+41000"}}, {"type": "Feature", "geometry": {"type": "Point", "coordinates": [9.3694944, 42.29483724]}, "properties": {"route": "D16", "pr": "31", "abs": 31000, "label": "D16 PR31+31000"}}, {"type": "Feature", "geometry": {"type": "Point", "coordinates": [9.47352315, 42.18378004]}, "properties": {"route": "D16", "pr": "5", "abs": 5000, "label": "D16 PR5+5000"}}, {"type": "Feature", "geometry": {"type": "Point", "coordinates": [9.44912232, 42.2378712]}, "properties": {"route": "D16", "pr": "13", "abs": 13000, "label": "D16 PR13+13000"}}, {"type": "Feature", "geometry": {"type": "Point", "coordinates": [9.44760496, 42.22141592]}, "properties": {"route": "D16", "pr": "10", "abs": 10000, "label": "D16 PR10+10000"}}, {"type": "Feature", "geometry": {"type": "Point", "coordinates": [9.47787421, 42.17540186]}, "properties": {"route": "D16", "pr": "4", "abs": 4000, "label": "D16 PR4+4000"}}, {"type": "Feature", "geometry": {"type": "Point", "coordinates": [9.43825226, 42.23823247]}, "properties": {"route": "D16", "pr": "15", "abs": 15000, "label": "D16 PR15+15000"}}, {"type": "Feature", "geometry": {"type": "Point", "coordinates": [9.34221553, 42.28356486]}, "properties": {"route": "D16", "pr": "36", "abs": 36000, "label": "D16 PR36+36000"}}, {"type": "Feature", "geometry": {"type": "Point", "coordinates": [9.4087749, 42.28033015]}, "properties": {"route": "D16", "pr": "25", "abs": 25000, "label": "D16 PR25+25000"}}, {"type": "Feature", "geometry": {"type": "Point", "coordinates": [9.29075563, 42.27098741]}, "properties": {"route": "D16", "pr": "47", "abs": 47000, "label": "D16 PR47+47000"}}, {"type": "Feature", "geometry": {"type": "Point", "coordinates": [9.41961356, 42.26477264]}, "properties": {"route": "D16", "pr": "20", "abs": 20000, "label": "D16 PR20+20000"}}, {"type": "Feature", "geometry": {"type": "Point", "coordinates": [9.38289097, 42.27532]}, "properties": {"route": "D16", "pr": "28", "abs": 28000, "label": "D16 PR28+28000"}}, {"type": "Feature", "geometry": {"type": "Point", "coordinates": [9.32302944, 42.28570885]}, "properties": {"route": "D16", "pr": "42", "abs": 42000, "label": "D16 PR42+42000"}}, {"type": "Feature", "geometry": {"type": "Point", "coordinates": [9.37607012, 42.28102468]}, "properties": {"route": "D16", "pr": "29", "abs": 29000, "label": "D16 PR29+29000"}}, {"type": "Feature", "geometry": {"type": "Point", "coordinates": [9.46848913, 42.19185892]}, "properties": {"route": "D16", "pr": "6", "abs": 6000, "label": "D16 PR6+6000"}}, {"type": "Feature", "geometry": {"type": "Point", "coordinates": [9.37387503, 42.28842756]}, "properties": {"route": "D16", "pr": "30", "abs": 30000, "label": "D16 PR30+30000"}}, {"type": "Feature", "geometry": {"type": "Point", "coordinates": [9.34791432, 42.2863663]}, "properties": {"route": "D16", "pr": "35", "abs": 35000, "label": "D16 PR35+35000"}}, {"type": "Feature", "geometry": {"type": "Point", "coordinates": [9.49168782, 42.1616002]}, "properties": {"route": "D16", "pr": "2", "abs": 2000, "label": "D16 PR2+2000"}}, {"type": "Feature", "geometry": {"type": "Point", "coordinates": [9.33343061, 42.27656555]}, "properties": {"route": "D16", "pr": "40", "abs": 40000, "label": "D16 PR40+40000"}}, {"type": "Feature", "geometry": {"type": "Point", "coordinates": [9.45238679, 42.4407124]}, "properties": {"route": "D36", "pr": "0", "abs": 0, "label": "D36 PR0"}}, {"type": "Feature", "geometry": {"type": "Point", "coordinates": [9.42002512, 42.41433828]}, "properties": {"route": "D36", "pr": "8", "abs": 8000, "label": "D36 PR8+8000"}}, {"type": "Feature", "geometry": {"type": "Point", "coordinates": [9.40025073, 42.4150813]}, "properties": {"route": "D36", "pr": "12", "abs": 12000, "label": "D36 PR12+12000"}}, {"type": "Feature", "geometry": {"type": "Point", "coordinates": [9.45152969, 42.42303629]}, "properties": {"route": "D36", "pr": "3", "abs": 3000, "label": "D36 PR3+3000"}}, {"type": "Feature", "geometry": {"type": "Point", "coordinates": [9.44156861, 42.41607361]}, "properties": {"route": "D36", "pr": "5", "abs": 5000, "label": "D36 PR5+5000"}}, {"type": "Feature", "geometry": {"type": "Point", "coordinates": [9.40485311, 42.41917076]}, "properties": {"route": "D36", "pr": "10", "abs": 10000, "label": "D36 PR10+10000"}}, {"type": "Feature", "geometry": {"type": "Point", "coordinates": [9.40587424, 42.41539917]}, "properties": {"route": "D36", "pr": "11", "abs": 11000, "label": "D36 PR11+11000"}}, {"type": "Feature", "geometry": {"type": "Point", "coordinates": [9.39380633, 42.41230097]}, "properties": {"route": "D36", "pr": "13", "abs": 13000, "label": "D36 PR13+13000"}}, {"type": "Feature", "geometry": {"type": "Point", "coordinates": [9.43706336, 42.4097639]}, "properties": {"route": "D36", "pr": "6", "abs": 6000, "label": "D36 PR6+6000"}}, {"type": "Feature", "geometry": {"type": "Point", "coordinates": [9.45220383, 42.42778069]}, "properties": {"route": "D36", "pr": "2", "abs": 2000, "label": "D36 PR2+2000"}}, {"type": "Feature", "geometry": {"type": "Point", "coordinates": [9.4473148, 42.41786093]}, "properties": {"route": "D36", "pr": "4", "abs": 4000, "label": "D36 PR4+4000"}}, {"type": "Feature", "geometry": {"type": "Point", "coordinates": [9.45482484, 42.43422066]}, "properties": {"route": "D36", "pr": "1", "abs": 1000, "label": "D36 PR1+1000"}}, {"type": "Feature", "geometry": {"type": "Point", "coordinates": [9.41569093, 42.41758042]}, "properties": {"route": "D36", "pr": "9", "abs": 9000, "label": "D36 PR9+9000"}}, {"type": "Feature", "geometry": {"type": "Point", "coordinates": [9.42693143, 42.4091161]}, "properties": {"route": "D36", "pr": "7", "abs": 7000, "label": "D36 PR7+7000"}}, {"type": "Feature", "geometry": {"type": "Point", "coordinates": [9.13897929, 42.47724815]}, "properties": {"route": "D147", "pr": "0", "abs": 0, "label": "D147 PR0"}}, {"type": "Feature", "geometry": {"type": "Point", "coordinates": [8.94748629, 42.41572901]}, "properties": {"route": "D147", "pr": "22", "abs": 22000, "label": "D147 PR22+22000"}}, {"type": "Feature", "geometry": {"type": "Point", "coordinates": [8.93852037, 42.40694473]}, "properties": {"route": "D147", "pr": "24", "abs": 24000, "label": "D147 PR24+24000"}}, {"type": "Feature", "geometry": {"type": "Point", "coordinates": [8.96699991, 42.42495198]}, "properties": {"route": "D147", "pr": "20", "abs": 20000, "label": "D147 PR20+20000"}}, {"type": "Feature", "geometry": {"type": "Point", "coordinates": [9.02816964, 42.45136413]}, "properties": {"route": "D147", "pr": "13", "abs": 13000, "label": "D147 PR13+13000"}}, {"type": "Feature", "geometry": {"type": "Point", "coordinates": [9.09028156, 42.45885717]}, "properties": {"route": "D147", "pr": "5", "abs": 5000, "label": "D147 PR5+5000"}}, {"type": "Feature", "geometry": {"type": "Point", "coordinates": [9.12907827, 42.47280926]}, "properties": {"route": "D147", "pr": "1", "abs": 1000, "label": "D147 PR1+1000"}}, {"type": "Feature", "geometry": {"type": "Point", "coordinates": [8.95812375, 42.41954789]}, "properties": {"route": "D147", "pr": "21", "abs": 21000, "label": "D147 PR21+21000"}}, {"type": "Feature", "geometry": {"type": "Point", "coordinates": [8.92404898, 42.39996666]}, "properties": {"route": "D147", "pr": "26", "abs": 26000, "label": "D147 PR26+26000"}}, {"type": "Feature", "geometry": {"type": "Point", "coordinates": [9.00357504, 42.44053756]}, "properties": {"route": "D147", "pr": "16", "abs": 16000, "label": "D147 PR16+16000"}}, {"type": "Feature", "geometry": {"type": "Point", "coordinates": [9.07991909, 42.45753835]}, "properties": {"route": "D147", "pr": "6", "abs": 6000, "label": "D147 PR6+6000"}}, {"type": "Feature", "geometry": {"type": "Point", "coordinates": [9.02296814, 42.44593952]}, "properties": {"route": "D147", "pr": "14", "abs": 14000, "label": "D147 PR14+14000"}}, {"type": "Feature", "geometry": {"type": "Point", "coordinates": [8.97766623, 42.42835643]}, "properties": {"route": "D147", "pr": "19", "abs": 19000, "label": "D147 PR19+19000"}}, {"type": "Feature", "geometry": {"type": "Point", "coordinates": [9.01254287, 42.44412122]}, "properties": {"route": "D147", "pr": "15", "abs": 15000, "label": "D147 PR15+15000"}}, {"type": "Feature", "geometry": {"type": "Point", "coordinates": [8.99639618, 42.43620786]}, "properties": {"route": "D147", "pr": "17", "abs": 17000, "label": "D147 PR17+17000"}}, {"type": "Feature", "geometry": {"type": "Point", "coordinates": [9.03296657, 42.45769408]}, "properties": {"route": "D147", "pr": "12", "abs": 12000, "label": "D147 PR12+12000"}}, {"type": "Feature", "geometry": {"type": "Point", "coordinates": [8.92928372, 42.40265485]}, "properties": {"route": "D147", "pr": "25", "abs": 25000, "label": "D147 PR25+25000"}}, {"type": "Feature", "geometry": {"type": "Point", "coordinates": [9.07266471, 42.45670388]}, "properties": {"route": "D147", "pr": "7", "abs": 7000, "label": "D147 PR7+7000"}}, {"type": "Feature", "geometry": {"type": "Point", "coordinates": [9.06187309, 42.45430345]}, "properties": {"route": "D147", "pr": "8", "abs": 8000, "label": "D147 PR8+8000"}}, {"type": "Feature", "geometry": {"type": "Point", "coordinates": [9.05224501, 42.45460262]}, "properties": {"route": "D147", "pr": "9", "abs": 9000, "label": "D147 PR9+9000"}}, {"type": "Feature", "geometry": {"type": "Point", "coordinates": [9.03849328, 42.45426409]}, "properties": {"route": "D147", "pr": "11", "abs": 11000, "label": "D147 PR11+11000"}}, {"type": "Feature", "geometry": {"type": "Point", "coordinates": [9.09933007, 42.46436243]}, "properties": {"route": "D147", "pr": "4", "abs": 4000, "label": "D147 PR4+4000"}}, {"type": "Feature", "geometry": {"type": "Point", "coordinates": [9.04416693, 42.4573606]}, "properties": {"route": "D147", "pr": "10", "abs": 10000, "label": "D147 PR10+10000"}}, {"type": "Feature", "geometry": {"type": "Point", "coordinates": [8.98635394, 42.43367055]}, "properties": {"route": "D147", "pr": "18", "abs": 18000, "label": "D147 PR18+18000"}}, {"type": "Feature", "geometry": {"type": "Point", "coordinates": [9.11834295, 42.46909732]}, "properties": {"route": "D147", "pr": "2", "abs": 2000, "label": "D147 PR2+2000"}}, {"type": "Feature", "geometry": {"type": "Point", "coordinates": [8.94057567, 42.41076902]}, "properties": {"route": "D147", "pr": "23", "abs": 23000, "label": "D147 PR23+23000"}}, {"type": "Feature", "geometry": {"type": "Point", "coordinates": [9.1076456, 42.46815371]}, "properties": {"route": "D147", "pr": "3", "abs": 3000, "label": "D147 PR3+3000"}}, {"type": "Feature", "geometry": {"type": "Point", "coordinates": [9.22655624, 42.33004995]}, "properties": {"route": "D341", "pr": "0", "abs": 0, "label": "D341 PR0"}}, {"type": "Feature", "geometry": {"type": "Point", "coordinates": [9.22734049, 42.32622188]}, "properties": {"route": "D341", "pr": "1", "abs": 1000, "label": "D341 PR1+1000"}}, {"type": "Feature", "geometry": {"type": "Point", "coordinates": [9.21040706, 42.31715767]}, "properties": {"route": "D341", "pr": "4", "abs": 4000, "label": "D341 PR4+4000"}}, {"type": "Feature", "geometry": {"type": "Point", "coordinates": [9.20158142, 42.3037512]}, "properties": {"route": "D341", "pr": "6", "abs": 6000, "label": "D341 PR6+6000"}}, {"type": "Feature", "geometry": {"type": "Point", "coordinates": [9.19862772, 42.29560182]}, "properties": {"route": "D341", "pr": "7", "abs": 7000, "label": "D341 PR7+7000"}}, {"type": "Feature", "geometry": {"type": "Point", "coordinates": [9.22170614, 42.32039359]}, "properties": {"route": "D341", "pr": "2", "abs": 2000, "label": "D341 PR2+2000"}}, {"type": "Feature", "geometry": {"type": "Point", "coordinates": [9.2132547, 42.31950368]}, "properties": {"route": "D341", "pr": "3", "abs": 3000, "label": "D341 PR3+3000"}}, {"type": "Feature", "geometry": {"type": "Point", "coordinates": [9.2038151, 42.31144866]}, "properties": {"route": "D341", "pr": "5", "abs": 5000, "label": "D341 PR5+5000"}}, {"type": "Feature", "geometry": {"type": "Point", "coordinates": [9.232656, 42.40839659]}, "properties": {"route": "D239A", "pr": "0", "abs": 0, "label": "D239A PR0"}}, {"type": "Feature", "geometry": {"type": "Point", "coordinates": [9.23300513, 42.41352546]}, "properties": {"route": "D239A", "pr": "1", "abs": 1000, "label": "D239A PR1+1000"}}, {"type": "Feature", "geometry": {"type": "Point", "coordinates": [9.40693279, 42.45100736]}, "properties": {"route": "D637", "pr": "0", "abs": 0, "label": "D637 PR0"}}, {"type": "Feature", "geometry": {"type": "Point", "coordinates": [9.33427634, 42.80892983]}, "properties": {"route": "D233", "pr": "0", "abs": 0, "label": "D233 PR0"}}, {"type": "Feature", "geometry": {"type": "Point", "coordinates": [9.35682724, 42.81360071]}, "properties": {"route": "D233", "pr": "3", "abs": 3000, "label": "D233 PR3+3000"}}, {"type": "Feature", "geometry": {"type": "Point", "coordinates": [9.35930809, 42.81365269]}, "properties": {"route": "D233", "pr": "4", "abs": 4000, "label": "D233 PR4+4000"}}, {"type": "Feature", "geometry": {"type": "Point", "coordinates": [9.36792394, 42.80871274]}, "properties": {"route": "D233", "pr": "5", "abs": 5000, "label": "D233 PR5+5000"}}, {"type": "Feature", "geometry": {"type": "Point", "coordinates": [9.35069827, 42.81617566]}, "properties": {"route": "D233", "pr": "2", "abs": 2000, "label": "D233 PR2+2000"}}, {"type": "Feature", "geometry": {"type": "Point", "coordinates": [9.37178526, 42.80966649]}, "properties": {"route": "D233", "pr": "7", "abs": 7000, "label": "D233 PR7+7000"}}, {"type": "Feature", "geometry": {"type": "Point", "coordinates": [9.34311379, 42.81578828]}, "properties": {"route": "D233", "pr": "1", "abs": 1000, "label": "D233 PR1+1000"}}, {"type": "Feature", "geometry": {"type": "Point", "coordinates": [9.37265954, 42.80454177]}, "properties": {"route": "D233", "pr": "6", "abs": 6000, "label": "D233 PR6+6000"}}, {"type": "Feature", "geometry": {"type": "Point", "coordinates": [9.44265931, 42.51693777]}, "properties": {"route": "D110", "pr": "0", "abs": 0, "label": "D110 PR0"}}, {"type": "Feature", "geometry": {"type": "Point", "coordinates": [9.39786887, 42.49699939]}, "properties": {"route": "D110", "pr": "8", "abs": 8000, "label": "D110 PR8+8000"}}, {"type": "Feature", "geometry": {"type": "Point", "coordinates": [9.3906739, 42.50051682]}, "properties": {"route": "D110", "pr": "9", "abs": 9000, "label": "D110 PR9+9000"}}, {"type": "Feature", "geometry": {"type": "Point", "coordinates": [9.40262011, 42.50910217]}, "properties": {"route": "D110", "pr": "6", "abs": 6000, "label": "D110 PR6+6000"}}, {"type": "Feature", "geometry": {"type": "Point", "coordinates": [9.4092447, 42.51121366]}, "properties": {"route": "D110", "pr": "5", "abs": 5000, "label": "D110 PR5+5000"}}, {"type": "Feature", "geometry": {"type": "Point", "coordinates": [9.43240556, 42.51296944]}, "properties": {"route": "D110", "pr": "1", "abs": 1000, "label": "D110 PR1+1000"}}, {"type": "Feature", "geometry": {"type": "Point", "coordinates": [9.37605596, 42.50713897]}, "properties": {"route": "D110", "pr": "11", "abs": 11000, "label": "D110 PR11+11000"}}, {"type": "Feature", "geometry": {"type": "Point", "coordinates": [9.42066467, 42.51425607]}, "properties": {"route": "D110", "pr": "3", "abs": 3000, "label": "D110 PR3+3000"}}, {"type": "Feature", "geometry": {"type": "Point", "coordinates": [9.38362482, 42.50498457]}, "properties": {"route": "D110", "pr": "10", "abs": 10000, "label": "D110 PR10+10000"}}, {"type": "Feature", "geometry": {"type": "Point", "coordinates": [9.41649711, 42.51169237]}, "properties": {"route": "D110", "pr": "4", "abs": 4000, "label": "D110 PR4+4000"}}, {"type": "Feature", "geometry": {"type": "Point", "coordinates": [9.40383004, 42.50225077]}, "properties": {"route": "D110", "pr": "7", "abs": 7000, "label": "D110 PR7+7000"}}, {"type": "Feature", "geometry": {"type": "Point", "coordinates": [9.42617454, 42.51388586]}, "properties": {"route": "D110", "pr": "2", "abs": 2000, "label": "D110 PR2+2000"}}, {"type": "Feature", "geometry": {"type": "Point", "coordinates": [9.30665562, 42.11430407]}, "properties": {"route": "D344A", "pr": "0", "abs": 0, "label": "D344A PR0"}}, {"type": "Feature", "geometry": {"type": "Point", "coordinates": [9.31086301, 42.10272498]}, "properties": {"route": "D344A", "pr": "2", "abs": 2000, "label": "D344A PR2+2000"}}, {"type": "Feature", "geometry": {"type": "Point", "coordinates": [9.30892079, 42.11001435]}, "properties": {"route": "D344A", "pr": "1", "abs": 1000, "label": "D344A PR1+1000"}}, {"type": "Feature", "geometry": {"type": "Point", "coordinates": [9.30705809, 42.29524531]}, "properties": {"route": "D939B", "pr": "0", "abs": 0, "label": "D939B PR0"}}, {"type": "Feature", "geometry": {"type": "Point", "coordinates": [8.95684308, 42.30703391]}, "properties": {"route": "D84", "pr": "52", "abs": 52000, "label": "D84 PR52+52000"}}, {"type": "Feature", "geometry": {"type": "Point", "coordinates": [8.95004173, 42.30434452]}, "properties": {"route": "D84", "pr": "51", "abs": 51000, "label": "D84 PR51+51000"}}, {"type": "Feature", "geometry": {"type": "Point", "coordinates": [9.02661158, 42.33547602]}, "properties": {"route": "D84", "pr": "60", "abs": 60000, "label": "D84 PR60+60000"}}, {"type": "Feature", "geometry": {"type": "Point", "coordinates": [8.97372188, 42.31634994]}, "properties": {"route": "D84", "pr": "54", "abs": 54000, "label": "D84 PR54+54000"}}, {"type": "Feature", "geometry": {"type": "Point", "coordinates": [9.0924518, 42.37518077]}, "properties": {"route": "D84", "pr": "69", "abs": 69000, "label": "D84 PR69+69000"}}, {"type": "Feature", "geometry": {"type": "Point", "coordinates": [9.12057299, 42.37652653]}, "properties": {"route": "D84", "pr": "72", "abs": 72000, "label": "D84 PR72+72000"}}, {"type": "Feature", "geometry": {"type": "Point", "coordinates": [9.16225172, 42.38279472]}, "properties": {"route": "D84", "pr": "76", "abs": 76000, "label": "D84 PR76+76000"}}, {"type": "Feature", "geometry": {"type": "Point", "coordinates": [9.00836181, 42.33381564]}, "properties": {"route": "D84", "pr": "58", "abs": 58000, "label": "D84 PR58+58000"}}, {"type": "Feature", "geometry": {"type": "Point", "coordinates": [9.18502961, 42.39255312]}, "properties": {"route": "D84", "pr": "79", "abs": 79000, "label": "D84 PR79+79000"}}, {"type": "Feature", "geometry": {"type": "Point", "coordinates": [8.96536478, 42.31158303]}, "properties": {"route": "D84", "pr": "53", "abs": 53000, "label": "D84 PR53+53000"}}, {"type": "Feature", "geometry": {"type": "Point", "coordinates": [8.89868159, 42.27955098]}, "properties": {"route": "D84", "pr": "44", "abs": 44000, "label": "D84 PR44+44000"}}, {"type": "Feature", "geometry": {"type": "Point", "coordinates": [8.88551317, 42.29697103]}, "properties": {"route": "D84", "pr": "39", "abs": 39000, "label": "D84 PR39+39000"}}, {"type": "Feature", "geometry": {"type": "Point", "coordinates": [8.90735049, 42.28451684]}, "properties": {"route": "D84", "pr": "43", "abs": 43000, "label": "D84 PR43+43000"}}, {"type": "Feature", "geometry": {"type": "Point", "coordinates": [8.93615623, 42.29477049]}, "properties": {"route": "D84", "pr": "49", "abs": 49000, "label": "D84 PR49+49000"}}, {"type": "Feature", "geometry": {"type": "Point", "coordinates": [8.90480122, 42.27628437]}, "properties": {"route": "D84", "pr": "45", "abs": 45000, "label": "D84 PR45+45000"}}, {"type": "Feature", "geometry": {"type": "Point", "coordinates": [9.05256607, 42.35203422]}, "properties": {"route": "D84", "pr": "64", "abs": 64000, "label": "D84 PR64+64000"}}, {"type": "Feature", "geometry": {"type": "Point", "coordinates": [8.90049099, 42.29263557]}, "properties": {"route": "D84", "pr": "41", "abs": 41000, "label": "D84 PR41+41000"}}, {"type": "Feature", "geometry": {"type": "Point", "coordinates": [9.05913796, 42.35860707]}, "properties": {"route": "D84", "pr": "65", "abs": 65000, "label": "D84 PR65+65000"}}, {"type": "Feature", "geometry": {"type": "Point", "coordinates": [9.06741379, 42.36385097]}, "properties": {"route": "D84", "pr": "66", "abs": 66000, "label": "D84 PR66+66000"}}, {"type": "Feature", "geometry": {"type": "Point", "coordinates": [8.90734786, 42.28969737]}, "properties": {"route": "D84", "pr": "42", "abs": 42000, "label": "D84 PR42+42000"}}, {"type": "Feature", "geometry": {"type": "Point", "coordinates": [9.03370441, 42.34230535]}, "properties": {"route": "D84", "pr": "61", "abs": 61000, "label": "D84 PR61+61000"}}, {"type": "Feature", "geometry": {"type": "Point", "coordinates": [9.03763799, 42.3431915]}, "properties": {"route": "D84", "pr": "62", "abs": 62000, "label": "D84 PR62+62000"}}, {"type": "Feature", "geometry": {"type": "Point", "coordinates": [9.11326252, 42.37208181]}, "properties": {"route": "D84", "pr": "71", "abs": 71000, "label": "D84 PR71+71000"}}, {"type": "Feature", "geometry": {"type": "Point", "coordinates": [9.04798299, 42.34456184]}, "properties": {"route": "D84", "pr": "63", "abs": 63000, "label": "D84 PR63+63000"}}, {"type": "Feature", "geometry": {"type": "Point", "coordinates": [8.92956127, 42.2896368]}, "properties": {"route": "D84", "pr": "48", "abs": 48000, "label": "D84 PR48+48000"}}, {"type": "Feature", "geometry": {"type": "Point", "coordinates": [9.08281435, 42.37456535]}, "properties": {"route": "D84", "pr": "68", "abs": 68000, "label": "D84 PR68+68000"}}, {"type": "Feature", "geometry": {"type": "Point", "coordinates": [8.91401269, 42.2798568]}, "properties": {"route": "D84", "pr": "46", "abs": 46000, "label": "D84 PR46+46000"}}, {"type": "Feature", "geometry": {"type": "Point", "coordinates": [9.07510913, 42.36899231]}, "properties": {"route": "D84", "pr": "67", "abs": 67000, "label": "D84 PR67+67000"}}, {"type": "Feature", "geometry": {"type": "Point", "coordinates": [8.8888125, 42.28834437]}, "properties": {"route": "D84", "pr": "36", "abs": 36000, "label": "D84 PR36+36000"}}, {"type": "Feature", "geometry": {"type": "Point", "coordinates": [9.16566308, 42.38959577]}, "properties": {"route": "D84", "pr": "77", "abs": 77000, "label": "D84 PR77+77000"}}, {"type": "Feature", "geometry": {"type": "Point", "coordinates": [8.88932058, 42.29212661]}, "properties": {"route": "D84", "pr": "40", "abs": 40000, "label": "D84 PR40+40000"}}, {"type": "Feature", "geometry": {"type": "Point", "coordinates": [9.1515657, 42.38044579]}, "properties": {"route": "D84", "pr": "75", "abs": 75000, "label": "D84 PR75+75000"}}, {"type": "Feature", "geometry": {"type": "Point", "coordinates": [8.92286621, 42.28515727]}, "properties": {"route": "D84", "pr": "47", "abs": 47000, "label": "D84 PR47+47000"}}, {"type": "Feature", "geometry": {"type": "Point", "coordinates": [9.12946222, 42.3809988]}, "properties": {"route": "D84", "pr": "73", "abs": 73000, "label": "D84 PR73+73000"}}, {"type": "Feature", "geometry": {"type": "Point", "coordinates": [9.10346089, 42.37289668]}, "properties": {"route": "D84", "pr": "70", "abs": 70000, "label": "D84 PR70+70000"}}, {"type": "Feature", "geometry": {"type": "Point", "coordinates": [9.01908529, 42.33659865]}, "properties": {"route": "D84", "pr": "59", "abs": 59000, "label": "D84 PR59+59000"}}, {"type": "Feature", "geometry": {"type": "Point", "coordinates": [9.14141924, 42.3820639]}, "properties": {"route": "D84", "pr": "74", "abs": 74000, "label": "D84 PR74+74000"}}, {"type": "Feature", "geometry": {"type": "Point", "coordinates": [9.17384978, 42.39108336]}, "properties": {"route": "D84", "pr": "78", "abs": 78000, "label": "D84 PR78+78000"}}, {"type": "Feature", "geometry": {"type": "Point", "coordinates": [8.94300773, 42.29988411]}, "properties": {"route": "D84", "pr": "50", "abs": 50000, "label": "D84 PR50+50000"}}, {"type": "Feature", "geometry": {"type": "Point", "coordinates": [8.98780727, 42.32821251]}, "properties": {"route": "D84", "pr": "56", "abs": 56000, "label": "D84 PR56+56000"}}, {"type": "Feature", "geometry": {"type": "Point", "coordinates": [8.99866836, 42.329552]}, "properties": {"route": "D84", "pr": "57", "abs": 57000, "label": "D84 PR57+57000"}}, {"type": "Feature", "geometry": {"type": "Point", "coordinates": [8.8974171, 42.28817579]}, "properties": {"route": "D84", "pr": "37", "abs": 37000, "label": "D84 PR37+37000"}}, {"type": "Feature", "geometry": {"type": "Point", "coordinates": [8.88724698, 42.29066356]}, "properties": {"route": "D84", "pr": "38", "abs": 38000, "label": "D84 PR38+38000"}}, {"type": "Feature", "geometry": {"type": "Point", "coordinates": [8.98067747, 42.3229213]}, "properties": {"route": "D84", "pr": "55", "abs": 55000, "label": "D84 PR55+55000"}}, {"type": "Feature", "geometry": {"type": "Point", "coordinates": [9.37966536, 42.34442214]}, "properties": {"route": "D417", "pr": "0", "abs": 0, "label": "D417 PR0"}}, {"type": "Feature", "geometry": {"type": "Point", "coordinates": [9.17243167, 42.23199169]}, "properties": {"route": "D340", "pr": "0", "abs": 0, "label": "D340 PR0"}}, {"type": "Feature", "geometry": {"type": "Point", "coordinates": [9.17315234, 42.23867892]}, "properties": {"route": "D340", "pr": "1", "abs": 1000, "label": "D340 PR1+1000"}}, {"type": "Feature", "geometry": {"type": "Point", "coordinates": [9.17335525, 42.24692068]}, "properties": {"route": "D340", "pr": "3", "abs": 3000, "label": "D340 PR3+3000"}}, {"type": "Feature", "geometry": {"type": "Point", "coordinates": [9.17156659, 42.24111675]}, "properties": {"route": "D340", "pr": "2", "abs": 2000, "label": "D340 PR2+2000"}}, {"type": "Feature", "geometry": {"type": "Point", "coordinates": [9.47950233, 42.40310669]}, "properties": {"route": "D430", "pr": "0", "abs": 0, "label": "D430 PR0"}}, {"type": "Feature", "geometry": {"type": "Point", "coordinates": [9.47491138, 42.39550503]}, "properties": {"route": "D430", "pr": "2", "abs": 2000, "label": "D430 PR2+2000"}}, {"type": "Feature", "geometry": {"type": "Point", "coordinates": [9.47531077, 42.40063214]}, "properties": {"route": "D430", "pr": "1", "abs": 1000, "label": "D430 PR1+1000"}}, {"type": "Feature", "geometry": {"type": "Point", "coordinates": [9.45256217, 42.48467397]}, "properties": {"route": "D37", "pr": "0", "abs": 0, "label": "D37 PR0"}}, {"type": "Feature", "geometry": {"type": "Point", "coordinates": [9.46481973, 42.49216039]}, "properties": {"route": "D37", "pr": "3", "abs": 3000, "label": "D37 PR3+3000"}}, {"type": "Feature", "geometry": {"type": "Point", "coordinates": [9.485592, 42.50131097]}, "properties": {"route": "D37", "pr": "5", "abs": 5000, "label": "D37 PR5+5000"}}, {"type": "Feature", "geometry": {"type": "Point", "coordinates": [9.51506335, 42.51365319]}, "properties": {"route": "D37", "pr": "8", "abs": 8000, "label": "D37 PR8+8000"}}, {"type": "Feature", "geometry": {"type": "Point", "coordinates": [9.46416803, 42.48945898]}, "properties": {"route": "D37", "pr": "2", "abs": 2000, "label": "D37 PR2+2000"}}, {"type": "Feature", "geometry": {"type": "Point", "coordinates": [9.49488348, 42.50703949]}, "properties": {"route": "D37", "pr": "6", "abs": 6000, "label": "D37 PR6+6000"}}, {"type": "Feature", "geometry": {"type": "Point", "coordinates": [9.47576878, 42.49633029]}, "properties": {"route": "D37", "pr": "4", "abs": 4000, "label": "D37 PR4+4000"}}, {"type": "Feature", "geometry": {"type": "Point", "coordinates": [9.45959873, 42.4853728]}, "properties": {"route": "D37", "pr": "1", "abs": 1000, "label": "D37 PR1+1000"}}, {"type": "Feature", "geometry": {"type": "Point", "coordinates": [9.52700498, 42.51419017]}, "properties": {"route": "D37", "pr": "9", "abs": 9000, "label": "D37 PR9+9000"}}, {"type": "Feature", "geometry": {"type": "Point", "coordinates": [9.50543203, 42.5113096]}, "properties": {"route": "D37", "pr": "7", "abs": 7000, "label": "D37 PR7+7000"}}, {"type": "Feature", "geometry": {"type": "Point", "coordinates": [9.44519908, 42.69954876]}, "properties": {"route": "D231", "pr": "0", "abs": 0, "label": "D231 PR0"}}, {"type": "Feature", "geometry": {"type": "Point", "coordinates": [9.42951675, 42.70579907]}, "properties": {"route": "D231", "pr": "2", "abs": 2000, "label": "D231 PR2+2000"}}, {"type": "Feature", "geometry": {"type": "Point", "coordinates": [9.43572642, 42.70311307]}, "properties": {"route": "D231", "pr": "1", "abs": 1000, "label": "D231 PR1+1000"}}, {"type": "Feature", "geometry": {"type": "Point", "coordinates": [9.39105837, 42.46876796]}, "properties": {"route": "D10B", "pr": "0", "abs": 0, "label": "D10B PR0"}}, {"type": "Feature", "geometry": {"type": "Point", "coordinates": [9.39059649, 42.47511498]}, "properties": {"route": "D10B", "pr": "1", "abs": 1000, "label": "D10B PR1+1000"}}, {"type": "Feature", "geometry": {"type": "Point", "coordinates": [9.38592059, 42.48077699]}, "properties": {"route": "D10B", "pr": "2", "abs": 2000, "label": "D10B PR2+2000"}}, {"type": "Feature", "geometry": {"type": "Point", "coordinates": [9.40651459, 42.8971873]}, "properties": {"route": "D532", "pr": "0", "abs": 0, "label": "D532 PR0"}}, {"type": "Feature", "geometry": {"type": "Point", "coordinates": [9.38115725, 42.90566619]}, "properties": {"route": "D532", "pr": "3", "abs": 3000, "label": "D532 PR3+3000"}}, {"type": "Feature", "geometry": {"type": "Point", "coordinates": [9.39737228, 42.90303133]}, "properties": {"route": "D532", "pr": "1", "abs": 1000, "label": "D532 PR1+1000"}}, {"type": "Feature", "geometry": {"type": "Point", "coordinates": [9.38020327, 42.90405839]}, "properties": {"route": "D532", "pr": "4", "abs": 4000, "label": "D532 PR4+4000"}}, {"type": "Feature", "geometry": {"type": "Point", "coordinates": [9.38618512, 42.90536221]}, "properties": {"route": "D532", "pr": "2", "abs": 2000, "label": "D532 PR2+2000"}}, {"type": "Feature", "geometry": {"type": "Point", "coordinates": [9.24786169, 42.18417878]}, "properties": {"route": "D243", "pr": "0", "abs": 0, "label": "D243 PR0"}}, {"type": "Feature", "geometry": {"type": "Point", "coordinates": [9.24356094, 42.17904439]}, "properties": {"route": "D243", "pr": "1", "abs": 1000, "label": "D243 PR1+1000"}}, {"type": "Feature", "geometry": {"type": "Point", "coordinates": [9.34834864, 42.39040785]}, "properties": {"route": "D46", "pr": "0", "abs": 0, "label": "D46 PR0"}}, {"type": "Feature", "geometry": {"type": "Point", "coordinates": [9.39194074, 42.39899537]}, "properties": {"route": "D46", "pr": "9", "abs": 9000, "label": "D46 PR9+9000"}}, {"type": "Feature", "geometry": {"type": "Point", "coordinates": [9.36190863, 42.38971613]}, "properties": {"route": "D46", "pr": "5", "abs": 5000, "label": "D46 PR5+5000"}}, {"type": "Feature", "geometry": {"type": "Point", "coordinates": [9.40706506, 42.37365182]}, "properties": {"route": "D46", "pr": "16", "abs": 16000, "label": "D46 PR16+16000"}}, {"type": "Feature", "geometry": {"type": "Point", "coordinates": [9.3962651, 42.39453203]}, "properties": {"route": "D46", "pr": "11", "abs": 11000, "label": "D46 PR11+11000"}}, {"type": "Feature", "geometry": {"type": "Point", "coordinates": [9.37668885, 42.37533294]}, "properties": {"route": "D46", "pr": "24", "abs": 24000, "label": "D46 PR24+24000"}}, {"type": "Feature", "geometry": {"type": "Point", "coordinates": [9.39476853, 42.39751951]}, "properties": {"route": "D46", "pr": "10", "abs": 10000, "label": "D46 PR10+10000"}}, {"type": "Feature", "geometry": {"type": "Point", "coordinates": [9.38787001, 42.39790813]}, "properties": {"route": "D46", "pr": "8", "abs": 8000, "label": "D46 PR8+8000"}}, {"type": "Feature", "geometry": {"type": "Point", "coordinates": [9.36377884, 42.39313724]}, "properties": {"route": "D46", "pr": "4", "abs": 4000, "label": "D46 PR4+4000"}}, {"type": "Feature", "geometry": {"type": "Point", "coordinates": [9.38060033, 42.39432101]}, "properties": {"route": "D46", "pr": "7", "abs": 7000, "label": "D46 PR7+7000"}}, {"type": "Feature", "geometry": {"type": "Point", "coordinates": [9.38317687, 42.37403894]}, "properties": {"route": "D46", "pr": "21", "abs": 21000, "label": "D46 PR21+21000"}}, {"type": "Feature", "geometry": {"type": "Point", "coordinates": [9.38234362, 42.37182199]}, "properties": {"route": "D46", "pr": "22", "abs": 22000, "label": "D46 PR22+22000"}}, {"type": "Feature", "geometry": {"type": "Point", "coordinates": [9.35674309, 42.39784876]}, "properties": {"route": "D46", "pr": "2", "abs": 2000, "label": "D46 PR2+2000"}}, {"type": "Feature", "geometry": {"type": "Point", "coordinates": [9.36382486, 42.39430767]}, "properties": {"route": "D46", "pr": "3", "abs": 3000, "label": "D46 PR3+3000"}}, {"type": "Feature", "geometry": {"type": "Point", "coordinates": [9.40623943, 42.39208628]}, "properties": {"route": "D46", "pr": "12", "abs": 12000, "label": "D46 PR12+12000"}}, {"type": "Feature", "geometry": {"type": "Point", "coordinates": [9.38961893, 42.37313867]}, "properties": {"route": "D46", "pr": "20", "abs": 20000, "label": "D46 PR20+20000"}}, {"type": "Feature", "geometry": {"type": "Point", "coordinates": [9.39935208, 42.38881827]}, "properties": {"route": "D46", "pr": "13", "abs": 13000, "label": "D46 PR13+13000"}}, {"type": "Feature", "geometry": {"type": "Point", "coordinates": [9.40328027, 42.37643649]}, "properties": {"route": "D46", "pr": "15", "abs": 15000, "label": "D46 PR15+15000"}}, {"type": "Feature", "geometry": {"type": "Point", "coordinates": [9.39237664, 42.36747658]}, "properties": {"route": "D46", "pr": "19", "abs": 19000, "label": "D46 PR19+19000"}}, {"type": "Feature", "geometry": {"type": "Point", "coordinates": [9.38018799, 42.37709414]}, "properties": {"route": "D46", "pr": "23", "abs": 23000, "label": "D46 PR23+23000"}}, {"type": "Feature", "geometry": {"type": "Point", "coordinates": [9.37063199, 42.39000702]}, "properties": {"route": "D46", "pr": "6", "abs": 6000, "label": "D46 PR6+6000"}}, {"type": "Feature", "geometry": {"type": "Point", "coordinates": [9.35051906, 42.39644071]}, "properties": {"route": "D46", "pr": "1", "abs": 1000, "label": "D46 PR1+1000"}}, {"type": "Feature", "geometry": {"type": "Point", "coordinates": [9.39890482, 42.38207103]}, "properties": {"route": "D46", "pr": "14", "abs": 14000, "label": "D46 PR14+14000"}}, {"type": "Feature", "geometry": {"type": "Point", "coordinates": [9.35329853, 42.63057475]}, "properties": {"route": "D38", "pr": "0", "abs": 0, "label": "D38 PR0"}}, {"type": "Feature", "geometry": {"type": "Point", "coordinates": [9.35816734, 42.6526167]}, "properties": {"route": "D38", "pr": "4", "abs": 4000, "label": "D38 PR4+4000"}}, {"type": "Feature", "geometry": {"type": "Point", "coordinates": [9.35747356, 42.64165299]}, "properties": {"route": "D38", "pr": "2", "abs": 2000, "label": "D38 PR2+2000"}}, {"type": "Feature", "geometry": {"type": "Point", "coordinates": [9.35626472, 42.6360462]}, "properties": {"route": "D38", "pr": "1", "abs": 1000, "label": "D38 PR1+1000"}}, {"type": "Feature", "geometry": {"type": "Point", "coordinates": [9.36047057, 42.64518515]}, "properties": {"route": "D38", "pr": "3", "abs": 3000, "label": "D38 PR3+3000"}}, {"type": "Feature", "geometry": {"type": "Point", "coordinates": [9.36233517, 42.65749617]}, "properties": {"route": "D38", "pr": "5", "abs": 5000, "label": "D38 PR5+5000"}}, {"type": "Feature", "geometry": {"type": "Point", "coordinates": [9.36896824, 42.66226998]}, "properties": {"route": "D38", "pr": "6", "abs": 6000, "label": "D38 PR6+6000"}}, {"type": "Feature", "geometry": {"type": "Point", "coordinates": [9.37092074, 42.66949401]}, "properties": {"route": "D38", "pr": "7", "abs": 7000, "label": "D38 PR7+7000"}}, {"type": "Feature", "geometry": {"type": "Point", "coordinates": [9.37951049, 42.67807709]}, "properties": {"route": "D38", "pr": "9", "abs": 9000, "label": "D38 PR9+9000"}}, {"type": "Feature", "geometry": {"type": "Point", "coordinates": [9.37201707, 42.67625232]}, "properties": {"route": "D38", "pr": "8", "abs": 8000, "label": "D38 PR8+8000"}}, {"type": "Feature", "geometry": {"type": "Point", "coordinates": [9.207356, 42.45651074]}, "properties": {"route": "D815", "pr": "0", "abs": 0, "label": "D815 PR0"}}, {"type": "Feature", "geometry": {"type": "Point", "coordinates": [9.20345226, 42.46452882]}, "properties": {"route": "D815", "pr": "1", "abs": 1000, "label": "D815 PR1+1000"}}, {"type": "Feature", "geometry": {"type": "Point", "coordinates": [9.20858615, 42.3429837]}, "properties": {"route": "D141", "pr": "0", "abs": 0, "label": "D141 PR0"}}, {"type": "Feature", "geometry": {"type": "Point", "coordinates": [9.20302227, 42.28217944]}, "properties": {"route": "D214", "pr": "0", "abs": 0, "label": "D214 PR0"}}, {"type": "Feature", "geometry": {"type": "Point", "coordinates": [9.372739, 42.59904274]}, "properties": {"route": "D305", "pr": "0", "abs": 0, "label": "D305 PR0"}}, {"type": "Feature", "geometry": {"type": "Point", "coordinates": [9.35135941, 42.57168129]}, "properties": {"route": "D305", "pr": "6", "abs": 6000, "label": "D305 PR6+6000"}}, {"type": "Feature", "geometry": {"type": "Point", "coordinates": [9.36632726, 42.57957588]}, "properties": {"route": "D305", "pr": "3", "abs": 3000, "label": "D305 PR3+3000"}}, {"type": "Feature", "geometry": {"type": "Point", "coordinates": [9.35309845, 42.57505001]}, "properties": {"route": "D305", "pr": "5", "abs": 5000, "label": "D305 PR5+5000"}}, {"type": "Feature", "geometry": {"type": "Point", "coordinates": [9.37109293, 42.59213477]}, "properties": {"route": "D305", "pr": "1", "abs": 1000, "label": "D305 PR1+1000"}}, {"type": "Feature", "geometry": {"type": "Point", "coordinates": [9.33182356, 42.57949218]}, "properties": {"route": "D305", "pr": "9", "abs": 9000, "label": "D305 PR9+9000"}}, {"type": "Feature", "geometry": {"type": "Point", "coordinates": [9.34607974, 42.57584955]}, "properties": {"route": "D305", "pr": "7", "abs": 7000, "label": "D305 PR7+7000"}}, {"type": "Feature", "geometry": {"type": "Point", "coordinates": [9.3392031, 42.58008543]}, "properties": {"route": "D305", "pr": "8", "abs": 8000, "label": "D305 PR8+8000"}}, {"type": "Feature", "geometry": {"type": "Point", "coordinates": [9.37174684, 42.58543939]}, "properties": {"route": "D305", "pr": "2", "abs": 2000, "label": "D305 PR2+2000"}}, {"type": "Feature", "geometry": {"type": "Point", "coordinates": [9.35769102, 42.57667566]}, "properties": {"route": "D305", "pr": "4", "abs": 4000, "label": "D305 PR4+4000"}}, {"type": "Feature", "geometry": {"type": "Point", "coordinates": [9.1258798, 42.51463164]}, "properties": {"route": "D547", "pr": "0", "abs": 0, "label": "D547 PR0"}}, {"type": "Feature", "geometry": {"type": "Point", "coordinates": [9.08425974, 42.54447066]}, "properties": {"route": "D547", "pr": "7", "abs": 7000, "label": "D547 PR7+7000"}}, {"type": "Feature", "geometry": {"type": "Point", "coordinates": [9.06513875, 42.55217308]}, "properties": {"route": "D547", "pr": "9", "abs": 9000, "label": "D547 PR9+9000"}}, {"type": "Feature", "geometry": {"type": "Point", "coordinates": [9.10049294, 42.53988106]}, "properties": {"route": "D547", "pr": "5", "abs": 5000, "label": "D547 PR5+5000"}}, {"type": "Feature", "geometry": {"type": "Point", "coordinates": [9.09077455, 42.54274246]}, "properties": {"route": "D547", "pr": "6", "abs": 6000, "label": "D547 PR6+6000"}}, {"type": "Feature", "geometry": {"type": "Point", "coordinates": [9.10882754, 42.53660937]}, "properties": {"route": "D547", "pr": "4", "abs": 4000, "label": "D547 PR4+4000"}}, {"type": "Feature", "geometry": {"type": "Point", "coordinates": [9.07441158, 42.54731717]}, "properties": {"route": "D547", "pr": "8", "abs": 8000, "label": "D547 PR8+8000"}}, {"type": "Feature", "geometry": {"type": "Point", "coordinates": [9.11893373, 42.51854189]}, "properties": {"route": "D547", "pr": "1", "abs": 1000, "label": "D547 PR1+1000"}}, {"type": "Feature", "geometry": {"type": "Point", "coordinates": [9.05589205, 42.55728269]}, "properties": {"route": "D547", "pr": "10", "abs": 10000, "label": "D547 PR10+10000"}}, {"type": "Feature", "geometry": {"type": "Point", "coordinates": [9.1190382, 42.52216143]}, "properties": {"route": "D547", "pr": "2", "abs": 2000, "label": "D547 PR2+2000"}}, {"type": "Feature", "geometry": {"type": "Point", "coordinates": [9.11495684, 42.529838]}, "properties": {"route": "D547", "pr": "3", "abs": 3000, "label": "D547 PR3+3000"}}, {"type": "Feature", "geometry": {"type": "Point", "coordinates": [9.47712372, 42.81013575]}, "properties": {"route": "D32", "pr": "1", "abs": 1000, "label": "D32 PR1+1000"}}, {"type": "Feature", "geometry": {"type": "Point", "coordinates": [9.184214, 42.06979184]}, "properties": {"route": "D169", "pr": "0", "abs": 0, "label": "D169 PR0"}}, {"type": "Feature", "geometry": {"type": "Point", "coordinates": [9.15879513, 42.07909711]}, "properties": {"route": "D169", "pr": "11", "abs": 11000, "label": "D169 PR11+11000"}}, {"type": "Feature", "geometry": {"type": "Point", "coordinates": [9.17932198, 42.06480084]}, "properties": {"route": "D169", "pr": "4", "abs": 4000, "label": "D169 PR4+4000"}}, {"type": "Feature", "geometry": {"type": "Point", "coordinates": [9.15807235, 42.07782335]}, "properties": {"route": "D169", "pr": "10", "abs": 10000, "label": "D169 PR10+10000"}}, {"type": "Feature", "geometry": {"type": "Point", "coordinates": [9.16769893, 42.06418244]}, "properties": {"route": "D169", "pr": "7", "abs": 7000, "label": "D169 PR7+7000"}}, {"type": "Feature", "geometry": {"type": "Point", "coordinates": [9.15823499, 42.0800427]}, "properties": {"route": "D169", "pr": "12", "abs": 12000, "label": "D169 PR12+12000"}}, {"type": "Feature", "geometry": {"type": "Point", "coordinates": [9.17860775, 42.07143897]}, "properties": {"route": "D169", "pr": "1", "abs": 1000, "label": "D169 PR1+1000"}}, {"type": "Feature", "geometry": {"type": "Point", "coordinates": [9.174718, 42.06120695]}, "properties": {"route": "D169", "pr": "6", "abs": 6000, "label": "D169 PR6+6000"}}, {"type": "Feature", "geometry": {"type": "Point", "coordinates": [9.16280728, 42.07042401]}, "properties": {"route": "D169", "pr": "8", "abs": 8000, "label": "D169 PR8+8000"}}, {"type": "Feature", "geometry": {"type": "Point", "coordinates": [9.18335855, 42.06516064]}, "properties": {"route": "D169", "pr": "3", "abs": 3000, "label": "D169 PR3+3000"}}, {"type": "Feature", "geometry": {"type": "Point", "coordinates": [9.15180199, 42.0778908]}, "properties": {"route": "D169", "pr": "13", "abs": 13000, "label": "D169 PR13+13000"}}, {"type": "Feature", "geometry": {"type": "Point", "coordinates": [9.16321161, 42.07405687]}, "properties": {"route": "D169", "pr": "9", "abs": 9000, "label": "D169 PR9+9000"}}, {"type": "Feature", "geometry": {"type": "Point", "coordinates": [9.18208594, 42.06699703]}, "properties": {"route": "D169", "pr": "2", "abs": 2000, "label": "D169 PR2+2000"}}, {"type": "Feature", "geometry": {"type": "Point", "coordinates": [9.17657878, 42.06370834]}, "properties": {"route": "D169", "pr": "5", "abs": 5000, "label": "D169 PR5+5000"}}, {"type": "Feature", "geometry": {"type": "Point", "coordinates": [9.44420956, 42.6769605]}, "properties": {"route": "D264", "pr": "0", "abs": 0, "label": "D264 PR0"}}, {"type": "Feature", "geometry": {"type": "Point", "coordinates": [9.40887878, 42.6794495]}, "properties": {"route": "D264", "pr": "4", "abs": 4000, "label": "D264 PR4+4000"}}, {"type": "Feature", "geometry": {"type": "Point", "coordinates": [9.41634157, 42.68278549]}, "properties": {"route": "D264", "pr": "3", "abs": 3000, "label": "D264 PR3+3000"}}, {"type": "Feature", "geometry": {"type": "Point", "coordinates": [9.42217823, 42.68203051]}, "properties": {"route": "D264", "pr": "2", "abs": 2000, "label": "D264 PR2+2000"}}, {"type": "Feature", "geometry": {"type": "Point", "coordinates": [9.43293246, 42.67783083]}, "properties": {"route": "D264", "pr": "1", "abs": 1000, "label": "D264 PR1+1000"}}, {"type": "Feature", "geometry": {"type": "Point", "coordinates": [9.01172404, 42.33519291]}, "properties": {"route": "D218C", "pr": "0", "abs": 0, "label": "D218C PR0"}}, {"type": "Feature", "geometry": {"type": "Point", "coordinates": [9.45735176, 42.47494131]}, "properties": {"route": "D406", "pr": "0", "abs": 0, "label": "D406 PR0"}}, {"type": "Feature", "geometry": {"type": "Point", "coordinates": [9.45933622, 42.47888855]}, "properties": {"route": "D406", "pr": "1", "abs": 1000, "label": "D406 PR1+1000"}}, {"type": "Feature", "geometry": {"type": "Point", "coordinates": [8.82290838, 42.51088294]}, "properties": {"route": "D51", "pr": "5", "abs": 5000, "label": "D51 PR5+5000"}}, {"type": "Feature", "geometry": {"type": "Point", "coordinates": [9.45787816, 42.74329608]}, "properties": {"route": "D331", "pr": "0", "abs": 0, "label": "D331 PR0"}}, {"type": "Feature", "geometry": {"type": "Point", "coordinates": [9.4673708, 42.48162595]}, "properties": {"route": "D406", "pr": "2", "abs": 2000, "label": "D406 PR2+2000"}}, {"type": "Feature", "geometry": {"type": "Point", "coordinates": [9.46190662, 42.74893109]}, "properties": {"route": "D331", "pr": "1", "abs": 1000, "label": "D331 PR1+1000"}}, {"type": "Feature", "geometry": {"type": "Point", "coordinates": [9.48308592, 42.48323685]}, "properties": {"route": "D406", "pr": "4", "abs": 4000, "label": "D406 PR4+4000"}}, {"type": "Feature", "geometry": {"type": "Point", "coordinates": [9.1931496, 42.40325576]}, "properties": {"route": "D118", "pr": "0", "abs": 0, "label": "D118 PR0"}}, {"type": "Feature", "geometry": {"type": "Point", "coordinates": [9.47471531, 42.48249807]}, "properties": {"route": "D406", "pr": "3", "abs": 3000, "label": "D406 PR3+3000"}}, {"type": "Feature", "geometry": {"type": "Point", "coordinates": [9.51924928, 42.48533677]}, "properties": {"route": "D406", "pr": "7", "abs": 7000, "label": "D406 PR7+7000"}}, {"type": "Feature", "geometry": {"type": "Point", "coordinates": [9.50723064, 42.4840662]}, "properties": {"route": "D406", "pr": "6", "abs": 6000, "label": "D406 PR6+6000"}}, {"type": "Feature", "geometry": {"type": "Point", "coordinates": [9.49515427, 42.48326686]}, "properties": {"route": "D406", "pr": "5", "abs": 5000, "label": "D406 PR5+5000"}}, {"type": "Feature", "geometry": {"type": "Point", "coordinates": [9.27259965, 42.14969232]}, "properties": {"route": "D543", "pr": "0", "abs": 0, "label": "D543 PR0"}}, {"type": "Feature", "geometry": {"type": "Point", "coordinates": [9.27115709, 42.15664853]}, "properties": {"route": "D543", "pr": "1", "abs": 1000, "label": "D543 PR1+1000"}}, {"type": "Feature", "geometry": {"type": "Point", "coordinates": [8.85228065, 42.50786183]}, "properties": {"route": "D51", "pr": "0", "abs": 0, "label": "D51 PR0"}}, {"type": "Feature", "geometry": {"type": "Point", "coordinates": [8.83027758, 42.51639755]}, "properties": {"route": "D51", "pr": "4", "abs": 4000, "label": "D51 PR4+4000"}}, {"type": "Feature", "geometry": {"type": "Point", "coordinates": [9.13572375, 42.42392578]}, "properties": {"route": "D118", "pr": "9", "abs": 9000, "label": "D118 PR9+9000"}}, {"type": "Feature", "geometry": {"type": "Point", "coordinates": [8.80813173, 42.49949946]}, "properties": {"route": "D51", "pr": "7", "abs": 7000, "label": "D51 PR7+7000"}}, {"type": "Feature", "geometry": {"type": "Point", "coordinates": [8.83049396, 42.51931706]}, "properties": {"route": "D51", "pr": "3", "abs": 3000, "label": "D51 PR3+3000"}}, {"type": "Feature", "geometry": {"type": "Point", "coordinates": [8.80785157, 42.49065528]}, "properties": {"route": "D51", "pr": "8", "abs": 8000, "label": "D51 PR8+8000"}}, {"type": "Feature", "geometry": {"type": "Point", "coordinates": [8.80019795, 42.4871362]}, "properties": {"route": "D51", "pr": "9", "abs": 9000, "label": "D51 PR9+9000"}}, {"type": "Feature", "geometry": {"type": "Point", "coordinates": [8.83712169, 42.51342767]}, "properties": {"route": "D51", "pr": "2", "abs": 2000, "label": "D51 PR2+2000"}}, {"type": "Feature", "geometry": {"type": "Point", "coordinates": [8.84093443, 42.50731273]}, "properties": {"route": "D51", "pr": "1", "abs": 1000, "label": "D51 PR1+1000"}}, {"type": "Feature", "geometry": {"type": "Point", "coordinates": [8.81510199, 42.50569736]}, "properties": {"route": "D51", "pr": "6", "abs": 6000, "label": "D51 PR6+6000"}}, {"type": "Feature", "geometry": {"type": "Point", "coordinates": [9.17274365, 42.41714769]}, "properties": {"route": "D118", "pr": "3", "abs": 3000, "label": "D118 PR3+3000"}}, {"type": "Feature", "geometry": {"type": "Point", "coordinates": [9.1400229, 42.42194576]}, "properties": {"route": "D118", "pr": "8", "abs": 8000, "label": "D118 PR8+8000"}}, {"type": "Feature", "geometry": {"type": "Point", "coordinates": [9.14931931, 42.42420631]}, "properties": {"route": "D118", "pr": "7", "abs": 7000, "label": "D118 PR7+7000"}}, {"type": "Feature", "geometry": {"type": "Point", "coordinates": [9.1658179, 42.42270389]}, "properties": {"route": "D118", "pr": "4", "abs": 4000, "label": "D118 PR4+4000"}}, {"type": "Feature", "geometry": {"type": "Point", "coordinates": [9.1800673, 42.41132804]}, "properties": {"route": "D118", "pr": "2", "abs": 2000, "label": "D118 PR2+2000"}}, {"type": "Feature", "geometry": {"type": "Point", "coordinates": [9.18559126, 42.40402482]}, "properties": {"route": "D118", "pr": "1", "abs": 1000, "label": "D118 PR1+1000"}}, {"type": "Feature", "geometry": {"type": "Point", "coordinates": [9.15952889, 42.42712098]}, "properties": {"route": "D118", "pr": "6", "abs": 6000, "label": "D118 PR6+6000"}}, {"type": "Feature", "geometry": {"type": "Point", "coordinates": [9.1658285, 42.42185938]}, "properties": {"route": "D118", "pr": "5", "abs": 5000, "label": "D118 PR5+5000"}}, {"type": "Feature", "geometry": {"type": "Point", "coordinates": [9.128039, 42.41934527]}, "properties": {"route": "D118", "pr": "10", "abs": 10000, "label": "D118 PR10+10000"}}, {"type": "Feature", "geometry": {"type": "Point", "coordinates": [9.28623356, 42.0512217]}, "properties": {"route": "D44A", "pr": "0", "abs": 0, "label": "D44A PR0"}}, {"type": "Feature", "geometry": {"type": "Point", "coordinates": [9.48850345, 42.8081471]}, "properties": {"route": "D32", "pr": "0", "abs": 0, "label": "D32 PR0"}}, {"type": "Feature", "geometry": {"type": "Point", "coordinates": [9.42934776, 42.88840242]}, "properties": {"route": "D32", "pr": "22", "abs": 22000, "label": "D32 PR22+22000"}}, {"type": "Feature", "geometry": {"type": "Point", "coordinates": [9.40845324, 42.89300322]}, "properties": {"route": "D32", "pr": "24", "abs": 24000, "label": "D32 PR24+24000"}}, {"type": "Feature", "geometry": {"type": "Point", "coordinates": [9.42597593, 42.83352319]}, "properties": {"route": "D32", "pr": "11", "abs": 11000, "label": "D32 PR11+11000"}}, {"type": "Feature", "geometry": {"type": "Point", "coordinates": [9.42929094, 42.88564586]}, "properties": {"route": "D32", "pr": "21", "abs": 21000, "label": "D32 PR21+21000"}}, {"type": "Feature", "geometry": {"type": "Point", "coordinates": [9.43905022, 42.81714748]}, "properties": {"route": "D32", "pr": "5", "abs": 5000, "label": "D32 PR5+5000"}}, {"type": "Feature", "geometry": {"type": "Point", "coordinates": [9.43024517, 42.81480522]}, "properties": {"route": "D32", "pr": "7", "abs": 7000, "label": "D32 PR7+7000"}}, {"type": "Feature", "geometry": {"type": "Point", "coordinates": [9.41800566, 42.84245038]}, "properties": {"route": "D32", "pr": "13", "abs": 13000, "label": "D32 PR13+13000"}}, {"type": "Feature", "geometry": {"type": "Point", "coordinates": [9.43351999, 42.86128059]}, "properties": {"route": "D32", "pr": "17", "abs": 17000, "label": "D32 PR17+17000"}}, {"type": "Feature", "geometry": {"type": "Point", "coordinates": [9.40983414, 42.89676685]}, "properties": {"route": "D32", "pr": "25", "abs": 25000, "label": "D32 PR25+25000"}}, {"type": "Feature", "geometry": {"type": "Point", "coordinates": [9.42485626, 42.85427437]}, "properties": {"route": "D32", "pr": "15", "abs": 15000, "label": "D32 PR15+15000"}}, {"type": "Feature", "geometry": {"type": "Point", "coordinates": [9.42193893, 42.87951129]}, "properties": {"route": "D32", "pr": "20", "abs": 20000, "label": "D32 PR20+20000"}}, {"type": "Feature", "geometry": {"type": "Point", "coordinates": [9.46627675, 42.81245726]}, "properties": {"route": "D32", "pr": "2", "abs": 2000, "label": "D32 PR2+2000"}}, {"type": "Feature", "geometry": {"type": "Point", "coordinates": [9.42911654, 42.86695838]}, "properties": {"route": "D32", "pr": "18", "abs": 18000, "label": "D32 PR18+18000"}}, {"type": "Feature", "geometry": {"type": "Point", "coordinates": [9.42950838, 42.81985483]}, "properties": {"route": "D32", "pr": "8", "abs": 8000, "label": "D32 PR8+8000"}}, {"type": "Feature", "geometry": {"type": "Point", "coordinates": [9.41786658, 42.83798202]}, "properties": {"route": "D32", "pr": "12", "abs": 12000, "label": "D32 PR12+12000"}}, {"type": "Feature", "geometry": {"type": "Point", "coordinates": [9.42062276, 42.84944344]}, "properties": {"route": "D32", "pr": "14", "abs": 14000, "label": "D32 PR14+14000"}}, {"type": "Feature", "geometry": {"type": "Point", "coordinates": [9.44402398, 42.81440676]}, "properties": {"route": "D32", "pr": "4", "abs": 4000, "label": "D32 PR4+4000"}}, {"type": "Feature", "geometry": {"type": "Point", "coordinates": [9.42735152, 42.87371555]}, "properties": {"route": "D32", "pr": "19", "abs": 19000, "label": "D32 PR19+19000"}}, {"type": "Feature", "geometry": {"type": "Point", "coordinates": [9.41844653, 42.89126467]}, "properties": {"route": "D32", "pr": "23", "abs": 23000, "label": "D32 PR23+23000"}}, {"type": "Feature", "geometry": {"type": "Point", "coordinates": [9.45484541, 42.81535962]}, "properties": {"route": "D32", "pr": "3", "abs": 3000, "label": "D32 PR3+3000"}}, {"type": "Feature", "geometry": {"type": "Point", "coordinates": [9.43320756, 42.83148292]}, "properties": {"route": "D32", "pr": "10", "abs": 10000, "label": "D32 PR10+10000"}}, {"type": "Feature", "geometry": {"type": "Point", "coordinates": [9.43012888, 42.859235]}, "properties": {"route": "D32", "pr": "16", "abs": 16000, "label": "D32 PR16+16000"}}, {"type": "Feature", "geometry": {"type": "Point", "coordinates": [9.43434262, 42.81296748]}, "properties": {"route": "D32", "pr": "6", "abs": 6000, "label": "D32 PR6+6000"}}, {"type": "Feature", "geometry": {"type": "Point", "coordinates": [9.4357793, 42.8248009]}, "properties": {"route": "D32", "pr": "9", "abs": 9000, "label": "D32 PR9+9000"}}, {"type": "Feature", "geometry": {"type": "Point", "coordinates": [9.47304231, 42.46720655]}, "properties": {"route": "D106", "pr": "0", "abs": 0, "label": "D106 PR0"}}, {"type": "Feature", "geometry": {"type": "Point", "coordinates": [9.48611875, 42.47045009]}, "properties": {"route": "D106", "pr": "2", "abs": 2000, "label": "D106 PR2+2000"}}, {"type": "Feature", "geometry": {"type": "Point", "coordinates": [9.48188053, 42.46840207]}, "properties": {"route": "D106", "pr": "1", "abs": 1000, "label": "D106 PR1+1000"}}, {"type": "Feature", "geometry": {"type": "Point", "coordinates": [9.49738872, 42.47297174]}, "properties": {"route": "D106", "pr": "3", "abs": 3000, "label": "D106 PR3+3000"}}, {"type": "Feature", "geometry": {"type": "Point", "coordinates": [9.50914012, 42.47418563]}, "properties": {"route": "D106", "pr": "4", "abs": 4000, "label": "D106 PR4+4000"}}, {"type": "Feature", "geometry": {"type": "Point", "coordinates": [9.5331435, 42.47597456]}, "properties": {"route": "D106", "pr": "6", "abs": 6000, "label": "D106 PR6+6000"}}, {"type": "Feature", "geometry": {"type": "Point", "coordinates": [9.52110968, 42.47478417]}, "properties": {"route": "D106", "pr": "5", "abs": 5000, "label": "D106 PR5+5000"}}, {"type": "Feature", "geometry": {"type": "Point", "coordinates": [9.28705127, 42.418166]}, "properties": {"route": "D739", "pr": "0", "abs": 0, "label": "D739 PR0"}}, {"type": "Feature", "geometry": {"type": "Point", "coordinates": [8.90584171, 42.6215575]}, "properties": {"route": "D313", "pr": "0", "abs": 0, "label": "D313 PR0"}}, {"type": "Feature", "geometry": {"type": "Point", "coordinates": [8.89512119, 42.61791748]}, "properties": {"route": "D313", "pr": "1", "abs": 1000, "label": "D313 PR1+1000"}}, {"type": "Feature", "geometry": {"type": "Point", "coordinates": [9.44074022, 42.52534451]}, "properties": {"route": "D210", "pr": "0", "abs": 0, "label": "D210 PR0"}}, {"type": "Feature", "geometry": {"type": "Point", "coordinates": [9.44719565, 42.53239872]}, "properties": {"route": "D210", "pr": "1", "abs": 1000, "label": "D210 PR1+1000"}}, {"type": "Feature", "geometry": {"type": "Point", "coordinates": [9.4474333, 42.55322885]}, "properties": {"route": "D210", "pr": "4", "abs": 4000, "label": "D210 PR4+4000"}}, {"type": "Feature", "geometry": {"type": "Point", "coordinates": [9.44852837, 42.5412457]}, "properties": {"route": "D210", "pr": "2", "abs": 2000, "label": "D210 PR2+2000"}}, {"type": "Feature", "geometry": {"type": "Point", "coordinates": [9.45047257, 42.5491664]}, "properties": {"route": "D210", "pr": "3", "abs": 3000, "label": "D210 PR3+3000"}}, {"type": "Feature", "geometry": {"type": "Point", "coordinates": [9.4032902, 42.41288907]}, "properties": {"route": "D136", "pr": "0", "abs": 0, "label": "D136 PR0"}}, {"type": "Feature", "geometry": {"type": "Point", "coordinates": [9.4106122, 42.41122049]}, "properties": {"route": "D136", "pr": "2", "abs": 2000, "label": "D136 PR2+2000"}}, {"type": "Feature", "geometry": {"type": "Point", "coordinates": [9.40488729, 42.41183876]}, "properties": {"route": "D136", "pr": "1", "abs": 1000, "label": "D136 PR1+1000"}}, {"type": "Feature", "geometry": {"type": "Point", "coordinates": [9.38343473, 42.34831746]}, "properties": {"route": "D717", "pr": "0", "abs": 0, "label": "D717 PR0"}}, {"type": "Feature", "geometry": {"type": "Point", "coordinates": [9.34344132, 42.77023233]}, "properties": {"route": "D433", "pr": "0", "abs": 0, "label": "D433 PR0"}}, {"type": "Feature", "geometry": {"type": "Point", "coordinates": [9.34055586, 42.76307327]}, "properties": {"route": "D433", "pr": "1", "abs": 1000, "label": "D433 PR1+1000"}}, {"type": "Feature", "geometry": {"type": "Point", "coordinates": [9.3482613, 42.76741782]}, "properties": {"route": "D433", "pr": "2", "abs": 2000, "label": "D433 PR2+2000"}}, {"type": "Feature", "geometry": {"type": "Point", "coordinates": [9.35839238, 42.76626295]}, "properties": {"route": "D433", "pr": "3", "abs": 3000, "label": "D433 PR3+3000"}}, {"type": "Feature", "geometry": {"type": "Point", "coordinates": [9.36926491, 42.76684728]}, "properties": {"route": "D433", "pr": "4", "abs": 4000, "label": "D433 PR4+4000"}}, {"type": "Feature", "geometry": {"type": "Point", "coordinates": [9.3992121, 42.89541226]}, "properties": {"route": "D332", "pr": "0", "abs": 0, "label": "D332 PR0"}}, {"type": "Feature", "geometry": {"type": "Point", "coordinates": [9.28026798, 42.52138244]}, "properties": {"route": "D105", "pr": "0", "abs": 0, "label": "D105 PR0"}}, {"type": "Feature", "geometry": {"type": "Point", "coordinates": [9.27659893, 42.50980512]}, "properties": {"route": "D105", "pr": "3", "abs": 3000, "label": "D105 PR3+3000"}}, {"type": "Feature", "geometry": {"type": "Point", "coordinates": [9.25886423, 42.48727601]}, "properties": {"route": "D105", "pr": "9", "abs": 9000, "label": "D105 PR9+9000"}}, {"type": "Feature", "geometry": {"type": "Point", "coordinates": [9.21739981, 42.47936022]}, "properties": {"route": "D105", "pr": "16", "abs": 16000, "label": "D105 PR16+16000"}}, {"type": "Feature", "geometry": {"type": "Point", "coordinates": [9.26792395, 42.51244241]}, "properties": {"route": "D105", "pr": "4", "abs": 4000, "label": "D105 PR4+4000"}}, {"type": "Feature", "geometry": {"type": "Point", "coordinates": [9.26611648, 42.48839231]}, "properties": {"route": "D105", "pr": "8", "abs": 8000, "label": "D105 PR8+8000"}}, {"type": "Feature", "geometry": {"type": "Point", "coordinates": [9.23188234, 42.4805792]}, "properties": {"route": "D105", "pr": "13", "abs": 13000, "label": "D105 PR13+13000"}}, {"type": "Feature", "geometry": {"type": "Point", "coordinates": [9.27452533, 42.5132107]}, "properties": {"route": "D105", "pr": "2", "abs": 2000, "label": "D105 PR2+2000"}}, {"type": "Feature", "geometry": {"type": "Point", "coordinates": [9.25050932, 42.48385963]}, "properties": {"route": "D105", "pr": "10", "abs": 10000, "label": "D105 PR10+10000"}}, {"type": "Feature", "geometry": {"type": "Point", "coordinates": [9.24188896, 42.48058266]}, "properties": {"route": "D105", "pr": "11", "abs": 11000, "label": "D105 PR11+11000"}}, {"type": "Feature", "geometry": {"type": "Point", "coordinates": [9.26214707, 42.50545896]}, "properties": {"route": "D105", "pr": "5", "abs": 5000, "label": "D105 PR5+5000"}}, {"type": "Feature", "geometry": {"type": "Point", "coordinates": [9.22639979, 42.47589373]}, "properties": {"route": "D105", "pr": "15", "abs": 15000, "label": "D105 PR15+15000"}}, {"type": "Feature", "geometry": {"type": "Point", "coordinates": [9.22932257, 42.47999412]}, "properties": {"route": "D105", "pr": "14", "abs": 14000, "label": "D105 PR14+14000"}}, {"type": "Feature", "geometry": {"type": "Point", "coordinates": [9.20895775, 42.47768618]}, "properties": {"route": "D105", "pr": "17", "abs": 17000, "label": "D105 PR17+17000"}}, {"type": "Feature", "geometry": {"type": "Point", "coordinates": [9.20382882, 42.48073716]}, "properties": {"route": "D105", "pr": "18", "abs": 18000, "label": "D105 PR18+18000"}}, {"type": "Feature", "geometry": {"type": "Point", "coordinates": [9.27358859, 42.51790556]}, "properties": {"route": "D105", "pr": "1", "abs": 1000, "label": "D105 PR1+1000"}}, {"type": "Feature", "geometry": {"type": "Point", "coordinates": [9.26738541, 42.49531345]}, "properties": {"route": "D105", "pr": "7", "abs": 7000, "label": "D105 PR7+7000"}}, {"type": "Feature", "geometry": {"type": "Point", "coordinates": [9.23303474, 42.4802827]}, "properties": {"route": "D105", "pr": "12", "abs": 12000, "label": "D105 PR12+12000"}}, {"type": "Feature", "geometry": {"type": "Point", "coordinates": [9.26992905, 42.50167625]}, "properties": {"route": "D105", "pr": "6", "abs": 6000, "label": "D105 PR6+6000"}}, {"type": "Feature", "geometry": {"type": "Point", "coordinates": [8.98708191, 42.32808034]}, "properties": {"route": "D318", "pr": "0", "abs": 0, "label": "D318 PR0"}}, {"type": "Feature", "geometry": {"type": "Point", "coordinates": [8.95113517, 42.33445483]}, "properties": {"route": "D318", "pr": "6", "abs": 6000, "label": "D318 PR6+6000"}}, {"type": "Feature", "geometry": {"type": "Point", "coordinates": [8.97644225, 42.33081485]}, "properties": {"route": "D318", "pr": "3", "abs": 3000, "label": "D318 PR3+3000"}}, {"type": "Feature", "geometry": {"type": "Point", "coordinates": [8.91467994, 42.335111]}, "properties": {"route": "D318", "pr": "10", "abs": 10000, "label": "D318 PR10+10000"}}, {"type": "Feature", "geometry": {"type": "Point", "coordinates": [8.9671309, 42.32970603]}, "properties": {"route": "D318", "pr": "4", "abs": 4000, "label": "D318 PR4+4000"}}, {"type": "Feature", "geometry": {"type": "Point", "coordinates": [8.97859671, 42.32718555]}, "properties": {"route": "D318", "pr": "1", "abs": 1000, "label": "D318 PR1+1000"}}, {"type": "Feature", "geometry": {"type": "Point", "coordinates": [8.95651053, 42.33105385]}, "properties": {"route": "D318", "pr": "5", "abs": 5000, "label": "D318 PR5+5000"}}, {"type": "Feature", "geometry": {"type": "Point", "coordinates": [8.93485717, 42.33022172]}, "properties": {"route": "D318", "pr": "8", "abs": 8000, "label": "D318 PR8+8000"}}, {"type": "Feature", "geometry": {"type": "Point", "coordinates": [8.94540355, 42.33028358]}, "properties": {"route": "D318", "pr": "7", "abs": 7000, "label": "D318 PR7+7000"}}, {"type": "Feature", "geometry": {"type": "Point", "coordinates": [8.98278255, 42.33059311]}, "properties": {"route": "D318", "pr": "2", "abs": 2000, "label": "D318 PR2+2000"}}, {"type": "Feature", "geometry": {"type": "Point", "coordinates": [8.92468467, 42.33390904]}, "properties": {"route": "D318", "pr": "9", "abs": 9000, "label": "D318 PR9+9000"}}, {"type": "Feature", "geometry": {"type": "Point", "coordinates": [9.48092255, 42.53869285]}, "properties": {"route": "D107A", "pr": "0", "abs": 0, "label": "D107A PR0"}}, {"type": "Feature", "geometry": {"type": "Point", "coordinates": [9.4796924, 42.54772364]}, "properties": {"route": "D107A", "pr": "1", "abs": 1000, "label": "D107A PR1+1000"}}, {"type": "Feature", "geometry": {"type": "Point", "coordinates": [9.3632422, 42.43499724]}, "properties": {"route": "D505", "pr": "0", "abs": 0, "label": "D505 PR0"}}, {"type": "Feature", "geometry": {"type": "Point", "coordinates": [9.36443474, 42.44962886]}, "properties": {"route": "D505", "pr": "4", "abs": 4000, "label": "D505 PR4+4000"}}, {"type": "Feature", "geometry": {"type": "Point", "coordinates": [9.36334836, 42.43922031]}, "properties": {"route": "D505", "pr": "1", "abs": 1000, "label": "D505 PR1+1000"}}, {"type": "Feature", "geometry": {"type": "Point", "coordinates": [9.36645285, 42.44284647]}, "properties": {"route": "D505", "pr": "3", "abs": 3000, "label": "D505 PR3+3000"}}, {"type": "Feature", "geometry": {"type": "Point", "coordinates": [9.36610214, 42.43806897]}, "properties": {"route": "D505", "pr": "2", "abs": 2000, "label": "D505 PR2+2000"}}, {"type": "Feature", "geometry": {"type": "Point", "coordinates": [9.49274478, 42.33199944]}, "properties": {"route": "D152", "pr": "0", "abs": 0, "label": "D152 PR0"}}, {"type": "Feature", "geometry": {"type": "Point", "coordinates": [9.4893389, 42.31833333]}, "properties": {"route": "D152", "pr": "2", "abs": 2000, "label": "D152 PR2+2000"}}, {"type": "Feature", "geometry": {"type": "Point", "coordinates": [9.49678126, 42.31591309]}, "properties": {"route": "D152", "pr": "4", "abs": 4000, "label": "D152 PR4+4000"}}, {"type": "Feature", "geometry": {"type": "Point", "coordinates": [9.53993418, 42.30230315]}, "properties": {"route": "D152", "pr": "9", "abs": 9000, "label": "D152 PR9+9000"}}, {"type": "Feature", "geometry": {"type": "Point", "coordinates": [9.5158979, 42.31796811]}, "properties": {"route": "D152", "pr": "6", "abs": 6000, "label": "D152 PR6+6000"}}, {"type": "Feature", "geometry": {"type": "Point", "coordinates": [9.49225656, 42.32611519]}, "properties": {"route": "D152", "pr": "1", "abs": 1000, "label": "D152 PR1+1000"}}, {"type": "Feature", "geometry": {"type": "Point", "coordinates": [9.48970554, 42.31430152]}, "properties": {"route": "D152", "pr": "3", "abs": 3000, "label": "D152 PR3+3000"}}, {"type": "Feature", "geometry": {"type": "Point", "coordinates": [9.53375725, 42.30747414]}, "properties": {"route": "D152", "pr": "8", "abs": 8000, "label": "D152 PR8+8000"}}, {"type": "Feature", "geometry": {"type": "Point", "coordinates": [9.52619846, 42.31395799]}, "properties": {"route": "D152", "pr": "7", "abs": 7000, "label": "D152 PR7+7000"}}, {"type": "Feature", "geometry": {"type": "Point", "coordinates": [9.50490919, 42.31726856]}, "properties": {"route": "D152", "pr": "5", "abs": 5000, "label": "D152 PR5+5000"}}, {"type": "Feature", "geometry": {"type": "Point", "coordinates": [9.3594408, 42.2900221]}, "properties": {"route": "D316", "pr": "0", "abs": 0, "label": "D316 PR0"}}, {"type": "Feature", "geometry": {"type": "Point", "coordinates": [9.36030486, 42.29201617]}, "properties": {"route": "D316", "pr": "1", "abs": 1000, "label": "D316 PR1+1000"}}, {"type": "Feature", "geometry": {"type": "Point", "coordinates": [9.46181543, 42.4725626]}, "properties": {"route": "D206", "pr": "0", "abs": 0, "label": "D206 PR0"}}, {"type": "Feature", "geometry": {"type": "Point", "coordinates": [9.46268928, 42.46564956]}, "properties": {"route": "D206", "pr": "1", "abs": 1000, "label": "D206 PR1+1000"}}, {"type": "Feature", "geometry": {"type": "Point", "coordinates": [9.45867245, 42.46624969]}, "properties": {"route": "D206", "pr": "3", "abs": 3000, "label": "D206 PR3+3000"}}, {"type": "Feature", "geometry": {"type": "Point", "coordinates": [9.46301766, 42.46137891]}, "properties": {"route": "D206", "pr": "2", "abs": 2000, "label": "D206 PR2+2000"}}, {"type": "Feature", "geometry": {"type": "Point", "coordinates": [9.44975513, 42.4642084]}, "properties": {"route": "D206", "pr": "4", "abs": 4000, "label": "D206 PR4+4000"}}, {"type": "Feature", "geometry": {"type": "Point", "coordinates": [9.14969069, 42.30216963]}, "properties": {"route": "D623", "pr": "0", "abs": 0, "label": "D623 PR0"}}, {"type": "Feature", "geometry": {"type": "Point", "coordinates": [9.10252805, 42.2730143]}, "properties": {"route": "D623", "pr": "6", "abs": 6000, "label": "D623 PR6+6000"}}, {"type": "Feature", "geometry": {"type": "Point", "coordinates": [9.11226257, 42.27801574]}, "properties": {"route": "D623", "pr": "5", "abs": 5000, "label": "D623 PR5+5000"}}, {"type": "Feature", "geometry": {"type": "Point", "coordinates": [9.12526828, 42.28724108]}, "properties": {"route": "D623", "pr": "3", "abs": 3000, "label": "D623 PR3+3000"}}, {"type": "Feature", "geometry": {"type": "Point", "coordinates": [9.14434448, 42.29469594]}, "properties": {"route": "D623", "pr": "1", "abs": 1000, "label": "D623 PR1+1000"}}, {"type": "Feature", "geometry": {"type": "Point", "coordinates": [9.11505629, 42.28446943]}, "properties": {"route": "D623", "pr": "4", "abs": 4000, "label": "D623 PR4+4000"}}, {"type": "Feature", "geometry": {"type": "Point", "coordinates": [9.04497946, 42.24141286]}, "properties": {"route": "D623", "pr": "13", "abs": 13000, "label": "D623 PR13+13000"}}, {"type": "Feature", "geometry": {"type": "Point", "coordinates": [9.06179629, 42.25322146]}, "properties": {"route": "D623", "pr": "11", "abs": 11000, "label": "D623 PR11+11000"}}, {"type": "Feature", "geometry": {"type": "Point", "coordinates": [9.08514925, 42.26411062]}, "properties": {"route": "D623", "pr": "8", "abs": 8000, "label": "D623 PR8+8000"}}, {"type": "Feature", "geometry": {"type": "Point", "coordinates": [9.03689812, 42.23570275]}, "properties": {"route": "D623", "pr": "14", "abs": 14000, "label": "D623 PR14+14000"}}, {"type": "Feature", "geometry": {"type": "Point", "coordinates": [9.07513207, 42.26196254]}, "properties": {"route": "D623", "pr": "9", "abs": 9000, "label": "D623 PR9+9000"}}, {"type": "Feature", "geometry": {"type": "Point", "coordinates": [9.05386424, 42.24661784]}, "properties": {"route": "D623", "pr": "12", "abs": 12000, "label": "D623 PR12+12000"}}, {"type": "Feature", "geometry": {"type": "Point", "coordinates": [9.09572724, 42.26678806]}, "properties": {"route": "D623", "pr": "7", "abs": 7000, "label": "D623 PR7+7000"}}, {"type": "Feature", "geometry": {"type": "Point", "coordinates": [9.13537528, 42.29088869]}, "properties": {"route": "D623", "pr": "2", "abs": 2000, "label": "D623 PR2+2000"}}, {"type": "Feature", "geometry": {"type": "Point", "coordinates": [9.07059369, 42.25640402]}, "properties": {"route": "D623", "pr": "10", "abs": 10000, "label": "D623 PR10+10000"}}, {"type": "Feature", "geometry": {"type": "Point", "coordinates": [9.35418985, 42.52680871]}, "properties": {"route": "D15", "pr": "0", "abs": 0, "label": "D15 PR0"}}, {"type": "Feature", "geometry": {"type": "Point", "coordinates": [9.36783533, 42.47141718]}, "properties": {"route": "D15", "pr": "11", "abs": 11000, "label": "D15 PR11+11000"}}, {"type": "Feature", "geometry": {"type": "Point", "coordinates": [9.36915412, 42.5134953]}, "properties": {"route": "D15", "pr": "3", "abs": 3000, "label": "D15 PR3+3000"}}, {"type": "Feature", "geometry": {"type": "Point", "coordinates": [9.36407409, 42.46637459]}, "properties": {"route": "D15", "pr": "13", "abs": 13000, "label": "D15 PR13+13000"}}, {"type": "Feature", "geometry": {"type": "Point", "coordinates": [9.37236868, 42.47557025]}, "properties": {"route": "D15", "pr": "10", "abs": 10000, "label": "D15 PR10+10000"}}, {"type": "Feature", "geometry": {"type": "Point", "coordinates": [9.35992822, 42.5226775]}, "properties": {"route": "D15", "pr": "1", "abs": 1000, "label": "D15 PR1+1000"}}, {"type": "Feature", "geometry": {"type": "Point", "coordinates": [9.37481973, 42.51452717]}, "properties": {"route": "D15", "pr": "4", "abs": 4000, "label": "D15 PR4+4000"}}, {"type": "Feature", "geometry": {"type": "Point", "coordinates": [9.3614944, 42.46578393]}, "properties": {"route": "D15", "pr": "12", "abs": 12000, "label": "D15 PR12+12000"}}, {"type": "Feature", "geometry": {"type": "Point", "coordinates": [9.37368973, 42.48649997]}, "properties": {"route": "D15", "pr": "8", "abs": 8000, "label": "D15 PR8+8000"}}, {"type": "Feature", "geometry": {"type": "Point", "coordinates": [9.35710143, 42.45663423]}, "properties": {"route": "D15", "pr": "15", "abs": 15000, "label": "D15 PR15+15000"}}, {"type": "Feature", "geometry": {"type": "Point", "coordinates": [9.37251995, 42.48009926]}, "properties": {"route": "D15", "pr": "9", "abs": 9000, "label": "D15 PR9+9000"}}, {"type": "Feature", "geometry": {"type": "Point", "coordinates": [9.3745785, 42.50077276]}, "properties": {"route": "D15", "pr": "6", "abs": 6000, "label": "D15 PR6+6000"}}, {"type": "Feature", "geometry": {"type": "Point", "coordinates": [9.36082471, 42.46168642]}, "properties": {"route": "D15", "pr": "14", "abs": 14000, "label": "D15 PR14+14000"}}, {"type": "Feature", "geometry": {"type": "Point", "coordinates": [9.37434984, 42.49278425]}, "properties": {"route": "D15", "pr": "7", "abs": 7000, "label": "D15 PR7+7000"}}, {"type": "Feature", "geometry": {"type": "Point", "coordinates": [9.35548926, 42.45323784]}, "properties": {"route": "D15", "pr": "17", "abs": 17000, "label": "D15 PR17+17000"}}, {"type": "Feature", "geometry": {"type": "Point", "coordinates": [9.36555668, 42.51733499]}, "properties": {"route": "D15", "pr": "2", "abs": 2000, "label": "D15 PR2+2000"}}, {"type": "Feature", "geometry": {"type": "Point", "coordinates": [9.36591465, 42.45536963]}, "properties": {"route": "D15", "pr": "18", "abs": 18000, "label": "D15 PR18+18000"}}, {"type": "Feature", "geometry": {"type": "Point", "coordinates": [9.34767849, 42.45487194]}, "properties": {"route": "D15", "pr": "16", "abs": 16000, "label": "D15 PR16+16000"}}, {"type": "Feature", "geometry": {"type": "Point", "coordinates": [9.37223286, 42.50717841]}, "properties": {"route": "D15", "pr": "5", "abs": 5000, "label": "D15 PR5+5000"}}, {"type": "Feature", "geometry": {"type": "Point", "coordinates": [9.45911655, 42.29371694]}, "properties": {"route": "D117", "pr": "0", "abs": 0, "label": "D117 PR0"}}, {"type": "Feature", "geometry": {"type": "Point", "coordinates": [9.44969725, 42.29394627]}, "properties": {"route": "D117", "pr": "1", "abs": 1000, "label": "D117 PR1+1000"}}, {"type": "Feature", "geometry": {"type": "Point", "coordinates": [9.44734325, 42.28303587]}, "properties": {"route": "D117", "pr": "3", "abs": 3000, "label": "D117 PR3+3000"}}, {"type": "Feature", "geometry": {"type": "Point", "coordinates": [9.42377628, 42.27888553]}, "properties": {"route": "D117", "pr": "7", "abs": 7000, "label": "D117 PR7+7000"}}, {"type": "Feature", "geometry": {"type": "Point", "coordinates": [9.42177221, 42.28367046]}, "properties": {"route": "D117", "pr": "8", "abs": 8000, "label": "D117 PR8+8000"}}, {"type": "Feature", "geometry": {"type": "Point", "coordinates": [9.43535446, 42.28107477]}, "properties": {"route": "D117", "pr": "5", "abs": 5000, "label": "D117 PR5+5000"}}, {"type": "Feature", "geometry": {"type": "Point", "coordinates": [9.42762312, 42.28147309]}, "properties": {"route": "D117", "pr": "6", "abs": 6000, "label": "D117 PR6+6000"}}, {"type": "Feature", "geometry": {"type": "Point", "coordinates": [9.44116341, 42.27867898]}, "properties": {"route": "D117", "pr": "4", "abs": 4000, "label": "D117 PR4+4000"}}, {"type": "Feature", "geometry": {"type": "Point", "coordinates": [9.44914201, 42.28907546]}, "properties": {"route": "D117", "pr": "2", "abs": 2000, "label": "D117 PR2+2000"}}, {"type": "Feature", "geometry": {"type": "Point", "coordinates": [8.9363862, 42.63709208]}, "properties": {"route": "D81A", "pr": "0", "abs": 620, "label": "D81A PR0+620"}}, {"type": "Feature", "geometry": {"type": "Point", "coordinates": [9.42753006, 42.95796481]}, "properties": {"route": "D53", "pr": "0", "abs": 0, "label": "D53 PR0"}}, {"type": "Feature", "geometry": {"type": "Point", "coordinates": [9.41597032, 42.9677267]}, "properties": {"route": "D53", "pr": "4", "abs": 4000, "label": "D53 PR4+4000"}}, {"type": "Feature", "geometry": {"type": "Point", "coordinates": [9.42244148, 42.96147095]}, "properties": {"route": "D53", "pr": "3", "abs": 3000, "label": "D53 PR3+3000"}}, {"type": "Feature", "geometry": {"type": "Point", "coordinates": [9.41834845, 42.95830705]}, "properties": {"route": "D53", "pr": "1", "abs": 1000, "label": "D53 PR1+1000"}}, {"type": "Feature", "geometry": {"type": "Point", "coordinates": [9.41619712, 42.95623236]}, "properties": {"route": "D53", "pr": "2", "abs": 2000, "label": "D53 PR2+2000"}}, {"type": "Feature", "geometry": {"type": "Point", "coordinates": [9.28911473, 42.03726788]}, "properties": {"route": "D44B", "pr": "0", "abs": 0, "label": "D44B PR0"}}, {"type": "Feature", "geometry": {"type": "Point", "coordinates": [9.29456997, 42.29649609]}, "properties": {"route": "D439", "pr": "0", "abs": 0, "label": "D439 PR0"}}, {"type": "Feature", "geometry": {"type": "Point", "coordinates": [9.29345641, 42.28947558]}, "properties": {"route": "D439", "pr": "1", "abs": 1000, "label": "D439 PR1+1000"}}, {"type": "Feature", "geometry": {"type": "Point", "coordinates": [9.29895971, 42.2842435]}, "properties": {"route": "D439", "pr": "2", "abs": 2000, "label": "D439 PR2+2000"}}, {"type": "Feature", "geometry": {"type": "Point", "coordinates": [9.29963009, 42.27752383]}, "properties": {"route": "D439", "pr": "3", "abs": 3000, "label": "D439 PR3+3000"}}, {"type": "Feature", "geometry": {"type": "Point", "coordinates": [9.03374406, 42.5873292]}, "properties": {"route": "D163", "pr": "0", "abs": 0, "label": "D163 PR0"}}, {"type": "Feature", "geometry": {"type": "Point", "coordinates": [9.04006643, 42.59392299]}, "properties": {"route": "D163", "pr": "1", "abs": 1000, "label": "D163 PR1+1000"}}, {"type": "Feature", "geometry": {"type": "Point", "coordinates": [9.04560079, 42.5960403]}, "properties": {"route": "D163", "pr": "3", "abs": 3000, "label": "D163 PR3+3000"}}, {"type": "Feature", "geometry": {"type": "Point", "coordinates": [9.04249229, 42.59176951]}, "properties": {"route": "D163", "pr": "2", "abs": 2000, "label": "D163 PR2+2000"}}, {"type": "Feature", "geometry": {"type": "Point", "coordinates": [9.42798533, 42.6869799]}, "properties": {"route": "D564", "pr": "0", "abs": 0, "label": "D564 PR0"}}, {"type": "Feature", "geometry": {"type": "Point", "coordinates": [9.42155332, 42.68363408]}, "properties": {"route": "D564", "pr": "1", "abs": 1000, "label": "D564 PR1+1000"}}, {"type": "Feature", "geometry": {"type": "Point", "coordinates": [9.30687831, 42.29641636]}, "properties": {"route": "D539", "pr": "0", "abs": 0, "label": "D539 PR0"}}, {"type": "Feature", "geometry": {"type": "Point", "coordinates": [9.30595575, 42.28967216]}, "properties": {"route": "D539", "pr": "2", "abs": 2000, "label": "D539 PR2+2000"}}, {"type": "Feature", "geometry": {"type": "Point", "coordinates": [9.30728304, 42.29331061]}, "properties": {"route": "D539", "pr": "1", "abs": 1000, "label": "D539 PR1+1000"}}, {"type": "Feature", "geometry": {"type": "Point", "coordinates": [9.3673525, 42.09520088]}, "properties": {"route": "D343A", "pr": "0", "abs": 0, "label": "D343A PR0"}}, {"type": "Feature", "geometry": {"type": "Point", "coordinates": [9.36749694, 42.08629202]}, "properties": {"route": "D343A", "pr": "1", "abs": 1000, "label": "D343A PR1+1000"}}, {"type": "Feature", "geometry": {"type": "Point", "coordinates": [9.18375411, 42.53905479]}, "properties": {"route": "D308", "pr": "0", "abs": 0, "label": "D308 PR0"}}, {"type": "Feature", "geometry": {"type": "Point", "coordinates": [9.33449506, 42.88917909]}, "properties": {"route": "D533", "pr": "0", "abs": 0, "label": "D533 PR0"}}, {"type": "Feature", "geometry": {"type": "Point", "coordinates": [9.40252854, 42.44774899]}, "properties": {"route": "D537", "pr": "0", "abs": 0, "label": "D537 PR0"}}, {"type": "Feature", "geometry": {"type": "Point", "coordinates": [9.42111556, 42.87777152]}, "properties": {"route": "D132", "pr": "0", "abs": 0, "label": "D132 PR0"}}, {"type": "Feature", "geometry": {"type": "Point", "coordinates": [9.42968849, 42.8755521]}, "properties": {"route": "D132", "pr": "1", "abs": 1000, "label": "D132 PR1+1000"}}, {"type": "Feature", "geometry": {"type": "Point", "coordinates": [9.43268273, 42.88155089]}, "properties": {"route": "D132", "pr": "3", "abs": 3000, "label": "D132 PR3+3000"}}, {"type": "Feature", "geometry": {"type": "Point", "coordinates": [9.44223109, 42.87726708]}, "properties": {"route": "D132", "pr": "4", "abs": 4000, "label": "D132 PR4+4000"}}, {"type": "Feature", "geometry": {"type": "Point", "coordinates": [9.46593961, 42.87559235]}, "properties": {"route": "D132", "pr": "6", "abs": 6000, "label": "D132 PR6+6000"}}, {"type": "Feature", "geometry": {"type": "Point", "coordinates": [9.43038084, 42.87832011]}, "properties": {"route": "D132", "pr": "2", "abs": 2000, "label": "D132 PR2+2000"}}, {"type": "Feature", "geometry": {"type": "Point", "coordinates": [9.45405295, 42.87671068]}, "properties": {"route": "D132", "pr": "5", "abs": 5000, "label": "D132 PR5+5000"}}, {"type": "Feature", "geometry": {"type": "Point", "coordinates": [9.35424706, 42.90715756]}, "properties": {"route": "D33", "pr": "0", "abs": 0, "label": "D33 PR0"}}, {"type": "Feature", "geometry": {"type": "Point", "coordinates": [9.36091296, 42.86441652]}, "properties": {"route": "D33", "pr": "10", "abs": 10000, "label": "D33 PR10+10000"}}, {"type": "Feature", "geometry": {"type": "Point", "coordinates": [9.33337596, 42.89544038]}, "properties": {"route": "D33", "pr": "3", "abs": 3000, "label": "D33 PR3+3000"}}, {"type": "Feature", "geometry": {"type": "Point", "coordinates": [9.33429725, 42.88221892]}, "properties": {"route": "D33", "pr": "5", "abs": 5000, "label": "D33 PR5+5000"}}, {"type": "Feature", "geometry": {"type": "Point", "coordinates": [9.34700364, 42.87733324]}, "properties": {"route": "D33", "pr": "7", "abs": 7000, "label": "D33 PR7+7000"}}, {"type": "Feature", "geometry": {"type": "Point", "coordinates": [9.35042663, 42.85873542]}, "properties": {"route": "D33", "pr": "12", "abs": 12000, "label": "D33 PR12+12000"}}, {"type": "Feature", "geometry": {"type": "Point", "coordinates": [9.3135409, 42.83089046]}, "properties": {"route": "D33", "pr": "19", "abs": 19000, "label": "D33 PR19+19000"}}, {"type": "Feature", "geometry": {"type": "Point", "coordinates": [9.34056027, 42.86025009]}, "properties": {"route": "D33", "pr": "13", "abs": 13000, "label": "D33 PR13+13000"}}, {"type": "Feature", "geometry": {"type": "Point", "coordinates": [9.33639142, 42.88876024]}, "properties": {"route": "D33", "pr": "4", "abs": 4000, "label": "D33 PR4+4000"}}, {"type": "Feature", "geometry": {"type": "Point", "coordinates": [9.35842799, 42.85894722]}, "properties": {"route": "D33", "pr": "11", "abs": 11000, "label": "D33 PR11+11000"}}, {"type": "Feature", "geometry": {"type": "Point", "coordinates": [9.31927935, 42.82891096]}, "properties": {"route": "D33", "pr": "18", "abs": 18000, "label": "D33 PR18+18000"}}, {"type": "Feature", "geometry": {"type": "Point", "coordinates": [9.36203705, 42.86990891]}, "properties": {"route": "D33", "pr": "9", "abs": 9000, "label": "D33 PR9+9000"}}, {"type": "Feature", "geometry": {"type": "Point", "coordinates": [9.34714921, 42.90467849]}, "properties": {"route": "D33", "pr": "1", "abs": 1000, "label": "D33 PR1+1000"}}, {"type": "Feature", "geometry": {"type": "Point", "coordinates": [9.3350896, 42.85286508]}, "properties": {"route": "D33", "pr": "14", "abs": 14000, "label": "D33 PR14+14000"}}, {"type": "Feature", "geometry": {"type": "Point", "coordinates": [9.3561306, 42.87392775]}, "properties": {"route": "D33", "pr": "8", "abs": 8000, "label": "D33 PR8+8000"}}, {"type": "Feature", "geometry": {"type": "Point", "coordinates": [9.31623537, 42.83401244]}, "properties": {"route": "D33", "pr": "17", "abs": 17000, "label": "D33 PR17+17000"}}, {"type": "Feature", "geometry": {"type": "Point", "coordinates": [9.33728257, 42.87621267]}, "properties": {"route": "D33", "pr": "6", "abs": 6000, "label": "D33 PR6+6000"}}, {"type": "Feature", "geometry": {"type": "Point", "coordinates": [9.32957699, 42.8471829]}, "properties": {"route": "D33", "pr": "15", "abs": 15000, "label": "D33 PR15+15000"}}, {"type": "Feature", "geometry": {"type": "Point", "coordinates": [9.32382777, 42.84020915]}, "properties": {"route": "D33", "pr": "16", "abs": 16000, "label": "D33 PR16+16000"}}, {"type": "Feature", "geometry": {"type": "Point", "coordinates": [9.33871755, 42.9014993]}, "properties": {"route": "D33", "pr": "2", "abs": 2000, "label": "D33 PR2+2000"}}, {"type": "Feature", "geometry": {"type": "Point", "coordinates": [9.39954862, 42.31898115]}, "properties": {"route": "D317BIS", "pr": "0", "abs": 0, "label": "D317BIS PR0"}}, {"type": "Feature", "geometry": {"type": "Point", "coordinates": [9.35975717, 42.38148661]}, "properties": {"route": "D246", "pr": "0", "abs": 0, "label": "D246 PR0"}}, {"type": "Feature", "geometry": {"type": "Point", "coordinates": [9.35166713, 42.37856188]}, "properties": {"route": "D246", "pr": "2", "abs": 2000, "label": "D246 PR2+2000"}}, {"type": "Feature", "geometry": {"type": "Point", "coordinates": [9.36062779, 42.38078075]}, "properties": {"route": "D246", "pr": "1", "abs": 1000, "label": "D246 PR1+1000"}}, {"type": "Feature", "geometry": {"type": "Point", "coordinates": [8.89876698, 42.57391179]}, "properties": {"route": "D413", "pr": "0", "abs": 0, "label": "D413 PR0"}}, {"type": "Feature", "geometry": {"type": "Point", "coordinates": [8.90384908, 42.59022569]}, "properties": {"route": "D413", "pr": "2", "abs": 2000, "label": "D413 PR2+2000"}}, {"type": "Feature", "geometry": {"type": "Point", "coordinates": [8.90275486, 42.58175336]}, "properties": {"route": "D413", "pr": "1", "abs": 1000, "label": "D413 PR1+1000"}}, {"type": "Feature", "geometry": {"type": "Point", "coordinates": [9.35617188, 42.63506227]}, "properties": {"route": "D138", "pr": "0", "abs": 0, "label": "D138 PR0"}}, {"type": "Feature", "geometry": {"type": "Point", "coordinates": [9.35517623, 42.63018603]}, "properties": {"route": "D138", "pr": "1", "abs": 1000, "label": "D138 PR1+1000"}}, {"type": "Feature", "geometry": {"type": "Point", "coordinates": [9.35211176, 42.49293195]}, "properties": {"route": "D15B", "pr": "0", "abs": 0, "label": "D15B PR0"}}, {"type": "Feature", "geometry": {"type": "Point", "coordinates": [9.31177137, 42.45816041]}, "properties": {"route": "D15B", "pr": "10", "abs": 10000, "label": "D15B PR10+10000"}}, {"type": "Feature", "geometry": {"type": "Point", "coordinates": [9.32264666, 42.4787834]}, "properties": {"route": "D15B", "pr": "6", "abs": 6000, "label": "D15B PR6+6000"}}, {"type": "Feature", "geometry": {"type": "Point", "coordinates": [9.31896116, 42.48856401]}, "properties": {"route": "D15B", "pr": "4", "abs": 4000, "label": "D15B PR4+4000"}}, {"type": "Feature", "geometry": {"type": "Point", "coordinates": [9.28821763, 42.45271245]}, "properties": {"route": "D15B", "pr": "13", "abs": 13000, "label": "D15B PR13+13000"}}, {"type": "Feature", "geometry": {"type": "Point", "coordinates": [9.32657676, 42.49248549]}, "properties": {"route": "D15B", "pr": "3", "abs": 3000, "label": "D15B PR3+3000"}}, {"type": "Feature", "geometry": {"type": "Point", "coordinates": [9.27524853, 42.44512902]}, "properties": {"route": "D15B", "pr": "15", "abs": 15000, "label": "D15B PR15+15000"}}, {"type": "Feature", "geometry": {"type": "Point", "coordinates": [9.3235149, 42.48284764]}, "properties": {"route": "D15B", "pr": "5", "abs": 5000, "label": "D15B PR5+5000"}}, {"type": "Feature", "geometry": {"type": "Point", "coordinates": [9.32064652, 42.46793733]}, "properties": {"route": "D15B", "pr": "8", "abs": 8000, "label": "D15B PR8+8000"}}, {"type": "Feature", "geometry": {"type": "Point", "coordinates": [9.28180382, 42.44813988]}, "properties": {"route": "D15B", "pr": "14", "abs": 14000, "label": "D15B PR14+14000"}}, {"type": "Feature", "geometry": {"type": "Point", "coordinates": [9.30345072, 42.45737763]}, "properties": {"route": "D15B", "pr": "11", "abs": 11000, "label": "D15B PR11+11000"}}, {"type": "Feature", "geometry": {"type": "Point", "coordinates": [9.33354588, 42.49408039]}, "properties": {"route": "D15B", "pr": "2", "abs": 2000, "label": "D15B PR2+2000"}}, {"type": "Feature", "geometry": {"type": "Point", "coordinates": [9.34323192, 42.49622548]}, "properties": {"route": "D15B", "pr": "1", "abs": 1000, "label": "D15B PR1+1000"}}, {"type": "Feature", "geometry": {"type": "Point", "coordinates": [9.3142873, 42.46432626]}, "properties": {"route": "D15B", "pr": "9", "abs": 9000, "label": "D15B PR9+9000"}}, {"type": "Feature", "geometry": {"type": "Point", "coordinates": [9.32364702, 42.4722004]}, "properties": {"route": "D15B", "pr": "7", "abs": 7000, "label": "D15B PR7+7000"}}, {"type": "Feature", "geometry": {"type": "Point", "coordinates": [9.29427776, 42.45715774]}, "properties": {"route": "D15B", "pr": "12", "abs": 12000, "label": "D15B PR12+12000"}}, {"type": "Feature", "geometry": {"type": "Point", "coordinates": [9.14214412, 42.59641986]}, "properties": {"route": "D208", "pr": "0", "abs": 0, "label": "D208 PR0"}}, {"type": "Feature", "geometry": {"type": "Point", "coordinates": [9.15425811, 42.59667832]}, "properties": {"route": "D208", "pr": "1", "abs": 1000, "label": "D208 PR1+1000"}}, {"type": "Feature", "geometry": {"type": "Point", "coordinates": [9.16236467, 42.59577742]}, "properties": {"route": "D208", "pr": "2", "abs": 2000, "label": "D208 PR2+2000"}}, {"type": "Feature", "geometry": {"type": "Point", "coordinates": [9.40152354, 42.32273679]}, "properties": {"route": "D317", "pr": "0", "abs": 0, "label": "D317 PR0"}}, {"type": "Feature", "geometry": {"type": "Point", "coordinates": [9.32368488, 42.47065068]}, "properties": {"route": "D915", "pr": "0", "abs": 0, "label": "D915 PR0"}}, {"type": "Feature", "geometry": {"type": "Point", "coordinates": [9.32601038, 42.47060717]}, "properties": {"route": "D915", "pr": "1", "abs": 1000, "label": "D915 PR1+1000"}}, {"type": "Feature", "geometry": {"type": "Point", "coordinates": [9.17759776, 42.50668901]}, "properties": {"route": "D8A", "pr": "0", "abs": 0, "label": "D8A PR0"}}, {"type": "Feature", "geometry": {"type": "Point", "coordinates": [9.49275759, 42.33213664]}, "properties": {"route": "D252", "pr": "0", "abs": 0, "label": "D252 PR0"}}, {"type": "Feature", "geometry": {"type": "Point", "coordinates": [9.48874168, 42.3310294]}, "properties": {"route": "D252", "pr": "1", "abs": 1000, "label": "D252 PR1+1000"}}, {"type": "Feature", "geometry": {"type": "Point", "coordinates": [9.47544542, 42.27360459]}, "properties": {"route": "D142", "pr": "0", "abs": 0, "label": "D142 PR0"}}, {"type": "Feature", "geometry": {"type": "Point", "coordinates": [9.47241554, 42.27816656]}, "properties": {"route": "D142", "pr": "1", "abs": 1000, "label": "D142 PR1+1000"}}, {"type": "Feature", "geometry": {"type": "Point", "coordinates": [9.46348991, 42.27911649]}, "properties": {"route": "D142", "pr": "2", "abs": 2000, "label": "D142 PR2+2000"}}, {"type": "Feature", "geometry": {"type": "Point", "coordinates": [9.46765641, 42.28612705]}, "properties": {"route": "D142", "pr": "3", "abs": 3000, "label": "D142 PR3+3000"}}, {"type": "Feature", "geometry": {"type": "Point", "coordinates": [9.46776924, 42.28931147]}, "properties": {"route": "D142", "pr": "4", "abs": 4000, "label": "D142 PR4+4000"}}, {"type": "Feature", "geometry": {"type": "Point", "coordinates": [9.31678924, 42.00998593]}, "properties": {"route": "D345", "pr": "0", "abs": 0, "label": "D345 PR0"}}, {"type": "Feature", "geometry": {"type": "Point", "coordinates": [9.34437512, 42.00915861]}, "properties": {"route": "D345", "pr": "6", "abs": 6000, "label": "D345 PR6+6000"}}, {"type": "Feature", "geometry": {"type": "Point", "coordinates": [9.33768396, 42.00505255]}, "properties": {"route": "D345", "pr": "3", "abs": 3000, "label": "D345 PR3+3000"}}, {"type": "Feature", "geometry": {"type": "Point", "coordinates": [9.33332034, 42.00511054]}, "properties": {"route": "D345", "pr": "2", "abs": 2000, "label": "D345 PR2+2000"}}, {"type": "Feature", "geometry": {"type": "Point", "coordinates": [9.32373584, 42.00735578]}, "properties": {"route": "D345", "pr": "1", "abs": 1000, "label": "D345 PR1+1000"}}, {"type": "Feature", "geometry": {"type": "Point", "coordinates": [9.34206082, 42.00572188]}, "properties": {"route": "D345", "pr": "4", "abs": 4000, "label": "D345 PR4+4000"}}, {"type": "Feature", "geometry": {"type": "Point", "coordinates": [9.34033158, 42.00781767]}, "properties": {"route": "D345", "pr": "5", "abs": 5000, "label": "D345 PR5+5000"}}, {"type": "Feature", "geometry": {"type": "Point", "coordinates": [9.34943776, 42.00630541]}, "properties": {"route": "D345", "pr": "7", "abs": 7000, "label": "D345 PR7+7000"}}, {"type": "Feature", "geometry": {"type": "Point", "coordinates": [9.35596422, 42.0089127]}, "properties": {"route": "D345", "pr": "8", "abs": 8000, "label": "D345 PR8+8000"}}, {"type": "Feature", "geometry": {"type": "Point", "coordinates": [9.46471944, 42.93267823]}, "properties": {"route": "D135", "pr": "0", "abs": 0, "label": "D135 PR0"}}, {"type": "Feature", "geometry": {"type": "Point", "coordinates": [9.45498943, 42.92832071]}, "properties": {"route": "D135", "pr": "2", "abs": 2000, "label": "D135 PR2+2000"}}, {"type": "Feature", "geometry": {"type": "Point", "coordinates": [9.45175157, 42.925963]}, "properties": {"route": "D135", "pr": "3", "abs": 3000, "label": "D135 PR3+3000"}}, {"type": "Feature", "geometry": {"type": "Point", "coordinates": [9.45563019, 42.93010298]}, "properties": {"route": "D135", "pr": "1", "abs": 1000, "label": "D135 PR1+1000"}}, {"type": "Feature", "geometry": {"type": "Point", "coordinates": [9.19903794, 42.37069848]}, "properties": {"route": "D818", "pr": "0", "abs": 0, "label": "D818 PR0"}}, {"type": "Feature", "geometry": {"type": "Point", "coordinates": [9.19001868, 42.38118849]}, "properties": {"route": "D818", "pr": "2", "abs": 2000, "label": "D818 PR2+2000"}}, {"type": "Feature", "geometry": {"type": "Point", "coordinates": [9.19528496, 42.37638995]}, "properties": {"route": "D818", "pr": "1", "abs": 1000, "label": "D818 PR1+1000"}}, {"type": "Feature", "geometry": {"type": "Point", "coordinates": [9.33325007, 41.99767418]}, "properties": {"route": "D145", "pr": "0", "abs": 0, "label": "D145 PR0"}}, {"type": "Feature", "geometry": {"type": "Point", "coordinates": [9.35419854, 41.99866405]}, "properties": {"route": "D145", "pr": "2", "abs": 2000, "label": "D145 PR2+2000"}}, {"type": "Feature", "geometry": {"type": "Point", "coordinates": [9.36436414, 42.00306726]}, "properties": {"route": "D145", "pr": "3", "abs": 3000, "label": "D145 PR3+3000"}}, {"type": "Feature", "geometry": {"type": "Point", "coordinates": [9.34414827, 41.99642259]}, "properties": {"route": "D145", "pr": "1", "abs": 1000, "label": "D145 PR1+1000"}}, {"type": "Feature", "geometry": {"type": "Point", "coordinates": [9.15005716, 42.30307962]}, "properties": {"route": "D823", "pr": "0", "abs": 0, "label": "D823 PR0"}}, {"type": "Feature", "geometry": {"type": "Point", "coordinates": [9.41605738, 42.32621127]}, "properties": {"route": "D217", "pr": "0", "abs": 0, "label": "D217 PR0"}}, {"type": "Feature", "geometry": {"type": "Point", "coordinates": [9.40438758, 42.32641985]}, "properties": {"route": "D217", "pr": "2", "abs": 2000, "label": "D217 PR2+2000"}}, {"type": "Feature", "geometry": {"type": "Point", "coordinates": [9.39318944, 42.32474031]}, "properties": {"route": "D217", "pr": "5", "abs": 5000, "label": "D217 PR5+5000"}}, {"type": "Feature", "geometry": {"type": "Point", "coordinates": [9.40960479, 42.32696619]}, "properties": {"route": "D217", "pr": "1", "abs": 1000, "label": "D217 PR1+1000"}}, {"type": "Feature", "geometry": {"type": "Point", "coordinates": [9.400452, 42.32523604]}, "properties": {"route": "D217", "pr": "3", "abs": 3000, "label": "D217 PR3+3000"}}, {"type": "Feature", "geometry": {"type": "Point", "coordinates": [9.39681945, 42.32593196]}, "properties": {"route": "D217", "pr": "4", "abs": 4000, "label": "D217 PR4+4000"}}, {"type": "Feature", "geometry": {"type": "Point", "coordinates": [9.17655855, 42.22784369]}, "properties": {"route": "D143", "pr": "0", "abs": 0, "label": "D143 PR0"}}, {"type": "Feature", "geometry": {"type": "Point", "coordinates": [9.19194543, 42.226125]}, "properties": {"route": "D143", "pr": "3", "abs": 3000, "label": "D143 PR3+3000"}}, {"type": "Feature", "geometry": {"type": "Point", "coordinates": [9.23896832, 42.2298409]}, "properties": {"route": "D143", "pr": "8", "abs": 8000, "label": "D143 PR8+8000"}}, {"type": "Feature", "geometry": {"type": "Point", "coordinates": [9.2169329, 42.22518647]}, "properties": {"route": "D143", "pr": "6", "abs": 6000, "label": "D143 PR6+6000"}}, {"type": "Feature", "geometry": {"type": "Point", "coordinates": [9.22865848, 42.22596853]}, "properties": {"route": "D143", "pr": "7", "abs": 7000, "label": "D143 PR7+7000"}}, {"type": "Feature", "geometry": {"type": "Point", "coordinates": [9.17867259, 42.23295963]}, "properties": {"route": "D143", "pr": "1", "abs": 1000, "label": "D143 PR1+1000"}}, {"type": "Feature", "geometry": {"type": "Point", "coordinates": [9.19932591, 42.22519881]}, "properties": {"route": "D143", "pr": "4", "abs": 4000, "label": "D143 PR4+4000"}}, {"type": "Feature", "geometry": {"type": "Point", "coordinates": [9.20613342, 42.22418936]}, "properties": {"route": "D143", "pr": "5", "abs": 5000, "label": "D143 PR5+5000"}}, {"type": "Feature", "geometry": {"type": "Point", "coordinates": [9.18571765, 42.23154738]}, "properties": {"route": "D143", "pr": "2", "abs": 2000, "label": "D143 PR2+2000"}}, {"type": "Feature", "geometry": {"type": "Point", "coordinates": [9.44225944, 42.54946755]}, "properties": {"route": "D507", "pr": "0", "abs": 0, "label": "D507 PR0"}}, {"type": "Feature", "geometry": {"type": "Point", "coordinates": [9.46694634, 42.55059693]}, "properties": {"route": "D507", "pr": "2", "abs": 2000, "label": "D507 PR2+2000"}}, {"type": "Feature", "geometry": {"type": "Point", "coordinates": [9.47856236, 42.54821359]}, "properties": {"route": "D507", "pr": "3", "abs": 3000, "label": "D507 PR3+3000"}}, {"type": "Feature", "geometry": {"type": "Point", "coordinates": [9.45434663, 42.55002231]}, "properties": {"route": "D507", "pr": "1", "abs": 1000, "label": "D507 PR1+1000"}}, {"type": "Feature", "geometry": {"type": "Point", "coordinates": [9.49052595, 42.11815433]}, "properties": {"route": "D43A", "pr": "0", "abs": 0, "label": "D43A PR0"}}, {"type": "Feature", "geometry": {"type": "Point", "coordinates": [9.42369694, 42.55468124]}, "properties": {"route": "D107", "pr": "0", "abs": 0, "label": "D107 PR0"}}, {"type": "Feature", "geometry": {"type": "Point", "coordinates": [9.43679912, 42.5471701]}, "properties": {"route": "D107", "pr": "4", "abs": 4000, "label": "D107 PR4+4000"}}, {"type": "Feature", "geometry": {"type": "Point", "coordinates": [9.46800597, 42.54225323]}, "properties": {"route": "D107", "pr": "7", "abs": 7000, "label": "D107 PR7+7000"}}, {"type": "Feature", "geometry": {"type": "Point", "coordinates": [9.51898849, 42.54354779]}, "properties": {"route": "D107", "pr": "12", "abs": 12000, "label": "D107 PR12+12000"}}, {"type": "Feature", "geometry": {"type": "Point", "coordinates": [9.42548584, 42.5474299]}, "properties": {"route": "D107", "pr": "3", "abs": 3000, "label": "D107 PR3+3000"}}, {"type": "Feature", "geometry": {"type": "Point", "coordinates": [9.49779529, 42.53872855]}, "properties": {"route": "D107", "pr": "10", "abs": 10000, "label": "D107 PR10+10000"}}, {"type": "Feature", "geometry": {"type": "Point", "coordinates": [9.48635333, 42.53874209]}, "properties": {"route": "D107", "pr": "9", "abs": 9000, "label": "D107 PR9+9000"}}, {"type": "Feature", "geometry": {"type": "Point", "coordinates": [9.41907531, 42.55038232]}, "properties": {"route": "D107", "pr": "1", "abs": 1000, "label": "D107 PR1+1000"}}, {"type": "Feature", "geometry": {"type": "Point", "coordinates": [9.41908102, 42.54623843]}, "properties": {"route": "D107", "pr": "2", "abs": 2000, "label": "D107 PR2+2000"}}, {"type": "Feature", "geometry": {"type": "Point", "coordinates": [9.50951789, 42.53860554]}, "properties": {"route": "D107", "pr": "11", "abs": 11000, "label": "D107 PR11+11000"}}, {"type": "Feature", "geometry": {"type": "Point", "coordinates": [9.52543296, 42.54881812]}, "properties": {"route": "D107", "pr": "13", "abs": 13000, "label": "D107 PR13+13000"}}, {"type": "Feature", "geometry": {"type": "Point", "coordinates": [9.45629132, 42.54324337]}, "properties": {"route": "D107", "pr": "6", "abs": 6000, "label": "D107 PR6+6000"}}, {"type": "Feature", "geometry": {"type": "Point", "coordinates": [9.47455287, 42.53732848]}, "properties": {"route": "D107", "pr": "8", "abs": 8000, "label": "D107 PR8+8000"}}, {"type": "Feature", "geometry": {"type": "Point", "coordinates": [9.39106222, 42.28121371]}, "properties": {"route": "D16A", "pr": "0", "abs": 0, "label": "D16A PR0"}}, {"type": "Feature", "geometry": {"type": "Point", "coordinates": [9.47657977, 42.37036261]}, "properties": {"route": "D134", "pr": "0", "abs": 0, "label": "D134 PR0"}}, {"type": "Feature", "geometry": {"type": "Point", "coordinates": [9.47196166, 42.37474106]}, "properties": {"route": "D134", "pr": "3", "abs": 3000, "label": "D134 PR3+3000"}}, {"type": "Feature", "geometry": {"type": "Point", "coordinates": [9.47869691, 42.37961633]}, "properties": {"route": "D134", "pr": "2", "abs": 2000, "label": "D134 PR2+2000"}}, {"type": "Feature", "geometry": {"type": "Point", "coordinates": [9.47525619, 42.37528616]}, "properties": {"route": "D134", "pr": "1", "abs": 1000, "label": "D134 PR1+1000"}}, {"type": "Feature", "geometry": {"type": "Point", "coordinates": [9.47605151, 42.3697004]}, "properties": {"route": "D134", "pr": "4", "abs": 4000, "label": "D134 PR4+4000"}}, {"type": "Feature", "geometry": {"type": "Point", "coordinates": [9.25406865, 42.28711952]}, "properties": {"route": "D14", "pr": "0", "abs": 0, "label": "D14 PR0"}}, {"type": "Feature", "geometry": {"type": "Point", "coordinates": [9.24929644, 42.28239796]}, "properties": {"route": "D14", "pr": "1", "abs": 1000, "label": "D14 PR1+1000"}}, {"type": "Feature", "geometry": {"type": "Point", "coordinates": [9.36162492, 42.22699024]}, "properties": {"route": "D14", "pr": "26", "abs": 26000, "label": "D14 PR26+26000"}}, {"type": "Feature", "geometry": {"type": "Point", "coordinates": [9.29274559, 42.23745137]}, "properties": {"route": "D14", "pr": "18", "abs": 18000, "label": "D14 PR18+18000"}}, {"type": "Feature", "geometry": {"type": "Point", "coordinates": [9.2914849, 42.265102]}, "properties": {"route": "D14", "pr": "11", "abs": 11000, "label": "D14 PR11+11000"}}, {"type": "Feature", "geometry": {"type": "Point", "coordinates": [9.37030511, 42.2224677]}, "properties": {"route": "D14", "pr": "27", "abs": 27000, "label": "D14 PR27+27000"}}, {"type": "Feature", "geometry": {"type": "Point", "coordinates": [9.25611084, 42.26957494]}, "properties": {"route": "D14", "pr": "6", "abs": 6000, "label": "D14 PR6+6000"}}, {"type": "Feature", "geometry": {"type": "Point", "coordinates": [9.40746095, 42.19301837]}, "properties": {"route": "D14", "pr": "34", "abs": 34000, "label": "D14 PR34+34000"}}, {"type": "Feature", "geometry": {"type": "Point", "coordinates": [9.27552099, 42.27491348]}, "properties": {"route": "D14", "pr": "8", "abs": 8000, "label": "D14 PR8+8000"}}, {"type": "Feature", "geometry": {"type": "Point", "coordinates": [9.3836209, 42.20687136]}, "properties": {"route": "D14", "pr": "30", "abs": 30000, "label": "D14 PR30+30000"}}, {"type": "Feature", "geometry": {"type": "Point", "coordinates": [9.39118613, 42.2024736]}, "properties": {"route": "D14", "pr": "31", "abs": 31000, "label": "D14 PR31+31000"}}, {"type": "Feature", "geometry": {"type": "Point", "coordinates": [9.29542156, 42.266448]}, "properties": {"route": "D14", "pr": "12", "abs": 12000, "label": "D14 PR12+12000"}}, {"type": "Feature", "geometry": {"type": "Point", "coordinates": [9.26482948, 42.27334732]}, "properties": {"route": "D14", "pr": "7", "abs": 7000, "label": "D14 PR7+7000"}}, {"type": "Feature", "geometry": {"type": "Point", "coordinates": [9.3025156, 42.25893409]}, "properties": {"route": "D14", "pr": "14", "abs": 14000, "label": "D14 PR14+14000"}}, {"type": "Feature", "geometry": {"type": "Point", "coordinates": [9.29248557, 42.24540671]}, "properties": {"route": "D14", "pr": "17", "abs": 17000, "label": "D14 PR17+17000"}}, {"type": "Feature", "geometry": {"type": "Point", "coordinates": [9.30138928, 42.23451559]}, "properties": {"route": "D14", "pr": "19", "abs": 19000, "label": "D14 PR19+19000"}}, {"type": "Feature", "geometry": {"type": "Point", "coordinates": [9.24355232, 42.26701245]}, "properties": {"route": "D14", "pr": "4", "abs": 4000, "label": "D14 PR4+4000"}}, {"type": "Feature", "geometry": {"type": "Point", "coordinates": [9.37830671, 42.20988799]}, "properties": {"route": "D14", "pr": "29", "abs": 29000, "label": "D14 PR29+29000"}}, {"type": "Feature", "geometry": {"type": "Point", "coordinates": [9.33660521, 42.23819952]}, "properties": {"route": "D14", "pr": "23", "abs": 23000, "label": "D14 PR23+23000"}}, {"type": "Feature", "geometry": {"type": "Point", "coordinates": [9.25172129, 42.26264037]}, "properties": {"route": "D14", "pr": "5", "abs": 5000, "label": "D14 PR5+5000"}}, {"type": "Feature", "geometry": {"type": "Point", "coordinates": [9.39699955, 42.19937654]}, "properties": {"route": "D14", "pr": "32", "abs": 32000, "label": "D14 PR32+32000"}}, {"type": "Feature", "geometry": {"type": "Point", "coordinates": [9.35073231, 42.229112]}, "properties": {"route": "D14", "pr": "25", "abs": 25000, "label": "D14 PR25+25000"}}, {"type": "Feature", "geometry": {"type": "Point", "coordinates": [9.2478626, 42.2761103]}, "properties": {"route": "D14", "pr": "2", "abs": 2000, "label": "D14 PR2+2000"}}, {"type": "Feature", "geometry": {"type": "Point", "coordinates": [9.2813155, 42.26956601]}, "properties": {"route": "D14", "pr": "9", "abs": 9000, "label": "D14 PR9+9000"}}, {"type": "Feature", "geometry": {"type": "Point", "coordinates": [9.28329434, 42.26192531]}, "properties": {"route": "D14", "pr": "10", "abs": 10000, "label": "D14 PR10+10000"}}, {"type": "Feature", "geometry": {"type": "Point", "coordinates": [9.32647353, 42.23701308]}, "properties": {"route": "D14", "pr": "22", "abs": 22000, "label": "D14 PR22+22000"}}, {"type": "Feature", "geometry": {"type": "Point", "coordinates": [9.4034039, 42.19806377]}, "properties": {"route": "D14", "pr": "33", "abs": 33000, "label": "D14 PR33+33000"}}, {"type": "Feature", "geometry": {"type": "Point", "coordinates": [9.30143886, 42.25421976]}, "properties": {"route": "D14", "pr": "15", "abs": 15000, "label": "D14 PR15+15000"}}, {"type": "Feature", "geometry": {"type": "Point", "coordinates": [9.31562359, 42.23629402]}, "properties": {"route": "D14", "pr": "21", "abs": 21000, "label": "D14 PR21+21000"}}, {"type": "Feature", "geometry": {"type": "Point", "coordinates": [9.34668571, 42.23473408]}, "properties": {"route": "D14", "pr": "24", "abs": 24000, "label": "D14 PR24+24000"}}, {"type": "Feature", "geometry": {"type": "Point", "coordinates": [9.4119762, 42.18266079]}, "properties": {"route": "D14", "pr": "36", "abs": 36000, "label": "D14 PR36+36000"}}, {"type": "Feature", "geometry": {"type": "Point", "coordinates": [9.24917261, 42.27110987]}, "properties": {"route": "D14", "pr": "3", "abs": 3000, "label": "D14 PR3+3000"}}, {"type": "Feature", "geometry": {"type": "Point", "coordinates": [9.31124626, 42.23145366]}, "properties": {"route": "D14", "pr": "20", "abs": 20000, "label": "D14 PR20+20000"}}, {"type": "Feature", "geometry": {"type": "Point", "coordinates": [9.41215711, 42.18886728]}, "properties": {"route": "D14", "pr": "35", "abs": 35000, "label": "D14 PR35+35000"}}, {"type": "Feature", "geometry": {"type": "Point", "coordinates": [9.37299085, 42.21505653]}, "properties": {"route": "D14", "pr": "28", "abs": 28000, "label": "D14 PR28+28000"}}, {"type": "Feature", "geometry": {"type": "Point", "coordinates": [9.29660049, 42.25036263]}, "properties": {"route": "D14", "pr": "16", "abs": 16000, "label": "D14 PR16+16000"}}, {"type": "Feature", "geometry": {"type": "Point", "coordinates": [9.41408327, 42.17662687]}, "properties": {"route": "D14", "pr": "37", "abs": 37000, "label": "D14 PR37+37000"}}, {"type": "Feature", "geometry": {"type": "Point", "coordinates": [9.29849237, 42.26311924]}, "properties": {"route": "D14", "pr": "13", "abs": 13000, "label": "D14 PR13+13000"}}, {"type": "Feature", "geometry": {"type": "Point", "coordinates": [9.54556789, 42.25038019]}, "properties": {"route": "D17", "pr": "0", "abs": 0, "label": "D17 PR0"}}, {"type": "Feature", "geometry": {"type": "Point", "coordinates": [9.39277915, 42.32594446]}, "properties": {"route": "D17", "pr": "24", "abs": 24000, "label": "D17 PR24+24000"}}, {"type": "Feature", "geometry": {"type": "Point", "coordinates": [9.51448618, 42.26341929]}, "properties": {"route": "D17", "pr": "3", "abs": 3000, "label": "D17 PR3+3000"}}, {"type": "Feature", "geometry": {"type": "Point", "coordinates": [9.37965165, 42.34528772]}, "properties": {"route": "D17", "pr": "28", "abs": 28000, "label": "D17 PR28+28000"}}, {"type": "Feature", "geometry": {"type": "Point", "coordinates": [9.38808174, 42.3352128]}, "properties": {"route": "D17", "pr": "26", "abs": 26000, "label": "D17 PR26+26000"}}, {"type": "Feature", "geometry": {"type": "Point", "coordinates": [9.44791064, 42.30421569]}, "properties": {"route": "D17", "pr": "15", "abs": 15000, "label": "D17 PR15+15000"}}, {"type": "Feature", "geometry": {"type": "Point", "coordinates": [9.43230592, 42.30565487]}, "properties": {"route": "D17", "pr": "17", "abs": 17000, "label": "D17 PR17+17000"}}, {"type": "Feature", "geometry": {"type": "Point", "coordinates": [9.49142532, 42.28128577]}, "properties": {"route": "D17", "pr": "6", "abs": 6000, "label": "D17 PR6+6000"}}, {"type": "Feature", "geometry": {"type": "Point", "coordinates": [9.45202845, 42.2991474]}, "properties": {"route": "D17", "pr": "14", "abs": 14000, "label": "D17 PR14+14000"}}, {"type": "Feature", "geometry": {"type": "Point", "coordinates": [9.41393042, 42.3092051]}, "properties": {"route": "D17", "pr": "20", "abs": 20000, "label": "D17 PR20+20000"}}, {"type": "Feature", "geometry": {"type": "Point", "coordinates": [9.44056599, 42.30535146]}, "properties": {"route": "D17", "pr": "16", "abs": 16000, "label": "D17 PR16+16000"}}, {"type": "Feature", "geometry": {"type": "Point", "coordinates": [9.47182385, 42.28729681]}, "properties": {"route": "D17", "pr": "9", "abs": 9000, "label": "D17 PR9+9000"}}, {"type": "Feature", "geometry": {"type": "Point", "coordinates": [9.38316729, 42.34014766]}, "properties": {"route": "D17", "pr": "27", "abs": 27000, "label": "D17 PR27+27000"}}, {"type": "Feature", "geometry": {"type": "Point", "coordinates": [9.38713691, 42.34766658]}, "properties": {"route": "D17", "pr": "29", "abs": 29000, "label": "D17 PR29+29000"}}, {"type": "Feature", "geometry": {"type": "Point", "coordinates": [9.39630679, 42.32313415]}, "properties": {"route": "D17", "pr": "23", "abs": 23000, "label": "D17 PR23+23000"}}, {"type": "Feature", "geometry": {"type": "Point", "coordinates": [9.41875203, 42.30454389]}, "properties": {"route": "D17", "pr": "19", "abs": 19000, "label": "D17 PR19+19000"}}, {"type": "Feature", "geometry": {"type": "Point", "coordinates": [9.40510013, 42.31344615]}, "properties": {"route": "D17", "pr": "21", "abs": 21000, "label": "D17 PR21+21000"}}, {"type": "Feature", "geometry": {"type": "Point", "coordinates": [9.47189759, 42.29092729]}, "properties": {"route": "D17", "pr": "10", "abs": 10000, "label": "D17 PR10+10000"}}, {"type": "Feature", "geometry": {"type": "Point", "coordinates": [9.38814608, 42.32996272]}, "properties": {"route": "D17", "pr": "25", "abs": 25000, "label": "D17 PR25+25000"}}, {"type": "Feature", "geometry": {"type": "Point", "coordinates": [9.46258509, 42.29159224]}, "properties": {"route": "D17", "pr": "11", "abs": 11000, "label": "D17 PR11+11000"}}, {"type": "Feature", "geometry": {"type": "Point", "coordinates": [9.48041074, 42.28655629]}, "properties": {"route": "D17", "pr": "8", "abs": 8000, "label": "D17 PR8+8000"}}, {"type": "Feature", "geometry": {"type": "Point", "coordinates": [9.42601756, 42.30476523]}, "properties": {"route": "D17", "pr": "18", "abs": 18000, "label": "D17 PR18+18000"}}, {"type": "Feature", "geometry": {"type": "Point", "coordinates": [9.45458384, 42.29508294]}, "properties": {"route": "D17", "pr": "12", "abs": 12000, "label": "D17 PR12+12000"}}, {"type": "Feature", "geometry": {"type": "Point", "coordinates": [9.50521704, 42.26898849]}, "properties": {"route": "D17", "pr": "4", "abs": 4000, "label": "D17 PR4+4000"}}, {"type": "Feature", "geometry": {"type": "Point", "coordinates": [9.44424197, 42.29407299]}, "properties": {"route": "D17", "pr": "13", "abs": 13000, "label": "D17 PR13+13000"}}, {"type": "Feature", "geometry": {"type": "Point", "coordinates": [9.524642, 42.25871898]}, "properties": {"route": "D17", "pr": "2", "abs": 2000, "label": "D17 PR2+2000"}}, {"type": "Feature", "geometry": {"type": "Point", "coordinates": [9.53480494, 42.25399825]}, "properties": {"route": "D17", "pr": "1", "abs": 1000, "label": "D17 PR1+1000"}}, {"type": "Feature", "geometry": {"type": "Point", "coordinates": [9.50001037, 42.2762089]}, "properties": {"route": "D17", "pr": "5", "abs": 5000, "label": "D17 PR5+5000"}}, {"type": "Feature", "geometry": {"type": "Point", "coordinates": [9.48628915, 42.28326276]}, "properties": {"route": "D17", "pr": "7", "abs": 7000, "label": "D17 PR7+7000"}}, {"type": "Feature", "geometry": {"type": "Point", "coordinates": [9.40028578, 42.31827846]}, "properties": {"route": "D17", "pr": "22", "abs": 22000, "label": "D17 PR22+22000"}}, {"type": "Feature", "geometry": {"type": "Point", "coordinates": [9.38265721, 42.2528307]}, "properties": {"route": "D416", "pr": "0", "abs": 0, "label": "D416 PR0"}}, {"type": "Feature", "geometry": {"type": "Point", "coordinates": [9.37595488, 42.25776095]}, "properties": {"route": "D416", "pr": "1", "abs": 1000, "label": "D416 PR1+1000"}}, {"type": "Feature", "geometry": {"type": "Point", "coordinates": [9.11389452, 42.50094186]}, "properties": {"route": "D247", "pr": "0", "abs": 0, "label": "D247 PR0"}}, {"type": "Feature", "geometry": {"type": "Point", "coordinates": [9.11722854, 42.51035282]}, "properties": {"route": "D247", "pr": "2", "abs": 2000, "label": "D247 PR2+2000"}}, {"type": "Feature", "geometry": {"type": "Point", "coordinates": [9.15994475, 42.51096112]}, "properties": {"route": "D247", "pr": "7", "abs": 7000, "label": "D247 PR7+7000"}}, {"type": "Feature", "geometry": {"type": "Point", "coordinates": [9.1177401, 42.50375321]}, "properties": {"route": "D247", "pr": "1", "abs": 1000, "label": "D247 PR1+1000"}}, {"type": "Feature", "geometry": {"type": "Point", "coordinates": [9.13436702, 42.5126131]}, "properties": {"route": "D247", "pr": "4", "abs": 4000, "label": "D247 PR4+4000"}}, {"type": "Feature", "geometry": {"type": "Point", "coordinates": [9.1699595, 42.50640413]}, "properties": {"route": "D247", "pr": "8", "abs": 8000, "label": "D247 PR8+8000"}}, {"type": "Feature", "geometry": {"type": "Point", "coordinates": [9.14851633, 42.51306051]}, "properties": {"route": "D247", "pr": "6", "abs": 6000, "label": "D247 PR6+6000"}}, {"type": "Feature", "geometry": {"type": "Point", "coordinates": [9.14027975, 42.51548864]}, "properties": {"route": "D247", "pr": "5", "abs": 5000, "label": "D247 PR5+5000"}}, {"type": "Feature", "geometry": {"type": "Point", "coordinates": [9.124527, 42.51551371]}, "properties": {"route": "D247", "pr": "3", "abs": 3000, "label": "D247 PR3+3000"}}, {"type": "Feature", "geometry": {"type": "Point", "coordinates": [9.17436764, 42.44187221]}, "properties": {"route": "D418", "pr": "0", "abs": 0, "label": "D418 PR0"}}, {"type": "Feature", "geometry": {"type": "Point", "coordinates": [9.17242747, 42.44806718]}, "properties": {"route": "D418", "pr": "1", "abs": 1000, "label": "D418 PR1+1000"}}, {"type": "Feature", "geometry": {"type": "Point", "coordinates": [9.40004589, 42.48762068]}, "properties": {"route": "D310", "pr": "0", "abs": 0, "label": "D310 PR0"}}, {"type": "Feature", "geometry": {"type": "Point", "coordinates": [9.41809817, 42.4843269]}, "properties": {"route": "D310", "pr": "2", "abs": 2000, "label": "D310 PR2+2000"}}, {"type": "Feature", "geometry": {"type": "Point", "coordinates": [9.40853491, 42.48900123]}, "properties": {"route": "D310", "pr": "1", "abs": 1000, "label": "D310 PR1+1000"}}, {"type": "Feature", "geometry": {"type": "Point", "coordinates": [9.55006448, 42.27773027]}, "properties": {"route": "D52", "pr": "0", "abs": 0, "label": "D52 PR0"}}, {"type": "Feature", "geometry": {"type": "Point", "coordinates": [9.52720571, 42.28340378]}, "properties": {"route": "D52", "pr": "2", "abs": 2000, "label": "D52 PR2+2000"}}, {"type": "Feature", "geometry": {"type": "Point", "coordinates": [9.50170772, 42.30270575]}, "properties": {"route": "D52", "pr": "6", "abs": 6000, "label": "D52 PR6+6000"}}, {"type": "Feature", "geometry": {"type": "Point", "coordinates": [9.48807661, 42.31268497]}, "properties": {"route": "D52", "pr": "8", "abs": 8000, "label": "D52 PR8+8000"}}, {"type": "Feature", "geometry": {"type": "Point", "coordinates": [9.48515392, 42.3134795]}, "properties": {"route": "D52", "pr": "10", "abs": 10000, "label": "D52 PR10+10000"}}, {"type": "Feature", "geometry": {"type": "Point", "coordinates": [9.48191544, 42.30877338]}, "properties": {"route": "D52", "pr": "9", "abs": 9000, "label": "D52 PR9+9000"}}, {"type": "Feature", "geometry": {"type": "Point", "coordinates": [9.53856997, 42.28034398]}, "properties": {"route": "D52", "pr": "1", "abs": 1000, "label": "D52 PR1+1000"}}, {"type": "Feature", "geometry": {"type": "Point", "coordinates": [9.49581963, 42.30842747]}, "properties": {"route": "D52", "pr": "7", "abs": 7000, "label": "D52 PR7+7000"}}, {"type": "Feature", "geometry": {"type": "Point", "coordinates": [9.50710251, 42.2917303]}, "properties": {"route": "D52", "pr": "4", "abs": 4000, "label": "D52 PR4+4000"}}, {"type": "Feature", "geometry": {"type": "Point", "coordinates": [9.50120493, 42.29731947]}, "properties": {"route": "D52", "pr": "5", "abs": 5000, "label": "D52 PR5+5000"}}, {"type": "Feature", "geometry": {"type": "Point", "coordinates": [9.51710434, 42.28772481]}, "properties": {"route": "D52", "pr": "3", "abs": 3000, "label": "D52 PR3+3000"}}, {"type": "Feature", "geometry": {"type": "Point", "coordinates": [9.43862661, 42.69252901]}, "properties": {"route": "D64", "pr": "0", "abs": 0, "label": "D64 PR0"}}, {"type": "Feature", "geometry": {"type": "Point", "coordinates": [9.43283603, 42.69901214]}, "properties": {"route": "D64", "pr": "3", "abs": 3000, "label": "D64 PR3+3000"}}, {"type": "Feature", "geometry": {"type": "Point", "coordinates": [9.43642288, 42.69850199]}, "properties": {"route": "D64", "pr": "1", "abs": 1000, "label": "D64 PR1+1000"}}, {"type": "Feature", "geometry": {"type": "Point", "coordinates": [9.43006334, 42.69418062]}, "properties": {"route": "D64", "pr": "4", "abs": 4000, "label": "D64 PR4+4000"}}, {"type": "Feature", "geometry": {"type": "Point", "coordinates": [9.42738628, 42.68663799]}, "properties": {"route": "D64", "pr": "5", "abs": 5000, "label": "D64 PR5+5000"}}, {"type": "Feature", "geometry": {"type": "Point", "coordinates": [9.4286857, 42.702367]}, "properties": {"route": "D64", "pr": "2", "abs": 2000, "label": "D64 PR2+2000"}}, {"type": "Feature", "geometry": {"type": "Point", "coordinates": [8.99494816, 42.52445484]}, "properties": {"route": "D563", "pr": "0", "abs": 0, "label": "D563 PR0"}}, {"type": "Feature", "geometry": {"type": "Point", "coordinates": [9.00400562, 42.52411522]}, "properties": {"route": "D563", "pr": "1", "abs": 1000, "label": "D563 PR1+1000"}}, {"type": "Feature", "geometry": {"type": "Point", "coordinates": [8.93850086, 42.63280548]}, "properties": {"route": "D63", "pr": "0", "abs": 0, "label": "D63 PR0"}}, {"type": "Feature", "geometry": {"type": "Point", "coordinates": [8.97111855, 42.61440868]}, "properties": {"route": "D63", "pr": "6", "abs": 6000, "label": "D63 PR6+6000"}}, {"type": "Feature", "geometry": {"type": "Point", "coordinates": [8.9684497, 42.60758232]}, "properties": {"route": "D63", "pr": "7", "abs": 7000, "label": "D63 PR7+7000"}}, {"type": "Feature", "geometry": {"type": "Point", "coordinates": [8.99872778, 42.53979393]}, "properties": {"route": "D63", "pr": "30", "abs": 30000, "label": "D63 PR30+30000"}}, {"type": "Feature", "geometry": {"type": "Point", "coordinates": [8.99887347, 42.55101655]}, "properties": {"route": "D63", "pr": "25", "abs": 25000, "label": "D63 PR25+25000"}}, {"type": "Feature", "geometry": {"type": "Point", "coordinates": [8.99515306, 42.53289443]}, "properties": {"route": "D63", "pr": "29", "abs": 29000, "label": "D63 PR29+29000"}}, {"type": "Feature", "geometry": {"type": "Point", "coordinates": [8.98423081, 42.56219679]}, "properties": {"route": "D63", "pr": "17", "abs": 17000, "label": "D63 PR17+17000"}}, {"type": "Feature", "geometry": {"type": "Point", "coordinates": [8.98469166, 42.54798392]}, "properties": {"route": "D63", "pr": "23", "abs": 23000, "label": "D63 PR23+23000"}}, {"type": "Feature", "geometry": {"type": "Point", "coordinates": [8.9714391, 42.55581248]}, "properties": {"route": "D63", "pr": "20", "abs": 20000, "label": "D63 PR20+20000"}}, {"type": "Feature", "geometry": {"type": "Point", "coordinates": [8.98545265, 42.5779599]}, "properties": {"route": "D63", "pr": "14", "abs": 14000, "label": "D63 PR14+14000"}}, {"type": "Feature", "geometry": {"type": "Point", "coordinates": [8.98992779, 42.59272108]}, "properties": {"route": "D63", "pr": "11", "abs": 11000, "label": "D63 PR11+11000"}}, {"type": "Feature", "geometry": {"type": "Point", "coordinates": [8.98232774, 42.56429426]}, "properties": {"route": "D63", "pr": "18", "abs": 18000, "label": "D63 PR18+18000"}}, {"type": "Feature", "geometry": {"type": "Point", "coordinates": [8.99717819, 42.58770646]}, "properties": {"route": "D63", "pr": "12", "abs": 12000, "label": "D63 PR12+12000"}}, {"type": "Feature", "geometry": {"type": "Point", "coordinates": [8.99518012, 42.53849067]}, "properties": {"route": "D63", "pr": "28", "abs": 28000, "label": "D63 PR28+28000"}}, {"type": "Feature", "geometry": {"type": "Point", "coordinates": [8.95071505, 42.62433]}, "properties": {"route": "D63", "pr": "2", "abs": 2000, "label": "D63 PR2+2000"}}, {"type": "Feature", "geometry": {"type": "Point", "coordinates": [8.951773, 42.61975221]}, "properties": {"route": "D63", "pr": "3", "abs": 3000, "label": "D63 PR3+3000"}}, {"type": "Feature", "geometry": {"type": "Point", "coordinates": [8.994269, 42.54398644]}, "properties": {"route": "D63", "pr": "27", "abs": 27000, "label": "D63 PR27+27000"}}, {"type": "Feature", "geometry": {"type": "Point", "coordinates": [8.97899942, 42.59249574]}, "properties": {"route": "D63", "pr": "10", "abs": 10000, "label": "D63 PR10+10000"}}, {"type": "Feature", "geometry": {"type": "Point", "coordinates": [8.96671818, 42.61608928]}, "properties": {"route": "D63", "pr": "5", "abs": 5000, "label": "D63 PR5+5000"}}, {"type": "Feature", "geometry": {"type": "Point", "coordinates": [8.9898987, 42.58281777]}, "properties": {"route": "D63", "pr": "13", "abs": 13000, "label": "D63 PR13+13000"}}, {"type": "Feature", "geometry": {"type": "Point", "coordinates": [8.94654475, 42.62981604]}, "properties": {"route": "D63", "pr": "1", "abs": 1000, "label": "D63 PR1+1000"}}, {"type": "Feature", "geometry": {"type": "Point", "coordinates": [8.97740096, 42.55604993]}, "properties": {"route": "D63", "pr": "21", "abs": 21000, "label": "D63 PR21+21000"}}, {"type": "Feature", "geometry": {"type": "Point", "coordinates": [9.00111579, 42.54694235]}, "properties": {"route": "D63", "pr": "26", "abs": 26000, "label": "D63 PR26+26000"}}, {"type": "Feature", "geometry": {"type": "Point", "coordinates": [8.9860059, 42.57001296]}, "properties": {"route": "D63", "pr": "15", "abs": 15000, "label": "D63 PR15+15000"}}, {"type": "Feature", "geometry": {"type": "Point", "coordinates": [8.97979887, 42.55976151]}, "properties": {"route": "D63", "pr": "19", "abs": 19000, "label": "D63 PR19+19000"}}, {"type": "Feature", "geometry": {"type": "Point", "coordinates": [8.95655876, 42.61521073]}, "properties": {"route": "D63", "pr": "4", "abs": 4000, "label": "D63 PR4+4000"}}, {"type": "Feature", "geometry": {"type": "Point", "coordinates": [8.97941398, 42.54999848]}, "properties": {"route": "D63", "pr": "22", "abs": 22000, "label": "D63 PR22+22000"}}, {"type": "Feature", "geometry": {"type": "Point", "coordinates": [8.9882558, 42.54825796]}, "properties": {"route": "D63", "pr": "24", "abs": 24000, "label": "D63 PR24+24000"}}, {"type": "Feature", "geometry": {"type": "Point", "coordinates": [8.96637457, 42.60201836]}, "properties": {"route": "D63", "pr": "8", "abs": 8000, "label": "D63 PR8+8000"}}, {"type": "Feature", "geometry": {"type": "Point", "coordinates": [8.9843907, 42.57009371]}, "properties": {"route": "D63", "pr": "16", "abs": 16000, "label": "D63 PR16+16000"}}, {"type": "Feature", "geometry": {"type": "Point", "coordinates": [8.96920945, 42.59419628]}, "properties": {"route": "D63", "pr": "9", "abs": 9000, "label": "D63 PR9+9000"}}, {"type": "Feature", "geometry": {"type": "Point", "coordinates": [9.43831695, 42.59461396]}, "properties": {"route": "D82", "pr": "0", "abs": 0, "label": "D82 PR0"}}, {"type": "Feature", "geometry": {"type": "Point", "coordinates": [9.41390889, 42.59868795]}, "properties": {"route": "D82", "pr": "3", "abs": 3000, "label": "D82 PR3+3000"}}, {"type": "Feature", "geometry": {"type": "Point", "coordinates": [9.35495644, 42.62877763]}, "properties": {"route": "D82", "pr": "14", "abs": 14000, "label": "D82 PR14+14000"}}, {"type": "Feature", "geometry": {"type": "Point", "coordinates": [9.38612179, 42.59859667]}, "properties": {"route": "D82", "pr": "6", "abs": 6000, "label": "D82 PR6+6000"}}, {"type": "Feature", "geometry": {"type": "Point", "coordinates": [9.34842908, 42.63136335]}, "properties": {"route": "D82", "pr": "15", "abs": 15000, "label": "D82 PR15+15000"}}, {"type": "Feature", "geometry": {"type": "Point", "coordinates": [9.35567976, 42.61678184]}, "properties": {"route": "D82", "pr": "12", "abs": 12000, "label": "D82 PR12+12000"}}, {"type": "Feature", "geometry": {"type": "Point", "coordinates": [9.34439093, 42.63870101]}, "properties": {"route": "D82", "pr": "16", "abs": 16000, "label": "D82 PR16+16000"}}, {"type": "Feature", "geometry": {"type": "Point", "coordinates": [9.36237995, 42.59429289]}, "properties": {"route": "D82", "pr": "9", "abs": 9000, "label": "D82 PR9+9000"}}, {"type": "Feature", "geometry": {"type": "Point", "coordinates": [9.42872829, 42.59109559]}, "properties": {"route": "D82", "pr": "1", "abs": 1000, "label": "D82 PR1+1000"}}, {"type": "Feature", "geometry": {"type": "Point", "coordinates": [9.35838741, 42.60931831]}, "properties": {"route": "D82", "pr": "11", "abs": 11000, "label": "D82 PR11+11000"}}, {"type": "Feature", "geometry": {"type": "Point", "coordinates": [9.32010509, 42.6583108]}, "properties": {"route": "D82", "pr": "19", "abs": 19000, "label": "D82 PR19+19000"}}, {"type": "Feature", "geometry": {"type": "Point", "coordinates": [9.33672916, 42.64554477]}, "properties": {"route": "D82", "pr": "17", "abs": 17000, "label": "D82 PR17+17000"}}, {"type": "Feature", "geometry": {"type": "Point", "coordinates": [9.30128124, 42.66879832]}, "properties": {"route": "D82", "pr": "21", "abs": 21000, "label": "D82 PR21+21000"}}, {"type": "Feature", "geometry": {"type": "Point", "coordinates": [9.35957371, 42.60263093]}, "properties": {"route": "D82", "pr": "10", "abs": 10000, "label": "D82 PR10+10000"}}, {"type": "Feature", "geometry": {"type": "Point", "coordinates": [9.42248986, 42.59718834]}, "properties": {"route": "D82", "pr": "2", "abs": 2000, "label": "D82 PR2+2000"}}, {"type": "Feature", "geometry": {"type": "Point", "coordinates": [9.31174033, 42.66428863]}, "properties": {"route": "D82", "pr": "20", "abs": 20000, "label": "D82 PR20+20000"}}, {"type": "Feature", "geometry": {"type": "Point", "coordinates": [9.3536441, 42.62380663]}, "properties": {"route": "D82", "pr": "13", "abs": 13000, "label": "D82 PR13+13000"}}, {"type": "Feature", "geometry": {"type": "Point", "coordinates": [9.37745999, 42.59942166]}, "properties": {"route": "D82", "pr": "7", "abs": 7000, "label": "D82 PR7+7000"}}, {"type": "Feature", "geometry": {"type": "Point", "coordinates": [9.40811742, 42.59783737]}, "properties": {"route": "D82", "pr": "4", "abs": 4000, "label": "D82 PR4+4000"}}, {"type": "Feature", "geometry": {"type": "Point", "coordinates": [9.32848788, 42.65205338]}, "properties": {"route": "D82", "pr": "18", "abs": 18000, "label": "D82 PR18+18000"}}, {"type": "Feature", "geometry": {"type": "Point", "coordinates": [9.39692233, 42.59837149]}, "properties": {"route": "D82", "pr": "5", "abs": 5000, "label": "D82 PR5+5000"}}, {"type": "Feature", "geometry": {"type": "Point", "coordinates": [9.37011059, 42.59512748]}, "properties": {"route": "D82", "pr": "8", "abs": 8000, "label": "D82 PR8+8000"}}, {"type": "Feature", "geometry": {"type": "Point", "coordinates": [8.87079509, 42.60796972]}, "properties": {"route": "D551", "pr": "0", "abs": 0, "label": "D551 PR0"}}, {"type": "Feature", "geometry": {"type": "Point", "coordinates": [8.89347597, 42.58260637]}, "properties": {"route": "D551", "pr": "5", "abs": 5000, "label": "D551 PR5+5000"}}, {"type": "Feature", "geometry": {"type": "Point", "coordinates": [8.8758126, 42.59326846]}, "properties": {"route": "D551", "pr": "2", "abs": 2000, "label": "D551 PR2+2000"}}, {"type": "Feature", "geometry": {"type": "Point", "coordinates": [8.87985394, 42.58591217]}, "properties": {"route": "D551", "pr": "3", "abs": 3000, "label": "D551 PR3+3000"}}, {"type": "Feature", "geometry": {"type": "Point", "coordinates": [8.8874537, 42.58629168]}, "properties": {"route": "D551", "pr": "4", "abs": 4000, "label": "D551 PR4+4000"}}, {"type": "Feature", "geometry": {"type": "Point", "coordinates": [8.87161287, 42.60093982]}, "properties": {"route": "D551", "pr": "1", "abs": 1000, "label": "D551 PR1+1000"}}, {"type": "Feature", "geometry": {"type": "Point", "coordinates": [9.440938, 42.56231849]}, "properties": {"route": "D7", "pr": "0", "abs": 0, "label": "D7 PR0"}}, {"type": "Feature", "geometry": {"type": "Point", "coordinates": [9.43028305, 42.56141769]}, "properties": {"route": "D7", "pr": "2", "abs": 2000, "label": "D7 PR2+2000"}}, {"type": "Feature", "geometry": {"type": "Point", "coordinates": [9.39721075, 42.54385309]}, "properties": {"route": "D7", "pr": "8", "abs": 8000, "label": "D7 PR8+8000"}}, {"type": "Feature", "geometry": {"type": "Point", "coordinates": [9.33231151, 42.51509878]}, "properties": {"route": "D7", "pr": "21", "abs": 21000, "label": "D7 PR21+21000"}}, {"type": "Feature", "geometry": {"type": "Point", "coordinates": [9.34723668, 42.51630084]}, "properties": {"route": "D7", "pr": "19", "abs": 19000, "label": "D7 PR19+19000"}}, {"type": "Feature", "geometry": {"type": "Point", "coordinates": [9.32313277, 42.51908188]}, "properties": {"route": "D7", "pr": "22", "abs": 22000, "label": "D7 PR22+22000"}}, {"type": "Feature", "geometry": {"type": "Point", "coordinates": [9.33824821, 42.51877599]}, "properties": {"route": "D7", "pr": "20", "abs": 20000, "label": "D7 PR20+20000"}}, {"type": "Feature", "geometry": {"type": "Point", "coordinates": [9.35935854, 42.52934568]}, "properties": {"route": "D7", "pr": "16", "abs": 16000, "label": "D7 PR16+16000"}}, {"type": "Feature", "geometry": {"type": "Point", "coordinates": [9.37931421, 42.53928735]}, "properties": {"route": "D7", "pr": "11", "abs": 11000, "label": "D7 PR11+11000"}}, {"type": "Feature", "geometry": {"type": "Point", "coordinates": [9.40473441, 42.54486675]}, "properties": {"route": "D7", "pr": "7", "abs": 7000, "label": "D7 PR7+7000"}}, {"type": "Feature", "geometry": {"type": "Point", "coordinates": [9.38904224, 42.53811278]}, "properties": {"route": "D7", "pr": "10", "abs": 10000, "label": "D7 PR10+10000"}}, {"type": "Feature", "geometry": {"type": "Point", "coordinates": [9.36771887, 42.5268937]}, "properties": {"route": "D7", "pr": "14", "abs": 14000, "label": "D7 PR14+14000"}}, {"type": "Feature", "geometry": {"type": "Point", "coordinates": [9.36441317, 42.52984018]}, "properties": {"route": "D7", "pr": "15", "abs": 15000, "label": "D7 PR15+15000"}}, {"type": "Feature", "geometry": {"type": "Point", "coordinates": [9.37695972, 42.52862809]}, "properties": {"route": "D7", "pr": "13", "abs": 13000, "label": "D7 PR13+13000"}}, {"type": "Feature", "geometry": {"type": "Point", "coordinates": [9.42661045, 42.5557115]}, "properties": {"route": "D7", "pr": "3", "abs": 3000, "label": "D7 PR3+3000"}}, {"type": "Feature", "geometry": {"type": "Point", "coordinates": [9.38900619, 42.5451138]}, "properties": {"route": "D7", "pr": "9", "abs": 9000, "label": "D7 PR9+9000"}}, {"type": "Feature", "geometry": {"type": "Point", "coordinates": [9.35588209, 42.52651656]}, "properties": {"route": "D7", "pr": "17", "abs": 17000, "label": "D7 PR17+17000"}}, {"type": "Feature", "geometry": {"type": "Point", "coordinates": [9.31829522, 42.52698672]}, "properties": {"route": "D7", "pr": "23", "abs": 23000, "label": "D7 PR23+23000"}}, {"type": "Feature", "geometry": {"type": "Point", "coordinates": [9.43279162, 42.56396953]}, "properties": {"route": "D7", "pr": "1", "abs": 1000, "label": "D7 PR1+1000"}}, {"type": "Feature", "geometry": {"type": "Point", "coordinates": [9.35187495, 42.52242843]}, "properties": {"route": "D7", "pr": "18", "abs": 18000, "label": "D7 PR18+18000"}}, {"type": "Feature", "geometry": {"type": "Point", "coordinates": [9.42527199, 42.55434998]}, "properties": {"route": "D7", "pr": "4", "abs": 4000, "label": "D7 PR4+4000"}}, {"type": "Feature", "geometry": {"type": "Point", "coordinates": [9.3796135, 42.53198478]}, "properties": {"route": "D7", "pr": "12", "abs": 12000, "label": "D7 PR12+12000"}}, {"type": "Feature", "geometry": {"type": "Point", "coordinates": [9.41602202, 42.55253155]}, "properties": {"route": "D7", "pr": "5", "abs": 5000, "label": "D7 PR5+5000"}}, {"type": "Feature", "geometry": {"type": "Point", "coordinates": [9.31117042, 42.52682288]}, "properties": {"route": "D7", "pr": "24", "abs": 24000, "label": "D7 PR24+24000"}}, {"type": "Feature", "geometry": {"type": "Point", "coordinates": [9.30329429, 42.52815495]}, "properties": {"route": "D7", "pr": "25", "abs": 25000, "label": "D7 PR25+25000"}}, {"type": "Feature", "geometry": {"type": "Point", "coordinates": [9.40906896, 42.54865491]}, "properties": {"route": "D7", "pr": "6", "abs": 6000, "label": "D7 PR6+6000"}}, {"type": "Feature", "geometry": {"type": "Point", "coordinates": [9.48826922, 42.31304113]}, "properties": {"route": "D452", "pr": "0", "abs": 0, "label": "D452 PR0"}}, {"type": "Feature", "geometry": {"type": "Point", "coordinates": [9.38142782, 42.97644285]}, "properties": {"route": "D153", "pr": "0", "abs": 0, "label": "D153 PR0"}}, {"type": "Feature", "geometry": {"type": "Point", "coordinates": [9.37459659, 42.98745778]}, "properties": {"route": "D153", "pr": "3", "abs": 3000, "label": "D153 PR3+3000"}}, {"type": "Feature", "geometry": {"type": "Point", "coordinates": [9.36963745, 42.98150852]}, "properties": {"route": "D153", "pr": "2", "abs": 2000, "label": "D153 PR2+2000"}}, {"type": "Feature", "geometry": {"type": "Point", "coordinates": [9.38000228, 42.99516146]}, "properties": {"route": "D153", "pr": "4", "abs": 4000, "label": "D153 PR4+4000"}}, {"type": "Feature", "geometry": {"type": "Point", "coordinates": [9.37417075, 42.97577522]}, "properties": {"route": "D153", "pr": "1", "abs": 1000, "label": "D153 PR1+1000"}}, {"type": "Feature", "geometry": {"type": "Point", "coordinates": [9.38344011, 43.0024542]}, "properties": {"route": "D153", "pr": "5", "abs": 5000, "label": "D153 PR5+5000"}}, {"type": "Feature", "geometry": {"type": "Point", "coordinates": [9.17024373, 42.17700122]}, "properties": {"route": "D423", "pr": "0", "abs": 0, "label": "D423 PR0"}}, {"type": "Feature", "geometry": {"type": "Point", "coordinates": [9.40089009, 41.89141159]}, "properties": {"route": "D845", "pr": "0", "abs": 0, "label": "D845 PR0"}}, {"type": "Feature", "geometry": {"type": "Point", "coordinates": [9.36374486, 41.89805161]}, "properties": {"route": "D845", "pr": "4", "abs": 4000, "label": "D845 PR4+4000"}}, {"type": "Feature", "geometry": {"type": "Point", "coordinates": [9.33954337, 41.90135131]}, "properties": {"route": "D845", "pr": "7", "abs": 7000, "label": "D845 PR7+7000"}}, {"type": "Feature", "geometry": {"type": "Point", "coordinates": [9.28429175, 41.89032889]}, "properties": {"route": "D845", "pr": "17", "abs": 17000, "label": "D845 PR17+17000"}}, {"type": "Feature", "geometry": {"type": "Point", "coordinates": [9.38043158, 41.89576535]}, "properties": {"route": "D845", "pr": "2", "abs": 2000, "label": "D845 PR2+2000"}}, {"type": "Feature", "geometry": {"type": "Point", "coordinates": [9.31044063, 41.90073539]}, "properties": {"route": "D845", "pr": "12", "abs": 12000, "label": "D845 PR12+12000"}}, {"type": "Feature", "geometry": {"type": "Point", "coordinates": [9.30476564, 41.89443468]}, "properties": {"route": "D845", "pr": "13", "abs": 13000, "label": "D845 PR13+13000"}}, {"type": "Feature", "geometry": {"type": "Point", "coordinates": [9.34284335, 41.89581484]}, "properties": {"route": "D845", "pr": "6", "abs": 6000, "label": "D845 PR6+6000"}}, {"type": "Feature", "geometry": {"type": "Point", "coordinates": [9.32573597, 41.90801312]}, "properties": {"route": "D845", "pr": "10", "abs": 10000, "label": "D845 PR10+10000"}}, {"type": "Feature", "geometry": {"type": "Point", "coordinates": [9.31748606, 41.90417986]}, "properties": {"route": "D845", "pr": "11", "abs": 11000, "label": "D845 PR11+11000"}}, {"type": "Feature", "geometry": {"type": "Point", "coordinates": [9.38938946, 41.89414145]}, "properties": {"route": "D845", "pr": "1", "abs": 1000, "label": "D845 PR1+1000"}}, {"type": "Feature", "geometry": {"type": "Point", "coordinates": [9.29261416, 41.88962263]}, "properties": {"route": "D845", "pr": "16", "abs": 16000, "label": "D845 PR16+16000"}}, {"type": "Feature", "geometry": {"type": "Point", "coordinates": [9.33180323, 41.90146208]}, "properties": {"route": "D845", "pr": "9", "abs": 9000, "label": "D845 PR9+9000"}}, {"type": "Feature", "geometry": {"type": "Point", "coordinates": [9.29611282, 41.88218898]}, "properties": {"route": "D845", "pr": "15", "abs": 15000, "label": "D845 PR15+15000"}}, {"type": "Feature", "geometry": {"type": "Point", "coordinates": [9.35306911, 41.89645475]}, "properties": {"route": "D845", "pr": "5", "abs": 5000, "label": "D845 PR5+5000"}}, {"type": "Feature", "geometry": {"type": "Point", "coordinates": [9.30169271, 41.88709155]}, "properties": {"route": "D845", "pr": "14", "abs": 14000, "label": "D845 PR14+14000"}}, {"type": "Feature", "geometry": {"type": "Point", "coordinates": [9.37084312, 41.89605844]}, "properties": {"route": "D845", "pr": "3", "abs": 3000, "label": "D845 PR3+3000"}}, {"type": "Feature", "geometry": {"type": "Point", "coordinates": [9.37415755, 42.25395138]}, "properties": {"route": "D216", "pr": "0", "abs": 0, "label": "D216 PR0"}}, {"type": "Feature", "geometry": {"type": "Point", "coordinates": [9.3732854, 42.26171368]}, "properties": {"route": "D216", "pr": "1", "abs": 1000, "label": "D216 PR1+1000"}}, {"type": "Feature", "geometry": {"type": "Point", "coordinates": [9.11590097, 42.49059862]}, "properties": {"route": "D347", "pr": "0", "abs": 0, "label": "D347 PR0"}}, {"type": "Feature", "geometry": {"type": "Point", "coordinates": [9.28152959, 42.48751288]}, "properties": {"route": "D5", "pr": "0", "abs": 0, "label": "D5 PR0"}}, {"type": "Feature", "geometry": {"type": "Point", "coordinates": [9.27383814, 42.51681503]}, "properties": {"route": "D5", "pr": "8", "abs": 8000, "label": "D5 PR8+8000"}}, {"type": "Feature", "geometry": {"type": "Point", "coordinates": [9.27970039, 42.52134196]}, "properties": {"route": "D5", "pr": "9", "abs": 9000, "label": "D5 PR9+9000"}}, {"type": "Feature", "geometry": {"type": "Point", "coordinates": [9.34505256, 42.59135321]}, "properties": {"route": "D5", "pr": "28", "abs": 28000, "label": "D5 PR28+28000"}}, {"type": "Feature", "geometry": {"type": "Point", "coordinates": [9.33061937, 42.58170659]}, "properties": {"route": "D5", "pr": "26", "abs": 26000, "label": "D5 PR26+26000"}}, {"type": "Feature", "geometry": {"type": "Point", "coordinates": [9.29951992, 42.55068586]}, "properties": {"route": "D5", "pr": "18", "abs": 18000, "label": "D5 PR18+18000"}}, {"type": "Feature", "geometry": {"type": "Point", "coordinates": [9.31583385, 42.57242198]}, "properties": {"route": "D5", "pr": "24", "abs": 24000, "label": "D5 PR24+24000"}}, {"type": "Feature", "geometry": {"type": "Point", "coordinates": [9.35250593, 42.59379291]}, "properties": {"route": "D5", "pr": "29", "abs": 29000, "label": "D5 PR29+29000"}}, {"type": "Feature", "geometry": {"type": "Point", "coordinates": [9.33572311, 42.58758327]}, "properties": {"route": "D5", "pr": "27", "abs": 27000, "label": "D5 PR27+27000"}}, {"type": "Feature", "geometry": {"type": "Point", "coordinates": [9.31296908, 42.56169711]}, "properties": {"route": "D5", "pr": "21", "abs": 21000, "label": "D5 PR21+21000"}}, {"type": "Feature", "geometry": {"type": "Point", "coordinates": [9.30868895, 42.56159159]}, "properties": {"route": "D5", "pr": "20", "abs": 20000, "label": "D5 PR20+20000"}}, {"type": "Feature", "geometry": {"type": "Point", "coordinates": [9.29907913, 42.54395807]}, "properties": {"route": "D5", "pr": "17", "abs": 17000, "label": "D5 PR17+17000"}}, {"type": "Feature", "geometry": {"type": "Point", "coordinates": [9.29574836, 42.53741104]}, "properties": {"route": "D5", "pr": "16", "abs": 16000, "label": "D5 PR16+16000"}}, {"type": "Feature", "geometry": {"type": "Point", "coordinates": [9.290135, 42.53050641]}, "properties": {"route": "D5", "pr": "15", "abs": 15000, "label": "D5 PR15+15000"}}, {"type": "Feature", "geometry": {"type": "Point", "coordinates": [9.28443104, 42.52712488]}, "properties": {"route": "D5", "pr": "10", "abs": 10000, "label": "D5 PR10+10000"}}, {"type": "Feature", "geometry": {"type": "Point", "coordinates": [9.29188504, 42.52703119]}, "properties": {"route": "D5", "pr": "11", "abs": 11000, "label": "D5 PR11+11000"}}, {"type": "Feature", "geometry": {"type": "Point", "coordinates": [9.32632516, 42.57460025]}, "properties": {"route": "D5", "pr": "25", "abs": 25000, "label": "D5 PR25+25000"}}, {"type": "Feature", "geometry": {"type": "Point", "coordinates": [9.31348302, 42.56692274]}, "properties": {"route": "D5", "pr": "22", "abs": 22000, "label": "D5 PR22+22000"}}, {"type": "Feature", "geometry": {"type": "Point", "coordinates": [9.28456903, 42.50383511]}, "properties": {"route": "D5", "pr": "4", "abs": 4000, "label": "D5 PR4+4000"}}, {"type": "Feature", "geometry": {"type": "Point", "coordinates": [9.29181845, 42.51142759]}, "properties": {"route": "D5", "pr": "6", "abs": 6000, "label": "D5 PR6+6000"}}, {"type": "Feature", "geometry": {"type": "Point", "coordinates": [9.28297651, 42.49500598]}, "properties": {"route": "D5", "pr": "1", "abs": 1000, "label": "D5 PR1+1000"}}, {"type": "Feature", "geometry": {"type": "Point", "coordinates": [9.2934472, 42.50459945]}, "properties": {"route": "D5", "pr": "5", "abs": 5000, "label": "D5 PR5+5000"}}, {"type": "Feature", "geometry": {"type": "Point", "coordinates": [9.29083901, 42.49652295]}, "properties": {"route": "D5", "pr": "2", "abs": 2000, "label": "D5 PR2+2000"}}, {"type": "Feature", "geometry": {"type": "Point", "coordinates": [9.29922111, 42.53095614]}, "properties": {"route": "D5", "pr": "12", "abs": 12000, "label": "D5 PR12+12000"}}, {"type": "Feature", "geometry": {"type": "Point", "coordinates": [9.28493015, 42.52994424]}, "properties": {"route": "D5", "pr": "14", "abs": 14000, "label": "D5 PR14+14000"}}, {"type": "Feature", "geometry": {"type": "Point", "coordinates": [9.29345951, 42.53119024]}, "properties": {"route": "D5", "pr": "13", "abs": 13000, "label": "D5 PR13+13000"}}, {"type": "Feature", "geometry": {"type": "Point", "coordinates": [9.30565253, 42.57030375]}, "properties": {"route": "D5", "pr": "23", "abs": 23000, "label": "D5 PR23+23000"}}, {"type": "Feature", "geometry": {"type": "Point", "coordinates": [9.28225729, 42.51342855]}, "properties": {"route": "D5", "pr": "7", "abs": 7000, "label": "D5 PR7+7000"}}, {"type": "Feature", "geometry": {"type": "Point", "coordinates": [9.28883802, 42.50214925]}, "properties": {"route": "D5", "pr": "3", "abs": 3000, "label": "D5 PR3+3000"}}, {"type": "Feature", "geometry": {"type": "Point", "coordinates": [9.35935544, 42.59809637]}, "properties": {"route": "D5", "pr": "30", "abs": 30000, "label": "D5 PR30+30000"}}, {"type": "Feature", "geometry": {"type": "Point", "coordinates": [9.29961636, 42.55841347]}, "properties": {"route": "D5", "pr": "19", "abs": 19000, "label": "D5 PR19+19000"}}, {"type": "Feature", "geometry": {"type": "Point", "coordinates": [9.20034193, 42.42517795]}, "properties": {"route": "D39", "pr": "0", "abs": 0, "label": "D39 PR0"}}, {"type": "Feature", "geometry": {"type": "Point", "coordinates": [9.27390706, 42.38598221]}, "properties": {"route": "D39", "pr": "13", "abs": 13000, "label": "D39 PR13+13000"}}, {"type": "Feature", "geometry": {"type": "Point", "coordinates": [9.30101449, 42.33161237]}, "properties": {"route": "D39", "pr": "26", "abs": 26000, "label": "D39 PR26+26000"}}, {"type": "Feature", "geometry": {"type": "Point", "coordinates": [9.2548982, 42.41486832]}, "properties": {"route": "D39", "pr": "8", "abs": 8000, "label": "D39 PR8+8000"}}, {"type": "Feature", "geometry": {"type": "Point", "coordinates": [9.25818379, 42.40677454]}, "properties": {"route": "D39", "pr": "9", "abs": 9000, "label": "D39 PR9+9000"}}, {"type": "Feature", "geometry": {"type": "Point", "coordinates": [9.29517435, 42.36352817]}, "properties": {"route": "D39", "pr": "20", "abs": 20000, "label": "D39 PR20+20000"}}, {"type": "Feature", "geometry": {"type": "Point", "coordinates": [9.30030837, 42.32131613]}, "properties": {"route": "D39", "pr": "29", "abs": 29000, "label": "D39 PR29+29000"}}, {"type": "Feature", "geometry": {"type": "Point", "coordinates": [9.27756624, 42.29575588]}, "properties": {"route": "D39", "pr": "34", "abs": 34000, "label": "D39 PR34+34000"}}, {"type": "Feature", "geometry": {"type": "Point", "coordinates": [9.26042975, 42.3990683]}, "properties": {"route": "D39", "pr": "10", "abs": 10000, "label": "D39 PR10+10000"}}, {"type": "Feature", "geometry": {"type": "Point", "coordinates": [9.27859456, 42.29257377]}, "properties": {"route": "D39", "pr": "36", "abs": 36000, "label": "D39 PR36+36000"}}, {"type": "Feature", "geometry": {"type": "Point", "coordinates": [9.29645715, 42.33863775]}, "properties": {"route": "D39", "pr": "25", "abs": 25000, "label": "D39 PR25+25000"}}, {"type": "Feature", "geometry": {"type": "Point", "coordinates": [9.22728565, 42.4357799]}, "properties": {"route": "D39", "pr": "3", "abs": 3000, "label": "D39 PR3+3000"}}, {"type": "Feature", "geometry": {"type": "Point", "coordinates": [9.252533, 42.42014426]}, "properties": {"route": "D39", "pr": "7", "abs": 7000, "label": "D39 PR7+7000"}}, {"type": "Feature", "geometry": {"type": "Point", "coordinates": [9.21953806, 42.43132631]}, "properties": {"route": "D39", "pr": "2", "abs": 2000, "label": "D39 PR2+2000"}}, {"type": "Feature", "geometry": {"type": "Point", "coordinates": [9.29965491, 42.36615787]}, "properties": {"route": "D39", "pr": "19", "abs": 19000, "label": "D39 PR19+19000"}}, {"type": "Feature", "geometry": {"type": "Point", "coordinates": [9.24837708, 42.42323691]}, "properties": {"route": "D39", "pr": "6", "abs": 6000, "label": "D39 PR6+6000"}}, {"type": "Feature", "geometry": {"type": "Point", "coordinates": [9.17454373, 42.30297887]}, "properties": {"route": "D39", "pr": "47", "abs": 47000, "label": "D39 PR47+47000"}}, {"type": "Feature", "geometry": {"type": "Point", "coordinates": [9.29545686, 42.35791211]}, "properties": {"route": "D39", "pr": "21", "abs": 21000, "label": "D39 PR21+21000"}}, {"type": "Feature", "geometry": {"type": "Point", "coordinates": [9.28496763, 42.37215447]}, "properties": {"route": "D39", "pr": "17", "abs": 17000, "label": "D39 PR17+17000"}}, {"type": "Feature", "geometry": {"type": "Point", "coordinates": [9.19328881, 42.29254275]}, "properties": {"route": "D39", "pr": "45", "abs": 45000, "label": "D39 PR45+45000"}}, {"type": "Feature", "geometry": {"type": "Point", "coordinates": [9.2893725, 42.37640671]}, "properties": {"route": "D39", "pr": "16", "abs": 16000, "label": "D39 PR16+16000"}}, {"type": "Feature", "geometry": {"type": "Point", "coordinates": [9.24177538, 42.28531355]}, "properties": {"route": "D39", "pr": "40", "abs": 40000, "label": "D39 PR40+40000"}}, {"type": "Feature", "geometry": {"type": "Point", "coordinates": [9.28195837, 42.38248336]}, "properties": {"route": "D39", "pr": "14", "abs": 14000, "label": "D39 PR14+14000"}}, {"type": "Feature", "geometry": {"type": "Point", "coordinates": [9.23886374, 42.43545675]}, "properties": {"route": "D39", "pr": "4", "abs": 4000, "label": "D39 PR4+4000"}}, {"type": "Feature", "geometry": {"type": "Point", "coordinates": [9.28376345, 42.30171472]}, "properties": {"route": "D39", "pr": "33", "abs": 33000, "label": "D39 PR33+33000"}}, {"type": "Feature", "geometry": {"type": "Point", "coordinates": [9.21013677, 42.42863686]}, "properties": {"route": "D39", "pr": "1", "abs": 1000, "label": "D39 PR1+1000"}}, {"type": "Feature", "geometry": {"type": "Point", "coordinates": [9.24637689, 42.43064718]}, "properties": {"route": "D39", "pr": "5", "abs": 5000, "label": "D39 PR5+5000"}}, {"type": "Feature", "geometry": {"type": "Point", "coordinates": [9.29959145, 42.31012805]}, "properties": {"route": "D39", "pr": "31", "abs": 31000, "label": "D39 PR31+31000"}}, {"type": "Feature", "geometry": {"type": "Point", "coordinates": [9.20260929, 42.28721685]}, "properties": {"route": "D39", "pr": "44", "abs": 44000, "label": "D39 PR44+44000"}}, {"type": "Feature", "geometry": {"type": "Point", "coordinates": [9.21271446, 42.28794739]}, "properties": {"route": "D39", "pr": "43", "abs": 43000, "label": "D39 PR43+43000"}}, {"type": "Feature", "geometry": {"type": "Point", "coordinates": [9.1662913, 42.30592413]}, "properties": {"route": "D39", "pr": "48", "abs": 48000, "label": "D39 PR48+48000"}}, {"type": "Feature", "geometry": {"type": "Point", "coordinates": [9.29098429, 42.30686793]}, "properties": {"route": "D39", "pr": "32", "abs": 32000, "label": "D39 PR32+32000"}}, {"type": "Feature", "geometry": {"type": "Point", "coordinates": [9.29206672, 42.36963708]}, "properties": {"route": "D39", "pr": "18", "abs": 18000, "label": "D39 PR18+18000"}}, {"type": "Feature", "geometry": {"type": "Point", "coordinates": [9.29271477, 42.35266734]}, "properties": {"route": "D39", "pr": "22", "abs": 22000, "label": "D39 PR22+22000"}}, {"type": "Feature", "geometry": {"type": "Point", "coordinates": [9.27107692, 42.2956806]}, "properties": {"route": "D39", "pr": "35", "abs": 35000, "label": "D39 PR35+35000"}}, {"type": "Feature", "geometry": {"type": "Point", "coordinates": [9.25291628, 42.2868232]}, "properties": {"route": "D39", "pr": "39", "abs": 39000, "label": "D39 PR39+39000"}}, {"type": "Feature", "geometry": {"type": "Point", "coordinates": [9.26442481, 42.38595721]}, "properties": {"route": "D39", "pr": "12", "abs": 12000, "label": "D39 PR12+12000"}}, {"type": "Feature", "geometry": {"type": "Point", "coordinates": [9.27231453, 42.29269176]}, "properties": {"route": "D39", "pr": "37", "abs": 37000, "label": "D39 PR37+37000"}}, {"type": "Feature", "geometry": {"type": "Point", "coordinates": [9.28774915, 42.38147008]}, "properties": {"route": "D39", "pr": "15", "abs": 15000, "label": "D39 PR15+15000"}}, {"type": "Feature", "geometry": {"type": "Point", "coordinates": [9.2581049, 42.39166549]}, "properties": {"route": "D39", "pr": "11", "abs": 11000, "label": "D39 PR11+11000"}}, {"type": "Feature", "geometry": {"type": "Point", "coordinates": [9.29733515, 42.34790512]}, "properties": {"route": "D39", "pr": "23", "abs": 23000, "label": "D39 PR23+23000"}}, {"type": "Feature", "geometry": {"type": "Point", "coordinates": [9.29861022, 42.31561222]}, "properties": {"route": "D39", "pr": "30", "abs": 30000, "label": "D39 PR30+30000"}}, {"type": "Feature", "geometry": {"type": "Point", "coordinates": [9.22202243, 42.28660153]}, "properties": {"route": "D39", "pr": "42", "abs": 42000, "label": "D39 PR42+42000"}}, {"type": "Feature", "geometry": {"type": "Point", "coordinates": [9.22985867, 42.28556482]}, "properties": {"route": "D39", "pr": "41", "abs": 41000, "label": "D39 PR41+41000"}}, {"type": "Feature", "geometry": {"type": "Point", "coordinates": [9.18315641, 42.29723352]}, "properties": {"route": "D39", "pr": "46", "abs": 46000, "label": "D39 PR46+46000"}}, {"type": "Feature", "geometry": {"type": "Point", "coordinates": [9.29539879, 42.34503815]}, "properties": {"route": "D39", "pr": "24", "abs": 24000, "label": "D39 PR24+24000"}}, {"type": "Feature", "geometry": {"type": "Point", "coordinates": [9.2997883, 42.32711202]}, "properties": {"route": "D39", "pr": "27", "abs": 27000, "label": "D39 PR27+27000"}}, {"type": "Feature", "geometry": {"type": "Point", "coordinates": [9.29988458, 42.3243969]}, "properties": {"route": "D39", "pr": "28", "abs": 28000, "label": "D39 PR28+28000"}}, {"type": "Feature", "geometry": {"type": "Point", "coordinates": [9.26241585, 42.2902804]}, "properties": {"route": "D39", "pr": "38", "abs": 38000, "label": "D39 PR38+38000"}}, {"type": "Feature", "geometry": {"type": "Point", "coordinates": [8.65081468, 42.41343942]}, "properties": {"route": "D351A", "pr": "0", "abs": 0, "label": "D351A PR0"}}, {"type": "Feature", "geometry": {"type": "Point", "coordinates": [9.4756544, 42.888787]}, "properties": {"route": "D180", "pr": "0", "abs": 0, "label": "D180 PR0"}}, {"type": "Feature", "geometry": {"type": "Point", "coordinates": [9.42912849, 42.89690845]}, "properties": {"route": "D180", "pr": "4", "abs": 4000, "label": "D180 PR4+4000"}}, {"type": "Feature", "geometry": {"type": "Point", "coordinates": [9.41708216, 42.8970702]}, "properties": {"route": "D180", "pr": "5", "abs": 5000, "label": "D180 PR5+5000"}}, {"type": "Feature", "geometry": {"type": "Point", "coordinates": [9.40488784, 42.89712484]}, "properties": {"route": "D180", "pr": "6", "abs": 6000, "label": "D180 PR6+6000"}}, {"type": "Feature", "geometry": {"type": "Point", "coordinates": [9.39487677, 42.90157069]}, "properties": {"route": "D180", "pr": "8", "abs": 8000, "label": "D180 PR8+8000"}}, {"type": "Feature", "geometry": {"type": "Point", "coordinates": [9.37133246, 42.91075089]}, "properties": {"route": "D180", "pr": "12", "abs": 12000, "label": "D180 PR12+12000"}}, {"type": "Feature", "geometry": {"type": "Point", "coordinates": [9.44071863, 42.89440884]}, "properties": {"route": "D180", "pr": "3", "abs": 3000, "label": "D180 PR3+3000"}}, {"type": "Feature", "geometry": {"type": "Point", "coordinates": [9.45214281, 42.89212364]}, "properties": {"route": "D180", "pr": "2", "abs": 2000, "label": "D180 PR2+2000"}}, {"type": "Feature", "geometry": {"type": "Point", "coordinates": [9.38496632, 42.90154266]}, "properties": {"route": "D180", "pr": "9", "abs": 9000, "label": "D180 PR9+9000"}}, {"type": "Feature", "geometry": {"type": "Point", "coordinates": [9.3542988, 42.91120895]}, "properties": {"route": "D180", "pr": "16", "abs": 16000, "label": "D180 PR16+16000"}}, {"type": "Feature", "geometry": {"type": "Point", "coordinates": [9.46390714, 42.8897156]}, "properties": {"route": "D180", "pr": "1", "abs": 1000, "label": "D180 PR1+1000"}}, {"type": "Feature", "geometry": {"type": "Point", "coordinates": [9.36504462, 42.90993625]}, "properties": {"route": "D180", "pr": "14", "abs": 14000, "label": "D180 PR14+14000"}}, {"type": "Feature", "geometry": {"type": "Point", "coordinates": [9.3778187, 42.90857244]}, "properties": {"route": "D180", "pr": "11", "abs": 11000, "label": "D180 PR11+11000"}}, {"type": "Feature", "geometry": {"type": "Point", "coordinates": [9.35532383, 42.91050582]}, "properties": {"route": "D180", "pr": "15", "abs": 15000, "label": "D180 PR15+15000"}}, {"type": "Feature", "geometry": {"type": "Point", "coordinates": [9.40109207, 42.89775584]}, "properties": {"route": "D180", "pr": "7", "abs": 7000, "label": "D180 PR7+7000"}}, {"type": "Feature", "geometry": {"type": "Point", "coordinates": [9.37973984, 42.90437469]}, "properties": {"route": "D180", "pr": "10", "abs": 10000, "label": "D180 PR10+10000"}}, {"type": "Feature", "geometry": {"type": "Point", "coordinates": [9.3693592, 42.91470526]}, "properties": {"route": "D180", "pr": "13", "abs": 13000, "label": "D180 PR13+13000"}}, {"type": "Feature", "geometry": {"type": "Point", "coordinates": [9.36805133, 42.41534082]}, "properties": {"route": "D336", "pr": "0", "abs": 0, "label": "D336 PR0"}}, {"type": "Feature", "geometry": {"type": "Point", "coordinates": [9.36789709, 42.42150292]}, "properties": {"route": "D336", "pr": "1", "abs": 1000, "label": "D336 PR1+1000"}}, {"type": "Feature", "geometry": {"type": "Point", "coordinates": [9.43831574, 41.98788569]}, "properties": {"route": "D244", "pr": "0", "abs": 0, "label": "D244 PR0"}}, {"type": "Feature", "geometry": {"type": "Point", "coordinates": [9.405256, 41.99879641]}, "properties": {"route": "D244", "pr": "3", "abs": 3000, "label": "D244 PR3+3000"}}, {"type": "Feature", "geometry": {"type": "Point", "coordinates": [9.35460443, 42.01476779]}, "properties": {"route": "D244", "pr": "8", "abs": 8000, "label": "D244 PR8+8000"}}, {"type": "Feature", "geometry": {"type": "Point", "coordinates": [9.33804112, 42.03452919]}, "properties": {"route": "D244", "pr": "11", "abs": 11000, "label": "D244 PR11+11000"}}, {"type": "Feature", "geometry": {"type": "Point", "coordinates": [9.36027172, 42.00731672]}, "properties": {"route": "D244", "pr": "7", "abs": 7000, "label": "D244 PR7+7000"}}, {"type": "Feature", "geometry": {"type": "Point", "coordinates": [9.42730919, 41.99154884]}, "properties": {"route": "D244", "pr": "1", "abs": 1000, "label": "D244 PR1+1000"}}, {"type": "Feature", "geometry": {"type": "Point", "coordinates": [9.32923356, 42.03723921]}, "properties": {"route": "D244", "pr": "12", "abs": 12000, "label": "D244 PR12+12000"}}, {"type": "Feature", "geometry": {"type": "Point", "coordinates": [9.34580431, 42.02816831]}, "properties": {"route": "D244", "pr": "10", "abs": 10000, "label": "D244 PR10+10000"}}, {"type": "Feature", "geometry": {"type": "Point", "coordinates": [9.34787062, 42.02096479]}, "properties": {"route": "D244", "pr": "9", "abs": 9000, "label": "D244 PR9+9000"}}, {"type": "Feature", "geometry": {"type": "Point", "coordinates": [9.39318458, 41.99842623]}, "properties": {"route": "D244", "pr": "4", "abs": 4000, "label": "D244 PR4+4000"}}, {"type": "Feature", "geometry": {"type": "Point", "coordinates": [9.32692178, 42.04131483]}, "properties": {"route": "D244", "pr": "13", "abs": 13000, "label": "D244 PR13+13000"}}, {"type": "Feature", "geometry": {"type": "Point", "coordinates": [9.32687127, 42.04763742]}, "properties": {"route": "D244", "pr": "14", "abs": 14000, "label": "D244 PR14+14000"}}, {"type": "Feature", "geometry": {"type": "Point", "coordinates": [9.37110025, 42.00355808]}, "properties": {"route": "D244", "pr": "6", "abs": 6000, "label": "D244 PR6+6000"}}, {"type": "Feature", "geometry": {"type": "Point", "coordinates": [9.29840471, 42.05070281]}, "properties": {"route": "D244", "pr": "18", "abs": 18000, "label": "D244 PR18+18000"}}, {"type": "Feature", "geometry": {"type": "Point", "coordinates": [9.416294, 41.99516623]}, "properties": {"route": "D244", "pr": "2", "abs": 2000, "label": "D244 PR2+2000"}}, {"type": "Feature", "geometry": {"type": "Point", "coordinates": [9.30670611, 42.05218011]}, "properties": {"route": "D244", "pr": "17", "abs": 17000, "label": "D244 PR17+17000"}}, {"type": "Feature", "geometry": {"type": "Point", "coordinates": [9.31705639, 42.05395714]}, "properties": {"route": "D244", "pr": "16", "abs": 16000, "label": "D244 PR16+16000"}}, {"type": "Feature", "geometry": {"type": "Point", "coordinates": [9.32279927, 42.05123059]}, "properties": {"route": "D244", "pr": "15", "abs": 15000, "label": "D244 PR15+15000"}}, {"type": "Feature", "geometry": {"type": "Point", "coordinates": [9.3814738, 41.99860347]}, "properties": {"route": "D244", "pr": "5", "abs": 5000, "label": "D244 PR5+5000"}}, {"type": "Feature", "geometry": {"type": "Point", "coordinates": [9.38923034, 41.90585701]}, "properties": {"route": "D545", "pr": "0", "abs": 0, "label": "D545 PR0"}}, {"type": "Feature", "geometry": {"type": "Point", "coordinates": [9.36729472, 41.97919835]}, "properties": {"route": "D545", "pr": "9", "abs": 9000, "label": "D545 PR9+9000"}}, {"type": "Feature", "geometry": {"type": "Point", "coordinates": [9.38425525, 41.93145692]}, "properties": {"route": "D545", "pr": "3", "abs": 3000, "label": "D545 PR3+3000"}}, {"type": "Feature", "geometry": {"type": "Point", "coordinates": [9.38221091, 41.95783176]}, "properties": {"route": "D545", "pr": "6", "abs": 6000, "label": "D545 PR6+6000"}}, {"type": "Feature", "geometry": {"type": "Point", "coordinates": [9.36252745, 41.98735269]}, "properties": {"route": "D545", "pr": "10", "abs": 10000, "label": "D545 PR10+10000"}}, {"type": "Feature", "geometry": {"type": "Point", "coordinates": [9.380221, 41.96655989]}, "properties": {"route": "D545", "pr": "7", "abs": 7000, "label": "D545 PR7+7000"}}, {"type": "Feature", "geometry": {"type": "Point", "coordinates": [9.38348815, 41.9489728]}, "properties": {"route": "D545", "pr": "5", "abs": 5000, "label": "D545 PR5+5000"}}, {"type": "Feature", "geometry": {"type": "Point", "coordinates": [9.35607231, 41.99486116]}, "properties": {"route": "D545", "pr": "11", "abs": 11000, "label": "D545 PR11+11000"}}, {"type": "Feature", "geometry": {"type": "Point", "coordinates": [9.38341269, 41.91342321]}, "properties": {"route": "D545", "pr": "1", "abs": 1000, "label": "D545 PR1+1000"}}, {"type": "Feature", "geometry": {"type": "Point", "coordinates": [9.38544794, 41.94016632]}, "properties": {"route": "D545", "pr": "4", "abs": 4000, "label": "D545 PR4+4000"}}, {"type": "Feature", "geometry": {"type": "Point", "coordinates": [9.37115072, 41.97181987]}, "properties": {"route": "D545", "pr": "8", "abs": 8000, "label": "D545 PR8+8000"}}, {"type": "Feature", "geometry": {"type": "Point", "coordinates": [9.38326451, 41.92264797]}, "properties": {"route": "D545", "pr": "2", "abs": 2000, "label": "D545 PR2+2000"}}, {"type": "Feature", "geometry": {"type": "Point", "coordinates": [9.36169757, 42.0008059]}, "properties": {"route": "D545", "pr": "12", "abs": 12000, "label": "D545 PR12+12000"}}, {"type": "Feature", "geometry": {"type": "Point", "coordinates": [9.4147334, 42.11099892]}, "properties": {"route": "D443A", "pr": "0", "abs": 0, "label": "D443A PR0"}}, {"type": "Feature", "geometry": {"type": "Point", "coordinates": [9.40881275, 42.11860145]}, "properties": {"route": "D443A", "pr": "1", "abs": 1000, "label": "D443A PR1+1000"}}, {"type": "Feature", "geometry": {"type": "Point", "coordinates": [9.4787535, 42.49020843]}, "properties": {"route": "D337", "pr": "0", "abs": 0, "label": "D337 PR0"}}, {"type": "Feature", "geometry": {"type": "Point", "coordinates": [9.50708315, 42.50516446]}, "properties": {"route": "D337", "pr": "3", "abs": 3000, "label": "D337 PR3+3000"}}, {"type": "Feature", "geometry": {"type": "Point", "coordinates": [9.48715419, 42.49588428]}, "properties": {"route": "D337", "pr": "1", "abs": 1000, "label": "D337 PR1+1000"}}, {"type": "Feature", "geometry": {"type": "Point", "coordinates": [9.49642038, 42.50141389]}, "properties": {"route": "D337", "pr": "2", "abs": 2000, "label": "D337 PR2+2000"}}, {"type": "Feature", "geometry": {"type": "Point", "coordinates": [9.30835008, 42.09867151]}, "properties": {"route": "D44", "pr": "0", "abs": 0, "label": "D44 PR0"}}, {"type": "Feature", "geometry": {"type": "Point", "coordinates": [9.28302905, 42.03996606]}, "properties": {"route": "D44", "pr": "15", "abs": 15000, "label": "D44 PR15+15000"}}, {"type": "Feature", "geometry": {"type": "Point", "coordinates": [9.29175514, 42.06842116]}, "properties": {"route": "D44", "pr": "8", "abs": 8000, "label": "D44 PR8+8000"}}, {"type": "Feature", "geometry": {"type": "Point", "coordinates": [9.30922457, 42.0937463]}, "properties": {"route": "D44", "pr": "2", "abs": 2000, "label": "D44 PR2+2000"}}, {"type": "Feature", "geometry": {"type": "Point", "coordinates": [9.29535671, 42.02962519]}, "properties": {"route": "D44", "pr": "18", "abs": 18000, "label": "D44 PR18+18000"}}, {"type": "Feature", "geometry": {"type": "Point", "coordinates": [9.29955348, 42.05694752]}, "properties": {"route": "D44", "pr": "11", "abs": 11000, "label": "D44 PR11+11000"}}, {"type": "Feature", "geometry": {"type": "Point", "coordinates": [9.2925523, 42.06247246]}, "properties": {"route": "D44", "pr": "9", "abs": 9000, "label": "D44 PR9+9000"}}, {"type": "Feature", "geometry": {"type": "Point", "coordinates": [9.2932744, 42.03235136]}, "properties": {"route": "D44", "pr": "17", "abs": 17000, "label": "D44 PR17+17000"}}, {"type": "Feature", "geometry": {"type": "Point", "coordinates": [9.30496889, 42.02961282]}, "properties": {"route": "D44", "pr": "20", "abs": 20000, "label": "D44 PR20+20000"}}, {"type": "Feature", "geometry": {"type": "Point", "coordinates": [9.30014394, 42.07549424]}, "properties": {"route": "D44", "pr": "6", "abs": 6000, "label": "D44 PR6+6000"}}, {"type": "Feature", "geometry": {"type": "Point", "coordinates": [9.30731746, 42.0796052]}, "properties": {"route": "D44", "pr": "5", "abs": 5000, "label": "D44 PR5+5000"}}, {"type": "Feature", "geometry": {"type": "Point", "coordinates": [9.30159716, 42.0679442]}, "properties": {"route": "D44", "pr": "7", "abs": 7000, "label": "D44 PR7+7000"}}, {"type": "Feature", "geometry": {"type": "Point", "coordinates": [9.28171458, 42.00765264]}, "properties": {"route": "D44", "pr": "25", "abs": 25000, "label": "D44 PR25+25000"}}, {"type": "Feature", "geometry": {"type": "Point", "coordinates": [9.31125457, 42.08833663]}, "properties": {"route": "D44", "pr": "3", "abs": 3000, "label": "D44 PR3+3000"}}, {"type": "Feature", "geometry": {"type": "Point", "coordinates": [9.29717886, 42.06030506]}, "properties": {"route": "D44", "pr": "10", "abs": 10000, "label": "D44 PR10+10000"}}, {"type": "Feature", "geometry": {"type": "Point", "coordinates": [9.29412755, 42.05439622]}, "properties": {"route": "D44", "pr": "12", "abs": 12000, "label": "D44 PR12+12000"}}, {"type": "Feature", "geometry": {"type": "Point", "coordinates": [9.28441889, 42.00429399]}, "properties": {"route": "D44", "pr": "26", "abs": 26000, "label": "D44 PR26+26000"}}, {"type": "Feature", "geometry": {"type": "Point", "coordinates": [9.2815175, 42.04601374]}, "properties": {"route": "D44", "pr": "14", "abs": 14000, "label": "D44 PR14+14000"}}, {"type": "Feature", "geometry": {"type": "Point", "coordinates": [9.28571885, 42.05105671]}, "properties": {"route": "D44", "pr": "13", "abs": 13000, "label": "D44 PR13+13000"}}, {"type": "Feature", "geometry": {"type": "Point", "coordinates": [9.28977018, 42.03642218]}, "properties": {"route": "D44", "pr": "16", "abs": 16000, "label": "D44 PR16+16000"}}, {"type": "Feature", "geometry": {"type": "Point", "coordinates": [9.29911623, 42.02373718]}, "properties": {"route": "D44", "pr": "21", "abs": 21000, "label": "D44 PR21+21000"}}, {"type": "Feature", "geometry": {"type": "Point", "coordinates": [9.27866522, 42.01075952]}, "properties": {"route": "D44", "pr": "24", "abs": 24000, "label": "D44 PR24+24000"}}, {"type": "Feature", "geometry": {"type": "Point", "coordinates": [9.30965602, 42.09620578]}, "properties": {"route": "D44", "pr": "1", "abs": 1000, "label": "D44 PR1+1000"}}, {"type": "Feature", "geometry": {"type": "Point", "coordinates": [9.29953159, 42.02924573]}, "properties": {"route": "D44", "pr": "19", "abs": 19000, "label": "D44 PR19+19000"}}, {"type": "Feature", "geometry": {"type": "Point", "coordinates": [9.30942588, 42.08650048]}, "properties": {"route": "D44", "pr": "4", "abs": 4000, "label": "D44 PR4+4000"}}, {"type": "Feature", "geometry": {"type": "Point", "coordinates": [9.2867016, 42.01500361]}, "properties": {"route": "D44", "pr": "23", "abs": 23000, "label": "D44 PR23+23000"}}, {"type": "Feature", "geometry": {"type": "Point", "coordinates": [9.29167288, 42.02013005]}, "properties": {"route": "D44", "pr": "22", "abs": 22000, "label": "D44 PR22+22000"}}, {"type": "Feature", "geometry": {"type": "Point", "coordinates": [9.28240976, 42.41204724]}, "properties": {"route": "D139", "pr": "0", "abs": 0, "label": "D139 PR0"}}, {"type": "Feature", "geometry": {"type": "Point", "coordinates": [9.28063878, 42.41791372]}, "properties": {"route": "D139", "pr": "1", "abs": 1000, "label": "D139 PR1+1000"}}, {"type": "Feature", "geometry": {"type": "Point", "coordinates": [9.27089815, 42.42080049]}, "properties": {"route": "D139", "pr": "4", "abs": 4000, "label": "D139 PR4+4000"}}, {"type": "Feature", "geometry": {"type": "Point", "coordinates": [9.26163256, 42.42064672]}, "properties": {"route": "D139", "pr": "6", "abs": 6000, "label": "D139 PR6+6000"}}, {"type": "Feature", "geometry": {"type": "Point", "coordinates": [9.27405503, 42.42127615]}, "properties": {"route": "D139", "pr": "2", "abs": 2000, "label": "D139 PR2+2000"}}, {"type": "Feature", "geometry": {"type": "Point", "coordinates": [9.25856727, 42.38824985]}, "properties": {"route": "D139", "pr": "7", "abs": 7000, "label": "D139 PR7+7000"}}, {"type": "Feature", "geometry": {"type": "Point", "coordinates": [9.2733481, 42.41664526]}, "properties": {"route": "D139", "pr": "3", "abs": 3000, "label": "D139 PR3+3000"}}, {"type": "Feature", "geometry": {"type": "Point", "coordinates": [9.25601501, 42.3855653]}, "properties": {"route": "D139", "pr": "8", "abs": 8000, "label": "D139 PR8+8000"}}, {"type": "Feature", "geometry": {"type": "Point", "coordinates": [9.27029032, 42.41576431]}, "properties": {"route": "D139", "pr": "5", "abs": 5000, "label": "D139 PR5+5000"}}, {"type": "Feature", "geometry": {"type": "Point", "coordinates": [9.24777591, 42.38046787]}, "properties": {"route": "D139", "pr": "9", "abs": 9000, "label": "D139 PR9+9000"}}, {"type": "Feature", "geometry": {"type": "Point", "coordinates": [9.45622345, 42.95300769]}, "properties": {"route": "D353", "pr": "0", "abs": 0, "label": "D353 PR0"}}, {"type": "Feature", "geometry": {"type": "Point", "coordinates": [9.43224183, 42.94899593]}, "properties": {"route": "D353", "pr": "5", "abs": 5000, "label": "D353 PR5+5000"}}, {"type": "Feature", "geometry": {"type": "Point", "coordinates": [9.43720349, 42.94627376]}, "properties": {"route": "D353", "pr": "4", "abs": 4000, "label": "D353 PR4+4000"}}, {"type": "Feature", "geometry": {"type": "Point", "coordinates": [9.45106135, 42.94980828]}, "properties": {"route": "D353", "pr": "1", "abs": 1000, "label": "D353 PR1+1000"}}, {"type": "Feature", "geometry": {"type": "Point", "coordinates": [9.44794391, 42.94600482]}, "properties": {"route": "D353", "pr": "3", "abs": 3000, "label": "D353 PR3+3000"}}, {"type": "Feature", "geometry": {"type": "Point", "coordinates": [9.45231232, 42.94527378]}, "properties": {"route": "D353", "pr": "2", "abs": 2000, "label": "D353 PR2+2000"}}, {"type": "Feature", "geometry": {"type": "Point", "coordinates": [9.42759904, 42.95301157]}, "properties": {"route": "D353", "pr": "6", "abs": 6000, "label": "D353 PR6+6000"}}, {"type": "Feature", "geometry": {"type": "Point", "coordinates": [9.42024104, 42.95688547]}, "properties": {"route": "D353", "pr": "7", "abs": 7000, "label": "D353 PR7+7000"}}, {"type": "Feature", "geometry": {"type": "Point", "coordinates": [8.68291116, 42.41620484]}, "properties": {"route": "D81B", "pr": "0", "abs": 0, "label": "D81B PR0"}}, {"type": "Feature", "geometry": {"type": "Point", "coordinates": [8.73858775, 42.56272883]}, "properties": {"route": "D81B", "pr": "31", "abs": 31000, "label": "D81B PR31+31000"}}, {"type": "Feature", "geometry": {"type": "Point", "coordinates": [8.68114065, 42.50071305]}, "properties": {"route": "D81B", "pr": "16", "abs": 16000, "label": "D81B PR16+16000"}}, {"type": "Feature", "geometry": {"type": "Point", "coordinates": [8.67387986, 42.445041]}, "properties": {"route": "D81B", "pr": "7", "abs": 7000, "label": "D81B PR7+7000"}}, {"type": "Feature", "geometry": {"type": "Point", "coordinates": [8.6727807, 42.42542658]}, "properties": {"route": "D81B", "pr": "2", "abs": 2000, "label": "D81B PR2+2000"}}, {"type": "Feature", "geometry": {"type": "Point", "coordinates": [8.66498907, 42.4369686]}, "properties": {"route": "D81B", "pr": "5", "abs": 5000, "label": "D81B PR5+5000"}}, {"type": "Feature", "geometry": {"type": "Point", "coordinates": [8.71975541, 42.5199497]}, "properties": {"route": "D81B", "pr": "22", "abs": 22000, "label": "D81B PR22+22000"}}, {"type": "Feature", "geometry": {"type": "Point", "coordinates": [8.72113341, 42.53547209]}, "properties": {"route": "D81B", "pr": "25", "abs": 25000, "label": "D81B PR25+25000"}}, {"type": "Feature", "geometry": {"type": "Point", "coordinates": [8.72903614, 42.55807139]}, "properties": {"route": "D81B", "pr": "30", "abs": 30000, "label": "D81B PR30+30000"}}, {"type": "Feature", "geometry": {"type": "Point", "coordinates": [8.66736782, 42.43401312]}, "properties": {"route": "D81B", "pr": "4", "abs": 4000, "label": "D81B PR4+4000"}}, {"type": "Feature", "geometry": {"type": "Point", "coordinates": [8.6769063, 42.46361402]}, "properties": {"route": "D81B", "pr": "10", "abs": 10000, "label": "D81B PR10+10000"}}, {"type": "Feature", "geometry": {"type": "Point", "coordinates": [8.66642387, 42.42785875]}, "properties": {"route": "D81B", "pr": "3", "abs": 3000, "label": "D81B PR3+3000"}}, {"type": "Feature", "geometry": {"type": "Point", "coordinates": [8.66430097, 42.44301886]}, "properties": {"route": "D81B", "pr": "6", "abs": 6000, "label": "D81B PR6+6000"}}, {"type": "Feature", "geometry": {"type": "Point", "coordinates": [8.6834748, 42.48418124]}, "properties": {"route": "D81B", "pr": "14", "abs": 14000, "label": "D81B PR14+14000"}}, {"type": "Feature", "geometry": {"type": "Point", "coordinates": [8.68376454, 42.49260507]}, "properties": {"route": "D81B", "pr": "15", "abs": 15000, "label": "D81B PR15+15000"}}, {"type": "Feature", "geometry": {"type": "Point", "coordinates": [8.70538792, 42.52105703]}, "properties": {"route": "D81B", "pr": "20", "abs": 20000, "label": "D81B PR20+20000"}}, {"type": "Feature", "geometry": {"type": "Point", "coordinates": [8.72531913, 42.54791193]}, "properties": {"route": "D81B", "pr": "28", "abs": 28000, "label": "D81B PR28+28000"}}, {"type": "Feature", "geometry": {"type": "Point", "coordinates": [8.68776276, 42.51454025]}, "properties": {"route": "D81B", "pr": "18", "abs": 18000, "label": "D81B PR18+18000"}}, {"type": "Feature", "geometry": {"type": "Point", "coordinates": [8.68286419, 42.47287443]}, "properties": {"route": "D81B", "pr": "12", "abs": 12000, "label": "D81B PR12+12000"}}, {"type": "Feature", "geometry": {"type": "Point", "coordinates": [8.68939038, 42.4785408]}, "properties": {"route": "D81B", "pr": "13", "abs": 13000, "label": "D81B PR13+13000"}}, {"type": "Feature", "geometry": {"type": "Point", "coordinates": [8.69679836, 42.51869014]}, "properties": {"route": "D81B", "pr": "19", "abs": 19000, "label": "D81B PR19+19000"}}, {"type": "Feature", "geometry": {"type": "Point", "coordinates": [8.72781585, 42.52476869]}, "properties": {"route": "D81B", "pr": "23", "abs": 23000, "label": "D81B PR23+23000"}}, {"type": "Feature", "geometry": {"type": "Point", "coordinates": [8.68164659, 42.46598281]}, "properties": {"route": "D81B", "pr": "11", "abs": 11000, "label": "D81B PR11+11000"}}, {"type": "Feature", "geometry": {"type": "Point", "coordinates": [8.67145854, 42.4575427]}, "properties": {"route": "D81B", "pr": "9", "abs": 9000, "label": "D81B PR9+9000"}}, {"type": "Feature", "geometry": {"type": "Point", "coordinates": [8.68061194, 42.50774043]}, "properties": {"route": "D81B", "pr": "17", "abs": 17000, "label": "D81B PR17+17000"}}, {"type": "Feature", "geometry": {"type": "Point", "coordinates": [8.72215935, 42.54118099]}, "properties": {"route": "D81B", "pr": "26", "abs": 26000, "label": "D81B PR26+26000"}}, {"type": "Feature", "geometry": {"type": "Point", "coordinates": [8.67352139, 42.45133159]}, "properties": {"route": "D81B", "pr": "8", "abs": 8000, "label": "D81B PR8+8000"}}, {"type": "Feature", "geometry": {"type": "Point", "coordinates": [8.72232364, 42.55231536]}, "properties": {"route": "D81B", "pr": "29", "abs": 29000, "label": "D81B PR29+29000"}}, {"type": "Feature", "geometry": {"type": "Point", "coordinates": [8.7491243, 42.56624175]}, "properties": {"route": "D81B", "pr": "32", "abs": 32000, "label": "D81B PR32+32000"}}, {"type": "Feature", "geometry": {"type": "Point", "coordinates": [8.72541232, 42.54475315]}, "properties": {"route": "D81B", "pr": "27", "abs": 27000, "label": "D81B PR27+27000"}}, {"type": "Feature", "geometry": {"type": "Point", "coordinates": [8.67807275, 42.42156839]}, "properties": {"route": "D81B", "pr": "1", "abs": 1000, "label": "D81B PR1+1000"}}, {"type": "Feature", "geometry": {"type": "Point", "coordinates": [8.71190984, 42.52120335]}, "properties": {"route": "D81B", "pr": "21", "abs": 21000, "label": "D81B PR21+21000"}}, {"type": "Feature", "geometry": {"type": "Point", "coordinates": [8.72317866, 42.52980113]}, "properties": {"route": "D81B", "pr": "24", "abs": 24000, "label": "D81B PR24+24000"}}, {"type": "Feature", "geometry": {"type": "Point", "coordinates": [9.03548952, 42.45517824]}, "properties": {"route": "D147A", "pr": "0", "abs": 0, "label": "D147A PR0"}}, {"type": "Feature", "geometry": {"type": "Point", "coordinates": [8.94901747, 42.55949211]}, "properties": {"route": "D663", "pr": "0", "abs": 0, "label": "D663 PR0"}}, {"type": "Feature", "geometry": {"type": "Point", "coordinates": [8.95502623, 42.56559186]}, "properties": {"route": "D663", "pr": "1", "abs": 1000, "label": "D663 PR1+1000"}}, {"type": "Feature", "geometry": {"type": "Point", "coordinates": [8.98047711, 42.56102262]}, "properties": {"route": "D663", "pr": "4", "abs": 4000, "label": "D663 PR4+4000"}}, {"type": "Feature", "geometry": {"type": "Point", "coordinates": [8.964698, 42.5645202]}, "properties": {"route": "D663", "pr": "2", "abs": 2000, "label": "D663 PR2+2000"}}, {"type": "Feature", "geometry": {"type": "Point", "coordinates": [8.97244084, 42.55834021]}, "properties": {"route": "D663", "pr": "3", "abs": 3000, "label": "D663 PR3+3000"}}, {"type": "Feature", "geometry": {"type": "Point", "coordinates": [8.90677373, 42.56328155]}, "properties": {"route": "D613", "pr": "2", "abs": 2000, "label": "D613 PR2+2000"}}, {"type": "Feature", "geometry": {"type": "Point", "coordinates": [9.50677296, 42.3217978]}, "properties": {"route": "D552", "pr": "0", "abs": 0, "label": "D552 PR0"}}, {"type": "Feature", "geometry": {"type": "Point", "coordinates": [9.40471093, 42.42940147]}, "properties": {"route": "D205", "pr": "0", "abs": 0, "label": "D205 PR0"}}, {"type": "Feature", "geometry": {"type": "Point", "coordinates": [9.37338846, 42.43427614]}, "properties": {"route": "D205", "pr": "4", "abs": 4000, "label": "D205 PR4+4000"}}, {"type": "Feature", "geometry": {"type": "Point", "coordinates": [9.34761599, 42.4256191]}, "properties": {"route": "D205", "pr": "10", "abs": 10000, "label": "D205 PR10+10000"}}, {"type": "Feature", "geometry": {"type": "Point", "coordinates": [9.35123182, 42.42809863]}, "properties": {"route": "D205", "pr": "9", "abs": 9000, "label": "D205 PR9+9000"}}, {"type": "Feature", "geometry": {"type": "Point", "coordinates": [9.38948793, 42.42955417]}, "properties": {"route": "D205", "pr": "2", "abs": 2000, "label": "D205 PR2+2000"}}, {"type": "Feature", "geometry": {"type": "Point", "coordinates": [9.33881383, 42.43089188]}, "properties": {"route": "D205", "pr": "12", "abs": 12000, "label": "D205 PR12+12000"}}, {"type": "Feature", "geometry": {"type": "Point", "coordinates": [9.39908886, 42.42799847]}, "properties": {"route": "D205", "pr": "1", "abs": 1000, "label": "D205 PR1+1000"}}, {"type": "Feature", "geometry": {"type": "Point", "coordinates": [9.34103612, 42.42599088]}, "properties": {"route": "D205", "pr": "11", "abs": 11000, "label": "D205 PR11+11000"}}, {"type": "Feature", "geometry": {"type": "Point", "coordinates": [9.38051299, 42.43358837]}, "properties": {"route": "D205", "pr": "3", "abs": 3000, "label": "D205 PR3+3000"}}, {"type": "Feature", "geometry": {"type": "Point", "coordinates": [9.35358069, 42.42434853]}, "properties": {"route": "D205", "pr": "8", "abs": 8000, "label": "D205 PR8+8000"}}, {"type": "Feature", "geometry": {"type": "Point", "coordinates": [9.36377607, 42.43265852]}, "properties": {"route": "D205", "pr": "6", "abs": 6000, "label": "D205 PR6+6000"}}, {"type": "Feature", "geometry": {"type": "Point", "coordinates": [9.33695124, 42.42351284]}, "properties": {"route": "D205", "pr": "13", "abs": 13000, "label": "D205 PR13+13000"}}, {"type": "Feature", "geometry": {"type": "Point", "coordinates": [9.36143042, 42.42897435]}, "properties": {"route": "D205", "pr": "7", "abs": 7000, "label": "D205 PR7+7000"}}, {"type": "Feature", "geometry": {"type": "Point", "coordinates": [9.36308679, 42.43471075]}, "properties": {"route": "D205", "pr": "5", "abs": 5000, "label": "D205 PR5+5000"}}, {"type": "Feature", "geometry": {"type": "Point", "coordinates": [9.28009651, 42.61816618]}, "properties": {"route": "D262", "pr": "0", "abs": 0, "label": "D262 PR0"}}, {"type": "Feature", "geometry": {"type": "Point", "coordinates": [9.30533422, 42.61752806]}, "properties": {"route": "D262", "pr": "3", "abs": 3000, "label": "D262 PR3+3000"}}, {"type": "Feature", "geometry": {"type": "Point", "coordinates": [9.28761246, 42.61992861]}, "properties": {"route": "D262", "pr": "1", "abs": 1000, "label": "D262 PR1+1000"}}, {"type": "Feature", "geometry": {"type": "Point", "coordinates": [9.29503351, 42.61789645]}, "properties": {"route": "D262", "pr": "2", "abs": 2000, "label": "D262 PR2+2000"}}, {"type": "Feature", "geometry": {"type": "Point", "coordinates": [9.31472505, 42.62087249]}, "properties": {"route": "D262", "pr": "4", "abs": 4000, "label": "D262 PR4+4000"}}, {"type": "Feature", "geometry": {"type": "Point", "coordinates": [9.47089587, 42.25636784]}, "properties": {"route": "D817", "pr": "0", "abs": 0, "label": "D817 PR0"}}, {"type": "Feature", "geometry": {"type": "Point", "coordinates": [9.47826601, 42.25260404]}, "properties": {"route": "D817", "pr": "1", "abs": 1000, "label": "D817 PR1+1000"}}, {"type": "Feature", "geometry": {"type": "Point", "coordinates": [9.50596737, 42.25282709]}, "properties": {"route": "D817", "pr": "4", "abs": 4000, "label": "D817 PR4+4000"}}, {"type": "Feature", "geometry": {"type": "Point", "coordinates": [9.53602183, 42.25174274]}, "properties": {"route": "D817", "pr": "7", "abs": 7000, "label": "D817 PR7+7000"}}, {"type": "Feature", "geometry": {"type": "Point", "coordinates": [9.5164308, 42.25082477]}, "properties": {"route": "D817", "pr": "5", "abs": 5000, "label": "D817 PR5+5000"}}, {"type": "Feature", "geometry": {"type": "Point", "coordinates": [9.49543527, 42.24987385]}, "properties": {"route": "D817", "pr": "3", "abs": 3000, "label": "D817 PR3+3000"}}, {"type": "Feature", "geometry": {"type": "Point", "coordinates": [9.52705073, 42.24894702]}, "properties": {"route": "D817", "pr": "6", "abs": 6000, "label": "D817 PR6+6000"}}, {"type": "Feature", "geometry": {"type": "Point", "coordinates": [9.48875865, 42.24853865]}, "properties": {"route": "D817", "pr": "2", "abs": 2000, "label": "D817 PR2+2000"}}, {"type": "Feature", "geometry": {"type": "Point", "coordinates": [9.45145075, 42.70430347]}, "properties": {"route": "D31", "pr": "0", "abs": 0, "label": "D31 PR0"}}, {"type": "Feature", "geometry": {"type": "Point", "coordinates": [9.45837742, 42.74311887]}, "properties": {"route": "D31", "pr": "18", "abs": 18000, "label": "D31 PR18+18000"}}, {"type": "Feature", "geometry": {"type": "Point", "coordinates": [9.42735001, 42.74176661]}, "properties": {"route": "D31", "pr": "13", "abs": 13000, "label": "D31 PR13+13000"}}, {"type": "Feature", "geometry": {"type": "Point", "coordinates": [9.44196144, 42.7079424]}, "properties": {"route": "D31", "pr": "1", "abs": 1000, "label": "D31 PR1+1000"}}, {"type": "Feature", "geometry": {"type": "Point", "coordinates": [9.44448129, 42.72487203]}, "properties": {"route": "D31", "pr": "8", "abs": 8000, "label": "D31 PR8+8000"}}, {"type": "Feature", "geometry": {"type": "Point", "coordinates": [9.4424276, 42.71739821]}, "properties": {"route": "D31", "pr": "7", "abs": 7000, "label": "D31 PR7+7000"}}, {"type": "Feature", "geometry": {"type": "Point", "coordinates": [9.43152937, 42.71818106]}, "properties": {"route": "D31", "pr": "6", "abs": 6000, "label": "D31 PR6+6000"}}, {"type": "Feature", "geometry": {"type": "Point", "coordinates": [9.44891608, 42.74623686]}, "properties": {"route": "D31", "pr": "17", "abs": 17000, "label": "D31 PR17+17000"}}, {"type": "Feature", "geometry": {"type": "Point", "coordinates": [9.43234805, 42.70890144]}, "properties": {"route": "D31", "pr": "2", "abs": 2000, "label": "D31 PR2+2000"}}, {"type": "Feature", "geometry": {"type": "Point", "coordinates": [9.44192234, 42.73103538]}, "properties": {"route": "D31", "pr": "9", "abs": 9000, "label": "D31 PR9+9000"}}, {"type": "Feature", "geometry": {"type": "Point", "coordinates": [9.42490621, 42.74528747]}, "properties": {"route": "D31", "pr": "14", "abs": 14000, "label": "D31 PR14+14000"}}, {"type": "Feature", "geometry": {"type": "Point", "coordinates": [9.43258677, 42.73232751]}, "properties": {"route": "D31", "pr": "10", "abs": 10000, "label": "D31 PR10+10000"}}, {"type": "Feature", "geometry": {"type": "Point", "coordinates": [9.43579677, 42.73669179]}, "properties": {"route": "D31", "pr": "11", "abs": 11000, "label": "D31 PR11+11000"}}, {"type": "Feature", "geometry": {"type": "Point", "coordinates": [9.43440701, 42.71209629]}, "properties": {"route": "D31", "pr": "5", "abs": 5000, "label": "D31 PR5+5000"}}, {"type": "Feature", "geometry": {"type": "Point", "coordinates": [9.43498767, 42.74501845]}, "properties": {"route": "D31", "pr": "15", "abs": 15000, "label": "D31 PR15+15000"}}, {"type": "Feature", "geometry": {"type": "Point", "coordinates": [9.42628644, 42.70776785]}, "properties": {"route": "D31", "pr": "3", "abs": 3000, "label": "D31 PR3+3000"}}, {"type": "Feature", "geometry": {"type": "Point", "coordinates": [9.42870191, 42.7396393]}, "properties": {"route": "D31", "pr": "12", "abs": 12000, "label": "D31 PR12+12000"}}, {"type": "Feature", "geometry": {"type": "Point", "coordinates": [9.42820671, 42.71066353]}, "properties": {"route": "D31", "pr": "4", "abs": 4000, "label": "D31 PR4+4000"}}, {"type": "Feature", "geometry": {"type": "Point", "coordinates": [9.44264923, 42.74419701]}, "properties": {"route": "D31", "pr": "16", "abs": 16000, "label": "D31 PR16+16000"}}, {"type": "Feature", "geometry": {"type": "Point", "coordinates": [8.7532659, 42.38120918]}, "properties": {"route": "D351C", "pr": "0", "abs": 0, "label": "D351C PR0"}}, {"type": "Feature", "geometry": {"type": "Point", "coordinates": [8.7356208, 42.34755823]}, "properties": {"route": "D351C", "pr": "6", "abs": 6000, "label": "D351C PR6+6000"}}, {"type": "Feature", "geometry": {"type": "Point", "coordinates": [8.74688306, 42.37562269]}, "properties": {"route": "D351C", "pr": "1", "abs": 1000, "label": "D351C PR1+1000"}}, {"type": "Feature", "geometry": {"type": "Point", "coordinates": [8.73618807, 42.36146418]}, "properties": {"route": "D351C", "pr": "3", "abs": 3000, "label": "D351C PR3+3000"}}, {"type": "Feature", "geometry": {"type": "Point", "coordinates": [8.72741736, 42.34302274]}, "properties": {"route": "D351C", "pr": "7", "abs": 7000, "label": "D351C PR7+7000"}}, {"type": "Feature", "geometry": {"type": "Point", "coordinates": [8.74296924, 42.35046321]}, "properties": {"route": "D351C", "pr": "5", "abs": 5000, "label": "D351C PR5+5000"}}, {"type": "Feature", "geometry": {"type": "Point", "coordinates": [8.74345586, 42.36738898]}, "properties": {"route": "D351C", "pr": "2", "abs": 2000, "label": "D351C PR2+2000"}}, {"type": "Feature", "geometry": {"type": "Point", "coordinates": [8.73839457, 42.35550817]}, "properties": {"route": "D351C", "pr": "4", "abs": 4000, "label": "D351C PR4+4000"}}, {"type": "Feature", "geometry": {"type": "Point", "coordinates": [9.53822597, 42.43326421]}, "properties": {"route": "D30", "pr": "0", "abs": 0, "label": "D30 PR0"}}, {"type": "Feature", "geometry": {"type": "Point", "coordinates": [9.52630891, 42.43322591]}, "properties": {"route": "D30", "pr": "1", "abs": 1000, "label": "D30 PR1+1000"}}, {"type": "Feature", "geometry": {"type": "Point", "coordinates": [9.49771348, 42.41706305]}, "properties": {"route": "D30", "pr": "5", "abs": 5000, "label": "D30 PR5+5000"}}, {"type": "Feature", "geometry": {"type": "Point", "coordinates": [9.4887685, 42.41266244]}, "properties": {"route": "D30", "pr": "7", "abs": 7000, "label": "D30 PR7+7000"}}, {"type": "Feature", "geometry": {"type": "Point", "coordinates": [9.51658172, 42.42836208]}, "properties": {"route": "D30", "pr": "2", "abs": 2000, "label": "D30 PR2+2000"}}, {"type": "Feature", "geometry": {"type": "Point", "coordinates": [9.49633489, 42.41281277]}, "properties": {"route": "D30", "pr": "6", "abs": 6000, "label": "D30 PR6+6000"}}, {"type": "Feature", "geometry": {"type": "Point", "coordinates": [9.50684848, 42.42390912]}, "properties": {"route": "D30", "pr": "3", "abs": 3000, "label": "D30 PR3+3000"}}, {"type": "Feature", "geometry": {"type": "Point", "coordinates": [9.50176941, 42.4204967]}, "properties": {"route": "D30", "pr": "4", "abs": 4000, "label": "D30 PR4+4000"}}, {"type": "Feature", "geometry": {"type": "Point", "coordinates": [9.48084357, 42.41038875]}, "properties": {"route": "D30", "pr": "8", "abs": 8000, "label": "D30 PR8+8000"}}, {"type": "Feature", "geometry": {"type": "Point", "coordinates": [9.45411995, 42.70899744]}, "properties": {"route": "D80", "pr": "0", "abs": 0, "label": "D80 PR0"}}, {"type": "Feature", "geometry": {"type": "Point", "coordinates": [9.45530747, 42.71710977]}, "properties": {"route": "D80", "pr": "1", "abs": 1000, "label": "D80 PR1+1000"}}, {"type": "Feature", "geometry": {"type": "Point", "coordinates": [9.45339508, 42.95858733]}, "properties": {"route": "D80", "pr": "35", "abs": 35000, "label": "D80 PR35+35000"}}, {"type": "Feature", "geometry": {"type": "Point", "coordinates": [9.47124908, 42.77139409]}, "properties": {"route": "D80", "pr": "8", "abs": 8000, "label": "D80 PR8+8000"}}, {"type": "Feature", "geometry": {"type": "Point", "coordinates": [9.37907878, 42.97497558]}, "properties": {"route": "D80", "pr": "46", "abs": 46000, "label": "D80 PR46+46000"}}, {"type": "Feature", "geometry": {"type": "Point", "coordinates": [9.48260822, 42.7844521]}, "properties": {"route": "D80", "pr": "10", "abs": 10000, "label": "D80 PR10+10000"}}, {"type": "Feature", "geometry": {"type": "Point", "coordinates": [9.35089988, 42.70023824]}, "properties": {"route": "D80", "pr": "101", "abs": 101000, "label": "D80 PR101+101000"}}, {"type": "Feature", "geometry": {"type": "Point", "coordinates": [9.33819459, 42.80651927]}, "properties": {"route": "D80", "pr": "83", "abs": 83000, "label": "D80 PR83+83000"}}, {"type": "Feature", "geometry": {"type": "Point", "coordinates": [9.47833989, 42.86929411]}, "properties": {"route": "D80", "pr": "22", "abs": 22000, "label": "D80 PR22+22000"}}, {"type": "Feature", "geometry": {"type": "Point", "coordinates": [9.36510219, 42.94610909]}, "properties": {"route": "D80", "pr": "52", "abs": 52000, "label": "D80 PR52+52000"}}, {"type": "Feature", "geometry": {"type": "Point", "coordinates": [9.33791032, 42.76430716]}, "properties": {"route": "D80", "pr": "90", "abs": 90000, "label": "D80 PR90+90000"}}, {"type": "Feature", "geometry": {"type": "Point", "coordinates": [9.46088413, 42.73252498]}, "properties": {"route": "D80", "pr": "3", "abs": 3000, "label": "D80 PR3+3000"}}, {"type": "Feature", "geometry": {"type": "Point", "coordinates": [9.46436215, 42.9317]}, "properties": {"route": "D80", "pr": "31", "abs": 31000, "label": "D80 PR31+31000"}}, {"type": "Feature", "geometry": {"type": "Point", "coordinates": [9.4425611, 42.95579714]}, "properties": {"route": "D80", "pr": "36", "abs": 36000, "label": "D80 PR36+36000"}}, {"type": "Feature", "geometry": {"type": "Point", "coordinates": [9.46759027, 42.93805166]}, "properties": {"route": "D80", "pr": "32", "abs": 32000, "label": "D80 PR32+32000"}}, {"type": "Feature", "geometry": {"type": "Point", "coordinates": [9.41606939, 42.96807718]}, "properties": {"route": "D80", "pr": "40", "abs": 40000, "label": "D80 PR40+40000"}}, {"type": "Feature", "geometry": {"type": "Point", "coordinates": [9.32091955, 42.8270812]}, "properties": {"route": "D80", "pr": "79", "abs": 79000, "label": "D80 PR79+79000"}}, {"type": "Feature", "geometry": {"type": "Point", "coordinates": [9.3589086, 42.91545471]}, "properties": {"route": "D80", "pr": "60", "abs": 60000, "label": "D80 PR60+60000"}}, {"type": "Feature", "geometry": {"type": "Point", "coordinates": [9.42747855, 42.95974633]}, "properties": {"route": "D80", "pr": "38", "abs": 38000, "label": "D80 PR38+38000"}}, {"type": "Feature", "geometry": {"type": "Point", "coordinates": [9.32342118, 42.89423746]}, "properties": {"route": "D80", "pr": "66", "abs": 66000, "label": "D80 PR66+66000"}}, {"type": "Feature", "geometry": {"type": "Point", "coordinates": [9.35277653, 42.91510013]}, "properties": {"route": "D80", "pr": "61", "abs": 61000, "label": "D80 PR61+61000"}}, {"type": "Feature", "geometry": {"type": "Point", "coordinates": [9.49224745, 42.80666227]}, "properties": {"route": "D80", "pr": "13", "abs": 13000, "label": "D80 PR13+13000"}}, {"type": "Feature", "geometry": {"type": "Point", "coordinates": [9.34320529, 42.77642011]}, "properties": {"route": "D80", "pr": "88", "abs": 88000, "label": "D80 PR88+88000"}}, {"type": "Feature", "geometry": {"type": "Point", "coordinates": [9.46934863, 42.90434717]}, "properties": {"route": "D80", "pr": "27", "abs": 27000, "label": "D80 PR27+27000"}}, {"type": "Feature", "geometry": {"type": "Point", "coordinates": [9.33003722, 42.89910105]}, "properties": {"route": "D80", "pr": "65", "abs": 65000, "label": "D80 PR65+65000"}}, {"type": "Feature", "geometry": {"type": "Point", "coordinates": [9.34337917, 42.90742418]}, "properties": {"route": "D80", "pr": "63", "abs": 63000, "label": "D80 PR63+63000"}}, {"type": "Feature", "geometry": {"type": "Point", "coordinates": [9.48566094, 42.8295113]}, "properties": {"route": "D80", "pr": "16", "abs": 16000, "label": "D80 PR16+16000"}}, {"type": "Feature", "geometry": {"type": "Point", "coordinates": [9.47227989, 42.87460673]}, "properties": {"route": "D80", "pr": "23", "abs": 23000, "label": "D80 PR23+23000"}}, {"type": "Feature", "geometry": {"type": "Point", "coordinates": [9.33982383, 42.86443722]}, "properties": {"route": "D80", "pr": "73", "abs": 73000, "label": "D80 PR73+73000"}}, {"type": "Feature", "geometry": {"type": "Point", "coordinates": [9.38642757, 42.9725002]}, "properties": {"route": "D80", "pr": "45", "abs": 45000, "label": "D80 PR45+45000"}}, {"type": "Feature", "geometry": {"type": "Point", "coordinates": [9.37392207, 42.96784107]}, "properties": {"route": "D80", "pr": "48", "abs": 48000, "label": "D80 PR48+48000"}}, {"type": "Feature", "geometry": {"type": "Point", "coordinates": [9.47326492, 42.88826731]}, "properties": {"route": "D80", "pr": "25", "abs": 25000, "label": "D80 PR25+25000"}}, {"type": "Feature", "geometry": {"type": "Point", "coordinates": [9.33697252, 42.90360802]}, "properties": {"route": "D80", "pr": "64", "abs": 64000, "label": "D80 PR64+64000"}}, {"type": "Feature", "geometry": {"type": "Point", "coordinates": [9.4705539, 42.91904692]}, "properties": {"route": "D80", "pr": "29", "abs": 29000, "label": "D80 PR29+29000"}}, {"type": "Feature", "geometry": {"type": "Point", "coordinates": [9.48060966, 42.84117388]}, "properties": {"route": "D80", "pr": "18", "abs": 18000, "label": "D80 PR18+18000"}}, {"type": "Feature", "geometry": {"type": "Point", "coordinates": [9.33871654, 42.72084137]}, "properties": {"route": "D80", "pr": "98", "abs": 98000, "label": "D80 PR98+98000"}}, {"type": "Feature", "geometry": {"type": "Point", "coordinates": [9.47832499, 42.77795771]}, "properties": {"route": "D80", "pr": "9", "abs": 9000, "label": "D80 PR9+9000"}}, {"type": "Feature", "geometry": {"type": "Point", "coordinates": [9.36084883, 42.92641421]}, "properties": {"route": "D80", "pr": "57", "abs": 57000, "label": "D80 PR57+57000"}}, {"type": "Feature", "geometry": {"type": "Point", "coordinates": [9.40680611, 42.96467783]}, "properties": {"route": "D80", "pr": "41", "abs": 41000, "label": "D80 PR41+41000"}}, {"type": "Feature", "geometry": {"type": "Point", "coordinates": [9.33721018, 42.71388414]}, "properties": {"route": "D80", "pr": "99", "abs": 99000, "label": "D80 PR99+99000"}}, {"type": "Feature", "geometry": {"type": "Point", "coordinates": [9.343394, 42.77105422]}, "properties": {"route": "D80", "pr": "89", "abs": 89000, "label": "D80 PR89+89000"}}, {"type": "Feature", "geometry": {"type": "Point", "coordinates": [9.31465751, 42.83320974]}, "properties": {"route": "D80", "pr": "78", "abs": 78000, "label": "D80 PR78+78000"}}, {"type": "Feature", "geometry": {"type": "Point", "coordinates": [9.34387575, 42.80061578]}, "properties": {"route": "D80", "pr": "84", "abs": 84000, "label": "D80 PR84+84000"}}, {"type": "Feature", "geometry": {"type": "Point", "coordinates": [9.4665418, 42.75629128]}, "properties": {"route": "D80", "pr": "6", "abs": 6000, "label": "D80 PR6+6000"}}, {"type": "Feature", "geometry": {"type": "Point", "coordinates": [9.46207041, 42.94429283]}, "properties": {"route": "D80", "pr": "33", "abs": 33000, "label": "D80 PR33+33000"}}, {"type": "Feature", "geometry": {"type": "Point", "coordinates": [9.46339049, 42.74945035]}, "properties": {"route": "D80", "pr": "5", "abs": 5000, "label": "D80 PR5+5000"}}, {"type": "Feature", "geometry": {"type": "Point", "coordinates": [9.3461486, 42.76092655]}, "properties": {"route": "D80", "pr": "91", "abs": 91000, "label": "D80 PR91+91000"}}, {"type": "Feature", "geometry": {"type": "Point", "coordinates": [9.31930607, 42.84051672]}, "properties": {"route": "D80", "pr": "77", "abs": 77000, "label": "D80 PR77+77000"}}, {"type": "Feature", "geometry": {"type": "Point", "coordinates": [9.34669953, 42.74230335]}, "properties": {"route": "D80", "pr": "94", "abs": 94000, "label": "D80 PR94+94000"}}, {"type": "Feature", "geometry": {"type": "Point", "coordinates": [9.34035886, 42.75669567]}, "properties": {"route": "D80", "pr": "92", "abs": 92000, "label": "D80 PR92+92000"}}, {"type": "Feature", "geometry": {"type": "Point", "coordinates": [9.34576641, 42.73663076]}, "properties": {"route": "D80", "pr": "95", "abs": 95000, "label": "D80 PR95+95000"}}, {"type": "Feature", "geometry": {"type": "Point", "coordinates": [9.33188921, 42.85276207]}, "properties": {"route": "D80", "pr": "75", "abs": 75000, "label": "D80 PR75+75000"}}, {"type": "Feature", "geometry": {"type": "Point", "coordinates": [9.48183704, 42.84774382]}, "properties": {"route": "D80", "pr": "19", "abs": 19000, "label": "D80 PR19+19000"}}, {"type": "Feature", "geometry": {"type": "Point", "coordinates": [9.39707328, 42.96037641]}, "properties": {"route": "D80", "pr": "42", "abs": 42000, "label": "D80 PR42+42000"}}, {"type": "Feature", "geometry": {"type": "Point", "coordinates": [9.3711278, 42.9515464]}, "properties": {"route": "D80", "pr": "51", "abs": 51000, "label": "D80 PR51+51000"}}, {"type": "Feature", "geometry": {"type": "Point", "coordinates": [9.36205663, 42.92348434]}, "properties": {"route": "D80", "pr": "58", "abs": 58000, "label": "D80 PR58+58000"}}, {"type": "Feature", "geometry": {"type": "Point", "coordinates": [9.38965595, 42.95914296]}, "properties": {"route": "D80", "pr": "43", "abs": 43000, "label": "D80 PR43+43000"}}, {"type": "Feature", "geometry": {"type": "Point", "coordinates": [9.42397568, 42.96504333]}, "properties": {"route": "D80", "pr": "39", "abs": 39000, "label": "D80 PR39+39000"}}, {"type": "Feature", "geometry": {"type": "Point", "coordinates": [9.43249721, 42.95540499]}, "properties": {"route": "D80", "pr": "37", "abs": 37000, "label": "D80 PR37+37000"}}, {"type": "Feature", "geometry": {"type": "Point", "coordinates": [9.45539299, 42.95085962]}, "properties": {"route": "D80", "pr": "34", "abs": 34000, "label": "D80 PR34+34000"}}, {"type": "Feature", "geometry": {"type": "Point", "coordinates": [9.33572461, 42.8597974]}, "properties": {"route": "D80", "pr": "74", "abs": 74000, "label": "D80 PR74+74000"}}, {"type": "Feature", "geometry": {"type": "Point", "coordinates": [9.49065145, 42.79850908]}, "properties": {"route": "D80", "pr": "12", "abs": 12000, "label": "D80 PR12+12000"}}, {"type": "Feature", "geometry": {"type": "Point", "coordinates": [9.33463656, 42.88361705]}, "properties": {"route": "D80", "pr": "68", "abs": 68000, "label": "D80 PR68+68000"}}, {"type": "Feature", "geometry": {"type": "Point", "coordinates": [9.34478143, 42.78403941]}, "properties": {"route": "D80", "pr": "87", "abs": 87000, "label": "D80 PR87+87000"}}, {"type": "Feature", "geometry": {"type": "Point", "coordinates": [9.35768423, 42.92074929]}, "properties": {"route": "D80", "pr": "59", "abs": 59000, "label": "D80 PR59+59000"}}, {"type": "Feature", "geometry": {"type": "Point", "coordinates": [9.37187941, 42.96254617]}, "properties": {"route": "D80", "pr": "49", "abs": 49000, "label": "D80 PR49+49000"}}, {"type": "Feature", "geometry": {"type": "Point", "coordinates": [9.36891241, 42.9419284]}, "properties": {"route": "D80", "pr": "53", "abs": 53000, "label": "D80 PR53+53000"}}, {"type": "Feature", "geometry": {"type": "Point", "coordinates": [9.39118761, 42.96683831]}, "properties": {"route": "D80", "pr": "44", "abs": 44000, "label": "D80 PR44+44000"}}, {"type": "Feature", "geometry": {"type": "Point", "coordinates": [9.47741505, 42.88043366]}, "properties": {"route": "D80", "pr": "24", "abs": 24000, "label": "D80 PR24+24000"}}, {"type": "Feature", "geometry": {"type": "Point", "coordinates": [9.48205517, 42.83614021]}, "properties": {"route": "D80", "pr": "17", "abs": 17000, "label": "D80 PR17+17000"}}, {"type": "Feature", "geometry": {"type": "Point", "coordinates": [9.33355403, 42.8906493]}, "properties": {"route": "D80", "pr": "67", "abs": 67000, "label": "D80 PR67+67000"}}, {"type": "Feature", "geometry": {"type": "Point", "coordinates": [9.34591058, 42.79703197]}, "properties": {"route": "D80", "pr": "85", "abs": 85000, "label": "D80 PR85+85000"}}, {"type": "Feature", "geometry": {"type": "Point", "coordinates": [9.46762003, 42.76386027]}, "properties": {"route": "D80", "pr": "7", "abs": 7000, "label": "D80 PR7+7000"}}, {"type": "Feature", "geometry": {"type": "Point", "coordinates": [9.35783412, 42.92880074]}, "properties": {"route": "D80", "pr": "56", "abs": 56000, "label": "D80 PR56+56000"}}, {"type": "Feature", "geometry": {"type": "Point", "coordinates": [9.34789176, 42.86634828]}, "properties": {"route": "D80", "pr": "72", "abs": 72000, "label": "D80 PR72+72000"}}, {"type": "Feature", "geometry": {"type": "Point", "coordinates": [9.34371546, 42.74940281]}, "properties": {"route": "D80", "pr": "93", "abs": 93000, "label": "D80 PR93+93000"}}, {"type": "Feature", "geometry": {"type": "Point", "coordinates": [9.45786938, 42.72457258]}, "properties": {"route": "D80", "pr": "2", "abs": 2000, "label": "D80 PR2+2000"}}, {"type": "Feature", "geometry": {"type": "Point", "coordinates": [9.32852034, 42.81266945]}, "properties": {"route": "D80", "pr": "81", "abs": 81000, "label": "D80 PR81+81000"}}, {"type": "Feature", "geometry": {"type": "Point", "coordinates": [9.48632538, 42.82141306]}, "properties": {"route": "D80", "pr": "15", "abs": 15000, "label": "D80 PR15+15000"}}, {"type": "Feature", "geometry": {"type": "Point", "coordinates": [9.33653923, 42.87194978]}, "properties": {"route": "D80", "pr": "70", "abs": 70000, "label": "D80 PR70+70000"}}, {"type": "Feature", "geometry": {"type": "Point", "coordinates": [9.33103833, 42.87673342]}, "properties": {"route": "D80", "pr": "69", "abs": 69000, "label": "D80 PR69+69000"}}, {"type": "Feature", "geometry": {"type": "Point", "coordinates": [9.48114553, 42.8616409]}, "properties": {"route": "D80", "pr": "21", "abs": 21000, "label": "D80 PR21+21000"}}, {"type": "Feature", "geometry": {"type": "Point", "coordinates": [9.46100961, 42.74074861]}, "properties": {"route": "D80", "pr": "4", "abs": 4000, "label": "D80 PR4+4000"}}, {"type": "Feature", "geometry": {"type": "Point", "coordinates": [9.35112533, 42.79028428]}, "properties": {"route": "D80", "pr": "86", "abs": 86000, "label": "D80 PR86+86000"}}, {"type": "Feature", "geometry": {"type": "Point", "coordinates": [9.48700955, 42.790997]}, "properties": {"route": "D80", "pr": "11", "abs": 11000, "label": "D80 PR11+11000"}}, {"type": "Feature", "geometry": {"type": "Point", "coordinates": [9.32362689, 42.81931483]}, "properties": {"route": "D80", "pr": "80", "abs": 80000, "label": "D80 PR80+80000"}}, {"type": "Feature", "geometry": {"type": "Point", "coordinates": [9.3611192, 42.93773725]}, "properties": {"route": "D80", "pr": "54", "abs": 54000, "label": "D80 PR54+54000"}}, {"type": "Feature", "geometry": {"type": "Point", "coordinates": [9.47136301, 42.91081957]}, "properties": {"route": "D80", "pr": "28", "abs": 28000, "label": "D80 PR28+28000"}}, {"type": "Feature", "geometry": {"type": "Point", "coordinates": [9.33737619, 42.72666587]}, "properties": {"route": "D80", "pr": "97", "abs": 97000, "label": "D80 PR97+97000"}}, {"type": "Feature", "geometry": {"type": "Point", "coordinates": [9.4897381, 42.81333408]}, "properties": {"route": "D80", "pr": "14", "abs": 14000, "label": "D80 PR14+14000"}}, {"type": "Feature", "geometry": {"type": "Point", "coordinates": [9.37146473, 42.95681625]}, "properties": {"route": "D80", "pr": "50", "abs": 50000, "label": "D80 PR50+50000"}}, {"type": "Feature", "geometry": {"type": "Point", "coordinates": [9.35283498, 42.93315609]}, "properties": {"route": "D80", "pr": "55", "abs": 55000, "label": "D80 PR55+55000"}}, {"type": "Feature", "geometry": {"type": "Point", "coordinates": [9.34575449, 42.72971191]}, "properties": {"route": "D80", "pr": "96", "abs": 96000, "label": "D80 PR96+96000"}}, {"type": "Feature", "geometry": {"type": "Point", "coordinates": [9.35128041, 42.90836369]}, "properties": {"route": "D80", "pr": "62", "abs": 62000, "label": "D80 PR62+62000"}}, {"type": "Feature", "geometry": {"type": "Point", "coordinates": [9.34274234, 42.70613768]}, "properties": {"route": "D80", "pr": "100", "abs": 100000, "label": "D80 PR100+100000"}}, {"type": "Feature", "geometry": {"type": "Point", "coordinates": [9.36818977, 42.97329184]}, "properties": {"route": "D80", "pr": "47", "abs": 47000, "label": "D80 PR47+47000"}}, {"type": "Feature", "geometry": {"type": "Point", "coordinates": [9.4722344, 42.89691305]}, "properties": {"route": "D80", "pr": "26", "abs": 26000, "label": "D80 PR26+26000"}}, {"type": "Feature", "geometry": {"type": "Point", "coordinates": [9.4693969, 42.92511892]}, "properties": {"route": "D80", "pr": "30", "abs": 30000, "label": "D80 PR30+30000"}}, {"type": "Feature", "geometry": {"type": "Point", "coordinates": [9.48244321, 42.85453547]}, "properties": {"route": "D80", "pr": "20", "abs": 20000, "label": "D80 PR20+20000"}}, {"type": "Feature", "geometry": {"type": "Point", "coordinates": [9.32525825, 42.84604072]}, "properties": {"route": "D80", "pr": "76", "abs": 76000, "label": "D80 PR76+76000"}}, {"type": "Feature", "geometry": {"type": "Point", "coordinates": [9.33788517, 42.81150364]}, "properties": {"route": "D80", "pr": "82", "abs": 82000, "label": "D80 PR82+82000"}}, {"type": "Feature", "geometry": {"type": "Point", "coordinates": [9.34566707, 42.86961959]}, "properties": {"route": "D80", "pr": "71", "abs": 71000, "label": "D80 PR71+71000"}}, {"type": "Feature", "geometry": {"type": "Point", "coordinates": [9.09785138, 42.64657036]}, "properties": {"route": "D81", "pr": "188", "abs": 188400, "label": "D81 PR188+188400"}}, {"type": "Feature", "geometry": {"type": "Point", "coordinates": [9.12478476, 42.66027558]}, "properties": {"route": "D81", "pr": "193", "abs": 193000, "label": "D81 PR193+193000"}}, {"type": "Feature", "geometry": {"type": "Point", "coordinates": [9.13448718, 42.66231391]}, "properties": {"route": "D81", "pr": "194", "abs": 194000, "label": "D81 PR194+194000"}}, {"type": "Feature", "geometry": {"type": "Point", "coordinates": [9.10721198, 42.65055212]}, "properties": {"route": "D81", "pr": "190", "abs": 190000, "label": "D81 PR190+190000"}}, {"type": "Feature", "geometry": {"type": "Point", "coordinates": [9.15381442, 42.6654736]}, "properties": {"route": "D81", "pr": "196", "abs": 196000, "label": "D81 PR196+196000"}}, {"type": "Feature", "geometry": {"type": "Point", "coordinates": [9.11170959, 42.65277006]}, "properties": {"route": "D81", "pr": "191", "abs": 191000, "label": "D81 PR191+191000"}}, {"type": "Feature", "geometry": {"type": "Point", "coordinates": [9.14408988, 42.66676676]}, "properties": {"route": "D81", "pr": "195", "abs": 195000, "label": "D81 PR195+195000"}}, {"type": "Feature", "geometry": {"type": "Point", "coordinates": [9.11568497, 42.65837232]}, "properties": {"route": "D81", "pr": "192", "abs": 192000, "label": "D81 PR192+192000"}}, {"type": "Feature", "geometry": {"type": "Point", "coordinates": [9.10152087, 42.64680434]}, "properties": {"route": "D81", "pr": "189", "abs": 189000, "label": "D81 PR189+189000"}}, {"type": "Feature", "geometry": {"type": "Point", "coordinates": [9.17392249, 42.57942922]}, "properties": {"route": "D108", "pr": "0", "abs": 0, "label": "D108 PR0"}}, {"type": "Feature", "geometry": {"type": "Point", "coordinates": [9.16858634, 42.57580915]}, "properties": {"route": "D108", "pr": "2", "abs": 2000, "label": "D108 PR2+2000"}}, {"type": "Feature", "geometry": {"type": "Point", "coordinates": [9.17160069, 42.57530919]}, "properties": {"route": "D108", "pr": "1", "abs": 1000, "label": "D108 PR1+1000"}}, {"type": "Feature", "geometry": {"type": "Point", "coordinates": [9.15249428, 42.57639537]}, "properties": {"route": "D108", "pr": "4", "abs": 4000, "label": "D108 PR4+4000"}}, {"type": "Feature", "geometry": {"type": "Point", "coordinates": [9.16227544, 42.57712992]}, "properties": {"route": "D108", "pr": "3", "abs": 3000, "label": "D108 PR3+3000"}}, {"type": "Feature", "geometry": {"type": "Point", "coordinates": [8.87361234, 42.53640999]}, "properties": {"route": "D451", "pr": "0", "abs": 0, "label": "D451 PR0"}}, {"type": "Feature", "geometry": {"type": "Point", "coordinates": [8.82616234, 42.54178177]}, "properties": {"route": "D451", "pr": "6", "abs": 6000, "label": "D451 PR6+6000"}}, {"type": "Feature", "geometry": {"type": "Point", "coordinates": [8.86124143, 42.53769413]}, "properties": {"route": "D451", "pr": "2", "abs": 2000, "label": "D451 PR2+2000"}}, {"type": "Feature", "geometry": {"type": "Point", "coordinates": [8.81541315, 42.54581127]}, "properties": {"route": "D451", "pr": "7", "abs": 7000, "label": "D451 PR7+7000"}}, {"type": "Feature", "geometry": {"type": "Point", "coordinates": [8.85207108, 42.53663496]}, "properties": {"route": "D451", "pr": "3", "abs": 3000, "label": "D451 PR3+3000"}}, {"type": "Feature", "geometry": {"type": "Point", "coordinates": [8.84210715, 42.5403988]}, "properties": {"route": "D451", "pr": "4", "abs": 4000, "label": "D451 PR4+4000"}}, {"type": "Feature", "geometry": {"type": "Point", "coordinates": [8.83675087, 42.53952131]}, "properties": {"route": "D451", "pr": "5", "abs": 5000, "label": "D451 PR5+5000"}}, {"type": "Feature", "geometry": {"type": "Point", "coordinates": [8.80528404, 42.54938489]}, "properties": {"route": "D451", "pr": "8", "abs": 8000, "label": "D451 PR8+8000"}}, {"type": "Feature", "geometry": {"type": "Point", "coordinates": [8.86885061, 42.53853471]}, "properties": {"route": "D451", "pr": "1", "abs": 1000, "label": "D451 PR1+1000"}}, {"type": "Feature", "geometry": {"type": "Point", "coordinates": [9.32011848, 42.83791581]}, "properties": {"route": "D33BIS", "pr": "0", "abs": 0, "label": "D33BIS PR0"}}, {"type": "Feature", "geometry": {"type": "Point", "coordinates": [9.32356312, 42.84402087]}, "properties": {"route": "D33BIS", "pr": "1", "abs": 1000, "label": "D33BIS PR1+1000"}}, {"type": "Feature", "geometry": {"type": "Point", "coordinates": [8.97709609, 42.56092373]}, "properties": {"route": "D63A", "pr": "0", "abs": 0, "label": "D63A PR0"}}, {"type": "Feature", "geometry": {"type": "Point", "coordinates": [9.17378115, 42.24633429]}, "properties": {"route": "D40", "pr": "0", "abs": 0, "label": "D40 PR0"}}, {"type": "Feature", "geometry": {"type": "Point", "coordinates": [9.20978067, 42.27336952]}, "properties": {"route": "D40", "pr": "6", "abs": 6000, "label": "D40 PR6+6000"}}, {"type": "Feature", "geometry": {"type": "Point", "coordinates": [9.19585551, 42.26857814]}, "properties": {"route": "D40", "pr": "4", "abs": 4000, "label": "D40 PR4+4000"}}, {"type": "Feature", "geometry": {"type": "Point", "coordinates": [9.18257411, 42.25117581]}, "properties": {"route": "D40", "pr": "1", "abs": 1000, "label": "D40 PR1+1000"}}, {"type": "Feature", "geometry": {"type": "Point", "coordinates": [9.18513418, 42.25675623]}, "properties": {"route": "D40", "pr": "2", "abs": 2000, "label": "D40 PR2+2000"}}, {"type": "Feature", "geometry": {"type": "Point", "coordinates": [9.19907832, 42.26997921]}, "properties": {"route": "D40", "pr": "5", "abs": 5000, "label": "D40 PR5+5000"}}, {"type": "Feature", "geometry": {"type": "Point", "coordinates": [9.19084228, 42.26283631]}, "properties": {"route": "D40", "pr": "3", "abs": 3000, "label": "D40 PR3+3000"}}, {"type": "Feature", "geometry": {"type": "Point", "coordinates": [8.64412316, 42.4154735]}, "properties": {"route": "D351", "pr": "0", "abs": 0, "label": "D351 PR0"}}, {"type": "Feature", "geometry": {"type": "Point", "coordinates": [8.65027349, 42.41316268]}, "properties": {"route": "D351", "pr": "1", "abs": 1000, "label": "D351 PR1+1000"}}, {"type": "Feature", "geometry": {"type": "Point", "coordinates": [8.77854084, 42.37451668]}, "properties": {"route": "D351", "pr": "13", "abs": 13000, "label": "D351 PR13+13000"}}, {"type": "Feature", "geometry": {"type": "Point", "coordinates": [8.74254694, 42.3867489]}, "properties": {"route": "D351", "pr": "9", "abs": 9000, "label": "D351 PR9+9000"}}, {"type": "Feature", "geometry": {"type": "Point", "coordinates": [8.72117853, 42.39207872]}, "properties": {"route": "D351", "pr": "7", "abs": 7000, "label": "D351 PR7+7000"}}, {"type": "Feature", "geometry": {"type": "Point", "coordinates": [8.76945354, 42.37597547]}, "properties": {"route": "D351", "pr": "12", "abs": 12000, "label": "D351 PR12+12000"}}, {"type": "Feature", "geometry": {"type": "Point", "coordinates": [8.71243683, 42.39744573]}, "properties": {"route": "D351", "pr": "6", "abs": 6000, "label": "D351 PR6+6000"}}, {"type": "Feature", "geometry": {"type": "Point", "coordinates": [8.66930903, 42.41413606]}, "properties": {"route": "D351", "pr": "3", "abs": 3000, "label": "D351 PR3+3000"}}, {"type": "Feature", "geometry": {"type": "Point", "coordinates": [8.75212585, 42.38292729]}, "properties": {"route": "D351", "pr": "10", "abs": 10000, "label": "D351 PR10+10000"}}, {"type": "Feature", "geometry": {"type": "Point", "coordinates": [8.70111552, 42.40019355]}, "properties": {"route": "D351", "pr": "5", "abs": 5000, "label": "D351 PR5+5000"}}, {"type": "Feature", "geometry": {"type": "Point", "coordinates": [8.66009404, 42.41714551]}, "properties": {"route": "D351", "pr": "2", "abs": 2000, "label": "D351 PR2+2000"}}, {"type": "Feature", "geometry": {"type": "Point", "coordinates": [8.75849016, 42.37912212]}, "properties": {"route": "D351", "pr": "11", "abs": 11000, "label": "D351 PR11+11000"}}, {"type": "Feature", "geometry": {"type": "Point", "coordinates": [8.73046788, 42.38717978]}, "properties": {"route": "D351", "pr": "8", "abs": 8000, "label": "D351 PR8+8000"}}, {"type": "Feature", "geometry": {"type": "Point", "coordinates": [8.67745322, 42.41125413]}, "properties": {"route": "D351", "pr": "4", "abs": 4000, "label": "D351 PR4+4000"}}, {"type": "Feature", "geometry": {"type": "Point", "coordinates": [9.51854379, 42.44576652]}, "properties": {"route": "D506B", "pr": "0", "abs": 0, "label": "D506B PR0"}}, {"type": "Feature", "geometry": {"type": "Point", "coordinates": [9.50477205, 42.46012515]}, "properties": {"route": "D506B", "pr": "2", "abs": 2000, "label": "D506B PR2+2000"}}, {"type": "Feature", "geometry": {"type": "Point", "coordinates": [9.51332551, 42.45382938]}, "properties": {"route": "D506B", "pr": "1", "abs": 1000, "label": "D506B PR1+1000"}}, {"type": "Feature", "geometry": {"type": "Point", "coordinates": [9.3518437, 42.29272941]}, "properties": {"route": "D316", "pr": "2", "abs": 2000, "label": "D316 PR2+2000"}}, {"type": "Feature", "geometry": {"type": "Point", "coordinates": [9.34339822, 42.28735046]}, "properties": {"route": "D316", "pr": "3", "abs": 3000, "label": "D316 PR3+3000"}}, {"type": "Feature", "geometry": {"type": "Point", "coordinates": [9.36730929, 42.39372928]}, "properties": {"route": "D346", "pr": "0", "abs": 0, "label": "D346 PR0"}}, {"type": "Feature", "geometry": {"type": "Point", "coordinates": [9.37072217, 42.39726891]}, "properties": {"route": "D346", "pr": "1", "abs": 1000, "label": "D346 PR1+1000"}}, {"type": "Feature", "geometry": {"type": "Point", "coordinates": [9.46106457, 42.20944622]}, "properties": {"route": "D116", "pr": "0", "abs": 0, "label": "D116 PR0"}}, {"type": "Feature", "geometry": {"type": "Point", "coordinates": [9.39904623, 42.2426598]}, "properties": {"route": "D116", "pr": "10", "abs": 10000, "label": "D116 PR10+10000"}}, {"type": "Feature", "geometry": {"type": "Point", "coordinates": [9.36756288, 42.25389851]}, "properties": {"route": "D116", "pr": "14", "abs": 14000, "label": "D116 PR14+14000"}}, {"type": "Feature", "geometry": {"type": "Point", "coordinates": [9.44307111, 42.21898481]}, "properties": {"route": "D116", "pr": "2", "abs": 2000, "label": "D116 PR2+2000"}}, {"type": "Feature", "geometry": {"type": "Point", "coordinates": [9.34781429, 42.27020153]}, "properties": {"route": "D116", "pr": "18", "abs": 18000, "label": "D116 PR18+18000"}}, {"type": "Feature", "geometry": {"type": "Point", "coordinates": [9.35283241, 42.25859029]}, "properties": {"route": "D116", "pr": "16", "abs": 16000, "label": "D116 PR16+16000"}}, {"type": "Feature", "geometry": {"type": "Point", "coordinates": [9.41167953, 42.23094792]}, "properties": {"route": "D116", "pr": "8", "abs": 8000, "label": "D116 PR8+8000"}}, {"type": "Feature", "geometry": {"type": "Point", "coordinates": [9.35966211, 42.25674743]}, "properties": {"route": "D116", "pr": "15", "abs": 15000, "label": "D116 PR15+15000"}}, {"type": "Feature", "geometry": {"type": "Point", "coordinates": [9.34742917, 42.27219101]}, "properties": {"route": "D116", "pr": "19", "abs": 19000, "label": "D116 PR19+19000"}}, {"type": "Feature", "geometry": {"type": "Point", "coordinates": [9.37356606, 42.2539139]}, "properties": {"route": "D116", "pr": "13", "abs": 13000, "label": "D116 PR13+13000"}}, {"type": "Feature", "geometry": {"type": "Point", "coordinates": [9.42622425, 42.22033934]}, "properties": {"route": "D116", "pr": "5", "abs": 5000, "label": "D116 PR5+5000"}}, {"type": "Feature", "geometry": {"type": "Point", "coordinates": [9.34293854, 42.27522577]}, "properties": {"route": "D116", "pr": "20", "abs": 20000, "label": "D116 PR20+20000"}}, {"type": "Feature", "geometry": {"type": "Point", "coordinates": [9.39243688, 42.24945289]}, "properties": {"route": "D116", "pr": "11", "abs": 11000, "label": "D116 PR11+11000"}}, {"type": "Feature", "geometry": {"type": "Point", "coordinates": [9.4160135, 42.22352125]}, "properties": {"route": "D116", "pr": "6", "abs": 6000, "label": "D116 PR6+6000"}}, {"type": "Feature", "geometry": {"type": "Point", "coordinates": [9.4061423, 42.23676915]}, "properties": {"route": "D116", "pr": "9", "abs": 9000, "label": "D116 PR9+9000"}}, {"type": "Feature", "geometry": {"type": "Point", "coordinates": [9.45086761, 42.21398874]}, "properties": {"route": "D116", "pr": "1", "abs": 1000, "label": "D116 PR1+1000"}}, {"type": "Feature", "geometry": {"type": "Point", "coordinates": [9.43463325, 42.21964616]}, "properties": {"route": "D116", "pr": "4", "abs": 4000, "label": "D116 PR4+4000"}}, {"type": "Feature", "geometry": {"type": "Point", "coordinates": [9.38316817, 42.25295322]}, "properties": {"route": "D116", "pr": "12", "abs": 12000, "label": "D116 PR12+12000"}}, {"type": "Feature", "geometry": {"type": "Point", "coordinates": [9.43627894, 42.21662939]}, "properties": {"route": "D116", "pr": "3", "abs": 3000, "label": "D116 PR3+3000"}}, {"type": "Feature", "geometry": {"type": "Point", "coordinates": [9.41005949, 42.22815161]}, "properties": {"route": "D116", "pr": "7", "abs": 7000, "label": "D116 PR7+7000"}}, {"type": "Feature", "geometry": {"type": "Point", "coordinates": [9.35125776, 42.26468216]}, "properties": {"route": "D116", "pr": "17", "abs": 17000, "label": "D116 PR17+17000"}}, {"type": "Feature", "geometry": {"type": "Point", "coordinates": [9.39105837, 42.46876796]}, "properties": {"route": "D10A", "pr": "0", "abs": 0, "label": "D10A PR0"}}, {"type": "Feature", "geometry": {"type": "Point", "coordinates": [8.92196584, 42.62702093]}, "properties": {"route": "D151", "pr": "0", "abs": 0, "label": "D151 PR0"}}, {"type": "Feature", "geometry": {"type": "Point", "coordinates": [8.86556016, 42.51061004]}, "properties": {"route": "D151", "pr": "28", "abs": 28000, "label": "D151 PR28+28000"}}, {"type": "Feature", "geometry": {"type": "Point", "coordinates": [8.9084161, 42.61262036]}, "properties": {"route": "D151", "pr": "4", "abs": 4000, "label": "D151 PR4+4000"}}, {"type": "Feature", "geometry": {"type": "Point", "coordinates": [8.8986968, 42.5318072]}, "properties": {"route": "D151", "pr": "22", "abs": 22000, "label": "D151 PR22+22000"}}, {"type": "Feature", "geometry": {"type": "Point", "coordinates": [8.83726178, 42.52843473]}, "properties": {"route": "D151", "pr": "32", "abs": 32000, "label": "D151 PR32+32000"}}, {"type": "Feature", "geometry": {"type": "Point", "coordinates": [8.89618685, 42.59587653]}, "properties": {"route": "D151", "pr": "7", "abs": 7000, "label": "D151 PR7+7000"}}, {"type": "Feature", "geometry": {"type": "Point", "coordinates": [8.91702478, 42.62232374]}, "properties": {"route": "D151", "pr": "1", "abs": 1000, "label": "D151 PR1+1000"}}, {"type": "Feature", "geometry": {"type": "Point", "coordinates": [8.84949568, 42.51408127]}, "properties": {"route": "D151", "pr": "30", "abs": 30000, "label": "D151 PR30+30000"}}, {"type": "Feature", "geometry": {"type": "Point", "coordinates": [8.8769974, 42.5426733]}, "properties": {"route": "D151", "pr": "19", "abs": 19000, "label": "D151 PR19+19000"}}, {"type": "Feature", "geometry": {"type": "Point", "coordinates": [8.79422924, 42.55375147]}, "properties": {"route": "D151", "pr": "37", "abs": 37000, "label": "D151 PR37+37000"}}, {"type": "Feature", "geometry": {"type": "Point", "coordinates": [8.85451544, 42.50795087]}, "properties": {"route": "D151", "pr": "29", "abs": 29000, "label": "D151 PR29+29000"}}, {"type": "Feature", "geometry": {"type": "Point", "coordinates": [8.86628493, 42.556111]}, "properties": {"route": "D151", "pr": "15", "abs": 15000, "label": "D151 PR15+15000"}}, {"type": "Feature", "geometry": {"type": "Point", "coordinates": [8.88750237, 42.5405277]}, "properties": {"route": "D151", "pr": "20", "abs": 20000, "label": "D151 PR20+20000"}}, {"type": "Feature", "geometry": {"type": "Point", "coordinates": [8.89204706, 42.58868037]}, "properties": {"route": "D151", "pr": "8", "abs": 8000, "label": "D151 PR8+8000"}}, {"type": "Feature", "geometry": {"type": "Point", "coordinates": [8.8837472, 42.56772886]}, "properties": {"route": "D151", "pr": "12", "abs": 12000, "label": "D151 PR12+12000"}}, {"type": "Feature", "geometry": {"type": "Point", "coordinates": [8.90562513, 42.62140811]}, "properties": {"route": "D151", "pr": "2", "abs": 2000, "label": "D151 PR2+2000"}}, {"type": "Feature", "geometry": {"type": "Point", "coordinates": [8.89333119, 42.53691699]}, "properties": {"route": "D151", "pr": "21", "abs": 21000, "label": "D151 PR21+21000"}}, {"type": "Feature", "geometry": {"type": "Point", "coordinates": [8.8970988, 42.58251881]}, "properties": {"route": "D151", "pr": "9", "abs": 9000, "label": "D151 PR9+9000"}}, {"type": "Feature", "geometry": {"type": "Point", "coordinates": [8.79760595, 42.54515604]}, "properties": {"route": "D151", "pr": "36", "abs": 36000, "label": "D151 PR36+36000"}}, {"type": "Feature", "geometry": {"type": "Point", "coordinates": [8.88378211, 42.52387771]}, "properties": {"route": "D151", "pr": "25", "abs": 25000, "label": "D151 PR25+25000"}}, {"type": "Feature", "geometry": {"type": "Point", "coordinates": [8.89479318, 42.52619435]}, "properties": {"route": "D151", "pr": "24", "abs": 24000, "label": "D151 PR24+24000"}}, {"type": "Feature", "geometry": {"type": "Point", "coordinates": [8.90305505, 42.52618229]}, "properties": {"route": "D151", "pr": "23", "abs": 23000, "label": "D151 PR23+23000"}}, {"type": "Feature", "geometry": {"type": "Point", "coordinates": [8.84585541, 42.52242263]}, "properties": {"route": "D151", "pr": "31", "abs": 31000, "label": "D151 PR31+31000"}}, {"type": "Feature", "geometry": {"type": "Point", "coordinates": [8.90618295, 42.5982364]}, "properties": {"route": "D151", "pr": "6", "abs": 6000, "label": "D151 PR6+6000"}}, {"type": "Feature", "geometry": {"type": "Point", "coordinates": [8.86544885, 42.51931492]}, "properties": {"route": "D151", "pr": "27", "abs": 27000, "label": "D151 PR27+27000"}}, {"type": "Feature", "geometry": {"type": "Point", "coordinates": [8.81467874, 42.53496777]}, "properties": {"route": "D151", "pr": "34", "abs": 34000, "label": "D151 PR34+34000"}}, {"type": "Feature", "geometry": {"type": "Point", "coordinates": [8.87305121, 42.5368655]}, "properties": {"route": "D151", "pr": "18", "abs": 18000, "label": "D151 PR18+18000"}}, {"type": "Feature", "geometry": {"type": "Point", "coordinates": [8.91003783, 42.60483765]}, "properties": {"route": "D151", "pr": "5", "abs": 5000, "label": "D151 PR5+5000"}}, {"type": "Feature", "geometry": {"type": "Point", "coordinates": [8.8741564, 42.52239588]}, "properties": {"route": "D151", "pr": "26", "abs": 26000, "label": "D151 PR26+26000"}}, {"type": "Feature", "geometry": {"type": "Point", "coordinates": [8.8033673, 42.53808206]}, "properties": {"route": "D151", "pr": "35", "abs": 35000, "label": "D151 PR35+35000"}}, {"type": "Feature", "geometry": {"type": "Point", "coordinates": [8.87364046, 42.56545453]}, "properties": {"route": "D151", "pr": "13", "abs": 13000, "label": "D151 PR13+13000"}}, {"type": "Feature", "geometry": {"type": "Point", "coordinates": [8.89426132, 42.56862031]}, "properties": {"route": "D151", "pr": "11", "abs": 11000, "label": "D151 PR11+11000"}}, {"type": "Feature", "geometry": {"type": "Point", "coordinates": [8.8657862, 42.54900069]}, "properties": {"route": "D151", "pr": "16", "abs": 16000, "label": "D151 PR16+16000"}}, {"type": "Feature", "geometry": {"type": "Point", "coordinates": [8.87141388, 42.54443778]}, "properties": {"route": "D151", "pr": "17", "abs": 17000, "label": "D151 PR17+17000"}}, {"type": "Feature", "geometry": {"type": "Point", "coordinates": [8.89980033, 42.57522672]}, "properties": {"route": "D151", "pr": "10", "abs": 10000, "label": "D151 PR10+10000"}}, {"type": "Feature", "geometry": {"type": "Point", "coordinates": [8.8675301, 42.56188939]}, "properties": {"route": "D151", "pr": "14", "abs": 14000, "label": "D151 PR14+14000"}}, {"type": "Feature", "geometry": {"type": "Point", "coordinates": [8.9005976, 42.61412944]}, "properties": {"route": "D151", "pr": "3", "abs": 3000, "label": "D151 PR3+3000"}}, {"type": "Feature", "geometry": {"type": "Point", "coordinates": [8.82609882, 42.53191479]}, "properties": {"route": "D151", "pr": "33", "abs": 33000, "label": "D151 PR33+33000"}}, {"type": "Feature", "geometry": {"type": "Point", "coordinates": [9.01108717, 42.53503866]}, "properties": {"route": "D963", "pr": "25", "abs": 25000, "label": "D963 PR25+25000"}}, {"type": "Feature", "geometry": {"type": "Point", "coordinates": [9.03806675, 42.53638219]}, "properties": {"route": "D963", "pr": "21", "abs": 21000, "label": "D963 PR21+21000"}}, {"type": "Feature", "geometry": {"type": "Point", "coordinates": [9.05724901, 42.55063905]}, "properties": {"route": "D963", "pr": "16", "abs": 16000, "label": "D963 PR16+16000"}}, {"type": "Feature", "geometry": {"type": "Point", "coordinates": [9.00519699, 42.53476941]}, "properties": {"route": "D963", "pr": "26", "abs": 26000, "label": "D963 PR26+26000"}}, {"type": "Feature", "geometry": {"type": "Point", "coordinates": [8.99318443, 42.52541414]}, "properties": {"route": "D963", "pr": "31", "abs": 31000, "label": "D963 PR31+31000"}}, {"type": "Feature", "geometry": {"type": "Point", "coordinates": [8.99959449, 42.53351627]}, "properties": {"route": "D963", "pr": "28", "abs": 28000, "label": "D963 PR28+28000"}}, {"type": "Feature", "geometry": {"type": "Point", "coordinates": [8.99608647, 42.52938356]}, "properties": {"route": "D963", "pr": "29", "abs": 29000, "label": "D963 PR29+29000"}}, {"type": "Feature", "geometry": {"type": "Point", "coordinates": [9.04745714, 42.55910045]}, "properties": {"route": "D963", "pr": "14", "abs": 14000, "label": "D963 PR14+14000"}}, {"type": "Feature", "geometry": {"type": "Point", "coordinates": [9.03844585, 42.54182979]}, "properties": {"route": "D963", "pr": "20", "abs": 20000, "label": "D963 PR20+20000"}}, {"type": "Feature", "geometry": {"type": "Point", "coordinates": [9.02477988, 42.53049949]}, "properties": {"route": "D963", "pr": "23", "abs": 23000, "label": "D963 PR23+23000"}}, {"type": "Feature", "geometry": {"type": "Point", "coordinates": [9.0417417, 42.56647069]}, "properties": {"route": "D963", "pr": "12", "abs": 12000, "label": "D963 PR12+12000"}}, {"type": "Feature", "geometry": {"type": "Point", "coordinates": [9.02957071, 42.5330234]}, "properties": {"route": "D963", "pr": "22", "abs": 22000, "label": "D963 PR22+22000"}}, {"type": "Feature", "geometry": {"type": "Point", "coordinates": [8.98691063, 42.52962274]}, "properties": {"route": "D963", "pr": "30", "abs": 30000, "label": "D963 PR30+30000"}}, {"type": "Feature", "geometry": {"type": "Point", "coordinates": [9.01588654, 42.52932144]}, "properties": {"route": "D963", "pr": "24", "abs": 24000, "label": "D963 PR24+24000"}}, {"type": "Feature", "geometry": {"type": "Point", "coordinates": [9.05018693, 42.58004378]}, "properties": {"route": "D963", "pr": "10", "abs": 10000, "label": "D963 PR10+10000"}}, {"type": "Feature", "geometry": {"type": "Point", "coordinates": [9.04196655, 42.56279376]}, "properties": {"route": "D963", "pr": "13", "abs": 13000, "label": "D963 PR13+13000"}}, {"type": "Feature", "geometry": {"type": "Point", "coordinates": [9.0020095, 42.52325401]}, "properties": {"route": "D963", "pr": "32", "abs": 32000, "label": "D963 PR32+32000"}}, {"type": "Feature", "geometry": {"type": "Point", "coordinates": [9.04468797, 42.5723419]}, "properties": {"route": "D963", "pr": "11", "abs": 11000, "label": "D963 PR11+11000"}}, {"type": "Feature", "geometry": {"type": "Point", "coordinates": [9.00113767, 42.53947073]}, "properties": {"route": "D963", "pr": "27", "abs": 27000, "label": "D963 PR27+27000"}}, {"type": "Feature", "geometry": {"type": "Point", "coordinates": [9.04664374, 42.54020552]}, "properties": {"route": "D963", "pr": "19", "abs": 19000, "label": "D963 PR19+19000"}}, {"type": "Feature", "geometry": {"type": "Point", "coordinates": [9.05523573, 42.54329346]}, "properties": {"route": "D963", "pr": "18", "abs": 18000, "label": "D963 PR18+18000"}}, {"type": "Feature", "geometry": {"type": "Point", "coordinates": [9.05417519, 42.55590065]}, "properties": {"route": "D963", "pr": "15", "abs": 15000, "label": "D963 PR15+15000"}}, {"type": "Feature", "geometry": {"type": "Point", "coordinates": [9.06363131, 42.54548041]}, "properties": {"route": "D963", "pr": "17", "abs": 17000, "label": "D963 PR17+17000"}}, {"type": "Feature", "geometry": {"type": "Point", "coordinates": [9.43723768, 42.62873852]}, "properties": {"route": "D664", "pr": "0", "abs": 0, "label": "D664 PR0"}}, {"type": "Feature", "geometry": {"type": "Point", "coordinates": [9.42749455, 42.62839411]}, "properties": {"route": "D664", "pr": "1", "abs": 1000, "label": "D664 PR1+1000"}}, {"type": "Feature", "geometry": {"type": "Point", "coordinates": [9.42162797, 42.62568591]}, "properties": {"route": "D664", "pr": "2", "abs": 2000, "label": "D664 PR2+2000"}}, {"type": "Feature", "geometry": {"type": "Point", "coordinates": [9.47844155, 42.44621408]}, "properties": {"route": "D6", "pr": "0", "abs": 0, "label": "D6 PR0"}}, {"type": "Feature", "geometry": {"type": "Point", "coordinates": [9.43016557, 42.47554649]}, "properties": {"route": "D6", "pr": "15", "abs": 15000, "label": "D6 PR15+15000"}}, {"type": "Feature", "geometry": {"type": "Point", "coordinates": [9.45800193, 42.47607075]}, "properties": {"route": "D6", "pr": "7", "abs": 7000, "label": "D6 PR7+7000"}}, {"type": "Feature", "geometry": {"type": "Point", "coordinates": [9.4273731, 42.4636723]}, "properties": {"route": "D6", "pr": "17", "abs": 17000, "label": "D6 PR17+17000"}}, {"type": "Feature", "geometry": {"type": "Point", "coordinates": [9.4284216, 42.48085847]}, "properties": {"route": "D6", "pr": "13", "abs": 13000, "label": "D6 PR13+13000"}}, {"type": "Feature", "geometry": {"type": "Point", "coordinates": [9.43925203, 42.47553647]}, "properties": {"route": "D6", "pr": "10", "abs": 10000, "label": "D6 PR10+10000"}}, {"type": "Feature", "geometry": {"type": "Point", "coordinates": [9.45558106, 42.47108482]}, "properties": {"route": "D6", "pr": "6", "abs": 6000, "label": "D6 PR6+6000"}}, {"type": "Feature", "geometry": {"type": "Point", "coordinates": [9.4725954, 42.46315704]}, "properties": {"route": "D6", "pr": "3", "abs": 3000, "label": "D6 PR3+3000"}}, {"type": "Feature", "geometry": {"type": "Point", "coordinates": [9.47155618, 42.46736097]}, "properties": {"route": "D6", "pr": "4", "abs": 4000, "label": "D6 PR4+4000"}}, {"type": "Feature", "geometry": {"type": "Point", "coordinates": [9.46388009, 42.47161377]}, "properties": {"route": "D6", "pr": "5", "abs": 5000, "label": "D6 PR5+5000"}}, {"type": "Feature", "geometry": {"type": "Point", "coordinates": [9.42001455, 42.44961451]}, "properties": {"route": "D6", "pr": "19", "abs": 19000, "label": "D6 PR19+19000"}}, {"type": "Feature", "geometry": {"type": "Point", "coordinates": [9.43791143, 42.48073135]}, "properties": {"route": "D6", "pr": "11", "abs": 11000, "label": "D6 PR11+11000"}}, {"type": "Feature", "geometry": {"type": "Point", "coordinates": [9.48170629, 42.45093787]}, "properties": {"route": "D6", "pr": "1", "abs": 1000, "label": "D6 PR1+1000"}}, {"type": "Feature", "geometry": {"type": "Point", "coordinates": [9.43596282, 42.48154546]}, "properties": {"route": "D6", "pr": "12", "abs": 12000, "label": "D6 PR12+12000"}}, {"type": "Feature", "geometry": {"type": "Point", "coordinates": [9.42746766, 42.47083205]}, "properties": {"route": "D6", "pr": "16", "abs": 16000, "label": "D6 PR16+16000"}}, {"type": "Feature", "geometry": {"type": "Point", "coordinates": [9.4236752, 42.45678253]}, "properties": {"route": "D6", "pr": "18", "abs": 18000, "label": "D6 PR18+18000"}}, {"type": "Feature", "geometry": {"type": "Point", "coordinates": [9.44249065, 42.47472267]}, "properties": {"route": "D6", "pr": "9", "abs": 9000, "label": "D6 PR9+9000"}}, {"type": "Feature", "geometry": {"type": "Point", "coordinates": [9.42489868, 42.48271262]}, "properties": {"route": "D6", "pr": "14", "abs": 14000, "label": "D6 PR14+14000"}}, {"type": "Feature", "geometry": {"type": "Point", "coordinates": [9.44974206, 42.47804895]}, "properties": {"route": "D6", "pr": "8", "abs": 8000, "label": "D6 PR8+8000"}}, {"type": "Feature", "geometry": {"type": "Point", "coordinates": [9.48012721, 42.45680905]}, "properties": {"route": "D6", "pr": "2", "abs": 2000, "label": "D6 PR2+2000"}}, {"type": "Feature", "geometry": {"type": "Point", "coordinates": [8.91982537, 42.57699011]}, "properties": {"route": "D613", "pr": "0", "abs": 0, "label": "D613 PR0"}}, {"type": "Feature", "geometry": {"type": "Point", "coordinates": [8.7933422, 42.48888302]}, "properties": {"route": "D81", "pr": "140", "abs": 140000, "label": "D81 PR140+140000"}}, {"type": "Feature", "geometry": {"type": "Point", "coordinates": [8.78356201, 42.48397236]}, "properties": {"route": "D81", "pr": "139", "abs": 139000, "label": "D81 PR139+139000"}}, {"type": "Feature", "geometry": {"type": "Point", "coordinates": [8.79002273, 42.53881503]}, "properties": {"route": "D81", "pr": "146", "abs": 146000, "label": "D81 PR146+146000"}}, {"type": "Feature", "geometry": {"type": "Point", "coordinates": [8.7550508, 42.46494127]}, "properties": {"route": "D81", "pr": "134", "abs": 134000, "label": "D81 PR134+134000"}}, {"type": "Feature", "geometry": {"type": "Point", "coordinates": [8.79143363, 42.51288792]}, "properties": {"route": "D81", "pr": "143", "abs": 143000, "label": "D81 PR143+143000"}}, {"type": "Feature", "geometry": {"type": "Point", "coordinates": [8.73304514, 42.42868964]}, "properties": {"route": "D81", "pr": "129", "abs": 129000, "label": "D81 PR129+129000"}}, {"type": "Feature", "geometry": {"type": "Point", "coordinates": [8.66533242, 42.36609078]}, "properties": {"route": "D81", "pr": "112", "abs": 112000, "label": "D81 PR112+112000"}}, {"type": "Feature", "geometry": {"type": "Point", "coordinates": [8.69256192, 42.39087402]}, "properties": {"route": "D81", "pr": "120", "abs": 120000, "label": "D81 PR120+120000"}}, {"type": "Feature", "geometry": {"type": "Point", "coordinates": [8.69666846, 42.41300697]}, "properties": {"route": "D81", "pr": "125", "abs": 125000, "label": "D81 PR125+125000"}}, {"type": "Feature", "geometry": {"type": "Point", "coordinates": [8.72559195, 42.42664684]}, "properties": {"route": "D81", "pr": "128", "abs": 128000, "label": "D81 PR128+128000"}}, {"type": "Feature", "geometry": {"type": "Point", "coordinates": [8.68046467, 42.38029527]}, "properties": {"route": "D81", "pr": "116", "abs": 116000, "label": "D81 PR116+116000"}}, {"type": "Feature", "geometry": {"type": "Point", "coordinates": [8.75401194, 42.47288732]}, "properties": {"route": "D81", "pr": "135", "abs": 135000, "label": "D81 PR135+135000"}}, {"type": "Feature", "geometry": {"type": "Point", "coordinates": [8.74775229, 42.4583083]}, "properties": {"route": "D81", "pr": "133", "abs": 133000, "label": "D81 PR133+133000"}}, {"type": "Feature", "geometry": {"type": "Point", "coordinates": [8.73734619, 42.43510987]}, "properties": {"route": "D81", "pr": "130", "abs": 130000, "label": "D81 PR130+130000"}}, {"type": "Feature", "geometry": {"type": "Point", "coordinates": [8.79487863, 42.49553518]}, "properties": {"route": "D81", "pr": "141", "abs": 141000, "label": "D81 PR141+141000"}}, {"type": "Feature", "geometry": {"type": "Point", "coordinates": [8.69601532, 42.38489639]}, "properties": {"route": "D81", "pr": "119", "abs": 119000, "label": "D81 PR119+119000"}}, {"type": "Feature", "geometry": {"type": "Point", "coordinates": [8.7686753, 42.47553596]}, "properties": {"route": "D81", "pr": "137", "abs": 137000, "label": "D81 PR137+137000"}}, {"type": "Feature", "geometry": {"type": "Point", "coordinates": [8.68369357, 42.3833263]}, "properties": {"route": "D81", "pr": "117", "abs": 117000, "label": "D81 PR117+117000"}}, {"type": "Feature", "geometry": {"type": "Point", "coordinates": [8.68548962, 42.41500638]}, "properties": {"route": "D81", "pr": "124", "abs": 124000, "label": "D81 PR124+124000"}}, {"type": "Feature", "geometry": {"type": "Point", "coordinates": [8.67161432, 42.36815278]}, "properties": {"route": "D81", "pr": "113", "abs": 113000, "label": "D81 PR113+113000"}}, {"type": "Feature", "geometry": {"type": "Point", "coordinates": [8.71787166, 42.42095086]}, "properties": {"route": "D81", "pr": "127", "abs": 127000, "label": "D81 PR127+127000"}}, {"type": "Feature", "geometry": {"type": "Point", "coordinates": [8.77420936, 42.48129733]}, "properties": {"route": "D81", "pr": "138", "abs": 138000, "label": "D81 PR138+138000"}}, {"type": "Feature", "geometry": {"type": "Point", "coordinates": [8.75779479, 42.4753074]}, "properties": {"route": "D81", "pr": "136", "abs": 136000, "label": "D81 PR136+136000"}}, {"type": "Feature", "geometry": {"type": "Point", "coordinates": [8.79044891, 42.52159634]}, "properties": {"route": "D81", "pr": "144", "abs": 144000, "label": "D81 PR144+144000"}}, {"type": "Feature", "geometry": {"type": "Point", "coordinates": [8.70775582, 42.41659961]}, "properties": {"route": "D81", "pr": "126", "abs": 126000, "label": "D81 PR126+126000"}}, {"type": "Feature", "geometry": {"type": "Point", "coordinates": [8.79044254, 42.53005966]}, "properties": {"route": "D81", "pr": "145", "abs": 145000, "label": "D81 PR145+145000"}}, {"type": "Feature", "geometry": {"type": "Point", "coordinates": [8.6582667, 42.36561737]}, "properties": {"route": "D81", "pr": "111", "abs": 111000, "label": "D81 PR111+111000"}}, {"type": "Feature", "geometry": {"type": "Point", "coordinates": [8.79112341, 42.50408411]}, "properties": {"route": "D81", "pr": "142", "abs": 142000, "label": "D81 PR142+142000"}}, {"type": "Feature", "geometry": {"type": "Point", "coordinates": [8.73841325, 42.44385033]}, "properties": {"route": "D81", "pr": "131", "abs": 131000, "label": "D81 PR131+131000"}}, {"type": "Feature", "geometry": {"type": "Point", "coordinates": [8.69338298, 42.40578865]}, "properties": {"route": "D81", "pr": "122", "abs": 122000, "label": "D81 PR122+122000"}}, {"type": "Feature", "geometry": {"type": "Point", "coordinates": [8.69748888, 42.39835213]}, "properties": {"route": "D81", "pr": "121", "abs": 121000, "label": "D81 PR121+121000"}}, {"type": "Feature", "geometry": {"type": "Point", "coordinates": [8.74403894, 42.45040724]}, "properties": {"route": "D81", "pr": "132", "abs": 132000, "label": "D81 PR132+132000"}}, {"type": "Feature", "geometry": {"type": "Point", "coordinates": [8.68390889, 42.4110103]}, "properties": {"route": "D81", "pr": "123", "abs": 123000, "label": "D81 PR123+123000"}}, {"type": "Feature", "geometry": {"type": "Point", "coordinates": [8.69126163, 42.38425158]}, "properties": {"route": "D81", "pr": "118", "abs": 118000, "label": "D81 PR118+118000"}}, {"type": "Feature", "geometry": {"type": "Point", "coordinates": [8.67153755, 42.37445038]}, "properties": {"route": "D81", "pr": "114", "abs": 114000, "label": "D81 PR114+114000"}}, {"type": "Feature", "geometry": {"type": "Point", "coordinates": [8.67822037, 42.37536065]}, "properties": {"route": "D81", "pr": "115", "abs": 115000, "label": "D81 PR115+115000"}}, {"type": "Feature", "geometry": {"type": "Point", "coordinates": [8.78592843, 42.54661169]}, "properties": {"route": "D81", "pr": "147", "abs": 147000, "label": "D81 PR147+147000"}}, {"type": "Feature", "geometry": {"type": "Point", "coordinates": [9.1641602, 42.35947178]}, "properties": {"route": "D18A", "pr": "2", "abs": 2000, "label": "D18A PR2+2000"}}, {"type": "Feature", "geometry": {"type": "Point", "coordinates": [9.17731473, 42.55462958]}, "properties": {"route": "D8", "pr": "10", "abs": 10000, "label": "D8 PR10+10000"}}, {"type": "Feature", "geometry": {"type": "Point", "coordinates": [9.16111147, 42.58354274]}, "properties": {"route": "D8", "pr": "6", "abs": 6000, "label": "D8 PR6+6000"}}, {"type": "Feature", "geometry": {"type": "Point", "coordinates": [9.1650717, 42.57630911]}, "properties": {"route": "D8", "pr": "7", "abs": 7000, "label": "D8 PR7+7000"}}, {"type": "Feature", "geometry": {"type": "Point", "coordinates": [9.17953228, 42.53518696]}, "properties": {"route": "D8", "pr": "13", "abs": 13000, "label": "D8 PR13+13000"}}, {"type": "Feature", "geometry": {"type": "Point", "coordinates": [9.17520647, 42.52889404]}, "properties": {"route": "D8", "pr": "14", "abs": 14000, "label": "D8 PR14+14000"}}, {"type": "Feature", "geometry": {"type": "Point", "coordinates": [9.16027218, 42.59135436]}, "properties": {"route": "D8", "pr": "5", "abs": 5000, "label": "D8 PR5+5000"}}, {"type": "Feature", "geometry": {"type": "Point", "coordinates": [9.17348759, 42.52256451]}, "properties": {"route": "D8", "pr": "15", "abs": 15000, "label": "D8 PR15+15000"}}, {"type": "Feature", "geometry": {"type": "Point", "coordinates": [9.1723808, 42.56144125]}, "properties": {"route": "D8", "pr": "9", "abs": 9000, "label": "D8 PR9+9000"}}, {"type": "Feature", "geometry": {"type": "Point", "coordinates": [9.16781526, 42.56910424]}, "properties": {"route": "D8", "pr": "8", "abs": 8000, "label": "D8 PR8+8000"}}, {"type": "Feature", "geometry": {"type": "Point", "coordinates": [9.18615266, 42.54178938]}, "properties": {"route": "D8", "pr": "12", "abs": 12000, "label": "D8 PR12+12000"}}, {"type": "Feature", "geometry": {"type": "Point", "coordinates": [9.18285533, 42.54698353]}, "properties": {"route": "D8", "pr": "11", "abs": 11000, "label": "D8 PR11+11000"}}, {"type": "Feature", "geometry": {"type": "Point", "coordinates": [8.97498683, 42.31863937]}, "properties": {"route": "D218", "pr": "0", "abs": 0, "label": "D218 PR0"}}, {"type": "Feature", "geometry": {"type": "Point", "coordinates": [9.00689994, 42.33359907]}, "properties": {"route": "D218", "pr": "7", "abs": 7000, "label": "D218 PR7+7000"}}, {"type": "Feature", "geometry": {"type": "Point", "coordinates": [9.01029569, 42.33956974]}, "properties": {"route": "D218", "pr": "8", "abs": 8000, "label": "D218 PR8+8000"}}, {"type": "Feature", "geometry": {"type": "Point", "coordinates": [9.00422551, 42.3200828]}, "properties": {"route": "D218", "pr": "3", "abs": 3000, "label": "D218 PR3+3000"}}, {"type": "Feature", "geometry": {"type": "Point", "coordinates": [9.00409847, 42.34145525]}, "properties": {"route": "D218", "pr": "9", "abs": 9000, "label": "D218 PR9+9000"}}, {"type": "Feature", "geometry": {"type": "Point", "coordinates": [9.01482483, 42.33086198]}, "properties": {"route": "D218", "pr": "6", "abs": 6000, "label": "D218 PR6+6000"}}, {"type": "Feature", "geometry": {"type": "Point", "coordinates": [9.00799479, 42.34713996]}, "properties": {"route": "D218", "pr": "10", "abs": 10000, "label": "D218 PR10+10000"}}, {"type": "Feature", "geometry": {"type": "Point", "coordinates": [8.98472098, 42.31797226]}, "properties": {"route": "D218", "pr": "1", "abs": 1000, "label": "D218 PR1+1000"}}, {"type": "Feature", "geometry": {"type": "Point", "coordinates": [9.0050781, 42.32810274]}, "properties": {"route": "D218", "pr": "5", "abs": 5000, "label": "D218 PR5+5000"}}, {"type": "Feature", "geometry": {"type": "Point", "coordinates": [8.99481729, 42.31684665]}, "properties": {"route": "D218", "pr": "2", "abs": 2000, "label": "D218 PR2+2000"}}, {"type": "Feature", "geometry": {"type": "Point", "coordinates": [8.99679914, 42.32328852]}, "properties": {"route": "D218", "pr": "4", "abs": 4000, "label": "D218 PR4+4000"}}, {"type": "Feature", "geometry": {"type": "Point", "coordinates": [9.0567199, 42.58307845]}, "properties": {"route": "D963", "pr": "9", "abs": 9000, "label": "D963 PR9+9000"}}, {"type": "Feature", "geometry": {"type": "Point", "coordinates": [9.20634431, 42.22411932]}, "properties": {"route": "D43", "pr": "0", "abs": 0, "label": "D43 PR0"}}, {"type": "Feature", "geometry": {"type": "Point", "coordinates": [9.39317822, 42.15512708]}, "properties": {"route": "D43", "pr": "28", "abs": 28000, "label": "D43 PR28+28000"}}, {"type": "Feature", "geometry": {"type": "Point", "coordinates": [9.21318217, 42.1916609]}, "properties": {"route": "D43", "pr": "6", "abs": 6000, "label": "D43 PR6+6000"}}, {"type": "Feature", "geometry": {"type": "Point", "coordinates": [9.24433845, 42.18348684]}, "properties": {"route": "D43", "pr": "10", "abs": 10000, "label": "D43 PR10+10000"}}, {"type": "Feature", "geometry": {"type": "Point", "coordinates": [9.25502441, 42.18467292]}, "properties": {"route": "D43", "pr": "11", "abs": 11000, "label": "D43 PR11+11000"}}, {"type": "Feature", "geometry": {"type": "Point", "coordinates": [9.43477439, 42.14614935]}, "properties": {"route": "D43", "pr": "33", "abs": 33000, "label": "D43 PR33+33000"}}, {"type": "Feature", "geometry": {"type": "Point", "coordinates": [9.30506579, 42.15750535]}, "properties": {"route": "D43", "pr": "17", "abs": 17000, "label": "D43 PR17+17000"}}, {"type": "Feature", "geometry": {"type": "Point", "coordinates": [9.44962172, 42.13476311]}, "properties": {"route": "D43", "pr": "35", "abs": 35000, "label": "D43 PR35+35000"}}, {"type": "Feature", "geometry": {"type": "Point", "coordinates": [9.50588644, 42.10196299]}, "properties": {"route": "D43", "pr": "42", "abs": 42000, "label": "D43 PR42+42000"}}, {"type": "Feature", "geometry": {"type": "Point", "coordinates": [9.34549853, 42.16704525]}, "properties": {"route": "D43", "pr": "21", "abs": 21000, "label": "D43 PR21+21000"}}, {"type": "Feature", "geometry": {"type": "Point", "coordinates": [9.29714955, 42.16279743]}, "properties": {"route": "D43", "pr": "16", "abs": 16000, "label": "D43 PR16+16000"}}, {"type": "Feature", "geometry": {"type": "Point", "coordinates": [9.27210242, 42.17675354]}, "properties": {"route": "D43", "pr": "13", "abs": 13000, "label": "D43 PR13+13000"}}, {"type": "Feature", "geometry": {"type": "Point", "coordinates": [9.3893689, 42.15366028]}, "properties": {"route": "D43", "pr": "27", "abs": 27000, "label": "D43 PR27+27000"}}, {"type": "Feature", "geometry": {"type": "Point", "coordinates": [9.3144594, 42.16026312]}, "properties": {"route": "D43", "pr": "18", "abs": 18000, "label": "D43 PR18+18000"}}, {"type": "Feature", "geometry": {"type": "Point", "coordinates": [9.28063283, 42.17440823]}, "properties": {"route": "D43", "pr": "14", "abs": 14000, "label": "D43 PR14+14000"}}, {"type": "Feature", "geometry": {"type": "Point", "coordinates": [9.28864641, 42.16882145]}, "properties": {"route": "D43", "pr": "15", "abs": 15000, "label": "D43 PR15+15000"}}, {"type": "Feature", "geometry": {"type": "Point", "coordinates": [9.41223622, 42.15379709]}, "properties": {"route": "D43", "pr": "30", "abs": 30000, "label": "D43 PR30+30000"}}, {"type": "Feature", "geometry": {"type": "Point", "coordinates": [9.47890847, 42.11095838]}, "properties": {"route": "D43", "pr": "39", "abs": 39000, "label": "D43 PR39+39000"}}, {"type": "Feature", "geometry": {"type": "Point", "coordinates": [9.37422126, 42.15762492]}, "properties": {"route": "D43", "pr": "25", "abs": 25000, "label": "D43 PR25+25000"}}, {"type": "Feature", "geometry": {"type": "Point", "coordinates": [9.33422711, 42.16799581]}, "properties": {"route": "D43", "pr": "20", "abs": 20000, "label": "D43 PR20+20000"}}, {"type": "Feature", "geometry": {"type": "Point", "coordinates": [9.49430711, 42.10421256]}, "properties": {"route": "D43", "pr": "41", "abs": 41000, "label": "D43 PR41+41000"}}, {"type": "Feature", "geometry": {"type": "Point", "coordinates": [9.4283312, 42.15331704]}, "properties": {"route": "D43", "pr": "32", "abs": 32000, "label": "D43 PR32+32000"}}, {"type": "Feature", "geometry": {"type": "Point", "coordinates": [9.23010417, 42.19248101]}, "properties": {"route": "D43", "pr": "8", "abs": 8000, "label": "D43 PR8+8000"}}, {"type": "Feature", "geometry": {"type": "Point", "coordinates": [9.19808403, 42.21952654]}, "properties": {"route": "D43", "pr": "1", "abs": 1000, "label": "D43 PR1+1000"}}, {"type": "Feature", "geometry": {"type": "Point", "coordinates": [9.40172223, 42.15139412]}, "properties": {"route": "D43", "pr": "29", "abs": 29000, "label": "D43 PR29+29000"}}, {"type": "Feature", "geometry": {"type": "Point", "coordinates": [9.417989, 42.15064196]}, "properties": {"route": "D43", "pr": "31", "abs": 31000, "label": "D43 PR31+31000"}}, {"type": "Feature", "geometry": {"type": "Point", "coordinates": [9.20889892, 42.19798124]}, "properties": {"route": "D43", "pr": "5", "abs": 5000, "label": "D43 PR5+5000"}}, {"type": "Feature", "geometry": {"type": "Point", "coordinates": [9.37978562, 42.15424352]}, "properties": {"route": "D43", "pr": "26", "abs": 26000, "label": "D43 PR26+26000"}}, {"type": "Feature", "geometry": {"type": "Point", "coordinates": [9.2027669, 42.21172113]}, "properties": {"route": "D43", "pr": "2", "abs": 2000, "label": "D43 PR2+2000"}}, {"type": "Feature", "geometry": {"type": "Point", "coordinates": [9.23536783, 42.1868556]}, "properties": {"route": "D43", "pr": "9", "abs": 9000, "label": "D43 PR9+9000"}}, {"type": "Feature", "geometry": {"type": "Point", "coordinates": [9.46857383, 42.11464614]}, "properties": {"route": "D43", "pr": "38", "abs": 38000, "label": "D43 PR38+38000"}}, {"type": "Feature", "geometry": {"type": "Point", "coordinates": [9.20703531, 42.20359723]}, "properties": {"route": "D43", "pr": "3", "abs": 3000, "label": "D43 PR3+3000"}}, {"type": "Feature", "geometry": {"type": "Point", "coordinates": [9.20497169, 42.20210812]}, "properties": {"route": "D43", "pr": "4", "abs": 4000, "label": "D43 PR4+4000"}}, {"type": "Feature", "geometry": {"type": "Point", "coordinates": [9.22062417, 42.19265845]}, "properties": {"route": "D43", "pr": "7", "abs": 7000, "label": "D43 PR7+7000"}}, {"type": "Feature", "geometry": {"type": "Point", "coordinates": [9.26261341, 42.17924134]}, "properties": {"route": "D43", "pr": "12", "abs": 12000, "label": "D43 PR12+12000"}}, {"type": "Feature", "geometry": {"type": "Point", "coordinates": [9.48495891, 42.10943459]}, "properties": {"route": "D43", "pr": "40", "abs": 40000, "label": "D43 PR40+40000"}}, {"type": "Feature", "geometry": {"type": "Point", "coordinates": [9.452869, 42.12674756]}, "properties": {"route": "D43", "pr": "36", "abs": 36000, "label": "D43 PR36+36000"}}, {"type": "Feature", "geometry": {"type": "Point", "coordinates": [9.46041788, 42.12029241]}, "properties": {"route": "D43", "pr": "37", "abs": 37000, "label": "D43 PR37+37000"}}, {"type": "Feature", "geometry": {"type": "Point", "coordinates": [9.36223583, 42.16469516]}, "properties": {"route": "D43", "pr": "23", "abs": 23000, "label": "D43 PR23+23000"}}, {"type": "Feature", "geometry": {"type": "Point", "coordinates": [9.44063205, 42.13913497]}, "properties": {"route": "D43", "pr": "34", "abs": 34000, "label": "D43 PR34+34000"}}, {"type": "Feature", "geometry": {"type": "Point", "coordinates": [9.32326236, 42.16519733]}, "properties": {"route": "D43", "pr": "19", "abs": 19000, "label": "D43 PR19+19000"}}, {"type": "Feature", "geometry": {"type": "Point", "coordinates": [9.37039414, 42.16123147]}, "properties": {"route": "D43", "pr": "24", "abs": 24000, "label": "D43 PR24+24000"}}, {"type": "Feature", "geometry": {"type": "Point", "coordinates": [9.35604826, 42.16710774]}, "properties": {"route": "D43", "pr": "22", "abs": 22000, "label": "D43 PR22+22000"}}, {"type": "Feature", "geometry": {"type": "Point", "coordinates": [8.91608614, 42.56863858]}, "properties": {"route": "D613", "pr": "1", "abs": 1000, "label": "D613 PR1+1000"}}, {"type": "Feature", "geometry": {"type": "Point", "coordinates": [8.89672068, 42.55926384]}, "properties": {"route": "D613", "pr": "3", "abs": 3000, "label": "D613 PR3+3000"}}, {"type": "Feature", "geometry": {"type": "Point", "coordinates": [9.21077499, 42.10053849]}, "properties": {"route": "D344", "pr": "0", "abs": 0, "label": "D344 PR0"}}, {"type": "Feature", "geometry": {"type": "Point", "coordinates": [9.37853233, 42.05730342]}, "properties": {"route": "D344", "pr": "22", "abs": 22000, "label": "D344 PR22+22000"}}, {"type": "Feature", "geometry": {"type": "Point", "coordinates": [9.23135587, 42.09834686]}, "properties": {"route": "D344", "pr": "4", "abs": 4000, "label": "D344 PR4+4000"}}, {"type": "Feature", "geometry": {"type": "Point", "coordinates": [9.27527209, 42.10019687]}, "properties": {"route": "D344", "pr": "9", "abs": 9000, "label": "D344 PR9+9000"}}, {"type": "Feature", "geometry": {"type": "Point", "coordinates": [9.31436434, 42.09996414]}, "properties": {"route": "D344", "pr": "13", "abs": 13000, "label": "D344 PR13+13000"}}, {"type": "Feature", "geometry": {"type": "Point", "coordinates": [9.2844157, 42.09591789]}, "properties": {"route": "D344", "pr": "10", "abs": 10000, "label": "D344 PR10+10000"}}, {"type": "Feature", "geometry": {"type": "Point", "coordinates": [9.21486712, 42.10306531]}, "properties": {"route": "D344", "pr": "1", "abs": 1000, "label": "D344 PR1+1000"}}, {"type": "Feature", "geometry": {"type": "Point", "coordinates": [9.35752626, 42.08927521]}, "properties": {"route": "D344", "pr": "18", "abs": 18000, "label": "D344 PR18+18000"}}, {"type": "Feature", "geometry": {"type": "Point", "coordinates": [9.21813443, 42.09727966]}, "properties": {"route": "D344", "pr": "2", "abs": 2000, "label": "D344 PR2+2000"}}, {"type": "Feature", "geometry": {"type": "Point", "coordinates": [9.2954797, 42.09651125]}, "properties": {"route": "D344", "pr": "11", "abs": 11000, "label": "D344 PR11+11000"}}, {"type": "Feature", "geometry": {"type": "Point", "coordinates": [9.3837206, 42.04918379]}, "properties": {"route": "D344", "pr": "23", "abs": 23000, "label": "D344 PR23+23000"}}, {"type": "Feature", "geometry": {"type": "Point", "coordinates": [9.24142289, 42.10039446]}, "properties": {"route": "D344", "pr": "5", "abs": 5000, "label": "D344 PR5+5000"}}, {"type": "Feature", "geometry": {"type": "Point", "coordinates": [9.38889222, 42.04106852]}, "properties": {"route": "D344", "pr": "24", "abs": 24000, "label": "D344 PR24+24000"}}, {"type": "Feature", "geometry": {"type": "Point", "coordinates": [9.40440221, 42.01672231]}, "properties": {"route": "D344", "pr": "27", "abs": 27000, "label": "D344 PR27+27000"}}, {"type": "Feature", "geometry": {"type": "Point", "coordinates": [9.39408231, 42.03295817]}, "properties": {"route": "D344", "pr": "25", "abs": 25000, "label": "D344 PR25+25000"}}, {"type": "Feature", "geometry": {"type": "Point", "coordinates": [9.24813742, 42.1043013]}, "properties": {"route": "D344", "pr": "6", "abs": 6000, "label": "D344 PR6+6000"}}, {"type": "Feature", "geometry": {"type": "Point", "coordinates": [9.30632648, 42.09688204]}, "properties": {"route": "D344", "pr": "12", "abs": 12000, "label": "D344 PR12+12000"}}, {"type": "Feature", "geometry": {"type": "Point", "coordinates": [9.36298311, 42.08161647]}, "properties": {"route": "D344", "pr": "19", "abs": 19000, "label": "D344 PR19+19000"}}, {"type": "Feature", "geometry": {"type": "Point", "coordinates": [9.33765292, 42.09393555]}, "properties": {"route": "D344", "pr": "16", "abs": 16000, "label": "D344 PR16+16000"}}, {"type": "Feature", "geometry": {"type": "Point", "coordinates": [9.36816732, 42.07350961]}, "properties": {"route": "D344", "pr": "20", "abs": 20000, "label": "D344 PR20+20000"}}, {"type": "Feature", "geometry": {"type": "Point", "coordinates": [9.39924626, 42.02484284]}, "properties": {"route": "D344", "pr": "26", "abs": 26000, "label": "D344 PR26+26000"}}, {"type": "Feature", "geometry": {"type": "Point", "coordinates": [9.25429022, 42.1047238]}, "properties": {"route": "D344", "pr": "7", "abs": 7000, "label": "D344 PR7+7000"}}, {"type": "Feature", "geometry": {"type": "Point", "coordinates": [9.37336141, 42.0654064]}, "properties": {"route": "D344", "pr": "21", "abs": 21000, "label": "D344 PR21+21000"}}, {"type": "Feature", "geometry": {"type": "Point", "coordinates": [9.32833764, 42.09277236]}, "properties": {"route": "D344", "pr": "15", "abs": 15000, "label": "D344 PR15+15000"}}, {"type": "Feature", "geometry": {"type": "Point", "coordinates": [9.31809328, 42.09395799]}, "properties": {"route": "D344", "pr": "14", "abs": 14000, "label": "D344 PR14+14000"}}, {"type": "Feature", "geometry": {"type": "Point", "coordinates": [9.26414959, 42.10332123]}, "properties": {"route": "D344", "pr": "8", "abs": 8000, "label": "D344 PR8+8000"}}, {"type": "Feature", "geometry": {"type": "Point", "coordinates": [9.34821878, 42.09247902]}, "properties": {"route": "D344", "pr": "17", "abs": 17000, "label": "D344 PR17+17000"}}, {"type": "Feature", "geometry": {"type": "Point", "coordinates": [9.22389954, 42.0977546]}, "properties": {"route": "D344", "pr": "3", "abs": 3000, "label": "D344 PR3+3000"}}, {"type": "Feature", "geometry": {"type": "Point", "coordinates": [9.34826629, 42.7387681]}, "properties": {"route": "D333", "pr": "0", "abs": 0, "label": "D333 PR0"}}, {"type": "Feature", "geometry": {"type": "Point", "coordinates": [9.3590569, 42.7145111]}, "properties": {"route": "D333", "pr": "6", "abs": 6000, "label": "D333 PR6+6000"}}, {"type": "Feature", "geometry": {"type": "Point", "coordinates": [9.35954687, 42.72136811]}, "properties": {"route": "D333", "pr": "5", "abs": 5000, "label": "D333 PR5+5000"}}, {"type": "Feature", "geometry": {"type": "Point", "coordinates": [9.35241736, 42.73608415]}, "properties": {"route": "D333", "pr": "1", "abs": 1000, "label": "D333 PR1+1000"}}, {"type": "Feature", "geometry": {"type": "Point", "coordinates": [9.37258546, 42.70468012]}, "properties": {"route": "D333", "pr": "8", "abs": 8000, "label": "D333 PR8+8000"}}, {"type": "Feature", "geometry": {"type": "Point", "coordinates": [9.3615508, 42.73303232]}, "properties": {"route": "D333", "pr": "2", "abs": 2000, "label": "D333 PR2+2000"}}, {"type": "Feature", "geometry": {"type": "Point", "coordinates": [9.36660955, 42.7099372]}, "properties": {"route": "D333", "pr": "7", "abs": 7000, "label": "D333 PR7+7000"}}, {"type": "Feature", "geometry": {"type": "Point", "coordinates": [9.36538045, 42.70124084]}, "properties": {"route": "D333", "pr": "9", "abs": 9000, "label": "D333 PR9+9000"}}, {"type": "Feature", "geometry": {"type": "Point", "coordinates": [9.36139576, 42.72763915]}, "properties": {"route": "D333", "pr": "4", "abs": 4000, "label": "D333 PR4+4000"}}, {"type": "Feature", "geometry": {"type": "Point", "coordinates": [9.36543156, 42.73155281]}, "properties": {"route": "D333", "pr": "3", "abs": 3000, "label": "D333 PR3+3000"}}, {"type": "Feature", "geometry": {"type": "Point", "coordinates": [9.15503506, 42.07918889]}, "properties": {"route": "D169A", "pr": "0", "abs": 0, "label": "D169A PR0"}}, {"type": "Feature", "geometry": {"type": "Point", "coordinates": [9.15238121, 42.07943521]}, "properties": {"route": "D169A", "pr": "1", "abs": 1000, "label": "D169A PR1+1000"}}, {"type": "Feature", "geometry": {"type": "Point", "coordinates": [9.16946619, 42.25574675]}, "properties": {"route": "D140", "pr": "0", "abs": 0, "label": "D140 PR0"}}, {"type": "Feature", "geometry": {"type": "Point", "coordinates": [9.18328361, 42.25667571]}, "properties": {"route": "D140", "pr": "2", "abs": 2000, "label": "D140 PR2+2000"}}, {"type": "Feature", "geometry": {"type": "Point", "coordinates": [9.19008118, 42.2510147]}, "properties": {"route": "D140", "pr": "3", "abs": 3000, "label": "D140 PR3+3000"}}, {"type": "Feature", "geometry": {"type": "Point", "coordinates": [9.17592593, 42.25316409]}, "properties": {"route": "D140", "pr": "1", "abs": 1000, "label": "D140 PR1+1000"}}, {"type": "Feature", "geometry": {"type": "Point", "coordinates": [8.93139055, 42.54534051]}, "properties": {"route": "D213", "pr": "0", "abs": 0, "label": "D213 PR0"}}, {"type": "Feature", "geometry": {"type": "Point", "coordinates": [8.93339026, 42.55366558]}, "properties": {"route": "D213", "pr": "1", "abs": 1000, "label": "D213 PR1+1000"}}, {"type": "Feature", "geometry": {"type": "Point", "coordinates": [9.50805111, 42.44465291]}, "properties": {"route": "D506A", "pr": "0", "abs": 0, "label": "D506A PR0"}}, {"type": "Feature", "geometry": {"type": "Point", "coordinates": [9.53151009, 42.44656131]}, "properties": {"route": "D506A", "pr": "2", "abs": 2000, "label": "D506A PR2+2000"}}, {"type": "Feature", "geometry": {"type": "Point", "coordinates": [9.51942955, 42.4458791]}, "properties": {"route": "D506A", "pr": "1", "abs": 1000, "label": "D506A PR1+1000"}}, {"type": "Feature", "geometry": {"type": "Point", "coordinates": [8.92982947, 42.55714974]}, "properties": {"route": "D113", "pr": "0", "abs": 0, "label": "D113 PR0"}}, {"type": "Feature", "geometry": {"type": "Point", "coordinates": [8.97453215, 42.59865598]}, "properties": {"route": "D113", "pr": "7", "abs": 7000, "label": "D113 PR7+7000"}}, {"type": "Feature", "geometry": {"type": "Point", "coordinates": [8.98402384, 42.61177519]}, "properties": {"route": "D113", "pr": "9", "abs": 9000, "label": "D113 PR9+9000"}}, {"type": "Feature", "geometry": {"type": "Point", "coordinates": [8.99032219, 42.61900981]}, "properties": {"route": "D113", "pr": "10", "abs": 10000, "label": "D113 PR10+10000"}}, {"type": "Feature", "geometry": {"type": "Point", "coordinates": [8.93551131, 42.57150774]}, "properties": {"route": "D113", "pr": "2", "abs": 2000, "label": "D113 PR2+2000"}}, {"type": "Feature", "geometry": {"type": "Point", "coordinates": [8.96460618, 42.59693133]}, "properties": {"route": "D113", "pr": "6", "abs": 6000, "label": "D113 PR6+6000"}}, {"type": "Feature", "geometry": {"type": "Point", "coordinates": [9.00506426, 42.63221257]}, "properties": {"route": "D113", "pr": "12", "abs": 12000, "label": "D113 PR12+12000"}}, {"type": "Feature", "geometry": {"type": "Point", "coordinates": [8.94010923, 42.57847666]}, "properties": {"route": "D113", "pr": "3", "abs": 3000, "label": "D113 PR3+3000"}}, {"type": "Feature", "geometry": {"type": "Point", "coordinates": [8.93070305, 42.5646541]}, "properties": {"route": "D113", "pr": "1", "abs": 1000, "label": "D113 PR1+1000"}}, {"type": "Feature", "geometry": {"type": "Point", "coordinates": [8.95657331, 42.59050478]}, "properties": {"route": "D113", "pr": "5", "abs": 5000, "label": "D113 PR5+5000"}}, {"type": "Feature", "geometry": {"type": "Point", "coordinates": [8.94952998, 42.58357179]}, "properties": {"route": "D113", "pr": "4", "abs": 4000, "label": "D113 PR4+4000"}}, {"type": "Feature", "geometry": {"type": "Point", "coordinates": [8.9997855, 42.62421795]}, "properties": {"route": "D113", "pr": "11", "abs": 11000, "label": "D113 PR11+11000"}}, {"type": "Feature", "geometry": {"type": "Point", "coordinates": [8.97954877, 42.60536771]}, "properties": {"route": "D113", "pr": "8", "abs": 8000, "label": "D113 PR8+8000"}}, {"type": "Feature", "geometry": {"type": "Point", "coordinates": [8.90593903, 42.58981609]}, "properties": {"route": "D413A", "pr": "0", "abs": 0, "label": "D413A PR0"}}, {"type": "Feature", "geometry": {"type": "Point", "coordinates": [9.48658216, 42.28392297]}, "properties": {"route": "D517", "pr": "0", "abs": 0, "label": "D517 PR0"}}, {"type": "Feature", "geometry": {"type": "Point", "coordinates": [9.48977433, 42.28931514]}, "properties": {"route": "D517", "pr": "1", "abs": 1000, "label": "D517 PR1+1000"}}, {"type": "Feature", "geometry": {"type": "Point", "coordinates": [9.4887398, 42.29964244]}, "properties": {"route": "D517", "pr": "3", "abs": 3000, "label": "D517 PR3+3000"}}, {"type": "Feature", "geometry": {"type": "Point", "coordinates": [9.49095449, 42.29644816]}, "properties": {"route": "D517", "pr": "2", "abs": 2000, "label": "D517 PR2+2000"}}, {"type": "Feature", "geometry": {"type": "Point", "coordinates": [9.48941185, 42.30599502]}, "properties": {"route": "D517", "pr": "4", "abs": 4000, "label": "D517 PR4+4000"}}, {"type": "Feature", "geometry": {"type": "Point", "coordinates": [9.48593957, 42.40196647]}, "properties": {"route": "D109", "pr": "0", "abs": 0, "label": "D109 PR0"}}, {"type": "Feature", "geometry": {"type": "Point", "coordinates": [9.49278612, 42.39856689]}, "properties": {"route": "D109", "pr": "1", "abs": 1000, "label": "D109 PR1+1000"}}, {"type": "Feature", "geometry": {"type": "Point", "coordinates": [9.50822954, 42.38371533]}, "properties": {"route": "D109", "pr": "4", "abs": 4000, "label": "D109 PR4+4000"}}, {"type": "Feature", "geometry": {"type": "Point", "coordinates": [9.51904899, 42.38265532]}, "properties": {"route": "D109", "pr": "5", "abs": 5000, "label": "D109 PR5+5000"}}, {"type": "Feature", "geometry": {"type": "Point", "coordinates": [9.49658452, 42.39291901]}, "properties": {"route": "D109", "pr": "2", "abs": 2000, "label": "D109 PR2+2000"}}, {"type": "Feature", "geometry": {"type": "Point", "coordinates": [9.50346125, 42.39005615]}, "properties": {"route": "D109", "pr": "3", "abs": 3000, "label": "D109 PR3+3000"}}, {"type": "Feature", "geometry": {"type": "Point", "coordinates": [8.85993863, 42.50890114]}, "properties": {"route": "D151A", "pr": "0", "abs": 0, "label": "D151A PR0"}}, {"type": "Feature", "geometry": {"type": "Point", "coordinates": [8.85676344, 42.51377573]}, "properties": {"route": "D151A", "pr": "1", "abs": 1000, "label": "D151A PR1+1000"}}, {"type": "Feature", "geometry": {"type": "Point", "coordinates": [9.03830899, 42.53654338]}, "properties": {"route": "D463", "pr": "0", "abs": 0, "label": "D463 PR0"}}, {"type": "Feature", "geometry": {"type": "Point", "coordinates": [9.04333619, 42.53044852]}, "properties": {"route": "D463", "pr": "1", "abs": 1000, "label": "D463 PR1+1000"}}, {"type": "Feature", "geometry": {"type": "Point", "coordinates": [9.04558111, 42.52381528]}, "properties": {"route": "D463", "pr": "2", "abs": 2000, "label": "D463 PR2+2000"}}, {"type": "Feature", "geometry": {"type": "Point", "coordinates": [9.04449442, 42.5957748]}, "properties": {"route": "D363", "pr": "0", "abs": 0, "label": "D363 PR0"}}, {"type": "Feature", "geometry": {"type": "Point", "coordinates": [9.04413337, 42.6090379]}, "properties": {"route": "D363", "pr": "3", "abs": 3000, "label": "D363 PR3+3000"}}, {"type": "Feature", "geometry": {"type": "Point", "coordinates": [9.02809919, 42.62555363]}, "properties": {"route": "D363", "pr": "6", "abs": 6000, "label": "D363 PR6+6000"}}, {"type": "Feature", "geometry": {"type": "Point", "coordinates": [9.03429989, 42.61891769]}, "properties": {"route": "D363", "pr": "5", "abs": 5000, "label": "D363 PR5+5000"}}, {"type": "Feature", "geometry": {"type": "Point", "coordinates": [9.0436378, 42.59840928]}, "properties": {"route": "D363", "pr": "1", "abs": 1000, "label": "D363 PR1+1000"}}, {"type": "Feature", "geometry": {"type": "Point", "coordinates": [9.03449753, 42.61241636]}, "properties": {"route": "D363", "pr": "4", "abs": 4000, "label": "D363 PR4+4000"}}, {"type": "Feature", "geometry": {"type": "Point", "coordinates": [9.04477527, 42.60445175]}, "properties": {"route": "D363", "pr": "2", "abs": 2000, "label": "D363 PR2+2000"}}, {"type": "Feature", "geometry": {"type": "Point", "coordinates": [9.02224492, 42.6330136]}, "properties": {"route": "D363", "pr": "7", "abs": 7000, "label": "D363 PR7+7000"}}, {"type": "Feature", "geometry": {"type": "Point", "coordinates": [9.182881, 42.14870961]}, "properties": {"route": "D69", "pr": "112", "abs": 112000, "label": "D69 PR112+112000"}}, {"type": "Feature", "geometry": {"type": "Point", "coordinates": [9.19079114, 42.14911727]}, "properties": {"route": "D69", "pr": "111", "abs": 111000, "label": "D69 PR111+111000"}}, {"type": "Feature", "geometry": {"type": "Point", "coordinates": [9.18707397, 42.14076174]}, "properties": {"route": "D69", "pr": "108", "abs": 108000, "label": "D69 PR108+108000"}}, {"type": "Feature", "geometry": {"type": "Point", "coordinates": [9.19181005, 42.07307961]}, "properties": {"route": "D69", "pr": "93", "abs": 93000, "label": "D69 PR93+93000"}}, {"type": "Feature", "geometry": {"type": "Point", "coordinates": [9.18585906, 42.06914856]}, "properties": {"route": "D69", "pr": "92", "abs": 92000, "label": "D69 PR92+92000"}}, {"type": "Feature", "geometry": {"type": "Point", "coordinates": [9.20080935, 42.03455284]}, "properties": {"route": "D69", "pr": "83", "abs": 83000, "label": "D69 PR83+83000"}}, {"type": "Feature", "geometry": {"type": "Point", "coordinates": [9.17473025, 42.15075445]}, "properties": {"route": "D69", "pr": "113", "abs": 113000, "label": "D69 PR113+113000"}}, {"type": "Feature", "geometry": {"type": "Point", "coordinates": [9.18748753, 42.13494731]}, "properties": {"route": "D69", "pr": "107", "abs": 107000, "label": "D69 PR107+107000"}}, {"type": "Feature", "geometry": {"type": "Point", "coordinates": [9.18998651, 42.14596989]}, "properties": {"route": "D69", "pr": "110", "abs": 110000, "label": "D69 PR110+110000"}}, {"type": "Feature", "geometry": {"type": "Point", "coordinates": [9.20134591, 42.04040297]}, "properties": {"route": "D69", "pr": "86", "abs": 86000, "label": "D69 PR86+86000"}}, {"type": "Feature", "geometry": {"type": "Point", "coordinates": [9.19512827, 42.04459158]}, "properties": {"route": "D69", "pr": "88", "abs": 88000, "label": "D69 PR88+88000"}}, {"type": "Feature", "geometry": {"type": "Point", "coordinates": [9.19013325, 42.07956069]}, "properties": {"route": "D69", "pr": "94", "abs": 94000, "label": "D69 PR94+94000"}}, {"type": "Feature", "geometry": {"type": "Point", "coordinates": [9.21345768, 42.09521816]}, "properties": {"route": "D69", "pr": "98", "abs": 98000, "label": "D69 PR98+98000"}}, {"type": "Feature", "geometry": {"type": "Point", "coordinates": [9.18945791, 42.1440142]}, "properties": {"route": "D69", "pr": "109", "abs": 109000, "label": "D69 PR109+109000"}}, {"type": "Feature", "geometry": {"type": "Point", "coordinates": [9.19380943, 42.05825094]}, "properties": {"route": "D69", "pr": "90", "abs": 90000, "label": "D69 PR90+90000"}}, {"type": "Feature", "geometry": {"type": "Point", "coordinates": [9.19171605, 42.12067522]}, "properties": {"route": "D69", "pr": "105", "abs": 105000, "label": "D69 PR105+105000"}}, {"type": "Feature", "geometry": {"type": "Point", "coordinates": [9.17029719, 42.16371829]}, "properties": {"route": "D69", "pr": "115", "abs": 115000, "label": "D69 PR115+115000"}}, {"type": "Feature", "geometry": {"type": "Point", "coordinates": [9.16635617, 42.16954794]}, "properties": {"route": "D69", "pr": "116", "abs": 116000, "label": "D69 PR116+116000"}}, {"type": "Feature", "geometry": {"type": "Point", "coordinates": [9.18621833, 42.11625479]}, "properties": {"route": "D69", "pr": "104", "abs": 104000, "label": "D69 PR104+104000"}}, {"type": "Feature", "geometry": {"type": "Point", "coordinates": [9.1964833, 42.03470829]}, "properties": {"route": "D69", "pr": "85", "abs": 85000, "label": "D69 PR85+85000"}}, {"type": "Feature", "geometry": {"type": "Point", "coordinates": [9.2090328, 42.10640115]}, "properties": {"route": "D69", "pr": "100", "abs": 100000, "label": "D69 PR100+100000"}}, {"type": "Feature", "geometry": {"type": "Point", "coordinates": [9.19589291, 42.08346588]}, "properties": {"route": "D69", "pr": "95", "abs": 95000, "label": "D69 PR95+95000"}}, {"type": "Feature", "geometry": {"type": "Point", "coordinates": [9.20108623, 42.11060223]}, "properties": {"route": "D69", "pr": "101", "abs": 101000, "label": "D69 PR101+101000"}}, {"type": "Feature", "geometry": {"type": "Point", "coordinates": [9.19745241, 42.03889819]}, "properties": {"route": "D69", "pr": "87", "abs": 87000, "label": "D69 PR87+87000"}}, {"type": "Feature", "geometry": {"type": "Point", "coordinates": [9.19847058, 42.08930315]}, "properties": {"route": "D69", "pr": "96", "abs": 96000, "label": "D69 PR96+96000"}}, {"type": "Feature", "geometry": {"type": "Point", "coordinates": [9.19652028, 42.0525601]}, "properties": {"route": "D69", "pr": "89", "abs": 89000, "label": "D69 PR89+89000"}}, {"type": "Feature", "geometry": {"type": "Point", "coordinates": [9.1694395, 42.15618967]}, "properties": {"route": "D69", "pr": "114", "abs": 114000, "label": "D69 PR114+114000"}}, {"type": "Feature", "geometry": {"type": "Point", "coordinates": [9.19363193, 42.03407059]}, "properties": {"route": "D69", "pr": "84", "abs": 84000, "label": "D69 PR84+84000"}}, {"type": "Feature", "geometry": {"type": "Point", "coordinates": [9.19127175, 42.1281093]}, "properties": {"route": "D69", "pr": "106", "abs": 106000, "label": "D69 PR106+106000"}}, {"type": "Feature", "geometry": {"type": "Point", "coordinates": [9.18619904, 42.11386741]}, "properties": {"route": "D69", "pr": "103", "abs": 103000, "label": "D69 PR103+103000"}}, {"type": "Feature", "geometry": {"type": "Point", "coordinates": [9.19624031, 42.11247872]}, "properties": {"route": "D69", "pr": "102", "abs": 102000, "label": "D69 PR102+102000"}}, {"type": "Feature", "geometry": {"type": "Point", "coordinates": [9.20366769, 42.09281739]}, "properties": {"route": "D69", "pr": "97", "abs": 97000, "label": "D69 PR97+97000"}}, {"type": "Feature", "geometry": {"type": "Point", "coordinates": [9.21029024, 42.10136732]}, "properties": {"route": "D69", "pr": "99", "abs": 99000, "label": "D69 PR99+99000"}}, {"type": "Feature", "geometry": {"type": "Point", "coordinates": [9.19268661, 42.06498975]}, "properties": {"route": "D69", "pr": "91", "abs": 91000, "label": "D69 PR91+91000"}}, {"type": "Feature", "geometry": {"type": "Point", "coordinates": [8.9083735, 42.61196008]}, "properties": {"route": "D263", "pr": "0", "abs": 0, "label": "D263 PR0"}}, {"type": "Feature", "geometry": {"type": "Point", "coordinates": [8.93709816, 42.60818924]}, "properties": {"route": "D263", "pr": "4", "abs": 4000, "label": "D263 PR4+4000"}}, {"type": "Feature", "geometry": {"type": "Point", "coordinates": [8.90969816, 42.61802359]}, "properties": {"route": "D263", "pr": "1", "abs": 1000, "label": "D263 PR1+1000"}}, {"type": "Feature", "geometry": {"type": "Point", "coordinates": [8.92058222, 42.61478771]}, "properties": {"route": "D263", "pr": "2", "abs": 2000, "label": "D263 PR2+2000"}}, {"type": "Feature", "geometry": {"type": "Point", "coordinates": [8.94937611, 42.61893469]}, "properties": {"route": "D263", "pr": "6", "abs": 6000, "label": "D263 PR6+6000"}}, {"type": "Feature", "geometry": {"type": "Point", "coordinates": [8.92369068, 42.60769392]}, "properties": {"route": "D263", "pr": "3", "abs": 3000, "label": "D263 PR3+3000"}}, {"type": "Feature", "geometry": {"type": "Point", "coordinates": [8.93962906, 42.61549448]}, "properties": {"route": "D263", "pr": "5", "abs": 5000, "label": "D263 PR5+5000"}}, {"type": "Feature", "geometry": {"type": "Point", "coordinates": [9.1682361, 42.19433535]}, "properties": {"route": "D723", "pr": "0", "abs": 0, "label": "D723 PR0"}}, {"type": "Feature", "geometry": {"type": "Point", "coordinates": [9.14287937, 42.20049082]}, "properties": {"route": "D723", "pr": "3", "abs": 3000, "label": "D723 PR3+3000"}}, {"type": "Feature", "geometry": {"type": "Point", "coordinates": [9.11367588, 42.19725807]}, "properties": {"route": "D723", "pr": "7", "abs": 7000, "label": "D723 PR7+7000"}}, {"type": "Feature", "geometry": {"type": "Point", "coordinates": [9.15899856, 42.19827173]}, "properties": {"route": "D723", "pr": "1", "abs": 1000, "label": "D723 PR1+1000"}}, {"type": "Feature", "geometry": {"type": "Point", "coordinates": [9.15041344, 42.20119321]}, "properties": {"route": "D723", "pr": "2", "abs": 2000, "label": "D723 PR2+2000"}}, {"type": "Feature", "geometry": {"type": "Point", "coordinates": [9.1347399, 42.19671325]}, "properties": {"route": "D723", "pr": "4", "abs": 4000, "label": "D723 PR4+4000"}}, {"type": "Feature", "geometry": {"type": "Point", "coordinates": [9.10515728, 42.19642508]}, "properties": {"route": "D723", "pr": "8", "abs": 8000, "label": "D723 PR8+8000"}}, {"type": "Feature", "geometry": {"type": "Point", "coordinates": [9.12067217, 42.19539767]}, "properties": {"route": "D723", "pr": "6", "abs": 6000, "label": "D723 PR6+6000"}}, {"type": "Feature", "geometry": {"type": "Point", "coordinates": [9.12384392, 42.19766701]}, "properties": {"route": "D723", "pr": "5", "abs": 5000, "label": "D723 PR5+5000"}}, {"type": "Feature", "geometry": {"type": "Point", "coordinates": [9.42545157, 42.74570305]}, "properties": {"route": "D431", "pr": "0", "abs": 0, "label": "D431 PR0"}}, {"type": "Feature", "geometry": {"type": "Point", "coordinates": [9.42764511, 42.74669973]}, "properties": {"route": "D431", "pr": "1", "abs": 1000, "label": "D431 PR1+1000"}}, {"type": "Feature", "geometry": {"type": "Point", "coordinates": [9.12511321, 42.48355485]}, "properties": {"route": "D647", "pr": "0", "abs": 0, "label": "D647 PR0"}}, {"type": "Feature", "geometry": {"type": "Point", "coordinates": [9.12419775, 42.47808419]}, "properties": {"route": "D647", "pr": "1", "abs": 1000, "label": "D647 PR1+1000"}}, {"type": "Feature", "geometry": {"type": "Point", "coordinates": [9.30007583, 42.01178605]}, "properties": {"route": "D245", "pr": "0", "abs": 0, "label": "D245 PR0"}}, {"type": "Feature", "geometry": {"type": "Point", "coordinates": [9.29596138, 42.01103716]}, "properties": {"route": "D245", "pr": "1", "abs": 1000, "label": "D245 PR1+1000"}}, {"type": "Feature", "geometry": {"type": "Point", "coordinates": [9.25995108, 41.98464164]}, "properties": {"route": "D245", "pr": "8", "abs": 8000, "label": "D245 PR8+8000"}}, {"type": "Feature", "geometry": {"type": "Point", "coordinates": [9.26775609, 41.98423641]}, "properties": {"route": "D245", "pr": "9", "abs": 9000, "label": "D245 PR9+9000"}}, {"type": "Feature", "geometry": {"type": "Point", "coordinates": [9.27955199, 41.99335152]}, "properties": {"route": "D245", "pr": "5", "abs": 5000, "label": "D245 PR5+5000"}}, {"type": "Feature", "geometry": {"type": "Point", "coordinates": [9.26592478, 41.9884296]}, "properties": {"route": "D245", "pr": "7", "abs": 7000, "label": "D245 PR7+7000"}}, {"type": "Feature", "geometry": {"type": "Point", "coordinates": [9.26918988, 41.99392107]}, "properties": {"route": "D245", "pr": "6", "abs": 6000, "label": "D245 PR6+6000"}}, {"type": "Feature", "geometry": {"type": "Point", "coordinates": [9.28482205, 42.00292256]}, "properties": {"route": "D245", "pr": "3", "abs": 3000, "label": "D245 PR3+3000"}}, {"type": "Feature", "geometry": {"type": "Point", "coordinates": [9.28037607, 42.00091751]}, "properties": {"route": "D245", "pr": "4", "abs": 4000, "label": "D245 PR4+4000"}}, {"type": "Feature", "geometry": {"type": "Point", "coordinates": [9.29429436, 42.00345099]}, "properties": {"route": "D245", "pr": "2", "abs": 2000, "label": "D245 PR2+2000"}}, {"type": "Feature", "geometry": {"type": "Point", "coordinates": [9.4192105, 42.41537496]}, "properties": {"route": "D236", "pr": "0", "abs": 0, "label": "D236 PR0"}}, {"type": "Feature", "geometry": {"type": "Point", "coordinates": [9.43206872, 42.42174771]}, "properties": {"route": "D236", "pr": "3", "abs": 3000, "label": "D236 PR3+3000"}}, {"type": "Feature", "geometry": {"type": "Point", "coordinates": [9.42285662, 42.41582664]}, "properties": {"route": "D236", "pr": "1", "abs": 1000, "label": "D236 PR1+1000"}}, {"type": "Feature", "geometry": {"type": "Point", "coordinates": [9.4327331, 42.42399912]}, "properties": {"route": "D236", "pr": "4", "abs": 4000, "label": "D236 PR4+4000"}}, {"type": "Feature", "geometry": {"type": "Point", "coordinates": [9.4261851, 42.4185556]}, "properties": {"route": "D236", "pr": "2", "abs": 2000, "label": "D236 PR2+2000"}}, {"type": "Feature", "geometry": {"type": "Point", "coordinates": [9.01380258, 42.52930204]}, "properties": {"route": "D863", "pr": "0", "abs": 0, "label": "D863 PR0"}}, {"type": "Feature", "geometry": {"type": "Point", "coordinates": [9.02135202, 42.52673445]}, "properties": {"route": "D863", "pr": "1", "abs": 1000, "label": "D863 PR1+1000"}}, {"type": "Feature", "geometry": {"type": "Point", "coordinates": [9.11588245, 42.56187261]}, "properties": {"route": "D12", "pr": "0", "abs": 0, "label": "D12 PR0"}}, {"type": "Feature", "geometry": {"type": "Point", "coordinates": [9.1342801, 42.60525496]}, "properties": {"route": "D12", "pr": "10", "abs": 10000, "label": "D12 PR10+10000"}}, {"type": "Feature", "geometry": {"type": "Point", "coordinates": [9.11817219, 42.59087603]}, "properties": {"route": "D12", "pr": "7", "abs": 7000, "label": "D12 PR7+7000"}}, {"type": "Feature", "geometry": {"type": "Point", "coordinates": [9.11459053, 42.57790755]}, "properties": {"route": "D12", "pr": "3", "abs": 3000, "label": "D12 PR3+3000"}}, {"type": "Feature", "geometry": {"type": "Point", "coordinates": [9.11516604, 42.58094844]}, "properties": {"route": "D12", "pr": "5", "abs": 5000, "label": "D12 PR5+5000"}}, {"type": "Feature", "geometry": {"type": "Point", "coordinates": [9.12559045, 42.59301921]}, "properties": {"route": "D12", "pr": "8", "abs": 8000, "label": "D12 PR8+8000"}}, {"type": "Feature", "geometry": {"type": "Point", "coordinates": [9.10996298, 42.58232872]}, "properties": {"route": "D12", "pr": "4", "abs": 4000, "label": "D12 PR4+4000"}}, {"type": "Feature", "geometry": {"type": "Point", "coordinates": [9.12046413, 42.56745983]}, "properties": {"route": "D12", "pr": "1", "abs": 1000, "label": "D12 PR1+1000"}}, {"type": "Feature", "geometry": {"type": "Point", "coordinates": [9.11646004, 42.58497427]}, "properties": {"route": "D12", "pr": "6", "abs": 6000, "label": "D12 PR6+6000"}}, {"type": "Feature", "geometry": {"type": "Point", "coordinates": [9.11463045, 42.5746853]}, "properties": {"route": "D12", "pr": "2", "abs": 2000, "label": "D12 PR2+2000"}}, {"type": "Feature", "geometry": {"type": "Point", "coordinates": [9.13223298, 42.59997036]}, "properties": {"route": "D12", "pr": "9", "abs": 9000, "label": "D12 PR9+9000"}}, {"type": "Feature", "geometry": {"type": "Point", "coordinates": [9.27442551, 42.31526178]}, "properties": {"route": "D441", "pr": "0", "abs": 0, "label": "D441 PR0"}}, {"type": "Feature", "geometry": {"type": "Point", "coordinates": [9.29205782, 42.31901486]}, "properties": {"route": "D441", "pr": "3", "abs": 3000, "label": "D441 PR3+3000"}}, {"type": "Feature", "geometry": {"type": "Point", "coordinates": [9.28611634, 42.31991317]}, "properties": {"route": "D441", "pr": "2", "abs": 2000, "label": "D441 PR2+2000"}}, {"type": "Feature", "geometry": {"type": "Point", "coordinates": [9.27831051, 42.32158768]}, "properties": {"route": "D441", "pr": "1", "abs": 1000, "label": "D441 PR1+1000"}}, {"type": "Feature", "geometry": {"type": "Point", "coordinates": [9.02908764, 42.4492089]}, "properties": {"route": "D447", "pr": "0", "abs": 0, "label": "D447 PR0"}}, {"type": "Feature", "geometry": {"type": "Point", "coordinates": [9.0317392, 42.44726825]}, "properties": {"route": "D447", "pr": "1", "abs": 1000, "label": "D447 PR1+1000"}}, {"type": "Feature", "geometry": {"type": "Point", "coordinates": [9.47566184, 42.30943915]}, "properties": {"route": "D352", "pr": "0", "abs": 0, "label": "D352 PR0"}}, {"type": "Feature", "geometry": {"type": "Point", "coordinates": [9.40116939, 42.01783857]}, "properties": {"route": "D144", "pr": "0", "abs": 0, "label": "D144 PR0"}}, {"type": "Feature", "geometry": {"type": "Point", "coordinates": [9.4096345, 42.01188528]}, "properties": {"route": "D144", "pr": "1", "abs": 1000, "label": "D144 PR1+1000"}}, {"type": "Feature", "geometry": {"type": "Point", "coordinates": [9.41924206, 42.00676866]}, "properties": {"route": "D144", "pr": "2", "abs": 2000, "label": "D144 PR2+2000"}}, {"type": "Feature", "geometry": {"type": "Point", "coordinates": [9.4547751, 42.00439337]}, "properties": {"route": "D144", "pr": "5", "abs": 5000, "label": "D144 PR5+5000"}}, {"type": "Feature", "geometry": {"type": "Point", "coordinates": [9.43053425, 42.00446018]}, "properties": {"route": "D144", "pr": "3", "abs": 3000, "label": "D144 PR3+3000"}}, {"type": "Feature", "geometry": {"type": "Point", "coordinates": [9.44273015, 42.00411818]}, "properties": {"route": "D144", "pr": "4", "abs": 4000, "label": "D144 PR4+4000"}}, {"type": "Feature", "geometry": {"type": "Point", "coordinates": [9.38272596, 42.37010102]}, "properties": {"route": "D146", "pr": "0", "abs": 0, "label": "D146 PR0"}}, {"type": "Feature", "geometry": {"type": "Point", "coordinates": [9.38041507, 42.35054402]}, "properties": {"route": "D146", "pr": "5", "abs": 5000, "label": "D146 PR5+5000"}}, {"type": "Feature", "geometry": {"type": "Point", "coordinates": [9.38549317, 42.36203994]}, "properties": {"route": "D146", "pr": "2", "abs": 2000, "label": "D146 PR2+2000"}}, {"type": "Feature", "geometry": {"type": "Point", "coordinates": [9.38006609, 42.35449653]}, "properties": {"route": "D146", "pr": "4", "abs": 4000, "label": "D146 PR4+4000"}}, {"type": "Feature", "geometry": {"type": "Point", "coordinates": [9.38676441, 42.3574512]}, "properties": {"route": "D146", "pr": "3", "abs": 3000, "label": "D146 PR3+3000"}}, {"type": "Feature", "geometry": {"type": "Point", "coordinates": [9.37777127, 42.36563011]}, "properties": {"route": "D146", "pr": "1", "abs": 1000, "label": "D146 PR1+1000"}}, {"type": "Feature", "geometry": {"type": "Point", "coordinates": [9.02109117, 42.33311826]}, "properties": {"route": "D218B", "pr": "0", "abs": 0, "label": "D218B PR0"}}, {"type": "Feature", "geometry": {"type": "Point", "coordinates": [9.01384729, 42.3223254]}, "properties": {"route": "D218B", "pr": "2", "abs": 2000, "label": "D218B PR2+2000"}}, {"type": "Feature", "geometry": {"type": "Point", "coordinates": [9.02295231, 42.32593504]}, "properties": {"route": "D218B", "pr": "1", "abs": 1000, "label": "D218B PR1+1000"}}, {"type": "Feature", "geometry": {"type": "Point", "coordinates": [9.00450815, 42.31811537]}, "properties": {"route": "D218B", "pr": "3", "abs": 3000, "label": "D218B PR3+3000"}}, {"type": "Feature", "geometry": {"type": "Point", "coordinates": [9.35967561, 42.86492033]}, "properties": {"route": "D133", "pr": "0", "abs": 0, "label": "D133 PR0"}}, {"type": "Feature", "geometry": {"type": "Point", "coordinates": [9.3481738, 42.87036781]}, "properties": {"route": "D133", "pr": "2", "abs": 2000, "label": "D133 PR2+2000"}}, {"type": "Feature", "geometry": {"type": "Point", "coordinates": [9.34079815, 42.86731243]}, "properties": {"route": "D133", "pr": "3", "abs": 3000, "label": "D133 PR3+3000"}}, {"type": "Feature", "geometry": {"type": "Point", "coordinates": [9.35752686, 42.86887757]}, "properties": {"route": "D133", "pr": "1", "abs": 1000, "label": "D133 PR1+1000"}}, {"type": "Feature", "geometry": {"type": "Point", "coordinates": [9.15185426, 42.31345883]}, "properties": {"route": "D18", "pr": "0", "abs": 0, "label": "D18 PR0"}}, {"type": "Feature", "geometry": {"type": "Point", "coordinates": [9.1462438, 42.36921575]}, "properties": {"route": "D18", "pr": "9", "abs": 9000, "label": "D18 PR9+9000"}}, {"type": "Feature", "geometry": {"type": "Point", "coordinates": [9.18819796, 42.44669763]}, "properties": {"route": "D18", "pr": "27", "abs": 27000, "label": "D18 PR27+27000"}}, {"type": "Feature", "geometry": {"type": "Point", "coordinates": [9.14170072, 42.35192485]}, "properties": {"route": "D18", "pr": "5", "abs": 5000, "label": "D18 PR5+5000"}}, {"type": "Feature", "geometry": {"type": "Point", "coordinates": [9.13489413, 42.41144451]}, "properties": {"route": "D18", "pr": "15", "abs": 15000, "label": "D18 PR15+15000"}}, {"type": "Feature", "geometry": {"type": "Point", "coordinates": [9.13963497, 42.43295305]}, "properties": {"route": "D18", "pr": "19", "abs": 19000, "label": "D18 PR19+19000"}}, {"type": "Feature", "geometry": {"type": "Point", "coordinates": [9.14022307, 42.4345059]}, "properties": {"route": "D18", "pr": "21", "abs": 21000, "label": "D18 PR21+21000"}}, {"type": "Feature", "geometry": {"type": "Point", "coordinates": [9.15413082, 42.43566864]}, "properties": {"route": "D18", "pr": "23", "abs": 23000, "label": "D18 PR23+23000"}}, {"type": "Feature", "geometry": {"type": "Point", "coordinates": [9.13582072, 42.43759721]}, "properties": {"route": "D18", "pr": "20", "abs": 20000, "label": "D18 PR20+20000"}}, {"type": "Feature", "geometry": {"type": "Point", "coordinates": [9.1424144, 42.36448776]}, "properties": {"route": "D18", "pr": "7", "abs": 7000, "label": "D18 PR7+7000"}}, {"type": "Feature", "geometry": {"type": "Point", "coordinates": [9.15105234, 42.33809096]}, "properties": {"route": "D18", "pr": "3", "abs": 3000, "label": "D18 PR3+3000"}}, {"type": "Feature", "geometry": {"type": "Point", "coordinates": [9.14379473, 42.37163915]}, "properties": {"route": "D18", "pr": "8", "abs": 8000, "label": "D18 PR8+8000"}}, {"type": "Feature", "geometry": {"type": "Point", "coordinates": [9.15175243, 42.32175214]}, "properties": {"route": "D18", "pr": "1", "abs": 1000, "label": "D18 PR1+1000"}}, {"type": "Feature", "geometry": {"type": "Point", "coordinates": [9.14574379, 42.34386229]}, "properties": {"route": "D18", "pr": "4", "abs": 4000, "label": "D18 PR4+4000"}}, {"type": "Feature", "geometry": {"type": "Point", "coordinates": [9.14357953, 42.42656927]}, "properties": {"route": "D18", "pr": "18", "abs": 18000, "label": "D18 PR18+18000"}}, {"type": "Feature", "geometry": {"type": "Point", "coordinates": [9.15245206, 42.33042281]}, "properties": {"route": "D18", "pr": "2", "abs": 2000, "label": "D18 PR2+2000"}}, {"type": "Feature", "geometry": {"type": "Point", "coordinates": [9.14514025, 42.43523447]}, "properties": {"route": "D18", "pr": "22", "abs": 22000, "label": "D18 PR22+22000"}}, {"type": "Feature", "geometry": {"type": "Point", "coordinates": [9.13951997, 42.38333842]}, "properties": {"route": "D18", "pr": "11", "abs": 11000, "label": "D18 PR11+11000"}}, {"type": "Feature", "geometry": {"type": "Point", "coordinates": [9.14650663, 42.3769042]}, "properties": {"route": "D18", "pr": "10", "abs": 10000, "label": "D18 PR10+10000"}}, {"type": "Feature", "geometry": {"type": "Point", "coordinates": [9.14360906, 42.42051252]}, "properties": {"route": "D18", "pr": "17", "abs": 17000, "label": "D18 PR17+17000"}}, {"type": "Feature", "geometry": {"type": "Point", "coordinates": [9.13802257, 42.39003592]}, "properties": {"route": "D18", "pr": "12", "abs": 12000, "label": "D18 PR12+12000"}}, {"type": "Feature", "geometry": {"type": "Point", "coordinates": [9.14486041, 42.35638407]}, "properties": {"route": "D18", "pr": "6", "abs": 6000, "label": "D18 PR6+6000"}}, {"type": "Feature", "geometry": {"type": "Point", "coordinates": [9.16530337, 42.4342184]}, "properties": {"route": "D18", "pr": "24", "abs": 24000, "label": "D18 PR24+24000"}}, {"type": "Feature", "geometry": {"type": "Point", "coordinates": [9.13788552, 42.41548132]}, "properties": {"route": "D18", "pr": "16", "abs": 16000, "label": "D18 PR16+16000"}}, {"type": "Feature", "geometry": {"type": "Point", "coordinates": [9.13488792, 42.4033137]}, "properties": {"route": "D18", "pr": "14", "abs": 14000, "label": "D18 PR14+14000"}}, {"type": "Feature", "geometry": {"type": "Point", "coordinates": [9.17341321, 42.43932821]}, "properties": {"route": "D18", "pr": "25", "abs": 25000, "label": "D18 PR25+25000"}}, {"type": "Feature", "geometry": {"type": "Point", "coordinates": [9.13521308, 42.39830302]}, "properties": {"route": "D18", "pr": "13", "abs": 13000, "label": "D18 PR13+13000"}}, {"type": "Feature", "geometry": {"type": "Point", "coordinates": [9.17850502, 42.44675691]}, "properties": {"route": "D18", "pr": "26", "abs": 26000, "label": "D18 PR26+26000"}}, {"type": "Feature", "geometry": {"type": "Point", "coordinates": [9.4540899, 42.00437214]}, "properties": {"route": "D444", "pr": "0", "abs": 0, "label": "D444 PR0"}}, {"type": "Feature", "geometry": {"type": "Point", "coordinates": [9.43368054, 42.04124635]}, "properties": {"route": "D444", "pr": "6", "abs": 6000, "label": "D444 PR6+6000"}}, {"type": "Feature", "geometry": {"type": "Point", "coordinates": [9.45924459, 42.01239832]}, "properties": {"route": "D444", "pr": "1", "abs": 1000, "label": "D444 PR1+1000"}}, {"type": "Feature", "geometry": {"type": "Point", "coordinates": [9.45798507, 42.01972316]}, "properties": {"route": "D444", "pr": "2", "abs": 2000, "label": "D444 PR2+2000"}}, {"type": "Feature", "geometry": {"type": "Point", "coordinates": [9.45037132, 42.03251863]}, "properties": {"route": "D444", "pr": "4", "abs": 4000, "label": "D444 PR4+4000"}}, {"type": "Feature", "geometry": {"type": "Point", "coordinates": [9.44504199, 42.03856458]}, "properties": {"route": "D444", "pr": "5", "abs": 5000, "label": "D444 PR5+5000"}}, {"type": "Feature", "geometry": {"type": "Point", "coordinates": [9.45527788, 42.02639816]}, "properties": {"route": "D444", "pr": "3", "abs": 3000, "label": "D444 PR3+3000"}}, {"type": "Feature", "geometry": {"type": "Point", "coordinates": [9.30540472, 42.12109429]}, "properties": {"route": "D343", "pr": "26", "abs": 26000, "label": "D343 PR26+26000"}}, {"type": "Feature", "geometry": {"type": "Point", "coordinates": [9.36398829, 42.09743882]}, "properties": {"route": "D343", "pr": "34", "abs": 34000, "label": "D343 PR34+34000"}}, {"type": "Feature", "geometry": {"type": "Point", "coordinates": [9.31389775, 42.1172941]}, "properties": {"route": "D343", "pr": "28", "abs": 28000, "label": "D343 PR28+28000"}}, {"type": "Feature", "geometry": {"type": "Point", "coordinates": [9.3073649, 42.1143249]}, "properties": {"route": "D343", "pr": "27", "abs": 27000, "label": "D343 PR27+27000"}}, {"type": "Feature", "geometry": {"type": "Point", "coordinates": [9.39706074, 42.08966377]}, "properties": {"route": "D343", "pr": "37", "abs": 37000, "label": "D343 PR37+37000"}}, {"type": "Feature", "geometry": {"type": "Point", "coordinates": [9.22642994, 42.18414147]}, "properties": {"route": "D343", "pr": "11", "abs": 11000, "label": "D343 PR11+11000"}}, {"type": "Feature", "geometry": {"type": "Point", "coordinates": [9.18914714, 42.17974478]}, "properties": {"route": "D343", "pr": "5", "abs": 5000, "label": "D343 PR5+5000"}}, {"type": "Feature", "geometry": {"type": "Point", "coordinates": [9.26580275, 42.14394609]}, "properties": {"route": "D343", "pr": "20", "abs": 20000, "label": "D343 PR20+20000"}}, {"type": "Feature", "geometry": {"type": "Point", "coordinates": [9.26842737, 42.15632967]}, "properties": {"route": "D343", "pr": "18", "abs": 18000, "label": "D343 PR18+18000"}}, {"type": "Feature", "geometry": {"type": "Point", "coordinates": [9.20532714, 42.18377229]}, "properties": {"route": "D343", "pr": "8", "abs": 8000, "label": "D343 PR8+8000"}}, {"type": "Feature", "geometry": {"type": "Point", "coordinates": [9.33974996, 42.10666997]}, "properties": {"route": "D343", "pr": "31", "abs": 31000, "label": "D343 PR31+31000"}}, {"type": "Feature", "geometry": {"type": "Point", "coordinates": [9.45686875, 42.08450975]}, "properties": {"route": "D343", "pr": "42", "abs": 42000, "label": "D343 PR42+42000"}}, {"type": "Feature", "geometry": {"type": "Point", "coordinates": [9.38524338, 42.09149831]}, "properties": {"route": "D343", "pr": "36", "abs": 36000, "label": "D343 PR36+36000"}}, {"type": "Feature", "geometry": {"type": "Point", "coordinates": [9.28016484, 42.13725209]}, "properties": {"route": "D343", "pr": "22", "abs": 22000, "label": "D343 PR22+22000"}}, {"type": "Feature", "geometry": {"type": "Point", "coordinates": [9.17799194, 42.16938824]}, "properties": {"route": "D343", "pr": "1", "abs": 1000, "label": "D343 PR1+1000"}}, {"type": "Feature", "geometry": {"type": "Point", "coordinates": [9.42080916, 42.08671845]}, "properties": {"route": "D343", "pr": "39", "abs": 39000, "label": "D343 PR39+39000"}}, {"type": "Feature", "geometry": {"type": "Point", "coordinates": [9.18216468, 42.16804152]}, "properties": {"route": "D343", "pr": "2", "abs": 2000, "label": "D343 PR2+2000"}}, {"type": "Feature", "geometry": {"type": "Point", "coordinates": [9.25748556, 42.16740187]}, "properties": {"route": "D343", "pr": "16", "abs": 16000, "label": "D343 PR16+16000"}}, {"type": "Feature", "geometry": {"type": "Point", "coordinates": [9.19175401, 42.18628442]}, "properties": {"route": "D343", "pr": "6", "abs": 6000, "label": "D343 PR6+6000"}}, {"type": "Feature", "geometry": {"type": "Point", "coordinates": [9.26622631, 42.16372285]}, "properties": {"route": "D343", "pr": "17", "abs": 17000, "label": "D343 PR17+17000"}}, {"type": "Feature", "geometry": {"type": "Point", "coordinates": [9.40885974, 42.08782178]}, "properties": {"route": "D343", "pr": "38", "abs": 38000, "label": "D343 PR38+38000"}}, {"type": "Feature", "geometry": {"type": "Point", "coordinates": [9.30228692, 42.12854469]}, "properties": {"route": "D343", "pr": "25", "abs": 25000, "label": "D343 PR25+25000"}}, {"type": "Feature", "geometry": {"type": "Point", "coordinates": [9.29487562, 42.13086789]}, "properties": {"route": "D343", "pr": "24", "abs": 24000, "label": "D343 PR24+24000"}}, {"type": "Feature", "geometry": {"type": "Point", "coordinates": [9.35772328, 42.1021876]}, "properties": {"route": "D343", "pr": "33", "abs": 33000, "label": "D343 PR33+33000"}}, {"type": "Feature", "geometry": {"type": "Point", "coordinates": [9.43282914, 42.08597458]}, "properties": {"route": "D343", "pr": "40", "abs": 40000, "label": "D343 PR40+40000"}}, {"type": "Feature", "geometry": {"type": "Point", "coordinates": [9.34854535, 42.10350855]}, "properties": {"route": "D343", "pr": "32", "abs": 32000, "label": "D343 PR32+32000"}}, {"type": "Feature", "geometry": {"type": "Point", "coordinates": [9.21816648, 42.17909385]}, "properties": {"route": "D343", "pr": "10", "abs": 10000, "label": "D343 PR10+10000"}}, {"type": "Feature", "geometry": {"type": "Point", "coordinates": [9.23719017, 42.18287485]}, "properties": {"route": "D343", "pr": "12", "abs": 12000, "label": "D343 PR12+12000"}}, {"type": "Feature", "geometry": {"type": "Point", "coordinates": [9.27220315, 42.13976851]}, "properties": {"route": "D343", "pr": "21", "abs": 21000, "label": "D343 PR21+21000"}}, {"type": "Feature", "geometry": {"type": "Point", "coordinates": [9.37352512, 42.0935599]}, "properties": {"route": "D343", "pr": "35", "abs": 35000, "label": "D343 PR35+35000"}}, {"type": "Feature", "geometry": {"type": "Point", "coordinates": [9.24520255, 42.17072472]}, "properties": {"route": "D343", "pr": "14", "abs": 14000, "label": "D343 PR14+14000"}}, {"type": "Feature", "geometry": {"type": "Point", "coordinates": [9.19003533, 42.167672]}, "properties": {"route": "D343", "pr": "3", "abs": 3000, "label": "D343 PR3+3000"}}, {"type": "Feature", "geometry": {"type": "Point", "coordinates": [9.44484917, 42.08525456]}, "properties": {"route": "D343", "pr": "41", "abs": 41000, "label": "D343 PR41+41000"}}, {"type": "Feature", "geometry": {"type": "Point", "coordinates": [9.32378055, 42.11303062]}, "properties": {"route": "D343", "pr": "29", "abs": 29000, "label": "D343 PR29+29000"}}, {"type": "Feature", "geometry": {"type": "Point", "coordinates": [9.19974267, 42.18297426]}, "properties": {"route": "D343", "pr": "7", "abs": 7000, "label": "D343 PR7+7000"}}, {"type": "Feature", "geometry": {"type": "Point", "coordinates": [9.18711832, 42.17466949]}, "properties": {"route": "D343", "pr": "4", "abs": 4000, "label": "D343 PR4+4000"}}, {"type": "Feature", "geometry": {"type": "Point", "coordinates": [9.21259349, 42.18353576]}, "properties": {"route": "D343", "pr": "9", "abs": 9000, "label": "D343 PR9+9000"}}, {"type": "Feature", "geometry": {"type": "Point", "coordinates": [9.4809094, 42.08300508]}, "properties": {"route": "D343", "pr": "44", "abs": 44000, "label": "D343 PR44+44000"}}, {"type": "Feature", "geometry": {"type": "Point", "coordinates": [9.33424453, 42.11354604]}, "properties": {"route": "D343", "pr": "30", "abs": 30000, "label": "D343 PR30+30000"}}, {"type": "Feature", "geometry": {"type": "Point", "coordinates": [9.27187061, 42.15009067]}, "properties": {"route": "D343", "pr": "19", "abs": 19000, "label": "D343 PR19+19000"}}, {"type": "Feature", "geometry": {"type": "Point", "coordinates": [9.24629658, 42.16618551]}, "properties": {"route": "D343", "pr": "15", "abs": 15000, "label": "D343 PR15+15000"}}, {"type": "Feature", "geometry": {"type": "Point", "coordinates": [9.46889286, 42.08374165]}, "properties": {"route": "D343", "pr": "43", "abs": 43000, "label": "D343 PR43+43000"}}, {"type": "Feature", "geometry": {"type": "Point", "coordinates": [9.24534707, 42.17808634]}, "properties": {"route": "D343", "pr": "13", "abs": 13000, "label": "D343 PR13+13000"}}, {"type": "Feature", "geometry": {"type": "Point", "coordinates": [9.29063885, 42.1371738]}, "properties": {"route": "D343", "pr": "23", "abs": 23000, "label": "D343 PR23+23000"}}, {"type": "Feature", "geometry": {"type": "Point", "coordinates": [9.03397453, 42.34578208]}, "properties": {"route": "D618", "pr": "0", "abs": 0, "label": "D618 PR0"}}, {"type": "Feature", "geometry": {"type": "Point", "coordinates": [9.03675363, 42.34541778]}, "properties": {"route": "D618", "pr": "1", "abs": 1000, "label": "D618 PR1+1000"}}, {"type": "Feature", "geometry": {"type": "Point", "coordinates": [9.04072509, 42.3511955]}, "properties": {"route": "D618", "pr": "2", "abs": 2000, "label": "D618 PR2+2000"}}, {"type": "Feature", "geometry": {"type": "Point", "coordinates": [9.04078557, 42.35507361]}, "properties": {"route": "D618", "pr": "3", "abs": 3000, "label": "D618 PR3+3000"}}, {"type": "Feature", "geometry": {"type": "Point", "coordinates": [8.92332419, 42.62755592]}, "properties": {"route": "D513", "pr": "0", "abs": 0, "label": "D513 PR0"}}, {"type": "Feature", "geometry": {"type": "Point", "coordinates": [8.93294751, 42.63261213]}, "properties": {"route": "D513", "pr": "1", "abs": 1000, "label": "D513 PR1+1000"}}, {"type": "Feature", "geometry": {"type": "Point", "coordinates": [9.43433057, 42.70122157]}, "properties": {"route": "D164", "pr": "0", "abs": 0, "label": "D164 PR0"}}, {"type": "Feature", "geometry": {"type": "Point", "coordinates": [9.43425913, 42.70269719]}, "properties": {"route": "D164", "pr": "1", "abs": 1000, "label": "D164 PR1+1000"}}, {"type": "Feature", "geometry": {"type": "Point", "coordinates": [9.41602965, 42.95758048]}, "properties": {"route": "D53A", "pr": "0", "abs": 0, "label": "D53A PR0"}}, {"type": "Feature", "geometry": {"type": "Point", "coordinates": [9.41256268, 42.95181286]}, "properties": {"route": "D53A", "pr": "1", "abs": 1000, "label": "D53A PR1+1000"}}, {"type": "Feature", "geometry": {"type": "Point", "coordinates": [9.29229803, 42.23758792]}, "properties": {"route": "D314", "pr": "0", "abs": 0, "label": "D314 PR0"}}, {"type": "Feature", "geometry": {"type": "Point", "coordinates": [9.28350807, 42.23661351]}, "properties": {"route": "D314", "pr": "3", "abs": 3000, "label": "D314 PR3+3000"}}, {"type": "Feature", "geometry": {"type": "Point", "coordinates": [9.27821429, 42.23049741]}, "properties": {"route": "D314", "pr": "4", "abs": 4000, "label": "D314 PR4+4000"}}, {"type": "Feature", "geometry": {"type": "Point", "coordinates": [9.269346, 42.22270484]}, "properties": {"route": "D314", "pr": "7", "abs": 7000, "label": "D314 PR7+7000"}}, {"type": "Feature", "geometry": {"type": "Point", "coordinates": [9.265421, 42.22249965]}, "properties": {"route": "D314", "pr": "8", "abs": 8000, "label": "D314 PR8+8000"}}, {"type": "Feature", "geometry": {"type": "Point", "coordinates": [9.27751319, 42.22671829]}, "properties": {"route": "D314", "pr": "5", "abs": 5000, "label": "D314 PR5+5000"}}, {"type": "Feature", "geometry": {"type": "Point", "coordinates": [9.2870057, 42.2415738]}, "properties": {"route": "D314", "pr": "2", "abs": 2000, "label": "D314 PR2+2000"}}, {"type": "Feature", "geometry": {"type": "Point", "coordinates": [9.29061916, 42.23634784]}, "properties": {"route": "D314", "pr": "1", "abs": 1000, "label": "D314 PR1+1000"}}, {"type": "Feature", "geometry": {"type": "Point", "coordinates": [9.27265595, 42.22516219]}, "properties": {"route": "D314", "pr": "6", "abs": 6000, "label": "D314 PR6+6000"}}, {"type": "Feature", "geometry": {"type": "Point", "coordinates": [9.29650387, 41.98875969]}, "properties": {"route": "D445", "pr": "0", "abs": 0, "label": "D445 PR0"}}, {"type": "Feature", "geometry": {"type": "Point", "coordinates": [9.26647331, 41.98669637]}, "properties": {"route": "D445", "pr": "4", "abs": 4000, "label": "D445 PR4+4000"}}, {"type": "Feature", "geometry": {"type": "Point", "coordinates": [9.2626879, 41.96644897]}, "properties": {"route": "D445", "pr": "7", "abs": 7000, "label": "D445 PR7+7000"}}, {"type": "Feature", "geometry": {"type": "Point", "coordinates": [9.28230734, 41.98278869]}, "properties": {"route": "D445", "pr": "2", "abs": 2000, "label": "D445 PR2+2000"}}, {"type": "Feature", "geometry": {"type": "Point", "coordinates": [9.2890735, 41.98649583]}, "properties": {"route": "D445", "pr": "1", "abs": 1000, "label": "D445 PR1+1000"}}, {"type": "Feature", "geometry": {"type": "Point", "coordinates": [9.26769337, 41.97338267]}, "properties": {"route": "D445", "pr": "6", "abs": 6000, "label": "D445 PR6+6000"}}, {"type": "Feature", "geometry": {"type": "Point", "coordinates": [9.26994493, 41.98036263]}, "properties": {"route": "D445", "pr": "5", "abs": 5000, "label": "D445 PR5+5000"}}, {"type": "Feature", "geometry": {"type": "Point", "coordinates": [9.27503514, 41.98396279]}, "properties": {"route": "D445", "pr": "3", "abs": 3000, "label": "D445 PR3+3000"}}, {"type": "Feature", "geometry": {"type": "Point", "coordinates": [9.45412203, 42.77871549]}, "properties": {"route": "D254", "pr": "0", "abs": 0, "label": "D254 PR0"}}, {"type": "Feature", "geometry": {"type": "Point", "coordinates": [9.52996431, 42.37487098]}, "properties": {"route": "D34", "pr": "0", "abs": 0, "label": "D34 PR0"}}, {"type": "Feature", "geometry": {"type": "Point", "coordinates": [9.4858451, 42.36742917]}, "properties": {"route": "D34", "pr": "7", "abs": 7000, "label": "D34 PR7+7000"}}, {"type": "Feature", "geometry": {"type": "Point", "coordinates": [9.45569183, 42.35624257]}, "properties": {"route": "D34", "pr": "13", "abs": 13000, "label": "D34 PR13+13000"}}, {"type": "Feature", "geometry": {"type": "Point", "coordinates": [9.48564614, 42.36651332]}, "properties": {"route": "D34", "pr": "8", "abs": 8000, "label": "D34 PR8+8000"}}, {"type": "Feature", "geometry": {"type": "Point", "coordinates": [9.47038879, 42.36212194]}, "properties": {"route": "D34", "pr": "11", "abs": 11000, "label": "D34 PR11+11000"}}, {"type": "Feature", "geometry": {"type": "Point", "coordinates": [9.46176397, 42.35837589]}, "properties": {"route": "D34", "pr": "12", "abs": 12000, "label": "D34 PR12+12000"}}, {"type": "Feature", "geometry": {"type": "Point", "coordinates": [9.50845436, 42.37902983]}, "properties": {"route": "D34", "pr": "2", "abs": 2000, "label": "D34 PR2+2000"}}, {"type": "Feature", "geometry": {"type": "Point", "coordinates": [9.51886328, 42.37736181]}, "properties": {"route": "D34", "pr": "1", "abs": 1000, "label": "D34 PR1+1000"}}, {"type": "Feature", "geometry": {"type": "Point", "coordinates": [9.49559743, 42.36773521]}, "properties": {"route": "D34", "pr": "5", "abs": 5000, "label": "D34 PR5+5000"}}, {"type": "Feature", "geometry": {"type": "Point", "coordinates": [9.50069859, 42.37110641]}, "properties": {"route": "D34", "pr": "4", "abs": 4000, "label": "D34 PR4+4000"}}, {"type": "Feature", "geometry": {"type": "Point", "coordinates": [9.4786676, 42.36829727]}, "properties": {"route": "D34", "pr": "9", "abs": 9000, "label": "D34 PR9+9000"}}, {"type": "Feature", "geometry": {"type": "Point", "coordinates": [9.4907602, 42.36790549]}, "properties": {"route": "D34", "pr": "6", "abs": 6000, "label": "D34 PR6+6000"}}, {"type": "Feature", "geometry": {"type": "Point", "coordinates": [9.50258151, 42.37550051]}, "properties": {"route": "D34", "pr": "3", "abs": 3000, "label": "D34 PR3+3000"}}, {"type": "Feature", "geometry": {"type": "Point", "coordinates": [9.47441119, 42.3670146]}, "properties": {"route": "D34", "pr": "10", "abs": 10000, "label": "D34 PR10+10000"}}, {"type": "Feature", "geometry": {"type": "Point", "coordinates": [9.45140169, 42.3548502]}, "properties": {"route": "D34", "pr": "14", "abs": 14000, "label": "D34 PR14+14000"}}, {"type": "Feature", "geometry": {"type": "Point", "coordinates": [9.39017703, 42.53905216]}, "properties": {"route": "D607", "pr": "0", "abs": 0, "label": "D607 PR0"}}, {"type": "Feature", "geometry": {"type": "Point", "coordinates": [9.3927632, 42.53450019]}, "properties": {"route": "D607", "pr": "2", "abs": 2000, "label": "D607 PR2+2000"}}, {"type": "Feature", "geometry": {"type": "Point", "coordinates": [9.3848559, 42.53655903]}, "properties": {"route": "D607", "pr": "1", "abs": 1000, "label": "D607 PR1+1000"}}, {"type": "Feature", "geometry": {"type": "Point", "coordinates": [9.40664679, 42.52485533]}, "properties": {"route": "D607", "pr": "5", "abs": 5000, "label": "D607 PR5+5000"}}, {"type": "Feature", "geometry": {"type": "Point", "coordinates": [9.40045367, 42.52984994]}, "properties": {"route": "D607", "pr": "4", "abs": 4000, "label": "D607 PR4+4000"}}, {"type": "Feature", "geometry": {"type": "Point", "coordinates": [9.39732258, 42.53374127]}, "properties": {"route": "D607", "pr": "3", "abs": 3000, "label": "D607 PR3+3000"}}, {"type": "Feature", "geometry": {"type": "Point", "coordinates": [9.43844922, 42.67611364]}, "properties": {"route": "D464", "pr": "0", "abs": 0, "label": "D464 PR0"}}, {"type": "Feature", "geometry": {"type": "Point", "coordinates": [9.43407324, 42.63702788]}, "properties": {"route": "D464", "pr": "5", "abs": 5000, "label": "D464 PR5+5000"}}, {"type": "Feature", "geometry": {"type": "Point", "coordinates": [9.43154399, 42.64560001]}, "properties": {"route": "D464", "pr": "4", "abs": 4000, "label": "D464 PR4+4000"}}, {"type": "Feature", "geometry": {"type": "Point", "coordinates": [9.43501573, 42.6625343]}, "properties": {"route": "D464", "pr": "2", "abs": 2000, "label": "D464 PR2+2000"}}, {"type": "Feature", "geometry": {"type": "Point", "coordinates": [9.43105766, 42.6544739]}, "properties": {"route": "D464", "pr": "3", "abs": 3000, "label": "D464 PR3+3000"}}, {"type": "Feature", "geometry": {"type": "Point", "coordinates": [9.44154853, 42.6697159]}, "properties": {"route": "D464", "pr": "1", "abs": 1000, "label": "D464 PR1+1000"}}, {"type": "Feature", "geometry": {"type": "Point", "coordinates": [9.50956223, 42.38227998]}, "properties": {"route": "D209", "pr": "0", "abs": 0, "label": "D209 PR0"}}, {"type": "Feature", "geometry": {"type": "Point", "coordinates": [9.49035392, 42.37866598]}, "properties": {"route": "D209", "pr": "3", "abs": 3000, "label": "D209 PR3+3000"}}, {"type": "Feature", "geometry": {"type": "Point", "coordinates": [9.48328882, 42.37963839]}, "properties": {"route": "D209", "pr": "5", "abs": 5000, "label": "D209 PR5+5000"}}, {"type": "Feature", "geometry": {"type": "Point", "coordinates": [9.49552705, 42.37903621]}, "properties": {"route": "D209", "pr": "2", "abs": 2000, "label": "D209 PR2+2000"}}, {"type": "Feature", "geometry": {"type": "Point", "coordinates": [9.48760276, 42.37883309]}, "properties": {"route": "D209", "pr": "4", "abs": 4000, "label": "D209 PR4+4000"}}, {"type": "Feature", "geometry": {"type": "Point", "coordinates": [9.50289329, 42.38108746]}, "properties": {"route": "D209", "pr": "1", "abs": 1000, "label": "D209 PR1+1000"}}, {"type": "Feature", "geometry": {"type": "Point", "coordinates": [9.29553598, 42.3746604]}, "properties": {"route": "D939", "pr": "0", "abs": 0, "label": "D939 PR0"}}, {"type": "Feature", "geometry": {"type": "Point", "coordinates": [9.55660583, 42.19999244]}, "properties": {"route": "D617", "pr": "0", "abs": 0, "label": "D617 PR0"}}, {"type": "Feature", "geometry": {"type": "Point", "coordinates": [9.5458984, 42.20197915]}, "properties": {"route": "D617", "pr": "1", "abs": 1000, "label": "D617 PR1+1000"}}, {"type": "Feature", "geometry": {"type": "Point", "coordinates": [9.53499858, 42.20327957]}, "properties": {"route": "D617", "pr": "2", "abs": 2000, "label": "D617 PR2+2000"}}, {"type": "Feature", "geometry": {"type": "Point", "coordinates": [9.46243093, 42.77812535]}, "properties": {"route": "D154", "pr": "0", "abs": 0, "label": "D154 PR0"}}, {"type": "Feature", "geometry": {"type": "Point", "coordinates": [9.25104291, 42.31657704]}, "properties": {"route": "D241", "pr": "0", "abs": 0, "label": "D241 PR0"}}, {"type": "Feature", "geometry": {"type": "Point", "coordinates": [9.24722319, 42.31053502]}, "properties": {"route": "D241", "pr": "1", "abs": 1000, "label": "D241 PR1+1000"}}, {"type": "Feature", "geometry": {"type": "Point", "coordinates": [9.13908127, 42.43106733]}, "properties": {"route": "D918A", "pr": "0", "abs": 0, "label": "D918A PR0"}}, {"type": "Feature", "geometry": {"type": "Point", "coordinates": [9.45686945, 42.50801375]}, "properties": {"route": "D237", "pr": "0", "abs": 0, "label": "D237 PR0"}}, {"type": "Feature", "geometry": {"type": "Point", "coordinates": [9.43797727, 42.494054]}, "properties": {"route": "D237", "pr": "3", "abs": 3000, "label": "D237 PR3+3000"}}, {"type": "Feature", "geometry": {"type": "Point", "coordinates": [9.38748894, 42.44703967]}, "properties": {"route": "D237", "pr": "20", "abs": 20000, "label": "D237 PR20+20000"}}, {"type": "Feature", "geometry": {"type": "Point", "coordinates": [9.4496627, 42.48545128]}, "properties": {"route": "D237", "pr": "5", "abs": 5000, "label": "D237 PR5+5000"}}, {"type": "Feature", "geometry": {"type": "Point", "coordinates": [9.44847772, 42.47189247]}, "properties": {"route": "D237", "pr": "9", "abs": 9000, "label": "D237 PR9+9000"}}, {"type": "Feature", "geometry": {"type": "Point", "coordinates": [9.45161966, 42.50041924]}, "properties": {"route": "D237", "pr": "1", "abs": 1000, "label": "D237 PR1+1000"}}, {"type": "Feature", "geometry": {"type": "Point", "coordinates": [9.43557207, 42.4598966]}, "properties": {"route": "D237", "pr": "13", "abs": 13000, "label": "D237 PR13+13000"}}, {"type": "Feature", "geometry": {"type": "Point", "coordinates": [9.37252977, 42.44680499]}, "properties": {"route": "D237", "pr": "22", "abs": 22000, "label": "D237 PR22+22000"}}, {"type": "Feature", "geometry": {"type": "Point", "coordinates": [9.4507722, 42.47742643]}, "properties": {"route": "D237", "pr": "8", "abs": 8000, "label": "D237 PR8+8000"}}, {"type": "Feature", "geometry": {"type": "Point", "coordinates": [9.38895151, 42.44082394]}, "properties": {"route": "D237", "pr": "19", "abs": 19000, "label": "D237 PR19+19000"}}, {"type": "Feature", "geometry": {"type": "Point", "coordinates": [9.40262242, 42.44846031]}, "properties": {"route": "D237", "pr": "17", "abs": 17000, "label": "D237 PR17+17000"}}, {"type": "Feature", "geometry": {"type": "Point", "coordinates": [9.44482448, 42.49076078]}, "properties": {"route": "D237", "pr": "4", "abs": 4000, "label": "D237 PR4+4000"}}, {"type": "Feature", "geometry": {"type": "Point", "coordinates": [9.44352421, 42.46737094]}, "properties": {"route": "D237", "pr": "10", "abs": 10000, "label": "D237 PR10+10000"}}, {"type": "Feature", "geometry": {"type": "Point", "coordinates": [9.44694032, 42.46164262]}, "properties": {"route": "D237", "pr": "11", "abs": 11000, "label": "D237 PR11+11000"}}, {"type": "Feature", "geometry": {"type": "Point", "coordinates": [9.41234303, 42.45075987]}, "properties": {"route": "D237", "pr": "16", "abs": 16000, "label": "D237 PR16+16000"}}, {"type": "Feature", "geometry": {"type": "Point", "coordinates": [9.36544913, 42.44860233]}, "properties": {"route": "D237", "pr": "23", "abs": 23000, "label": "D237 PR23+23000"}}, {"type": "Feature", "geometry": {"type": "Point", "coordinates": [9.44427258, 42.49386072]}, "properties": {"route": "D237", "pr": "2", "abs": 2000, "label": "D237 PR2+2000"}}, {"type": "Feature", "geometry": {"type": "Point", "coordinates": [9.42076479, 42.44993629]}, "properties": {"route": "D237", "pr": "15", "abs": 15000, "label": "D237 PR15+15000"}}, {"type": "Feature", "geometry": {"type": "Point", "coordinates": [9.44679183, 42.48152778]}, "properties": {"route": "D237", "pr": "6", "abs": 6000, "label": "D237 PR6+6000"}}, {"type": "Feature", "geometry": {"type": "Point", "coordinates": [9.396463, 42.44294905]}, "properties": {"route": "D237", "pr": "18", "abs": 18000, "label": "D237 PR18+18000"}}, {"type": "Feature", "geometry": {"type": "Point", "coordinates": [9.44691533, 42.45804377]}, "properties": {"route": "D237", "pr": "12", "abs": 12000, "label": "D237 PR12+12000"}}, {"type": "Feature", "geometry": {"type": "Point", "coordinates": [9.37960431, 42.45140413]}, "properties": {"route": "D237", "pr": "21", "abs": 21000, "label": "D237 PR21+21000"}}, {"type": "Feature", "geometry": {"type": "Point", "coordinates": [9.42745396, 42.4555289]}, "properties": {"route": "D237", "pr": "14", "abs": 14000, "label": "D237 PR14+14000"}}, {"type": "Feature", "geometry": {"type": "Point", "coordinates": [9.44258234, 42.47586164]}, "properties": {"route": "D237", "pr": "7", "abs": 7000, "label": "D237 PR7+7000"}}, {"type": "Feature", "geometry": {"type": "Point", "coordinates": [9.38200207, 42.9767696]}, "properties": {"route": "D253", "pr": "0", "abs": 0, "label": "D253 PR0"}}, {"type": "Feature", "geometry": {"type": "Point", "coordinates": [9.39497811, 43.00495983]}, "properties": {"route": "D253", "pr": "8", "abs": 8000, "label": "D253 PR8+8000"}}, {"type": "Feature", "geometry": {"type": "Point", "coordinates": [9.40297463, 43.00555152]}, "properties": {"route": "D253", "pr": "7", "abs": 7000, "label": "D253 PR7+7000"}}, {"type": "Feature", "geometry": {"type": "Point", "coordinates": [9.38999866, 42.97496284]}, "properties": {"route": "D253", "pr": "2", "abs": 2000, "label": "D253 PR2+2000"}}, {"type": "Feature", "geometry": {"type": "Point", "coordinates": [9.40139058, 42.99145359]}, "properties": {"route": "D253", "pr": "5", "abs": 5000, "label": "D253 PR5+5000"}}, {"type": "Feature", "geometry": {"type": "Point", "coordinates": [9.39918432, 42.99900841]}, "properties": {"route": "D253", "pr": "6", "abs": 6000, "label": "D253 PR6+6000"}}, {"type": "Feature", "geometry": {"type": "Point", "coordinates": [9.38906991, 42.97246109]}, "properties": {"route": "D253", "pr": "1", "abs": 1000, "label": "D253 PR1+1000"}}, {"type": "Feature", "geometry": {"type": "Point", "coordinates": [9.39481505, 42.98214051]}, "properties": {"route": "D253", "pr": "3", "abs": 3000, "label": "D253 PR3+3000"}}, {"type": "Feature", "geometry": {"type": "Point", "coordinates": [9.38595017, 43.00163902]}, "properties": {"route": "D253", "pr": "9", "abs": 9000, "label": "D253 PR9+9000"}}, {"type": "Feature", "geometry": {"type": "Point", "coordinates": [9.40181429, 42.98796348]}, "properties": {"route": "D253", "pr": "4", "abs": 4000, "label": "D253 PR4+4000"}}, {"type": "Feature", "geometry": {"type": "Point", "coordinates": [8.83171944, 42.58325145]}, "properties": {"route": "D71", "pr": "10", "abs": 10100, "label": "D71 PR10+10100"}}, {"type": "Feature", "geometry": {"type": "Point", "coordinates": [8.94208344, 42.54483237]}, "properties": {"route": "D71", "pr": "27", "abs": 27000, "label": "D71 PR27+27000"}}, {"type": "Feature", "geometry": {"type": "Point", "coordinates": [8.87342411, 42.57703877]}, "properties": {"route": "D71", "pr": "15", "abs": 15000, "label": "D71 PR15+15000"}}, {"type": "Feature", "geometry": {"type": "Point", "coordinates": [8.9192356, 42.54423847]}, "properties": {"route": "D71", "pr": "23", "abs": 23000, "label": "D71 PR23+23000"}}, {"type": "Feature", "geometry": {"type": "Point", "coordinates": [8.98476218, 42.57260539]}, "properties": {"route": "D71", "pr": "35", "abs": 35000, "label": "D71 PR35+35000"}}, {"type": "Feature", "geometry": {"type": "Point", "coordinates": [8.94866665, 42.55759682]}, "properties": {"route": "D71", "pr": "29", "abs": 29000, "label": "D71 PR29+29000"}}, {"type": "Feature", "geometry": {"type": "Point", "coordinates": [8.84010675, 42.58737108]}, "properties": {"route": "D71", "pr": "11", "abs": 11000, "label": "D71 PR11+11000"}}, {"type": "Feature", "geometry": {"type": "Point", "coordinates": [8.9343632, 42.54442138]}, "properties": {"route": "D71", "pr": "26", "abs": 26000, "label": "D71 PR26+26000"}}, {"type": "Feature", "geometry": {"type": "Point", "coordinates": [8.96250302, 42.56663271]}, "properties": {"route": "D71", "pr": "32", "abs": 32000, "label": "D71 PR32+32000"}}, {"type": "Feature", "geometry": {"type": "Point", "coordinates": [8.91619456, 42.54937366]}, "properties": {"route": "D71", "pr": "22", "abs": 22000, "label": "D71 PR22+22000"}}, {"type": "Feature", "geometry": {"type": "Point", "coordinates": [8.92698798, 42.54996674]}, "properties": {"route": "D71", "pr": "24", "abs": 24000, "label": "D71 PR24+24000"}}, {"type": "Feature", "geometry": {"type": "Point", "coordinates": [8.97177495, 42.56387251]}, "properties": {"route": "D71", "pr": "33", "abs": 33000, "label": "D71 PR33+33000"}}, {"type": "Feature", "geometry": {"type": "Point", "coordinates": [8.89785987, 42.5662415]}, "properties": {"route": "D71", "pr": "18", "abs": 18000, "label": "D71 PR18+18000"}}, {"type": "Feature", "geometry": {"type": "Point", "coordinates": [9.02086579, 42.58131647]}, "properties": {"route": "D71", "pr": "42", "abs": 42000, "label": "D71 PR42+42000"}}, {"type": "Feature", "geometry": {"type": "Point", "coordinates": [8.93215591, 42.54926637]}, "properties": {"route": "D71", "pr": "25", "abs": 25000, "label": "D71 PR25+25000"}}, {"type": "Feature", "geometry": {"type": "Point", "coordinates": [8.97877038, 42.56867077]}, "properties": {"route": "D71", "pr": "34", "abs": 34000, "label": "D71 PR34+34000"}}, {"type": "Feature", "geometry": {"type": "Point", "coordinates": [8.99206367, 42.57173643]}, "properties": {"route": "D71", "pr": "37", "abs": 37000, "label": "D71 PR37+37000"}}, {"type": "Feature", "geometry": {"type": "Point", "coordinates": [8.89693446, 42.55718309]}, "properties": {"route": "D71", "pr": "20", "abs": 20000, "label": "D71 PR20+20000"}}, {"type": "Feature", "geometry": {"type": "Point", "coordinates": [8.90589048, 42.55211404]}, "properties": {"route": "D71", "pr": "21", "abs": 21000, "label": "D71 PR21+21000"}}, {"type": "Feature", "geometry": {"type": "Point", "coordinates": [9.00071848, 42.57336123]}, "properties": {"route": "D71", "pr": "38", "abs": 38000, "label": "D71 PR38+38000"}}, {"type": "Feature", "geometry": {"type": "Point", "coordinates": [8.89264973, 42.56099531]}, "properties": {"route": "D71", "pr": "19", "abs": 19000, "label": "D71 PR19+19000"}}, {"type": "Feature", "geometry": {"type": "Point", "coordinates": [8.94562828, 42.56210721]}, "properties": {"route": "D71", "pr": "30", "abs": 30000, "label": "D71 PR30+30000"}}, {"type": "Feature", "geometry": {"type": "Point", "coordinates": [8.95390677, 42.56763418]}, "properties": {"route": "D71", "pr": "31", "abs": 31000, "label": "D71 PR31+31000"}}, {"type": "Feature", "geometry": {"type": "Point", "coordinates": [9.01662045, 42.57001818]}, "properties": {"route": "D71", "pr": "40", "abs": 40000, "label": "D71 PR40+40000"}}, {"type": "Feature", "geometry": {"type": "Point", "coordinates": [8.85648568, 42.58514785]}, "properties": {"route": "D71", "pr": "13", "abs": 13000, "label": "D71 PR13+13000"}}, {"type": "Feature", "geometry": {"type": "Point", "coordinates": [8.85045787, 42.58977329]}, "properties": {"route": "D71", "pr": "12", "abs": 12000, "label": "D71 PR12+12000"}}, {"type": "Feature", "geometry": {"type": "Point", "coordinates": [8.89060364, 42.57108069]}, "properties": {"route": "D71", "pr": "17", "abs": 17000, "label": "D71 PR17+17000"}}, {"type": "Feature", "geometry": {"type": "Point", "coordinates": [8.88134866, 42.57196115]}, "properties": {"route": "D71", "pr": "16", "abs": 16000, "label": "D71 PR16+16000"}}, {"type": "Feature", "geometry": {"type": "Point", "coordinates": [9.01006396, 42.57517185]}, "properties": {"route": "D71", "pr": "39", "abs": 39000, "label": "D71 PR39+39000"}}, {"type": "Feature", "geometry": {"type": "Point", "coordinates": [8.86453985, 42.58162403]}, "properties": {"route": "D71", "pr": "14", "abs": 14000, "label": "D71 PR14+14000"}}, {"type": "Feature", "geometry": {"type": "Point", "coordinates": [8.94691552, 42.55236377]}, "properties": {"route": "D71", "pr": "28", "abs": 28000, "label": "D71 PR28+28000"}}, {"type": "Feature", "geometry": {"type": "Point", "coordinates": [8.98909182, 42.56730714]}, "properties": {"route": "D71", "pr": "36", "abs": 36000, "label": "D71 PR36+36000"}}, {"type": "Feature", "geometry": {"type": "Point", "coordinates": [9.02037013, 42.57602583]}, "properties": {"route": "D71", "pr": "41", "abs": 41000, "label": "D71 PR41+41000"}}, {"type": "Feature", "geometry": {"type": "Point", "coordinates": [9.36239368, 42.63962258]}, "properties": {"route": "D238", "pr": "0", "abs": 0, "label": "D238 PR0"}}, {"type": "Feature", "geometry": {"type": "Point", "coordinates": [9.35687549, 42.64847779]}, "properties": {"route": "D238", "pr": "2", "abs": 2000, "label": "D238 PR2+2000"}}, {"type": "Feature", "geometry": {"type": "Point", "coordinates": [9.32858318, 42.67169431]}, "properties": {"route": "D238", "pr": "7", "abs": 7000, "label": "D238 PR7+7000"}}, {"type": "Feature", "geometry": {"type": "Point", "coordinates": [9.35493277, 42.65636223]}, "properties": {"route": "D238", "pr": "3", "abs": 3000, "label": "D238 PR3+3000"}}, {"type": "Feature", "geometry": {"type": "Point", "coordinates": [9.36093623, 42.63974554]}, "properties": {"route": "D238", "pr": "1", "abs": 1000, "label": "D238 PR1+1000"}}, {"type": "Feature", "geometry": {"type": "Point", "coordinates": [9.34985121, 42.66648722]}, "properties": {"route": "D238", "pr": "5", "abs": 5000, "label": "D238 PR5+5000"}}, {"type": "Feature", "geometry": {"type": "Point", "coordinates": [9.31964649, 42.6760308]}, "properties": {"route": "D238", "pr": "8", "abs": 8000, "label": "D238 PR8+8000"}}, {"type": "Feature", "geometry": {"type": "Point", "coordinates": [9.35768617, 42.66376416]}, "properties": {"route": "D238", "pr": "4", "abs": 4000, "label": "D238 PR4+4000"}}, {"type": "Feature", "geometry": {"type": "Point", "coordinates": [9.31102624, 42.67975791]}, "properties": {"route": "D238", "pr": "9", "abs": 9000, "label": "D238 PR9+9000"}}, {"type": "Feature", "geometry": {"type": "Point", "coordinates": [9.33962183, 42.66950791]}, "properties": {"route": "D238", "pr": "6", "abs": 6000, "label": "D238 PR6+6000"}}, {"type": "Feature", "geometry": {"type": "Point", "coordinates": [9.44713594, 42.56327328]}, "properties": {"route": "D407", "pr": "0", "abs": 0, "label": "D407 PR0"}}, {"type": "Feature", "geometry": {"type": "Point", "coordinates": [9.46617598, 42.55426249]}, "properties": {"route": "D407", "pr": "3", "abs": 3000, "label": "D407 PR3+3000"}}, {"type": "Feature", "geometry": {"type": "Point", "coordinates": [9.45943207, 42.55718083]}, "properties": {"route": "D407", "pr": "2", "abs": 2000, "label": "D407 PR2+2000"}}, {"type": "Feature", "geometry": {"type": "Point", "coordinates": [9.44950153, 42.55693441]}, "properties": {"route": "D407", "pr": "1", "abs": 1000, "label": "D407 PR1+1000"}}, {"type": "Feature", "geometry": {"type": "Point", "coordinates": [9.28012811, 42.4811173]}, "properties": {"route": "D15A", "pr": "0", "abs": 0, "label": "D15A PR0"}}, {"type": "Feature", "geometry": {"type": "Point", "coordinates": [9.29882826, 42.46481402]}, "properties": {"route": "D15A", "pr": "3", "abs": 3000, "label": "D15A PR3+3000"}}, {"type": "Feature", "geometry": {"type": "Point", "coordinates": [9.28743873, 42.47770272]}, "properties": {"route": "D15A", "pr": "1", "abs": 1000, "label": "D15A PR1+1000"}}, {"type": "Feature", "geometry": {"type": "Point", "coordinates": [9.294282, 42.47252704]}, "properties": {"route": "D15A", "pr": "2", "abs": 2000, "label": "D15A PR2+2000"}}, {"type": "Feature", "geometry": {"type": "Point", "coordinates": [9.3023551, 42.46426976]}, "properties": {"route": "D15A", "pr": "4", "abs": 4000, "label": "D15A PR4+4000"}}, {"type": "Feature", "geometry": {"type": "Point", "coordinates": [9.30991692, 42.46079804]}, "properties": {"route": "D15A", "pr": "5", "abs": 5000, "label": "D15A PR5+5000"}}, {"type": "Feature", "geometry": {"type": "Point", "coordinates": [9.31207596, 42.46707709]}, "properties": {"route": "D15A", "pr": "6", "abs": 6000, "label": "D15A PR6+6000"}}, {"type": "Feature", "geometry": {"type": "Point", "coordinates": [9.34460676, 41.96237709]}, "properties": {"route": "D745", "pr": "0", "abs": 0, "label": "D745 PR0"}}, {"type": "Feature", "geometry": {"type": "Point", "coordinates": [9.40661726, 41.9681504]}, "properties": {"route": "D745", "pr": "8", "abs": 8000, "label": "D745 PR8+8000"}}, {"type": "Feature", "geometry": {"type": "Point", "coordinates": [9.36806514, 41.96697293]}, "properties": {"route": "D745", "pr": "4", "abs": 4000, "label": "D745 PR4+4000"}}, {"type": "Feature", "geometry": {"type": "Point", "coordinates": [9.37073244, 41.96556276]}, "properties": {"route": "D745", "pr": "5", "abs": 5000, "label": "D745 PR5+5000"}}, {"type": "Feature", "geometry": {"type": "Point", "coordinates": [9.41194132, 41.96142741]}, "properties": {"route": "D745", "pr": "9", "abs": 9000, "label": "D745 PR9+9000"}}, {"type": "Feature", "geometry": {"type": "Point", "coordinates": [9.34842874, 41.96799147]}, "properties": {"route": "D745", "pr": "1", "abs": 1000, "label": "D745 PR1+1000"}}, {"type": "Feature", "geometry": {"type": "Point", "coordinates": [9.34917333, 41.9699323]}, "properties": {"route": "D745", "pr": "2", "abs": 2000, "label": "D745 PR2+2000"}}, {"type": "Feature", "geometry": {"type": "Point", "coordinates": [9.38252251, 41.96530942]}, "properties": {"route": "D745", "pr": "6", "abs": 6000, "label": "D745 PR6+6000"}}, {"type": "Feature", "geometry": {"type": "Point", "coordinates": [9.3586718, 41.96945622]}, "properties": {"route": "D745", "pr": "3", "abs": 3000, "label": "D745 PR3+3000"}}, {"type": "Feature", "geometry": {"type": "Point", "coordinates": [9.39439534, 41.96516151]}, "properties": {"route": "D745", "pr": "7", "abs": 7000, "label": "D745 PR7+7000"}}, {"type": "Feature", "geometry": {"type": "Point", "coordinates": [8.74459655, 42.44792391]}, "properties": {"route": "D351B", "pr": "0", "abs": 0, "label": "D351B PR0"}}, {"type": "Feature", "geometry": {"type": "Point", "coordinates": [8.74778411, 42.44634584]}, "properties": {"route": "D351B", "pr": "1", "abs": 1000, "label": "D351B PR1+1000"}}, {"type": "Feature", "geometry": {"type": "Point", "coordinates": [8.75449783, 42.41874257]}, "properties": {"route": "D351B", "pr": "6", "abs": 6000, "label": "D351B PR6+6000"}}, {"type": "Feature", "geometry": {"type": "Point", "coordinates": [8.7468787, 42.42535588]}, "properties": {"route": "D351B", "pr": "7", "abs": 7000, "label": "D351B PR7+7000"}}, {"type": "Feature", "geometry": {"type": "Point", "coordinates": [8.7470938, 42.44361084]}, "properties": {"route": "D351B", "pr": "2", "abs": 2000, "label": "D351B PR2+2000"}}, {"type": "Feature", "geometry": {"type": "Point", "coordinates": [8.75453543, 42.43155541]}, "properties": {"route": "D351B", "pr": "4", "abs": 4000, "label": "D351B PR4+4000"}}, {"type": "Feature", "geometry": {"type": "Point", "coordinates": [8.73757319, 42.42757677]}, "properties": {"route": "D351B", "pr": "8", "abs": 8000, "label": "D351B PR8+8000"}}, {"type": "Feature", "geometry": {"type": "Point", "coordinates": [8.75415074, 42.42497274]}, "properties": {"route": "D351B", "pr": "5", "abs": 5000, "label": "D351B PR5+5000"}}, {"type": "Feature", "geometry": {"type": "Point", "coordinates": [8.75164079, 42.43776476]}, "properties": {"route": "D351B", "pr": "3", "abs": 3000, "label": "D351B PR3+3000"}}, {"type": "Feature", "geometry": {"type": "Point", "coordinates": [9.52992381, 42.41419319]}, "properties": {"route": "D9", "pr": "0", "abs": 0, "label": "D9 PR0"}}, {"type": "Feature", "geometry": {"type": "Point", "coordinates": [9.52014078, 42.41049325]}, "properties": {"route": "D9", "pr": "1", "abs": 1000, "label": "D9 PR1+1000"}}, {"type": "Feature", "geometry": {"type": "Point", "coordinates": [9.49753511, 42.4045358]}, "properties": {"route": "D9", "pr": "5", "abs": 5000, "label": "D9 PR5+5000"}}, {"type": "Feature", "geometry": {"type": "Point", "coordinates": [9.51591681, 42.40662687]}, "properties": {"route": "D9", "pr": "2", "abs": 2000, "label": "D9 PR2+2000"}}, {"type": "Feature", "geometry": {"type": "Point", "coordinates": [9.50959453, 42.40452044]}, "properties": {"route": "D9", "pr": "3", "abs": 3000, "label": "D9 PR3+3000"}}, {"type": "Feature", "geometry": {"type": "Point", "coordinates": [9.50460576, 42.40379494]}, "properties": {"route": "D9", "pr": "4", "abs": 4000, "label": "D9 PR4+4000"}}, {"type": "Feature", "geometry": {"type": "Point", "coordinates": [9.4905914, 42.40416452]}, "properties": {"route": "D9", "pr": "6", "abs": 6000, "label": "D9 PR6+6000"}}, {"type": "Feature", "geometry": {"type": "Point", "coordinates": [9.45723658, 42.50814752]}, "properties": {"route": "D237A", "pr": "0", "abs": 0, "label": "D237A PR0"}}, {"type": "Feature", "geometry": {"type": "Point", "coordinates": [9.47916545, 42.52733453]}, "properties": {"route": "D237A", "pr": "3", "abs": 3000, "label": "D237A PR3+3000"}}, {"type": "Feature", "geometry": {"type": "Point", "coordinates": [9.50122944, 42.53040454]}, "properties": {"route": "D237A", "pr": "5", "abs": 5000, "label": "D237A PR5+5000"}}, {"type": "Feature", "geometry": {"type": "Point", "coordinates": [9.49045309, 42.52770807]}, "properties": {"route": "D237A", "pr": "4", "abs": 4000, "label": "D237A PR4+4000"}}, {"type": "Feature", "geometry": {"type": "Point", "coordinates": [9.47129668, 42.52255075]}, "properties": {"route": "D237A", "pr": "2", "abs": 2000, "label": "D237A PR2+2000"}}, {"type": "Feature", "geometry": {"type": "Point", "coordinates": [9.46421748, 42.51528778]}, "properties": {"route": "D237A", "pr": "1", "abs": 1000, "label": "D237A PR1+1000"}}, {"type": "Feature", "geometry": {"type": "Point", "coordinates": [9.51238938, 42.52757512]}, "properties": {"route": "D237A", "pr": "6", "abs": 6000, "label": "D237A PR6+6000"}}, {"type": "Feature", "geometry": {"type": "Point", "coordinates": [9.17306166, 42.23344598]}, "properties": {"route": "D240", "pr": "0", "abs": 0, "label": "D240 PR0"}}, {"type": "Feature", "geometry": {"type": "Point", "coordinates": [9.31094703, 42.15848652]}, "properties": {"route": "D443", "pr": "0", "abs": 0, "label": "D443 PR0"}}, {"type": "Feature", "geometry": {"type": "Point", "coordinates": [9.42699357, 42.09166902]}, "properties": {"route": "D443", "pr": "19", "abs": 19000, "label": "D443 PR19+19000"}}, {"type": "Feature", "geometry": {"type": "Point", "coordinates": [9.33796499, 42.14480191]}, "properties": {"route": "D443", "pr": "3", "abs": 3000, "label": "D443 PR3+3000"}}, {"type": "Feature", "geometry": {"type": "Point", "coordinates": [9.36942283, 42.14188722]}, "properties": {"route": "D443", "pr": "8", "abs": 8000, "label": "D443 PR8+8000"}}, {"type": "Feature", "geometry": {"type": "Point", "coordinates": [9.36640639, 42.14121583]}, "properties": {"route": "D443", "pr": "7", "abs": 7000, "label": "D443 PR7+7000"}}, {"type": "Feature", "geometry": {"type": "Point", "coordinates": [9.32719916, 42.14806373]}, "properties": {"route": "D443", "pr": "2", "abs": 2000, "label": "D443 PR2+2000"}}, {"type": "Feature", "geometry": {"type": "Point", "coordinates": [9.42380128, 42.10032191]}, "properties": {"route": "D443", "pr": "18", "abs": 18000, "label": "D443 PR18+18000"}}, {"type": "Feature", "geometry": {"type": "Point", "coordinates": [9.41095903, 42.11085083]}, "properties": {"route": "D443", "pr": "16", "abs": 16000, "label": "D443 PR16+16000"}}, {"type": "Feature", "geometry": {"type": "Point", "coordinates": [9.40086438, 42.11137721]}, "properties": {"route": "D443", "pr": "15", "abs": 15000, "label": "D443 PR15+15000"}}, {"type": "Feature", "geometry": {"type": "Point", "coordinates": [9.37706593, 42.13029877]}, "properties": {"route": "D443", "pr": "11", "abs": 11000, "label": "D443 PR11+11000"}}, {"type": "Feature", "geometry": {"type": "Point", "coordinates": [9.39106044, 42.1141839]}, "properties": {"route": "D443", "pr": "14", "abs": 14000, "label": "D443 PR14+14000"}}, {"type": "Feature", "geometry": {"type": "Point", "coordinates": [9.41751708, 42.10797859]}, "properties": {"route": "D443", "pr": "17", "abs": 17000, "label": "D443 PR17+17000"}}, {"type": "Feature", "geometry": {"type": "Point", "coordinates": [9.37773981, 42.12444522]}, "properties": {"route": "D443", "pr": "12", "abs": 12000, "label": "D443 PR12+12000"}}, {"type": "Feature", "geometry": {"type": "Point", "coordinates": [9.37354432, 42.13828102]}, "properties": {"route": "D443", "pr": "9", "abs": 9000, "label": "D443 PR9+9000"}}, {"type": "Feature", "geometry": {"type": "Point", "coordinates": [9.31863395, 42.15236413]}, "properties": {"route": "D443", "pr": "1", "abs": 1000, "label": "D443 PR1+1000"}}, {"type": "Feature", "geometry": {"type": "Point", "coordinates": [9.36294614, 42.14328548]}, "properties": {"route": "D443", "pr": "6", "abs": 6000, "label": "D443 PR6+6000"}}, {"type": "Feature", "geometry": {"type": "Point", "coordinates": [9.34509377, 42.14054717]}, "properties": {"route": "D443", "pr": "4", "abs": 4000, "label": "D443 PR4+4000"}}, {"type": "Feature", "geometry": {"type": "Point", "coordinates": [9.37852837, 42.13658528]}, "properties": {"route": "D443", "pr": "10", "abs": 10000, "label": "D443 PR10+10000"}}, {"type": "Feature", "geometry": {"type": "Point", "coordinates": [9.38189101, 42.11846771]}, "properties": {"route": "D443", "pr": "13", "abs": 13000, "label": "D443 PR13+13000"}}, {"type": "Feature", "geometry": {"type": "Point", "coordinates": [9.35403681, 42.14325351]}, "properties": {"route": "D443", "pr": "5", "abs": 5000, "label": "D443 PR5+5000"}}, {"type": "Feature", "geometry": {"type": "Point", "coordinates": [9.1731844, 42.24571458]}, "properties": {"route": "D440", "pr": "0", "abs": 0, "label": "D440 PR0"}}, {"type": "Feature", "geometry": {"type": "Point", "coordinates": [9.45420996, 42.50244674]}, "properties": {"route": "D137", "pr": "0", "abs": 0, "label": "D137 PR0"}}, {"type": "Feature", "geometry": {"type": "Point", "coordinates": [9.47592669, 42.51012969]}, "properties": {"route": "D137", "pr": "2", "abs": 2000, "label": "D137 PR2+2000"}}, {"type": "Feature", "geometry": {"type": "Point", "coordinates": [9.46521907, 42.50610459]}, "properties": {"route": "D137", "pr": "1", "abs": 1000, "label": "D137 PR1+1000"}}, {"type": "Feature", "geometry": {"type": "Point", "coordinates": [9.48598907, 42.51400642]}, "properties": {"route": "D137", "pr": "3", "abs": 3000, "label": "D137 PR3+3000"}}, {"type": "Feature", "geometry": {"type": "Point", "coordinates": [9.35751062, 42.49205326]}, "properties": {"route": "D15C", "pr": "0", "abs": 0, "label": "D15C PR0"}}, {"type": "Feature", "geometry": {"type": "Point", "coordinates": [9.35206257, 42.48962786]}, "properties": {"route": "D15C", "pr": "2", "abs": 2000, "label": "D15C PR2+2000"}}, {"type": "Feature", "geometry": {"type": "Point", "coordinates": [9.35445461, 42.48912528]}, "properties": {"route": "D15C", "pr": "1", "abs": 1000, "label": "D15C PR1+1000"}}, {"type": "Feature", "geometry": {"type": "Point", "coordinates": [9.00406341, 42.34149238]}, "properties": {"route": "D518", "pr": "0", "abs": 0, "label": "D518 PR0"}}, {"type": "Feature", "geometry": {"type": "Point", "coordinates": [8.98988716, 42.33401447]}, "properties": {"route": "D518", "pr": "2", "abs": 2000, "label": "D518 PR2+2000"}}, {"type": "Feature", "geometry": {"type": "Point", "coordinates": [8.99273616, 42.33911327]}, "properties": {"route": "D518", "pr": "1", "abs": 1000, "label": "D518 PR1+1000"}}, {"type": "Feature", "geometry": {"type": "Point", "coordinates": [9.43230871, 42.73877819]}, "properties": {"route": "D131", "pr": "0", "abs": 0, "label": "D131 PR0"}}, {"type": "Feature", "geometry": {"type": "Point", "coordinates": [9.45386068, 42.73094659]}, "properties": {"route": "D131", "pr": "3", "abs": 3000, "label": "D131 PR3+3000"}}, {"type": "Feature", "geometry": {"type": "Point", "coordinates": [9.4532634, 42.71802622]}, "properties": {"route": "D131", "pr": "5", "abs": 5000, "label": "D131 PR5+5000"}}, {"type": "Feature", "geometry": {"type": "Point", "coordinates": [9.44578016, 42.7347911]}, "properties": {"route": "D131", "pr": "2", "abs": 2000, "label": "D131 PR2+2000"}}, {"type": "Feature", "geometry": {"type": "Point", "coordinates": [9.45422888, 42.72443709]}, "properties": {"route": "D131", "pr": "4", "abs": 4000, "label": "D131 PR4+4000"}}, {"type": "Feature", "geometry": {"type": "Point", "coordinates": [9.44309493, 42.73663098]}, "properties": {"route": "D131", "pr": "1", "abs": 1000, "label": "D131 PR1+1000"}}, {"type": "Feature", "geometry": {"type": "Point", "coordinates": [9.53119097, 42.35568554]}, "properties": {"route": "D334", "pr": "0", "abs": 0, "label": "D334 PR0"}}, {"type": "Feature", "geometry": {"type": "Point", "coordinates": [9.49790417, 42.34849845]}, "properties": {"route": "D334", "pr": "5", "abs": 5000, "label": "D334 PR5+5000"}}, {"type": "Feature", "geometry": {"type": "Point", "coordinates": [9.50586875, 42.34842211]}, "properties": {"route": "D334", "pr": "3", "abs": 3000, "label": "D334 PR3+3000"}}, {"type": "Feature", "geometry": {"type": "Point", "coordinates": [9.50106004, 42.34810241]}, "properties": {"route": "D334", "pr": "4", "abs": 4000, "label": "D334 PR4+4000"}}, {"type": "Feature", "geometry": {"type": "Point", "coordinates": [9.49481871, 42.34754816]}, "properties": {"route": "D334", "pr": "6", "abs": 6000, "label": "D334 PR6+6000"}}, {"type": "Feature", "geometry": {"type": "Point", "coordinates": [9.51077238, 42.35267057]}, "properties": {"route": "D334", "pr": "2", "abs": 2000, "label": "D334 PR2+2000"}}, {"type": "Feature", "geometry": {"type": "Point", "coordinates": [9.51979014, 42.35278659]}, "properties": {"route": "D334", "pr": "1", "abs": 1000, "label": "D334 PR1+1000"}}, {"type": "Feature", "geometry": {"type": "Point", "coordinates": [9.38919305, 41.91498311]}, "properties": {"route": "D45", "pr": "0", "abs": 0, "label": "D45 PR0"}}, {"type": "Feature", "geometry": {"type": "Point", "coordinates": [9.34170081, 41.94707636]}, "properties": {"route": "D45", "pr": "13", "abs": 13000, "label": "D45 PR13+13000"}}, {"type": "Feature", "geometry": {"type": "Point", "coordinates": [9.32910791, 41.97469358]}, "properties": {"route": "D45", "pr": "22", "abs": 22000, "label": "D45 PR22+22000"}}, {"type": "Feature", "geometry": {"type": "Point", "coordinates": [9.31040955, 42.00862671]}, "properties": {"route": "D45", "pr": "39", "abs": 39000, "label": "D45 PR39+39000"}}, {"type": "Feature", "geometry": {"type": "Point", "coordinates": [9.33432446, 41.94291915]}, "properties": {"route": "D45", "pr": "11", "abs": 11000, "label": "D45 PR11+11000"}}, {"type": "Feature", "geometry": {"type": "Point", "coordinates": [9.35978034, 41.93010396]}, "properties": {"route": "D45", "pr": "5", "abs": 5000, "label": "D45 PR5+5000"}}, {"type": "Feature", "geometry": {"type": "Point", "coordinates": [9.31996144, 42.00967995]}, "properties": {"route": "D45", "pr": "40", "abs": 40000, "label": "D45 PR40+40000"}}, {"type": "Feature", "geometry": {"type": "Point", "coordinates": [9.30429794, 41.99220099]}, "properties": {"route": "D45", "pr": "33", "abs": 33000, "label": "D45 PR33+33000"}}, {"type": "Feature", "geometry": {"type": "Point", "coordinates": [9.30056271, 42.00455909]}, "properties": {"route": "D45", "pr": "37", "abs": 37000, "label": "D45 PR37+37000"}}, {"type": "Feature", "geometry": {"type": "Point", "coordinates": [9.32504062, 42.00982216]}, "properties": {"route": "D45", "pr": "41", "abs": 41000, "label": "D45 PR41+41000"}}, {"type": "Feature", "geometry": {"type": "Point", "coordinates": [9.33482929, 41.94335842]}, "properties": {"route": "D45", "pr": "12", "abs": 12000, "label": "D45 PR12+12000"}}, {"type": "Feature", "geometry": {"type": "Point", "coordinates": [9.37815627, 41.91805295]}, "properties": {"route": "D45", "pr": "1", "abs": 1000, "label": "D45 PR1+1000"}}, {"type": "Feature", "geometry": {"type": "Point", "coordinates": [9.29857045, 41.98730074]}, "properties": {"route": "D45", "pr": "34", "abs": 34000, "label": "D45 PR34+34000"}}, {"type": "Feature", "geometry": {"type": "Point", "coordinates": [9.34164855, 41.93280674]}, "properties": {"route": "D45", "pr": "9", "abs": 9000, "label": "D45 PR9+9000"}}, {"type": "Feature", "geometry": {"type": "Point", "coordinates": [9.34589112, 41.99172644]}, "properties": {"route": "D45", "pr": "28", "abs": 28000, "label": "D45 PR28+28000"}}, {"type": "Feature", "geometry": {"type": "Point", "coordinates": [9.31579236, 41.99411008]}, "properties": {"route": "D45", "pr": "32", "abs": 32000, "label": "D45 PR32+32000"}}, {"type": "Feature", "geometry": {"type": "Point", "coordinates": [9.34296939, 41.95204468]}, "properties": {"route": "D45", "pr": "15", "abs": 15000, "label": "D45 PR15+15000"}}, {"type": "Feature", "geometry": {"type": "Point", "coordinates": [9.32703877, 41.9648041]}, "properties": {"route": "D45", "pr": "20", "abs": 20000, "label": "D45 PR20+20000"}}, {"type": "Feature", "geometry": {"type": "Point", "coordinates": [9.34254005, 41.98717408]}, "properties": {"route": "D45", "pr": "27", "abs": 27000, "label": "D45 PR27+27000"}}, {"type": "Feature", "geometry": {"type": "Point", "coordinates": [9.35009902, 41.98558325]}, "properties": {"route": "D45", "pr": "26", "abs": 26000, "label": "D45 PR26+26000"}}, {"type": "Feature", "geometry": {"type": "Point", "coordinates": [9.29592291, 41.99134409]}, "properties": {"route": "D45", "pr": "35", "abs": 35000, "label": "D45 PR35+35000"}}, {"type": "Feature", "geometry": {"type": "Point", "coordinates": [9.29577509, 41.9969013]}, "properties": {"route": "D45", "pr": "36", "abs": 36000, "label": "D45 PR36+36000"}}, {"type": "Feature", "geometry": {"type": "Point", "coordinates": [9.32628251, 41.99678387]}, "properties": {"route": "D45", "pr": "31", "abs": 31000, "label": "D45 PR31+31000"}}, {"type": "Feature", "geometry": {"type": "Point", "coordinates": [9.34165602, 41.93687377]}, "properties": {"route": "D45", "pr": "10", "abs": 10000, "label": "D45 PR10+10000"}}, {"type": "Feature", "geometry": {"type": "Point", "coordinates": [9.35104924, 41.94902436]}, "properties": {"route": "D45", "pr": "14", "abs": 14000, "label": "D45 PR14+14000"}}, {"type": "Feature", "geometry": {"type": "Point", "coordinates": [9.34405213, 41.96483675]}, "properties": {"route": "D45", "pr": "18", "abs": 18000, "label": "D45 PR18+18000"}}, {"type": "Feature", "geometry": {"type": "Point", "coordinates": [9.35777413, 41.93372097]}, "properties": {"route": "D45", "pr": "6", "abs": 6000, "label": "D45 PR6+6000"}}, {"type": "Feature", "geometry": {"type": "Point", "coordinates": [9.34067038, 41.95967082]}, "properties": {"route": "D45", "pr": "17", "abs": 17000, "label": "D45 PR17+17000"}}, {"type": "Feature", "geometry": {"type": "Point", "coordinates": [9.36681682, 41.92018629]}, "properties": {"route": "D45", "pr": "2", "abs": 2000, "label": "D45 PR2+2000"}}, {"type": "Feature", "geometry": {"type": "Point", "coordinates": [9.37038249, 41.92505434]}, "properties": {"route": "D45", "pr": "3", "abs": 3000, "label": "D45 PR3+3000"}}, {"type": "Feature", "geometry": {"type": "Point", "coordinates": [9.33924092, 41.98373709]}, "properties": {"route": "D45", "pr": "24", "abs": 24000, "label": "D45 PR24+24000"}}, {"type": "Feature", "geometry": {"type": "Point", "coordinates": [9.35208877, 41.93152805]}, "properties": {"route": "D45", "pr": "7", "abs": 7000, "label": "D45 PR7+7000"}}, {"type": "Feature", "geometry": {"type": "Point", "coordinates": [9.3259437, 41.96897153]}, "properties": {"route": "D45", "pr": "21", "abs": 21000, "label": "D45 PR21+21000"}}, {"type": "Feature", "geometry": {"type": "Point", "coordinates": [9.33294093, 41.99746287]}, "properties": {"route": "D45", "pr": "30", "abs": 30000, "label": "D45 PR30+30000"}}, {"type": "Feature", "geometry": {"type": "Point", "coordinates": [9.34608813, 41.98338984]}, "properties": {"route": "D45", "pr": "25", "abs": 25000, "label": "D45 PR25+25000"}}, {"type": "Feature", "geometry": {"type": "Point", "coordinates": [9.30059486, 42.01179116]}, "properties": {"route": "D45", "pr": "38", "abs": 38000, "label": "D45 PR38+38000"}}, {"type": "Feature", "geometry": {"type": "Point", "coordinates": [9.36077873, 41.92828626]}, "properties": {"route": "D45", "pr": "4", "abs": 4000, "label": "D45 PR4+4000"}}, {"type": "Feature", "geometry": {"type": "Point", "coordinates": [9.33469669, 41.98200342]}, "properties": {"route": "D45", "pr": "23", "abs": 23000, "label": "D45 PR23+23000"}}, {"type": "Feature", "geometry": {"type": "Point", "coordinates": [9.33612909, 41.9655469]}, "properties": {"route": "D45", "pr": "19", "abs": 19000, "label": "D45 PR19+19000"}}, {"type": "Feature", "geometry": {"type": "Point", "coordinates": [9.3442449, 41.95629157]}, "properties": {"route": "D45", "pr": "16", "abs": 16000, "label": "D45 PR16+16000"}}, {"type": "Feature", "geometry": {"type": "Point", "coordinates": [9.33907685, 41.99621961]}, "properties": {"route": "D45", "pr": "29", "abs": 29000, "label": "D45 PR29+29000"}}, {"type": "Feature", "geometry": {"type": "Point", "coordinates": [9.34379845, 41.93007733]}, "properties": {"route": "D45", "pr": "8", "abs": 8000, "label": "D45 PR8+8000"}}, {"type": "Feature", "geometry": {"type": "Point", "coordinates": [9.17103992, 42.17193692]}, "properties": {"route": "D343", "pr": "0", "abs": 0, "label": "D343 PR0"}}, {"type": "Feature", "geometry": {"type": "Point", "coordinates": [9.40973958, 42.50052611]}, "properties": {"route": "D10", "pr": "5", "abs": 5000, "label": "D10 PR5+5000"}}, {"type": "Feature", "geometry": {"type": "Point", "coordinates": [9.36652742, 42.37987201]}, "properties": {"route": "D71", "pr": "104", "abs": 104000, "label": "D71 PR104+104000"}}, {"type": "Feature", "geometry": {"type": "Point", "coordinates": [9.39104088, 42.47688028]}, "properties": {"route": "D10", "pr": "1", "abs": 1000, "label": "D10 PR1+1000"}}, {"type": "Feature", "geometry": {"type": "Point", "coordinates": [9.42645554, 42.50517801]}, "properties": {"route": "D10", "pr": "8", "abs": 8000, "label": "D10 PR8+8000"}}, {"type": "Feature", "geometry": {"type": "Point", "coordinates": [9.46403011, 42.53710248]}, "properties": {"route": "D10", "pr": "13", "abs": 13000, "label": "D10 PR13+13000"}}, {"type": "Feature", "geometry": {"type": "Point", "coordinates": [9.44367072, 42.51380096]}, "properties": {"route": "D10", "pr": "12", "abs": 12000, "label": "D10 PR12+12000"}}, {"type": "Feature", "geometry": {"type": "Point", "coordinates": [9.3958685, 42.48398558]}, "properties": {"route": "D10", "pr": "2", "abs": 2000, "label": "D10 PR2+2000"}}, {"type": "Feature", "geometry": {"type": "Point", "coordinates": [9.44162597, 42.50881249]}, "properties": {"route": "D10", "pr": "11", "abs": 11000, "label": "D10 PR11+11000"}}, {"type": "Feature", "geometry": {"type": "Point", "coordinates": [9.41741326, 42.50225281]}, "properties": {"route": "D10", "pr": "6", "abs": 6000, "label": "D10 PR6+6000"}}, {"type": "Feature", "geometry": {"type": "Point", "coordinates": [9.41798999, 42.503993]}, "properties": {"route": "D10", "pr": "7", "abs": 7000, "label": "D10 PR7+7000"}}, {"type": "Feature", "geometry": {"type": "Point", "coordinates": [9.39916443, 42.486917]}, "properties": {"route": "D10", "pr": "3", "abs": 3000, "label": "D10 PR3+3000"}}, {"type": "Feature", "geometry": {"type": "Point", "coordinates": [9.43493956, 42.50552156]}, "properties": {"route": "D10", "pr": "9", "abs": 9000, "label": "D10 PR9+9000"}}, {"type": "Feature", "geometry": {"type": "Point", "coordinates": [9.43707943, 42.50403663]}, "properties": {"route": "D10", "pr": "10", "abs": 10000, "label": "D10 PR10+10000"}}, {"type": "Feature", "geometry": {"type": "Point", "coordinates": [9.40739848, 42.49310918]}, "properties": {"route": "D10", "pr": "4", "abs": 4000, "label": "D10 PR4+4000"}}, {"type": "Feature", "geometry": {"type": "Point", "coordinates": [9.44248501, 42.65509999]}, "properties": {"route": "D764", "pr": "0", "abs": 0, "label": "D764 PR0"}}, {"type": "Feature", "geometry": {"type": "Point", "coordinates": [9.44183255, 42.64630821]}, "properties": {"route": "D764", "pr": "1", "abs": 1000, "label": "D764 PR1+1000"}}, {"type": "Feature", "geometry": {"type": "Point", "coordinates": [9.3458538, 42.39140536]}, "properties": {"route": "D71", "pr": "100", "abs": 100000, "label": "D71 PR100+100000"}}, {"type": "Feature", "geometry": {"type": "Point", "coordinates": [9.20711807, 42.46316816]}, "properties": {"route": "D71", "pr": "75", "abs": 75520, "label": "D71 PR75+75520"}}, {"type": "Feature", "geometry": {"type": "Point", "coordinates": [9.33450739, 42.41811896]}, "properties": {"route": "D71", "pr": "95", "abs": 95000, "label": "D71 PR95+95000"}}, {"type": "Feature", "geometry": {"type": "Point", "coordinates": [9.36553483, 42.36226917]}, "properties": {"route": "D71", "pr": "110", "abs": 110000, "label": "D71 PR110+110000"}}, {"type": "Feature", "geometry": {"type": "Point", "coordinates": [9.267316, 42.44700599]}, "properties": {"route": "D71", "pr": "85", "abs": 85000, "label": "D71 PR85+85000"}}, {"type": "Feature", "geometry": {"type": "Point", "coordinates": [9.23410546, 42.44888223]}, "properties": {"route": "D71", "pr": "79", "abs": 79000, "label": "D71 PR79+79000"}}, {"type": "Feature", "geometry": {"type": "Point", "coordinates": [9.28392222, 42.44185146]}, "properties": {"route": "D71", "pr": "87", "abs": 87000, "label": "D71 PR87+87000"}}, {"type": "Feature", "geometry": {"type": "Point", "coordinates": [9.34484082, 42.39742182]}, "properties": {"route": "D71", "pr": "99", "abs": 99000, "label": "D71 PR99+99000"}}, {"type": "Feature", "geometry": {"type": "Point", "coordinates": [9.38138558, 42.34962366]}, "properties": {"route": "D71", "pr": "113", "abs": 113000, "label": "D71 PR113+113000"}}, {"type": "Feature", "geometry": {"type": "Point", "coordinates": [9.3591963, 42.36364245]}, "properties": {"route": "D71", "pr": "109", "abs": 109000, "label": "D71 PR109+109000"}}, {"type": "Feature", "geometry": {"type": "Point", "coordinates": [9.31850816, 42.43037143]}, "properties": {"route": "D71", "pr": "92", "abs": 92000, "label": "D71 PR92+92000"}}, {"type": "Feature", "geometry": {"type": "Point", "coordinates": [9.21125464, 42.46012259]}, "properties": {"route": "D71", "pr": "76", "abs": 76000, "label": "D71 PR76+76000"}}, {"type": "Feature", "geometry": {"type": "Point", "coordinates": [9.29473522, 42.43404794]}, "properties": {"route": "D71", "pr": "89", "abs": 89000, "label": "D71 PR89+89000"}}, {"type": "Feature", "geometry": {"type": "Point", "coordinates": [9.36559192, 42.35508081]}, "properties": {"route": "D71", "pr": "111", "abs": 111000, "label": "D71 PR111+111000"}}, {"type": "Feature", "geometry": {"type": "Point", "coordinates": [9.34039951, 42.41156825]}, "properties": {"route": "D71", "pr": "96", "abs": 96000, "label": "D71 PR96+96000"}}, {"type": "Feature", "geometry": {"type": "Point", "coordinates": [9.31104425, 42.43608165]}, "properties": {"route": "D71", "pr": "91", "abs": 91000, "label": "D71 PR91+91000"}}, {"type": "Feature", "geometry": {"type": "Point", "coordinates": [9.34779647, 42.38214849]}, "properties": {"route": "D71", "pr": "102", "abs": 102000, "label": "D71 PR102+102000"}}, {"type": "Feature", "geometry": {"type": "Point", "coordinates": [9.35693247, 42.36679599]}, "properties": {"route": "D71", "pr": "108", "abs": 108000, "label": "D71 PR108+108000"}}, {"type": "Feature", "geometry": {"type": "Point", "coordinates": [9.36400673, 42.37428431]}, "properties": {"route": "D71", "pr": "105", "abs": 105000, "label": "D71 PR105+105000"}}, {"type": "Feature", "geometry": {"type": "Point", "coordinates": [9.21773414, 42.45566501]}, "properties": {"route": "D71", "pr": "77", "abs": 77000, "label": "D71 PR77+77000"}}, {"type": "Feature", "geometry": {"type": "Point", "coordinates": [9.28905817, 42.43706818]}, "properties": {"route": "D71", "pr": "88", "abs": 88000, "label": "D71 PR88+88000"}}, {"type": "Feature", "geometry": {"type": "Point", "coordinates": [9.30432871, 42.43695508]}, "properties": {"route": "D71", "pr": "90", "abs": 90000, "label": "D71 PR90+90000"}}, {"type": "Feature", "geometry": {"type": "Point", "coordinates": [9.34882223, 42.40209502]}, "properties": {"route": "D71", "pr": "98", "abs": 98000, "label": "D71 PR98+98000"}}, {"type": "Feature", "geometry": {"type": "Point", "coordinates": [9.35211911, 42.38809867]}, "properties": {"route": "D71", "pr": "101", "abs": 101000, "label": "D71 PR101+101000"}}, {"type": "Feature", "geometry": {"type": "Point", "coordinates": [9.34475305, 42.40792428]}, "properties": {"route": "D71", "pr": "97", "abs": 97000, "label": "D71 PR97+97000"}}, {"type": "Feature", "geometry": {"type": "Point", "coordinates": [9.35705421, 42.37241909]}, "properties": {"route": "D71", "pr": "106", "abs": 106000, "label": "D71 PR106+106000"}}, {"type": "Feature", "geometry": {"type": "Point", "coordinates": [9.2344205, 42.44626962]}, "properties": {"route": "D71", "pr": "80", "abs": 80000, "label": "D71 PR80+80000"}}, {"type": "Feature", "geometry": {"type": "Point", "coordinates": [9.35915757, 42.38138633]}, "properties": {"route": "D71", "pr": "103", "abs": 103000, "label": "D71 PR103+103000"}}, {"type": "Feature", "geometry": {"type": "Point", "coordinates": [9.33533598, 42.42412849]}, "properties": {"route": "D71", "pr": "94", "abs": 94000, "label": "D71 PR94+94000"}}, {"type": "Feature", "geometry": {"type": "Point", "coordinates": [9.34933726, 42.37171725]}, "properties": {"route": "D71", "pr": "107", "abs": 107000, "label": "D71 PR107+107000"}}, {"type": "Feature", "geometry": {"type": "Point", "coordinates": [9.25186224, 42.44624703]}, "properties": {"route": "D71", "pr": "83", "abs": 83000, "label": "D71 PR83+83000"}}, {"type": "Feature", "geometry": {"type": "Point", "coordinates": [9.25832399, 42.44930535]}, "properties": {"route": "D71", "pr": "84", "abs": 84000, "label": "D71 PR84+84000"}}, {"type": "Feature", "geometry": {"type": "Point", "coordinates": [9.32791436, 42.42734412]}, "properties": {"route": "D71", "pr": "93", "abs": 93000, "label": "D71 PR93+93000"}}, {"type": "Feature", "geometry": {"type": "Point", "coordinates": [9.37100386, 42.34954441]}, "properties": {"route": "D71", "pr": "112", "abs": 112000, "label": "D71 PR112+112000"}}, {"type": "Feature", "geometry": {"type": "Point", "coordinates": [9.22673136, 42.4533139]}, "properties": {"route": "D71", "pr": "78", "abs": 78000, "label": "D71 PR78+78000"}}, {"type": "Feature", "geometry": {"type": "Point", "coordinates": [9.24412928, 42.44538738]}, "properties": {"route": "D71", "pr": "82", "abs": 82000, "label": "D71 PR82+82000"}}, {"type": "Feature", "geometry": {"type": "Point", "coordinates": [9.27404881, 42.44511321]}, "properties": {"route": "D71", "pr": "86", "abs": 86000, "label": "D71 PR86+86000"}}, {"type": "Feature", "geometry": {"type": "Point", "coordinates": [9.24102394, 42.44698524]}, "properties": {"route": "D71", "pr": "81", "abs": 81000, "label": "D71 PR81+81000"}}, {"type": "Feature", "geometry": {"type": "Point", "coordinates": [9.02557456, 42.53082871]}, "properties": {"route": "D763", "pr": "0", "abs": 0, "label": "D763 PR0"}}, {"type": "Feature", "geometry": {"type": "Point", "coordinates": [9.01816981, 42.53229841]}, "properties": {"route": "D763", "pr": "1", "abs": 1000, "label": "D763 PR1+1000"}}, {"type": "Feature", "geometry": {"type": "Point", "coordinates": [8.93762804, 42.63261602]}, "properties": {"route": "D13", "pr": "0", "abs": 0, "label": "D13 PR0"}}, {"type": "Feature", "geometry": {"type": "Point", "coordinates": [8.92213172, 42.58993251]}, "properties": {"route": "D13", "pr": "7", "abs": 7000, "label": "D13 PR7+7000"}}, {"type": "Feature", "geometry": {"type": "Point", "coordinates": [8.93415413, 42.61009124]}, "properties": {"route": "D13", "pr": "3", "abs": 3000, "label": "D13 PR3+3000"}}, {"type": "Feature", "geometry": {"type": "Point", "coordinates": [8.92978424, 42.55723249]}, "properties": {"route": "D13", "pr": "11", "abs": 11000, "label": "D13 PR11+11000"}}, {"type": "Feature", "geometry": {"type": "Point", "coordinates": [8.92437307, 42.54987501]}, "properties": {"route": "D13", "pr": "13", "abs": 13000, "label": "D13 PR13+13000"}}, {"type": "Feature", "geometry": {"type": "Point", "coordinates": [8.92935671, 42.596327]}, "properties": {"route": "D13", "pr": "6", "abs": 6000, "label": "D13 PR6+6000"}}, {"type": "Feature", "geometry": {"type": "Point", "coordinates": [8.93032239, 42.60407178]}, "properties": {"route": "D13", "pr": "5", "abs": 5000, "label": "D13 PR5+5000"}}, {"type": "Feature", "geometry": {"type": "Point", "coordinates": [8.91718062, 42.54409925]}, "properties": {"route": "D13", "pr": "14", "abs": 14000, "label": "D13 PR14+14000"}}, {"type": "Feature", "geometry": {"type": "Point", "coordinates": [8.93441119, 42.61700733]}, "properties": {"route": "D13", "pr": "2", "abs": 2000, "label": "D13 PR2+2000"}}, {"type": "Feature", "geometry": {"type": "Point", "coordinates": [8.93508636, 42.62412019]}, "properties": {"route": "D13", "pr": "1", "abs": 1000, "label": "D13 PR1+1000"}}, {"type": "Feature", "geometry": {"type": "Point", "coordinates": [8.9231925, 42.55149121]}, "properties": {"route": "D13", "pr": "12", "abs": 12000, "label": "D13 PR12+12000"}}, {"type": "Feature", "geometry": {"type": "Point", "coordinates": [8.92445584, 42.56523671]}, "properties": {"route": "D13", "pr": "10", "abs": 10000, "label": "D13 PR10+10000"}}, {"type": "Feature", "geometry": {"type": "Point", "coordinates": [8.91553619, 42.54979423]}, "properties": {"route": "D13", "pr": "15", "abs": 15000, "label": "D13 PR15+15000"}}, {"type": "Feature", "geometry": {"type": "Point", "coordinates": [8.92736907, 42.60764469]}, "properties": {"route": "D13", "pr": "4", "abs": 4000, "label": "D13 PR4+4000"}}, {"type": "Feature", "geometry": {"type": "Point", "coordinates": [8.9219526, 42.57402498]}, "properties": {"route": "D13", "pr": "9", "abs": 9000, "label": "D13 PR9+9000"}}, {"type": "Feature", "geometry": {"type": "Point", "coordinates": [8.9184493, 42.58164715]}, "properties": {"route": "D13", "pr": "8", "abs": 8000, "label": "D13 PR8+8000"}}, {"type": "Feature", "geometry": {"type": "Point", "coordinates": [9.19712687, 42.47991474]}, "properties": {"route": "D47", "pr": "0", "abs": 0, "label": "D47 PR0"}}, {"type": "Feature", "geometry": {"type": "Point", "coordinates": [9.13201815, 42.48225124]}, "properties": {"route": "D47", "pr": "6", "abs": 6000, "label": "D47 PR6+6000"}}, {"type": "Feature", "geometry": {"type": "Point", "coordinates": [9.11197553, 42.50506967]}, "properties": {"route": "D47", "pr": "11", "abs": 11000, "label": "D47 PR11+11000"}}, {"type": "Feature", "geometry": {"type": "Point", "coordinates": [9.11622643, 42.49419002]}, "properties": {"route": "D47", "pr": "9", "abs": 9000, "label": "D47 PR9+9000"}}, {"type": "Feature", "geometry": {"type": "Point", "coordinates": [9.1155966, 42.49860539]}, "properties": {"route": "D47", "pr": "10", "abs": 10000, "label": "D47 PR10+10000"}}, {"type": "Feature", "geometry": {"type": "Point", "coordinates": [9.1219311, 42.48500194]}, "properties": {"route": "D47", "pr": "7", "abs": 7000, "label": "D47 PR7+7000"}}, {"type": "Feature", "geometry": {"type": "Point", "coordinates": [9.11947724, 42.48766754]}, "properties": {"route": "D47", "pr": "8", "abs": 8000, "label": "D47 PR8+8000"}}, {"type": "Feature", "geometry": {"type": "Point", "coordinates": [9.17539604, 42.47535098]}, "properties": {"route": "D47", "pr": "2", "abs": 2000, "label": "D47 PR2+2000"}}, {"type": "Feature", "geometry": {"type": "Point", "coordinates": [9.13949202, 42.47740972]}, "properties": {"route": "D47", "pr": "5", "abs": 5000, "label": "D47 PR5+5000"}}, {"type": "Feature", "geometry": {"type": "Point", "coordinates": [9.16364858, 42.47657462]}, "properties": {"route": "D47", "pr": "3", "abs": 3000, "label": "D47 PR3+3000"}}, {"type": "Feature", "geometry": {"type": "Point", "coordinates": [9.18599384, 42.47731352]}, "properties": {"route": "D47", "pr": "1", "abs": 1000, "label": "D47 PR1+1000"}}, {"type": "Feature", "geometry": {"type": "Point", "coordinates": [9.15151539, 42.47668497]}, "properties": {"route": "D47", "pr": "4", "abs": 4000, "label": "D47 PR4+4000"}}, {"type": "Feature", "geometry": {"type": "Point", "coordinates": [9.13841281, 42.16168702]}, "properties": {"route": "D23", "pr": "36", "abs": 36650, "label": "D23 PR36+36650"}}, {"type": "Feature", "geometry": {"type": "Point", "coordinates": [9.442778, 42.51683138]}, "properties": {"route": "T10", "pr": "147", "abs": 147000, "label": "T10 PR147+147000"}}, {"type": "Feature", "geometry": {"type": "Point", "coordinates": [9.50765869, 42.14160579]}, "properties": {"route": "T10", "pr": "101", "abs": 101000, "label": "T10 PR101+101000"}}, {"type": "Feature", "geometry": {"type": "Point", "coordinates": [8.85327498, 42.60597986]}, "properties": {"route": "T302", "pr": "0", "abs": 0, "label": "T302 PR0"}}, {"type": "Feature", "geometry": {"type": "Point", "coordinates": [8.86361813, 42.60787575]}, "properties": {"route": "T302", "pr": "1", "abs": 1000, "label": "T302 PR1+1000"}}, {"type": "Feature", "geometry": {"type": "Point", "coordinates": [8.83089456, 41.91310328]}, "properties": {"route": "T40", "pr": "8", "abs": 8000, "label": "T40 PR8+8000"}}, {"type": "Feature", "geometry": {"type": "Point", "coordinates": [8.92992288, 41.91275638]}, "properties": {"route": "T40", "pr": "20", "abs": 20000, "label": "T40 PR20+20000"}}, {"type": "Feature", "geometry": {"type": "Point", "coordinates": [8.95933176, 41.85667518]}, "properties": {"route": "T40", "pr": "33", "abs": 33000, "label": "T40 PR33+33000"}}, {"type": "Feature", "geometry": {"type": "Point", "coordinates": [8.82649279, 42.56918336]}, "properties": {"route": "T30", "pr": "8", "abs": 8000, "label": "T30 PR8+8000"}}, {"type": "Feature", "geometry": {"type": "Point", "coordinates": [8.8833986, 42.60956536]}, "properties": {"route": "T30", "pr": "17", "abs": 17000, "label": "T30 PR17+17000"}}, {"type": "Feature", "geometry": {"type": "Point", "coordinates": [8.95846589, 42.63135019]}, "properties": {"route": "T30", "pr": "25", "abs": 25000, "label": "T30 PR25+25000"}}, {"type": "Feature", "geometry": {"type": "Point", "coordinates": [8.83633087, 42.59411429]}, "properties": {"route": "T30", "pr": "12", "abs": 12000, "label": "T30 PR12+12000"}}, {"type": "Feature", "geometry": {"type": "Point", "coordinates": [8.83184521, 42.58845501]}, "properties": {"route": "T30", "pr": "11", "abs": 11000, "label": "T30 PR11+11000"}}, {"type": "Feature", "geometry": {"type": "Point", "coordinates": [8.89383011, 42.61995867]}, "properties": {"route": "T30", "pr": "19", "abs": 19000, "label": "T30 PR19+19000"}}, {"type": "Feature", "geometry": {"type": "Point", "coordinates": [8.89278568, 42.61387416]}, "properties": {"route": "T30", "pr": "18", "abs": 18000, "label": "T30 PR18+18000"}}, {"type": "Feature", "geometry": {"type": "Point", "coordinates": [9.20456228, 42.46628641]}, "properties": {"route": "T30", "pr": "64", "abs": 64000, "label": "T30 PR64+64000"}}, {"type": "Feature", "geometry": {"type": "Point", "coordinates": [8.81533291, 42.56512945]}, "properties": {"route": "T30", "pr": "7", "abs": 7000, "label": "T30 PR7+7000"}}, {"type": "Feature", "geometry": {"type": "Point", "coordinates": [8.87144563, 42.60816381]}, "properties": {"route": "T30", "pr": "16", "abs": 16000, "label": "T30 PR16+16000"}}, {"type": "Feature", "geometry": {"type": "Point", "coordinates": [8.84145849, 42.60187032]}, "properties": {"route": "T30", "pr": "13", "abs": 13000, "label": "T30 PR13+13000"}}, {"type": "Feature", "geometry": {"type": "Point", "coordinates": [8.85993258, 42.60673679]}, "properties": {"route": "T30", "pr": "15", "abs": 15000, "label": "T30 PR15+15000"}}, {"type": "Feature", "geometry": {"type": "Point", "coordinates": [8.94645485, 42.63178022]}, "properties": {"route": "T30", "pr": "24", "abs": 24000, "label": "T30 PR24+24000"}}, {"type": "Feature", "geometry": {"type": "Point", "coordinates": [8.91589425, 42.62349985]}, "properties": {"route": "T30", "pr": "21", "abs": 21000, "label": "T30 PR21+21000"}}, {"type": "Feature", "geometry": {"type": "Point", "coordinates": [8.93413558, 42.63152278]}, "properties": {"route": "T30", "pr": "23", "abs": 23000, "label": "T30 PR23+23000"}}, {"type": "Feature", "geometry": {"type": "Point", "coordinates": [8.83274976, 42.57499999]}, "properties": {"route": "T30", "pr": "9", "abs": 9000, "label": "T30 PR9+9000"}}, {"type": "Feature", "geometry": {"type": "Point", "coordinates": [9.45458553, 42.53742526]}, "properties": {"route": "T20", "pr": "136", "abs": 136000, "label": "T20 PR136+136000"}}, {"type": "Feature", "geometry": {"type": "Point", "coordinates": [9.44060747, 42.52469502]}, "properties": {"route": "T20", "pr": "133", "abs": 133000, "label": "T20 PR133+133000"}}, {"type": "Feature", "geometry": {"type": "Point", "coordinates": [9.4173331, 42.52382602]}, "properties": {"route": "T20", "pr": "130", "abs": 130000, "label": "T20 PR130+130000"}}, {"type": "Feature", "geometry": {"type": "Point", "coordinates": [9.03908589, 42.0851957]}, "properties": {"route": "T20", "pr": "37", "abs": 37000, "label": "T20 PR37+37000"}}, {"type": "Feature", "geometry": {"type": "Point", "coordinates": [9.39974774, 42.52100133]}, "properties": {"route": "T20", "pr": "128", "abs": 128000, "label": "T20 PR128+128000"}}, {"type": "Feature", "geometry": {"type": "Point", "coordinates": [9.42699323, 42.52087961]}, "properties": {"route": "T20", "pr": "131", "abs": 131000, "label": "T20 PR131+131000"}}, {"type": "Feature", "geometry": {"type": "Point", "coordinates": [8.91881191, 42.04092841]}, "properties": {"route": "T20", "pr": "23", "abs": 23000, "label": "T20 PR23+23000"}}, {"type": "Feature", "geometry": {"type": "Point", "coordinates": [9.36939887, 42.50703321]}, "properties": {"route": "T20", "pr": "124", "abs": 124000, "label": "T20 PR124+124000"}}, {"type": "Feature", "geometry": {"type": "Point", "coordinates": [9.01878212, 42.07801804]}, "properties": {"route": "T20", "pr": "34", "abs": 34000, "label": "T20 PR34+34000"}}, {"type": "Feature", "geometry": {"type": "Point", "coordinates": [9.43577223, 42.51710523]}, "properties": {"route": "T20", "pr": "132", "abs": 132000, "label": "T20 PR132+132000"}}, {"type": "Feature", "geometry": {"type": "Point", "coordinates": [9.39134375, 42.51012947]}, "properties": {"route": "T20", "pr": "126", "abs": 126000, "label": "T20 PR126+126000"}}, {"type": "Feature", "geometry": {"type": "Point", "coordinates": [9.3578539, 42.50812173]}, "properties": {"route": "T20", "pr": "123", "abs": 123000, "label": "T20 PR123+123000"}}, {"type": "Feature", "geometry": {"type": "Point", "coordinates": [9.38028958, 42.51029358]}, "properties": {"route": "T20", "pr": "125", "abs": 125000, "label": "T20 PR125+125000"}}, {"type": "Feature", "geometry": {"type": "Point", "coordinates": [9.44509921, 42.53093182]}, "properties": {"route": "T20", "pr": "134", "abs": 134000, "label": "T20 PR134+134000"}}, {"type": "Feature", "geometry": {"type": "Point", "coordinates": [9.39415226, 42.5176414]}, "properties": {"route": "T20", "pr": "127", "abs": 127000, "label": "T20 PR127+127000"}}, {"type": "Feature", "geometry": {"type": "Point", "coordinates": [9.45388674, 42.53425478]}, "properties": {"route": "T20", "pr": "135", "abs": 135000, "label": "T20 PR135+135000"}}, {"type": "Feature", "geometry": {"type": "Point", "coordinates": [9.40987966, 42.52379499]}, "properties": {"route": "T20", "pr": "129", "abs": 129000, "label": "T20 PR129+129000"}}, {"type": "Feature", "geometry": {"type": "Point", "coordinates": [8.75298601, 41.9339973]}, "properties": {"route": "T21", "pr": "FS", "abs": null, "label": "T21 PRFS"}}, {"type": "Feature", "geometry": {"type": "Point", "coordinates": [9.08143923, 42.09406702]}, "properties": {"route": "T20", "pr": "FS", "abs": null, "label": "T20 PRFS"}}, {"type": "Feature", "geometry": {"type": "Point", "coordinates": [9.07817387, 42.09324169]}, "properties": {"route": "T20", "pr": "FS", "abs": null, "label": "T20 PRFS"}}, {"type": "Feature", "geometry": {"type": "Point", "coordinates": [9.45689946, 42.5366681]}, "properties": {"route": "T11", "pr": "FS", "abs": null, "label": "T11 PRFS"}}, {"type": "Feature", "geometry": {"type": "Point", "coordinates": [8.75304144, 41.93398437]}, "properties": {"route": "T21", "pr": "FS", "abs": null, "label": "T21 PRFS"}}, {"type": "Feature", "geometry": {"type": "Point", "coordinates": [9.45425742, 42.53403389]}, "properties": {"route": "T11", "pr": "FS", "abs": null, "label": "T11 PRFS"}}, {"type": "Feature", "geometry": {"type": "Point", "coordinates": [9.43425301, 42.66232408]}, "properties": {"route": "T12", "pr": "FS", "abs": null, "label": "T12 PRFS"}}, {"type": "Feature", "geometry": {"type": "Point", "coordinates": [9.07606017, 42.09237808]}, "properties": {"route": "T20", "pr": "FS", "abs": null, "label": "T20 PRFS"}}, {"type": "Feature", "geometry": {"type": "Point", "coordinates": [8.80220218, 41.93099816]}, "properties": {"route": "T21", "pr": "FS", "abs": null, "label": "T21 PRFS"}}, {"type": "Feature", "geometry": {"type": "Point", "coordinates": [9.43696057, 42.62049263]}, "properties": {"route": "T11", "pr": "FS", "abs": null, "label": "T11 PRFS"}}, {"type": "Feature", "geometry": {"type": "Point", "coordinates": [9.08384063, 42.0938758]}, "properties": {"route": "T20", "pr": "FS", "abs": null, "label": "T20 PRFS"}}, {"type": "Feature", "geometry": {"type": "Point", "coordinates": [8.89706346, 42.62071495]}, "properties": {"route": "T30", "pr": "FS", "abs": null, "label": "T30 PRFS"}}, {"type": "Feature", "geometry": {"type": "Point", "coordinates": [8.80257978, 41.93162238]}, "properties": {"route": "T40", "pr": "FS", "abs": null, "label": "T40 PRFS"}}, {"type": "Feature", "geometry": {"type": "Point", "coordinates": [9.457047, 42.53679986]}, "properties": {"route": "T11", "pr": "FS", "abs": null, "label": "T11 PRFS"}}, {"type": "Feature", "geometry": {"type": "Point", "coordinates": [8.78413435, 42.54957546]}, "properties": {"route": "T30", "pr": "FS", "abs": null, "label": "T30 PRFS"}}, {"type": "Feature", "geometry": {"type": "Point", "coordinates": [9.43690505, 42.62049868]}, "properties": {"route": "T11", "pr": "FS", "abs": null, "label": "T11 PRFS"}}, {"type": "Feature", "geometry": {"type": "Point", "coordinates": [8.80275242, 41.93147687]}, "properties": {"route": "T21", "pr": "FS", "abs": null, "label": "T21 PRFS"}}, {"type": "Feature", "geometry": {"type": "Point", "coordinates": [9.441388, 42.65620718]}, "properties": {"route": "T11", "pr": "FS", "abs": null, "label": "T11 PRFS"}}, {"type": "Feature", "geometry": {"type": "Point", "coordinates": [9.43544662, 42.66689146]}, "properties": {"route": "T12", "pr": "FS", "abs": null, "label": "T12 PRFS"}}, {"type": "Feature", "geometry": {"type": "Point", "coordinates": [9.08680136, 42.09550795]}, "properties": {"route": "T20", "pr": "FS", "abs": null, "label": "T20 PRFS"}}, {"type": "Feature", "geometry": {"type": "Point", "coordinates": [8.80243188, 41.93099094]}, "properties": {"route": "T21", "pr": "DS", "abs": null, "label": "T21 PRDS"}}, {"type": "Feature", "geometry": {"type": "Point", "coordinates": [8.80243188, 41.93099094]}, "properties": {"route": "T21", "pr": "FS", "abs": null, "label": "T21 PRFS"}}, {"type": "Feature", "geometry": {"type": "Point", "coordinates": [8.92419901, 42.62744245]}, "properties": {"route": "T30", "pr": "DS", "abs": null, "label": "T30 PRDS"}}, {"type": "Feature", "geometry": {"type": "Point", "coordinates": [8.92419901, 42.62744245]}, "properties": {"route": "T30", "pr": "FS", "abs": null, "label": "T30 PRFS"}}, {"type": "Feature", "geometry": {"type": "Point", "coordinates": [9.44187667, 42.55238241]}, "properties": {"route": "T205", "pr": "FS", "abs": null, "label": "T205 PRFS"}}, {"type": "Feature", "geometry": {"type": "Point", "coordinates": [9.44222566, 42.57066161]}, "properties": {"route": "T11", "pr": "FS", "abs": null, "label": "T11 PRFS"}}, {"type": "Feature", "geometry": {"type": "Point", "coordinates": [8.81134147, 41.95216011]}, "properties": {"route": "T20", "pr": "FS", "abs": null, "label": "T20 PRFS"}}, {"type": "Feature", "geometry": {"type": "Point", "coordinates": [8.81134147, 41.95216011]}, "properties": {"route": "T20", "pr": "FS", "abs": null, "label": "T20 PRFS"}}, {"type": "Feature", "geometry": {"type": "Point", "coordinates": [8.80249531, 41.93366554]}, "properties": {"route": "T20", "pr": "FS", "abs": null, "label": "T20 PRFS"}}, {"type": "Feature", "geometry": {"type": "Point", "coordinates": [9.43682683, 42.62273953]}, "properties": {"route": "T11", "pr": "FS", "abs": null, "label": "T11 PRFS"}}, {"type": "Feature", "geometry": {"type": "Point", "coordinates": [8.8531069, 41.99837234]}, "properties": {"route": "T20", "pr": "DS", "abs": null, "label": "T20 PRDS"}}, {"type": "Feature", "geometry": {"type": "Point", "coordinates": [8.8531069, 41.99837234]}, "properties": {"route": "T20", "pr": "FS", "abs": null, "label": "T20 PRFS"}}, {"type": "Feature", "geometry": {"type": "Point", "coordinates": [9.07904349, 42.09372885]}, "properties": {"route": "T20", "pr": "FS", "abs": null, "label": "T20 PRFS"}}, {"type": "Feature", "geometry": {"type": "Point", "coordinates": [8.81206235, 41.95090612]}, "properties": {"route": "T20", "pr": "DS", "abs": null, "label": "T20 PRDS"}}, {"type": "Feature", "geometry": {"type": "Point", "coordinates": [8.81206235, 41.95090612]}, "properties": {"route": "T20", "pr": "FS", "abs": null, "label": "T20 PRFS"}}, {"type": "Feature", "geometry": {"type": "Point", "coordinates": [9.08500807, 42.09464409]}, "properties": {"route": "T20", "pr": "FS", "abs": null, "label": "T20 PRFS"}}, {"type": "Feature", "geometry": {"type": "Point", "coordinates": [9.43544662, 42.66689146]}, "properties": {"route": "T12", "pr": "FS", "abs": null, "label": "T12 PRFS"}}, {"type": "Feature", "geometry": {"type": "Point", "coordinates": [9.43691236, 42.62273978]}, "properties": {"route": "T11", "pr": "FS", "abs": null, "label": "T11 PRFS"}}, {"type": "Feature", "geometry": {"type": "Point", "coordinates": [9.4414597, 42.65678829]}, "properties": {"route": "T11", "pr": "FS", "abs": null, "label": "T11 PRFS"}}, {"type": "Feature", "geometry": {"type": "Point", "coordinates": [8.80255356, 41.93382809]}, "properties": {"route": "T40", "pr": "FS", "abs": null, "label": "T40 PRFS"}}, {"type": "Feature", "geometry": {"type": "Point", "coordinates": [9.08141043, 42.09399928]}, "properties": {"route": "T20", "pr": "FS", "abs": null, "label": "T20 PRFS"}}, {"type": "Feature", "geometry": {"type": "Point", "coordinates": [9.44078278, 42.57227947]}, "properties": {"route": "T11", "pr": "FS", "abs": null, "label": "T11 PRFS"}}, {"type": "Feature", "geometry": {"type": "Point", "coordinates": [8.8462036, 41.91381915]}, "properties": {"route": "T40", "pr": "FS", "abs": null, "label": "T40 PRFS"}}, {"type": "Feature", "geometry": {"type": "Point", "coordinates": [9.45689991, 42.5366392]}, "properties": {"route": "T11", "pr": "FS", "abs": null, "label": "T11 PRFS"}}, {"type": "Feature", "geometry": {"type": "Point", "coordinates": [9.45595387, 42.53721517]}, "properties": {"route": "T11", "pr": "FS", "abs": null, "label": "T11 PRFS"}}, {"type": "Feature", "geometry": {"type": "Point", "coordinates": [8.80399884, 41.93238481]}, "properties": {"route": "T21", "pr": "FS", "abs": null, "label": "T21 PRFS"}}, {"type": "Feature", "geometry": {"type": "Point", "coordinates": [8.81148837, 41.95375731]}, "properties": {"route": "T20", "pr": "FS", "abs": null, "label": "T20 PRFS"}}, {"type": "Feature", "geometry": {"type": "Point", "coordinates": [8.7577597, 42.5664095]}, "properties": {"route": "T30", "pr": "FS", "abs": null, "label": "T30 PRFS"}}, {"type": "Feature", "geometry": {"type": "Point", "coordinates": [9.09962533, 42.09436571]}, "properties": {"route": "T201", "pr": "FS", "abs": null, "label": "T201 PRFS"}}, {"type": "Feature", "geometry": {"type": "Point", "coordinates": [9.44010235, 42.51911998]}, "properties": {"route": "T10", "pr": "FS", "abs": null, "label": "T10 PRFS"}}, {"type": "Feature", "geometry": {"type": "Point", "coordinates": [8.75328168, 41.93441806]}, "properties": {"route": "T22", "pr": "FS", "abs": null, "label": "T22 PRFS"}}, {"type": "Feature", "geometry": {"type": "Point", "coordinates": [9.44177594, 42.55236505]}, "properties": {"route": "T205", "pr": "FS", "abs": null, "label": "T205 PRFS"}}, {"type": "Feature", "geometry": {"type": "Point", "coordinates": [9.45236561, 42.69898259]}, "properties": {"route": "T11", "pr": "FS", "abs": 25000, "label": "T11 PRFS+25000"}}, {"type": "Feature", "geometry": {"type": "Point", "coordinates": [9.08475182, 42.09431997]}, "properties": {"route": "T20", "pr": "FS", "abs": null, "label": "T20 PRFS"}}, {"type": "Feature", "geometry": {"type": "Point", "coordinates": [9.47205239, 42.5080986]}, "properties": {"route": "T11", "pr": "FS", "abs": null, "label": "T11 PRFS"}}, {"type": "Feature", "geometry": {"type": "Point", "coordinates": [9.15746646, 42.30243556]}, "properties": {"route": "T202", "pr": "FS", "abs": null, "label": "T202 PRFS"}}, {"type": "Feature", "geometry": {"type": "Point", "coordinates": [9.17740226, 42.50602859]}, "properties": {"route": "T301", "pr": "FS", "abs": null, "label": "T301 PRFS"}}, {"type": "Feature", "geometry": {"type": "Point", "coordinates": [8.89567708, 42.62062206]}, "properties": {"route": "T30", "pr": "FS", "abs": null, "label": "T30 PRFS"}}, {"type": "Feature", "geometry": {"type": "Point", "coordinates": [9.17492918, 42.34326148]}, "properties": {"route": "T20", "pr": "FS", "abs": null, "label": "T20 PRFS"}}, {"type": "Feature", "geometry": {"type": "Point", "coordinates": [9.19417116, 42.40480111]}, "properties": {"route": "T204", "pr": "FS", "abs": null, "label": "T204 PRFS"}}, {"type": "Feature", "geometry": {"type": "Point", "coordinates": [9.44595469, 42.67814515]}, "properties": {"route": "T11", "pr": "FS", "abs": null, "label": "T11 PRFS"}}, {"type": "Feature", "geometry": {"type": "Point", "coordinates": [9.44037668, 42.51919719]}, "properties": {"route": "T10", "pr": "FS", "abs": null, "label": "T10 PRFS"}}, {"type": "Feature", "geometry": {"type": "Point", "coordinates": [9.44216951, 42.547099]}, "properties": {"route": "T205", "pr": "FS", "abs": null, "label": "T205 PRFS"}}, {"type": "Feature", "geometry": {"type": "Point", "coordinates": [9.17245699, 42.35055526]}, "properties": {"route": "T203", "pr": "FS", "abs": null, "label": "T203 PRFS"}}, {"type": "Feature", "geometry": {"type": "Point", "coordinates": [9.07612752, 42.09231563]}, "properties": {"route": "T20", "pr": "FS", "abs": null, "label": "T20 PRFS"}}, {"type": "Feature", "geometry": {"type": "Point", "coordinates": [9.38912673, 42.18135643]}, "properties": {"route": "T501", "pr": "FS", "abs": null, "label": "T501 PRFS"}}, {"type": "Feature", "geometry": {"type": "Point", "coordinates": [8.84620768, 41.91378739]}, "properties": {"route": "T40", "pr": "FS", "abs": null, "label": "T40 PRFS"}}, {"type": "Feature", "geometry": {"type": "Point", "coordinates": [9.51382038, 42.11273958]}, "properties": {"route": "T50", "pr": "FS", "abs": null, "label": "T50 PRFS"}}, {"type": "Feature", "geometry": {"type": "Point", "coordinates": [8.80422831, 41.93270549]}, "properties": {"route": "T40", "pr": "FS", "abs": null, "label": "T40 PRFS"}}, {"type": "Feature", "geometry": {"type": "Point", "coordinates": [9.43735407, 42.6157143]}, "properties": {"route": "T11", "pr": "FS", "abs": null, "label": "T11 PRFS"}}, {"type": "Feature", "geometry": {"type": "Point", "coordinates": [8.76383062, 42.55289344]}, "properties": {"route": "T30", "pr": "FS", "abs": null, "label": "T30 PRFS"}}, {"type": "Feature", "geometry": {"type": "Point", "coordinates": [8.87090688, 42.60818263]}, "properties": {"route": "T302", "pr": "FS", "abs": null, "label": "T302 PRFS"}}, {"type": "Feature", "geometry": {"type": "Point", "coordinates": [9.44078533, 42.65216713]}, "properties": {"route": "T11", "pr": "FS", "abs": null, "label": "T11 PRFS"}}, {"type": "Feature", "geometry": {"type": "Point", "coordinates": [8.73927377, 41.93001565]}, "properties": {"route": "T21", "pr": "FS", "abs": null, "label": "T21 PRFS"}}, {"type": "Feature", "geometry": {"type": "Point", "coordinates": [8.73927377, 41.93001565]}, "properties": {"route": "T21", "pr": "FS", "abs": null, "label": "T21 PRFS"}}, {"type": "Feature", "geometry": {"type": "Point", "coordinates": [8.73927377, 41.93001565]}, "properties": {"route": "T21", "pr": "DS", "abs": 0, "label": "T21 PRDS"}}, {"type": "Feature", "geometry": {"type": "Point", "coordinates": [9.08019594, 42.09411955]}, "properties": {"route": "T20", "pr": "DS", "abs": null, "label": "T20 PRDS"}}, {"type": "Feature", "geometry": {"type": "Point", "coordinates": [9.07700957, 42.09273631]}, "properties": {"route": "T20", "pr": "DS", "abs": null, "label": "T20 PRDS"}}, {"type": "Feature", "geometry": {"type": "Point", "coordinates": [9.45595387, 42.53721517]}, "properties": {"route": "T11", "pr": "DS", "abs": null, "label": "T11 PRDS"}}, {"type": "Feature", "geometry": {"type": "Point", "coordinates": [8.80138768, 41.92983316]}, "properties": {"route": "T21", "pr": "DS", "abs": null, "label": "T21 PRDS"}}, {"type": "Feature", "geometry": {"type": "Point", "coordinates": [9.47205239, 42.5080986]}, "properties": {"route": "T11", "pr": "FS", "abs": null, "label": "T11 PRFS"}}, {"type": "Feature", "geometry": {"type": "Point", "coordinates": [9.47205239, 42.5080986]}, "properties": {"route": "T11", "pr": "DS", "abs": null, "label": "T11 PRDS"}}, {"type": "Feature", "geometry": {"type": "Point", "coordinates": [9.43425301, 42.66232408]}, "properties": {"route": "T12", "pr": "DS", "abs": null, "label": "T12 PRDS"}}, {"type": "Feature", "geometry": {"type": "Point", "coordinates": [9.07533143, 42.09148628]}, "properties": {"route": "T20", "pr": "DS", "abs": null, "label": "T20 PRDS"}}, {"type": "Feature", "geometry": {"type": "Point", "coordinates": [8.80220218, 41.93099816]}, "properties": {"route": "T21", "pr": "DS", "abs": null, "label": "T21 PRDS"}}, {"type": "Feature", "geometry": {"type": "Point", "coordinates": [9.44078278, 42.57227947]}, "properties": {"route": "T11", "pr": "DS", "abs": null, "label": "T11 PRDS"}}, {"type": "Feature", "geometry": {"type": "Point", "coordinates": [9.08260295, 42.09380727]}, "properties": {"route": "T20", "pr": "DS", "abs": null, "label": "T20 PRDS"}}, {"type": "Feature", "geometry": {"type": "Point", "coordinates": [8.89567708, 42.62062206]}, "properties": {"route": "T30", "pr": "FS", "abs": null, "label": "T30 PRFS"}}, {"type": "Feature", "geometry": {"type": "Point", "coordinates": [8.89567708, 42.62062206]}, "properties": {"route": "T30", "pr": "DS", "abs": null, "label": "T30 PRDS"}}, {"type": "Feature", "geometry": {"type": "Point", "coordinates": [8.80422831, 41.93270549]}, "properties": {"route": "T40", "pr": "DS", "abs": null, "label": "T40 PRDS"}}, {"type": "Feature", "geometry": {"type": "Point", "coordinates": [9.45425742, 42.53403389]}, "properties": {"route": "T11", "pr": "DS", "abs": null, "label": "T11 PRDS"}}, {"type": "Feature", "geometry": {"type": "Point", "coordinates": [8.78413435, 42.54957546]}, "properties": {"route": "T30", "pr": "FS", "abs": null, "label": "T30 PRFS"}}, {"type": "Feature", "geometry": {"type": "Point", "coordinates": [8.78413435, 42.54957546]}, "properties": {"route": "T30", "pr": "DS", "abs": null, "label": "T30 PRDS"}}, {"type": "Feature", "geometry": {"type": "Point", "coordinates": [9.43729915, 42.61650959]}, "properties": {"route": "T11", "pr": "DS", "abs": null, "label": "T11 PRDS"}}, {"type": "Feature", "geometry": {"type": "Point", "coordinates": [8.80243188, 41.93099094]}, "properties": {"route": "T21", "pr": "DS", "abs": null, "label": "T21 PRDS"}}, {"type": "Feature", "geometry": {"type": "Point", "coordinates": [9.44115398, 42.65446949]}, "properties": {"route": "T11", "pr": "DS", "abs": null, "label": "T11 PRDS"}}, {"type": "Feature", "geometry": {"type": "Point", "coordinates": [9.43544662, 42.66689146]}, "properties": {"route": "T12", "pr": "DS", "abs": null, "label": "T12 PRDS"}}, {"type": "Feature", "geometry": {"type": "Point", "coordinates": [9.08506515, 42.09461107]}, "properties": {"route": "T20", "pr": "DS", "abs": null, "label": "T20 PRDS"}}, {"type": "Feature", "geometry": {"type": "Point", "coordinates": [8.80275242, 41.93147687]}, "properties": {"route": "T21", "pr": "DS", "abs": null, "label": "T21 PRDS"}}, {"type": "Feature", "geometry": {"type": "Point", "coordinates": [8.92272677, 42.62744392]}, "properties": {"route": "T30", "pr": "DS", "abs": null, "label": "T30 PRDS"}}, {"type": "Feature", "geometry": {"type": "Point", "coordinates": [9.44216951, 42.547099]}, "properties": {"route": "T205", "pr": "FS", "abs": null, "label": "T205 PRFS"}}, {"type": "Feature", "geometry": {"type": "Point", "coordinates": [9.44216951, 42.547099]}, "properties": {"route": "T205", "pr": "DS", "abs": null, "label": "T205 PRDS"}}, {"type": "Feature", "geometry": {"type": "Point", "coordinates": [9.44078278, 42.57227947]}, "properties": {"route": "T11", "pr": "DS", "abs": null, "label": "T11 PRDS"}}, {"type": "Feature", "geometry": {"type": "Point", "coordinates": [8.81134147, 41.95216011]}, "properties": {"route": "T20", "pr": "DS", "abs": null, "label": "T20 PRDS"}}, {"type": "Feature", "geometry": {"type": "Point", "coordinates": [8.81148837, 41.95375731]}, "properties": {"route": "T20", "pr": "FS", "abs": null, "label": "T20 PRFS"}}, {"type": "Feature", "geometry": {"type": "Point", "coordinates": [8.81148837, 41.95375731]}, "properties": {"route": "T20", "pr": "DS", "abs": null, "label": "T20 PRDS"}}, {"type": "Feature", "geometry": {"type": "Point", "coordinates": [8.7985291, 41.92781661]}, "properties": {"route": "T20", "pr": "DS", "abs": null, "label": "T20 PRDS"}}, {"type": "Feature", "geometry": {"type": "Point", "coordinates": [9.43691063, 42.62053803]}, "properties": {"route": "T11", "pr": "DS", "abs": null, "label": "T11 PRDS"}}, {"type": "Feature", "geometry": {"type": "Point", "coordinates": [8.8531069, 41.99837234]}, "properties": {"route": "T20", "pr": "DS", "abs": null, "label": "T20 PRDS"}}, {"type": "Feature", "geometry": {"type": "Point", "coordinates": [9.07696046, 42.09279951]}, "properties": {"route": "T20", "pr": "DS", "abs": null, "label": "T20 PRDS"}}, {"type": "Feature", "geometry": {"type": "Point", "coordinates": [8.81134147, 41.95216011]}, "properties": {"route": "T20", "pr": "DS", "abs": null, "label": "T20 PRDS"}}, {"type": "Feature", "geometry": {"type": "Point", "coordinates": [9.08680136, 42.09550795]}, "properties": {"route": "T20", "pr": "FS", "abs": null, "label": "T20 PRFS"}}, {"type": "Feature", "geometry": {"type": "Point", "coordinates": [9.08680136, 42.09550795]}, "properties": {"route": "T20", "pr": "DS", "abs": null, "label": "T20 PRDS"}}, {"type": "Feature", "geometry": {"type": "Point", "coordinates": [9.43425301, 42.66232408]}, "properties": {"route": "T12", "pr": "DS", "abs": null, "label": "T12 PRDS"}}, {"type": "Feature", "geometry": {"type": "Point", "coordinates": [9.43696654, 42.62053556]}, "properties": {"route": "T11", "pr": "DS", "abs": null, "label": "T11 PRDS"}}, {"type": "Feature", "geometry": {"type": "Point", "coordinates": [9.44140033, 42.65630746]}, "properties": {"route": "T11", "pr": "DS", "abs": null, "label": "T11 PRDS"}}, {"type": "Feature", "geometry": {"type": "Point", "coordinates": [8.80422831, 41.93270549]}, "properties": {"route": "T40", "pr": "DS", "abs": null, "label": "T40 PRDS"}}, {"type": "Feature", "geometry": {"type": "Point", "coordinates": [9.08021323, 42.09405277]}, "properties": {"route": "T20", "pr": "DS", "abs": null, "label": "T20 PRDS"}}, {"type": "Feature", "geometry": {"type": "Point", "coordinates": [9.45595387, 42.53721517]}, "properties": {"route": "T11", "pr": "DS", "abs": null, "label": "T11 PRDS"}}, {"type": "Feature", "geometry": {"type": "Point", "coordinates": [8.84876451, 41.9136421]}, "properties": {"route": "T40", "pr": "DS", "abs": null, "label": "T40 PRDS"}}, {"type": "Feature", "geometry": {"type": "Point", "coordinates": [9.45595387, 42.53721517]}, "properties": {"route": "T11", "pr": "DS", "abs": null, "label": "T11 PRDS"}}, {"type": "Feature", "geometry": {"type": "Point", "coordinates": [9.45425742, 42.53403389]}, "properties": {"route": "T11", "pr": "DS", "abs": null, "label": "T11 PRDS"}}, {"type": "Feature", "geometry": {"type": "Point", "coordinates": [8.80275242, 41.93147687]}, "properties": {"route": "T21", "pr": "DS", "abs": null, "label": "T21 PRDS"}}, {"type": "Feature", "geometry": {"type": "Point", "coordinates": [8.81206235, 41.95090612]}, "properties": {"route": "T20", "pr": "DS", "abs": null, "label": "T20 PRDS"}}, {"type": "Feature", "geometry": {"type": "Point", "coordinates": [9.45236561, 42.69898259]}, "properties": {"route": "T11", "pr": "DS", "abs": null, "label": "T11 PRDS"}}, {"type": "Feature", "geometry": {"type": "Point", "coordinates": [8.75604379, 42.5656918]}, "properties": {"route": "T30", "pr": "DS", "abs": null, "label": "T30 PRDS"}}, {"type": "Feature", "geometry": {"type": "Point", "coordinates": [9.4408684, 42.51846124]}, "properties": {"route": "T10", "pr": "DS", "abs": null, "label": "T10 PRDS"}}, {"type": "Feature", "geometry": {"type": "Point", "coordinates": [8.75328168, 41.93441806]}, "properties": {"route": "T22", "pr": "DS", "abs": null, "label": "T22 PRDS"}}, {"type": "Feature", "geometry": {"type": "Point", "coordinates": [9.45236561, 42.69898259]}, "properties": {"route": "T11", "pr": "DS", "abs": null, "label": "T11 PRDS"}}, {"type": "Feature", "geometry": {"type": "Point", "coordinates": [9.08258488, 42.09373802]}, "properties": {"route": "T20", "pr": "DS", "abs": null, "label": "T20 PRDS"}}, {"type": "Feature", "geometry": {"type": "Point", "coordinates": [9.46560843, 42.50141606]}, "properties": {"route": "T11", "pr": "DS", "abs": null, "label": "T11 PRDS"}}, {"type": "Feature", "geometry": {"type": "Point", "coordinates": [9.43689807, 42.62321782]}, "properties": {"route": "T11", "pr": "DS", "abs": null, "label": "T11 PRDS"}}, {"type": "Feature", "geometry": {"type": "Point", "coordinates": [8.80200026, 41.93156866]}, "properties": {"route": "T20", "pr": "DS", "abs": null, "label": "T20 PRDS"}}, {"type": "Feature", "geometry": {"type": "Point", "coordinates": [9.44084503, 42.65192267]}, "properties": {"route": "T11", "pr": "DS", "abs": null, "label": "T11 PRDS"}}, {"type": "Feature", "geometry": {"type": "Point", "coordinates": [9.44183091, 42.53119625]}, "properties": {"route": "T205", "pr": "DS", "abs": null, "label": "T205 PRDS"}}, {"type": "Feature", "geometry": {"type": "Point", "coordinates": [9.15947068, 42.31786009]}, "properties": {"route": "T203", "pr": "DS", "abs": null, "label": "T203 PRDS"}}, {"type": "Feature", "geometry": {"type": "Point", "coordinates": [8.85339567, 41.9987131]}, "properties": {"route": "T20", "pr": "DS", "abs": null, "label": "T20 PRDS"}}, {"type": "Feature", "geometry": {"type": "Point", "coordinates": [9.17486225, 42.34324915]}, "properties": {"route": "T20", "pr": "DS", "abs": null, "label": "T20 PRDS"}}, {"type": "Feature", "geometry": {"type": "Point", "coordinates": [8.848753, 41.91361121]}, "properties": {"route": "T40", "pr": "DS", "abs": null, "label": "T40 PRDS"}}, {"type": "Feature", "geometry": {"type": "Point", "coordinates": [8.92419901, 42.62744245]}, "properties": {"route": "T30", "pr": "DS", "abs": null, "label": "T30 PRDS"}}, {"type": "Feature", "geometry": {"type": "Point", "coordinates": [9.20614507, 42.46219519]}, "properties": {"route": "T30", "pr": "DS", "abs": null, "label": "T30 PRDS"}}, {"type": "Feature", "geometry": {"type": "Point", "coordinates": [8.82837485, 41.91241734]}, "properties": {"route": "T40", "pr": "DS", "abs": null, "label": "T40 PRDS"}}, {"type": "Feature", "geometry": {"type": "Point", "coordinates": [9.15761298, 42.30373511]}, "properties": {"route": "T50", "pr": "DS", "abs": null, "label": "T50 PRDS"}}, {"type": "Feature", "geometry": {"type": "Point", "coordinates": [8.7534924, 41.93475967]}, "properties": {"route": "T22", "pr": "DS", "abs": null, "label": "T22 PRDS"}}, {"type": "Feature", "geometry": {"type": "Point", "coordinates": [8.75589637, 42.56543385]}, "properties": {"route": "T30", "pr": "DS", "abs": null, "label": "T30 PRDS"}}, {"type": "Feature", "geometry": {"type": "Point", "coordinates": [9.43678201, 42.62321761]}, "properties": {"route": "T11", "pr": "DS", "abs": null, "label": "T11 PRDS"}}, {"type": "Feature", "geometry": {"type": "Point", "coordinates": [9.15771397, 42.30382932]}, "properties": {"route": "T50", "pr": "0", "abs": 0, "label": "T50 PR0"}}, {"type": "Feature", "geometry": {"type": "Point", "coordinates": [8.80279555, 41.9313637]}, "properties": {"route": "T40", "pr": "0", "abs": 0, "label": "T40 PR0"}}, {"type": "Feature", "geometry": {"type": "Point", "coordinates": [8.80236641, 41.93167285]}, "properties": {"route": "T20", "pr": "0", "abs": 0, "label": "T20 PR0"}}, {"type": "Feature", "geometry": {"type": "Point", "coordinates": [9.166322, 42.30146898]}, "properties": {"route": "T50", "pr": "1", "abs": 1000, "label": "T50 PR1+1000"}}, {"type": "Feature", "geometry": {"type": "Point", "coordinates": [8.80619396, 41.93340722]}, "properties": {"route": "T40", "pr": "4", "abs": 4000, "label": "T40 PR4+4000"}}, {"type": "Feature", "geometry": {"type": "Point", "coordinates": [8.8089422, 41.92651438]}, "properties": {"route": "T40", "pr": "5", "abs": 5000, "label": "T40 PR5+5000"}}, {"type": "Feature", "geometry": {"type": "Point", "coordinates": [8.82352595, 41.91370116]}, "properties": {"route": "T40", "pr": "7", "abs": 7000, "label": "T40 PR7+7000"}}, {"type": "Feature", "geometry": {"type": "Point", "coordinates": [8.81657651, 41.92237541]}, "properties": {"route": "T40", "pr": "6", "abs": 6000, "label": "T40 PR6+6000"}}, {"type": "Feature", "geometry": {"type": "Point", "coordinates": [8.7574802, 42.56630831]}, "properties": {"route": "T30", "pr": "0", "abs": 0, "label": "T30 PR0"}}, {"type": "Feature", "geometry": {"type": "Point", "coordinates": [8.76507426, 42.55179773]}, "properties": {"route": "T30", "pr": "2", "abs": 2000, "label": "T30 PR2+2000"}}, {"type": "Feature", "geometry": {"type": "Point", "coordinates": [8.75748127, 42.5585447]}, "properties": {"route": "T30", "pr": "1", "abs": 1000, "label": "T30 PR1+1000"}}, {"type": "Feature", "geometry": {"type": "Point", "coordinates": [8.79456804, 42.55698712]}, "properties": {"route": "T30", "pr": "5", "abs": 5000, "label": "T30 PR5+5000"}}, {"type": "Feature", "geometry": {"type": "Point", "coordinates": [8.78751982, 42.54977211]}, "properties": {"route": "T30", "pr": "4", "abs": 4000, "label": "T30 PR4+4000"}}, {"type": "Feature", "geometry": {"type": "Point", "coordinates": [9.44208021, 42.53115683]}, "properties": {"route": "T205", "pr": "0", "abs": 0, "label": "T205 PR0"}}, {"type": "Feature", "geometry": {"type": "Point", "coordinates": [9.44266026, 42.54008721]}, "properties": {"route": "T205", "pr": "1", "abs": 1000, "label": "T205 PR1+1000"}}, {"type": "Feature", "geometry": {"type": "Point", "coordinates": [8.75277114, 41.93418106]}, "properties": {"route": "T22", "pr": "0", "abs": 0, "label": "T22 PR0"}}, {"type": "Feature", "geometry": {"type": "Point", "coordinates": [8.75703843, 41.9430282]}, "properties": {"route": "T22", "pr": "1", "abs": 1000, "label": "T22 PR1+1000"}}, {"type": "Feature", "geometry": {"type": "Point", "coordinates": [9.45674495, 42.56146848]}, "properties": {"route": "T11", "pr": "8", "abs": 8000, "label": "T11 PR8+8000"}}, {"type": "Feature", "geometry": {"type": "Point", "coordinates": [9.43952929, 42.64197123]}, "properties": {"route": "T11", "pr": "18", "abs": 18000, "label": "T11 PR18+18000"}}, {"type": "Feature", "geometry": {"type": "Point", "coordinates": [9.46061746, 42.54495557]}, "properties": {"route": "T11", "pr": "6", "abs": 6000, "label": "T11 PR6+6000"}}, {"type": "Feature", "geometry": {"type": "Point", "coordinates": [9.43993099, 42.5791987]}, "properties": {"route": "T11", "pr": "11", "abs": 11000, "label": "T11 PR11+11000"}}, {"type": "Feature", "geometry": {"type": "Point", "coordinates": [9.44076006, 42.5718975]}, "properties": {"route": "T11", "pr": "10", "abs": 10000, "label": "T11 PR10+10000"}}, {"type": "Feature", "geometry": {"type": "Point", "coordinates": [9.43929777, 42.58816222]}, "properties": {"route": "T11", "pr": "12", "abs": 12000, "label": "T11 PR12+12000"}}, {"type": "Feature", "geometry": {"type": "Point", "coordinates": [9.43801909, 42.60624895]}, "properties": {"route": "T11", "pr": "14", "abs": 14000, "label": "T11 PR14+14000"}}, {"type": "Feature", "geometry": {"type": "Point", "coordinates": [9.45108967, 42.56893849]}, "properties": {"route": "T11", "pr": "9", "abs": 9000, "label": "T11 PR9+9000"}}, {"type": "Feature", "geometry": {"type": "Point", "coordinates": [9.45993793, 42.52053349]}, "properties": {"route": "T11", "pr": "3", "abs": 3000, "label": "T11 PR3+3000"}}, {"type": "Feature", "geometry": {"type": "Point", "coordinates": [9.4373778, 42.61535476]}, "properties": {"route": "T11", "pr": "15", "abs": 15000, "label": "T11 PR15+15000"}}, {"type": "Feature", "geometry": {"type": "Point", "coordinates": [9.4556479, 42.53705152]}, "properties": {"route": "T11", "pr": "5", "abs": 5000, "label": "T11 PR5+5000"}}, {"type": "Feature", "geometry": {"type": "Point", "coordinates": [9.44063356, 42.65096211]}, "properties": {"route": "T11", "pr": "19", "abs": 19000, "label": "T11 PR19+19000"}}, {"type": "Feature", "geometry": {"type": "Point", "coordinates": [9.4368094, 42.62413873]}, "properties": {"route": "T11", "pr": "16", "abs": 16000, "label": "T11 PR16+16000"}}, {"type": "Feature", "geometry": {"type": "Point", "coordinates": [9.43863609, 42.59725651]}, "properties": {"route": "T11", "pr": "13", "abs": 13000, "label": "T11 PR13+13000"}}, {"type": "Feature", "geometry": {"type": "Point", "coordinates": [9.46065096, 42.55355128]}, "properties": {"route": "T11", "pr": "7", "abs": 7000, "label": "T11 PR7+7000"}}, {"type": "Feature", "geometry": {"type": "Point", "coordinates": [9.43810138, 42.63313255]}, "properties": {"route": "T11", "pr": "17", "abs": 17000, "label": "T11 PR17+17000"}}, {"type": "Feature", "geometry": {"type": "Point", "coordinates": [9.44185159, 42.65979648]}, "properties": {"route": "T11", "pr": "20", "abs": 20000, "label": "T11 PR20+20000"}}, {"type": "Feature", "geometry": {"type": "Point", "coordinates": [9.45500797, 42.52854505]}, "properties": {"route": "T11", "pr": "4", "abs": 4000, "label": "T11 PR4+4000"}}, {"type": "Feature", "geometry": {"type": "Point", "coordinates": [8.7380506, 41.91880487]}, "properties": {"route": "T21", "pr": "0", "abs": 0, "label": "T21 PR0"}}, {"type": "Feature", "geometry": {"type": "Point", "coordinates": [8.77534378, 41.92791585]}, "properties": {"route": "T21", "pr": "4", "abs": 4000, "label": "T21 PR4+4000"}}, {"type": "Feature", "geometry": {"type": "Point", "coordinates": [8.78816379, 41.92703255]}, "properties": {"route": "T21", "pr": "5", "abs": 5000, "label": "T21 PR5+5000"}}, {"type": "Feature", "geometry": {"type": "Point", "coordinates": [8.76165734, 41.9295745]}, "properties": {"route": "T21", "pr": "3", "abs": 3000, "label": "T21 PR3+3000"}}, {"type": "Feature", "geometry": {"type": "Point", "coordinates": [9.44021308, 42.51906278]}, "properties": {"route": "T10", "pr": "148", "abs": 148000, "label": "T10 PR148+148000"}}, {"type": "Feature", "geometry": {"type": "Point", "coordinates": [9.45242728, 42.70179616]}, "properties": {"route": "T11", "pr": "25", "abs": 25000, "label": "T11 PR25+25000"}}, {"type": "Feature", "geometry": {"type": "Point", "coordinates": [9.45228444, 42.69290909]}, "properties": {"route": "T11", "pr": "24", "abs": 24000, "label": "T11 PR24+24000"}}, {"type": "Feature", "geometry": {"type": "Point", "coordinates": [9.44614777, 42.68602768]}, "properties": {"route": "T11", "pr": "23", "abs": 23000, "label": "T11 PR23+23000"}}, {"type": "Feature", "geometry": {"type": "Point", "coordinates": [9.36999865, 42.18446653]}, "properties": {"route": "T501", "pr": "0", "abs": 0, "label": "T501 PR0"}}, {"type": "Feature", "geometry": {"type": "Point", "coordinates": [9.37962958, 42.18535566]}, "properties": {"route": "T501", "pr": "1", "abs": 1000, "label": "T501 PR1+1000"}}, {"type": "Feature", "geometry": {"type": "Point", "coordinates": [9.38802987, 42.18201401]}, "properties": {"route": "T501", "pr": "2", "abs": 2000, "label": "T501 PR2+2000"}}, {"type": "Feature", "geometry": {"type": "Point", "coordinates": [9.05181844, 42.08236389]}, "properties": {"route": "T201", "pr": "0", "abs": 0, "label": "T201 PR0"}}, {"type": "Feature", "geometry": {"type": "Point", "coordinates": [9.19185112, 42.39559832]}, "properties": {"route": "T204", "pr": "0", "abs": 0, "label": "T204 PR0"}}, {"type": "Feature", "geometry": {"type": "Point", "coordinates": [9.19320147, 42.40336634]}, "properties": {"route": "T204", "pr": "1", "abs": 1000, "label": "T204 PR1+1000"}}, {"type": "Feature", "geometry": {"type": "Point", "coordinates": [9.15940422, 42.28946808]}, "properties": {"route": "T202", "pr": "0", "abs": 0, "label": "T202 PR0"}}, {"type": "Feature", "geometry": {"type": "Point", "coordinates": [9.15886823, 42.29528754]}, "properties": {"route": "T202", "pr": "1", "abs": 1000, "label": "T202 PR1+1000"}}, {"type": "Feature", "geometry": {"type": "Point", "coordinates": [9.40058753, 41.84614863]}, "properties": {"route": "T10", "pr": "63", "abs": 63000, "label": "T10 PR63+63000"}}, {"type": "Feature", "geometry": {"type": "Point", "coordinates": [9.39493551, 41.94928391]}, "properties": {"route": "T10", "pr": "75", "abs": 75000, "label": "T10 PR75+75000"}}, {"type": "Feature", "geometry": {"type": "Point", "coordinates": [9.54664742, 42.25696067]}, "properties": {"route": "T10", "pr": "115", "abs": 115000, "label": "T10 PR115+115000"}}, {"type": "Feature", "geometry": {"type": "Point", "coordinates": [9.46175742, 42.50671247]}, "properties": {"route": "T10", "pr": "145", "abs": 145000, "label": "T10 PR145+145000"}}, {"type": "Feature", "geometry": {"type": "Point", "coordinates": [9.54019466, 42.31921107]}, "properties": {"route": "T10", "pr": "122", "abs": 122000, "label": "T10 PR122+122000"}}, {"type": "Feature", "geometry": {"type": "Point", "coordinates": [9.39189449, 41.9310449]}, "properties": {"route": "T10", "pr": "73", "abs": 73000, "label": "T10 PR73+73000"}}, {"type": "Feature", "geometry": {"type": "Point", "coordinates": [9.49848913, 42.086977]}, "properties": {"route": "T10", "pr": "94", "abs": 94000, "label": "T10 PR94+94000"}}, {"type": "Feature", "geometry": {"type": "Point", "coordinates": [9.54726963, 42.29300385]}, "properties": {"route": "T10", "pr": "119", "abs": 119000, "label": "T10 PR119+119000"}}, {"type": "Feature", "geometry": {"type": "Point", "coordinates": [9.39641512, 41.95799323]}, "properties": {"route": "T10", "pr": "76", "abs": 76000, "label": "T10 PR76+76000"}}, {"type": "Feature", "geometry": {"type": "Point", "coordinates": [9.51492738, 42.10629787]}, "properties": {"route": "T10", "pr": "97", "abs": 97000, "label": "T10 PR97+97000"}}, {"type": "Feature", "geometry": {"type": "Point", "coordinates": [9.46565841, 42.07583725]}, "properties": {"route": "T10", "pr": "91", "abs": 91000, "label": "T10 PR91+91000"}}, {"type": "Feature", "geometry": {"type": "Point", "coordinates": [9.53054791, 42.38986168]}, "properties": {"route": "T10", "pr": "130", "abs": 130000, "label": "T10 PR130+130000"}}, {"type": "Feature", "geometry": {"type": "Point", "coordinates": [9.50991474, 42.13293301]}, "properties": {"route": "T10", "pr": "100", "abs": 100000, "label": "T10 PR100+100000"}}, {"type": "Feature", "geometry": {"type": "Point", "coordinates": [9.40355538, 42.0124351]}, "properties": {"route": "T10", "pr": "82", "abs": 82000, "label": "T10 PR82+82000"}}, {"type": "Feature", "geometry": {"type": "Point", "coordinates": [9.5337067, 42.21356329]}, "properties": {"route": "T10", "pr": "110", "abs": 110000, "label": "T10 PR110+110000"}}, {"type": "Feature", "geometry": {"type": "Point", "coordinates": [9.40092733, 41.98492675]}, "properties": {"route": "T10", "pr": "79", "abs": 79000, "label": "T10 PR79+79000"}}, {"type": "Feature", "geometry": {"type": "Point", "coordinates": [9.39172824, 41.89566169]}, "properties": {"route": "T10", "pr": "69", "abs": 69000, "label": "T10 PR69+69000"}}, {"type": "Feature", "geometry": {"type": "Point", "coordinates": [9.39572834, 41.87778564]}, "properties": {"route": "T10", "pr": "67", "abs": 67000, "label": "T10 PR67+67000"}}, {"type": "Feature", "geometry": {"type": "Point", "coordinates": [9.39737272, 41.868812]}, "properties": {"route": "T10", "pr": "66", "abs": 66000, "label": "T10 PR66+66000"}}, {"type": "Feature", "geometry": {"type": "Point", "coordinates": [9.52106797, 42.43398393]}, "properties": {"route": "T10", "pr": "135", "abs": 135000, "label": "T10 PR135+135000"}}, {"type": "Feature", "geometry": {"type": "Point", "coordinates": [9.5304135, 42.18744579]}, "properties": {"route": "T10", "pr": "107", "abs": 107000, "label": "T10 PR107+107000"}}, {"type": "Feature", "geometry": {"type": "Point", "coordinates": [9.50592425, 42.14966764]}, "properties": {"route": "T10", "pr": "102", "abs": 102000, "label": "T10 PR102+102000"}}, {"type": "Feature", "geometry": {"type": "Point", "coordinates": [9.43528114, 42.06079861]}, "properties": {"route": "T10", "pr": "88", "abs": 88000, "label": "T10 PR88+88000"}}, {"type": "Feature", "geometry": {"type": "Point", "coordinates": [9.54411512, 42.22951615]}, "properties": {"route": "T10", "pr": "112", "abs": 112000, "label": "T10 PR112+112000"}}, {"type": "Feature", "geometry": {"type": "Point", "coordinates": [9.51492356, 42.09761737]}, "properties": {"route": "T10", "pr": "96", "abs": 96000, "label": "T10 PR96+96000"}}, {"type": "Feature", "geometry": {"type": "Point", "coordinates": [9.54558175, 42.24704182]}, "properties": {"route": "T10", "pr": "114", "abs": 114000, "label": "T10 PR114+114000"}}, {"type": "Feature", "geometry": {"type": "Point", "coordinates": [9.51330568, 42.15634143]}, "properties": {"route": "T10", "pr": "103", "abs": 103000, "label": "T10 PR103+103000"}}, {"type": "Feature", "geometry": {"type": "Point", "coordinates": [9.51326656, 42.43980595]}, "properties": {"route": "T10", "pr": "136", "abs": 136000, "label": "T10 PR136+136000"}}, {"type": "Feature", "geometry": {"type": "Point", "coordinates": [9.50940886, 42.09078283]}, "properties": {"route": "T10", "pr": "95", "abs": 95000, "label": "T10 PR95+95000"}}, {"type": "Feature", "geometry": {"type": "Point", "coordinates": [9.53366775, 42.34562523]}, "properties": {"route": "T10", "pr": "125", "abs": 125000, "label": "T10 PR125+125000"}}, {"type": "Feature", "geometry": {"type": "Point", "coordinates": [9.52241865, 42.1616134]}, "properties": {"route": "T10", "pr": "104", "abs": 104000, "label": "T10 PR104+104000"}}, {"type": "Feature", "geometry": {"type": "Point", "coordinates": [9.54448215, 42.30175585]}, "properties": {"route": "T10", "pr": "120", "abs": 120000, "label": "T10 PR120+120000"}}, {"type": "Feature", "geometry": {"type": "Point", "coordinates": [9.45177004, 42.51116215]}, "properties": {"route": "T10", "pr": "146", "abs": 146000, "label": "T10 PR146+146000"}}, {"type": "Feature", "geometry": {"type": "Point", "coordinates": [9.53587239, 42.33673696]}, "properties": {"route": "T10", "pr": "124", "abs": 124000, "label": "T10 PR124+124000"}}, {"type": "Feature", "geometry": {"type": "Point", "coordinates": [9.5103059, 42.12402874]}, "properties": {"route": "T10", "pr": "99", "abs": 99000, "label": "T10 PR99+99000"}}, {"type": "Feature", "geometry": {"type": "Point", "coordinates": [9.52706217, 42.16982479]}, "properties": {"route": "T10", "pr": "105", "abs": 105000, "label": "T10 PR105+105000"}}, {"type": "Feature", "geometry": {"type": "Point", "coordinates": [9.52956768, 42.1783005]}, "properties": {"route": "T10", "pr": "106", "abs": 106000, "label": "T10 PR106+106000"}}, {"type": "Feature", "geometry": {"type": "Point", "coordinates": [9.39044102, 41.92233068]}, "properties": {"route": "T10", "pr": "72", "abs": 72000, "label": "T10 PR72+72000"}}, {"type": "Feature", "geometry": {"type": "Point", "coordinates": [9.4030697, 42.00328636]}, "properties": {"route": "T10", "pr": "81", "abs": 81000, "label": "T10 PR81+81000"}}, {"type": "Feature", "geometry": {"type": "Point", "coordinates": [9.54986453, 42.27559719]}, "properties": {"route": "T10", "pr": "117", "abs": 117000, "label": "T10 PR117+117000"}}, {"type": "Feature", "geometry": {"type": "Point", "coordinates": [9.48215663, 42.47634576]}, "properties": {"route": "T10", "pr": "141", "abs": 141000, "label": "T10 PR141+141000"}}, {"type": "Feature", "geometry": {"type": "Point", "coordinates": [9.53841619, 42.22168436]}, "properties": {"route": "T10", "pr": "111", "abs": 111000, "label": "T10 PR111+111000"}}, {"type": "Feature", "geometry": {"type": "Point", "coordinates": [9.44473721, 42.06623749]}, "properties": {"route": "T10", "pr": "89", "abs": 89000, "label": "T10 PR89+89000"}}, {"type": "Feature", "geometry": {"type": "Point", "coordinates": [9.46725443, 42.49903596]}, "properties": {"route": "T10", "pr": "144", "abs": 144000, "label": "T10 PR144+144000"}}, {"type": "Feature", "geometry": {"type": "Point", "coordinates": [9.40009069, 41.85561033]}, "properties": {"route": "T10", "pr": "64", "abs": 64000, "label": "T10 PR64+64000"}}, {"type": "Feature", "geometry": {"type": "Point", "coordinates": [9.54892151, 42.26591404]}, "properties": {"route": "T10", "pr": "116", "abs": 116000, "label": "T10 PR116+116000"}}, {"type": "Feature", "geometry": {"type": "Point", "coordinates": [9.40897924, 42.02073828]}, "properties": {"route": "T10", "pr": "83", "abs": 83000, "label": "T10 PR83+83000"}}, {"type": "Feature", "geometry": {"type": "Point", "coordinates": [9.48861929, 42.46883471]}, "properties": {"route": "T10", "pr": "140", "abs": 140000, "label": "T10 PR140+140000"}}, {"type": "Feature", "geometry": {"type": "Point", "coordinates": [9.42538452, 42.04458522]}, "properties": {"route": "T10", "pr": "86", "abs": 86000, "label": "T10 PR86+86000"}}, {"type": "Feature", "geometry": {"type": "Point", "coordinates": [9.497191, 42.46253474]}, "properties": {"route": "T10", "pr": "139", "abs": 139000, "label": "T10 PR139+139000"}}, {"type": "Feature", "geometry": {"type": "Point", "coordinates": [9.53149167, 42.35444861]}, "properties": {"route": "T10", "pr": "126", "abs": 126000, "label": "T10 PR126+126000"}}, {"type": "Feature", "geometry": {"type": "Point", "coordinates": [9.5292259, 42.41734501]}, "properties": {"route": "T10", "pr": "133", "abs": 133000, "label": "T10 PR133+133000"}}, {"type": "Feature", "geometry": {"type": "Point", "coordinates": [9.42091324, 42.03623263]}, "properties": {"route": "T10", "pr": "85", "abs": 85000, "label": "T10 PR85+85000"}}, {"type": "Feature", "geometry": {"type": "Point", "coordinates": [9.39396572, 41.88663039]}, "properties": {"route": "T10", "pr": "68", "abs": 68000, "label": "T10 PR68+68000"}}, {"type": "Feature", "geometry": {"type": "Point", "coordinates": [9.4798579, 42.48507856]}, "properties": {"route": "T10", "pr": "142", "abs": 142000, "label": "T10 PR142+142000"}}, {"type": "Feature", "geometry": {"type": "Point", "coordinates": [9.5423318, 42.31044328]}, "properties": {"route": "T10", "pr": "121", "abs": 121000, "label": "T10 PR121+121000"}}, {"type": "Feature", "geometry": {"type": "Point", "coordinates": [9.53159713, 42.19688865]}, "properties": {"route": "T10", "pr": "108", "abs": 108000, "label": "T10 PR108+108000"}}, {"type": "Feature", "geometry": {"type": "Point", "coordinates": [9.39309653, 41.86138735]}, "properties": {"route": "T10", "pr": "65", "abs": 65000, "label": "T10 PR65+65000"}}, {"type": "Feature", "geometry": {"type": "Point", "coordinates": [9.52706423, 42.42614261]}, "properties": {"route": "T10", "pr": "134", "abs": 134000, "label": "T10 PR134+134000"}}, {"type": "Feature", "geometry": {"type": "Point", "coordinates": [9.55074521, 42.28460162]}, "properties": {"route": "T10", "pr": "118", "abs": 118000, "label": "T10 PR118+118000"}}, {"type": "Feature", "geometry": {"type": "Point", "coordinates": [9.53465037, 42.20465905]}, "properties": {"route": "T10", "pr": "109", "abs": 109000, "label": "T10 PR109+109000"}}, {"type": "Feature", "geometry": {"type": "Point", "coordinates": [9.53018847, 42.38083677]}, "properties": {"route": "T10", "pr": "129", "abs": 129000, "label": "T10 PR129+129000"}}, {"type": "Feature", "geometry": {"type": "Point", "coordinates": [9.45502327, 42.07075683]}, "properties": {"route": "T10", "pr": "90", "abs": 90000, "label": "T10 PR90+90000"}}, {"type": "Feature", "geometry": {"type": "Point", "coordinates": [9.47473831, 42.49241806]}, "properties": {"route": "T10", "pr": "143", "abs": 143000, "label": "T10 PR143+143000"}}, {"type": "Feature", "geometry": {"type": "Point", "coordinates": [9.43031601, 42.05285389]}, "properties": {"route": "T10", "pr": "87", "abs": 87000, "label": "T10 PR87+87000"}}, {"type": "Feature", "geometry": {"type": "Point", "coordinates": [9.50743329, 42.44638545]}, "properties": {"route": "T10", "pr": "137", "abs": 137000, "label": "T10 PR137+137000"}}, {"type": "Feature", "geometry": {"type": "Point", "coordinates": [9.53801695, 42.32796962]}, "properties": {"route": "T10", "pr": "123", "abs": 123000, "label": "T10 PR123+123000"}}, {"type": "Feature", "geometry": {"type": "Point", "coordinates": [9.40196852, 41.83945776]}, "properties": {"route": "T10", "pr": "62", "abs": 62000, "label": "T10 PR62+62000"}}, {"type": "Feature", "geometry": {"type": "Point", "coordinates": [9.38957225, 41.90449427]}, "properties": {"route": "T10", "pr": "70", "abs": 70000, "label": "T10 PR70+70000"}}, {"type": "Feature", "geometry": {"type": "Point", "coordinates": [9.53092805, 42.39949509]}, "properties": {"route": "T10", "pr": "131", "abs": 131000, "label": "T10 PR131+131000"}}, {"type": "Feature", "geometry": {"type": "Point", "coordinates": [9.54566738, 42.238365]}, "properties": {"route": "T10", "pr": "113", "abs": 113000, "label": "T10 PR113+113000"}}, {"type": "Feature", "geometry": {"type": "Point", "coordinates": [9.51334933, 42.1154987]}, "properties": {"route": "T10", "pr": "98", "abs": 98000, "label": "T10 PR98+98000"}}, {"type": "Feature", "geometry": {"type": "Point", "coordinates": [9.41498912, 42.02847032]}, "properties": {"route": "T10", "pr": "84", "abs": 84000, "label": "T10 PR84+84000"}}, {"type": "Feature", "geometry": {"type": "Point", "coordinates": [9.5034377, 42.45473372]}, "properties": {"route": "T10", "pr": "138", "abs": 138000, "label": "T10 PR138+138000"}}, {"type": "Feature", "geometry": {"type": "Point", "coordinates": [9.53120342, 42.40851723]}, "properties": {"route": "T10", "pr": "132", "abs": 132000, "label": "T10 PR132+132000"}}, {"type": "Feature", "geometry": {"type": "Point", "coordinates": [9.47670685, 42.07958958]}, "properties": {"route": "T10", "pr": "92", "abs": 92000, "label": "T10 PR92+92000"}}, {"type": "Feature", "geometry": {"type": "Point", "coordinates": [9.38890593, 41.91336103]}, "properties": {"route": "T10", "pr": "71", "abs": 71000, "label": "T10 PR71+71000"}}, {"type": "Feature", "geometry": {"type": "Point", "coordinates": [9.48743499, 42.0832334]}, "properties": {"route": "T10", "pr": "93", "abs": 93000, "label": "T10 PR93+93000"}}, {"type": "Feature", "geometry": {"type": "Point", "coordinates": [9.39343709, 41.9402198]}, "properties": {"route": "T10", "pr": "74", "abs": 74000, "label": "T10 PR74+74000"}}, {"type": "Feature", "geometry": {"type": "Point", "coordinates": [9.52945851, 42.36317482]}, "properties": {"route": "T10", "pr": "127", "abs": 127000, "label": "T10 PR127+127000"}}, {"type": "Feature", "geometry": {"type": "Point", "coordinates": [9.39948156, 41.97636292]}, "properties": {"route": "T10", "pr": "78", "abs": 78000, "label": "T10 PR78+78000"}}, {"type": "Feature", "geometry": {"type": "Point", "coordinates": [9.39793842, 41.96706686]}, "properties": {"route": "T10", "pr": "77", "abs": 77000, "label": "T10 PR77+77000"}}, {"type": "Feature", "geometry": {"type": "Point", "coordinates": [9.52979125, 42.37204967]}, "properties": {"route": "T10", "pr": "128", "abs": 128000, "label": "T10 PR128+128000"}}, {"type": "Feature", "geometry": {"type": "Point", "coordinates": [9.1768084, 42.29703066]}, "properties": {"route": "T50", "pr": "2", "abs": 2000, "label": "T50 PR2+2000"}}, {"type": "Feature", "geometry": {"type": "Point", "coordinates": [9.43286742, 42.16327552]}, "properties": {"route": "T50", "pr": "35", "abs": 35000, "label": "T50 PR35+35000"}}, {"type": "Feature", "geometry": {"type": "Point", "coordinates": [9.33786106, 42.21183828]}, "properties": {"route": "T50", "pr": "23", "abs": 23000, "label": "T50 PR23+23000"}}, {"type": "Feature", "geometry": {"type": "Point", "coordinates": [9.42579273, 42.17065002]}, "properties": {"route": "T50", "pr": "34", "abs": 34000, "label": "T50 PR34+34000"}}, {"type": "Feature", "geometry": {"type": "Point", "coordinates": [9.23172426, 42.23582455]}, "properties": {"route": "T50", "pr": "13", "abs": 13000, "label": "T50 PR13+13000"}}, {"type": "Feature", "geometry": {"type": "Point", "coordinates": [9.31755985, 42.21158978]}, "properties": {"route": "T50", "pr": "21", "abs": 21000, "label": "T50 PR21+21000"}}, {"type": "Feature", "geometry": {"type": "Point", "coordinates": [9.21084926, 42.25396365]}, "properties": {"route": "T50", "pr": "10", "abs": 10000, "label": "T50 PR10+10000"}}, {"type": "Feature", "geometry": {"type": "Point", "coordinates": [9.34949096, 42.20053532]}, "properties": {"route": "T50", "pr": "25", "abs": 25000, "label": "T50 PR25+25000"}}, {"type": "Feature", "geometry": {"type": "Point", "coordinates": [9.20718669, 42.26012874]}, "properties": {"route": "T50", "pr": "9", "abs": 9000, "label": "T50 PR9+9000"}}, {"type": "Feature", "geometry": {"type": "Point", "coordinates": [9.38190634, 42.18378774]}, "properties": {"route": "T50", "pr": "29", "abs": 29000, "label": "T50 PR29+29000"}}, {"type": "Feature", "geometry": {"type": "Point", "coordinates": [9.38832254, 42.17988398]}, "properties": {"route": "T50", "pr": "30", "abs": 30000, "label": "T50 PR30+30000"}}, {"type": "Feature", "geometry": {"type": "Point", "coordinates": [9.18704582, 42.29177908]}, "properties": {"route": "T50", "pr": "3", "abs": 3000, "label": "T50 PR3+3000"}}, {"type": "Feature", "geometry": {"type": "Point", "coordinates": [9.25108293, 42.22628763]}, "properties": {"route": "T50", "pr": "15", "abs": 15000, "label": "T50 PR15+15000"}}, {"type": "Feature", "geometry": {"type": "Point", "coordinates": [9.3967728, 42.18418488]}, "properties": {"route": "T50", "pr": "31", "abs": 31000, "label": "T50 PR31+31000"}}, {"type": "Feature", "geometry": {"type": "Point", "coordinates": [9.32902557, 42.21142773]}, "properties": {"route": "T50", "pr": "22", "abs": 22000, "label": "T50 PR22+22000"}}, {"type": "Feature", "geometry": {"type": "Point", "coordinates": [9.28421918, 42.21626818]}, "properties": {"route": "T50", "pr": "18", "abs": 18000, "label": "T50 PR18+18000"}}, {"type": "Feature", "geometry": {"type": "Point", "coordinates": [9.21655767, 42.24815002]}, "properties": {"route": "T50", "pr": "11", "abs": 11000, "label": "T50 PR11+11000"}}, {"type": "Feature", "geometry": {"type": "Point", "coordinates": [9.26196673, 42.22256762]}, "properties": {"route": "T50", "pr": "16", "abs": 16000, "label": "T50 PR16+16000"}}, {"type": "Feature", "geometry": {"type": "Point", "coordinates": [9.43759385, 42.15604961]}, "properties": {"route": "T50", "pr": "36", "abs": 36000, "label": "T50 PR36+36000"}}, {"type": "Feature", "geometry": {"type": "Point", "coordinates": [9.34679183, 42.20787702]}, "properties": {"route": "T50", "pr": "24", "abs": 24000, "label": "T50 PR24+24000"}}, {"type": "Feature", "geometry": {"type": "Point", "coordinates": [9.44650716, 42.15135456]}, "properties": {"route": "T50", "pr": "37", "abs": 37000, "label": "T50 PR37+37000"}}, {"type": "Feature", "geometry": {"type": "Point", "coordinates": [9.27297894, 42.21956003]}, "properties": {"route": "T50", "pr": "17", "abs": 17000, "label": "T50 PR17+17000"}}, {"type": "Feature", "geometry": {"type": "Point", "coordinates": [9.29580005, 42.21573873]}, "properties": {"route": "T50", "pr": "19", "abs": 19000, "label": "T50 PR19+19000"}}, {"type": "Feature", "geometry": {"type": "Point", "coordinates": [9.1961793, 42.28627717]}, "properties": {"route": "T50", "pr": "4", "abs": 4000, "label": "T50 PR4+4000"}}, {"type": "Feature", "geometry": {"type": "Point", "coordinates": [9.46686118, 42.12943769]}, "properties": {"route": "T50", "pr": "40", "abs": 40000, "label": "T50 PR40+40000"}}, {"type": "Feature", "geometry": {"type": "Point", "coordinates": [9.24069915, 42.22998785]}, "properties": {"route": "T50", "pr": "14", "abs": 14000, "label": "T50 PR14+14000"}}, {"type": "Feature", "geometry": {"type": "Point", "coordinates": [9.45374239, 42.14333584]}, "properties": {"route": "T50", "pr": "38", "abs": 38000, "label": "T50 PR38+38000"}}, {"type": "Feature", "geometry": {"type": "Point", "coordinates": [9.4592188, 42.13571963]}, "properties": {"route": "T50", "pr": "39", "abs": 39000, "label": "T50 PR39+39000"}}, {"type": "Feature", "geometry": {"type": "Point", "coordinates": [9.22345527, 42.24011172]}, "properties": {"route": "T50", "pr": "12", "abs": 12000, "label": "T50 PR12+12000"}}, {"type": "Feature", "geometry": {"type": "Point", "coordinates": [9.35818814, 42.1946225]}, "properties": {"route": "T50", "pr": "26", "abs": 26000, "label": "T50 PR26+26000"}}, {"type": "Feature", "geometry": {"type": "Point", "coordinates": [9.21079696, 42.26656683]}, "properties": {"route": "T50", "pr": "8", "abs": 8000, "label": "T50 PR8+8000"}}, {"type": "Feature", "geometry": {"type": "Point", "coordinates": [9.49310769, 42.11458697]}, "properties": {"route": "T50", "pr": "43", "abs": 43000, "label": "T50 PR43+43000"}}, {"type": "Feature", "geometry": {"type": "Point", "coordinates": [9.5048435, 42.11335855]}, "properties": {"route": "T50", "pr": "44", "abs": 44000, "label": "T50 PR44+44000"}}, {"type": "Feature", "geometry": {"type": "Point", "coordinates": [9.20540346, 42.28048964]}, "properties": {"route": "T50", "pr": "5", "abs": 5000, "label": "T50 PR5+5000"}}, {"type": "Feature", "geometry": {"type": "Point", "coordinates": [9.37259873, 42.18354023]}, "properties": {"route": "T50", "pr": "28", "abs": 28000, "label": "T50 PR28+28000"}}, {"type": "Feature", "geometry": {"type": "Point", "coordinates": [9.40668332, 42.17938728]}, "properties": {"route": "T50", "pr": "32", "abs": 32000, "label": "T50 PR32+32000"}}, {"type": "Feature", "geometry": {"type": "Point", "coordinates": [9.21664975, 42.2770475]}, "properties": {"route": "T50", "pr": "6", "abs": 6000, "label": "T50 PR6+6000"}}, {"type": "Feature", "geometry": {"type": "Point", "coordinates": [9.36766703, 42.18884584]}, "properties": {"route": "T50", "pr": "27", "abs": 27000, "label": "T50 PR27+27000"}}, {"type": "Feature", "geometry": {"type": "Point", "coordinates": [9.2212618, 42.27037015]}, "properties": {"route": "T50", "pr": "7", "abs": 7000, "label": "T50 PR7+7000"}}, {"type": "Feature", "geometry": {"type": "Point", "coordinates": [9.41715337, 42.1770459]}, "properties": {"route": "T50", "pr": "33", "abs": 33000, "label": "T50 PR33+33000"}}, {"type": "Feature", "geometry": {"type": "Point", "coordinates": [9.16730027, 42.33894642]}, "properties": {"route": "T203", "pr": "4", "abs": 4000, "label": "T203 PR4+4000"}}, {"type": "Feature", "geometry": {"type": "Point", "coordinates": [9.17027731, 42.34601462]}, "properties": {"route": "T203", "pr": "5", "abs": 5000, "label": "T203 PR5+5000"}}, {"type": "Feature", "geometry": {"type": "Point", "coordinates": [9.1664965, 42.32890688]}, "properties": {"route": "T203", "pr": "2", "abs": 2000, "label": "T203 PR2+2000"}}, {"type": "Feature", "geometry": {"type": "Point", "coordinates": [9.17035899, 42.34958628]}, "properties": {"route": "T203", "pr": "6", "abs": 6000, "label": "T203 PR6+6000"}}, {"type": "Feature", "geometry": {"type": "Point", "coordinates": [9.1691242, 42.33544536]}, "properties": {"route": "T203", "pr": "3", "abs": 3000, "label": "T203 PR3+3000"}}, {"type": "Feature", "geometry": {"type": "Point", "coordinates": [9.16233404, 42.3244336]}, "properties": {"route": "T203", "pr": "1", "abs": 1000, "label": "T203 PR1+1000"}}, {"type": "Feature", "geometry": {"type": "Point", "coordinates": [8.85125862, 41.91272012]}, "properties": {"route": "T40", "pr": "10", "abs": 10000, "label": "T40 PR10+10000"}}, {"type": "Feature", "geometry": {"type": "Point", "coordinates": [8.91755109, 41.91752382]}, "properties": {"route": "T40", "pr": "18", "abs": 18000, "label": "T40 PR18+18000"}}, {"type": "Feature", "geometry": {"type": "Point", "coordinates": [8.93053267, 41.89958181]}, "properties": {"route": "T40", "pr": "22", "abs": 22000, "label": "T40 PR22+22000"}}, {"type": "Feature", "geometry": {"type": "Point", "coordinates": [8.9218815, 41.91614668]}, "properties": {"route": "T40", "pr": "19", "abs": 19000, "label": "T40 PR19+19000"}}, {"type": "Feature", "geometry": {"type": "Point", "coordinates": [8.94724121, 41.87692547]}, "properties": {"route": "T40", "pr": "27", "abs": 27000, "label": "T40 PR27+27000"}}, {"type": "Feature", "geometry": {"type": "Point", "coordinates": [8.96400033, 41.86297666]}, "properties": {"route": "T40", "pr": "32", "abs": 32000, "label": "T40 PR32+32000"}}, {"type": "Feature", "geometry": {"type": "Point", "coordinates": [8.90325023, 41.91752032]}, "properties": {"route": "T40", "pr": "16", "abs": 16000, "label": "T40 PR16+16000"}}, {"type": "Feature", "geometry": {"type": "Point", "coordinates": [8.93363739, 41.88834269]}, "properties": {"route": "T40", "pr": "24", "abs": 24000, "label": "T40 PR24+24000"}}, {"type": "Feature", "geometry": {"type": "Point", "coordinates": [8.93232165, 41.9058964]}, "properties": {"route": "T40", "pr": "21", "abs": 21000, "label": "T40 PR21+21000"}}, {"type": "Feature", "geometry": {"type": "Point", "coordinates": [8.91236232, 41.91840295]}, "properties": {"route": "T40", "pr": "17", "abs": 17000, "label": "T40 PR17+17000"}}, {"type": "Feature", "geometry": {"type": "Point", "coordinates": [8.86407685, 41.90927542]}, "properties": {"route": "T40", "pr": "11", "abs": 11000, "label": "T40 PR11+11000"}}, {"type": "Feature", "geometry": {"type": "Point", "coordinates": [8.96307272, 41.83372625]}, "properties": {"route": "T40", "pr": "37", "abs": 37000, "label": "T40 PR37+37000"}}, {"type": "Feature", "geometry": {"type": "Point", "coordinates": [8.96429793, 41.88339175]}, "properties": {"route": "T40", "pr": "29", "abs": 29000, "label": "T40 PR29+29000"}}, {"type": "Feature", "geometry": {"type": "Point", "coordinates": [8.89859715, 41.91916065]}, "properties": {"route": "T40", "pr": "15", "abs": 15000, "label": "T40 PR15+15000"}}, {"type": "Feature", "geometry": {"type": "Point", "coordinates": [8.84009349, 41.91201625]}, "properties": {"route": "T40", "pr": "9", "abs": 9000, "label": "T40 PR9+9000"}}, {"type": "Feature", "geometry": {"type": "Point", "coordinates": [8.96384175, 41.87004126]}, "properties": {"route": "T40", "pr": "31", "abs": 31000, "label": "T40 PR31+31000"}}, {"type": "Feature", "geometry": {"type": "Point", "coordinates": [9.15429869, 42.30009782]}, "properties": {"route": "T202", "pr": "2", "abs": 2000, "label": "T202 PR2+2000"}}, {"type": "Feature", "geometry": {"type": "Point", "coordinates": [9.11600838, 42.63056434]}, "properties": {"route": "T30", "pr": "42", "abs": 42000, "label": "T30 PR42+42000"}}, {"type": "Feature", "geometry": {"type": "Point", "coordinates": [8.84935788, 42.60569075]}, "properties": {"route": "T30", "pr": "14", "abs": 14000, "label": "T30 PR14+14000"}}, {"type": "Feature", "geometry": {"type": "Point", "coordinates": [9.00602821, 42.63652413]}, "properties": {"route": "T30", "pr": "30", "abs": 30000, "label": "T30 PR30+30000"}}, {"type": "Feature", "geometry": {"type": "Point", "coordinates": [8.96731733, 42.63597326]}, "properties": {"route": "T30", "pr": "26", "abs": 26000, "label": "T30 PR26+26000"}}, {"type": "Feature", "geometry": {"type": "Point", "coordinates": [9.03836124, 42.65248835]}, "properties": {"route": "T30", "pr": "34", "abs": 34000, "label": "T30 PR34+34000"}}, {"type": "Feature", "geometry": {"type": "Point", "coordinates": [8.98630026, 42.63792449]}, "properties": {"route": "T30", "pr": "28", "abs": 28000, "label": "T30 PR28+28000"}}, {"type": "Feature", "geometry": {"type": "Point", "coordinates": [9.07156349, 42.65280459]}, "properties": {"route": "T30", "pr": "37", "abs": 37000, "label": "T30 PR37+37000"}}, {"type": "Feature", "geometry": {"type": "Point", "coordinates": [9.20246483, 42.47474919]}, "properties": {"route": "T30", "pr": "63", "abs": 63000, "label": "T30 PR63+63000"}}, {"type": "Feature", "geometry": {"type": "Point", "coordinates": [8.8042276, 42.56256154]}, "properties": {"route": "T30", "pr": "6", "abs": 6000, "label": "T30 PR6+6000"}}, {"type": "Feature", "geometry": {"type": "Point", "coordinates": [8.83140244, 42.58427661]}, "properties": {"route": "T30", "pr": "10", "abs": 10000, "label": "T30 PR10+10000"}}, {"type": "Feature", "geometry": {"type": "Point", "coordinates": [9.02793558, 42.65093419]}, "properties": {"route": "T30", "pr": "33", "abs": 33000, "label": "T30 PR33+33000"}}, {"type": "Feature", "geometry": {"type": "Point", "coordinates": [9.04939717, 42.65586358]}, "properties": {"route": "T30", "pr": "35", "abs": 35000, "label": "T30 PR35+35000"}}, {"type": "Feature", "geometry": {"type": "Point", "coordinates": [8.92512158, 42.62739034]}, "properties": {"route": "T30", "pr": "22", "abs": 22000, "label": "T30 PR22+22000"}}, {"type": "Feature", "geometry": {"type": "Point", "coordinates": [9.18407155, 42.54016172]}, "properties": {"route": "T30", "pr": "54", "abs": 54000, "label": "T30 PR54+54000"}}, {"type": "Feature", "geometry": {"type": "Point", "coordinates": [9.15852392, 42.57025634]}, "properties": {"route": "T30", "pr": "50", "abs": 50000, "label": "T30 PR50+50000"}}, {"type": "Feature", "geometry": {"type": "Point", "coordinates": [8.99793292, 42.63961485]}, "properties": {"route": "T30", "pr": "29", "abs": 29000, "label": "T30 PR29+29000"}}, {"type": "Feature", "geometry": {"type": "Point", "coordinates": [9.02248515, 42.64311046]}, "properties": {"route": "T30", "pr": "32", "abs": 32000, "label": "T30 PR32+32000"}}, {"type": "Feature", "geometry": {"type": "Point", "coordinates": [8.97544263, 42.63763753]}, "properties": {"route": "T30", "pr": "27", "abs": 27000, "label": "T30 PR27+27000"}}, {"type": "Feature", "geometry": {"type": "Point", "coordinates": [8.90433173, 42.62351989]}, "properties": {"route": "T30", "pr": "20", "abs": 20000, "label": "T30 PR20+20000"}}, {"type": "Feature", "geometry": {"type": "Point", "coordinates": [9.05960238, 42.65378441]}, "properties": {"route": "T30", "pr": "36", "abs": 36000, "label": "T30 PR36+36000"}}, {"type": "Feature", "geometry": {"type": "Point", "coordinates": [9.01647822, 42.63813386]}, "properties": {"route": "T30", "pr": "31", "abs": 31000, "label": "T30 PR31+31000"}}, {"type": "Feature", "geometry": {"type": "Point", "coordinates": [9.08337155, 42.65074914]}, "properties": {"route": "T30", "pr": "38", "abs": 38000, "label": "T30 PR38+38000"}}, {"type": "Feature", "geometry": {"type": "Point", "coordinates": [9.18198193, 42.49332769]}, "properties": {"route": "T30", "pr": "60", "abs": 60000, "label": "T30 PR60+60000"}}, {"type": "Feature", "geometry": {"type": "Point", "coordinates": [9.13359111, 42.6201373]}, "properties": {"route": "T30", "pr": "44", "abs": 44000, "label": "T30 PR44+44000"}}, {"type": "Feature", "geometry": {"type": "Point", "coordinates": [9.19016452, 42.48794262]}, "properties": {"route": "T30", "pr": "61", "abs": 61000, "label": "T30 PR61+61000"}}, {"type": "Feature", "geometry": {"type": "Point", "coordinates": [9.19703481, 42.48135288]}, "properties": {"route": "T30", "pr": "62", "abs": 62000, "label": "T30 PR62+62000"}}, {"type": "Feature", "geometry": {"type": "Point", "coordinates": [9.17807956, 42.50159808]}, "properties": {"route": "T30", "pr": "59", "abs": 59000, "label": "T30 PR59+59000"}}, {"type": "Feature", "geometry": {"type": "Point", "coordinates": [9.44202359, 42.54893431]}, "properties": {"route": "T205", "pr": "2", "abs": 2000, "label": "T205 PR2+2000"}}, {"type": "Feature", "geometry": {"type": "Point", "coordinates": [8.81361344, 41.96370992]}, "properties": {"route": "T22", "pr": "6", "abs": 6000, "label": "T22 PR6+6000"}}, {"type": "Feature", "geometry": {"type": "Point", "coordinates": [8.80275072, 41.95817086]}, "properties": {"route": "T22", "pr": "5", "abs": 5000, "label": "T22 PR5+5000"}}, {"type": "Feature", "geometry": {"type": "Point", "coordinates": [8.78847566, 41.95317827]}, "properties": {"route": "T22", "pr": "4", "abs": 4000, "label": "T22 PR4+4000"}}, {"type": "Feature", "geometry": {"type": "Point", "coordinates": [8.76610666, 41.94862985]}, "properties": {"route": "T22", "pr": "2", "abs": 2000, "label": "T22 PR2+2000"}}, {"type": "Feature", "geometry": {"type": "Point", "coordinates": [8.77850681, 41.95205058]}, "properties": {"route": "T22", "pr": "3", "abs": 3000, "label": "T22 PR3+3000"}}, {"type": "Feature", "geometry": {"type": "Point", "coordinates": [9.01250056, 42.63650147]}, "properties": {"route": "T301", "pr": "0", "abs": 0, "label": "T301 PR0"}}, {"type": "Feature", "geometry": {"type": "Point", "coordinates": [9.12604881, 42.55902832]}, "properties": {"route": "T301", "pr": "24", "abs": 24000, "label": "T301 PR24+24000"}}, {"type": "Feature", "geometry": {"type": "Point", "coordinates": [9.16418532, 42.52212483]}, "properties": {"route": "T301", "pr": "33", "abs": 33000, "label": "T301 PR33+33000"}}, {"type": "Feature", "geometry": {"type": "Point", "coordinates": [9.02038436, 42.60427746]}, "properties": {"route": "T301", "pr": "6", "abs": 6000, "label": "T301 PR6+6000"}}, {"type": "Feature", "geometry": {"type": "Point", "coordinates": [9.12942561, 42.54855495]}, "properties": {"route": "T301", "pr": "26", "abs": 26000, "label": "T301 PR26+26000"}}, {"type": "Feature", "geometry": {"type": "Point", "coordinates": [9.01286652, 42.6271379]}, "properties": {"route": "T301", "pr": "2", "abs": 2000, "label": "T301 PR2+2000"}}, {"type": "Feature", "geometry": {"type": "Point", "coordinates": [9.0987198, 42.56306324]}, "properties": {"route": "T301", "pr": "21", "abs": 21000, "label": "T301 PR21+21000"}}, {"type": "Feature", "geometry": {"type": "Point", "coordinates": [9.01214028, 42.60760326]}, "properties": {"route": "T301", "pr": "5", "abs": 5000, "label": "T301 PR5+5000"}}, {"type": "Feature", "geometry": {"type": "Point", "coordinates": [9.02871645, 42.59589322]}, "properties": {"route": "T301", "pr": "11", "abs": 11000, "label": "T301 PR11+11000"}}, {"type": "Feature", "geometry": {"type": "Point", "coordinates": [9.15881418, 42.52733617]}, "properties": {"route": "T301", "pr": "32", "abs": 32000, "label": "T301 PR32+32000"}}, {"type": "Feature", "geometry": {"type": "Point", "coordinates": [9.08368329, 42.56860381]}, "properties": {"route": "T301", "pr": "19", "abs": 19000, "label": "T301 PR19+19000"}}, {"type": "Feature", "geometry": {"type": "Point", "coordinates": [9.0188532, 42.59729415]}, "properties": {"route": "T301", "pr": "7", "abs": 7000, "label": "T301 PR7+7000"}}, {"type": "Feature", "geometry": {"type": "Point", "coordinates": [9.10669332, 42.561376]}, "properties": {"route": "T301", "pr": "22", "abs": 22000, "label": "T301 PR22+22000"}}, {"type": "Feature", "geometry": {"type": "Point", "coordinates": [9.01379827, 42.63360256]}, "properties": {"route": "T301", "pr": "1", "abs": 1000, "label": "T301 PR1+1000"}}, {"type": "Feature", "geometry": {"type": "Point", "coordinates": [9.13844467, 42.54525325]}, "properties": {"route": "T301", "pr": "27", "abs": 27000, "label": "T301 PR27+27000"}}, {"type": "Feature", "geometry": {"type": "Point", "coordinates": [9.03904261, 42.58542799]}, "properties": {"route": "T301", "pr": "13", "abs": 13000, "label": "T301 PR13+13000"}}, {"type": "Feature", "geometry": {"type": "Point", "coordinates": [9.03246099, 42.58744055]}, "properties": {"route": "T301", "pr": "12", "abs": 12000, "label": "T301 PR12+12000"}}, {"type": "Feature", "geometry": {"type": "Point", "coordinates": [9.15471218, 42.53163263]}, "properties": {"route": "T301", "pr": "31", "abs": 31000, "label": "T301 PR31+31000"}}, {"type": "Feature", "geometry": {"type": "Point", "coordinates": [9.00893095, 42.61909329]}, "properties": {"route": "T301", "pr": "3", "abs": 3000, "label": "T301 PR3+3000"}}, {"type": "Feature", "geometry": {"type": "Point", "coordinates": [9.12394841, 42.55051087]}, "properties": {"route": "T301", "pr": "25", "abs": 25000, "label": "T301 PR25+25000"}}, {"type": "Feature", "geometry": {"type": "Point", "coordinates": [9.00506841, 42.61126093]}, "properties": {"route": "T301", "pr": "4", "abs": 4000, "label": "T301 PR4+4000"}}, {"type": "Feature", "geometry": {"type": "Point", "coordinates": [9.05434048, 42.58443801]}, "properties": {"route": "T301", "pr": "15", "abs": 15000, "label": "T301 PR15+15000"}}, {"type": "Feature", "geometry": {"type": "Point", "coordinates": [9.02419576, 42.59083982]}, "properties": {"route": "T301", "pr": "10", "abs": 10000, "label": "T301 PR10+10000"}}, {"type": "Feature", "geometry": {"type": "Point", "coordinates": [9.04542208, 42.57969729]}, "properties": {"route": "T301", "pr": "14", "abs": 14000, "label": "T301 PR14+14000"}}, {"type": "Feature", "geometry": {"type": "Point", "coordinates": [9.11848425, 42.56221022]}, "properties": {"route": "T301", "pr": "23", "abs": 23000, "label": "T301 PR23+23000"}}, {"type": "Feature", "geometry": {"type": "Point", "coordinates": [9.14231509, 42.53777976]}, "properties": {"route": "T301", "pr": "29", "abs": 29000, "label": "T301 PR29+29000"}}, {"type": "Feature", "geometry": {"type": "Point", "coordinates": [9.02113034, 42.5918884]}, "properties": {"route": "T301", "pr": "8", "abs": 8000, "label": "T301 PR8+8000"}}, {"type": "Feature", "geometry": {"type": "Point", "coordinates": [9.13829477, 42.53963987]}, "properties": {"route": "T301", "pr": "28", "abs": 28000, "label": "T301 PR28+28000"}}, {"type": "Feature", "geometry": {"type": "Point", "coordinates": [9.07470545, 42.57779959]}, "properties": {"route": "T301", "pr": "17", "abs": 17000, "label": "T301 PR17+17000"}}, {"type": "Feature", "geometry": {"type": "Point", "coordinates": [9.17540679, 42.50962484]}, "properties": {"route": "T301", "pr": "35", "abs": 35000, "label": "T301 PR35+35000"}}, {"type": "Feature", "geometry": {"type": "Point", "coordinates": [9.01856899, 42.5868351]}, "properties": {"route": "T301", "pr": "9", "abs": 9000, "label": "T301 PR9+9000"}}, {"type": "Feature", "geometry": {"type": "Point", "coordinates": [9.14782499, 42.53348015]}, "properties": {"route": "T301", "pr": "30", "abs": 30000, "label": "T301 PR30+30000"}}, {"type": "Feature", "geometry": {"type": "Point", "coordinates": [9.16871009, 42.51577739]}, "properties": {"route": "T301", "pr": "34", "abs": 34000, "label": "T301 PR34+34000"}}, {"type": "Feature", "geometry": {"type": "Point", "coordinates": [9.06467332, 42.58180774]}, "properties": {"route": "T301", "pr": "16", "abs": 16000, "label": "T301 PR16+16000"}}, {"type": "Feature", "geometry": {"type": "Point", "coordinates": [9.09015782, 42.56497103]}, "properties": {"route": "T301", "pr": "20", "abs": 20000, "label": "T301 PR20+20000"}}, {"type": "Feature", "geometry": {"type": "Point", "coordinates": [9.11203647, 42.10866783]}, "properties": {"route": "T20", "pr": "48", "abs": 48000, "label": "T20 PR48+48000"}}, {"type": "Feature", "geometry": {"type": "Point", "coordinates": [9.05238411, 42.08250004]}, "properties": {"route": "T20", "pr": "39", "abs": 39000, "label": "T20 PR39+39000"}}, {"type": "Feature", "geometry": {"type": "Point", "coordinates": [9.10159227, 42.09418561]}, "properties": {"route": "T20", "pr": "45", "abs": 45000, "label": "T20 PR45+45000"}}, {"type": "Feature", "geometry": {"type": "Point", "coordinates": [9.23487803, 42.46874014]}, "properties": {"route": "T20", "pr": "110", "abs": 110000, "label": "T20 PR110+110000"}}, {"type": "Feature", "geometry": {"type": "Point", "coordinates": [9.03003477, 42.07774397]}, "properties": {"route": "T20", "pr": "35", "abs": 35000, "label": "T20 PR35+35000"}}, {"type": "Feature", "geometry": {"type": "Point", "coordinates": [9.14071266, 42.1336661]}, "properties": {"route": "T20", "pr": "53", "abs": 53000, "label": "T20 PR53+53000"}}, {"type": "Feature", "geometry": {"type": "Point", "coordinates": [8.85391616, 42.00118702]}, "properties": {"route": "T20", "pr": "15", "abs": 15000, "label": "T20 PR15+15000"}}, {"type": "Feature", "geometry": {"type": "Point", "coordinates": [8.84212062, 41.98611639]}, "properties": {"route": "T20", "pr": "13", "abs": 13000, "label": "T20 PR13+13000"}}, {"type": "Feature", "geometry": {"type": "Point", "coordinates": [8.8974762, 42.02137809]}, "properties": {"route": "T20", "pr": "20", "abs": 20000, "label": "T20 PR20+20000"}}, {"type": "Feature", "geometry": {"type": "Point", "coordinates": [9.06114337, 42.08439389]}, "properties": {"route": "T20", "pr": "40", "abs": 40000, "label": "T20 PR40+40000"}}, {"type": "Feature", "geometry": {"type": "Point", "coordinates": [9.15826372, 42.31629569]}, "properties": {"route": "T20", "pr": "85", "abs": 85000, "label": "T20 PR85+85000"}}, {"type": "Feature", "geometry": {"type": "Point", "coordinates": [9.1673215, 42.18860531]}, "properties": {"route": "T20", "pr": "64", "abs": 64000, "label": "T20 PR64+64000"}}, {"type": "Feature", "geometry": {"type": "Point", "coordinates": [8.84856122, 41.9938231]}, "properties": {"route": "T20", "pr": "14", "abs": 14000, "label": "T20 PR14+14000"}}, {"type": "Feature", "geometry": {"type": "Point", "coordinates": [9.16506754, 42.1685972]}, "properties": {"route": "T20", "pr": "59", "abs": 59000, "label": "T20 PR59+59000"}}, {"type": "Feature", "geometry": {"type": "Point", "coordinates": [9.14542857, 42.13804141]}, "properties": {"route": "T20", "pr": "54", "abs": 54000, "label": "T20 PR54+54000"}}, {"type": "Feature", "geometry": {"type": "Point", "coordinates": [9.33671681, 42.50828942]}, "properties": {"route": "T20", "pr": "121", "abs": 121000, "label": "T20 PR121+121000"}}, {"type": "Feature", "geometry": {"type": "Point", "coordinates": [9.17514107, 42.34178147]}, "properties": {"route": "T20", "pr": "90", "abs": 90000, "label": "T20 PR90+90000"}}, {"type": "Feature", "geometry": {"type": "Point", "coordinates": [9.18201343, 42.24085624]}, "properties": {"route": "T20", "pr": "73", "abs": 73000, "label": "T20 PR73+73000"}}, {"type": "Feature", "geometry": {"type": "Point", "coordinates": [9.14657748, 42.14619652]}, "properties": {"route": "T20", "pr": "55", "abs": 55000, "label": "T20 PR55+55000"}}, {"type": "Feature", "geometry": {"type": "Point", "coordinates": [9.00911326, 42.07618062]}, "properties": {"route": "T20", "pr": "33", "abs": 33000, "label": "T20 PR33+33000"}}, {"type": "Feature", "geometry": {"type": "Point", "coordinates": [9.20574788, 42.43237968]}, "properties": {"route": "T20", "pr": "103", "abs": 103000, "label": "T20 PR103+103000"}}, {"type": "Feature", "geometry": {"type": "Point", "coordinates": [9.19614033, 42.41643537]}, "properties": {"route": "T20", "pr": "101", "abs": 101000, "label": "T20 PR101+101000"}}, {"type": "Feature", "geometry": {"type": "Point", "coordinates": [9.15754882, 42.30220271]}, "properties": {"route": "T20", "pr": "82", "abs": 82000, "label": "T20 PR82+82000"}}, {"type": "Feature", "geometry": {"type": "Point", "coordinates": [8.91379548, 42.03194406]}, "properties": {"route": "T20", "pr": "22", "abs": 22000, "label": "T20 PR22+22000"}}, {"type": "Feature", "geometry": {"type": "Point", "coordinates": [8.94666646, 42.05451016]}, "properties": {"route": "T20", "pr": "26", "abs": 26000, "label": "T20 PR26+26000"}}, {"type": "Feature", "geometry": {"type": "Point", "coordinates": [8.8630487, 42.00701332]}, "properties": {"route": "T20", "pr": "16", "abs": 16000, "label": "T20 PR16+16000"}}, {"type": "Feature", "geometry": {"type": "Point", "coordinates": [9.20007643, 42.42477507]}, "properties": {"route": "T20", "pr": "102", "abs": 102000, "label": "T20 PR102+102000"}}, {"type": "Feature", "geometry": {"type": "Point", "coordinates": [9.32615899, 42.5072803]}, "properties": {"route": "T20", "pr": "120", "abs": 120000, "label": "T20 PR120+120000"}}, {"type": "Feature", "geometry": {"type": "Point", "coordinates": [8.95702244, 42.05928413]}, "properties": {"route": "T20", "pr": "27", "abs": 27000, "label": "T20 PR27+27000"}}, {"type": "Feature", "geometry": {"type": "Point", "coordinates": [8.88236116, 42.01438289]}, "properties": {"route": "T20", "pr": "18", "abs": 18000, "label": "T20 PR18+18000"}}, {"type": "Feature", "geometry": {"type": "Point", "coordinates": [9.16163784, 42.28885343]}, "properties": {"route": "T20", "pr": "80", "abs": 80000, "label": "T20 PR80+80000"}}, {"type": "Feature", "geometry": {"type": "Point", "coordinates": [9.15577565, 42.30657497]}, "properties": {"route": "T20", "pr": "83", "abs": 83000, "label": "T20 PR83+83000"}}, {"type": "Feature", "geometry": {"type": "Point", "coordinates": [9.03522348, 42.08285771]}, "properties": {"route": "T20", "pr": "36", "abs": 36000, "label": "T20 PR36+36000"}}, {"type": "Feature", "geometry": {"type": "Point", "coordinates": [9.18310896, 42.3674459]}, "properties": {"route": "T20", "pr": "95", "abs": 95000, "label": "T20 PR95+95000"}}, {"type": "Feature", "geometry": {"type": "Point", "coordinates": [9.17219161, 42.35403891]}, "properties": {"route": "T20", "pr": "92", "abs": 92000, "label": "T20 PR92+92000"}}, {"type": "Feature", "geometry": {"type": "Point", "coordinates": [9.30482166, 42.50290578]}, "properties": {"route": "T20", "pr": "118", "abs": 118000, "label": "T20 PR118+118000"}}, {"type": "Feature", "geometry": {"type": "Point", "coordinates": [9.16834827, 42.17774796]}, "properties": {"route": "T20", "pr": "62", "abs": 62000, "label": "T20 PR62+62000"}}, {"type": "Feature", "geometry": {"type": "Point", "coordinates": [9.17384037, 42.20310588]}, "properties": {"route": "T20", "pr": "66", "abs": 66000, "label": "T20 PR66+66000"}}, {"type": "Feature", "geometry": {"type": "Point", "coordinates": [9.21280294, 42.47035199]}, "properties": {"route": "T20", "pr": "108", "abs": 108000, "label": "T20 PR108+108000"}}, {"type": "Feature", "geometry": {"type": "Point", "coordinates": [9.17418638, 42.22852451]}, "properties": {"route": "T20", "pr": "70", "abs": 70000, "label": "T20 PR70+70000"}}, {"type": "Feature", "geometry": {"type": "Point", "coordinates": [9.18002743, 42.35895485]}, "properties": {"route": "T20", "pr": "94", "abs": 94000, "label": "T20 PR94+94000"}}, {"type": "Feature", "geometry": {"type": "Point", "coordinates": [9.27821725, 42.4786555]}, "properties": {"route": "T20", "pr": "114", "abs": 114000, "label": "T20 PR114+114000"}}, {"type": "Feature", "geometry": {"type": "Point", "coordinates": [9.15928155, 42.16361131]}, "properties": {"route": "T20", "pr": "58", "abs": 58000, "label": "T20 PR58+58000"}}, {"type": "Feature", "geometry": {"type": "Point", "coordinates": [9.25685391, 42.47373916]}, "properties": {"route": "T20", "pr": "112", "abs": 112000, "label": "T20 PR112+112000"}}, {"type": "Feature", "geometry": {"type": "Point", "coordinates": [9.16430904, 42.32061558]}, "properties": {"route": "T20", "pr": "86", "abs": 86000, "label": "T20 PR86+86000"}}, {"type": "Feature", "geometry": {"type": "Point", "coordinates": [9.15363554, 42.15152355]}, "properties": {"route": "T20", "pr": "56", "abs": 56000, "label": "T20 PR56+56000"}}, {"type": "Feature", "geometry": {"type": "Point", "coordinates": [9.1881711, 42.37504271]}, "properties": {"route": "T20", "pr": "96", "abs": 96000, "label": "T20 PR96+96000"}}, {"type": "Feature", "geometry": {"type": "Point", "coordinates": [9.19380433, 42.39899088]}, "properties": {"route": "T20", "pr": "99", "abs": 99000, "label": "T20 PR99+99000"}}, {"type": "Feature", "geometry": {"type": "Point", "coordinates": [9.17665383, 42.21731584]}, "properties": {"route": "T20", "pr": "68", "abs": 68000, "label": "T20 PR68+68000"}}, {"type": "Feature", "geometry": {"type": "Point", "coordinates": [8.81571048, 41.96620512]}, "properties": {"route": "T20", "pr": "10", "abs": 10000, "label": "T20 PR10+10000"}}, {"type": "Feature", "geometry": {"type": "Point", "coordinates": [9.17659227, 42.21052187]}, "properties": {"route": "T20", "pr": "67", "abs": 67000, "label": "T20 PR67+67000"}}, {"type": "Feature", "geometry": {"type": "Point", "coordinates": [9.11587963, 42.11268892]}, "properties": {"route": "T20", "pr": "49", "abs": 49000, "label": "T20 PR49+49000"}}, {"type": "Feature", "geometry": {"type": "Point", "coordinates": [9.17318828, 42.34633954]}, "properties": {"route": "T20", "pr": "91", "abs": 91000, "label": "T20 PR91+91000"}}, {"type": "Feature", "geometry": {"type": "Point", "coordinates": [8.81134673, 41.94612878]}, "properties": {"route": "T20", "pr": "8", "abs": 8000, "label": "T20 PR8+8000"}}, {"type": "Feature", "geometry": {"type": "Point", "coordinates": [8.82420308, 41.97466195]}, "properties": {"route": "T20", "pr": "11", "abs": 11000, "label": "T20 PR11+11000"}}, {"type": "Feature", "geometry": {"type": "Point", "coordinates": [9.17400347, 42.24208007]}, "properties": {"route": "T20", "pr": "72", "abs": 72000, "label": "T20 PR72+72000"}}, {"type": "Feature", "geometry": {"type": "Point", "coordinates": [8.8340109, 41.97981063]}, "properties": {"route": "T20", "pr": "12", "abs": 12000, "label": "T20 PR12+12000"}}, {"type": "Feature", "geometry": {"type": "Point", "coordinates": [9.1741854, 42.32969523]}, "properties": {"route": "T20", "pr": "88", "abs": 88000, "label": "T20 PR88+88000"}}, {"type": "Feature", "geometry": {"type": "Point", "coordinates": [9.17102945, 42.17213673]}, "properties": {"route": "T20", "pr": "61", "abs": 61000, "label": "T20 PR61+61000"}}, {"type": "Feature", "geometry": {"type": "Point", "coordinates": [9.16212431, 42.15550149]}, "properties": {"route": "T20", "pr": "57", "abs": 57000, "label": "T20 PR57+57000"}}, {"type": "Feature", "geometry": {"type": "Point", "coordinates": [9.05004446, 42.08693697]}, "properties": {"route": "T20", "pr": "38", "abs": 38000, "label": "T20 PR38+38000"}}, {"type": "Feature", "geometry": {"type": "Point", "coordinates": [9.16908074, 42.19559951]}, "properties": {"route": "T20", "pr": "65", "abs": 65000, "label": "T20 PR65+65000"}}, {"type": "Feature", "geometry": {"type": "Point", "coordinates": [9.12558282, 42.11735333]}, "properties": {"route": "T20", "pr": "50", "abs": 50000, "label": "T20 PR50+50000"}}, {"type": "Feature", "geometry": {"type": "Point", "coordinates": [9.19349028, 42.38289492]}, "properties": {"route": "T20", "pr": "97", "abs": 97000, "label": "T20 PR97+97000"}}, {"type": "Feature", "geometry": {"type": "Point", "coordinates": [9.17385048, 42.23539402]}, "properties": {"route": "T20", "pr": "71", "abs": 71000, "label": "T20 PR71+71000"}}, {"type": "Feature", "geometry": {"type": "Point", "coordinates": [9.34663019, 42.51112249]}, "properties": {"route": "T20", "pr": "122", "abs": 122000, "label": "T20 PR122+122000"}}, {"type": "Feature", "geometry": {"type": "Point", "coordinates": [9.19415192, 42.40761346]}, "properties": {"route": "T20", "pr": "100", "abs": 100000, "label": "T20 PR100+100000"}}, {"type": "Feature", "geometry": {"type": "Point", "coordinates": [9.13622914, 42.12689866]}, "properties": {"route": "T20", "pr": "52", "abs": 52000, "label": "T20 PR52+52000"}}, {"type": "Feature", "geometry": {"type": "Point", "coordinates": [8.81165918, 41.95450912]}, "properties": {"route": "T20", "pr": "9", "abs": 9000, "label": "T20 PR9+9000"}}, {"type": "Feature", "geometry": {"type": "Point", "coordinates": [9.00266386, 42.07493738]}, "properties": {"route": "T20", "pr": "32", "abs": 32000, "label": "T20 PR32+32000"}}, {"type": "Feature", "geometry": {"type": "Point", "coordinates": [8.90668646, 42.02704637]}, "properties": {"route": "T20", "pr": "21", "abs": 21000, "label": "T20 PR21+21000"}}, {"type": "Feature", "geometry": {"type": "Point", "coordinates": [9.28911021, 42.49253821]}, "properties": {"route": "T20", "pr": "116", "abs": 116000, "label": "T20 PR116+116000"}}, {"type": "Feature", "geometry": {"type": "Point", "coordinates": [8.88811519, 42.01616442]}, "properties": {"route": "T20", "pr": "19", "abs": 19000, "label": "T20 PR19+19000"}}, {"type": "Feature", "geometry": {"type": "Point", "coordinates": [8.98420571, 42.07019178]}, "properties": {"route": "T20", "pr": "30", "abs": 30000, "label": "T20 PR30+30000"}}, {"type": "Feature", "geometry": {"type": "Point", "coordinates": [9.10353415, 42.10402775]}, "properties": {"route": "T20", "pr": "47", "abs": 47000, "label": "T20 PR47+47000"}}, {"type": "Feature", "geometry": {"type": "Point", "coordinates": [9.17138841, 42.26761527]}, "properties": {"route": "T20", "pr": "77", "abs": 77000, "label": "T20 PR77+77000"}}, {"type": "Feature", "geometry": {"type": "Point", "coordinates": [9.17142029, 42.32350386]}, "properties": {"route": "T20", "pr": "87", "abs": 87000, "label": "T20 PR87+87000"}}, {"type": "Feature", "geometry": {"type": "Point", "coordinates": [9.16403132, 42.28158562]}, "properties": {"route": "T20", "pr": "79", "abs": 79000, "label": "T20 PR79+79000"}}, {"type": "Feature", "geometry": {"type": "Point", "coordinates": [8.93643267, 42.05019788]}, "properties": {"route": "T20", "pr": "25", "abs": 25000, "label": "T20 PR25+25000"}}, {"type": "Feature", "geometry": {"type": "Point", "coordinates": [9.09268275, 42.09528031]}, "properties": {"route": "T20", "pr": "44", "abs": 44000, "label": "T20 PR44+44000"}}, {"type": "Feature", "geometry": {"type": "Point", "coordinates": [8.80472727, 41.93946475]}, "properties": {"route": "T20", "pr": "7", "abs": 7000, "label": "T20 PR7+7000"}}, {"type": "Feature", "geometry": {"type": "Point", "coordinates": [9.29847095, 42.49665703]}, "properties": {"route": "T20", "pr": "117", "abs": 117000, "label": "T20 PR117+117000"}}, {"type": "Feature", "geometry": {"type": "Point", "coordinates": [9.17211314, 42.35718626]}, "properties": {"route": "T20", "pr": "93", "abs": 93000, "label": "T20 PR93+93000"}}, {"type": "Feature", "geometry": {"type": "Point", "coordinates": [9.20668504, 42.45512524]}, "properties": {"route": "T20", "pr": "106", "abs": 106000, "label": "T20 PR106+106000"}}, {"type": "Feature", "geometry": {"type": "Point", "coordinates": [9.15337658, 42.31191562]}, "properties": {"route": "T20", "pr": "84", "abs": 84000, "label": "T20 PR84+84000"}}, {"type": "Feature", "geometry": {"type": "Point", "coordinates": [8.99409645, 42.07394987]}, "properties": {"route": "T20", "pr": "31", "abs": 31000, "label": "T20 PR31+31000"}}, {"type": "Feature", "geometry": {"type": "Point", "coordinates": [9.19703944, 42.44882308]}, "properties": {"route": "T20", "pr": "105", "abs": 105000, "label": "T20 PR105+105000"}}, {"type": "Feature", "geometry": {"type": "Point", "coordinates": [8.92561809, 42.04621191]}, "properties": {"route": "T20", "pr": "24", "abs": 24000, "label": "T20 PR24+24000"}}, {"type": "Feature", "geometry": {"type": "Point", "coordinates": [9.18043152, 42.22439809]}, "properties": {"route": "T20", "pr": "69", "abs": 69000, "label": "T20 PR69+69000"}}, {"type": "Feature", "geometry": {"type": "Point", "coordinates": [9.1700289, 42.27490154]}, "properties": {"route": "T20", "pr": "78", "abs": 78000, "label": "T20 PR78+78000"}}, {"type": "Feature", "geometry": {"type": "Point", "coordinates": [9.26760582, 42.47486047]}, "properties": {"route": "T20", "pr": "113", "abs": 113000, "label": "T20 PR113+113000"}}, {"type": "Feature", "geometry": {"type": "Point", "coordinates": [9.22346405, 42.47197619]}, "properties": {"route": "T20", "pr": "109", "abs": 109000, "label": "T20 PR109+109000"}}, {"type": "Feature", "geometry": {"type": "Point", "coordinates": [9.20713109, 42.46319895]}, "properties": {"route": "T20", "pr": "107", "abs": 107000, "label": "T20 PR107+107000"}}, {"type": "Feature", "geometry": {"type": "Point", "coordinates": [9.16964721, 42.1836872]}, "properties": {"route": "T20", "pr": "63", "abs": 63000, "label": "T20 PR63+63000"}}, {"type": "Feature", "geometry": {"type": "Point", "coordinates": [9.18971345, 42.39101376]}, "properties": {"route": "T20", "pr": "98", "abs": 98000, "label": "T20 PR98+98000"}}, {"type": "Feature", "geometry": {"type": "Point", "coordinates": [8.96735893, 42.05974304]}, "properties": {"route": "T20", "pr": "28", "abs": 28000, "label": "T20 PR28+28000"}}, {"type": "Feature", "geometry": {"type": "Point", "coordinates": [9.08406204, 42.09387569]}, "properties": {"route": "T20", "pr": "43", "abs": 43000, "label": "T20 PR43+43000"}}, {"type": "Feature", "geometry": {"type": "Point", "coordinates": [9.31516824, 42.50684954]}, "properties": {"route": "T20", "pr": "119", "abs": 119000, "label": "T20 PR119+119000"}}, {"type": "Feature", "geometry": {"type": "Point", "coordinates": [9.17021256, 42.25238601]}, "properties": {"route": "T20", "pr": "75", "abs": 75000, "label": "T20 PR75+75000"}}, {"type": "Feature", "geometry": {"type": "Point", "coordinates": [9.1761098, 42.33550276]}, "properties": {"route": "T20", "pr": "89", "abs": 89000, "label": "T20 PR89+89000"}}, {"type": "Feature", "geometry": {"type": "Point", "coordinates": [9.17119703, 42.26032099]}, "properties": {"route": "T20", "pr": "76", "abs": 76000, "label": "T20 PR76+76000"}}, {"type": "Feature", "geometry": {"type": "Point", "coordinates": [9.16129667, 42.29472201]}, "properties": {"route": "T20", "pr": "81", "abs": 81000, "label": "T20 PR81+81000"}}, {"type": "Feature", "geometry": {"type": "Point", "coordinates": [8.87168835, 42.01297807]}, "properties": {"route": "T20", "pr": "17", "abs": 17000, "label": "T20 PR17+17000"}}, {"type": "Feature", "geometry": {"type": "Point", "coordinates": [9.4654353, 42.50153661]}, "properties": {"route": "T11", "pr": "0", "abs": 0, "label": "T11 PR0"}}, {"type": "Feature", "geometry": {"type": "Point", "coordinates": [9.44475733, 42.67763377]}, "properties": {"route": "T11", "pr": "22", "abs": 22000, "label": "T11 PR22+22000"}}, {"type": "Feature", "geometry": {"type": "Point", "coordinates": [9.44314158, 42.6688909]}, "properties": {"route": "T11", "pr": "21", "abs": 21000, "label": "T11 PR21+21000"}}, {"type": "Feature", "geometry": {"type": "Point", "coordinates": [9.46565633, 42.51299244]}, "properties": {"route": "T11", "pr": "2", "abs": 2000, "label": "T11 PR2+2000"}}, {"type": "Feature", "geometry": {"type": "Point", "coordinates": [9.47385314, 42.50684906]}, "properties": {"route": "T11", "pr": "1", "abs": 1000, "label": "T11 PR1+1000"}}, {"type": "Feature", "geometry": {"type": "Point", "coordinates": [9.40244928, 41.99434148]}, "properties": {"route": "T10", "pr": "80", "abs": 80000, "label": "T10 PR80+80000"}}, {"type": "Feature", "geometry": {"type": "Point", "coordinates": [9.01250056, 42.63650147]}, "properties": {"route": "T30", "pr": "100", "abs": 100000, "label": "T30 PR100+100000"}}, {"type": "Feature", "geometry": {"type": "Point", "coordinates": [9.18475736, 42.52279539]}, "properties": {"route": "T30", "pr": "56", "abs": 56000, "label": "T30 PR56+56000"}}, {"type": "Feature", "geometry": {"type": "Point", "coordinates": [9.14701124, 42.58638356]}, "properties": {"route": "T30", "pr": "48", "abs": 48000, "label": "T30 PR48+48000"}}, {"type": "Feature", "geometry": {"type": "Point", "coordinates": [9.13938254, 42.61219975]}, "properties": {"route": "T30", "pr": "45", "abs": 45000, "label": "T30 PR45+45000"}}, {"type": "Feature", "geometry": {"type": "Point", "coordinates": [9.09073852, 42.64816763]}, "properties": {"route": "T30", "pr": "39", "abs": 39000, "label": "T30 PR39+39000"}}, {"type": "Feature", "geometry": {"type": "Point", "coordinates": [9.14257297, 42.59467735]}, "properties": {"route": "T30", "pr": "47", "abs": 47000, "label": "T30 PR47+47000"}}, {"type": "Feature", "geometry": {"type": "Point", "coordinates": [9.1721174, 42.55608849]}, "properties": {"route": "T30", "pr": "52", "abs": 52000, "label": "T30 PR52+52000"}}, {"type": "Feature", "geometry": {"type": "Point", "coordinates": [9.14259682, 42.60351034]}, "properties": {"route": "T30", "pr": "46", "abs": 46000, "label": "T30 PR46+46000"}}, {"type": "Feature", "geometry": {"type": "Point", "coordinates": [9.16592988, 42.56365952]}, "properties": {"route": "T30", "pr": "51", "abs": 51000, "label": "T30 PR51+51000"}}, {"type": "Feature", "geometry": {"type": "Point", "coordinates": [9.15150325, 42.57781326]}, "properties": {"route": "T30", "pr": "49", "abs": 49000, "label": "T30 PR49+49000"}}, {"type": "Feature", "geometry": {"type": "Point", "coordinates": [9.17943231, 42.54872132]}, "properties": {"route": "T30", "pr": "53", "abs": 53000, "label": "T30 PR53+53000"}}, {"type": "Feature", "geometry": {"type": "Point", "coordinates": [9.18531654, 42.53151137]}, "properties": {"route": "T30", "pr": "55", "abs": 55000, "label": "T30 PR55+55000"}}, {"type": "Feature", "geometry": {"type": "Point", "coordinates": [9.17999104, 42.51472403]}, "properties": {"route": "T30", "pr": "57", "abs": 57000, "label": "T30 PR57+57000"}}, {"type": "Feature", "geometry": {"type": "Point", "coordinates": [9.10178391, 42.64586502]}, "properties": {"route": "T30", "pr": "40", "abs": 40000, "label": "T30 PR40+40000"}}, {"type": "Feature", "geometry": {"type": "Point", "coordinates": [9.12367205, 42.62482709]}, "properties": {"route": "T30", "pr": "43", "abs": 43000, "label": "T30 PR43+43000"}}, {"type": "Feature", "geometry": {"type": "Point", "coordinates": [9.10803547, 42.63830252]}, "properties": {"route": "T30", "pr": "41", "abs": 41000, "label": "T30 PR41+41000"}}, {"type": "Feature", "geometry": {"type": "Point", "coordinates": [8.97615042, 42.06526497]}, "properties": {"route": "T20", "pr": "29", "abs": 29000, "label": "T20 PR29+29000"}}, {"type": "Feature", "geometry": {"type": "Point", "coordinates": [9.10406207, 42.09786348]}, "properties": {"route": "T20", "pr": "46", "abs": 46000, "label": "T20 PR46+46000"}}, {"type": "Feature", "geometry": {"type": "Point", "coordinates": [9.07632166, 42.09242615]}, "properties": {"route": "T20", "pr": "42", "abs": 42000, "label": "T20 PR42+42000"}}, {"type": "Feature", "geometry": {"type": "Point", "coordinates": [8.95458544, 41.88334959]}, "properties": {"route": "T40", "pr": "28", "abs": 28000, "label": "T40 PR28+28000"}}, {"type": "Feature", "geometry": {"type": "Point", "coordinates": [8.96229753, 41.85454632]}, "properties": {"route": "T40", "pr": "34", "abs": 34000, "label": "T40 PR34+34000"}}, {"type": "Feature", "geometry": {"type": "Point", "coordinates": [8.93735224, 41.87570621]}, "properties": {"route": "T40", "pr": "26", "abs": 26000, "label": "T40 PR26+26000"}}, {"type": "Feature", "geometry": {"type": "Point", "coordinates": [8.96496564, 41.8771649]}, "properties": {"route": "T40", "pr": "30", "abs": 30000, "label": "T40 PR30+30000"}}, {"type": "Feature", "geometry": {"type": "Point", "coordinates": [8.93386376, 41.87828893]}, "properties": {"route": "T40", "pr": "25", "abs": 25000, "label": "T40 PR25+25000"}}, {"type": "Feature", "geometry": {"type": "Point", "coordinates": [8.88329161, 41.91316134]}, "properties": {"route": "T40", "pr": "13", "abs": 13000, "label": "T40 PR13+13000"}}, {"type": "Feature", "geometry": {"type": "Point", "coordinates": [8.88837676, 41.91845851]}, "properties": {"route": "T40", "pr": "14", "abs": 14000, "label": "T40 PR14+14000"}}, {"type": "Feature", "geometry": {"type": "Point", "coordinates": [8.96367783, 41.84059965]}, "properties": {"route": "T40", "pr": "36", "abs": 36000, "label": "T40 PR36+36000"}}, {"type": "Feature", "geometry": {"type": "Point", "coordinates": [9.47853564, 42.12698905]}, "properties": {"route": "T50", "pr": "41", "abs": 41000, "label": "T50 PR41+41000"}}, {"type": "Feature", "geometry": {"type": "Point", "coordinates": [9.48581658, 42.1207079]}, "properties": {"route": "T50", "pr": "42", "abs": 42000, "label": "T50 PR42+42000"}}, {"type": "Feature", "geometry": {"type": "Point", "coordinates": [9.30761652, 42.21503262]}, "properties": {"route": "T50", "pr": "20", "abs": 20000, "label": "T50 PR20+20000"}}, {"type": "Feature", "geometry": {"type": "Point", "coordinates": [8.96419878, 41.8484616]}, "properties": {"route": "T40", "pr": "35", "abs": 35000, "label": "T40 PR35+35000"}}, {"type": "Feature", "geometry": {"type": "Point", "coordinates": [8.87507127, 41.91135012]}, "properties": {"route": "T40", "pr": "12", "abs": 12000, "label": "T40 PR12+12000"}}, {"type": "Feature", "geometry": {"type": "Point", "coordinates": [8.93006681, 41.89448923]}, "properties": {"route": "T40", "pr": "23", "abs": 23000, "label": "T40 PR23+23000"}}, {"type": "Feature", "geometry": {"type": "Point", "coordinates": [9.1776629, 42.24782281]}, "properties": {"route": "T20", "pr": "74", "abs": 74000, "label": "T20 PR74+74000"}}, {"type": "Feature", "geometry": {"type": "Point", "coordinates": [9.24645699, 42.46961487]}, "properties": {"route": "T20", "pr": "111", "abs": 111000, "label": "T20 PR111+111000"}}, {"type": "Feature", "geometry": {"type": "Point", "coordinates": [9.20138322, 42.44059486]}, "properties": {"route": "T20", "pr": "104", "abs": 104000, "label": "T20 PR104+104000"}}, {"type": "Feature", "geometry": {"type": "Point", "coordinates": [9.16650901, 42.1725559]}, "properties": {"route": "T20", "pr": "60", "abs": 60000, "label": "T20 PR60+60000"}}, {"type": "Feature", "geometry": {"type": "Point", "coordinates": [9.06848591, 42.08856363]}, "properties": {"route": "T20", "pr": "41", "abs": 41000, "label": "T20 PR41+41000"}}, {"type": "Feature", "geometry": {"type": "Point", "coordinates": [9.28143133, 42.48739243]}, "properties": {"route": "T20", "pr": "115", "abs": 115000, "label": "T20 PR115+115000"}}, {"type": "Feature", "geometry": {"type": "Point", "coordinates": [9.13358578, 42.12086272]}, "properties": {"route": "T20", "pr": "51", "abs": 51000, "label": "T20 PR51+51000"}}, {"type": "Feature", "geometry": {"type": "Point", "coordinates": [9.44211436, 42.67089505]}, "properties": {"route": "D464", "pr": "DS", "abs": 0, "label": "D464 PRDS"}}]}