{"type": "FeatureCollection", "features": [{"type": "Feature", "geometry": {"type": "Point", "coordinates": [2.5866496, 48.83431276]}, "properties": {"route": "A4", "pr": "FS", "abs": null, "label": "A4 PRFS"}}, {"type": "Feature", "geometry": {"type": "Point", "coordinates": [2.54787966, 48.83646404]}, "properties": {"route": "A4", "pr": "DS", "abs": null, "label": "A4 PRDS"}}, {"type": "Feature", "geometry": {"type": "Point", "coordinates": [2.54790005, 48.8366269]}, "properties": {"route": "A4", "pr": "FS", "abs": null, "label": "A4 PRFS"}}, {"type": "Feature", "geometry": {"type": "Point", "coordinates": [2.60396925, 48.77525552]}, "properties": {"route": "N4", "pr": "DS", "abs": null, "label": "N4 PRDS"}}, {"type": "Feature", "geometry": {"type": "Point", "coordinates": [2.60396925, 48.77525552]}, "properties": {"route": "N4", "pr": "FS", "abs": null, "label": "N4 PRFS"}}, {"type": "Feature", "geometry": {"type": "Point", "coordinates": [2.60396925, 48.77525552]}, "properties": {"route": "N4", "pr": "DS", "abs": null, "label": "N4 PRDS"}}, {"type": "Feature", "geometry": {"type": "Point", "coordinates": [2.43964136, 48.77278635]}, "properties": {"route": "N6", "pr": "FS", "abs": null, "label": "N6 PRFS"}}, {"type": "Feature", "geometry": {"type": "Point", "coordinates": [2.43876299, 48.77614062]}, "properties": {"route": "N6", "pr": "DS", "abs": null, "label": "N6 PRDS"}}, {"type": "Feature", "geometry": {"type": "Point", "coordinates": [2.43886902, 48.77615101]}, "properties": {"route": "N6", "pr": "FS", "abs": null, "label": "N6 PRFS"}}, {"type": "Feature", "geometry": {"type": "Point", "coordinates": [2.44297471, 48.72106221]}, "properties": {"route": "N6", "pr": "FS", "abs": null, "label": "N6 PRFS"}}, {"type": "Feature", "geometry": {"type": "Point", "coordinates": [2.4440777, 48.72331238]}, "properties": {"route": "N6", "pr": "DS", "abs": null, "label": "N6 PRDS"}}, {"type": "Feature", "geometry": {"type": "Point", "coordinates": [2.43972425, 48.77279663]}, "properties": {"route": "N6", "pr": "DS", "abs": null, "label": "N6 PRDS"}}, {"type": "Feature", "geometry": {"type": "Point", "coordinates": [2.44308072, 48.7210645]}, "properties": {"route": "N6", "pr": "FS", "abs": null, "label": "N6 PRFS"}}, {"type": "Feature", "geometry": {"type": "Point", "coordinates": [2.44679458, 48.73300213]}, "properties": {"route": "N6", "pr": "FS", "abs": null, "label": "N6 PRFS"}}, {"type": "Feature", "geometry": {"type": "Point", "coordinates": [2.43964136, 48.77278635]}, "properties": {"route": "N6", "pr": "DS", "abs": null, "label": "N6 PRDS"}}, {"type": "Feature", "geometry": {"type": "Point", "coordinates": [2.44489589, 48.72665673]}, "properties": {"route": "N6", "pr": "FS", "abs": null, "label": "N6 PRFS"}}, {"type": "Feature", "geometry": {"type": "Point", "coordinates": [2.44414732, 48.72328482]}, "properties": {"route": "N6", "pr": "DS", "abs": null, "label": "N6 PRDS"}}, {"type": "Feature", "geometry": {"type": "Point", "coordinates": [2.44297471, 48.72106221]}, "properties": {"route": "N6", "pr": "DS", "abs": null, "label": "N6 PRDS"}}, {"type": "Feature", "geometry": {"type": "Point", "coordinates": [2.44654203, 48.72886172]}, "properties": {"route": "N6", "pr": "FS", "abs": null, "label": "N6 PRFS"}}, {"type": "Feature", "geometry": {"type": "Point", "coordinates": [2.44489589, 48.72665673]}, "properties": {"route": "N6", "pr": "DS", "abs": null, "label": "N6 PRDS"}}, {"type": "Feature", "geometry": {"type": "Point", "coordinates": [2.43876299, 48.77614062]}, "properties": {"route": "N6", "pr": "FS", "abs": null, "label": "N6 PRFS"}}, {"type": "Feature", "geometry": {"type": "Point", "coordinates": [2.43738215, 48.78127963]}, "properties": {"route": "N6", "pr": "DS", "abs": null, "label": "N6 PRDS"}}, {"type": "Feature", "geometry": {"type": "Point", "coordinates": [2.44681737, 48.73251923]}, "properties": {"route": "N6", "pr": "FS", "abs": null, "label": "N6 PRFS"}}, {"type": "Feature", "geometry": {"type": "Point", "coordinates": [2.44646018, 48.72888833]}, "properties": {"route": "N6", "pr": "DS", "abs": null, "label": "N6 PRDS"}}, {"type": "Feature", "geometry": {"type": "Point", "coordinates": [2.44482772, 48.7266753]}, "properties": {"route": "N6", "pr": "FS", "abs": null, "label": "N6 PRFS"}}, {"type": "Feature", "geometry": {"type": "Point", "coordinates": [2.44646018, 48.72888833]}, "properties": {"route": "N6", "pr": "DS", "abs": null, "label": "N6 PRDS"}}, {"type": "Feature", "geometry": {"type": "Point", "coordinates": [2.44414732, 48.72328482]}, "properties": {"route": "N6", "pr": "FS", "abs": null, "label": "N6 PRFS"}}, {"type": "Feature", "geometry": {"type": "Point", "coordinates": [2.44308072, 48.7210645]}, "properties": {"route": "N6", "pr": "DS", "abs": null, "label": "N6 PRDS"}}, {"type": "Feature", "geometry": {"type": "Point", "coordinates": [2.45770807, 48.8191155]}, "properties": {"route": "A86", "pr": "DS", "abs": null, "label": "A86 PRDS"}}, {"type": "Feature", "geometry": {"type": "Point", "coordinates": [2.48383368, 48.86125701]}, "properties": {"route": "A86", "pr": "FS", "abs": null, "label": "A86 PRFS"}}, {"type": "Feature", "geometry": {"type": "Point", "coordinates": [2.3945764, 48.7717453]}, "properties": {"route": "A86", "pr": "DS", "abs": null, "label": "A86 PRDS"}}, {"type": "Feature", "geometry": {"type": "Point", "coordinates": [2.31459599, 48.7620284]}, "properties": {"route": "A86", "pr": "DS", "abs": null, "label": "A86 PRDS"}}, {"type": "Feature", "geometry": {"type": "Point", "coordinates": [2.48398289, 48.8613296]}, "properties": {"route": "A86", "pr": "DS", "abs": null, "label": "A86 PRDS"}}, {"type": "Feature", "geometry": {"type": "Point", "coordinates": [2.45723668, 48.8184766]}, "properties": {"route": "A86", "pr": "FS", "abs": null, "label": "A86 PRFS"}}, {"type": "Feature", "geometry": {"type": "Point", "coordinates": [2.40788685, 48.77402457]}, "properties": {"route": "A86", "pr": "DS", "abs": null, "label": "A86 PRDS"}}, {"type": "Feature", "geometry": {"type": "Point", "coordinates": [2.38152312, 48.76232806]}, "properties": {"route": "A86", "pr": "FS", "abs": null, "label": "A86 PRFS"}}, {"type": "Feature", "geometry": {"type": "Point", "coordinates": [2.39449999, 48.77188072]}, "properties": {"route": "A86", "pr": "DS", "abs": null, "label": "A86 PRDS"}}, {"type": "Feature", "geometry": {"type": "Point", "coordinates": [2.38125435, 48.76996815]}, "properties": {"route": "A86", "pr": "FS", "abs": null, "label": "A86 PRFS"}}, {"type": "Feature", "geometry": {"type": "Point", "coordinates": [2.38175926, 48.76226273]}, "properties": {"route": "A86", "pr": "FS", "abs": null, "label": "A86 PRFS"}}, {"type": "Feature", "geometry": {"type": "Point", "coordinates": [2.3411477, 48.75549235]}, "properties": {"route": "A86", "pr": "FS", "abs": null, "label": "A86 PRFS"}}, {"type": "Feature", "geometry": {"type": "Point", "coordinates": [2.31454263, 48.76194804]}, "properties": {"route": "A86", "pr": "DS", "abs": null, "label": "A86 PRDS"}}, {"type": "Feature", "geometry": {"type": "Point", "coordinates": [2.40786219, 48.77415936]}, "properties": {"route": "A86", "pr": "DS", "abs": null, "label": "A86 PRDS"}}, {"type": "Feature", "geometry": {"type": "Point", "coordinates": [2.30913528, 48.73117303]}, "properties": {"route": "A10", "pr": "FS", "abs": null, "label": "A10 PRFS"}}, {"type": "Feature", "geometry": {"type": "Point", "coordinates": [2.3214751, 48.74241048]}, "properties": {"route": "A10", "pr": "DS", "abs": null, "label": "A10 PRDS"}}, {"type": "Feature", "geometry": {"type": "Point", "coordinates": [2.32168328, 48.74208786]}, "properties": {"route": "A10", "pr": "FS", "abs": null, "label": "A10 PRFS"}}, {"type": "Feature", "geometry": {"type": "Point", "coordinates": [2.30928203, 48.73107764]}, "properties": {"route": "A10", "pr": "DS", "abs": null, "label": "A10 PRDS"}}, {"type": "Feature", "geometry": {"type": "Point", "coordinates": [2.30907732, 48.73113492]}, "properties": {"route": "A10", "pr": "DS", "abs": null, "label": "A10 PRDS"}}, {"type": "Feature", "geometry": {"type": "Point", "coordinates": [2.30922415, 48.73103323]}, "properties": {"route": "A10", "pr": "FS", "abs": null, "label": "A10 PRFS"}}, {"type": "Feature", "geometry": {"type": "Point", "coordinates": [2.35441616, 48.75382892]}, "properties": {"route": "N186", "pr": "FS", "abs": null, "label": "N186 PRFS"}}, {"type": "Feature", "geometry": {"type": "Point", "coordinates": [2.35595945, 48.75376619]}, "properties": {"route": "N186B", "pr": "FS", "abs": null, "label": "N186B PRFS"}}, {"type": "Feature", "geometry": {"type": "Point", "coordinates": [2.33361962, 48.75657487]}, "properties": {"route": "N186B", "pr": "DS", "abs": null, "label": "N186B PRDS"}}, {"type": "Feature", "geometry": {"type": "Point", "coordinates": [2.35501491, 48.7535893]}, "properties": {"route": "N186B", "pr": "DS", "abs": null, "label": "N186B PRDS"}}, {"type": "Feature", "geometry": {"type": "Point", "coordinates": [2.34487265, 48.77019868]}, "properties": {"route": "A106", "pr": "DS", "abs": null, "label": "A106 PRDS"}}, {"type": "Feature", "geometry": {"type": "Point", "coordinates": [2.34565523, 48.769532]}, "properties": {"route": "A106", "pr": "FS", "abs": null, "label": "A106 PRFS"}}, {"type": "Feature", "geometry": {"type": "Point", "coordinates": [2.59471204, 48.70408802]}, "properties": {"route": "N19", "pr": "FS", "abs": null, "label": "N19 PRFS"}}, {"type": "Feature", "geometry": {"type": "Point", "coordinates": [2.59511785, 48.70362798]}, "properties": {"route": "N19", "pr": "DS", "abs": null, "label": "N19 PRDS"}}, {"type": "Feature", "geometry": {"type": "Point", "coordinates": [2.58573112, 48.70886114]}, "properties": {"route": "N19", "pr": "FS", "abs": null, "label": "N19 PRFS"}}, {"type": "Feature", "geometry": {"type": "Point", "coordinates": [2.58573112, 48.70886114]}, "properties": {"route": "N19", "pr": "FS", "abs": null, "label": "N19 PRFS"}}, {"type": "Feature", "geometry": {"type": "Point", "coordinates": [2.58538147, 48.70907849]}, "properties": {"route": "N19", "pr": "DS", "abs": null, "label": "N19 PRDS"}}, {"type": "Feature", "geometry": {"type": "Point", "coordinates": [2.58538147, 48.70907849]}, "properties": {"route": "N19", "pr": "FS", "abs": null, "label": "N19 PRFS"}}, {"type": "Feature", "geometry": {"type": "Point", "coordinates": [2.57610216, 48.7143994]}, "properties": {"route": "N19", "pr": "DS", "abs": null, "label": "N19 PRDS"}}, {"type": "Feature", "geometry": {"type": "Point", "coordinates": [2.5407434, 48.83601236]}, "properties": {"route": "A4", "pr": "FS", "abs": null, "label": "A4 PRFS"}}, {"type": "Feature", "geometry": {"type": "Point", "coordinates": [2.53849351, 48.83515921]}, "properties": {"route": "A4", "pr": "DS", "abs": null, "label": "A4 PRDS"}}, {"type": "Feature", "geometry": {"type": "Point", "coordinates": [2.47636117, 48.82847201]}, "properties": {"route": "A4", "pr": "DS", "abs": null, "label": "A4 PRDS"}}, {"type": "Feature", "geometry": {"type": "Point", "coordinates": [2.4637081, 48.82513955]}, "properties": {"route": "A4", "pr": "DS", "abs": null, "label": "A4 PRDS"}}, {"type": "Feature", "geometry": {"type": "Point", "coordinates": [2.53833978, 48.83528812]}, "properties": {"route": "A4", "pr": "DS", "abs": null, "label": "A4 PRDS"}}, {"type": "Feature", "geometry": {"type": "Point", "coordinates": [2.46396695, 48.82513442]}, "properties": {"route": "A4", "pr": "DS", "abs": null, "label": "A4 PRDS"}}, {"type": "Feature", "geometry": {"type": "Point", "coordinates": [2.47627663, 48.82861554]}, "properties": {"route": "A4", "pr": "DS", "abs": null, "label": "A4 PRDS"}}, {"type": "Feature", "geometry": {"type": "Point", "coordinates": [2.51581566, 48.82667225]}, "properties": {"route": "A4", "pr": "DS", "abs": null, "label": "A4 PRDS"}}, {"type": "Feature", "geometry": {"type": "Point", "coordinates": [2.54042515, 48.83610467]}, "properties": {"route": "A4", "pr": "DS", "abs": null, "label": "A4 PRDS"}}, {"type": "Feature", "geometry": {"type": "Point", "coordinates": [2.49313837, 48.8300912]}, "properties": {"route": "N486", "pr": "DS", "abs": null, "label": "N486 PRDS"}}, {"type": "Feature", "geometry": {"type": "Point", "coordinates": [2.32473532, 48.74648095]}, "properties": {"route": "A6B", "pr": "FS", "abs": null, "label": "A6B PRFS"}}, {"type": "Feature", "geometry": {"type": "Point", "coordinates": [2.35983785, 48.81608542]}, "properties": {"route": "A6B", "pr": "FS", "abs": null, "label": "A6B PRFS"}}, {"type": "Feature", "geometry": {"type": "Point", "coordinates": [2.32571427, 48.74608174]}, "properties": {"route": "A6B", "pr": "DS", "abs": null, "label": "A6B PRDS"}}, {"type": "Feature", "geometry": {"type": "Point", "coordinates": [2.32571427, 48.74608174]}, "properties": {"route": "A6B", "pr": "FS", "abs": null, "label": "A6B PRFS"}}, {"type": "Feature", "geometry": {"type": "Point", "coordinates": [2.32473532, 48.74648095]}, "properties": {"route": "A6B", "pr": "DS", "abs": null, "label": "A6B PRDS"}}, {"type": "Feature", "geometry": {"type": "Point", "coordinates": [2.33329905, 48.81842719]}, "properties": {"route": "A6A", "pr": "FS", "abs": null, "label": "A6A PRFS"}}, {"type": "Feature", "geometry": {"type": "Point", "coordinates": [2.33304763, 48.81817216]}, "properties": {"route": "A6A", "pr": "DS", "abs": null, "label": "A6A PRDS"}}, {"type": "Feature", "geometry": {"type": "Point", "coordinates": [2.36618973, 48.73383179]}, "properties": {"route": "N7", "pr": "DS", "abs": null, "label": "N7 PRDS"}}, {"type": "Feature", "geometry": {"type": "Point", "coordinates": [2.36629827, 48.73385125]}, "properties": {"route": "N7", "pr": "FS", "abs": null, "label": "N7 PRFS"}}, {"type": "Feature", "geometry": {"type": "Point", "coordinates": [2.60290198, 48.77548942]}, "properties": {"route": "N4", "pr": "0", "abs": 0, "label": "N4 PR0"}}, {"type": "Feature", "geometry": {"type": "Point", "coordinates": [2.44375381, 48.70393748]}, "properties": {"route": "N6", "pr": "2", "abs": 1950, "label": "N6 PR2+1950 (G)"}}, {"type": "Feature", "geometry": {"type": "Point", "coordinates": [2.44364512, 48.70393428]}, "properties": {"route": "N6", "pr": "2", "abs": 1931, "label": "N6 PR2+1931 (D)"}}, {"type": "Feature", "geometry": {"type": "Point", "coordinates": [2.44654098, 48.69534075]}, "properties": {"route": "N6", "pr": "3", "abs": 2939, "label": "N6 PR3+2939 (G)"}}, {"type": "Feature", "geometry": {"type": "Point", "coordinates": [2.44645037, 48.69529986]}, "properties": {"route": "N6", "pr": "3", "abs": 2936, "label": "N6 PR3+2936 (D)"}}, {"type": "Feature", "geometry": {"type": "Point", "coordinates": [2.4572562, 48.69045909]}, "properties": {"route": "N6", "pr": "4", "abs": 3937, "label": "N6 PR4+3937 (G)"}}, {"type": "Feature", "geometry": {"type": "Point", "coordinates": [2.45724471, 48.69038798]}, "properties": {"route": "N6", "pr": "4", "abs": 3933, "label": "N6 PR4+3933 (D)"}}, {"type": "Feature", "geometry": {"type": "Point", "coordinates": [2.4707335, 48.68964088]}, "properties": {"route": "N6", "pr": "5", "abs": 4933, "label": "N6 PR5+4933 (D)"}}, {"type": "Feature", "geometry": {"type": "Point", "coordinates": [2.47074229, 48.68971197]}, "properties": {"route": "N6", "pr": "5", "abs": 4937, "label": "N6 PR5+4937 (G)"}}, {"type": "Feature", "geometry": {"type": "Point", "coordinates": [2.44209929, 48.7125313]}, "properties": {"route": "N6", "pr": "1", "abs": 940, "label": "N6 PR1+940 (D)"}}, {"type": "Feature", "geometry": {"type": "Point", "coordinates": [2.44220541, 48.712521]}, "properties": {"route": "N6", "pr": "1", "abs": 940, "label": "N6 PR1+940 (G)"}}, {"type": "Feature", "geometry": {"type": "Point", "coordinates": [2.43883542, 48.77649173]}, "properties": {"route": "N6", "pr": "13", "abs": 659, "label": "N6 PR13+659 (D)"}}, {"type": "Feature", "geometry": {"type": "Point", "coordinates": [2.43974966, 48.77271131]}, "properties": {"route": "N6", "pr": "13", "abs": 1038, "label": "N6 PR13+1038 (D)"}}, {"type": "Feature", "geometry": {"type": "Point", "coordinates": [2.44437154, 48.72367712]}, "properties": {"route": "N6", "pr": "19", "abs": 6634, "label": "N6 PR19+6634 (D)"}}, {"type": "Feature", "geometry": {"type": "Point", "coordinates": [2.44682777, 48.73230701]}, "properties": {"route": "N6", "pr": "18", "abs": 5547, "label": "N6 PR18+5547 (D)"}}, {"type": "Feature", "geometry": {"type": "Point", "coordinates": [2.44636636, 48.72876107]}, "properties": {"route": "N6", "pr": "18", "abs": 5957, "label": "N6 PR18+5957 (D)"}}, {"type": "Feature", "geometry": {"type": "Point", "coordinates": [2.31613717, 48.73691408]}, "properties": {"route": "A10", "pr": "1", "abs": 730, "label": "A10 PR1+730 (D)"}}, {"type": "Feature", "geometry": {"type": "Point", "coordinates": [2.32199453, 48.74252046]}, "properties": {"route": "A10", "pr": "0", "abs": 0, "label": "A10 PR0 (D)"}}, {"type": "Feature", "geometry": {"type": "Point", "coordinates": [2.33526641, 48.72830645]}, "properties": {"route": "D167A", "pr": "7", "abs": 996, "label": "D167A PR7+996"}}, {"type": "Feature", "geometry": {"type": "Point", "coordinates": [2.37151477, 48.70781078]}, "properties": {"route": "N7", "pr": "5", "abs": 2268, "label": "N7 PR5+2268 (G)"}}, {"type": "Feature", "geometry": {"type": "Point", "coordinates": [2.37200975, 48.69885197]}, "properties": {"route": "N7", "pr": "6", "abs": 3269, "label": "N7 PR6+3269 (G)"}}, {"type": "Feature", "geometry": {"type": "Point", "coordinates": [2.36418019, 48.74331473]}, "properties": {"route": "N7", "pr": "1", "abs": 356, "label": "N7 PR1+356 (G)"}}, {"type": "Feature", "geometry": {"type": "Point", "coordinates": [2.37084499, 48.6899554]}, "properties": {"route": "N7", "pr": "7", "abs": 4264, "label": "N7 PR7+4264 (G)"}}, {"type": "Feature", "geometry": {"type": "Point", "coordinates": [2.45724396, 48.69046083]}, "properties": {"route": "N6", "pr": "4", "abs": 3915, "label": "N6 PR4+3915 (G)"}}, {"type": "Feature", "geometry": {"type": "Point", "coordinates": [2.47074773, 48.6897111]}, "properties": {"route": "N6", "pr": "5", "abs": 4917, "label": "N6 PR5+4917 (G)"}}, {"type": "Feature", "geometry": {"type": "Point", "coordinates": [2.44654234, 48.69533986]}, "properties": {"route": "N6", "pr": "3", "abs": 2918, "label": "N6 PR3+2918 (G)"}}, {"type": "Feature", "geometry": {"type": "Point", "coordinates": [2.44220543, 48.7125192]}, "properties": {"route": "N6", "pr": "1", "abs": 946, "label": "N6 PR1+946 (G)"}}, {"type": "Feature", "geometry": {"type": "Point", "coordinates": [2.44375212, 48.70396806]}, "properties": {"route": "N6", "pr": "2", "abs": 1943, "label": "N6 PR2+1943 (G)"}}, {"type": "Feature", "geometry": {"type": "Point", "coordinates": [2.3659993, 48.734285]}, "properties": {"route": "N7", "pr": "2", "abs": 1390, "label": "N7 PR2+1390 (D)"}}, {"type": "Feature", "geometry": {"type": "Point", "coordinates": [2.36612748, 48.7342551]}, "properties": {"route": "N7", "pr": "2", "abs": 1391, "label": "N7 PR2+1391 (G)"}}, {"type": "Feature", "geometry": {"type": "Point", "coordinates": [2.51068573, 48.69490067]}, "properties": {"route": "D94", "pr": "5", "abs": 4714, "label": "D94 PR5+4714 (G)"}}, {"type": "Feature", "geometry": {"type": "Point", "coordinates": [2.37166564, 48.69741009]}, "properties": {"route": "N7", "pr": "6", "abs": 3644, "label": "N7 PR6+3644"}}, {"type": "Feature", "geometry": {"type": "Point", "coordinates": [2.48810334, 48.70775275]}, "properties": {"route": "D52", "pr": "2", "abs": 2000, "label": "D52 PR2+2000"}}, {"type": "Feature", "geometry": {"type": "Point", "coordinates": [2.48355091, 48.70084327]}, "properties": {"route": "D52", "pr": "1", "abs": 1000, "label": "D52 PR1+1000"}}, {"type": "Feature", "geometry": {"type": "Point", "coordinates": [2.47070994, 48.6984088]}, "properties": {"route": "D50", "pr": "3", "abs": 3277, "label": "D50 PR3+3277"}}, {"type": "Feature", "geometry": {"type": "Point", "coordinates": [2.45067788, 48.71089181]}, "properties": {"route": "D50", "pr": "1", "abs": 1224, "label": "D50 PR1+1224"}}, {"type": "Feature", "geometry": {"type": "Point", "coordinates": [2.46058763, 48.70413531]}, "properties": {"route": "D50", "pr": "2", "abs": 2283, "label": "D50 PR2+2283"}}, {"type": "Feature", "geometry": {"type": "Point", "coordinates": [2.48107592, 48.69076749]}, "properties": {"route": "D50", "pr": "4", "abs": 4414, "label": "D50 PR4+4414"}}, {"type": "Feature", "geometry": {"type": "Point", "coordinates": [2.44199417, 48.71066533]}, "properties": {"route": "D448", "pr": "1", "abs": 974, "label": "D448 PR1+974"}}, {"type": "Feature", "geometry": {"type": "Point", "coordinates": [2.41387972, 48.69441028]}, "properties": {"route": "D448", "pr": "4", "abs": 3974, "label": "D448 PR4+3974"}}, {"type": "Feature", "geometry": {"type": "Point", "coordinates": [2.4221347, 48.7008413]}, "properties": {"route": "D448", "pr": "3", "abs": 2969, "label": "D448 PR3+2969"}}, {"type": "Feature", "geometry": {"type": "Point", "coordinates": [2.4347313, 48.70423597]}, "properties": {"route": "D448", "pr": "2", "abs": 1972, "label": "D448 PR2+1972"}}, {"type": "Feature", "geometry": {"type": "Point", "coordinates": [2.33989753, 48.73440975]}, "properties": {"route": "D167A", "pr": "8", "abs": 1996, "label": "D167A PR8+1996"}}, {"type": "Feature", "geometry": {"type": "Point", "coordinates": [2.46376827, 48.7132045]}, "properties": {"route": "D324", "pr": "1", "abs": 1014, "label": "D324 PR1+1014"}}, {"type": "Feature", "geometry": {"type": "Point", "coordinates": [2.468983, 48.72153875]}, "properties": {"route": "D324", "pr": "2", "abs": 2015, "label": "D324 PR2+2015"}}, {"type": "Feature", "geometry": {"type": "Point", "coordinates": [2.38162943, 48.69029963]}, "properties": {"route": "D29", "pr": "1", "abs": 1819, "label": "D29 PR1+1819"}}, {"type": "Feature", "geometry": {"type": "Point", "coordinates": [2.39238021, 48.70523936]}, "properties": {"route": "D29", "pr": "3", "abs": 3979, "label": "D29 PR3+3979"}}, {"type": "Feature", "geometry": {"type": "Point", "coordinates": [2.38164, 48.69790566]}, "properties": {"route": "D29", "pr": "2", "abs": 2843, "label": "D29 PR2+2843"}}, {"type": "Feature", "geometry": {"type": "Point", "coordinates": [2.40232009, 48.71246009]}, "properties": {"route": "D29", "pr": "4", "abs": 5100, "label": "D29 PR4+5100"}}, {"type": "Feature", "geometry": {"type": "Point", "coordinates": [2.38192297, 48.70856314]}, "properties": {"route": "D118", "pr": "16", "abs": 16520, "label": "D118 PR16+16520"}}, {"type": "Feature", "geometry": {"type": "Point", "coordinates": [2.34805689, 48.71374821]}, "properties": {"route": "D118", "pr": "13", "abs": 13078, "label": "D118 PR13+13078"}}, {"type": "Feature", "geometry": {"type": "Point", "coordinates": [2.35268642, 48.7055136]}, "properties": {"route": "D118", "pr": "14", "abs": 14303, "label": "D118 PR14+14303"}}, {"type": "Feature", "geometry": {"type": "Point", "coordinates": [2.36621364, 48.70575084]}, "properties": {"route": "D118", "pr": "15", "abs": 15313, "label": "D118 PR15+15313"}}, {"type": "Feature", "geometry": {"type": "Point", "coordinates": [2.40438996, 48.7216539]}, "properties": {"route": "D118", "pr": "18", "abs": 18844, "label": "D118 PR18+18844"}}, {"type": "Feature", "geometry": {"type": "Point", "coordinates": [2.50096809, 48.71328583]}, "properties": {"route": "D94", "pr": "2", "abs": 2318, "label": "D94 PR2+2318"}}, {"type": "Feature", "geometry": {"type": "Point", "coordinates": [2.49935164, 48.72297331]}, "properties": {"route": "D94", "pr": "1", "abs": 1235, "label": "D94 PR1+1235"}}, {"type": "Feature", "geometry": {"type": "Point", "coordinates": [2.30877991, 48.71199624]}, "properties": {"route": "D120", "pr": "6", "abs": 5954, "label": "D120 PR6+5954"}}, {"type": "Feature", "geometry": {"type": "Point", "coordinates": [2.32034067, 48.74138315]}, "properties": {"route": "D167", "pr": "8", "abs": 8740, "label": "D167 PR8+8740"}}, {"type": "Feature", "geometry": {"type": "Point", "coordinates": [2.32558427, 48.73319103]}, "properties": {"route": "D167", "pr": "7", "abs": 7745, "label": "D167 PR7+7745"}}, {"type": "Feature", "geometry": {"type": "Point", "coordinates": [2.31246137, 48.72257273]}, "properties": {"route": "D167", "pr": "5", "abs": 5784, "label": "D167 PR5+5784"}}, {"type": "Feature", "geometry": {"type": "Point", "coordinates": [2.33912255, 48.69055739]}, "properties": {"route": "D167", "pr": "2", "abs": 2095, "label": "D167 PR2+2095"}}, {"type": "Feature", "geometry": {"type": "Point", "coordinates": [2.50352479, 48.6966826]}, "properties": {"route": "D54", "pr": "2", "abs": 1975, "label": "D54 PR2+1975"}}, {"type": "Feature", "geometry": {"type": "Point", "coordinates": [2.50781346, 48.70038278]}, "properties": {"route": "D54", "pr": "3", "abs": 2700, "label": "D54 PR3+2700"}}, {"type": "Feature", "geometry": {"type": "Point", "coordinates": [2.49613384, 48.69069894]}, "properties": {"route": "D54", "pr": "1", "abs": 972, "label": "D54 PR1+972"}}, {"type": "Feature", "geometry": {"type": "Point", "coordinates": [2.51742354, 48.70637646]}, "properties": {"route": "D54", "pr": "4", "abs": 3694, "label": "D54 PR4+3694"}}, {"type": "Feature", "geometry": {"type": "Point", "coordinates": [2.51077219, 48.69480928]}, "properties": {"route": "D94", "pr": "5", "abs": 5624, "label": "D94 PR5+5624 (D)"}}, {"type": "Feature", "geometry": {"type": "Point", "coordinates": [2.46573455, 48.7125837]}, "properties": {"route": "D32", "pr": "3", "abs": 2718, "label": "D32 PR3+2718"}}, {"type": "Feature", "geometry": {"type": "Point", "coordinates": [2.47843671, 48.71577]}, "properties": {"route": "D32", "pr": "4", "abs": 3744, "label": "D32 PR4+3744"}}, {"type": "Feature", "geometry": {"type": "Point", "coordinates": [2.45610125, 48.71867895]}, "properties": {"route": "D32", "pr": "2", "abs": 1687, "label": "D32 PR2+1687"}}, {"type": "Feature", "geometry": {"type": "Point", "coordinates": [2.44491364, 48.69248816]}, "properties": {"route": "D31", "pr": "28", "abs": 21788, "label": "D31 PR28+21788"}}, {"type": "Feature", "geometry": {"type": "Point", "coordinates": [2.47508029, 48.70702067]}, "properties": {"route": "D31", "pr": "31", "abs": 24790, "label": "D31 PR31+24790"}}, {"type": "Feature", "geometry": {"type": "Point", "coordinates": [2.4658969, 48.70108844]}, "properties": {"route": "D31", "pr": "30", "abs": 23648, "label": "D31 PR30+23648"}}, {"type": "Feature", "geometry": {"type": "Point", "coordinates": [2.48805487, 48.71256193]}, "properties": {"route": "D31", "pr": "32", "abs": 25790, "label": "D31 PR32+25790"}}, {"type": "Feature", "geometry": {"type": "Point", "coordinates": [2.4580815, 48.6968194]}, "properties": {"route": "D31", "pr": "29", "abs": 22891, "label": "D31 PR29+22891"}}, {"type": "Feature", "geometry": {"type": "Point", "coordinates": [2.36163564, 48.7435404]}, "properties": {"route": "D167A", "pr": "10", "abs": 3230, "label": "D167A PR10+3230"}}, {"type": "Feature", "geometry": {"type": "Point", "coordinates": [2.3090012, 48.70882959]}, "properties": {"route": "D118", "pr": "10", "abs": 9556, "label": "D118 PR10+9556"}}, {"type": "Feature", "geometry": {"type": "Point", "coordinates": [2.31756083, 48.71339869]}, "properties": {"route": "D118", "pr": "11", "abs": 10748, "label": "D118 PR11+10748"}}, {"type": "Feature", "geometry": {"type": "Point", "coordinates": [2.33198562, 48.71449312]}, "properties": {"route": "D118", "pr": "12", "abs": 11913, "label": "D118 PR12+11913"}}, {"type": "Feature", "geometry": {"type": "Point", "coordinates": [2.3948853, 48.71294341]}, "properties": {"route": "D118", "pr": "17", "abs": 17613, "label": "D118 PR17+17613"}}, {"type": "Feature", "geometry": {"type": "Point", "coordinates": [2.53055122, 48.69157064]}, "properties": {"route": "D33", "pr": "9", "abs": 9746, "label": "D33 PR9+9746"}}, {"type": "Feature", "geometry": {"type": "Point", "coordinates": [2.38430064, 48.70619994]}, "properties": {"route": "D25", "pr": "11", "abs": 10568, "label": "D25 PR11+10568"}}, {"type": "Feature", "geometry": {"type": "Point", "coordinates": [2.37640646, 48.70048149]}, "properties": {"route": "D25", "pr": "10", "abs": 9668, "label": "D25 PR10+9668"}}, {"type": "Feature", "geometry": {"type": "Point", "coordinates": [2.36623968, 48.69441402]}, "properties": {"route": "D25", "pr": "9", "abs": 8664, "label": "D25 PR9+8664"}}, {"type": "Feature", "geometry": {"type": "Point", "coordinates": [2.49661001, 48.70699563]}, "properties": {"route": "D94", "pr": "3", "abs": 3218, "label": "D94 PR3+3218"}}, {"type": "Feature", "geometry": {"type": "Point", "coordinates": [2.5235495, 48.69732464]}, "properties": {"route": "D94", "pr": "6", "abs": 6719, "label": "D94 PR6+6719"}}, {"type": "Feature", "geometry": {"type": "Point", "coordinates": [2.3099165, 48.71258927]}, "properties": {"route": "D167", "pr": "4", "abs": 4644, "label": "D167 PR4+4644"}}, {"type": "Feature", "geometry": {"type": "Point", "coordinates": [2.32247776, 48.72707694]}, "properties": {"route": "D167", "pr": "6", "abs": 6769, "label": "D167 PR6+6769"}}, {"type": "Feature", "geometry": {"type": "Point", "coordinates": [2.33888593, 48.70045844]}, "properties": {"route": "D167", "pr": "3", "abs": 3250, "label": "D167 PR3+3250"}}, {"type": "Feature", "geometry": {"type": "Point", "coordinates": [2.48611781, 48.71106771]}, "properties": {"route": "D32", "pr": "5", "abs": 4438, "label": "D32 PR5+4438"}}, {"type": "Feature", "geometry": {"type": "Point", "coordinates": [2.44391581, 48.71923621]}, "properties": {"route": "D50", "pr": "0", "abs": 166, "label": "D50 PR0+166"}}, {"type": "Feature", "geometry": {"type": "Point", "coordinates": [2.36304304, 48.74377818]}, "properties": {"route": "N900701", "pr": "2", "abs": 175, "label": "N900701 PR2+175"}}, {"type": "Feature", "geometry": {"type": "Point", "coordinates": [2.36650316, 48.74610634]}, "properties": {"route": "N7", "pr": "0", "abs": 0, "label": "N7 PR0 (G)"}}, {"type": "Feature", "geometry": {"type": "Point", "coordinates": [2.39896572, 48.71659155]}, "properties": {"route": "D118A", "pr": "FS", "abs": null, "label": "D118A PRFS"}}, {"type": "Feature", "geometry": {"type": "Point", "coordinates": [2.50099446, 48.69529586]}, "properties": {"route": "D94", "pr": "FS", "abs": null, "label": "D94 PRFS (G)"}}, {"type": "Feature", "geometry": {"type": "Point", "coordinates": [2.33807575, 48.69200514]}, "properties": {"route": "D167", "pr": "FS", "abs": null, "label": "D167 PRFS (G)"}}, {"type": "Feature", "geometry": {"type": "Point", "coordinates": [2.51221615, 48.73255525]}, "properties": {"route": "D941", "pr": "FS", "abs": null, "label": "D941 PRFS"}}, {"type": "Feature", "geometry": {"type": "Point", "coordinates": [2.37892192, 48.71258525]}, "properties": {"route": "D25", "pr": "FS", "abs": null, "label": "D25 PRFS"}}, {"type": "Feature", "geometry": {"type": "Point", "coordinates": [2.31084378, 48.70844268]}, "properties": {"route": "D118B", "pr": "FS", "abs": null, "label": "D118B PRFS"}}, {"type": "Feature", "geometry": {"type": "Point", "coordinates": [2.31549964, 48.73357706]}, "properties": {"route": "D32", "pr": "FS", "abs": null, "label": "D32 PRFS"}}, {"type": "Feature", "geometry": {"type": "Point", "coordinates": [2.48799585, 48.71248163]}, "properties": {"route": "D52", "pr": "FS", "abs": null, "label": "D52 PRFS"}}, {"type": "Feature", "geometry": {"type": "Point", "coordinates": [2.46267692, 48.72377174]}, "properties": {"route": "D323", "pr": "FS", "abs": null, "label": "D323 PRFS (G)"}}, {"type": "Feature", "geometry": {"type": "Point", "coordinates": [2.38463863, 48.70588777]}, "properties": {"route": "D25E", "pr": "FS", "abs": null, "label": "D25E PRFS"}}, {"type": "Feature", "geometry": {"type": "Point", "coordinates": [2.44289588, 48.71277517]}, "properties": {"route": "N900602", "pr": "FS", "abs": null, "label": "N900602 PRFS"}}, {"type": "Feature", "geometry": {"type": "Point", "coordinates": [2.44366446, 48.71935197]}, "properties": {"route": "D50", "pr": "FS", "abs": null, "label": "D50 PRFS (G)"}}, {"type": "Feature", "geometry": {"type": "Point", "coordinates": [2.44196683, 48.70915321]}, "properties": {"route": "N900603", "pr": "FS", "abs": null, "label": "N900603 PRFS"}}, {"type": "Feature", "geometry": {"type": "Point", "coordinates": [2.46389974, 48.72344174]}, "properties": {"route": "D323", "pr": "FS", "abs": null, "label": "D323 PRFS"}}, {"type": "Feature", "geometry": {"type": "Point", "coordinates": [2.31625611, 48.74423985]}, "properties": {"route": "D167", "pr": "FS", "abs": null, "label": "D167 PRFS"}}, {"type": "Feature", "geometry": {"type": "Point", "coordinates": [2.44366446, 48.71935197]}, "properties": {"route": "D50", "pr": "FS", "abs": null, "label": "D50 PRFS (G)"}}, {"type": "Feature", "geometry": {"type": "Point", "coordinates": [2.46486109, 48.71266973]}, "properties": {"route": "D324", "pr": "FS", "abs": null, "label": "D324 PRFS"}}, {"type": "Feature", "geometry": {"type": "Point", "coordinates": [2.46590902, 48.72277437]}, "properties": {"route": "D323", "pr": "FS", "abs": null, "label": "D323 PRFS"}}, {"type": "Feature", "geometry": {"type": "Point", "coordinates": [2.44298307, 48.72091564]}, "properties": {"route": "N900601", "pr": "FS", "abs": null, "label": "N900601 PRFS"}}, {"type": "Feature", "geometry": {"type": "Point", "coordinates": [2.44308584, 48.72096739]}, "properties": {"route": "N900601", "pr": "FS", "abs": null, "label": "N900601 PRFS"}}, {"type": "Feature", "geometry": {"type": "Point", "coordinates": [2.32297653, 48.72709146]}, "properties": {"route": "D167A", "pr": "FS", "abs": null, "label": "D167A PRFS (G)"}}, {"type": "Feature", "geometry": {"type": "Point", "coordinates": [2.41146628, 48.70663477]}, "properties": {"route": "D933", "pr": "FS", "abs": null, "label": "D933 PRFS"}}, {"type": "Feature", "geometry": {"type": "Point", "coordinates": [2.31153647, 48.71249969]}, "properties": {"route": "D118", "pr": "FS", "abs": null, "label": "D118 PRFS (G)"}}, {"type": "Feature", "geometry": {"type": "Point", "coordinates": [2.46392729, 48.70869984]}, "properties": {"route": "D313", "pr": "FS", "abs": null, "label": "D313 PRFS"}}, {"type": "Feature", "geometry": {"type": "Point", "coordinates": [2.30976851, 48.71175371]}, "properties": {"route": "D118", "pr": "FS", "abs": null, "label": "D118 PRFS (G)"}}, {"type": "Feature", "geometry": {"type": "Point", "coordinates": [2.46825747, 48.7219016]}, "properties": {"route": "D323", "pr": "FS", "abs": null, "label": "D323 PRFS (G)"}}, {"type": "Feature", "geometry": {"type": "Point", "coordinates": [2.49839134, 48.69641197]}, "properties": {"route": "D94", "pr": "FS", "abs": null, "label": "D94 PRFS"}}, {"type": "Feature", "geometry": {"type": "Point", "coordinates": [2.46308371, 48.72374119]}, "properties": {"route": "D323", "pr": "FS", "abs": null, "label": "D323 PRFS (G)"}}, {"type": "Feature", "geometry": {"type": "Point", "coordinates": [2.51218183, 48.73259019]}, "properties": {"route": "D941", "pr": "FS", "abs": null, "label": "D941 PRFS (G)"}}, {"type": "Feature", "geometry": {"type": "Point", "coordinates": [2.44661244, 48.695136]}, "properties": {"route": "N900604", "pr": "FS", "abs": null, "label": "N900604 PRFS"}}, {"type": "Feature", "geometry": {"type": "Point", "coordinates": [2.44693634, 48.69495761]}, "properties": {"route": "N900604", "pr": "FS", "abs": null, "label": "N900604 PRFS"}}, {"type": "Feature", "geometry": {"type": "Point", "coordinates": [2.46859176, 48.72177986]}, "properties": {"route": "D323", "pr": "FS", "abs": null, "label": "D323 PRFS"}}, {"type": "Feature", "geometry": {"type": "Point", "coordinates": [2.36165102, 48.74350631]}, "properties": {"route": "D167A", "pr": "FS", "abs": null, "label": "D167A PRFS"}}, {"type": "Feature", "geometry": {"type": "Point", "coordinates": [2.32673635, 48.70657617]}, "properties": {"route": "D118Z", "pr": "FS", "abs": null, "label": "D118Z PRFS"}}, {"type": "Feature", "geometry": {"type": "Point", "coordinates": [2.49839134, 48.69641197]}, "properties": {"route": "D94", "pr": "FS", "abs": null, "label": "D94 PRFS"}}, {"type": "Feature", "geometry": {"type": "Point", "coordinates": [2.5022101, 48.69476756]}, "properties": {"route": "D94", "pr": "FS", "abs": null, "label": "D94 PRFS"}}, {"type": "Feature", "geometry": {"type": "Point", "coordinates": [2.32316987, 48.72717441]}, "properties": {"route": "D167A", "pr": "FS", "abs": null, "label": "D167A PRFS (G)"}}, {"type": "Feature", "geometry": {"type": "Point", "coordinates": [2.44221768, 48.71926607]}, "properties": {"route": "N900601", "pr": "FS", "abs": null, "label": "N900601 PRFS"}}, {"type": "Feature", "geometry": {"type": "Point", "coordinates": [2.32418813, 48.72675834]}, "properties": {"route": "D167A", "pr": "FS", "abs": null, "label": "D167A PRFS (G)"}}, {"type": "Feature", "geometry": {"type": "Point", "coordinates": [2.49723994, 48.73333859]}, "properties": {"route": "D94", "pr": "FS", "abs": null, "label": "D94 PRFS"}}, {"type": "Feature", "geometry": {"type": "Point", "coordinates": [2.54668457, 48.69534154]}, "properties": {"route": "D94E", "pr": "FS", "abs": null, "label": "D94E PRFS"}}, {"type": "Feature", "geometry": {"type": "Point", "coordinates": [2.48115127, 48.69070486]}, "properties": {"route": "D50", "pr": "FS", "abs": null, "label": "D50 PRFS (G)"}}, {"type": "Feature", "geometry": {"type": "Point", "coordinates": [2.36483852, 48.74453608]}, "properties": {"route": "N900701", "pr": "FS", "abs": null, "label": "N900701 PRFS"}}, {"type": "Feature", "geometry": {"type": "Point", "coordinates": [2.49929865, 48.73006249]}, "properties": {"route": "D94", "pr": "FS", "abs": null, "label": "D94 PRFS"}}, {"type": "Feature", "geometry": {"type": "Point", "coordinates": [2.53639422, 48.6971261]}, "properties": {"route": "D33", "pr": "FS", "abs": null, "label": "D33 PRFS"}}, {"type": "Feature", "geometry": {"type": "Point", "coordinates": [2.36926453, 48.746067]}, "properties": {"route": "D167A", "pr": "FS", "abs": null, "label": "D167A PRFS"}}, {"type": "Feature", "geometry": {"type": "Point", "coordinates": [2.51335672, 48.69594418]}, "properties": {"route": "D94", "pr": "FS", "abs": null, "label": "D94 PRFS (D)"}}, {"type": "Feature", "geometry": {"type": "Point", "coordinates": [2.51335672, 48.69594418]}, "properties": {"route": "D94", "pr": "FS", "abs": null, "label": "D94 PRFS (G)"}}, {"type": "Feature", "geometry": {"type": "Point", "coordinates": [2.50239425, 48.69469097]}, "properties": {"route": "D54", "pr": "FS", "abs": null, "label": "D54 PRFS"}}, {"type": "Feature", "geometry": {"type": "Point", "coordinates": [2.48747408, 48.71676258]}, "properties": {"route": "D32", "pr": "FS", "abs": 25790, "label": "D32 PRFS+25790"}}, {"type": "Feature", "geometry": {"type": "Point", "coordinates": [2.49603523, 48.70684659]}, "properties": {"route": "D94", "pr": "FS", "abs": null, "label": "D94 PRFS (D)"}}, {"type": "Feature", "geometry": {"type": "Point", "coordinates": [2.38234282, 48.70857161]}, "properties": {"route": "D25", "pr": "FS", "abs": null, "label": "D25 PRFS"}}, {"type": "Feature", "geometry": {"type": "Point", "coordinates": [2.31938385, 48.74186071]}, "properties": {"route": "D167", "pr": "FS", "abs": null, "label": "D167 PRFS"}}, {"type": "Feature", "geometry": {"type": "Point", "coordinates": [2.35127153, 48.70574698]}, "properties": {"route": "D167", "pr": "FS", "abs": null, "label": "D167 PRFS"}}, {"type": "Feature", "geometry": {"type": "Point", "coordinates": [2.36625208, 48.73395984]}, "properties": {"route": "N7", "pr": "FS", "abs": null, "label": "N7 PRFS (G)"}}, {"type": "Feature", "geometry": {"type": "Point", "coordinates": [2.31264582, 48.69946012]}, "properties": {"route": "D118", "pr": "FS", "abs": null, "label": "D118 PRFS"}}, {"type": "Feature", "geometry": {"type": "Point", "coordinates": [2.48611781, 48.71106771]}, "properties": {"route": "D31", "pr": "FS", "abs": null, "label": "D31 PRFS"}}, {"type": "Feature", "geometry": {"type": "Point", "coordinates": [2.52904354, 48.70630776]}, "properties": {"route": "D54", "pr": "FS", "abs": null, "label": "D54 PRFS"}}, {"type": "Feature", "geometry": {"type": "Point", "coordinates": [2.46559432, 48.70131015]}, "properties": {"route": "D31", "pr": "FS", "abs": null, "label": "D31 PRFS"}}, {"type": "Feature", "geometry": {"type": "Point", "coordinates": [2.4133287, 48.71856808]}, "properties": {"route": "D29", "pr": "FS", "abs": null, "label": "D29 PRFS"}}, {"type": "Feature", "geometry": {"type": "Point", "coordinates": [2.53304331, 48.68863467]}, "properties": {"route": "D33", "pr": "FS", "abs": null, "label": "D33 PRFS"}}, {"type": "Feature", "geometry": {"type": "Point", "coordinates": [2.40742431, 48.72607452]}, "properties": {"route": "D118", "pr": "FS", "abs": null, "label": "D118 PRFS"}}, {"type": "Feature", "geometry": {"type": "Point", "coordinates": [2.47280389, 48.72763684]}, "properties": {"route": "D324", "pr": "FS", "abs": null, "label": "D324 PRFS"}}, {"type": "Feature", "geometry": {"type": "Point", "coordinates": [2.36614355, 48.73393948]}, "properties": {"route": "N7", "pr": "FS", "abs": null, "label": "N7 PRFS (D)"}}, {"type": "Feature", "geometry": {"type": "Point", "coordinates": [2.49628122, 48.70684583]}, "properties": {"route": "D94", "pr": "FS", "abs": null, "label": "D94 PRFS"}}, {"type": "Feature", "geometry": {"type": "Point", "coordinates": [2.4887323, 48.71069757]}, "properties": {"route": "D52", "pr": "FS", "abs": null, "label": "D52 PRFS"}}, {"type": "Feature", "geometry": {"type": "Point", "coordinates": [2.35389322, 48.73870832]}, "properties": {"route": "D167A", "pr": "FS", "abs": null, "label": "D167A PRFS"}}, {"type": "Feature", "geometry": {"type": "Point", "coordinates": [2.3104675, 48.71120997]}, "properties": {"route": "D120B1", "pr": "DS", "abs": null, "label": "D120B1 PRDS"}}, {"type": "Feature", "geometry": {"type": "Point", "coordinates": [2.38444393, 48.71549484]}, "properties": {"route": "D118A", "pr": "DS", "abs": null, "label": "D118A PRDS"}}, {"type": "Feature", "geometry": {"type": "Point", "coordinates": [2.50225115, 48.69488016]}, "properties": {"route": "D94", "pr": "DS", "abs": null, "label": "D94 PRDS (G)"}}, {"type": "Feature", "geometry": {"type": "Point", "coordinates": [2.33680997, 48.69464528]}, "properties": {"route": "D167", "pr": "DS", "abs": null, "label": "D167 PRDS (G)"}}, {"type": "Feature", "geometry": {"type": "Point", "coordinates": [2.49955921, 48.72982973]}, "properties": {"route": "D941", "pr": "DS", "abs": null, "label": "D941 PRDS"}}, {"type": "Feature", "geometry": {"type": "Point", "coordinates": [2.38559615, 48.70998168]}, "properties": {"route": "D25", "pr": "DS", "abs": null, "label": "D25 PRDS"}}, {"type": "Feature", "geometry": {"type": "Point", "coordinates": [2.310923, 48.70769118]}, "properties": {"route": "D118B", "pr": "DS", "abs": null, "label": "D118B PRDS"}}, {"type": "Feature", "geometry": {"type": "Point", "coordinates": [2.32669772, 48.73130397]}, "properties": {"route": "D32", "pr": "DS", "abs": null, "label": "D32 PRDS"}}, {"type": "Feature", "geometry": {"type": "Point", "coordinates": [2.48868515, 48.71093302]}, "properties": {"route": "D52", "pr": "DS", "abs": null, "label": "D52 PRDS"}}, {"type": "Feature", "geometry": {"type": "Point", "coordinates": [2.46291487, 48.72376741]}, "properties": {"route": "D323", "pr": "DS", "abs": null, "label": "D323 PRDS (G)"}}, {"type": "Feature", "geometry": {"type": "Point", "coordinates": [2.39238021, 48.70523936]}, "properties": {"route": "D25E", "pr": "DS", "abs": null, "label": "D25E PRDS"}}, {"type": "Feature", "geometry": {"type": "Point", "coordinates": [2.44216781, 48.71235173]}, "properties": {"route": "N900602", "pr": "DS", "abs": null, "label": "N900602 PRDS"}}, {"type": "Feature", "geometry": {"type": "Point", "coordinates": [2.44366446, 48.71935197]}, "properties": {"route": "D50", "pr": "DS", "abs": null, "label": "D50 PRDS (G)"}}, {"type": "Feature", "geometry": {"type": "Point", "coordinates": [2.45610125, 48.71867895]}, "properties": {"route": "D323", "pr": "DS", "abs": null, "label": "D323 PRDS"}}, {"type": "Feature", "geometry": {"type": "Point", "coordinates": [2.31913632, 48.74196633]}, "properties": {"route": "D167", "pr": "DS", "abs": null, "label": "D167 PRDS"}}, {"type": "Feature", "geometry": {"type": "Point", "coordinates": [2.4489246, 48.71321332]}, "properties": {"route": "D50", "pr": "DS", "abs": null, "label": "D50 PRDS (G)"}}, {"type": "Feature", "geometry": {"type": "Point", "coordinates": [2.441802, 48.70931614]}, "properties": {"route": "N900603", "pr": "DS", "abs": null, "label": "N900603 PRDS"}}, {"type": "Feature", "geometry": {"type": "Point", "coordinates": [2.46063546, 48.70410945]}, "properties": {"route": "D324", "pr": "DS", "abs": null, "label": "D324 PRDS"}}, {"type": "Feature", "geometry": {"type": "Point", "coordinates": [2.46825747, 48.7219016]}, "properties": {"route": "D323", "pr": "DS", "abs": null, "label": "D323 PRDS"}}, {"type": "Feature", "geometry": {"type": "Point", "coordinates": [2.44217844, 48.71950424]}, "properties": {"route": "N900601", "pr": "DS", "abs": null, "label": "N900601 PRDS"}}, {"type": "Feature", "geometry": {"type": "Point", "coordinates": [2.44389616, 48.71942231]}, "properties": {"route": "N900601", "pr": "DS", "abs": null, "label": "N900601 PRDS"}}, {"type": "Feature", "geometry": {"type": "Point", "coordinates": [2.32418813, 48.72675834]}, "properties": {"route": "D167A", "pr": "DS", "abs": null, "label": "D167A PRDS (G)"}}, {"type": "Feature", "geometry": {"type": "Point", "coordinates": [2.41755633, 48.69953369]}, "properties": {"route": "D933", "pr": "DS", "abs": null, "label": "D933 PRDS"}}, {"type": "Feature", "geometry": {"type": "Point", "coordinates": [2.31020048, 48.71249287]}, "properties": {"route": "D118", "pr": "DS", "abs": null, "label": "D118 PRDS (G)"}}, {"type": "Feature", "geometry": {"type": "Point", "coordinates": [2.47508029, 48.70702067]}, "properties": {"route": "D313", "pr": "DS", "abs": null, "label": "D313 PRDS"}}, {"type": "Feature", "geometry": {"type": "Point", "coordinates": [2.31019242, 48.70826442]}, "properties": {"route": "D118", "pr": "DS", "abs": null, "label": "D118 PRDS (G)"}}, {"type": "Feature", "geometry": {"type": "Point", "coordinates": [2.46894145, 48.72174814]}, "properties": {"route": "D323", "pr": "DS", "abs": null, "label": "D323 PRDS (G)"}}, {"type": "Feature", "geometry": {"type": "Point", "coordinates": [2.5022101, 48.69476756]}, "properties": {"route": "D94", "pr": "DS", "abs": null, "label": "D94 PRDS"}}, {"type": "Feature", "geometry": {"type": "Point", "coordinates": [2.46590902, 48.72277437]}, "properties": {"route": "D323", "pr": "DS", "abs": null, "label": "D323 PRDS (G)"}}, {"type": "Feature", "geometry": {"type": "Point", "coordinates": [2.49948392, 48.73002549]}, "properties": {"route": "D941", "pr": "DS", "abs": null, "label": "D941 PRDS (G)"}}, {"type": "Feature", "geometry": {"type": "Point", "coordinates": [2.45052538, 48.69217595]}, "properties": {"route": "N900604", "pr": "DS", "abs": null, "label": "N900604 PRDS"}}, {"type": "Feature", "geometry": {"type": "Point", "coordinates": [2.44996828, 48.69256915]}, "properties": {"route": "N900604", "pr": "DS", "abs": null, "label": "N900604 PRDS"}}, {"type": "Feature", "geometry": {"type": "Point", "coordinates": [2.46885966, 48.72163714]}, "properties": {"route": "D323", "pr": "DS", "abs": null, "label": "D323 PRDS"}}, {"type": "Feature", "geometry": {"type": "Point", "coordinates": [2.33736055, 48.70523248]}, "properties": {"route": "D118Z", "pr": "DS", "abs": null, "label": "D118Z PRDS"}}, {"type": "Feature", "geometry": {"type": "Point", "coordinates": [2.49839134, 48.69641197]}, "properties": {"route": "D94", "pr": "DS", "abs": null, "label": "D94 PRDS"}}, {"type": "Feature", "geometry": {"type": "Point", "coordinates": [2.5022101, 48.69476756]}, "properties": {"route": "D94", "pr": "DS", "abs": null, "label": "D94 PRDS"}}, {"type": "Feature", "geometry": {"type": "Point", "coordinates": [2.32418813, 48.72675834]}, "properties": {"route": "D167A", "pr": "DS", "abs": null, "label": "D167A PRDS (G)"}}, {"type": "Feature", "geometry": {"type": "Point", "coordinates": [2.44276544, 48.71748681]}, "properties": {"route": "N900601", "pr": "DS", "abs": null, "label": "N900601 PRDS"}}, {"type": "Feature", "geometry": {"type": "Point", "coordinates": [2.32542615, 48.72627244]}, "properties": {"route": "D167A", "pr": "DS", "abs": null, "label": "D167A PRDS (G)"}}, {"type": "Feature", "geometry": {"type": "Point", "coordinates": [2.49907685, 48.72994014]}, "properties": {"route": "D94", "pr": "FS", "abs": null, "label": "D94 PRFS"}}, {"type": "Feature", "geometry": {"type": "Point", "coordinates": [2.49907685, 48.72994014]}, "properties": {"route": "D94", "pr": "DS", "abs": null, "label": "D94 PRDS"}}, {"type": "Feature", "geometry": {"type": "Point", "coordinates": [2.53304331, 48.68863467]}, "properties": {"route": "D94E", "pr": "DS", "abs": null, "label": "D94E PRDS"}}, {"type": "Feature", "geometry": {"type": "Point", "coordinates": [2.36336397, 48.74389232]}, "properties": {"route": "N900701", "pr": "DS", "abs": null, "label": "N900701 PRDS"}}, {"type": "Feature", "geometry": {"type": "Point", "coordinates": [2.49907685, 48.72994014]}, "properties": {"route": "D94", "pr": "FS", "abs": null, "label": "D94 PRFS"}}, {"type": "Feature", "geometry": {"type": "Point", "coordinates": [2.49601381, 48.70695443]}, "properties": {"route": "D32", "pr": "DS", "abs": null, "label": "D32 PRDS"}}, {"type": "Feature", "geometry": {"type": "Point", "coordinates": [2.52571526, 48.6908967]}, "properties": {"route": "D33", "pr": "DS", "abs": null, "label": "D33 PRDS"}}, {"type": "Feature", "geometry": {"type": "Point", "coordinates": [2.36165102, 48.74350631]}, "properties": {"route": "D167A", "pr": "DS", "abs": null, "label": "D167A PRDS"}}, {"type": "Feature", "geometry": {"type": "Point", "coordinates": [2.30925477, 48.71195762]}, "properties": {"route": "D120", "pr": "DS", "abs": null, "label": "D120 PRDS"}}, {"type": "Feature", "geometry": {"type": "Point", "coordinates": [2.5024932, 48.69471567]}, "properties": {"route": "D94", "pr": "DS", "abs": null, "label": "D94 PRDS (D)"}}, {"type": "Feature", "geometry": {"type": "Point", "coordinates": [2.50255464, 48.69482656]}, "properties": {"route": "D94", "pr": "DS", "abs": null, "label": "D94 PRDS (G)"}}, {"type": "Feature", "geometry": {"type": "Point", "coordinates": [2.36387911, 48.74313504]}, "properties": {"route": "N900701", "pr": "DS", "abs": null, "label": "N900701 PRDS"}}, {"type": "Feature", "geometry": {"type": "Point", "coordinates": [2.44391581, 48.71923621]}, "properties": {"route": "D448", "pr": "DS", "abs": null, "label": "D448 PRDS"}}, {"type": "Feature", "geometry": {"type": "Point", "coordinates": [2.44308908, 48.72091793]}, "properties": {"route": "N6", "pr": "DS", "abs": null, "label": "N6 PRDS (G)"}}, {"type": "Feature", "geometry": {"type": "Point", "coordinates": [2.50242072, 48.69490785]}, "properties": {"route": "D54", "pr": "DS", "abs": null, "label": "D54 PRDS"}}, {"type": "Feature", "geometry": {"type": "Point", "coordinates": [2.44298307, 48.72091564]}, "properties": {"route": "N6", "pr": "DS", "abs": null, "label": "N6 PRDS (D)"}}, {"type": "Feature", "geometry": {"type": "Point", "coordinates": [2.44234113, 48.71929003]}, "properties": {"route": "D50", "pr": "DS", "abs": null, "label": "D50 PRDS"}}, {"type": "Feature", "geometry": {"type": "Point", "coordinates": [2.51335672, 48.69594418]}, "properties": {"route": "D94", "pr": "DS", "abs": null, "label": "D94 PRDS"}}, {"type": "Feature", "geometry": {"type": "Point", "coordinates": [2.37129262, 48.71305889]}, "properties": {"route": "N7", "pr": "DS", "abs": null, "label": "N7 PRDS (G)"}}, {"type": "Feature", "geometry": {"type": "Point", "coordinates": [2.37108338, 48.71305329]}, "properties": {"route": "N7", "pr": "DS", "abs": null, "label": "N7 PRDS (D)"}}, {"type": "Feature", "geometry": {"type": "Point", "coordinates": [2.36636716, 48.74610562]}, "properties": {"route": "N7", "pr": "DS", "abs": null, "label": "N7 PRDS (D)"}}, {"type": "Feature", "geometry": {"type": "Point", "coordinates": [2.46970296, 48.6989557]}, "properties": {"route": "D52", "pr": "DS", "abs": null, "label": "D52 PRDS"}}, {"type": "Feature", "geometry": {"type": "Point", "coordinates": [2.32297653, 48.72709146]}, "properties": {"route": "D167A", "pr": "DS", "abs": null, "label": "D167A PRDS"}}, {"type": "Feature", "geometry": {"type": "Point", "coordinates": [2.48747408, 48.71676258]}, "properties": {"route": "D31", "pr": "DS", "abs": null, "label": "D31 PRDS"}}, {"type": "Feature", "geometry": {"type": "Point", "coordinates": [2.36405542, 48.74328618]}, "properties": {"route": "N7", "pr": "1", "abs": 379, "label": "N7 PR1+379 (D)"}}, {"type": "Feature", "geometry": {"type": "Point", "coordinates": [2.37136188, 48.70786664]}, "properties": {"route": "N7", "pr": "5", "abs": 2469, "label": "N7 PR5+2469 (D)"}}, {"type": "Feature", "geometry": {"type": "Point", "coordinates": [2.37070675, 48.68992768]}, "properties": {"route": "N7", "pr": "7", "abs": 4465, "label": "N7 PR7+4465 (D)"}}, {"type": "Feature", "geometry": {"type": "Point", "coordinates": [2.45722839, 48.69038971]}, "properties": {"route": "N6", "pr": "4", "abs": 3933, "label": "N6 PR4+3933 (D)"}}, {"type": "Feature", "geometry": {"type": "Point", "coordinates": [2.47073214, 48.68964087]}, "properties": {"route": "N6", "pr": "5", "abs": 4933, "label": "N6 PR5+4933 (D)"}}, {"type": "Feature", "geometry": {"type": "Point", "coordinates": [2.44645449, 48.69529628]}, "properties": {"route": "N6", "pr": "3", "abs": 2936, "label": "N6 PR3+2936 (D)"}}, {"type": "Feature", "geometry": {"type": "Point", "coordinates": [2.44209798, 48.71252679]}, "properties": {"route": "N6", "pr": "1", "abs": 940, "label": "N6 PR1+940 (D)"}}, {"type": "Feature", "geometry": {"type": "Point", "coordinates": [2.44364499, 48.70394687]}, "properties": {"route": "N6", "pr": "2", "abs": 1931, "label": "N6 PR2+1931 (D)"}}, {"type": "Feature", "geometry": {"type": "Point", "coordinates": [2.49823513, 48.69654804]}, "properties": {"route": "D94", "pr": "4", "abs": 4611, "label": "D94 PR4+4611 (D)"}}, {"type": "Feature", "geometry": {"type": "Point", "coordinates": [2.44846166, 48.7232059]}, "properties": {"route": "D32", "pr": "1", "abs": 909, "label": "D32 PR1+909"}}, {"type": "Feature", "geometry": {"type": "Point", "coordinates": [2.31595054, 48.73662788]}, "properties": {"route": "A6B", "pr": "999", "abs": 1283, "label": "A6B PR999+1283 (D)"}}, {"type": "Feature", "geometry": {"type": "Point", "coordinates": [2.32461719, 48.74636066]}, "properties": {"route": "A6B", "pr": "0", "abs": 0, "label": "A6B PR0 (D)"}}, {"type": "Feature", "geometry": {"type": "Point", "coordinates": [2.58683519, 48.83444471]}, "properties": {"route": "A4", "pr": "FS", "abs": null, "label": "A4 PRFS"}}, {"type": "Feature", "geometry": {"type": "Point", "coordinates": [2.48398289, 48.8613296]}, "properties": {"route": "A86", "pr": "FS", "abs": null, "label": "A86 PRFS"}}, {"type": "Feature", "geometry": {"type": "Point", "coordinates": [2.48003993, 48.82893055]}, "properties": {"route": "A86", "pr": "DS", "abs": null, "label": "A86 PRDS"}}, {"type": "Feature", "geometry": {"type": "Point", "coordinates": [2.31454263, 48.76194804]}, "properties": {"route": "A86", "pr": "FS", "abs": null, "label": "A86 PRFS"}}, {"type": "Feature", "geometry": {"type": "Point", "coordinates": [2.48151014, 48.82943788]}, "properties": {"route": "A86", "pr": "FS", "abs": null, "label": "A86 PRFS"}}, {"type": "Feature", "geometry": {"type": "Point", "coordinates": [2.48383368, 48.86125701]}, "properties": {"route": "A86", "pr": "DS", "abs": null, "label": "A86 PRDS"}}, {"type": "Feature", "geometry": {"type": "Point", "coordinates": [2.52178294, 48.73283861]}, "properties": {"route": "N19", "pr": "FS", "abs": null, "label": "N19 PRFS"}}, {"type": "Feature", "geometry": {"type": "Point", "coordinates": [2.49404761, 48.763213]}, "properties": {"route": "N19", "pr": "DS", "abs": null, "label": "N19 PRDS"}}, {"type": "Feature", "geometry": {"type": "Point", "coordinates": [2.5970766, 48.7024986]}, "properties": {"route": "N19", "pr": "FS", "abs": null, "label": "N19 PRFS"}}, {"type": "Feature", "geometry": {"type": "Point", "coordinates": [2.5970766, 48.7024986]}, "properties": {"route": "N19", "pr": "DS", "abs": null, "label": "N19 PRDS"}}, {"type": "Feature", "geometry": {"type": "Point", "coordinates": [2.57456064, 48.71525738]}, "properties": {"route": "N19", "pr": "FS", "abs": null, "label": "N19 PRFS"}}, {"type": "Feature", "geometry": {"type": "Point", "coordinates": [2.5742145, 48.71553498]}, "properties": {"route": "N19", "pr": "DS", "abs": null, "label": "N19 PRDS"}}, {"type": "Feature", "geometry": {"type": "Point", "coordinates": [2.54231546, 48.72756386]}, "properties": {"route": "N19", "pr": "FS", "abs": null, "label": "N19 PRFS"}}, {"type": "Feature", "geometry": {"type": "Point", "coordinates": [2.5742145, 48.71553498]}, "properties": {"route": "N19", "pr": "DS", "abs": null, "label": "N19 PRDS"}}, {"type": "Feature", "geometry": {"type": "Point", "coordinates": [2.52936559, 48.72819258]}, "properties": {"route": "N19", "pr": "FS", "abs": null, "label": "N19 PRFS"}}, {"type": "Feature", "geometry": {"type": "Point", "coordinates": [2.54231546, 48.72756386]}, "properties": {"route": "N19", "pr": "DS", "abs": null, "label": "N19 PRDS"}}, {"type": "Feature", "geometry": {"type": "Point", "coordinates": [2.52936559, 48.72819258]}, "properties": {"route": "N19", "pr": "FS", "abs": null, "label": "N19 PRFS"}}, {"type": "Feature", "geometry": {"type": "Point", "coordinates": [2.52178294, 48.73283861]}, "properties": {"route": "N19", "pr": "DS", "abs": null, "label": "N19 PRDS"}}, {"type": "Feature", "geometry": {"type": "Point", "coordinates": [2.59511785, 48.70362798]}, "properties": {"route": "N19", "pr": "DS", "abs": null, "label": "N19 PRDS"}}, {"type": "Feature", "geometry": {"type": "Point", "coordinates": [2.57456064, 48.71525738]}, "properties": {"route": "N19", "pr": "DS", "abs": null, "label": "N19 PRDS"}}, {"type": "Feature", "geometry": {"type": "Point", "coordinates": [2.58652149, 48.70859225]}, "properties": {"route": "N19", "pr": "FS", "abs": null, "label": "N19 PRFS"}}, {"type": "Feature", "geometry": {"type": "Point", "coordinates": [2.59471204, 48.70408802]}, "properties": {"route": "N19", "pr": "DS", "abs": null, "label": "N19 PRDS"}}, {"type": "Feature", "geometry": {"type": "Point", "coordinates": [2.54697469, 48.83650469]}, "properties": {"route": "A4", "pr": "12", "abs": 0, "label": "A4 PR12 (D)"}}, {"type": "Feature", "geometry": {"type": "Point", "coordinates": [2.58676686, 48.83430057]}, "properties": {"route": "A4", "pr": "15", "abs": 0, "label": "A4 PR15 (D)"}}, {"type": "Feature", "geometry": {"type": "Point", "coordinates": [2.31459599, 48.7620284]}, "properties": {"route": "A86", "pr": "52", "abs": 11802, "label": "A86 PR52+11802 (D)"}}, {"type": "Feature", "geometry": {"type": "Point", "coordinates": [2.4818324, 48.82949593]}, "properties": {"route": "A86", "pr": "33", "abs": 4247, "label": "A86 PR33+4247 (D)"}}, {"type": "Feature", "geometry": {"type": "Point", "coordinates": [2.3780773, 48.75340134]}, "properties": {"route": "A86", "pr": "47", "abs": 16081, "label": "A86 PR47+16081 (D)"}}, {"type": "Feature", "geometry": {"type": "Point", "coordinates": [2.48394163, 48.8613672]}, "properties": {"route": "A86", "pr": "29", "abs": 0, "label": "A86 PR29 (D)"}}, {"type": "Feature", "geometry": {"type": "Point", "coordinates": [2.45850384, 48.81920904]}, "properties": {"route": "A86", "pr": "35", "abs": 4247, "label": "A86 PR35+4247 (D)"}}, {"type": "Feature", "geometry": {"type": "Point", "coordinates": [2.34127081, 48.75608486]}, "properties": {"route": "A86", "pr": "50", "abs": 16081, "label": "A86 PR50+16081 (D)"}}, {"type": "Feature", "geometry": {"type": "Point", "coordinates": [2.34127081, 48.75608486]}, "properties": {"route": "N186", "pr": "49", "abs": 2742, "label": "N186 PR49+2742 (D)"}}, {"type": "Feature", "geometry": {"type": "Point", "coordinates": [2.33389506, 48.75652334]}, "properties": {"route": "N186B", "pr": "50", "abs": 1788, "label": "N186B PR50+1788 (D)"}}, {"type": "Feature", "geometry": {"type": "Point", "coordinates": [2.35549022, 48.75376186]}, "properties": {"route": "N186B", "pr": "48", "abs": 1788, "label": "N186B PR48+1788 (D)"}}, {"type": "Feature", "geometry": {"type": "Point", "coordinates": [2.34367781, 48.76436836]}, "properties": {"route": "A106", "pr": "6", "abs": 665, "label": "A106 PR6+665 (D)"}}, {"type": "Feature", "geometry": {"type": "Point", "coordinates": [2.51734068, 48.73786116]}, "properties": {"route": "N19", "pr": "19", "abs": 3600, "label": "N19 PR19+3600 (D)"}}, {"type": "Feature", "geometry": {"type": "Point", "coordinates": [2.5864634, 48.70854887]}, "properties": {"route": "N19", "pr": "1", "abs": 949, "label": "N19 PR1+949"}}, {"type": "Feature", "geometry": {"type": "Point", "coordinates": [2.55090755, 48.72774581]}, "properties": {"route": "N19", "pr": "22", "abs": 6635, "label": "N19 PR22+6635"}}, {"type": "Feature", "geometry": {"type": "Point", "coordinates": [2.5720302, 48.71669914]}, "properties": {"route": "N19", "pr": "24", "abs": 8620, "label": "N19 PR24+8620"}}, {"type": "Feature", "geometry": {"type": "Point", "coordinates": [2.51485495, 48.74781495]}, "properties": {"route": "N19", "pr": "18", "abs": 2400, "label": "N19 PR18+2400 (D)"}}, {"type": "Feature", "geometry": {"type": "Point", "coordinates": [2.56169067, 48.7224936]}, "properties": {"route": "N19", "pr": "23", "abs": 7629, "label": "N19 PR23+7629"}}, {"type": "Feature", "geometry": {"type": "Point", "coordinates": [2.50830057, 48.75476855]}, "properties": {"route": "N19", "pr": "17", "abs": 1400, "label": "N19 PR17+1400 (D)"}}, {"type": "Feature", "geometry": {"type": "Point", "coordinates": [2.49792653, 48.76050325]}, "properties": {"route": "N19", "pr": "16", "abs": 400, "label": "N19 PR16+400 (D)"}}, {"type": "Feature", "geometry": {"type": "Point", "coordinates": [2.59680052, 48.70270364]}, "properties": {"route": "N19", "pr": "2", "abs": 1884, "label": "N19 PR2+1884"}}, {"type": "Feature", "geometry": {"type": "Point", "coordinates": [2.52544918, 48.73038429]}, "properties": {"route": "N19", "pr": "20", "abs": 4641, "label": "N19 PR20+4641"}}, {"type": "Feature", "geometry": {"type": "Point", "coordinates": [2.52178294, 48.73283861]}, "properties": {"route": "N19", "pr": "19", "abs": 4240, "label": "N19 PR19+4240 (D)"}}, {"type": "Feature", "geometry": {"type": "Point", "coordinates": [2.59511785, 48.70362798]}, "properties": {"route": "N19", "pr": "1", "abs": 1729, "label": "N19 PR1+1729"}}, {"type": "Feature", "geometry": {"type": "Point", "coordinates": [2.59471204, 48.70408802]}, "properties": {"route": "N19", "pr": "1", "abs": 1729, "label": "N19 PR1+1729"}}, {"type": "Feature", "geometry": {"type": "Point", "coordinates": [2.5742145, 48.71553498]}, "properties": {"route": "N19", "pr": "24", "abs": 8820, "label": "N19 PR24+8820"}}, {"type": "Feature", "geometry": {"type": "Point", "coordinates": [2.57456064, 48.71525738]}, "properties": {"route": "N19", "pr": "24", "abs": 8820, "label": "N19 PR24+8820"}}, {"type": "Feature", "geometry": {"type": "Point", "coordinates": [2.5970766, 48.7024986]}, "properties": {"route": "N19", "pr": "2", "abs": 1907, "label": "N19 PR2+1907"}}, {"type": "Feature", "geometry": {"type": "Point", "coordinates": [2.54157602, 48.72754573]}, "properties": {"route": "N19", "pr": "21", "abs": 6002, "label": "N19 PR21+6002 (D)"}}, {"type": "Feature", "geometry": {"type": "Point", "coordinates": [2.52936559, 48.72819258]}, "properties": {"route": "N19", "pr": "20", "abs": 5016, "label": "N19 PR20+5016 (D)"}}, {"type": "Feature", "geometry": {"type": "Point", "coordinates": [2.49426459, 48.76314377]}, "properties": {"route": "N19", "pr": "0", "abs": 0, "label": "N19 PR0 (D)"}}, {"type": "Feature", "geometry": {"type": "Point", "coordinates": [2.58573112, 48.70886114]}, "properties": {"route": "N19", "pr": "0", "abs": 895, "label": "N19 PR0+895"}}, {"type": "Feature", "geometry": {"type": "Point", "coordinates": [2.58538147, 48.70907849]}, "properties": {"route": "N19", "pr": "0", "abs": 895, "label": "N19 PR0+895"}}, {"type": "Feature", "geometry": {"type": "Point", "coordinates": [2.57610216, 48.7143994]}, "properties": {"route": "N19", "pr": "0", "abs": 0, "label": "N19 PR0"}}, {"type": "Feature", "geometry": {"type": "Point", "coordinates": [2.48850686, 48.76038773]}, "properties": {"route": "N406", "pr": "999", "abs": 5446, "label": "N406 PR999+5446 (D)"}}, {"type": "Feature", "geometry": {"type": "Point", "coordinates": [2.59608888, 48.68840702]}, "properties": {"route": "N104", "pr": "17", "abs": 17178, "label": "N104 PR17+17178 (D)"}}, {"type": "Feature", "geometry": {"type": "Point", "coordinates": [2.59943716, 48.72676547]}, "properties": {"route": "N104", "pr": "13", "abs": 12776, "label": "N104 PR13+12776 (D)"}}, {"type": "Feature", "geometry": {"type": "Point", "coordinates": [2.59886879, 48.70889614]}, "properties": {"route": "N104", "pr": "15", "abs": 14814, "label": "N104 PR15+14814 (D)"}}, {"type": "Feature", "geometry": {"type": "Point", "coordinates": [2.59603553, 48.70322274]}, "properties": {"route": "N104", "pr": "16", "abs": 15485, "label": "N104 PR16+15485 (D)"}}, {"type": "Feature", "geometry": {"type": "Point", "coordinates": [2.59913205, 48.71727446]}, "properties": {"route": "N104", "pr": "14", "abs": 13874, "label": "N104 PR14+13874 (D)"}}, {"type": "Feature", "geometry": {"type": "Point", "coordinates": [2.36958846, 48.72576823]}, "properties": {"route": "N7", "pr": "3", "abs": 932, "label": "N7 PR3+932 (D)"}}, {"type": "Feature", "geometry": {"type": "Point", "coordinates": [2.37087742, 48.71616074]}, "properties": {"route": "N7", "pr": "4", "abs": 2004, "label": "N7 PR4+2004 (D)"}}, {"type": "Feature", "geometry": {"type": "Point", "coordinates": [2.37106222, 48.71616621]}, "properties": {"route": "N7", "pr": "4", "abs": 2004, "label": "N7 PR4+2004 (G)"}}, {"type": "Feature", "geometry": {"type": "Point", "coordinates": [2.39005935, 48.82700804]}, "properties": {"route": "C01", "pr": "0", "abs": 0, "label": "C01 PR0 (D)"}}, {"type": "Feature", "geometry": {"type": "Point", "coordinates": [2.37912895, 48.82178669]}, "properties": {"route": "C01", "pr": "1", "abs": 1000, "label": "C01 PR1+1000 (D)"}}, {"type": "Feature", "geometry": {"type": "Point", "coordinates": [2.36708286, 48.81766823]}, "properties": {"route": "C01", "pr": "2", "abs": 2000, "label": "C01 PR2+2000 (D)"}}, {"type": "Feature", "geometry": {"type": "Point", "coordinates": [2.35463206, 48.81746407]}, "properties": {"route": "C01", "pr": "3", "abs": 3000, "label": "C01 PR3+3000 (D)"}}, {"type": "Feature", "geometry": {"type": "Point", "coordinates": [2.34181313, 48.8166522]}, "properties": {"route": "C01", "pr": "4", "abs": 4000, "label": "C01 PR4+4000 (D)"}}, {"type": "Feature", "geometry": {"type": "Point", "coordinates": [2.32933698, 48.81929002]}, "properties": {"route": "C01", "pr": "5", "abs": 5000, "label": "C01 PR5+5000 (D)"}}, {"type": "Feature", "geometry": {"type": "Point", "coordinates": [2.31644723, 48.82210675]}, "properties": {"route": "C01", "pr": "6", "abs": 6000, "label": "C01 PR6+6000 (D)"}}, {"type": "Feature", "geometry": {"type": "Point", "coordinates": [2.41381064, 48.85443404]}, "properties": {"route": "C01", "pr": "31", "abs": 31000, "label": "C01 PR31+31000 (D)"}}, {"type": "Feature", "geometry": {"type": "Point", "coordinates": [2.41417808, 48.8456321]}, "properties": {"route": "C01", "pr": "32", "abs": 32000, "label": "C01 PR32+32000 (D)"}}, {"type": "Feature", "geometry": {"type": "Point", "coordinates": [2.41233656, 48.8367437]}, "properties": {"route": "C01", "pr": "33", "abs": 33000, "label": "C01 PR33+33000 (D)"}}, {"type": "Feature", "geometry": {"type": "Point", "coordinates": [2.40269671, 48.83075295]}, "properties": {"route": "C01", "pr": "34", "abs": 34000, "label": "C01 PR34+34000 (D)"}}, {"type": "Feature", "geometry": {"type": "Point", "coordinates": [2.39055755, 48.82715358]}, "properties": {"route": "C01", "pr": "35", "abs": 35000, "label": "C01 PR35+35000 (D)"}}, {"type": "Feature", "geometry": {"type": "Point", "coordinates": [2.39005935, 48.82700804]}, "properties": {"route": "C01", "pr": "999", "abs": 35040, "label": "C01 PR999+35040 (D)"}}, {"type": "Feature", "geometry": {"type": "Point", "coordinates": [2.39014171, 48.82683758]}, "properties": {"route": "C02", "pr": "0", "abs": 0, "label": "C02 PR0 (G)"}}, {"type": "Feature", "geometry": {"type": "Point", "coordinates": [2.37917191, 48.82161063]}, "properties": {"route": "C02", "pr": "1", "abs": 1000, "label": "C02 PR1+1000 (G)"}}, {"type": "Feature", "geometry": {"type": "Point", "coordinates": [2.36709064, 48.81747581]}, "properties": {"route": "C02", "pr": "2", "abs": 2000, "label": "C02 PR2+2000 (G)"}}, {"type": "Feature", "geometry": {"type": "Point", "coordinates": [2.35453714, 48.81732056]}, "properties": {"route": "C02", "pr": "3", "abs": 3000, "label": "C02 PR3+3000 (G)"}}, {"type": "Feature", "geometry": {"type": "Point", "coordinates": [2.34170508, 48.81647263]}, "properties": {"route": "C02", "pr": "4", "abs": 4000, "label": "C02 PR4+4000 (G)"}}, {"type": "Feature", "geometry": {"type": "Point", "coordinates": [2.32918035, 48.81918392]}, "properties": {"route": "C02", "pr": "5", "abs": 5000, "label": "C02 PR5+5000 (G)"}}, {"type": "Feature", "geometry": {"type": "Point", "coordinates": [2.31625631, 48.82202112]}, "properties": {"route": "C02", "pr": "6", "abs": 6000, "label": "C02 PR6+6000 (G)"}}, {"type": "Feature", "geometry": {"type": "Point", "coordinates": [2.41403996, 48.85440189]}, "properties": {"route": "C02", "pr": "31", "abs": 31000, "label": "C02 PR31+31000 (G)"}}, {"type": "Feature", "geometry": {"type": "Point", "coordinates": [2.4143956, 48.84555582]}, "properties": {"route": "C02", "pr": "32", "abs": 32000, "label": "C02 PR32+32000 (G)"}}, {"type": "Feature", "geometry": {"type": "Point", "coordinates": [2.41252443, 48.8366349]}, "properties": {"route": "C02", "pr": "33", "abs": 33000, "label": "C02 PR33+33000 (G)"}}, {"type": "Feature", "geometry": {"type": "Point", "coordinates": [2.40285222, 48.83061522]}, "properties": {"route": "C02", "pr": "34", "abs": 34000, "label": "C02 PR34+34000 (G)"}}, {"type": "Feature", "geometry": {"type": "Point", "coordinates": [2.39062189, 48.82701001]}, "properties": {"route": "C02", "pr": "35", "abs": 35000, "label": "C02 PR35+35000 (G)"}}, {"type": "Feature", "geometry": {"type": "Point", "coordinates": [2.39014171, 48.82683758]}, "properties": {"route": "C02", "pr": "999", "abs": 35040, "label": "C02 PR999+35040 (G)"}}, {"type": "Feature", "geometry": {"type": "Point", "coordinates": [2.58631105, 48.77878068]}, "properties": {"route": "D1004", "pr": "0", "abs": 0, "label": "D1004 PR0 (G)"}}, {"type": "Feature", "geometry": {"type": "Point", "coordinates": [2.59841087, 48.77644036]}, "properties": {"route": "D1004", "pr": "1", "abs": 968, "label": "D1004 PR1+968 (G)"}}, {"type": "Feature", "geometry": {"type": "Point", "coordinates": [2.57678418, 48.8500222]}, "properties": {"route": "D199", "pr": "0", "abs": 0, "label": "D199 PR0 (G)"}}, {"type": "Feature", "geometry": {"type": "Point", "coordinates": [2.60433511, 48.8483304]}, "properties": {"route": "D199", "pr": "2", "abs": 2046, "label": "D199 PR2+2046 (G)"}}, {"type": "Feature", "geometry": {"type": "Point", "coordinates": [2.59082324, 48.84895676]}, "properties": {"route": "D199", "pr": "1", "abs": 1045, "label": "D199 PR1+1045 (G)"}}, {"type": "Feature", "geometry": {"type": "Point", "coordinates": [2.59927024, 48.70563608]}, "properties": {"route": "D316", "pr": "3", "abs": 3327, "label": "D316 PR3+3327 (G)"}}, {"type": "Feature", "geometry": {"type": "Point", "coordinates": [2.59892409, 48.70576264]}, "properties": {"route": "D316", "pr": "4", "abs": 4216, "label": "D316 PR4+4216 (G)"}}, {"type": "Feature", "geometry": {"type": "Point", "coordinates": [2.59533896, 48.70402988]}, "properties": {"route": "D316", "pr": "999", "abs": 4681, "label": "D316 PR999+4681 (G)"}}, {"type": "Feature", "geometry": {"type": "Point", "coordinates": [2.60007803, 48.85259799]}, "properties": {"route": "D51", "pr": "999", "abs": 7814, "label": "D51 PR999+7814"}}, {"type": "Feature", "geometry": {"type": "Point", "coordinates": [2.58919493, 48.72308973]}, "properties": {"route": "D51", "pr": "1", "abs": 0, "label": "D51 PR1"}}, {"type": "Feature", "geometry": {"type": "Point", "coordinates": [2.59835218, 48.82756251]}, "properties": {"route": "D51", "pr": "15", "abs": 4405, "label": "D51 PR15+4405"}}, {"type": "Feature", "geometry": {"type": "Point", "coordinates": [2.59514381, 48.72501147]}, "properties": {"route": "D51", "pr": "2", "abs": 1010, "label": "D51 PR2+1010"}}, {"type": "Feature", "geometry": {"type": "Point", "coordinates": [2.59860831, 48.83127231]}, "properties": {"route": "D51", "pr": "16", "abs": 5421, "label": "D51 PR16+5421"}}, {"type": "Feature", "geometry": {"type": "Point", "coordinates": [2.6011403, 48.84895292]}, "properties": {"route": "D51", "pr": "18", "abs": 7393, "label": "D51 PR18+7393"}}, {"type": "Feature", "geometry": {"type": "Point", "coordinates": [2.60105028, 48.84059684]}, "properties": {"route": "D51", "pr": "17", "abs": 6453, "label": "D51 PR17+6453"}}, {"type": "Feature", "geometry": {"type": "Point", "coordinates": [2.58600613, 48.83059621]}, "properties": {"route": "D406", "pr": "0", "abs": 0, "label": "D406 PR0"}}, {"type": "Feature", "geometry": {"type": "Point", "coordinates": [2.59582165, 48.82699279]}, "properties": {"route": "D406", "pr": "1", "abs": 979, "label": "D406 PR1+979"}}, {"type": "Feature", "geometry": {"type": "Point", "coordinates": [2.58154168, 48.69742435]}, "properties": {"route": "D216", "pr": "999", "abs": 36270, "label": "D216 PR999+36270"}}, {"type": "Feature", "geometry": {"type": "Point", "coordinates": [2.58368543, 48.69712873]}, "properties": {"route": "D216", "pr": "37", "abs": 36111, "label": "D216 PR37+36111"}}, {"type": "Feature", "geometry": {"type": "Point", "coordinates": [2.59741529, 48.69292951]}, "properties": {"route": "D216", "pr": "36", "abs": 34993, "label": "D216 PR36+34993"}}, {"type": "Feature", "geometry": {"type": "Point", "coordinates": [2.60007803, 48.85259799]}, "properties": {"route": "D226", "pr": "0", "abs": 0, "label": "D226 PR0"}}, {"type": "Feature", "geometry": {"type": "Point", "coordinates": [2.59463729, 48.85510861]}, "properties": {"route": "D226", "pr": "1", "abs": 492, "label": "D226 PR1+492"}}, {"type": "Feature", "geometry": {"type": "Point", "coordinates": [2.59861506, 48.83110235]}, "properties": {"route": "D1011X", "pr": "999", "abs": 775, "label": "D1011X PR999+775"}}, {"type": "Feature", "geometry": {"type": "Point", "coordinates": [2.58931901, 48.83129473]}, "properties": {"route": "D1011X", "pr": "0", "abs": 0, "label": "D1011X PR0"}}, {"type": "Feature", "geometry": {"type": "Point", "coordinates": [2.60589203, 48.69073885]}, "properties": {"route": "D50", "pr": "FS", "abs": null, "label": "D50 PRFS"}}, {"type": "Feature", "geometry": {"type": "Point", "coordinates": [2.57946576, 48.85005684]}, "properties": {"route": "D199", "pr": "FS", "abs": null, "label": "D199 PRFS"}}, {"type": "Feature", "geometry": {"type": "Point", "coordinates": [2.60133679, 48.69215386]}, "properties": {"route": "D216", "pr": "FS", "abs": null, "label": "D216 PRFS"}}, {"type": "Feature", "geometry": {"type": "Point", "coordinates": [2.58159903, 48.85863948]}, "properties": {"route": "D226", "pr": "FS", "abs": null, "label": "D226 PRFS"}}, {"type": "Feature", "geometry": {"type": "Point", "coordinates": [2.58559922, 48.84871124]}, "properties": {"route": "D199", "pr": "FS", "abs": null, "label": "D199 PRFS"}}, {"type": "Feature", "geometry": {"type": "Point", "coordinates": [2.60163965, 48.72960875]}, "properties": {"route": "D51", "pr": "DS", "abs": null, "label": "D51 PRDS"}}, {"type": "Feature", "geometry": {"type": "Point", "coordinates": [2.60163965, 48.72960875]}, "properties": {"route": "D51", "pr": "FS", "abs": null, "label": "D51 PRFS"}}, {"type": "Feature", "geometry": {"type": "Point", "coordinates": [2.58514507, 48.84978528]}, "properties": {"route": "D199", "pr": "FS", "abs": null, "label": "D199 PRFS"}}, {"type": "Feature", "geometry": {"type": "Point", "coordinates": [2.58903566, 48.83094931]}, "properties": {"route": "D406", "pr": "FS", "abs": null, "label": "D406 PRFS"}}, {"type": "Feature", "geometry": {"type": "Point", "coordinates": [2.59574343, 48.85482187]}, "properties": {"route": "D226", "pr": "FS", "abs": null, "label": "D226 PRFS"}}, {"type": "Feature", "geometry": {"type": "Point", "coordinates": [2.58618119, 48.84869887]}, "properties": {"route": "D199", "pr": "FS", "abs": null, "label": "D199 PRFS"}}, {"type": "Feature", "geometry": {"type": "Point", "coordinates": [2.59000235, 48.85612705]}, "properties": {"route": "D226", "pr": "FS", "abs": null, "label": "D226 PRFS"}}, {"type": "Feature", "geometry": {"type": "Point", "coordinates": [2.5887774, 48.83105005]}, "properties": {"route": "D406", "pr": "FS", "abs": null, "label": "D406 PRFS"}}, {"type": "Feature", "geometry": {"type": "Point", "coordinates": [2.59028926, 48.8560372]}, "properties": {"route": "D226", "pr": "DS", "abs": null, "label": "D226 PRDS"}}, {"type": "Feature", "geometry": {"type": "Point", "coordinates": [2.59028926, 48.8560372]}, "properties": {"route": "D226", "pr": "FS", "abs": null, "label": "D226 PRFS"}}, {"type": "Feature", "geometry": {"type": "Point", "coordinates": [2.60133679, 48.69215386]}, "properties": {"route": "D216", "pr": "FS", "abs": null, "label": "D216 PRFS"}}, {"type": "Feature", "geometry": {"type": "Point", "coordinates": [2.57710671, 48.84974095]}, "properties": {"route": "D370", "pr": "FS", "abs": null, "label": "D370 PRFS"}}, {"type": "Feature", "geometry": {"type": "Point", "coordinates": [2.57946576, 48.85005684]}, "properties": {"route": "D199", "pr": "FS", "abs": null, "label": "D199 PRFS (G)"}}, {"type": "Feature", "geometry": {"type": "Point", "coordinates": [2.60282362, 48.70406853]}, "properties": {"route": "D316", "pr": "FS", "abs": null, "label": "D316 PRFS"}}, {"type": "Feature", "geometry": {"type": "Point", "coordinates": [2.57714242, 48.85004235]}, "properties": {"route": "D370", "pr": "FS", "abs": null, "label": "D370 PRFS (D)"}}, {"type": "Feature", "geometry": {"type": "Point", "coordinates": [2.5881064, 48.85045922]}, "properties": {"route": "D199", "pr": "FS", "abs": null, "label": "D199 PRFS"}}, {"type": "Feature", "geometry": {"type": "Point", "coordinates": [2.60581421, 48.69060817]}, "properties": {"route": "D50", "pr": "DS", "abs": null, "label": "D50 PRDS"}}, {"type": "Feature", "geometry": {"type": "Point", "coordinates": [2.60581421, 48.69060817]}, "properties": {"route": "D50", "pr": "FS", "abs": null, "label": "D50 PRFS"}}, {"type": "Feature", "geometry": {"type": "Point", "coordinates": [2.60282362, 48.70406853]}, "properties": {"route": "D316", "pr": "FS", "abs": null, "label": "D316 PRFS"}}, {"type": "Feature", "geometry": {"type": "Point", "coordinates": [2.60106749, 48.69219253]}, "properties": {"route": "D216", "pr": "FS", "abs": null, "label": "D216 PRFS"}}, {"type": "Feature", "geometry": {"type": "Point", "coordinates": [2.59594324, 48.85489089]}, "properties": {"route": "D226", "pr": "DS", "abs": null, "label": "D226 PRDS"}}, {"type": "Feature", "geometry": {"type": "Point", "coordinates": [2.59594324, 48.85489089]}, "properties": {"route": "D226", "pr": "FS", "abs": null, "label": "D226 PRFS"}}, {"type": "Feature", "geometry": {"type": "Point", "coordinates": [2.60307434, 48.77519139]}, "properties": {"route": "D51", "pr": "FS", "abs": null, "label": "D51 PRFS"}}, {"type": "Feature", "geometry": {"type": "Point", "coordinates": [2.60406529, 48.77551037]}, "properties": {"route": "D1004", "pr": "FS", "abs": null, "label": "D1004 PRFS (G)"}}, {"type": "Feature", "geometry": {"type": "Point", "coordinates": [2.60581421, 48.69060817]}, "properties": {"route": "D50", "pr": "DS", "abs": null, "label": "D50 PRDS"}}, {"type": "Feature", "geometry": {"type": "Point", "coordinates": [2.57796306, 48.84950295]}, "properties": {"route": "D199", "pr": "DS", "abs": null, "label": "D199 PRDS"}}, {"type": "Feature", "geometry": {"type": "Point", "coordinates": [2.60106749, 48.69219253]}, "properties": {"route": "D216", "pr": "FS", "abs": null, "label": "D216 PRFS"}}, {"type": "Feature", "geometry": {"type": "Point", "coordinates": [2.60106749, 48.69219253]}, "properties": {"route": "D216", "pr": "DS", "abs": null, "label": "D216 PRDS"}}, {"type": "Feature", "geometry": {"type": "Point", "coordinates": [2.59000235, 48.85612705]}, "properties": {"route": "D226", "pr": "DS", "abs": null, "label": "D226 PRDS"}}, {"type": "Feature", "geometry": {"type": "Point", "coordinates": [2.59165766, 48.84872578]}, "properties": {"route": "D199", "pr": "DS", "abs": null, "label": "D199 PRDS"}}, {"type": "Feature", "geometry": {"type": "Point", "coordinates": [2.60163965, 48.72960875]}, "properties": {"route": "D51", "pr": "DS", "abs": null, "label": "D51 PRDS"}}, {"type": "Feature", "geometry": {"type": "Point", "coordinates": [2.58668517, 48.85027265]}, "properties": {"route": "D199", "pr": "DS", "abs": null, "label": "D199 PRDS"}}, {"type": "Feature", "geometry": {"type": "Point", "coordinates": [2.5887774, 48.83105005]}, "properties": {"route": "D406", "pr": "FS", "abs": null, "label": "D406 PRFS"}}, {"type": "Feature", "geometry": {"type": "Point", "coordinates": [2.5887774, 48.83105005]}, "properties": {"route": "D406", "pr": "DS", "abs": null, "label": "D406 PRDS"}}, {"type": "Feature", "geometry": {"type": "Point", "coordinates": [2.59594324, 48.85489089]}, "properties": {"route": "D226", "pr": "DS", "abs": null, "label": "D226 PRDS"}}, {"type": "Feature", "geometry": {"type": "Point", "coordinates": [2.58463854, 48.84973406]}, "properties": {"route": "D199", "pr": "DS", "abs": null, "label": "D199 PRDS"}}, {"type": "Feature", "geometry": {"type": "Point", "coordinates": [2.59028926, 48.8560372]}, "properties": {"route": "D226", "pr": "DS", "abs": null, "label": "D226 PRDS"}}, {"type": "Feature", "geometry": {"type": "Point", "coordinates": [2.60589203, 48.69073885]}, "properties": {"route": "D50", "pr": "DS", "abs": null, "label": "D50 PRDS"}}, {"type": "Feature", "geometry": {"type": "Point", "coordinates": [2.58903566, 48.83094931]}, "properties": {"route": "D406", "pr": "FS", "abs": null, "label": "D406 PRFS"}}, {"type": "Feature", "geometry": {"type": "Point", "coordinates": [2.58903566, 48.83094931]}, "properties": {"route": "D406", "pr": "DS", "abs": null, "label": "D406 PRDS"}}, {"type": "Feature", "geometry": {"type": "Point", "coordinates": [2.59000235, 48.85612705]}, "properties": {"route": "D226", "pr": "DS", "abs": null, "label": "D226 PRDS"}}, {"type": "Feature", "geometry": {"type": "Point", "coordinates": [2.57788149, 48.84998381]}, "properties": {"route": "D370", "pr": "DS", "abs": null, "label": "D370 PRDS"}}, {"type": "Feature", "geometry": {"type": "Point", "coordinates": [2.57681232, 48.84991348]}, "properties": {"route": "D199", "pr": "FS", "abs": null, "label": "D199 PRFS (G)"}}, {"type": "Feature", "geometry": {"type": "Point", "coordinates": [2.57681232, 48.84991348]}, "properties": {"route": "D199", "pr": "DS", "abs": null, "label": "D199 PRDS (D)"}}, {"type": "Feature", "geometry": {"type": "Point", "coordinates": [2.60282362, 48.70406853]}, "properties": {"route": "D316", "pr": "DS", "abs": null, "label": "D316 PRDS"}}, {"type": "Feature", "geometry": {"type": "Point", "coordinates": [2.57822566, 48.84887973]}, "properties": {"route": "D370", "pr": "FS", "abs": null, "label": "D370 PRFS (D)"}}, {"type": "Feature", "geometry": {"type": "Point", "coordinates": [2.57822566, 48.84887973]}, "properties": {"route": "D370", "pr": "DS", "abs": null, "label": "D370 PRDS (D)"}}, {"type": "Feature", "geometry": {"type": "Point", "coordinates": [2.59146976, 48.84888072]}, "properties": {"route": "D199", "pr": "DS", "abs": null, "label": "D199 PRDS"}}, {"type": "Feature", "geometry": {"type": "Point", "coordinates": [2.60589203, 48.69073885]}, "properties": {"route": "D50", "pr": "DS", "abs": null, "label": "D50 PRDS"}}, {"type": "Feature", "geometry": {"type": "Point", "coordinates": [2.60133679, 48.69215386]}, "properties": {"route": "D216", "pr": "DS", "abs": null, "label": "D216 PRDS"}}, {"type": "Feature", "geometry": {"type": "Point", "coordinates": [2.59574343, 48.85482187]}, "properties": {"route": "D226", "pr": "FS", "abs": null, "label": "D226 PRFS"}}, {"type": "Feature", "geometry": {"type": "Point", "coordinates": [2.59574343, 48.85482187]}, "properties": {"route": "D226", "pr": "DS", "abs": null, "label": "D226 PRDS"}}, {"type": "Feature", "geometry": {"type": "Point", "coordinates": [2.58622753, 48.77850158]}, "properties": {"route": "D1004", "pr": "DS", "abs": null, "label": "D1004 PRDS (D)"}}, {"type": "Feature", "geometry": {"type": "Point", "coordinates": [2.60254158, 48.70416653]}, "properties": {"route": "D316", "pr": "DS", "abs": null, "label": "D316 PRDS (D)"}}, {"type": "Feature", "geometry": {"type": "Point", "coordinates": [2.57698424, 48.85005439]}, "properties": {"route": "D370", "pr": "0", "abs": 0, "label": "D370 PR0 (D)"}}, {"type": "Feature", "geometry": {"type": "Point", "coordinates": [2.57691993, 48.84991926]}, "properties": {"route": "D199", "pr": "0", "abs": 0, "label": "D199 PR0 (D)"}}, {"type": "Feature", "geometry": {"type": "Point", "coordinates": [2.60436589, 48.84822438]}, "properties": {"route": "D199", "pr": "2", "abs": 2046, "label": "D199 PR2+2046 (D)"}}, {"type": "Feature", "geometry": {"type": "Point", "coordinates": [2.59079137, 48.84885052]}, "properties": {"route": "D199", "pr": "1", "abs": 1041, "label": "D199 PR1+1041 (D)"}}, {"type": "Feature", "geometry": {"type": "Point", "coordinates": [2.58622753, 48.77850158]}, "properties": {"route": "D1004", "pr": "0", "abs": 0, "label": "D1004 PR0 (D)"}}, {"type": "Feature", "geometry": {"type": "Point", "coordinates": [2.59838955, 48.77638273]}, "properties": {"route": "D1004", "pr": "1", "abs": 966, "label": "D1004 PR1+966 (D)"}}, {"type": "Feature", "geometry": {"type": "Point", "coordinates": [2.59895103, 48.70579421]}, "properties": {"route": "D316", "pr": "4", "abs": 4216, "label": "D316 PR4+4216 (D)"}}, {"type": "Feature", "geometry": {"type": "Point", "coordinates": [2.57984279, 48.84470438]}, "properties": {"route": "D370", "pr": "999", "abs": 682, "label": "D370 PR999+682"}}, {"type": "Feature", "geometry": {"type": "Point", "coordinates": [2.59689905, 48.70684325]}, "properties": {"route": "D316", "pr": "999", "abs": 4689, "label": "D316 PR999+4689"}}, {"type": "Feature", "geometry": {"type": "Point", "coordinates": [2.3140132, 48.73401106]}, "properties": {"route": "A6B", "pr": "999", "abs": 1610, "label": "A6B PR999+1610 (G)"}}, {"type": "Feature", "geometry": {"type": "Point", "coordinates": [2.37414151, 48.75345363]}, "properties": {"route": "N186B", "pr": "0", "abs": 0, "label": "N186B PR0 (G)"}}, {"type": "Feature", "geometry": {"type": "Point", "coordinates": [2.51747225, 48.73789677]}, "properties": {"route": "N19", "pr": "19", "abs": 3600, "label": "N19 PR19+3600 (G)"}}, {"type": "Feature", "geometry": {"type": "Point", "coordinates": [2.44098415, 48.78259168]}, "properties": {"route": "N406", "pr": "0", "abs": 0, "label": "N406 PR0 (G)"}}, {"type": "Feature", "geometry": {"type": "Point", "coordinates": [2.4931842, 48.76176039]}, "properties": {"route": "N406", "pr": "999", "abs": 5366, "label": "N406 PR999+5366 (G)"}}, {"type": "Feature", "geometry": {"type": "Point", "coordinates": [2.54789323, 48.83662778]}, "properties": {"route": "A4", "pr": "12", "abs": 0, "label": "A4 PR12 (G)"}}, {"type": "Feature", "geometry": {"type": "Point", "coordinates": [2.58668519, 48.83446397]}, "properties": {"route": "A4", "pr": "15", "abs": 0, "label": "A4 PR15 (G)"}}, {"type": "Feature", "geometry": {"type": "Point", "coordinates": [2.31440194, 48.76199041]}, "properties": {"route": "A86", "pr": "52", "abs": 11828, "label": "A86 PR52+11828 (G)"}}, {"type": "Feature", "geometry": {"type": "Point", "coordinates": [2.48409704, 48.86122757]}, "properties": {"route": "A86", "pr": "29", "abs": 0, "label": "A86 PR29 (G)"}}, {"type": "Feature", "geometry": {"type": "Point", "coordinates": [2.59627109, 48.68838515]}, "properties": {"route": "N104", "pr": "17", "abs": 17188, "label": "N104 PR17+17188 (G)"}}, {"type": "Feature", "geometry": {"type": "Point", "coordinates": [2.59955086, 48.72665432]}, "properties": {"route": "N104", "pr": "13", "abs": 12798, "label": "N104 PR13+12798 (G)"}}, {"type": "Feature", "geometry": {"type": "Point", "coordinates": [2.59898484, 48.70882637]}, "properties": {"route": "N104", "pr": "15", "abs": 14828, "label": "N104 PR15+14828 (G)"}}, {"type": "Feature", "geometry": {"type": "Point", "coordinates": [2.59610151, 48.70312582]}, "properties": {"route": "N104", "pr": "16", "abs": 15506, "label": "N104 PR16+15506 (G)"}}, {"type": "Feature", "geometry": {"type": "Point", "coordinates": [2.59929246, 48.7172723]}, "properties": {"route": "N104", "pr": "14", "abs": 13882, "label": "N104 PR14+13882 (G)"}}, {"type": "Feature", "geometry": {"type": "Point", "coordinates": [2.32571427, 48.74608174]}, "properties": {"route": "A6B", "pr": "0", "abs": 0, "label": "A6B PR0 (G)"}}, {"type": "Feature", "geometry": {"type": "Point", "coordinates": [2.35965266, 48.81608353]}, "properties": {"route": "A6B", "pr": "0", "abs": 0, "label": "A6B PR0 (G)"}}, {"type": "Feature", "geometry": {"type": "Point", "coordinates": [2.52178294, 48.73283861]}, "properties": {"route": "N19", "pr": "19", "abs": 4240, "label": "N19 PR19+4240 (G)"}}, {"type": "Feature", "geometry": {"type": "Point", "coordinates": [2.54157602, 48.72754573]}, "properties": {"route": "N19", "pr": "21", "abs": 5212, "label": "N19 PR21+5212 (G)"}}, {"type": "Feature", "geometry": {"type": "Point", "coordinates": [2.52936559, 48.72819258]}, "properties": {"route": "N19", "pr": "20", "abs": 4240, "label": "N19 PR20+4240 (G)"}}, {"type": "Feature", "geometry": {"type": "Point", "coordinates": [2.49426459, 48.76314377]}, "properties": {"route": "N19", "pr": "0", "abs": 0, "label": "N19 PR0 (G)"}}, {"type": "Feature", "geometry": {"type": "Point", "coordinates": [2.43883542, 48.77649173]}, "properties": {"route": "N6", "pr": "13", "abs": 659, "label": "N6 PR13+659 (G)"}}, {"type": "Feature", "geometry": {"type": "Point", "coordinates": [2.43974966, 48.77271131]}, "properties": {"route": "N6", "pr": "13", "abs": 659, "label": "N6 PR13+659 (G)"}}, {"type": "Feature", "geometry": {"type": "Point", "coordinates": [2.44437154, 48.72367712]}, "properties": {"route": "N6", "pr": "19", "abs": 5443, "label": "N6 PR19+5443 (G)"}}, {"type": "Feature", "geometry": {"type": "Point", "coordinates": [2.44682777, 48.73230701]}, "properties": {"route": "N6", "pr": "18", "abs": 5168, "label": "N6 PR18+5168 (G)"}}, {"type": "Feature", "geometry": {"type": "Point", "coordinates": [2.44308584, 48.72096739]}, "properties": {"route": "N6", "pr": "0", "abs": 0, "label": "N6 PR0 (G)"}}, {"type": "Feature", "geometry": {"type": "Point", "coordinates": [2.44298307, 48.72091564]}, "properties": {"route": "N6", "pr": "0", "abs": 0, "label": "N6 PR0 (D)"}}, {"type": "Feature", "geometry": {"type": "Point", "coordinates": [2.44459861, 48.72584675]}, "properties": {"route": "N6", "pr": "18", "abs": 6232, "label": "N6 PR18+6232 (D)"}}, {"type": "Feature", "geometry": {"type": "Point", "coordinates": [2.44459861, 48.72584675]}, "properties": {"route": "N6", "pr": "18", "abs": 5443, "label": "N6 PR18+5443 (G)"}}, {"type": "Feature", "geometry": {"type": "Point", "coordinates": [2.44695183, 48.72957958]}, "properties": {"route": "N6", "pr": "18", "abs": 5168, "label": "N6 PR18+5168 (G)"}}, {"type": "Feature", "geometry": {"type": "Point", "coordinates": [2.3414451, 48.75542474]}, "properties": {"route": "N186", "pr": "49", "abs": 2719, "label": "N186 PR49+2719 (G)"}}, {"type": "Feature", "geometry": {"type": "Point", "coordinates": [2.48022902, 48.82895655]}, "properties": {"route": "A86", "pr": "33", "abs": 4449, "label": "A86 PR33+4449 (G)"}}, {"type": "Feature", "geometry": {"type": "Point", "coordinates": [2.37806117, 48.75327084]}, "properties": {"route": "A86", "pr": "47", "abs": 16202, "label": "A86 PR47+16202 (G)"}}, {"type": "Feature", "geometry": {"type": "Point", "coordinates": [2.45850384, 48.81920904]}, "properties": {"route": "A86", "pr": "35", "abs": 4449, "label": "A86 PR35+4449 (G)"}}, {"type": "Feature", "geometry": {"type": "Point", "coordinates": [2.3414451, 48.75542474]}, "properties": {"route": "A86", "pr": "50", "abs": 16202, "label": "A86 PR50+16202 (G)"}}, {"type": "Feature", "geometry": {"type": "Point", "coordinates": [2.32199453, 48.74252046]}, "properties": {"route": "A10", "pr": "0", "abs": 0, "label": "A10 PR0 (G)"}}, {"type": "Feature", "geometry": {"type": "Point", "coordinates": [2.33356048, 48.75609245]}, "properties": {"route": "N186B", "pr": "50", "abs": 1423, "label": "N186B PR50+1423 (G)"}}, {"type": "Feature", "geometry": {"type": "Point", "coordinates": [2.35463896, 48.75363135]}, "properties": {"route": "N186B", "pr": "48", "abs": 1423, "label": "N186B PR48+1423 (G)"}}, {"type": "Feature", "geometry": {"type": "Point", "coordinates": [2.49907685, 48.72994014]}, "properties": {"route": "D94", "pr": "DS", "abs": null, "label": "D94 PRDS"}}, {"type": "Feature", "geometry": {"type": "Point", "coordinates": [2.43856957, 48.77679088]}, "properties": {"route": "N6", "pr": "13", "abs": 560, "label": "N6 PR13+560 (D)"}}, {"type": "Feature", "geometry": {"type": "Point", "coordinates": [2.44476512, 48.72399466]}, "properties": {"route": "N6", "pr": "19", "abs": 6527, "label": "N6 PR19+6527"}}, {"type": "Feature", "geometry": {"type": "Point", "coordinates": [2.44681712, 48.73254262]}, "properties": {"route": "N6", "pr": "18", "abs": 5532, "label": "N6 PR18+5532 (D)"}}, {"type": "Feature", "geometry": {"type": "Point", "coordinates": [2.44088033, 48.76802077]}, "properties": {"route": "N6", "pr": "14", "abs": 1553, "label": "N6 PR14+1553 (D)"}}, {"type": "Feature", "geometry": {"type": "Point", "coordinates": [2.44659732, 48.74148201]}, "properties": {"route": "N6", "pr": "17", "abs": 4538, "label": "N6 PR17+4538 (D)"}}, {"type": "Feature", "geometry": {"type": "Point", "coordinates": [2.44335712, 48.75840588]}, "properties": {"route": "N6", "pr": "15", "abs": 2634, "label": "N6 PR15+2634 (D)"}}, {"type": "Feature", "geometry": {"type": "Point", "coordinates": [2.4454164, 48.75036651]}, "properties": {"route": "N6", "pr": "16", "abs": 3543, "label": "N6 PR16+3543 (D)"}}, {"type": "Feature", "geometry": {"type": "Point", "coordinates": [2.43725, 48.78192388]}, "properties": {"route": "N6", "pr": "12", "abs": 0, "label": "N6 PR12 (D)"}}, {"type": "Feature", "geometry": {"type": "Point", "coordinates": [2.45633755, 48.81811007]}, "properties": {"route": "A4", "pr": "5", "abs": 5043, "label": "A4 PR5+5043 (D)"}}, {"type": "Feature", "geometry": {"type": "Point", "coordinates": [2.44339714, 48.81704413]}, "properties": {"route": "A4", "pr": "4", "abs": 4024, "label": "A4 PR4+4024 (D)"}}, {"type": "Feature", "geometry": {"type": "Point", "coordinates": [2.42989462, 48.81724043]}, "properties": {"route": "A4", "pr": "3", "abs": 3022, "label": "A4 PR3+3022 (D)"}}, {"type": "Feature", "geometry": {"type": "Point", "coordinates": [2.50260545, 48.82827196]}, "properties": {"route": "A4", "pr": "9", "abs": 9050, "label": "A4 PR9+9050 (D)"}}, {"type": "Feature", "geometry": {"type": "Point", "coordinates": [2.48961074, 48.83017692]}, "properties": {"route": "A4", "pr": "8", "abs": 8051, "label": "A4 PR8+8051 (D)"}}, {"type": "Feature", "geometry": {"type": "Point", "coordinates": [2.41619016, 48.81733799]}, "properties": {"route": "A4", "pr": "2", "abs": 2018, "label": "A4 PR2+2018 (D)"}}, {"type": "Feature", "geometry": {"type": "Point", "coordinates": [2.53847314, 48.83515104]}, "properties": {"route": "A4", "pr": "12", "abs": 12081, "label": "A4 PR12+12081 (D)"}}, {"type": "Feature", "geometry": {"type": "Point", "coordinates": [2.40336614, 48.81987209]}, "properties": {"route": "A4", "pr": "1", "abs": 1000, "label": "A4 PR1+1000 (D)"}}, {"type": "Feature", "geometry": {"type": "Point", "coordinates": [2.46389012, 48.82505583]}, "properties": {"route": "A4", "pr": "6", "abs": 6048, "label": "A4 PR6+6048 (D)"}}, {"type": "Feature", "geometry": {"type": "Point", "coordinates": [2.51579269, 48.82650488]}, "properties": {"route": "A4", "pr": "10", "abs": 10059, "label": "A4 PR10+10059 (D)"}}, {"type": "Feature", "geometry": {"type": "Point", "coordinates": [2.47632716, 48.82846737]}, "properties": {"route": "A4", "pr": "7", "abs": 7047, "label": "A4 PR7+7047 (D)"}}, {"type": "Feature", "geometry": {"type": "Point", "coordinates": [2.5281064, 48.82905072]}, "properties": {"route": "A4", "pr": "11", "abs": 11081, "label": "A4 PR11+11081 (D)"}}, {"type": "Feature", "geometry": {"type": "Point", "coordinates": [2.34390167, 48.79104624]}, "properties": {"route": "A6B", "pr": "3", "abs": 3482, "label": "A6B PR3+3482 (D)"}}, {"type": "Feature", "geometry": {"type": "Point", "coordinates": [2.33482803, 48.75718063]}, "properties": {"route": "A6B", "pr": "7", "abs": 7485, "label": "A6B PR7+7485 (D)"}}, {"type": "Feature", "geometry": {"type": "Point", "coordinates": [2.34537417, 48.77328104]}, "properties": {"route": "A6B", "pr": "5", "abs": 5487, "label": "A6B PR5+5487 (D)"}}, {"type": "Feature", "geometry": {"type": "Point", "coordinates": [2.34212274, 48.76469169]}, "properties": {"route": "A6B", "pr": "6", "abs": 6487, "label": "A6B PR6+6487 (D)"}}, {"type": "Feature", "geometry": {"type": "Point", "coordinates": [2.34645163, 48.78221274]}, "properties": {"route": "A6B", "pr": "4", "abs": 4487, "label": "A6B PR4+4487 (D)"}}, {"type": "Feature", "geometry": {"type": "Point", "coordinates": [2.36128321, 48.81627393]}, "properties": {"route": "A6B", "pr": "0", "abs": 0, "label": "A6B PR0 (D)"}}, {"type": "Feature", "geometry": {"type": "Point", "coordinates": [2.32011174, 48.74204474]}, "properties": {"route": "A6B", "pr": "9", "abs": 582, "label": "A6B PR9+582 (D)"}}, {"type": "Feature", "geometry": {"type": "Point", "coordinates": [2.32779618, 48.7495941]}, "properties": {"route": "A6B", "pr": "8", "abs": 8491, "label": "A6B PR8+8491 (D)"}}, {"type": "Feature", "geometry": {"type": "Point", "coordinates": [2.34739242, 48.80797582]}, "properties": {"route": "A6B", "pr": "1", "abs": 1475, "label": "A6B PR1+1475 (D)"}}, {"type": "Feature", "geometry": {"type": "Point", "coordinates": [2.3436162, 48.79988758]}, "properties": {"route": "A6B", "pr": "2", "abs": 2475, "label": "A6B PR2+2475 (D)"}}, {"type": "Feature", "geometry": {"type": "Point", "coordinates": [2.34012611, 48.80822913]}, "properties": {"route": "A6A", "pr": "1", "abs": 1340, "label": "A6A PR1+1340 (D)"}}, {"type": "Feature", "geometry": {"type": "Point", "coordinates": [2.34666647, 48.7822283]}, "properties": {"route": "A6A", "pr": "4", "abs": 4355, "label": "A6A PR4+4355 (D)"}}, {"type": "Feature", "geometry": {"type": "Point", "coordinates": [2.34411285, 48.79092238]}, "properties": {"route": "A6A", "pr": "3", "abs": 3350, "label": "A6A PR3+3350 (D)"}}, {"type": "Feature", "geometry": {"type": "Point", "coordinates": [2.34250487, 48.76459756]}, "properties": {"route": "A6A", "pr": "6", "abs": 6360, "label": "A6A PR6+6360 (D)"}}, {"type": "Feature", "geometry": {"type": "Point", "coordinates": [2.34224439, 48.79952118]}, "properties": {"route": "A6A", "pr": "2", "abs": 2345, "label": "A6A PR2+2345 (D)"}}, {"type": "Feature", "geometry": {"type": "Point", "coordinates": [2.33500306, 48.75710965]}, "properties": {"route": "A6A", "pr": "7", "abs": 7365, "label": "A6A PR7+7365 (D)"}}, {"type": "Feature", "geometry": {"type": "Point", "coordinates": [2.34566992, 48.77324399]}, "properties": {"route": "A6A", "pr": "5", "abs": 5360, "label": "A6A PR5+5360 (D)"}}, {"type": "Feature", "geometry": {"type": "Point", "coordinates": [2.32796586, 48.74940887]}, "properties": {"route": "A6A", "pr": "8", "abs": 8370, "label": "A6A PR8+8370 (D)"}}, {"type": "Feature", "geometry": {"type": "Point", "coordinates": [2.32512515, 48.74630956]}, "properties": {"route": "A6A", "pr": "999", "abs": 8784, "label": "A6A PR999+8784 (D)"}}, {"type": "Feature", "geometry": {"type": "Point", "coordinates": [2.33287765, 48.81825845]}, "properties": {"route": "A6A", "pr": "0", "abs": 0, "label": "A6A PR0 (D)"}}, {"type": "Feature", "geometry": {"type": "Point", "coordinates": [2.59200147, 48.83353071]}, "properties": {"route": "A4", "pr": "16", "abs": 400, "label": "A4 PR16+400 (D)"}}, {"type": "Feature", "geometry": {"type": "Point", "coordinates": [2.55189097, 48.8362525]}, "properties": {"route": "A4", "pr": "13", "abs": 300, "label": "A4 PR13+300 (D)"}}, {"type": "Feature", "geometry": {"type": "Point", "coordinates": [2.56528481, 48.83555817]}, "properties": {"route": "A4", "pr": "14", "abs": 1300, "label": "A4 PR14+1300 (D)"}}, {"type": "Feature", "geometry": {"type": "Point", "coordinates": [2.60503022, 48.83105086]}, "properties": {"route": "A4", "pr": "17", "abs": 1400, "label": "A4 PR17+1400 (D)"}}, {"type": "Feature", "geometry": {"type": "Point", "coordinates": [2.57875325, 48.8348599]}, "properties": {"route": "A4", "pr": "15", "abs": 2300, "label": "A4 PR15+2300 (D)"}}, {"type": "Feature", "geometry": {"type": "Point", "coordinates": [2.30930098, 48.71596861]}, "properties": {"route": "A6", "pr": "12", "abs": 3585, "label": "A6 PR12+3585 (D)"}}, {"type": "Feature", "geometry": {"type": "Point", "coordinates": [2.31255305, 48.72469689]}, "properties": {"route": "A6", "pr": "11", "abs": 2587, "label": "A6 PR11+2587 (D)"}}, {"type": "Feature", "geometry": {"type": "Point", "coordinates": [2.31581289, 48.73343404]}, "properties": {"route": "A6", "pr": "10", "abs": 1592, "label": "A6 PR10+1592 (D)"}}, {"type": "Feature", "geometry": {"type": "Point", "coordinates": [2.31153996, 48.69964893]}, "properties": {"route": "A6", "pr": "14", "abs": 5585, "label": "A6 PR14+5585 (D)"}}, {"type": "Feature", "geometry": {"type": "Point", "coordinates": [2.32512515, 48.74630956]}, "properties": {"route": "A6", "pr": "0", "abs": 0, "label": "A6 PR0 (D)"}}, {"type": "Feature", "geometry": {"type": "Point", "coordinates": [2.48323025, 48.82974841]}, "properties": {"route": "A86", "pr": "33", "abs": 4138, "label": "A86 PR33+4138 (D)"}}, {"type": "Feature", "geometry": {"type": "Point", "coordinates": [2.44875238, 48.80773969]}, "properties": {"route": "A86", "pr": "37", "abs": 5827, "label": "A86 PR37+5827 (D)"}}, {"type": "Feature", "geometry": {"type": "Point", "coordinates": [2.4510807, 48.8161569]}, "properties": {"route": "A86", "pr": "36", "abs": 4837, "label": "A86 PR36+4837 (D)"}}, {"type": "Feature", "geometry": {"type": "Point", "coordinates": [2.43376346, 48.77638056]}, "properties": {"route": "A86", "pr": "41", "abs": 9828, "label": "A86 PR41+9828 (D)"}}, {"type": "Feature", "geometry": {"type": "Point", "coordinates": [2.44083365, 48.78190293]}, "properties": {"route": "A86", "pr": "40", "abs": 8843, "label": "A86 PR40+8843 (D)"}}, {"type": "Feature", "geometry": {"type": "Point", "coordinates": [2.49324712, 48.83445894]}, "properties": {"route": "A86", "pr": "32", "abs": 3138, "label": "A86 PR32+3138 (D)"}}, {"type": "Feature", "geometry": {"type": "Point", "coordinates": [2.42022728, 48.77662953]}, "properties": {"route": "A86", "pr": "42", "abs": 10825, "label": "A86 PR42+10825 (D)"}}, {"type": "Feature", "geometry": {"type": "Point", "coordinates": [2.38117664, 48.77009546]}, "properties": {"route": "A86", "pr": "45", "abs": 13830, "label": "A86 PR45+13830 (D)"}}, {"type": "Feature", "geometry": {"type": "Point", "coordinates": [2.48969778, 48.85203965]}, "properties": {"route": "A86", "pr": "30", "abs": 1133, "label": "A86 PR30+1133 (D)"}}, {"type": "Feature", "geometry": {"type": "Point", "coordinates": [2.4405963, 48.79109458]}, "properties": {"route": "A86", "pr": "39", "abs": 7837, "label": "A86 PR39+7837 (D)"}}, {"type": "Feature", "geometry": {"type": "Point", "coordinates": [2.4454187, 48.7991954]}, "properties": {"route": "A86", "pr": "38", "abs": 6837, "label": "A86 PR38+6837 (D)"}}, {"type": "Feature", "geometry": {"type": "Point", "coordinates": [2.4926641, 48.84313164]}, "properties": {"route": "A86", "pr": "31", "abs": 2137, "label": "A86 PR31+2137 (D)"}}, {"type": "Feature", "geometry": {"type": "Point", "coordinates": [2.38168791, 48.76208427]}, "properties": {"route": "A86", "pr": "46", "abs": 14853, "label": "A86 PR46+14853 (D)"}}, {"type": "Feature", "geometry": {"type": "Point", "coordinates": [2.39452172, 48.77188443]}, "properties": {"route": "A86", "pr": "44", "abs": 12830, "label": "A86 PR44+12830 (D)"}}, {"type": "Feature", "geometry": {"type": "Point", "coordinates": [2.32816397, 48.75769108]}, "properties": {"route": "A86", "pr": "51", "abs": 17076, "label": "A86 PR51+17076 (D)"}}, {"type": "Feature", "geometry": {"type": "Point", "coordinates": [2.38105568, 48.75424879]}, "properties": {"route": "A86", "pr": "47", "abs": 15839, "label": "A86 PR47+15839 (D)"}}, {"type": "Feature", "geometry": {"type": "Point", "coordinates": [2.40788124, 48.77415945]}, "properties": {"route": "A86", "pr": "43", "abs": 11802, "label": "A86 PR43+11802 (D)"}}, {"type": "Feature", "geometry": {"type": "Point", "coordinates": [2.36790638, 48.75377516]}, "properties": {"route": "N186", "pr": "48", "abs": 748, "label": "N186 PR48+748 (D)"}}, {"type": "Feature", "geometry": {"type": "Point", "coordinates": [2.35426909, 48.75384161]}, "properties": {"route": "N186", "pr": "49", "abs": 1747, "label": "N186 PR49+1747 (D)"}}, {"type": "Feature", "geometry": {"type": "Point", "coordinates": [2.3780773, 48.75340134]}, "properties": {"route": "N186", "pr": "0", "abs": 0, "label": "N186 PR0 (D)"}}, {"type": "Feature", "geometry": {"type": "Point", "coordinates": [2.38031176, 48.75423773]}, "properties": {"route": "N186B", "pr": "0", "abs": 0, "label": "N186B PR0 (D)"}}, {"type": "Feature", "geometry": {"type": "Point", "coordinates": [2.36825963, 48.75392184]}, "properties": {"route": "N186B", "pr": "48", "abs": 895, "label": "N186B PR48+895 (D)"}}, {"type": "Feature", "geometry": {"type": "Point", "coordinates": [2.32952086, 48.75743068]}, "properties": {"route": "N186B", "pr": "999", "abs": 2103, "label": "N186B PR999+2103 (D)"}}, {"type": "Feature", "geometry": {"type": "Point", "coordinates": [2.3496785, 48.75644304]}, "properties": {"route": "A106", "pr": "7", "abs": 1665, "label": "A106 PR7+1665 (D)"}}, {"type": "Feature", "geometry": {"type": "Point", "coordinates": [2.35710073, 48.74890281]}, "properties": {"route": "A106", "pr": "8", "abs": 2665, "label": "A106 PR8+2665 (D)"}}, {"type": "Feature", "geometry": {"type": "Point", "coordinates": [2.34505911, 48.77073666]}, "properties": {"route": "A106", "pr": "5", "abs": 0, "label": "A106 PR5 (D)"}}, {"type": "Feature", "geometry": {"type": "Point", "coordinates": [2.36181424, 48.74361601]}, "properties": {"route": "A106", "pr": "999", "abs": 3385, "label": "A106 PR999+3385 (D)"}}, {"type": "Feature", "geometry": {"type": "Point", "coordinates": [2.53739681, 48.7273902]}, "properties": {"route": "N19", "pr": "21", "abs": 5642, "label": "N19 PR21+5642 (D)"}}, {"type": "Feature", "geometry": {"type": "Point", "coordinates": [2.46999321, 48.75863858]}, "properties": {"route": "N406", "pr": "4", "abs": 4031, "label": "N406 PR4+4031 (D)"}}, {"type": "Feature", "geometry": {"type": "Point", "coordinates": [2.44003352, 48.78569735]}, "properties": {"route": "N406", "pr": "0", "abs": 0, "label": "N406 PR0 (D)"}}, {"type": "Feature", "geometry": {"type": "Point", "coordinates": [2.44231731, 48.77666273]}, "properties": {"route": "N406", "pr": "1", "abs": 1003, "label": "N406 PR1+1003 (D)"}}, {"type": "Feature", "geometry": {"type": "Point", "coordinates": [2.4493956, 48.76938247]}, "properties": {"route": "N406", "pr": "2", "abs": 2014, "label": "N406 PR2+2014 (D)"}}, {"type": "Feature", "geometry": {"type": "Point", "coordinates": [2.461005, 48.7648619]}, "properties": {"route": "N406", "pr": "3", "abs": 3026, "label": "N406 PR3+3026 (D)"}}, {"type": "Feature", "geometry": {"type": "Point", "coordinates": [2.48201171, 48.75852762]}, "properties": {"route": "N406", "pr": "5", "abs": 5036, "label": "N406 PR5+5036 (D)"}}, {"type": "Feature", "geometry": {"type": "Point", "coordinates": [2.49410592, 48.83552742]}, "properties": {"route": "N486", "pr": "999", "abs": 599, "label": "N486 PR999+599 (D)"}}, {"type": "Feature", "geometry": {"type": "Point", "coordinates": [2.49331074, 48.83015668]}, "properties": {"route": "N486", "pr": "0", "abs": 0, "label": "N486 PR0 (D)"}}, {"type": "Feature", "geometry": {"type": "Point", "coordinates": [2.36969843, 48.7257805]}, "properties": {"route": "N7", "pr": "3", "abs": 931, "label": "N7 PR3+931 (G)"}}, {"type": "Feature", "geometry": {"type": "Point", "coordinates": [2.3708363, 48.71697993]}, "properties": {"route": "N7", "pr": "4", "abs": 1929, "label": "N7 PR4+1929 (D)"}}, {"type": "Feature", "geometry": {"type": "Point", "coordinates": [2.37101304, 48.71697726]}, "properties": {"route": "N7", "pr": "4", "abs": 1929, "label": "N7 PR4+1929 (G)"}}, {"type": "Feature", "geometry": {"type": "Point", "coordinates": [2.36629827, 48.73385125]}, "properties": {"route": "N7", "pr": "2", "abs": 0, "label": "N7 PR2 (G)"}}, {"type": "Feature", "geometry": {"type": "Point", "coordinates": [2.36618973, 48.73383179]}, "properties": {"route": "N7", "pr": "2", "abs": 0, "label": "N7 PR2 (D)"}}, {"type": "Feature", "geometry": {"type": "Point", "coordinates": [2.30951893, 48.71593299]}, "properties": {"route": "A6", "pr": "12", "abs": 3588, "label": "A6 PR12+3588 (G)"}}, {"type": "Feature", "geometry": {"type": "Point", "coordinates": [2.31276286, 48.72466302]}, "properties": {"route": "A6", "pr": "11", "abs": 2585, "label": "A6 PR11+2585 (G)"}}, {"type": "Feature", "geometry": {"type": "Point", "coordinates": [2.3210899, 48.69284962]}, "properties": {"route": "A6", "pr": "15", "abs": 6584, "label": "A6 PR15+6584 (G)"}}, {"type": "Feature", "geometry": {"type": "Point", "coordinates": [2.31597911, 48.73340801]}, "properties": {"route": "A6", "pr": "10", "abs": 1581, "label": "A6 PR10+1581 (G)"}}, {"type": "Feature", "geometry": {"type": "Point", "coordinates": [2.31169893, 48.69975329]}, "properties": {"route": "A6", "pr": "14", "abs": 5589, "label": "A6 PR14+5589 (G)"}}, {"type": "Feature", "geometry": {"type": "Point", "coordinates": [2.32070848, 48.74143921]}, "properties": {"route": "A6", "pr": "9", "abs": 590, "label": "A6 PR9+590 (D)"}}, {"type": "Feature", "geometry": {"type": "Point", "coordinates": [2.32087795, 48.74137452]}, "properties": {"route": "A6", "pr": "9", "abs": 589, "label": "A6 PR9+589 (G)"}}, {"type": "Feature", "geometry": {"type": "Point", "coordinates": [2.32094255, 48.69279212]}, "properties": {"route": "A6", "pr": "15", "abs": 6585, "label": "A6 PR15+6585 (D)"}}, {"type": "Feature", "geometry": {"type": "Point", "coordinates": [2.3403185, 48.80830574]}, "properties": {"route": "A6A", "pr": "1", "abs": 1340, "label": "A6A PR1+1340 (G)"}}, {"type": "Feature", "geometry": {"type": "Point", "coordinates": [2.34689103, 48.78222863]}, "properties": {"route": "A6A", "pr": "4", "abs": 4359, "label": "A6A PR4+4359 (G)"}}, {"type": "Feature", "geometry": {"type": "Point", "coordinates": [2.34433761, 48.79091012]}, "properties": {"route": "A6A", "pr": "3", "abs": 3356, "label": "A6A PR3+3356 (G)"}}, {"type": "Feature", "geometry": {"type": "Point", "coordinates": [2.34269738, 48.76454375]}, "properties": {"route": "A6A", "pr": "6", "abs": 6374, "label": "A6A PR6+6374 (G)"}}, {"type": "Feature", "geometry": {"type": "Point", "coordinates": [2.34244798, 48.79957087]}, "properties": {"route": "A6A", "pr": "2", "abs": 2347, "label": "A6A PR2+2347 (G)"}}, {"type": "Feature", "geometry": {"type": "Point", "coordinates": [2.33518913, 48.75702614]}, "properties": {"route": "A6A", "pr": "7", "abs": 7383, "label": "A6A PR7+7383 (G)"}}, {"type": "Feature", "geometry": {"type": "Point", "coordinates": [2.34588234, 48.77323256]}, "properties": {"route": "A6A", "pr": "5", "abs": 5365, "label": "A6A PR5+5365 (G)"}}, {"type": "Feature", "geometry": {"type": "Point", "coordinates": [2.32814222, 48.7493388]}, "properties": {"route": "A6A", "pr": "8", "abs": 8392, "label": "A6A PR8+8392 (G)"}}, {"type": "Feature", "geometry": {"type": "Point", "coordinates": [2.51503058, 48.74779498]}, "properties": {"route": "N19", "pr": "18", "abs": 2400, "label": "N19 PR18+2400 (G)"}}, {"type": "Feature", "geometry": {"type": "Point", "coordinates": [2.50838935, 48.75487415]}, "properties": {"route": "N19", "pr": "17", "abs": 1400, "label": "N19 PR17+1400 (G)"}}, {"type": "Feature", "geometry": {"type": "Point", "coordinates": [2.49808198, 48.76060733]}, "properties": {"route": "N19", "pr": "16", "abs": 400, "label": "N19 PR16+400 (G)"}}, {"type": "Feature", "geometry": {"type": "Point", "coordinates": [2.537449, 48.72748484]}, "properties": {"route": "N19", "pr": "21", "abs": 4852, "label": "N19 PR21+4852 (G)"}}, {"type": "Feature", "geometry": {"type": "Point", "coordinates": [2.36812534, 48.75366569]}, "properties": {"route": "N186", "pr": "48", "abs": 725, "label": "N186 PR48+725 (G)"}}, {"type": "Feature", "geometry": {"type": "Point", "coordinates": [2.35437888, 48.75365333]}, "properties": {"route": "N186", "pr": "49", "abs": 1724, "label": "N186 PR49+1724 (G)"}}, {"type": "Feature", "geometry": {"type": "Point", "coordinates": [2.43875167, 48.77681422]}, "properties": {"route": "N6", "pr": "13", "abs": 560, "label": "N6 PR13+560 (G)"}}, {"type": "Feature", "geometry": {"type": "Point", "coordinates": [2.44681717, 48.73253812]}, "properties": {"route": "N6", "pr": "18", "abs": 5153, "label": "N6 PR18+5153 (G)"}}, {"type": "Feature", "geometry": {"type": "Point", "coordinates": [2.44096866, 48.76803018]}, "properties": {"route": "N6", "pr": "14", "abs": 1174, "label": "N6 PR14+1174 (G)"}}, {"type": "Feature", "geometry": {"type": "Point", "coordinates": [2.44670203, 48.7414825]}, "properties": {"route": "N6", "pr": "17", "abs": 4159, "label": "N6 PR17+4159 (G)"}}, {"type": "Feature", "geometry": {"type": "Point", "coordinates": [2.44349032, 48.75841639]}, "properties": {"route": "N6", "pr": "15", "abs": 2255, "label": "N6 PR15+2255 (G)"}}, {"type": "Feature", "geometry": {"type": "Point", "coordinates": [2.44552372, 48.7503787]}, "properties": {"route": "N6", "pr": "16", "abs": 3164, "label": "N6 PR16+3164 (G)"}}, {"type": "Feature", "geometry": {"type": "Point", "coordinates": [2.47012078, 48.75866883]}, "properties": {"route": "N406", "pr": "4", "abs": 3623, "label": "N406 PR4+3623 (G)"}}, {"type": "Feature", "geometry": {"type": "Point", "coordinates": [2.44317969, 48.77657232]}, "properties": {"route": "N406", "pr": "1", "abs": 707, "label": "N406 PR1+707 (G)"}}, {"type": "Feature", "geometry": {"type": "Point", "coordinates": [2.44959702, 48.76950751]}, "properties": {"route": "N406", "pr": "2", "abs": 1620, "label": "N406 PR2+1620 (G)"}}, {"type": "Feature", "geometry": {"type": "Point", "coordinates": [2.46110138, 48.76501523]}, "properties": {"route": "N406", "pr": "3", "abs": 2621, "label": "N406 PR3+2621 (G)"}}, {"type": "Feature", "geometry": {"type": "Point", "coordinates": [2.48195573, 48.75868567]}, "properties": {"route": "N406", "pr": "5", "abs": 4586, "label": "N406 PR5+4586 (G)"}}, {"type": "Feature", "geometry": {"type": "Point", "coordinates": [2.45627327, 48.81826627]}, "properties": {"route": "A4", "pr": "5", "abs": 4998, "label": "A4 PR5+4998 (G)"}}, {"type": "Feature", "geometry": {"type": "Point", "coordinates": [2.44351514, 48.81721736]}, "properties": {"route": "A4", "pr": "4", "abs": 4006, "label": "A4 PR4+4006 (G)"}}, {"type": "Feature", "geometry": {"type": "Point", "coordinates": [2.4299214, 48.81740695]}, "properties": {"route": "A4", "pr": "3", "abs": 3000, "label": "A4 PR3+3000 (G)"}}, {"type": "Feature", "geometry": {"type": "Point", "coordinates": [2.59206167, 48.83367122]}, "properties": {"route": "A4", "pr": "16", "abs": 400, "label": "A4 PR16+400 (G)"}}, {"type": "Feature", "geometry": {"type": "Point", "coordinates": [2.50281516, 48.82842123]}, "properties": {"route": "A4", "pr": "9", "abs": 9035, "label": "A4 PR9+9035 (G)"}}, {"type": "Feature", "geometry": {"type": "Point", "coordinates": [2.55189354, 48.83642878]}, "properties": {"route": "A4", "pr": "13", "abs": 300, "label": "A4 PR13+300 (G)"}}, {"type": "Feature", "geometry": {"type": "Point", "coordinates": [2.48969079, 48.83034904]}, "properties": {"route": "A4", "pr": "8", "abs": 8025, "label": "A4 PR8+8025 (G)"}}, {"type": "Feature", "geometry": {"type": "Point", "coordinates": [2.56524534, 48.83571721]}, "properties": {"route": "A4", "pr": "14", "abs": 1300, "label": "A4 PR14+1300 (G)"}}, {"type": "Feature", "geometry": {"type": "Point", "coordinates": [2.41621541, 48.81763671]}, "properties": {"route": "A4", "pr": "2", "abs": 1994, "label": "A4 PR2+1994 (G)"}}, {"type": "Feature", "geometry": {"type": "Point", "coordinates": [2.53836285, 48.83529811]}, "properties": {"route": "A4", "pr": "12", "abs": 12032, "label": "A4 PR12+12032 (G)"}}, {"type": "Feature", "geometry": {"type": "Point", "coordinates": [2.40351837, 48.82001855]}, "properties": {"route": "A4", "pr": "1", "abs": 997, "label": "A4 PR1+997 (G)"}}, {"type": "Feature", "geometry": {"type": "Point", "coordinates": [2.46378903, 48.82521726]}, "properties": {"route": "A4", "pr": "6", "abs": 5999, "label": "A4 PR6+5999 (G)"}}, {"type": "Feature", "geometry": {"type": "Point", "coordinates": [2.51611821, 48.82665459]}, "properties": {"route": "A4", "pr": "10", "abs": 10035, "label": "A4 PR10+10035 (G)"}}, {"type": "Feature", "geometry": {"type": "Point", "coordinates": [2.47631608, 48.82862111]}, "properties": {"route": "A4", "pr": "7", "abs": 7019, "label": "A4 PR7+7019 (G)"}}, {"type": "Feature", "geometry": {"type": "Point", "coordinates": [2.60506311, 48.83120566]}, "properties": {"route": "A4", "pr": "17", "abs": 1400, "label": "A4 PR17+1400 (G)"}}, {"type": "Feature", "geometry": {"type": "Point", "coordinates": [2.52795783, 48.82921202]}, "properties": {"route": "A4", "pr": "11", "abs": 11022, "label": "A4 PR11+11022 (G)"}}, {"type": "Feature", "geometry": {"type": "Point", "coordinates": [2.57867844, 48.83501432]}, "properties": {"route": "A4", "pr": "15", "abs": 2300, "label": "A4 PR15+2300 (G)"}}, {"type": "Feature", "geometry": {"type": "Point", "coordinates": [2.48429439, 48.82944722]}, "properties": {"route": "A86", "pr": "33", "abs": 4157, "label": "A86 PR33+4157 (G)"}}, {"type": "Feature", "geometry": {"type": "Point", "coordinates": [2.44901114, 48.80773549]}, "properties": {"route": "A86", "pr": "37", "abs": 5924, "label": "A86 PR37+5924 (G)"}}, {"type": "Feature", "geometry": {"type": "Point", "coordinates": [2.45195238, 48.81601969]}, "properties": {"route": "A86", "pr": "36", "abs": 4927, "label": "A86 PR36+4927 (G)"}}, {"type": "Feature", "geometry": {"type": "Point", "coordinates": [2.43410071, 48.77627692]}, "properties": {"route": "A86", "pr": "41", "abs": 9940, "label": "A86 PR41+9940 (G)"}}, {"type": "Feature", "geometry": {"type": "Point", "coordinates": [2.44105251, 48.78192734]}, "properties": {"route": "A86", "pr": "40", "abs": 8948, "label": "A86 PR40+8948 (G)"}}, {"type": "Feature", "geometry": {"type": "Point", "coordinates": [2.49342741, 48.83441114]}, "properties": {"route": "A86", "pr": "32", "abs": 3157, "label": "A86 PR32+3157 (G)"}}, {"type": "Feature", "geometry": {"type": "Point", "coordinates": [2.42019909, 48.77647199]}, "properties": {"route": "A86", "pr": "42", "abs": 10944, "label": "A86 PR42+10944 (G)"}}, {"type": "Feature", "geometry": {"type": "Point", "coordinates": [2.38150278, 48.7700162]}, "properties": {"route": "A86", "pr": "45", "abs": 13936, "label": "A86 PR45+13936 (G)"}}, {"type": "Feature", "geometry": {"type": "Point", "coordinates": [2.49024937, 48.85221377]}, "properties": {"route": "A86", "pr": "30", "abs": 1140, "label": "A86 PR30+1140 (G)"}}, {"type": "Feature", "geometry": {"type": "Point", "coordinates": [2.44081847, 48.79106684]}, "properties": {"route": "A86", "pr": "39", "abs": 7934, "label": "A86 PR39+7934 (G)"}}, {"type": "Feature", "geometry": {"type": "Point", "coordinates": [2.44580015, 48.7993006]}, "properties": {"route": "A86", "pr": "38", "abs": 6943, "label": "A86 PR38+6943 (G)"}}, {"type": "Feature", "geometry": {"type": "Point", "coordinates": [2.49314841, 48.84348984]}, "properties": {"route": "A86", "pr": "31", "abs": 2148, "label": "A86 PR31+2148 (G)"}}, {"type": "Feature", "geometry": {"type": "Point", "coordinates": [2.38169832, 48.76235415]}, "properties": {"route": "A86", "pr": "46", "abs": 14934, "label": "A86 PR46+14934 (G)"}}, {"type": "Feature", "geometry": {"type": "Point", "coordinates": [2.39487651, 48.77179809]}, "properties": {"route": "A86", "pr": "44", "abs": 12937, "label": "A86 PR44+12937 (G)"}}, {"type": "Feature", "geometry": {"type": "Point", "coordinates": [2.32811311, 48.75762604]}, "properties": {"route": "A86", "pr": "51", "abs": 17199, "label": "A86 PR51+17199 (G)"}}, {"type": "Feature", "geometry": {"type": "Point", "coordinates": [2.38114797, 48.75415213]}, "properties": {"route": "A86", "pr": "47", "abs": 15973, "label": "A86 PR47+15973 (G)"}}, {"type": "Feature", "geometry": {"type": "Point", "coordinates": [2.40789093, 48.77402459]}, "properties": {"route": "A86", "pr": "43", "abs": 11941, "label": "A86 PR43+11941 (G)"}}, {"type": "Feature", "geometry": {"type": "Point", "coordinates": [2.34409272, 48.76437244]}, "properties": {"route": "A106", "pr": "6", "abs": 590, "label": "A106 PR6+590 (G)"}}, {"type": "Feature", "geometry": {"type": "Point", "coordinates": [2.3498454, 48.75647633]}, "properties": {"route": "A106", "pr": "7", "abs": 1590, "label": "A106 PR7+1590 (G)"}}, {"type": "Feature", "geometry": {"type": "Point", "coordinates": [2.35725115, 48.74894769]}, "properties": {"route": "A106", "pr": "8", "abs": 2580, "label": "A106 PR8+2580 (G)"}}, {"type": "Feature", "geometry": {"type": "Point", "coordinates": [2.34458246, 48.79092316]}, "properties": {"route": "A6B", "pr": "3", "abs": 3229, "label": "A6B PR3+3229 (G)"}}, {"type": "Feature", "geometry": {"type": "Point", "coordinates": [2.33531719, 48.75690453]}, "properties": {"route": "A6B", "pr": "7", "abs": 7289, "label": "A6B PR7+7289 (G)"}}, {"type": "Feature", "geometry": {"type": "Point", "coordinates": [2.34610175, 48.77320678]}, "properties": {"route": "A6B", "pr": "5", "abs": 5247, "label": "A6B PR5+5247 (G)"}}, {"type": "Feature", "geometry": {"type": "Point", "coordinates": [2.34306248, 48.76429032]}, "properties": {"route": "A6B", "pr": "6", "abs": 6281, "label": "A6B PR6+6281 (G)"}}, {"type": "Feature", "geometry": {"type": "Point", "coordinates": [2.34714568, 48.78221743]}, "properties": {"route": "A6B", "pr": "4", "abs": 4237, "label": "A6B PR4+4237 (G)"}}, {"type": "Feature", "geometry": {"type": "Point", "coordinates": [2.32144184, 48.74151624]}, "properties": {"route": "A6B", "pr": "9", "abs": 590, "label": "A6B PR9+590 (G)"}}, {"type": "Feature", "geometry": {"type": "Point", "coordinates": [2.32849688, 48.74936508]}, "properties": {"route": "A6B", "pr": "8", "abs": 8296, "label": "A6B PR8+8296 (G)"}}, {"type": "Feature", "geometry": {"type": "Point", "coordinates": [2.34749509, 48.80793231]}, "properties": {"route": "A6B", "pr": "1", "abs": 1295, "label": "A6B PR1+1295 (G)"}}, {"type": "Feature", "geometry": {"type": "Point", "coordinates": [2.34376177, 48.79989557]}, "properties": {"route": "A6B", "pr": "2", "abs": 2221, "label": "A6B PR2+2221 (G)"}}, {"type": "Feature", "geometry": {"type": "Point", "coordinates": [2.31730701, 48.73636312]}, "properties": {"route": "A10", "pr": "1", "abs": 705, "label": "A10 PR1+705 (G)"}}, {"type": "Feature", "geometry": {"type": "Point", "coordinates": [2.36812563, 48.75352988]}, "properties": {"route": "N186B", "pr": "48", "abs": 455, "label": "N186B PR48+455 (G)"}}, {"type": "Feature", "geometry": {"type": "Point", "coordinates": [2.43739545, 48.78193985]}, "properties": {"route": "N6", "pr": "12", "abs": 0, "label": "N6 PR12 (G)"}}, {"type": "Feature", "geometry": {"type": "Point", "coordinates": [2.32533273, 48.74624328]}, "properties": {"route": "A6", "pr": "0", "abs": 0, "label": "A6 PR0 (G)"}}, {"type": "Feature", "geometry": {"type": "Point", "coordinates": [2.39286544, 48.82501402]}, "properties": {"route": "A4", "pr": "0", "abs": 0, "label": "A4 PR0 (D)"}}, {"type": "Feature", "geometry": {"type": "Point", "coordinates": [2.39286544, 48.82501402]}, "properties": {"route": "A4", "pr": "0", "abs": 0, "label": "A4 PR0 (G)"}}, {"type": "Feature", "geometry": {"type": "Point", "coordinates": [2.34574442, 48.77055783]}, "properties": {"route": "A106", "pr": "5", "abs": 0, "label": "A106 PR5 (G)"}}, {"type": "Feature", "geometry": {"type": "Point", "coordinates": [2.3623082, 48.74381473]}, "properties": {"route": "A106", "pr": "999", "abs": 3300, "label": "A106 PR999+3300 (G)"}}, {"type": "Feature", "geometry": {"type": "Point", "coordinates": [2.37806117, 48.75327084]}, "properties": {"route": "N186", "pr": "0", "abs": 0, "label": "N186 PR0 (G)"}}, {"type": "Feature", "geometry": {"type": "Point", "coordinates": [2.49386597, 48.83554529]}, "properties": {"route": "N486", "pr": "999", "abs": 605, "label": "N486 PR999+605 (G)"}}, {"type": "Feature", "geometry": {"type": "Point", "coordinates": [2.49307915, 48.8301575]}, "properties": {"route": "N486", "pr": "0", "abs": 0, "label": "N486 PR0 (G)"}}, {"type": "Feature", "geometry": {"type": "Point", "coordinates": [2.32533273, 48.74624328]}, "properties": {"route": "A6A", "pr": "999", "abs": 8806, "label": "A6A PR999+8806 (G)"}}, {"type": "Feature", "geometry": {"type": "Point", "coordinates": [2.33302394, 48.81853358]}, "properties": {"route": "A6A", "pr": "0", "abs": 0, "label": "A6A PR0 (G)"}}, {"type": "Feature", "geometry": {"type": "Point", "coordinates": [2.32913492, 48.7569761]}, "properties": {"route": "N186B", "pr": "999", "abs": 1773, "label": "N186B PR999+1773 (G)"}}]}