{"type": "FeatureCollection", "features": [{"type": "Feature", "geometry": {"type": "Point", "coordinates": [3.57712138, 44.12153858]}, "properties": {"route": "D269", "pr": "FS", "abs": null, "label": "D269 PRFS"}}, {"type": "Feature", "geometry": {"type": "Point", "coordinates": [3.94944137, 44.41303379]}, "properties": {"route": "D51", "pr": "FS", "abs": null, "label": "D51 PRFS"}}, {"type": "Feature", "geometry": {"type": "Point", "coordinates": [3.94607241, 44.21120754]}, "properties": {"route": "D32", "pr": "FS", "abs": null, "label": "D32 PRFS"}}, {"type": "Feature", "geometry": {"type": "Point", "coordinates": [3.93980517, 44.38661607]}, "properties": {"route": "D315", "pr": "FS", "abs": null, "label": "D315 PRFS"}}, {"type": "Feature", "geometry": {"type": "Point", "coordinates": [3.99477663, 44.28573876]}, "properties": {"route": "D243", "pr": "FS", "abs": null, "label": "D243 PRFS"}}, {"type": "Feature", "geometry": {"type": "Point", "coordinates": [3.96422962, 44.33137588]}, "properties": {"route": "D17", "pr": "FS", "abs": null, "label": "D17 PRFS"}}, {"type": "Feature", "geometry": {"type": "Point", "coordinates": [3.9580528, 44.3362703]}, "properties": {"route": "D134A", "pr": "FS", "abs": null, "label": "D134A PRFS"}}, {"type": "Feature", "geometry": {"type": "Point", "coordinates": [3.99760357, 44.24269307]}, "properties": {"route": "D328", "pr": "FS", "abs": null, "label": "D328 PRFS"}}, {"type": "Feature", "geometry": {"type": "Point", "coordinates": [3.3558563, 44.11859286]}, "properties": {"route": "D159B", "pr": "FS", "abs": null, "label": "D159B PRFS"}}, {"type": "Feature", "geometry": {"type": "Point", "coordinates": [3.95142793, 44.34808733]}, "properties": {"route": "D175", "pr": "FS", "abs": null, "label": "D175 PRFS"}}, {"type": "Feature", "geometry": {"type": "Point", "coordinates": [3.98701316, 44.22459443]}, "properties": {"route": "D361", "pr": "FS", "abs": null, "label": "D361 PRFS"}}, {"type": "Feature", "geometry": {"type": "Point", "coordinates": [3.96261276, 44.36510692]}, "properties": {"route": "D318A", "pr": "FS", "abs": null, "label": "D318A PRFS"}}, {"type": "Feature", "geometry": {"type": "Point", "coordinates": [3.97247888, 44.23493115]}, "properties": {"route": "D357", "pr": "FS", "abs": null, "label": "D357 PRFS"}}, {"type": "Feature", "geometry": {"type": "Point", "coordinates": [3.99480053, 44.2855297]}, "properties": {"route": "D906", "pr": "FS", "abs": null, "label": "D906 PRFS"}}, {"type": "Feature", "geometry": {"type": "Point", "coordinates": [3.83943463, 44.13502836]}, "properties": {"route": "D260", "pr": "FS", "abs": null, "label": "D260 PRFS"}}, {"type": "Feature", "geometry": {"type": "Point", "coordinates": [3.93812972, 44.16616934]}, "properties": {"route": "D206", "pr": "FS", "abs": null, "label": "D206 PRFS"}}, {"type": "Feature", "geometry": {"type": "Point", "coordinates": [3.55719772, 44.11713411]}, "properties": {"route": "D269", "pr": "FS", "abs": null, "label": "D269 PRFS"}}, {"type": "Feature", "geometry": {"type": "Point", "coordinates": [3.9378554, 44.29035394]}, "properties": {"route": "D52", "pr": "FS", "abs": null, "label": "D52 PRFS"}}, {"type": "Feature", "geometry": {"type": "Point", "coordinates": [3.7230951, 44.11705086]}, "properties": {"route": "D193", "pr": "FS", "abs": null, "label": "D193 PRFS"}}, {"type": "Feature", "geometry": {"type": "Point", "coordinates": [3.97293797, 44.30759666]}, "properties": {"route": "D906", "pr": "FS", "abs": null, "label": "D906 PRFS"}}, {"type": "Feature", "geometry": {"type": "Point", "coordinates": [3.97247888, 44.23493115]}, "properties": {"route": "D154A", "pr": "FS", "abs": null, "label": "D154A PRFS"}}, {"type": "Feature", "geometry": {"type": "Point", "coordinates": [3.9680597, 44.28334693]}, "properties": {"route": "D276", "pr": "FS", "abs": null, "label": "D276 PRFS"}}, {"type": "Feature", "geometry": {"type": "Point", "coordinates": [3.36760716, 44.15826694]}, "properties": {"route": "D47A", "pr": "FS", "abs": null, "label": "D47A PRFS"}}, {"type": "Feature", "geometry": {"type": "Point", "coordinates": [3.98715346, 44.23064772]}, "properties": {"route": "D357A", "pr": "FS", "abs": null, "label": "D357A PRFS"}}, {"type": "Feature", "geometry": {"type": "Point", "coordinates": [3.95781247, 44.34409168]}, "properties": {"route": "D434A", "pr": "FS", "abs": null, "label": "D434A PRFS"}}, {"type": "Feature", "geometry": {"type": "Point", "coordinates": [3.89000649, 44.13193365]}, "properties": {"route": "D333", "pr": "FS", "abs": null, "label": "D333 PRFS"}}, {"type": "Feature", "geometry": {"type": "Point", "coordinates": [3.91357335, 44.12626259]}, "properties": {"route": "D160", "pr": "FS", "abs": null, "label": "D160 PRFS"}}, {"type": "Feature", "geometry": {"type": "Point", "coordinates": [3.97129472, 44.35342402]}, "properties": {"route": "D375", "pr": "FS", "abs": null, "label": "D375 PRFS"}}, {"type": "Feature", "geometry": {"type": "Point", "coordinates": [3.9326744, 44.40390633]}, "properties": {"route": "D906", "pr": "FS", "abs": null, "label": "D906 PRFS"}}, {"type": "Feature", "geometry": {"type": "Point", "coordinates": [3.97936125, 44.30278295]}, "properties": {"route": "D243", "pr": "FS", "abs": null, "label": "D243 PRFS"}}, {"type": "Feature", "geometry": {"type": "Point", "coordinates": [3.32950047, 44.14170969]}, "properties": {"route": "D28", "pr": "FS", "abs": null, "label": "D28 PRFS"}}, {"type": "Feature", "geometry": {"type": "Point", "coordinates": [3.77422246, 44.14332926]}, "properties": {"route": "D39", "pr": "FS", "abs": null, "label": "D39 PRFS"}}, {"type": "Feature", "geometry": {"type": "Point", "coordinates": [3.96725816, 44.42145458]}, "properties": {"route": "D901", "pr": "FS", "abs": null, "label": "D901 PRFS"}}, {"type": "Feature", "geometry": {"type": "Point", "coordinates": [3.65491219, 44.17602883]}, "properties": {"route": "D10", "pr": "FS", "abs": null, "label": "D10 PRFS"}}, {"type": "Feature", "geometry": {"type": "Point", "coordinates": [3.94810313, 44.27782449]}, "properties": {"route": "D52A", "pr": "FS", "abs": null, "label": "D52A PRFS"}}, {"type": "Feature", "geometry": {"type": "Point", "coordinates": [3.96632797, 44.31755452]}, "properties": {"route": "D278", "pr": "FS", "abs": null, "label": "D278 PRFS"}}, {"type": "Feature", "geometry": {"type": "Point", "coordinates": [3.34048996, 44.11650673]}, "properties": {"route": "D159A", "pr": "FS", "abs": null, "label": "D159A PRFS"}}, {"type": "Feature", "geometry": {"type": "Point", "coordinates": [3.4030867, 44.13366025]}, "properties": {"route": "D263", "pr": "FS", "abs": null, "label": "D263 PRFS"}}, {"type": "Feature", "geometry": {"type": "Point", "coordinates": [3.9502578, 44.40091847]}, "properties": {"route": "D51", "pr": "FS", "abs": null, "label": "D51 PRFS"}}, {"type": "Feature", "geometry": {"type": "Point", "coordinates": [3.99467925, 44.23130895]}, "properties": {"route": "D728", "pr": "FS", "abs": null, "label": "D728 PRFS"}}, {"type": "Feature", "geometry": {"type": "Point", "coordinates": [3.42402416, 44.15168358]}, "properties": {"route": "D47", "pr": "FS", "abs": null, "label": "D47 PRFS"}}, {"type": "Feature", "geometry": {"type": "Point", "coordinates": [3.63394142, 44.12542628]}, "properties": {"route": "D10D", "pr": "FS", "abs": null, "label": "D10D PRFS"}}, {"type": "Feature", "geometry": {"type": "Point", "coordinates": [3.43526947, 44.12838341]}, "properties": {"route": "D252", "pr": "FS", "abs": null, "label": "D252 PRFS"}}, {"type": "Feature", "geometry": {"type": "Point", "coordinates": [3.99704321, 44.18520091]}, "properties": {"route": "D632", "pr": "FS", "abs": null, "label": "D632 PRFS"}}, {"type": "Feature", "geometry": {"type": "Point", "coordinates": [3.9536643, 44.37906547]}, "properties": {"route": "D315A", "pr": "FS", "abs": null, "label": "D315A PRFS"}}, {"type": "Feature", "geometry": {"type": "Point", "coordinates": [3.89264498, 44.3921641]}, "properties": {"route": "D362", "pr": "FS", "abs": null, "label": "D362 PRFS"}}, {"type": "Feature", "geometry": {"type": "Point", "coordinates": [3.93642986, 44.3884642]}, "properties": {"route": "D451", "pr": "FS", "abs": null, "label": "D451 PRFS"}}, {"type": "Feature", "geometry": {"type": "Point", "coordinates": [3.97028585, 44.30601953]}, "properties": {"route": "D452", "pr": "FS", "abs": null, "label": "D452 PRFS"}}, {"type": "Feature", "geometry": {"type": "Point", "coordinates": [3.68996, 44.15055345]}, "properties": {"route": "D10", "pr": "FS", "abs": null, "label": "D10 PRFS"}}, {"type": "Feature", "geometry": {"type": "Point", "coordinates": [3.98192929, 44.34857736]}, "properties": {"route": "D134", "pr": "FS", "abs": null, "label": "D134 PRFS"}}, {"type": "Feature", "geometry": {"type": "Point", "coordinates": [3.97605513, 44.40310372]}, "properties": {"route": "D313", "pr": "FS", "abs": null, "label": "D313 PRFS"}}, {"type": "Feature", "geometry": {"type": "Point", "coordinates": [3.94036495, 44.19953386]}, "properties": {"route": "D432", "pr": "FS", "abs": null, "label": "D432 PRFS"}}, {"type": "Feature", "geometry": {"type": "Point", "coordinates": [3.95248161, 44.33867634]}, "properties": {"route": "D998", "pr": "FS", "abs": null, "label": "D998 PRFS"}}, {"type": "Feature", "geometry": {"type": "Point", "coordinates": [3.37454089, 44.17093915]}, "properties": {"route": "D47C", "pr": "FS", "abs": null, "label": "D47C PRFS"}}, {"type": "Feature", "geometry": {"type": "Point", "coordinates": [3.63198414, 44.1640722]}, "properties": {"route": "D907", "pr": "FS", "abs": null, "label": "D907 PRFS"}}, {"type": "Feature", "geometry": {"type": "Point", "coordinates": [3.99689783, 44.21926524]}, "properties": {"route": "D454", "pr": "FS", "abs": null, "label": "D454 PRFS"}}, {"type": "Feature", "geometry": {"type": "Point", "coordinates": [3.97970628, 44.38420492]}, "properties": {"route": "D155", "pr": "FS", "abs": null, "label": "D155 PRFS"}}, {"type": "Feature", "geometry": {"type": "Point", "coordinates": [3.99477663, 44.28573876]}, "properties": {"route": "D243", "pr": "FS", "abs": null, "label": "D243 PRFS"}}, {"type": "Feature", "geometry": {"type": "Point", "coordinates": [3.58139161, 44.12099937]}, "properties": {"route": "D269", "pr": "DS", "abs": null, "label": "D269 PRDS"}}, {"type": "Feature", "geometry": {"type": "Point", "coordinates": [3.94865329, 44.40662994]}, "properties": {"route": "D51", "pr": "DS", "abs": null, "label": "D51 PRDS"}}, {"type": "Feature", "geometry": {"type": "Point", "coordinates": [3.99477663, 44.28573876]}, "properties": {"route": "D243", "pr": "DS", "abs": 0, "label": "D243 PRDS"}}, {"type": "Feature", "geometry": {"type": "Point", "coordinates": [3.94880637, 44.36691653]}, "properties": {"route": "D155", "pr": "DS", "abs": null, "label": "D155 PRDS"}}, {"type": "Feature", "geometry": {"type": "Point", "coordinates": [3.96302674, 44.19386712]}, "properties": {"route": "D432A", "pr": "DS", "abs": null, "label": "D432A PRDS"}}, {"type": "Feature", "geometry": {"type": "Point", "coordinates": [3.9611175, 44.19549333]}, "properties": {"route": "D432B", "pr": "DS", "abs": null, "label": "D432B PRDS"}}, {"type": "Feature", "geometry": {"type": "Point", "coordinates": [3.98550743, 44.20123877]}, "properties": {"route": "D283A", "pr": "DS", "abs": null, "label": "D283A PRDS"}}, {"type": "Feature", "geometry": {"type": "Point", "coordinates": [3.97775463, 44.25104879]}, "properties": {"route": "D276A", "pr": "DS", "abs": null, "label": "D276A PRDS"}}, {"type": "Feature", "geometry": {"type": "Point", "coordinates": [3.55850971, 44.11931191]}, "properties": {"route": "D269B", "pr": "DS", "abs": null, "label": "D269B PRDS"}}, {"type": "Feature", "geometry": {"type": "Point", "coordinates": [3.63662582, 44.17077903]}, "properties": {"route": "D10A", "pr": "DS", "abs": null, "label": "D10A PRDS"}}, {"type": "Feature", "geometry": {"type": "Point", "coordinates": [3.99367315, 44.11782381]}, "properties": {"route": "D217A", "pr": "DS", "abs": null, "label": "D217A PRDS"}}, {"type": "Feature", "geometry": {"type": "Point", "coordinates": [3.55473068, 44.11744184]}, "properties": {"route": "D269C", "pr": "DS", "abs": null, "label": "D269C PRDS"}}, {"type": "Feature", "geometry": {"type": "Point", "coordinates": [3.99480308, 44.28560349]}, "properties": {"route": "D906", "pr": "DS", "abs": null, "label": "D906 PRDS"}}, {"type": "Feature", "geometry": {"type": "Point", "coordinates": [3.98202636, 44.34824251]}, "properties": {"route": "D134", "pr": "DS", "abs": null, "label": "D134 PRDS"}}, {"type": "Feature", "geometry": {"type": "Point", "coordinates": [3.97166999, 44.30771139]}, "properties": {"route": "D906", "pr": "DS", "abs": null, "label": "D906 PRDS"}}, {"type": "Feature", "geometry": {"type": "Point", "coordinates": [3.76316787, 44.12658928]}, "properties": {"route": "D39", "pr": "DS", "abs": null, "label": "D39 PRDS"}}, {"type": "Feature", "geometry": {"type": "Point", "coordinates": [3.67832457, 44.15774763]}, "properties": {"route": "D10", "pr": "DS", "abs": null, "label": "D10 PRDS"}}, {"type": "Feature", "geometry": {"type": "Point", "coordinates": [3.98132405, 44.38324166]}, "properties": {"route": "D155", "pr": "DS", "abs": null, "label": "D155 PRDS"}}, {"type": "Feature", "geometry": {"type": "Point", "coordinates": [3.64140655, 44.17452803]}, "properties": {"route": "D10C", "pr": "DS", "abs": null, "label": "D10C PRDS"}}, {"type": "Feature", "geometry": {"type": "Point", "coordinates": [3.96508547, 44.33059509]}, "properties": {"route": "D17", "pr": "DS", "abs": null, "label": "D17 PRDS"}}, {"type": "Feature", "geometry": {"type": "Point", "coordinates": [3.94905502, 44.36715114]}, "properties": {"route": "D155", "pr": "DS", "abs": null, "label": "D155 PRDS"}}, {"type": "Feature", "geometry": {"type": "Point", "coordinates": [3.34200061, 44.11425189]}, "properties": {"route": "D159A", "pr": "1", "abs": 950, "label": "D159A PR1+950"}}, {"type": "Feature", "geometry": {"type": "Point", "coordinates": [3.99007675, 44.23028834]}, "properties": {"route": "D357A", "pr": "1", "abs": 999, "label": "D357A PR1+999"}}, {"type": "Feature", "geometry": {"type": "Point", "coordinates": [3.39780945, 44.14800598]}, "properties": {"route": "D47", "pr": "18", "abs": 17871, "label": "D47 PR18+17871"}}, {"type": "Feature", "geometry": {"type": "Point", "coordinates": [3.37813297, 44.12628131]}, "properties": {"route": "D47", "pr": "15", "abs": 14879, "label": "D47 PR15+14879"}}, {"type": "Feature", "geometry": {"type": "Point", "coordinates": [3.38540318, 44.13295068]}, "properties": {"route": "D47", "pr": "16", "abs": 15877, "label": "D47 PR16+15877"}}, {"type": "Feature", "geometry": {"type": "Point", "coordinates": [3.39038072, 44.14095]}, "properties": {"route": "D47", "pr": "17", "abs": 16863, "label": "D47 PR17+16863"}}, {"type": "Feature", "geometry": {"type": "Point", "coordinates": [3.40796254, 44.15308472]}, "properties": {"route": "D47", "pr": "19", "abs": 18878, "label": "D47 PR19+18878"}}, {"type": "Feature", "geometry": {"type": "Point", "coordinates": [3.37086046, 44.11880414]}, "properties": {"route": "D47", "pr": "14", "abs": 13863, "label": "D47 PR14+13863"}}, {"type": "Feature", "geometry": {"type": "Point", "coordinates": [3.73649759, 44.12217494]}, "properties": {"route": "D20", "pr": "3", "abs": 2934, "label": "D20 PR3+2934"}}, {"type": "Feature", "geometry": {"type": "Point", "coordinates": [3.75196002, 44.12762804]}, "properties": {"route": "D20", "pr": "1", "abs": 996, "label": "D20 PR1+996"}}, {"type": "Feature", "geometry": {"type": "Point", "coordinates": [3.99312695, 44.18644443]}, "properties": {"route": "D32", "pr": "10", "abs": 9854, "label": "D32 PR10+9854"}}, {"type": "Feature", "geometry": {"type": "Point", "coordinates": [3.63322441, 44.16349709]}, "properties": {"route": "D907", "pr": "84", "abs": 83093, "label": "D907 PR84+83093"}}, {"type": "Feature", "geometry": {"type": "Point", "coordinates": [3.68064828, 44.15707166]}, "properties": {"route": "D907", "pr": "77", "abs": 76173, "label": "D907 PR77+76173"}}, {"type": "Feature", "geometry": {"type": "Point", "coordinates": [3.65242692, 44.1619633]}, "properties": {"route": "D907", "pr": "81", "abs": 80132, "label": "D907 PR81+80132"}}, {"type": "Feature", "geometry": {"type": "Point", "coordinates": [3.76318901, 44.12267012]}, "properties": {"route": "D907", "pr": "67", "abs": 66284, "label": "D907 PR67+66284"}}, {"type": "Feature", "geometry": {"type": "Point", "coordinates": [3.77235927, 44.11539524]}, "properties": {"route": "D907", "pr": "65", "abs": 64307, "label": "D907 PR65+64307"}}, {"type": "Feature", "geometry": {"type": "Point", "coordinates": [3.76569263, 44.11558333]}, "properties": {"route": "D907", "pr": "66", "abs": 65330, "label": "D907 PR66+65330"}}, {"type": "Feature", "geometry": {"type": "Point", "coordinates": [3.66309935, 44.16135563]}, "properties": {"route": "D907", "pr": "79", "abs": 78157, "label": "D907 PR79+78157"}}, {"type": "Feature", "geometry": {"type": "Point", "coordinates": [3.74739278, 44.13800769]}, "properties": {"route": "D907", "pr": "70", "abs": 69244, "label": "D907 PR70+69244"}}, {"type": "Feature", "geometry": {"type": "Point", "coordinates": [3.67121612, 44.1616195]}, "properties": {"route": "D907", "pr": "78", "abs": 77167, "label": "D907 PR78+77167"}}, {"type": "Feature", "geometry": {"type": "Point", "coordinates": [3.70352898, 44.14065257]}, "properties": {"route": "D907", "pr": "74", "abs": 73206, "label": "D907 PR74+73206"}}, {"type": "Feature", "geometry": {"type": "Point", "coordinates": [3.75952975, 44.13039046]}, "properties": {"route": "D907", "pr": "68", "abs": 67277, "label": "D907 PR68+67277"}}, {"type": "Feature", "geometry": {"type": "Point", "coordinates": [3.75738172, 44.13678702]}, "properties": {"route": "D907", "pr": "69", "abs": 68260, "label": "D907 PR69+68260"}}, {"type": "Feature", "geometry": {"type": "Point", "coordinates": [3.69788028, 44.14632958]}, "properties": {"route": "D907", "pr": "75", "abs": 74192, "label": "D907 PR75+74192"}}, {"type": "Feature", "geometry": {"type": "Point", "coordinates": [3.85179996, 44.11506136]}, "properties": {"route": "D907", "pr": "55", "abs": 54627, "label": "D907 PR55+54627"}}, {"type": "Feature", "geometry": {"type": "Point", "coordinates": [3.63771785, 44.16099668]}, "properties": {"route": "D907", "pr": "83", "abs": 82091, "label": "D907 PR83+82091"}}, {"type": "Feature", "geometry": {"type": "Point", "coordinates": [3.73568606, 44.13777903]}, "properties": {"route": "D907", "pr": "71", "abs": 70225, "label": "D907 PR71+70225"}}, {"type": "Feature", "geometry": {"type": "Point", "coordinates": [3.65577012, 44.16269404]}, "properties": {"route": "D907", "pr": "80", "abs": 79150, "label": "D907 PR80+79150"}}, {"type": "Feature", "geometry": {"type": "Point", "coordinates": [3.64503406, 44.16455431]}, "properties": {"route": "D907", "pr": "82", "abs": 81130, "label": "D907 PR82+81130"}}, {"type": "Feature", "geometry": {"type": "Point", "coordinates": [3.714861, 44.14027324]}, "properties": {"route": "D907", "pr": "73", "abs": 72213, "label": "D907 PR73+72213"}}, {"type": "Feature", "geometry": {"type": "Point", "coordinates": [3.72667157, 44.13989227]}, "properties": {"route": "D907", "pr": "72", "abs": 71222, "label": "D907 PR72+71222"}}, {"type": "Feature", "geometry": {"type": "Point", "coordinates": [3.69020837, 44.15196145]}, "properties": {"route": "D907", "pr": "76", "abs": 75176, "label": "D907 PR76+75176"}}, {"type": "Feature", "geometry": {"type": "Point", "coordinates": [3.97047003, 44.21937059]}, "properties": {"route": "D154A", "pr": "0", "abs": 0, "label": "D154A PR0"}}, {"type": "Feature", "geometry": {"type": "Point", "coordinates": [3.96494848, 44.22222507]}, "properties": {"route": "D154A", "pr": "1", "abs": 961, "label": "D154A PR1+961"}}, {"type": "Feature", "geometry": {"type": "Point", "coordinates": [3.96681771, 44.2358462]}, "properties": {"route": "D154A", "pr": "4", "abs": 3841, "label": "D154A PR4+3841"}}, {"type": "Feature", "geometry": {"type": "Point", "coordinates": [3.9621338, 44.22787041]}, "properties": {"route": "D154A", "pr": "2", "abs": 1897, "label": "D154A PR2+1897"}}, {"type": "Feature", "geometry": {"type": "Point", "coordinates": [3.95911614, 44.23265061]}, "properties": {"route": "D154A", "pr": "3", "abs": 2846, "label": "D154A PR3+2846"}}, {"type": "Feature", "geometry": {"type": "Point", "coordinates": [3.94820155, 44.20178163]}, "properties": {"route": "D432", "pr": "7", "abs": 6981, "label": "D432 PR7+6981"}}, {"type": "Feature", "geometry": {"type": "Point", "coordinates": [3.96829601, 44.19163518]}, "properties": {"route": "D432", "pr": "2", "abs": 2032, "label": "D432 PR2+2032"}}, {"type": "Feature", "geometry": {"type": "Point", "coordinates": [3.95549278, 44.19902154]}, "properties": {"route": "D432", "pr": "6", "abs": 5993, "label": "D432 PR6+5993"}}, {"type": "Feature", "geometry": {"type": "Point", "coordinates": [3.9756724, 44.19134301]}, "properties": {"route": "D432", "pr": "1", "abs": 1017, "label": "D432 PR1+1017"}}, {"type": "Feature", "geometry": {"type": "Point", "coordinates": [3.96133476, 44.20470902]}, "properties": {"route": "D432", "pr": "5", "abs": 4999, "label": "D432 PR5+4999"}}, {"type": "Feature", "geometry": {"type": "Point", "coordinates": [3.96552675, 44.20492337]}, "properties": {"route": "D432", "pr": "4", "abs": 4006, "label": "D432 PR4+4006"}}, {"type": "Feature", "geometry": {"type": "Point", "coordinates": [3.99342201, 44.22349513]}, "properties": {"route": "D361", "pr": "2", "abs": 2021, "label": "D361 PR2+2021"}}, {"type": "Feature", "geometry": {"type": "Point", "coordinates": [3.75753074, 44.13221168]}, "properties": {"route": "D39", "pr": "27", "abs": 26657, "label": "D39 PR27+26657"}}, {"type": "Feature", "geometry": {"type": "Point", "coordinates": [3.7660851, 44.13619099]}, "properties": {"route": "D39", "pr": "28", "abs": 27665, "label": "D39 PR28+27665"}}, {"type": "Feature", "geometry": {"type": "Point", "coordinates": [3.76329621, 44.12674771]}, "properties": {"route": "D39", "pr": "26", "abs": 25641, "label": "D39 PR26+25641"}}, {"type": "Feature", "geometry": {"type": "Point", "coordinates": [3.76572235, 44.13923137]}, "properties": {"route": "D39", "pr": "29", "abs": 28625, "label": "D39 PR29+28625"}}, {"type": "Feature", "geometry": {"type": "Point", "coordinates": [3.77096995, 44.14120633]}, "properties": {"route": "D39", "pr": "30", "abs": 29613, "label": "D39 PR30+29613"}}, {"type": "Feature", "geometry": {"type": "Point", "coordinates": [3.67543018, 44.11871228]}, "properties": {"route": "D10D", "pr": "0", "abs": 0, "label": "D10D PR0"}}, {"type": "Feature", "geometry": {"type": "Point", "coordinates": [3.64364574, 44.11792695]}, "properties": {"route": "D10D", "pr": "3", "abs": 2988, "label": "D10D PR3+2988"}}, {"type": "Feature", "geometry": {"type": "Point", "coordinates": [3.63511162, 44.12380115]}, "properties": {"route": "D10D", "pr": "4", "abs": 3979, "label": "D10D PR4+3979"}}, {"type": "Feature", "geometry": {"type": "Point", "coordinates": [3.66359461, 44.1178818]}, "properties": {"route": "D10D", "pr": "1", "abs": 984, "label": "D10D PR1+984"}}, {"type": "Feature", "geometry": {"type": "Point", "coordinates": [3.88978226, 44.11872094]}, "properties": {"route": "D333", "pr": "0", "abs": 0, "label": "D333 PR0"}}, {"type": "Feature", "geometry": {"type": "Point", "coordinates": [3.89169294, 44.12551114]}, "properties": {"route": "D333", "pr": "1", "abs": 949, "label": "D333 PR1+949"}}, {"type": "Feature", "geometry": {"type": "Point", "coordinates": [3.69593205, 44.14637796]}, "properties": {"route": "D10", "pr": "23", "abs": 23019, "label": "D10 PR23+23019"}}, {"type": "Feature", "geometry": {"type": "Point", "coordinates": [3.67370616, 44.12896137]}, "properties": {"route": "D10", "pr": "20", "abs": 20012, "label": "D10 PR20+20012"}}, {"type": "Feature", "geometry": {"type": "Point", "coordinates": [3.6894768, 44.13998575]}, "properties": {"route": "D10", "pr": "22", "abs": 22020, "label": "D10 PR22+22020"}}, {"type": "Feature", "geometry": {"type": "Point", "coordinates": [3.64624148, 44.16934925]}, "properties": {"route": "D10", "pr": "27", "abs": 27015, "label": "D10 PR27+27015"}}, {"type": "Feature", "geometry": {"type": "Point", "coordinates": [3.66680706, 44.1634115]}, "properties": {"route": "D10", "pr": "25", "abs": 25010, "label": "D10 PR25+25010"}}, {"type": "Feature", "geometry": {"type": "Point", "coordinates": [3.67675774, 44.15898955]}, "properties": {"route": "D10", "pr": "24", "abs": 24010, "label": "D10 PR24+24010"}}, {"type": "Feature", "geometry": {"type": "Point", "coordinates": [3.68227334, 44.12350426]}, "properties": {"route": "D10", "pr": "15", "abs": 14999, "label": "D10 PR15+14999"}}, {"type": "Feature", "geometry": {"type": "Point", "coordinates": [3.64757507, 44.17103988]}, "properties": {"route": "D10", "pr": "28", "abs": 28020, "label": "D10 PR28+28020"}}, {"type": "Feature", "geometry": {"type": "Point", "coordinates": [3.66473158, 44.11585062]}, "properties": {"route": "D10", "pr": "12", "abs": 12006, "label": "D10 PR12+12006"}}, {"type": "Feature", "geometry": {"type": "Point", "coordinates": [3.68090476, 44.13506271]}, "properties": {"route": "D10", "pr": "21", "abs": 21015, "label": "D10 PR21+21015"}}, {"type": "Feature", "geometry": {"type": "Point", "coordinates": [3.67685556, 44.12593837]}, "properties": {"route": "D10", "pr": "17", "abs": 17015, "label": "D10 PR17+17015"}}, {"type": "Feature", "geometry": {"type": "Point", "coordinates": [3.65539409, 44.17421853]}, "properties": {"route": "D10", "pr": "29", "abs": 29022, "label": "D10 PR29+29022"}}, {"type": "Feature", "geometry": {"type": "Point", "coordinates": [3.66853074, 44.12561682]}, "properties": {"route": "D10", "pr": "18", "abs": 18007, "label": "D10 PR18+18007"}}, {"type": "Feature", "geometry": {"type": "Point", "coordinates": [3.67293062, 44.12340629]}, "properties": {"route": "D10", "pr": "16", "abs": 16004, "label": "D10 PR16+16004"}}, {"type": "Feature", "geometry": {"type": "Point", "coordinates": [3.65838949, 44.16785665]}, "properties": {"route": "D10", "pr": "26", "abs": 25980, "label": "D10 PR26+25980"}}, {"type": "Feature", "geometry": {"type": "Point", "coordinates": [3.9488983, 44.36708498]}, "properties": {"route": "D155", "pr": "0", "abs": 0, "label": "D155 PR0"}}, {"type": "Feature", "geometry": {"type": "Point", "coordinates": [3.97749624, 44.38118626]}, "properties": {"route": "D155", "pr": "5", "abs": 4810, "label": "D155 PR5+4810"}}, {"type": "Feature", "geometry": {"type": "Point", "coordinates": [3.9930094, 44.39151905]}, "properties": {"route": "D155", "pr": "10", "abs": 9707, "label": "D155 PR10+9707"}}, {"type": "Feature", "geometry": {"type": "Point", "coordinates": [3.99501331, 44.39759832]}, "properties": {"route": "D155", "pr": "11", "abs": 10784, "label": "D155 PR11+10784"}}, {"type": "Feature", "geometry": {"type": "Point", "coordinates": [3.97468843, 44.37463674]}, "properties": {"route": "D155", "pr": "4", "abs": 3819, "label": "D155 PR4+3819"}}, {"type": "Feature", "geometry": {"type": "Point", "coordinates": [3.96485348, 44.3697892]}, "properties": {"route": "D155", "pr": "2", "abs": 1978, "label": "D155 PR2+1978"}}, {"type": "Feature", "geometry": {"type": "Point", "coordinates": [3.95882259, 44.36508779]}, "properties": {"route": "D155", "pr": "1", "abs": 993, "label": "D155 PR1+993"}}, {"type": "Feature", "geometry": {"type": "Point", "coordinates": [3.98632965, 44.37491835]}, "properties": {"route": "D155", "pr": "7", "abs": 6747, "label": "D155 PR7+6747"}}, {"type": "Feature", "geometry": {"type": "Point", "coordinates": [3.99070962, 44.38414698]}, "properties": {"route": "D155", "pr": "9", "abs": 8802, "label": "D155 PR9+8802"}}, {"type": "Feature", "geometry": {"type": "Point", "coordinates": [3.96943205, 44.37427624]}, "properties": {"route": "D155", "pr": "3", "abs": 2972, "label": "D155 PR3+2972"}}, {"type": "Feature", "geometry": {"type": "Point", "coordinates": [3.98629068, 44.3821215]}, "properties": {"route": "D155", "pr": "6", "abs": 5783, "label": "D155 PR6+5783"}}, {"type": "Feature", "geometry": {"type": "Point", "coordinates": [3.99134166, 44.3755053]}, "properties": {"route": "D155", "pr": "8", "abs": 7753, "label": "D155 PR8+7753"}}, {"type": "Feature", "geometry": {"type": "Point", "coordinates": [3.97385296, 44.1645366]}, "properties": {"route": "D172", "pr": "0", "abs": 0, "label": "D172 PR0"}}, {"type": "Feature", "geometry": {"type": "Point", "coordinates": [3.99016303, 44.15742439]}, "properties": {"route": "D172", "pr": "2", "abs": 1986, "label": "D172 PR2+1986"}}, {"type": "Feature", "geometry": {"type": "Point", "coordinates": [3.98113496, 44.15919868]}, "properties": {"route": "D172", "pr": "1", "abs": 996, "label": "D172 PR1+996"}}, {"type": "Feature", "geometry": {"type": "Point", "coordinates": [3.38044664, 44.12937673]}, "properties": {"route": "D28", "pr": "0", "abs": 0, "label": "D28 PR0"}}, {"type": "Feature", "geometry": {"type": "Point", "coordinates": [3.34272799, 44.13731641]}, "properties": {"route": "D28", "pr": "4", "abs": 3981, "label": "D28 PR4+3981"}}, {"type": "Feature", "geometry": {"type": "Point", "coordinates": [3.33235972, 44.1409765]}, "properties": {"route": "D28", "pr": "5", "abs": 4978, "label": "D28 PR5+4978"}}, {"type": "Feature", "geometry": {"type": "Point", "coordinates": [3.37114337, 44.12980195]}, "properties": {"route": "D28", "pr": "1", "abs": 997, "label": "D28 PR1+997"}}, {"type": "Feature", "geometry": {"type": "Point", "coordinates": [3.35322497, 44.13527684]}, "properties": {"route": "D28", "pr": "3", "abs": 2986, "label": "D28 PR3+2986"}}, {"type": "Feature", "geometry": {"type": "Point", "coordinates": [3.98977905, 44.4301608]}, "properties": {"route": "D901", "pr": "40", "abs": 38762, "label": "D901 PR40+38762"}}, {"type": "Feature", "geometry": {"type": "Point", "coordinates": [3.97682759, 44.42312474]}, "properties": {"route": "D901", "pr": "42", "abs": 40759, "label": "D901 PR42+40759"}}, {"type": "Feature", "geometry": {"type": "Point", "coordinates": [3.9811883, 44.42532223]}, "properties": {"route": "D901", "pr": "41", "abs": 39764, "label": "D901 PR41+39764"}}, {"type": "Feature", "geometry": {"type": "Point", "coordinates": [3.9679811, 44.42127178]}, "properties": {"route": "D901", "pr": "43", "abs": 41758, "label": "D901 PR43+41758"}}, {"type": "Feature", "geometry": {"type": "Point", "coordinates": [3.96554472, 44.21172212]}, "properties": {"route": "D532", "pr": "0", "abs": 0, "label": "D532 PR0"}}, {"type": "Feature", "geometry": {"type": "Point", "coordinates": [3.94230725, 44.20211954]}, "properties": {"route": "D532", "pr": "3", "abs": 2974, "label": "D532 PR3+2974"}}, {"type": "Feature", "geometry": {"type": "Point", "coordinates": [3.95731589, 44.20748782]}, "properties": {"route": "D532", "pr": "1", "abs": 998, "label": "D532 PR1+998"}}, {"type": "Feature", "geometry": {"type": "Point", "coordinates": [3.95084595, 44.20636485]}, "properties": {"route": "D532", "pr": "2", "abs": 1998, "label": "D532 PR2+1998"}}, {"type": "Feature", "geometry": {"type": "Point", "coordinates": [3.94742497, 44.35110429]}, "properties": {"route": "D362", "pr": "0", "abs": 0, "label": "D362 PR0"}}, {"type": "Feature", "geometry": {"type": "Point", "coordinates": [3.91042906, 44.38263]}, "properties": {"route": "D362", "pr": "14", "abs": 14062, "label": "D362 PR14+14062"}}, {"type": "Feature", "geometry": {"type": "Point", "coordinates": [3.92955553, 44.3496426]}, "properties": {"route": "D362", "pr": "5", "abs": 4944, "label": "D362 PR5+4944"}}, {"type": "Feature", "geometry": {"type": "Point", "coordinates": [3.9219994, 44.36445267]}, "properties": {"route": "D362", "pr": "8", "abs": 8015, "label": "D362 PR8+8015"}}, {"type": "Feature", "geometry": {"type": "Point", "coordinates": [3.93521162, 44.35012851]}, "properties": {"route": "D362", "pr": "3", "abs": 3004, "label": "D362 PR3+3004"}}, {"type": "Feature", "geometry": {"type": "Point", "coordinates": [3.93872176, 44.35375261]}, "properties": {"route": "D362", "pr": "1", "abs": 1014, "label": "D362 PR1+1014"}}, {"type": "Feature", "geometry": {"type": "Point", "coordinates": [3.92385309, 44.36154201]}, "properties": {"route": "D362", "pr": "7", "abs": 6906, "label": "D362 PR7+6906"}}, {"type": "Feature", "geometry": {"type": "Point", "coordinates": [3.92048557, 44.3667429]}, "properties": {"route": "D362", "pr": "9", "abs": 8922, "label": "D362 PR9+8922"}}, {"type": "Feature", "geometry": {"type": "Point", "coordinates": [3.91871318, 44.35944521]}, "properties": {"route": "D362", "pr": "11", "abs": 11070, "label": "D362 PR11+11070"}}, {"type": "Feature", "geometry": {"type": "Point", "coordinates": [3.91900331, 44.36843421]}, "properties": {"route": "D362", "pr": "10", "abs": 9984, "label": "D362 PR10+9984"}}, {"type": "Feature", "geometry": {"type": "Point", "coordinates": [3.93325303, 44.34988857]}, "properties": {"route": "D362", "pr": "4", "abs": 3992, "label": "D362 PR4+3992"}}, {"type": "Feature", "geometry": {"type": "Point", "coordinates": [3.92659184, 44.35698277]}, "properties": {"route": "D362", "pr": "6", "abs": 5929, "label": "D362 PR6+5929"}}, {"type": "Feature", "geometry": {"type": "Point", "coordinates": [3.91507618, 44.36616325]}, "properties": {"route": "D362", "pr": "12", "abs": 12009, "label": "D362 PR12+12009"}}, {"type": "Feature", "geometry": {"type": "Point", "coordinates": [3.93723956, 44.35365002]}, "properties": {"route": "D362", "pr": "2", "abs": 1997, "label": "D362 PR2+1997"}}, {"type": "Feature", "geometry": {"type": "Point", "coordinates": [3.90059895, 44.38626675]}, "properties": {"route": "D362", "pr": "15", "abs": 15066, "label": "D362 PR15+15066"}}, {"type": "Feature", "geometry": {"type": "Point", "coordinates": [3.70965013, 44.11543758]}, "properties": {"route": "D193", "pr": "9", "abs": 8992, "label": "D193 PR9+8992"}}, {"type": "Feature", "geometry": {"type": "Point", "coordinates": [3.71844979, 44.11863226]}, "properties": {"route": "D193", "pr": "10", "abs": 9995, "label": "D193 PR10+9995"}}, {"type": "Feature", "geometry": {"type": "Point", "coordinates": [3.93419573, 44.39717045]}, "properties": {"route": "D906", "pr": "43", "abs": 41479, "label": "D906 PR43+41479"}}, {"type": "Feature", "geometry": {"type": "Point", "coordinates": [3.95059184, 44.3449879]}, "properties": {"route": "D906", "pr": "33", "abs": 31877, "label": "D906 PR33+31877"}}, {"type": "Feature", "geometry": {"type": "Point", "coordinates": [3.94414372, 44.37117779]}, "properties": {"route": "D906", "pr": "39", "abs": 37744, "label": "D906 PR39+37744"}}, {"type": "Feature", "geometry": {"type": "Point", "coordinates": [3.99783231, 44.23006151]}, "properties": {"route": "D328", "pr": "0", "abs": 0, "label": "D328 PR0"}}, {"type": "Feature", "geometry": {"type": "Point", "coordinates": [3.98901317, 44.33230092]}, "properties": {"route": "D318", "pr": "0", "abs": 0, "label": "D318 PR0"}}, {"type": "Feature", "geometry": {"type": "Point", "coordinates": [3.9977387, 44.33016873]}, "properties": {"route": "D318", "pr": "1", "abs": 983, "label": "D318 PR1+983"}}, {"type": "Feature", "geometry": {"type": "Point", "coordinates": [3.9528277, 44.28205053]}, "properties": {"route": "D52", "pr": "6", "abs": 5997, "label": "D52 PR6+5997"}}, {"type": "Feature", "geometry": {"type": "Point", "coordinates": [3.95993354, 44.28032604]}, "properties": {"route": "D52", "pr": "5", "abs": 4999, "label": "D52 PR5+4999"}}, {"type": "Feature", "geometry": {"type": "Point", "coordinates": [3.98052672, 44.28268461]}, "properties": {"route": "D52", "pr": "2", "abs": 2018, "label": "D52 PR2+2018"}}, {"type": "Feature", "geometry": {"type": "Point", "coordinates": [3.9660456, 44.2831054]}, "properties": {"route": "D52", "pr": "4", "abs": 4004, "label": "D52 PR4+4004"}}, {"type": "Feature", "geometry": {"type": "Point", "coordinates": [3.97611706, 44.28457736]}, "properties": {"route": "D52", "pr": "3", "abs": 3009, "label": "D52 PR3+3009"}}, {"type": "Feature", "geometry": {"type": "Point", "coordinates": [3.94317581, 44.28502339]}, "properties": {"route": "D52", "pr": "7", "abs": 6988, "label": "D52 PR7+6988"}}, {"type": "Feature", "geometry": {"type": "Point", "coordinates": [3.98708557, 44.28370073]}, "properties": {"route": "D52", "pr": "1", "abs": 1006, "label": "D52 PR1+1006"}}, {"type": "Feature", "geometry": {"type": "Point", "coordinates": [3.43492228, 44.11403055]}, "properties": {"route": "D157", "pr": "7", "abs": 6958, "label": "D157 PR7+6958"}}, {"type": "Feature", "geometry": {"type": "Point", "coordinates": [3.47241659, 44.11419577]}, "properties": {"route": "D157", "pr": "1", "abs": 1008, "label": "D157 PR1+1008"}}, {"type": "Feature", "geometry": {"type": "Point", "coordinates": [3.97385296, 44.1645366]}, "properties": {"route": "D206", "pr": "0", "abs": 0, "label": "D206 PR0"}}, {"type": "Feature", "geometry": {"type": "Point", "coordinates": [3.96124571, 44.16099864]}, "properties": {"route": "D206", "pr": "2", "abs": 2011, "label": "D206 PR2+2011"}}, {"type": "Feature", "geometry": {"type": "Point", "coordinates": [3.96675475, 44.16164423]}, "properties": {"route": "D206", "pr": "1", "abs": 1015, "label": "D206 PR1+1015"}}, {"type": "Feature", "geometry": {"type": "Point", "coordinates": [3.94472265, 44.16460052]}, "properties": {"route": "D206", "pr": "4", "abs": 4017, "label": "D206 PR4+4017"}}, {"type": "Feature", "geometry": {"type": "Point", "coordinates": [3.95334143, 44.16373113]}, "properties": {"route": "D206", "pr": "3", "abs": 3010, "label": "D206 PR3+3010"}}, {"type": "Feature", "geometry": {"type": "Point", "coordinates": [3.89922806, 44.11926223]}, "properties": {"route": "D50", "pr": "24", "abs": 22825, "label": "D50 PR24+22825"}}, {"type": "Feature", "geometry": {"type": "Point", "coordinates": [3.93552704, 44.11760285]}, "properties": {"route": "D50", "pr": "19", "abs": 18024, "label": "D50 PR19+18024"}}, {"type": "Feature", "geometry": {"type": "Point", "coordinates": [3.92456184, 44.11983096]}, "properties": {"route": "D50", "pr": "20", "abs": 19017, "label": "D50 PR20+19017"}}, {"type": "Feature", "geometry": {"type": "Point", "coordinates": [3.90200099, 44.12550782]}, "properties": {"route": "D50", "pr": "23", "abs": 21856, "label": "D50 PR23+21856"}}, {"type": "Feature", "geometry": {"type": "Point", "coordinates": [3.8917216, 44.11418845]}, "properties": {"route": "D50", "pr": "25", "abs": 23774, "label": "D50 PR25+23774"}}, {"type": "Feature", "geometry": {"type": "Point", "coordinates": [3.90895671, 44.12693645]}, "properties": {"route": "D50", "pr": "22", "abs": 21002, "label": "D50 PR22+21002"}}, {"type": "Feature", "geometry": {"type": "Point", "coordinates": [3.91628458, 44.12553427]}, "properties": {"route": "D50", "pr": "21", "abs": 20026, "label": "D50 PR21+20026"}}, {"type": "Feature", "geometry": {"type": "Point", "coordinates": [3.95535842, 44.35552871]}, "properties": {"route": "D375", "pr": "0", "abs": 0, "label": "D375 PR0"}}, {"type": "Feature", "geometry": {"type": "Point", "coordinates": [3.9655796, 44.35680155]}, "properties": {"route": "D375", "pr": "1", "abs": 1015, "label": "D375 PR1+1015"}}, {"type": "Feature", "geometry": {"type": "Point", "coordinates": [3.34675618, 44.11477968]}, "properties": {"route": "D159B", "pr": "0", "abs": 0, "label": "D159B PR0"}}, {"type": "Feature", "geometry": {"type": "Point", "coordinates": [3.9898321, 44.33897589]}, "properties": {"route": "D318A", "pr": "2", "abs": 1952, "label": "D318A PR2+1952"}}, {"type": "Feature", "geometry": {"type": "Point", "coordinates": [3.99666531, 44.33395758]}, "properties": {"route": "D318A", "pr": "1", "abs": 999, "label": "D318A PR1+999"}}, {"type": "Feature", "geometry": {"type": "Point", "coordinates": [3.97969765, 44.35410393]}, "properties": {"route": "D318A", "pr": "4", "abs": 3913, "label": "D318A PR4+3913"}}, {"type": "Feature", "geometry": {"type": "Point", "coordinates": [3.9831876, 44.34597438]}, "properties": {"route": "D318A", "pr": "3", "abs": 2933, "label": "D318A PR3+2933"}}, {"type": "Feature", "geometry": {"type": "Point", "coordinates": [3.97213914, 44.36124944]}, "properties": {"route": "D318A", "pr": "5", "abs": 5007, "label": "D318A PR5+5007"}}, {"type": "Feature", "geometry": {"type": "Point", "coordinates": [3.38131019, 44.13068873]}, "properties": {"route": "D47A", "pr": "0", "abs": 0, "label": "D47A PR0"}}, {"type": "Feature", "geometry": {"type": "Point", "coordinates": [3.37443818, 44.14680746]}, "properties": {"route": "D47A", "pr": "2", "abs": 1999, "label": "D47A PR2+1999"}}, {"type": "Feature", "geometry": {"type": "Point", "coordinates": [3.37759852, 44.13819284]}, "properties": {"route": "D47A", "pr": "1", "abs": 988, "label": "D47A PR1+988"}}, {"type": "Feature", "geometry": {"type": "Point", "coordinates": [3.37165335, 44.15525515]}, "properties": {"route": "D47A", "pr": "3", "abs": 2991, "label": "D47A PR3+2991"}}, {"type": "Feature", "geometry": {"type": "Point", "coordinates": [3.94839503, 44.34782184]}, "properties": {"route": "D134", "pr": "0", "abs": 0, "label": "D134 PR0"}}, {"type": "Feature", "geometry": {"type": "Point", "coordinates": [3.97117275, 44.33503719]}, "properties": {"route": "D134", "pr": "3", "abs": 2986, "label": "D134 PR3+2986"}}, {"type": "Feature", "geometry": {"type": "Point", "coordinates": [3.99049657, 44.3557492]}, "properties": {"route": "D134", "pr": "7", "abs": 6948, "label": "D134 PR7+6948"}}, {"type": "Feature", "geometry": {"type": "Point", "coordinates": [3.98055448, 44.34257163]}, "properties": {"route": "D134", "pr": "5", "abs": 4943, "label": "D134 PR5+4943"}}, {"type": "Feature", "geometry": {"type": "Point", "coordinates": [3.95990047, 44.33642523]}, "properties": {"route": "D134", "pr": "2", "abs": 2009, "label": "D134 PR2+2009"}}, {"type": "Feature", "geometry": {"type": "Point", "coordinates": [3.98261331, 44.33441617]}, "properties": {"route": "D134", "pr": "4", "abs": 3993, "label": "D134 PR4+3993"}}, {"type": "Feature", "geometry": {"type": "Point", "coordinates": [3.98185464, 44.35056842]}, "properties": {"route": "D134", "pr": "6", "abs": 5942, "label": "D134 PR6+5942"}}, {"type": "Feature", "geometry": {"type": "Point", "coordinates": [3.9967295, 44.35336763]}, "properties": {"route": "D134", "pr": "8", "abs": 7958, "label": "D134 PR8+7958"}}, {"type": "Feature", "geometry": {"type": "Point", "coordinates": [3.95326899, 44.34290684]}, "properties": {"route": "D134", "pr": "1", "abs": 986, "label": "D134 PR1+986"}}, {"type": "Feature", "geometry": {"type": "Point", "coordinates": [3.9632646, 44.33259692]}, "properties": {"route": "D134A", "pr": "0", "abs": 0, "label": "D134A PR0"}}, {"type": "Feature", "geometry": {"type": "Point", "coordinates": [3.6458514, 44.16968729]}, "properties": {"route": "D10A", "pr": "0", "abs": 0, "label": "D10A PR0"}}, {"type": "Feature", "geometry": {"type": "Point", "coordinates": [3.97834719, 44.29675612]}, "properties": {"route": "D452", "pr": "0", "abs": 0, "label": "D452 PR0"}}, {"type": "Feature", "geometry": {"type": "Point", "coordinates": [3.9767838, 44.30350084]}, "properties": {"route": "D452", "pr": "1", "abs": 1024, "label": "D452 PR1+1024"}}, {"type": "Feature", "geometry": {"type": "Point", "coordinates": [3.64694569, 44.1718897]}, "properties": {"route": "D10C", "pr": "0", "abs": 0, "label": "D10C PR0"}}, {"type": "Feature", "geometry": {"type": "Point", "coordinates": [3.64271968, 44.17938813]}, "properties": {"route": "D10C", "pr": "1", "abs": 1008, "label": "D10C PR1+1008"}}, {"type": "Feature", "geometry": {"type": "Point", "coordinates": [3.8889868, 44.11387313]}, "properties": {"route": "D983", "pr": "4", "abs": 3971, "label": "D983 PR4+3971"}}, {"type": "Feature", "geometry": {"type": "Point", "coordinates": [3.3689578, 44.11574946]}, "properties": {"route": "D159", "pr": "0", "abs": 0, "label": "D159 PR0"}}, {"type": "Feature", "geometry": {"type": "Point", "coordinates": [3.35788111, 44.11633522]}, "properties": {"route": "D159", "pr": "1", "abs": 985, "label": "D159 PR1+985"}}, {"type": "Feature", "geometry": {"type": "Point", "coordinates": [3.97061654, 44.30864071]}, "properties": {"route": "D278", "pr": "0", "abs": 0, "label": "D278 PR0"}}, {"type": "Feature", "geometry": {"type": "Point", "coordinates": [3.96725111, 44.3158081]}, "properties": {"route": "D278", "pr": "1", "abs": 987, "label": "D278 PR1+987"}}, {"type": "Feature", "geometry": {"type": "Point", "coordinates": [3.94230843, 44.37824411]}, "properties": {"route": "D315A", "pr": "0", "abs": 0, "label": "D315A PR0"}}, {"type": "Feature", "geometry": {"type": "Point", "coordinates": [3.95283202, 44.37615232]}, "properties": {"route": "D315A", "pr": "1", "abs": 1031, "label": "D315A PR1+1031"}}, {"type": "Feature", "geometry": {"type": "Point", "coordinates": [3.95100396, 44.40093453]}, "properties": {"route": "D451", "pr": "0", "abs": 0, "label": "D451 PR0"}}, {"type": "Feature", "geometry": {"type": "Point", "coordinates": [3.94123416, 44.39033804]}, "properties": {"route": "D451", "pr": "3", "abs": 2961, "label": "D451 PR3+2961"}}, {"type": "Feature", "geometry": {"type": "Point", "coordinates": [3.94576022, 44.39334926]}, "properties": {"route": "D451", "pr": "2", "abs": 1977, "label": "D451 PR2+1977"}}, {"type": "Feature", "geometry": {"type": "Point", "coordinates": [3.9527127, 44.39912739]}, "properties": {"route": "D451", "pr": "1", "abs": 995, "label": "D451 PR1+995"}}, {"type": "Feature", "geometry": {"type": "Point", "coordinates": [3.38136083, 44.13059944]}, "properties": {"route": "D263", "pr": "0", "abs": 0, "label": "D263 PR0"}}, {"type": "Feature", "geometry": {"type": "Point", "coordinates": [3.39996351, 44.12991301]}, "properties": {"route": "D263", "pr": "2", "abs": 1989, "label": "D263 PR2+1989"}}, {"type": "Feature", "geometry": {"type": "Point", "coordinates": [3.39060435, 44.12637889]}, "properties": {"route": "D263", "pr": "1", "abs": 974, "label": "D263 PR1+974"}}, {"type": "Feature", "geometry": {"type": "Point", "coordinates": [3.85166709, 44.13055409]}, "properties": {"route": "D260", "pr": "6", "abs": 5840, "label": "D260 PR6+5840"}}, {"type": "Feature", "geometry": {"type": "Point", "coordinates": [3.86466072, 44.12563949]}, "properties": {"route": "D260", "pr": "2", "abs": 1876, "label": "D260 PR2+1876"}}, {"type": "Feature", "geometry": {"type": "Point", "coordinates": [3.84350583, 44.13447505]}, "properties": {"route": "D260", "pr": "7", "abs": 6828, "label": "D260 PR7+6828"}}, {"type": "Feature", "geometry": {"type": "Point", "coordinates": [3.86215957, 44.12625506]}, "properties": {"route": "D260", "pr": "4", "abs": 3849, "label": "D260 PR4+3849"}}, {"type": "Feature", "geometry": {"type": "Point", "coordinates": [3.85601761, 44.12309792]}, "properties": {"route": "D260", "pr": "5", "abs": 4847, "label": "D260 PR5+4847"}}, {"type": "Feature", "geometry": {"type": "Point", "coordinates": [3.8622183, 44.11718784]}, "properties": {"route": "D260", "pr": "1", "abs": 869, "label": "D260 PR1+869"}}, {"type": "Feature", "geometry": {"type": "Point", "coordinates": [3.86743882, 44.12811084]}, "properties": {"route": "D260", "pr": "3", "abs": 2881, "label": "D260 PR3+2881"}}, {"type": "Feature", "geometry": {"type": "Point", "coordinates": [3.96235706, 44.19805781]}, "properties": {"route": "D432A", "pr": "0", "abs": 0, "label": "D432A PR0"}}, {"type": "Feature", "geometry": {"type": "Point", "coordinates": [3.96898994, 44.21185469]}, "properties": {"route": "D154", "pr": "0", "abs": 0, "label": "D154 PR0"}}, {"type": "Feature", "geometry": {"type": "Point", "coordinates": [3.99440772, 44.21980991]}, "properties": {"route": "D154", "pr": "6", "abs": 5917, "label": "D154 PR6+5917"}}, {"type": "Feature", "geometry": {"type": "Point", "coordinates": [3.97565957, 44.22476161]}, "properties": {"route": "D154", "pr": "2", "abs": 1996, "label": "D154 PR2+1996"}}, {"type": "Feature", "geometry": {"type": "Point", "coordinates": [3.98665694, 44.2239054]}, "properties": {"route": "D154", "pr": "5", "abs": 4922, "label": "D154 PR5+4922"}}, {"type": "Feature", "geometry": {"type": "Point", "coordinates": [3.98221473, 44.2190096]}, "properties": {"route": "D154", "pr": "4", "abs": 3932, "label": "D154 PR4+3932"}}, {"type": "Feature", "geometry": {"type": "Point", "coordinates": [3.97987393, 44.21914664]}, "properties": {"route": "D154", "pr": "3", "abs": 2978, "label": "D154 PR3+2978"}}, {"type": "Feature", "geometry": {"type": "Point", "coordinates": [3.97056751, 44.21972799]}, "properties": {"route": "D154", "pr": "1", "abs": 986, "label": "D154 PR1+986"}}, {"type": "Feature", "geometry": {"type": "Point", "coordinates": [3.93849839, 44.38533358]}, "properties": {"route": "D315", "pr": "0", "abs": 0, "label": "D315 PR0"}}, {"type": "Feature", "geometry": {"type": "Point", "coordinates": [3.43359791, 44.11499886]}, "properties": {"route": "D252", "pr": "0", "abs": 0, "label": "D252 PR0"}}, {"type": "Feature", "geometry": {"type": "Point", "coordinates": [3.43367792, 44.12434752]}, "properties": {"route": "D252", "pr": "2", "abs": 2033, "label": "D252 PR2+2033"}}, {"type": "Feature", "geometry": {"type": "Point", "coordinates": [3.43518103, 44.12809394]}, "properties": {"route": "D252", "pr": "3", "abs": 3059, "label": "D252 PR3+3059"}}, {"type": "Feature", "geometry": {"type": "Point", "coordinates": [3.43664723, 44.12245009]}, "properties": {"route": "D252", "pr": "1", "abs": 1017, "label": "D252 PR1+1017"}}, {"type": "Feature", "geometry": {"type": "Point", "coordinates": [3.98254645, 44.33410439]}, "properties": {"route": "D156", "pr": "0", "abs": 0, "label": "D156 PR0"}}, {"type": "Feature", "geometry": {"type": "Point", "coordinates": [3.99361381, 44.33095595]}, "properties": {"route": "D156", "pr": "1", "abs": 995, "label": "D156 PR1+995"}}, {"type": "Feature", "geometry": {"type": "Point", "coordinates": [3.95235331, 44.3308933]}, "properties": {"route": "D998", "pr": "0", "abs": 0, "label": "D998 PR0"}}, {"type": "Feature", "geometry": {"type": "Point", "coordinates": [3.95270846, 44.33777056]}, "properties": {"route": "D998", "pr": "1", "abs": 941, "label": "D998 PR1+941"}}, {"type": "Feature", "geometry": {"type": "Point", "coordinates": [3.99670813, 44.18292926]}, "properties": {"route": "D632", "pr": "5", "abs": 5001, "label": "D632 PR5+5001"}}, {"type": "Feature", "geometry": {"type": "Point", "coordinates": [3.37140475, 44.15547471]}, "properties": {"route": "D47C", "pr": "0", "abs": 0, "label": "D47C PR0"}}, {"type": "Feature", "geometry": {"type": "Point", "coordinates": [3.37452715, 44.17075197]}, "properties": {"route": "D47C", "pr": "2", "abs": 1987, "label": "D47C PR2+1987"}}, {"type": "Feature", "geometry": {"type": "Point", "coordinates": [3.37658301, 44.16244077]}, "properties": {"route": "D47C", "pr": "1", "abs": 968, "label": "D47C PR1+968"}}, {"type": "Feature", "geometry": {"type": "Point", "coordinates": [3.96134343, 44.19620157]}, "properties": {"route": "D432B", "pr": "0", "abs": 0, "label": "D432B PR0"}}, {"type": "Feature", "geometry": {"type": "Point", "coordinates": [3.95493109, 44.332783]}, "properties": {"route": "D17", "pr": "0", "abs": 0, "label": "D17 PR0"}}, {"type": "Feature", "geometry": {"type": "Point", "coordinates": [3.99038517, 44.31621974]}, "properties": {"route": "D17", "pr": "4", "abs": 3965, "label": "D17 PR4+3965"}}, {"type": "Feature", "geometry": {"type": "Point", "coordinates": [3.96564967, 44.330438]}, "properties": {"route": "D17", "pr": "1", "abs": 998, "label": "D17 PR1+998"}}, {"type": "Feature", "geometry": {"type": "Point", "coordinates": [3.982896, 44.32142714]}, "properties": {"route": "D17", "pr": "3", "abs": 2993, "label": "D17 PR3+2993"}}, {"type": "Feature", "geometry": {"type": "Point", "coordinates": [3.97217785, 44.32438867]}, "properties": {"route": "D17", "pr": "2", "abs": 1983, "label": "D17 PR2+1983"}}, {"type": "Feature", "geometry": {"type": "Point", "coordinates": [3.97277645, 44.25141975]}, "properties": {"route": "D276", "pr": "0", "abs": 0, "label": "D276 PR0"}}, {"type": "Feature", "geometry": {"type": "Point", "coordinates": [3.97195664, 44.26461289]}, "properties": {"route": "D276", "pr": "3", "abs": 2964, "label": "D276 PR3+2964"}}, {"type": "Feature", "geometry": {"type": "Point", "coordinates": [3.97773633, 44.27695632]}, "properties": {"route": "D276", "pr": "5", "abs": 4948, "label": "D276 PR5+4948"}}, {"type": "Feature", "geometry": {"type": "Point", "coordinates": [3.97357586, 44.27239418]}, "properties": {"route": "D276", "pr": "4", "abs": 3964, "label": "D276 PR4+3964"}}, {"type": "Feature", "geometry": {"type": "Point", "coordinates": [3.97756437, 44.26137918]}, "properties": {"route": "D276", "pr": "2", "abs": 1960, "label": "D276 PR2+1960"}}, {"type": "Feature", "geometry": {"type": "Point", "coordinates": [3.9724684, 44.27751527]}, "properties": {"route": "D276", "pr": "6", "abs": 5932, "label": "D276 PR6+5932"}}, {"type": "Feature", "geometry": {"type": "Point", "coordinates": [3.97640189, 44.25402422]}, "properties": {"route": "D276", "pr": "1", "abs": 995, "label": "D276 PR1+995"}}, {"type": "Feature", "geometry": {"type": "Point", "coordinates": [3.97607317, 44.25268046]}, "properties": {"route": "D276A", "pr": "0", "abs": 0, "label": "D276A PR0"}}, {"type": "Feature", "geometry": {"type": "Point", "coordinates": [3.9692459, 44.39720784]}, "properties": {"route": "D313", "pr": "0", "abs": 0, "label": "D313 PR0"}}, {"type": "Feature", "geometry": {"type": "Point", "coordinates": [3.97832022, 44.40330419]}, "properties": {"route": "D313", "pr": "2", "abs": 1999, "label": "D313 PR2+1999"}}, {"type": "Feature", "geometry": {"type": "Point", "coordinates": [3.97582714, 44.39956688]}, "properties": {"route": "D313", "pr": "1", "abs": 991, "label": "D313 PR1+991"}}, {"type": "Feature", "geometry": {"type": "Point", "coordinates": [3.93176428, 44.14624249]}, "properties": {"route": "D160", "pr": "12", "abs": 12001, "label": "D160 PR12+12001"}}, {"type": "Feature", "geometry": {"type": "Point", "coordinates": [3.98668472, 44.14900435]}, "properties": {"route": "D160", "pr": "6", "abs": 6001, "label": "D160 PR6+6001"}}, {"type": "Feature", "geometry": {"type": "Point", "coordinates": [3.91800435, 44.13383606]}, "properties": {"route": "D160", "pr": "16", "abs": 15974, "label": "D160 PR16+15974"}}, {"type": "Feature", "geometry": {"type": "Point", "coordinates": [3.92721718, 44.14275884]}, "properties": {"route": "D160", "pr": "13", "abs": 12994, "label": "D160 PR13+12994"}}, {"type": "Feature", "geometry": {"type": "Point", "coordinates": [3.99373068, 44.14729348]}, "properties": {"route": "D160", "pr": "5", "abs": 5009, "label": "D160 PR5+5009"}}, {"type": "Feature", "geometry": {"type": "Point", "coordinates": [3.94163768, 44.14678644]}, "properties": {"route": "D160", "pr": "11", "abs": 11009, "label": "D160 PR11+11009"}}, {"type": "Feature", "geometry": {"type": "Point", "coordinates": [3.95097892, 44.14472554]}, "properties": {"route": "D160", "pr": "10", "abs": 10000, "label": "D160 PR10+10000"}}, {"type": "Feature", "geometry": {"type": "Point", "coordinates": [3.91079687, 44.12931908]}, "properties": {"route": "D160", "pr": "17", "abs": 16967, "label": "D160 PR17+16967"}}, {"type": "Feature", "geometry": {"type": "Point", "coordinates": [3.92532461, 44.13261606]}, "properties": {"route": "D160", "pr": "15", "abs": 14973, "label": "D160 PR15+14973"}}, {"type": "Feature", "geometry": {"type": "Point", "coordinates": [3.9694147, 44.14905126]}, "properties": {"route": "D160", "pr": "8", "abs": 7998, "label": "D160 PR8+7998"}}, {"type": "Feature", "geometry": {"type": "Point", "coordinates": [3.91524709, 44.12768971]}, "properties": {"route": "D160", "pr": "18", "abs": 17972, "label": "D160 PR18+17972"}}, {"type": "Feature", "geometry": {"type": "Point", "coordinates": [3.95957077, 44.1454068]}, "properties": {"route": "D160", "pr": "9", "abs": 8994, "label": "D160 PR9+8994"}}, {"type": "Feature", "geometry": {"type": "Point", "coordinates": [3.97938409, 44.14734964]}, "properties": {"route": "D160", "pr": "7", "abs": 6961, "label": "D160 PR7+6961"}}, {"type": "Feature", "geometry": {"type": "Point", "coordinates": [3.92800607, 44.13817234]}, "properties": {"route": "D160", "pr": "14", "abs": 13987, "label": "D160 PR14+13987"}}, {"type": "Feature", "geometry": {"type": "Point", "coordinates": [3.99480308, 44.28560349]}, "properties": {"route": "D243", "pr": "0", "abs": 0, "label": "D243 PR0"}}, {"type": "Feature", "geometry": {"type": "Point", "coordinates": [3.98225847, 44.30374013]}, "properties": {"route": "D243", "pr": "6", "abs": 6076, "label": "D243 PR6+6076"}}, {"type": "Feature", "geometry": {"type": "Point", "coordinates": [3.99780425, 44.29791805]}, "properties": {"route": "D243", "pr": "4", "abs": 4090, "label": "D243 PR4+4090"}}, {"type": "Feature", "geometry": {"type": "Point", "coordinates": [3.98778881, 44.29961716]}, "properties": {"route": "D243", "pr": "5", "abs": 5080, "label": "D243 PR5+5080"}}, {"type": "Feature", "geometry": {"type": "Point", "coordinates": [3.97829705, 44.30053382]}, "properties": {"route": "D29", "pr": "0", "abs": 0, "label": "D29 PR0"}}, {"type": "Feature", "geometry": {"type": "Point", "coordinates": [3.98683863, 44.30443999]}, "properties": {"route": "D29", "pr": "1", "abs": 1006, "label": "D29 PR1+1006"}}, {"type": "Feature", "geometry": {"type": "Point", "coordinates": [3.99729485, 44.3054439]}, "properties": {"route": "D29", "pr": "2", "abs": 2022, "label": "D29 PR2+2022"}}, {"type": "Feature", "geometry": {"type": "Point", "coordinates": [3.42386813, 44.15171569]}, "properties": {"route": "D986", "pr": "0", "abs": 0, "label": "D986 PR0"}}, {"type": "Feature", "geometry": {"type": "Point", "coordinates": [3.40612405, 44.13705491]}, "properties": {"route": "D986", "pr": "3", "abs": 2971, "label": "D986 PR3+2971"}}, {"type": "Feature", "geometry": {"type": "Point", "coordinates": [3.48193957, 44.12224411]}, "properties": {"route": "D986", "pr": "12", "abs": 11713, "label": "D986 PR12+11713"}}, {"type": "Feature", "geometry": {"type": "Point", "coordinates": [3.44940702, 44.12339759]}, "properties": {"route": "D986", "pr": "9", "abs": 8869, "label": "D986 PR9+8869"}}, {"type": "Feature", "geometry": {"type": "Point", "coordinates": [3.40356931, 44.12946326]}, "properties": {"route": "D986", "pr": "4", "abs": 3928, "label": "D986 PR4+3928"}}, {"type": "Feature", "geometry": {"type": "Point", "coordinates": [3.43259114, 44.13128863]}, "properties": {"route": "D986", "pr": "7", "abs": 6909, "label": "D986 PR7+6909"}}, {"type": "Feature", "geometry": {"type": "Point", "coordinates": [3.42349608, 44.13231332]}, "properties": {"route": "D986", "pr": "6", "abs": 5917, "label": "D986 PR6+5917"}}, {"type": "Feature", "geometry": {"type": "Point", "coordinates": [3.48543736, 44.11483283]}, "properties": {"route": "D986", "pr": "13", "abs": 12722, "label": "D986 PR13+12722"}}, {"type": "Feature", "geometry": {"type": "Point", "coordinates": [3.44086369, 44.12656722]}, "properties": {"route": "D986", "pr": "8", "abs": 7902, "label": "D986 PR8+7902"}}, {"type": "Feature", "geometry": {"type": "Point", "coordinates": [3.41353532, 44.15113408]}, "properties": {"route": "D986", "pr": "1", "abs": 979, "label": "D986 PR1+979"}}, {"type": "Feature", "geometry": {"type": "Point", "coordinates": [3.45948494, 44.12470951]}, "properties": {"route": "D986", "pr": "10", "abs": 9777, "label": "D986 PR10+9777"}}, {"type": "Feature", "geometry": {"type": "Point", "coordinates": [3.47090085, 44.12441895]}, "properties": {"route": "D986", "pr": "11", "abs": 10744, "label": "D986 PR11+10744"}}, {"type": "Feature", "geometry": {"type": "Point", "coordinates": [3.40611911, 44.14458764]}, "properties": {"route": "D986", "pr": "2", "abs": 1972, "label": "D986 PR2+1972"}}, {"type": "Feature", "geometry": {"type": "Point", "coordinates": [3.41400953, 44.12921822]}, "properties": {"route": "D986", "pr": "5", "abs": 4923, "label": "D986 PR5+4923"}}, {"type": "Feature", "geometry": {"type": "Point", "coordinates": [3.99361847, 44.39002545]}, "properties": {"route": "D155A", "pr": "0", "abs": 0, "label": "D155A PR0"}}, {"type": "Feature", "geometry": {"type": "Point", "coordinates": [3.98193853, 44.38335052]}, "properties": {"route": "D51", "pr": "43", "abs": 40479, "label": "D51 PR43+40479"}}, {"type": "Feature", "geometry": {"type": "Point", "coordinates": [3.96339029, 44.40123019]}, "properties": {"route": "D51", "pr": "46", "abs": 43498, "label": "D51 PR46+43498"}}, {"type": "Feature", "geometry": {"type": "Point", "coordinates": [3.98003241, 44.38941171]}, "properties": {"route": "D51", "pr": "44", "abs": 41474, "label": "D51 PR44+41474"}}, {"type": "Feature", "geometry": {"type": "Point", "coordinates": [3.95148908, 44.40110859]}, "properties": {"route": "D51", "pr": "47", "abs": 44482, "label": "D51 PR47+44482"}}, {"type": "Feature", "geometry": {"type": "Point", "coordinates": [3.98235315, 44.37656983]}, "properties": {"route": "D51", "pr": "42", "abs": 39468, "label": "D51 PR42+39468"}}, {"type": "Feature", "geometry": {"type": "Point", "coordinates": [3.9736177, 44.39602237]}, "properties": {"route": "D51", "pr": "45", "abs": 42471, "label": "D51 PR45+42471"}}, {"type": "Feature", "geometry": {"type": "Point", "coordinates": [3.98700341, 44.36943078]}, "properties": {"route": "D51", "pr": "41", "abs": 38494, "label": "D51 PR41+38494"}}, {"type": "Feature", "geometry": {"type": "Point", "coordinates": [3.99660214, 44.36631231]}, "properties": {"route": "D51", "pr": "40", "abs": 37466, "label": "D51 PR40+37466"}}, {"type": "Feature", "geometry": {"type": "Point", "coordinates": [3.48545874, 44.51631475]}, "properties": {"route": "N88", "pr": "FS", "abs": null, "label": "N88 PRFS"}}, {"type": "Feature", "geometry": {"type": "Point", "coordinates": [3.48519574, 44.51631051]}, "properties": {"route": "N88", "pr": "DS", "abs": null, "label": "N88 PRDS"}}, {"type": "Feature", "geometry": {"type": "Point", "coordinates": [3.24217187, 44.49732808]}, "properties": {"route": "N88", "pr": "FS", "abs": null, "label": "N88 PRFS"}}, {"type": "Feature", "geometry": {"type": "Point", "coordinates": [3.2426762, 44.49731887]}, "properties": {"route": "N88", "pr": "DS", "abs": null, "label": "N88 PRDS"}}, {"type": "Feature", "geometry": {"type": "Point", "coordinates": [3.88408714, 44.75542158]}, "properties": {"route": "N88", "pr": "FS", "abs": null, "label": "N88 PRFS"}}, {"type": "Feature", "geometry": {"type": "Point", "coordinates": [3.49151546, 44.51787237]}, "properties": {"route": "N88", "pr": "FS", "abs": null, "label": "N88 PRFS"}}, {"type": "Feature", "geometry": {"type": "Point", "coordinates": [3.49176394, 44.51808642]}, "properties": {"route": "N88", "pr": "DS", "abs": null, "label": "N88 PRDS"}}, {"type": "Feature", "geometry": {"type": "Point", "coordinates": [3.49176394, 44.51808642]}, "properties": {"route": "N88", "pr": "FS", "abs": null, "label": "N88 PRFS"}}, {"type": "Feature", "geometry": {"type": "Point", "coordinates": [3.51044568, 44.52079414]}, "properties": {"route": "N88", "pr": "DS", "abs": null, "label": "N88 PRDS"}}, {"type": "Feature", "geometry": {"type": "Point", "coordinates": [3.51046976, 44.52095247]}, "properties": {"route": "N88", "pr": "FS", "abs": null, "label": "N88 PRFS"}}, {"type": "Feature", "geometry": {"type": "Point", "coordinates": [3.51044568, 44.52079414]}, "properties": {"route": "N88", "pr": "DS", "abs": null, "label": "N88 PRDS"}}, {"type": "Feature", "geometry": {"type": "Point", "coordinates": [3.24304237, 44.49735587]}, "properties": {"route": "N88", "pr": "FS", "abs": null, "label": "N88 PRFS"}}, {"type": "Feature", "geometry": {"type": "Point", "coordinates": [3.26607263, 44.50388605]}, "properties": {"route": "N88", "pr": "DS", "abs": null, "label": "N88 PRDS"}}, {"type": "Feature", "geometry": {"type": "Point", "coordinates": [3.06415396, 44.33394636]}, "properties": {"route": "N88", "pr": "FS", "abs": null, "label": "N88 PRFS"}}, {"type": "Feature", "geometry": {"type": "Point", "coordinates": [3.08338534, 44.3317218]}, "properties": {"route": "N88", "pr": "DS", "abs": null, "label": "N88 PRDS"}}, {"type": "Feature", "geometry": {"type": "Point", "coordinates": [3.24304351, 44.49732886]}, "properties": {"route": "N88", "pr": "FS", "abs": null, "label": "N88 PRFS"}}, {"type": "Feature", "geometry": {"type": "Point", "coordinates": [3.24360996, 44.49743564]}, "properties": {"route": "N88", "pr": "DS", "abs": null, "label": "N88 PRDS"}}, {"type": "Feature", "geometry": {"type": "Point", "coordinates": [3.51044568, 44.52079414]}, "properties": {"route": "N88", "pr": "FS", "abs": null, "label": "N88 PRFS"}}, {"type": "Feature", "geometry": {"type": "Point", "coordinates": [3.51046976, 44.52095247]}, "properties": {"route": "N88", "pr": "DS", "abs": null, "label": "N88 PRDS"}}, {"type": "Feature", "geometry": {"type": "Point", "coordinates": [3.86291213, 44.74342647]}, "properties": {"route": "N88", "pr": "FS", "abs": null, "label": "N88 PRFS"}}, {"type": "Feature", "geometry": {"type": "Point", "coordinates": [3.48519574, 44.51631051]}, "properties": {"route": "N88", "pr": "FS", "abs": null, "label": "N88 PRFS"}}, {"type": "Feature", "geometry": {"type": "Point", "coordinates": [3.26355994, 44.49646706]}, "properties": {"route": "N88", "pr": "DS", "abs": null, "label": "N88 PRDS"}}, {"type": "Feature", "geometry": {"type": "Point", "coordinates": [3.2634808, 44.49675802]}, "properties": {"route": "N88", "pr": "FS", "abs": null, "label": "N88 PRFS"}}, {"type": "Feature", "geometry": {"type": "Point", "coordinates": [3.26355994, 44.49646706]}, "properties": {"route": "N88", "pr": "DS", "abs": null, "label": "N88 PRDS"}}, {"type": "Feature", "geometry": {"type": "Point", "coordinates": [3.08340532, 44.33166598]}, "properties": {"route": "N88", "pr": "FS", "abs": null, "label": "N88 PRFS"}}, {"type": "Feature", "geometry": {"type": "Point", "coordinates": [3.06421154, 44.33385361]}, "properties": {"route": "N88", "pr": "DS", "abs": null, "label": "N88 PRDS"}}, {"type": "Feature", "geometry": {"type": "Point", "coordinates": [3.48519574, 44.51631051]}, "properties": {"route": "N88", "pr": "FS", "abs": null, "label": "N88 PRFS"}}, {"type": "Feature", "geometry": {"type": "Point", "coordinates": [3.48545874, 44.51631475]}, "properties": {"route": "N88", "pr": "DS", "abs": null, "label": "N88 PRDS"}}, {"type": "Feature", "geometry": {"type": "Point", "coordinates": [3.26607263, 44.50388605]}, "properties": {"route": "N88", "pr": "FS", "abs": null, "label": "N88 PRFS"}}, {"type": "Feature", "geometry": {"type": "Point", "coordinates": [3.24307332, 44.49724148]}, "properties": {"route": "N88", "pr": "DS", "abs": null, "label": "N88 PRDS"}}, {"type": "Feature", "geometry": {"type": "Point", "coordinates": [3.2634808, 44.49675802]}, "properties": {"route": "N88", "pr": "DS", "abs": null, "label": "N88 PRDS"}}, {"type": "Feature", "geometry": {"type": "Point", "coordinates": [3.26355994, 44.49646706]}, "properties": {"route": "N88", "pr": "FS", "abs": null, "label": "N88 PRFS"}}, {"type": "Feature", "geometry": {"type": "Point", "coordinates": [3.2634808, 44.49675802]}, "properties": {"route": "N88", "pr": "DS", "abs": null, "label": "N88 PRDS"}}, {"type": "Feature", "geometry": {"type": "Point", "coordinates": [3.51046976, 44.52095247]}, "properties": {"route": "N88", "pr": "FS", "abs": null, "label": "N88 PRFS"}}, {"type": "Feature", "geometry": {"type": "Point", "coordinates": [3.24268109, 44.49728735]}, "properties": {"route": "N88", "pr": "FS", "abs": null, "label": "N88 PRFS"}}, {"type": "Feature", "geometry": {"type": "Point", "coordinates": [3.24304351, 44.49732886]}, "properties": {"route": "N88", "pr": "DS", "abs": null, "label": "N88 PRDS"}}, {"type": "Feature", "geometry": {"type": "Point", "coordinates": [3.48545874, 44.51631475]}, "properties": {"route": "N88", "pr": "FS", "abs": null, "label": "N88 PRFS"}}, {"type": "Feature", "geometry": {"type": "Point", "coordinates": [3.49151546, 44.51787237]}, "properties": {"route": "N88", "pr": "DS", "abs": null, "label": "N88 PRDS"}}, {"type": "Feature", "geometry": {"type": "Point", "coordinates": [3.49176394, 44.51808642]}, "properties": {"route": "N88", "pr": "FS", "abs": null, "label": "N88 PRFS"}}, {"type": "Feature", "geometry": {"type": "Point", "coordinates": [3.49151546, 44.51787237]}, "properties": {"route": "N88", "pr": "DS", "abs": null, "label": "N88 PRDS"}}, {"type": "Feature", "geometry": {"type": "Point", "coordinates": [3.97187529, 44.25159966]}, "properties": {"route": "N106", "pr": "FS", "abs": null, "label": "N106 PRFS"}}, {"type": "Feature", "geometry": {"type": "Point", "coordinates": [3.79698228, 44.28289408]}, "properties": {"route": "N106", "pr": "DS", "abs": null, "label": "N106 PRDS"}}, {"type": "Feature", "geometry": {"type": "Point", "coordinates": [3.79700775, 44.28283448]}, "properties": {"route": "N106", "pr": "DS", "abs": null, "label": "N106 PRDS"}}, {"type": "Feature", "geometry": {"type": "Point", "coordinates": [3.48581944, 44.52621672]}, "properties": {"route": "N1106", "pr": "FS", "abs": null, "label": "N1106 PRFS"}}, {"type": "Feature", "geometry": {"type": "Point", "coordinates": [3.48208233, 44.52479091]}, "properties": {"route": "N1106", "pr": "DS", "abs": null, "label": "N1106 PRDS"}}, {"type": "Feature", "geometry": {"type": "Point", "coordinates": [3.04342889, 44.33165392]}, "properties": {"route": "N88", "pr": "FS", "abs": null, "label": "N88 PRFS"}}, {"type": "Feature", "geometry": {"type": "Point", "coordinates": [2.99311055, 44.34835287]}, "properties": {"route": "N88", "pr": "DS", "abs": null, "label": "N88 PRDS"}}, {"type": "Feature", "geometry": {"type": "Point", "coordinates": [3.0619016, 44.33400976]}, "properties": {"route": "N88", "pr": "FS", "abs": null, "label": "N88 PRFS"}}, {"type": "Feature", "geometry": {"type": "Point", "coordinates": [3.04400091, 44.33184992]}, "properties": {"route": "N88", "pr": "FS", "abs": null, "label": "N88 PRFS"}}, {"type": "Feature", "geometry": {"type": "Point", "coordinates": [3.04342889, 44.33165392]}, "properties": {"route": "N88", "pr": "DS", "abs": null, "label": "N88 PRDS"}}, {"type": "Feature", "geometry": {"type": "Point", "coordinates": [3.04693019, 44.33152736]}, "properties": {"route": "N88", "pr": "FS", "abs": null, "label": "N88 PRFS"}}, {"type": "Feature", "geometry": {"type": "Point", "coordinates": [3.04400091, 44.33184992]}, "properties": {"route": "N88", "pr": "DS", "abs": null, "label": "N88 PRDS"}}, {"type": "Feature", "geometry": {"type": "Point", "coordinates": [3.04342889, 44.33165392]}, "properties": {"route": "N88", "pr": "FS", "abs": null, "label": "N88 PRFS"}}, {"type": "Feature", "geometry": {"type": "Point", "coordinates": [3.04400091, 44.33184992]}, "properties": {"route": "N88", "pr": "DS", "abs": null, "label": "N88 PRDS"}}, {"type": "Feature", "geometry": {"type": "Point", "coordinates": [3.02833524, 44.13197642]}, "properties": {"route": "A75", "pr": "FS", "abs": null, "label": "A75 PRFS"}}, {"type": "Feature", "geometry": {"type": "Point", "coordinates": [3.02310945, 44.1359505]}, "properties": {"route": "A75", "pr": "FS", "abs": null, "label": "A75 PRFS"}}, {"type": "Feature", "geometry": {"type": "Point", "coordinates": [3.02844525, 44.13203759]}, "properties": {"route": "A75", "pr": "DS", "abs": null, "label": "A75 PRDS"}}, {"type": "Feature", "geometry": {"type": "Point", "coordinates": [3.59587611, 44.32645337]}, "properties": {"route": "N106", "pr": "FS", "abs": null, "label": "N106 PRFS"}}, {"type": "Feature", "geometry": {"type": "Point", "coordinates": [3.5861031, 44.33585776]}, "properties": {"route": "N106", "pr": "DS", "abs": null, "label": "N106 PRDS"}}, {"type": "Feature", "geometry": {"type": "Point", "coordinates": [3.58628316, 44.33604764]}, "properties": {"route": "N106", "pr": "FS", "abs": null, "label": "N106 PRFS"}}, {"type": "Feature", "geometry": {"type": "Point", "coordinates": [3.5861031, 44.33585776]}, "properties": {"route": "N106", "pr": "DS", "abs": null, "label": "N106 PRDS"}}, {"type": "Feature", "geometry": {"type": "Point", "coordinates": [3.23583772, 44.88676451]}, "properties": {"route": "A75", "pr": "FS", "abs": null, "label": "A75 PRFS"}}, {"type": "Feature", "geometry": {"type": "Point", "coordinates": [3.24353953, 44.50881999]}, "properties": {"route": "A75", "pr": "DS", "abs": null, "label": "A75 PRDS"}}, {"type": "Feature", "geometry": {"type": "Point", "coordinates": [3.24283983, 44.50993421]}, "properties": {"route": "A75", "pr": "FS", "abs": null, "label": "A75 PRFS"}}, {"type": "Feature", "geometry": {"type": "Point", "coordinates": [3.24355945, 44.50877134]}, "properties": {"route": "A75", "pr": "FS", "abs": null, "label": "A75 PRFS"}}, {"type": "Feature", "geometry": {"type": "Point", "coordinates": [3.13876891, 44.39652258]}, "properties": {"route": "A75", "pr": "DS", "abs": null, "label": "A75 PRDS"}}, {"type": "Feature", "geometry": {"type": "Point", "coordinates": [3.02844525, 44.13203759]}, "properties": {"route": "A75", "pr": "FS", "abs": null, "label": "A75 PRFS"}}, {"type": "Feature", "geometry": {"type": "Point", "coordinates": [3.02279835, 44.13618548]}, "properties": {"route": "A75", "pr": "DS", "abs": null, "label": "A75 PRDS"}}, {"type": "Feature", "geometry": {"type": "Point", "coordinates": [3.24340879, 44.50884189]}, "properties": {"route": "A75", "pr": "FS", "abs": null, "label": "A75 PRFS"}}, {"type": "Feature", "geometry": {"type": "Point", "coordinates": [3.24283983, 44.50993421]}, "properties": {"route": "A75", "pr": "DS", "abs": null, "label": "A75 PRDS"}}, {"type": "Feature", "geometry": {"type": "Point", "coordinates": [3.13874528, 44.39661353]}, "properties": {"route": "A75", "pr": "FS", "abs": null, "label": "A75 PRFS"}}, {"type": "Feature", "geometry": {"type": "Point", "coordinates": [3.24342997, 44.50879323]}, "properties": {"route": "A75", "pr": "DS", "abs": null, "label": "A75 PRDS"}}, {"type": "Feature", "geometry": {"type": "Point", "coordinates": [3.23583772, 44.88676451]}, "properties": {"route": "A75", "pr": "DS", "abs": null, "label": "A75 PRDS"}}, {"type": "Feature", "geometry": {"type": "Point", "coordinates": [3.23573628, 44.88673591]}, "properties": {"route": "A75", "pr": "FS", "abs": null, "label": "A75 PRFS"}}, {"type": "Feature", "geometry": {"type": "Point", "coordinates": [3.02833524, 44.13197642]}, "properties": {"route": "A75", "pr": "DS", "abs": null, "label": "A75 PRDS"}}, {"type": "Feature", "geometry": {"type": "Point", "coordinates": [3.24374113, 44.5053924]}, "properties": {"route": "A75", "pr": "FS", "abs": null, "label": "A75 PRFS"}}, {"type": "Feature", "geometry": {"type": "Point", "coordinates": [3.24381962, 44.50638427]}, "properties": {"route": "A75", "pr": "DS", "abs": null, "label": "A75 PRDS"}}, {"type": "Feature", "geometry": {"type": "Point", "coordinates": [3.02267584, 44.1361009]}, "properties": {"route": "A75", "pr": "FS", "abs": null, "label": "A75 PRFS"}}, {"type": "Feature", "geometry": {"type": "Point", "coordinates": [3.59614098, 44.32636012]}, "properties": {"route": "N106", "pr": "FS", "abs": null, "label": "N106 PRFS"}}, {"type": "Feature", "geometry": {"type": "Point", "coordinates": [3.60004419, 44.31849572]}, "properties": {"route": "N106", "pr": "DS", "abs": null, "label": "N106 PRDS"}}, {"type": "Feature", "geometry": {"type": "Point", "coordinates": [3.58556459, 44.34006265]}, "properties": {"route": "N106", "pr": "FS", "abs": null, "label": "N106 PRFS"}}, {"type": "Feature", "geometry": {"type": "Point", "coordinates": [3.58565698, 44.33990012]}, "properties": {"route": "N106", "pr": "DS", "abs": null, "label": "N106 PRDS"}}, {"type": "Feature", "geometry": {"type": "Point", "coordinates": [3.58556459, 44.34006265]}, "properties": {"route": "N106", "pr": "FS", "abs": null, "label": "N106 PRFS"}}, {"type": "Feature", "geometry": {"type": "Point", "coordinates": [3.58565698, 44.33990012]}, "properties": {"route": "N106", "pr": "FS", "abs": null, "label": "N106 PRFS"}}, {"type": "Feature", "geometry": {"type": "Point", "coordinates": [3.58628316, 44.33604764]}, "properties": {"route": "N106", "pr": "DS", "abs": null, "label": "N106 PRDS"}}, {"type": "Feature", "geometry": {"type": "Point", "coordinates": [3.5861031, 44.33585776]}, "properties": {"route": "N106", "pr": "FS", "abs": null, "label": "N106 PRFS"}}, {"type": "Feature", "geometry": {"type": "Point", "coordinates": [3.58628316, 44.33604764]}, "properties": {"route": "N106", "pr": "DS", "abs": null, "label": "N106 PRDS"}}, {"type": "Feature", "geometry": {"type": "Point", "coordinates": [3.58565698, 44.33990012]}, "properties": {"route": "N106", "pr": "FS", "abs": null, "label": "N106 PRFS"}}, {"type": "Feature", "geometry": {"type": "Point", "coordinates": [3.58556459, 44.34006265]}, "properties": {"route": "N106", "pr": "DS", "abs": null, "label": "N106 PRDS"}}, {"type": "Feature", "geometry": {"type": "Point", "coordinates": [3.56559946, 44.36301993]}, "properties": {"route": "N106", "pr": "FS", "abs": null, "label": "N106 PRFS"}}, {"type": "Feature", "geometry": {"type": "Point", "coordinates": [3.56506243, 44.36302269]}, "properties": {"route": "N106", "pr": "DS", "abs": null, "label": "N106 PRDS"}}, {"type": "Feature", "geometry": {"type": "Point", "coordinates": [3.59593377, 44.32633153]}, "properties": {"route": "N106", "pr": "FS", "abs": null, "label": "N106 PRFS"}}, {"type": "Feature", "geometry": {"type": "Point", "coordinates": [3.59587611, 44.32645337]}, "properties": {"route": "N106", "pr": "DS", "abs": null, "label": "N106 PRDS"}}, {"type": "Feature", "geometry": {"type": "Point", "coordinates": [3.6000218, 44.31839412]}, "properties": {"route": "N106", "pr": "DS", "abs": null, "label": "N106 PRDS"}}, {"type": "Feature", "geometry": {"type": "Point", "coordinates": [3.59587611, 44.32645337]}, "properties": {"route": "N106", "pr": "FS", "abs": null, "label": "N106 PRFS"}}, {"type": "Feature", "geometry": {"type": "Point", "coordinates": [3.59614098, 44.32636012]}, "properties": {"route": "N106", "pr": "DS", "abs": null, "label": "N106 PRDS"}}, {"type": "Feature", "geometry": {"type": "Point", "coordinates": [3.59598351, 44.32629166]}, "properties": {"route": "N106", "pr": "FS", "abs": null, "label": "N106 PRFS"}}, {"type": "Feature", "geometry": {"type": "Point", "coordinates": [3.59593377, 44.32633153]}, "properties": {"route": "N106", "pr": "DS", "abs": null, "label": "N106 PRDS"}}, {"type": "Feature", "geometry": {"type": "Point", "coordinates": [3.59614098, 44.32636012]}, "properties": {"route": "N106", "pr": "FS", "abs": null, "label": "N106 PRFS"}}, {"type": "Feature", "geometry": {"type": "Point", "coordinates": [3.59593377, 44.32633153]}, "properties": {"route": "N106", "pr": "DS", "abs": null, "label": "N106 PRDS"}}, {"type": "Feature", "geometry": {"type": "Point", "coordinates": [2.98770353, 44.82968528]}, "properties": {"route": "D513", "pr": "6", "abs": 5954, "label": "D513 PR6+5954"}}, {"type": "Feature", "geometry": {"type": "Point", "coordinates": [2.98814387, 44.82941703]}, "properties": {"route": "D513", "pr": "6", "abs": 5908, "label": "D513 PR6+5908"}}, {"type": "Feature", "geometry": {"type": "Point", "coordinates": [3.08990994, 44.9023087]}, "properties": {"route": "D40", "pr": "49", "abs": 49873, "label": "D40 PR49+49873"}}, {"type": "Feature", "geometry": {"type": "Point", "coordinates": [3.08264283, 44.90624797]}, "properties": {"route": "D40", "pr": "49", "abs": 49013, "label": "D40 PR49+49013"}}, {"type": "Feature", "geometry": {"type": "Point", "coordinates": [3.30967169, 44.95953047]}, "properties": {"route": "D504", "pr": "6", "abs": 6507, "label": "D504 PR6+6507"}}, {"type": "Feature", "geometry": {"type": "Point", "coordinates": [3.30537828, 44.96195264]}, "properties": {"route": "D504", "pr": "6", "abs": 5979, "label": "D504 PR6+5979"}}, {"type": "Feature", "geometry": {"type": "Point", "coordinates": [3.51040482, 44.52086725]}, "properties": {"route": "D806", "pr": "79", "abs": 0, "label": "D806 PR79"}}, {"type": "Feature", "geometry": {"type": "Point", "coordinates": [3.28576412, 44.78899322]}, "properties": {"route": "D806", "pr": "999", "abs": 41844, "label": "D806 PR999+41844"}}, {"type": "Feature", "geometry": {"type": "Point", "coordinates": [3.49575485, 44.47805502]}, "properties": {"route": "D41", "pr": "0", "abs": 0, "label": "D41 PR0"}}, {"type": "Feature", "geometry": {"type": "Point", "coordinates": [3.66418745, 44.50650552]}, "properties": {"route": "D41", "pr": "999", "abs": 19005, "label": "D41 PR999+19005"}}, {"type": "Feature", "geometry": {"type": "Point", "coordinates": [3.69241758, 44.59030993]}, "properties": {"route": "D306", "pr": "999", "abs": 36, "label": "D306 PR999+36 (G)"}}, {"type": "Feature", "geometry": {"type": "Point", "coordinates": [3.67470463, 44.60419206]}, "properties": {"route": "D306", "pr": "999", "abs": 2350, "label": "D306 PR999+2350"}}, {"type": "Feature", "geometry": {"type": "Point", "coordinates": [3.69234701, 44.59000067]}, "properties": {"route": "D306", "pr": "0", "abs": 0, "label": "D306 PR0 (G)"}}, {"type": "Feature", "geometry": {"type": "Point", "coordinates": [3.69297524, 44.59016959]}, "properties": {"route": "D306", "pr": "0", "abs": 0, "label": "D306 PR0"}}, {"type": "Feature", "geometry": {"type": "Point", "coordinates": [3.68145219, 44.85450262]}, "properties": {"route": "D59", "pr": "999", "abs": 31625, "label": "D59 PR999+31625"}}, {"type": "Feature", "geometry": {"type": "Point", "coordinates": [3.47688009, 44.63211296]}, "properties": {"route": "D59", "pr": "0", "abs": 0, "label": "D59 PR0"}}, {"type": "Feature", "geometry": {"type": "Point", "coordinates": [3.4000837, 44.95737009]}, "properties": {"route": "D989", "pr": "999", "abs": 45789, "label": "D989 PR999+45789"}}, {"type": "Feature", "geometry": {"type": "Point", "coordinates": [3.28709913, 44.65873155]}, "properties": {"route": "D303", "pr": "999", "abs": 567, "label": "D303 PR999+567"}}, {"type": "Feature", "geometry": {"type": "Point", "coordinates": [3.29060388, 44.65494753]}, "properties": {"route": "D303", "pr": "0", "abs": 0, "label": "D303 PR0"}}, {"type": "Feature", "geometry": {"type": "Point", "coordinates": [3.15198655, 44.44076814]}, "properties": {"route": "D56", "pr": "999", "abs": 33057, "label": "D56 PR999+33057"}}, {"type": "Feature", "geometry": {"type": "Point", "coordinates": [3.25215969, 44.51252756]}, "properties": {"route": "D56", "pr": "0", "abs": 0, "label": "D56 PR0"}}, {"type": "Feature", "geometry": {"type": "Point", "coordinates": [3.74595074, 44.56301149]}, "properties": {"route": "D71", "pr": "0", "abs": 0, "label": "D71 PR0"}}, {"type": "Feature", "geometry": {"type": "Point", "coordinates": [3.81812352, 44.70156268]}, "properties": {"route": "D71", "pr": "999", "abs": 23221, "label": "D71 PR999+23221"}}, {"type": "Feature", "geometry": {"type": "Point", "coordinates": [3.57608433, 44.22838061]}, "properties": {"route": "D996", "pr": "999", "abs": 40636, "label": "D996 PR999+40636"}}, {"type": "Feature", "geometry": {"type": "Point", "coordinates": [3.20810753, 44.19463567]}, "properties": {"route": "D996", "pr": "0", "abs": 0, "label": "D996 PR0"}}, {"type": "Feature", "geometry": {"type": "Point", "coordinates": [3.32813025, 44.85458227]}, "properties": {"route": "D47", "pr": "0", "abs": 0, "label": "D47 PR0"}}, {"type": "Feature", "geometry": {"type": "Point", "coordinates": [3.29230093, 44.93111239]}, "properties": {"route": "D47", "pr": "999", "abs": 9804, "label": "D47 PR999+9804"}}, {"type": "Feature", "geometry": {"type": "Point", "coordinates": [3.6947504, 44.80883569]}, "properties": {"route": "D45", "pr": "0", "abs": 0, "label": "D45 PR0"}}, {"type": "Feature", "geometry": {"type": "Point", "coordinates": [3.65969746, 44.85315653]}, "properties": {"route": "D45", "pr": "999", "abs": 8031, "label": "D45 PR999+8031"}}, {"type": "Feature", "geometry": {"type": "Point", "coordinates": [3.83913765, 44.13506034]}, "properties": {"route": "D9", "pr": "999", "abs": 30833, "label": "D9 PR999+30833"}}, {"type": "Feature", "geometry": {"type": "Point", "coordinates": [3.62228333, 44.26024001]}, "properties": {"route": "D9", "pr": "0", "abs": 0, "label": "D9 PR0"}}, {"type": "Feature", "geometry": {"type": "Point", "coordinates": [3.63835543, 44.1977291]}, "properties": {"route": "D9", "pr": "9", "abs": 8555, "label": "D9 PR9+8555"}}, {"type": "Feature", "geometry": {"type": "Point", "coordinates": [3.45654985, 44.4803011]}, "properties": {"route": "D986", "pr": "0", "abs": 0, "label": "D986 PR0"}}, {"type": "Feature", "geometry": {"type": "Point", "coordinates": [3.42386813, 44.15171569]}, "properties": {"route": "D986", "pr": "999", "abs": 54602, "label": "D986 PR999+54602"}}, {"type": "Feature", "geometry": {"type": "Point", "coordinates": [3.39881535, 44.50065218]}, "properties": {"route": "D808", "pr": "999", "abs": 12437, "label": "D808 PR999+12437"}}, {"type": "Feature", "geometry": {"type": "Point", "coordinates": [3.28805511, 44.54296477]}, "properties": {"route": "D808", "pr": "0", "abs": 0, "label": "D808 PR0"}}, {"type": "Feature", "geometry": {"type": "Point", "coordinates": [3.12305319, 44.81691502]}, "properties": {"route": "D70", "pr": "0", "abs": 0, "label": "D70 PR0"}}, {"type": "Feature", "geometry": {"type": "Point", "coordinates": [3.26269427, 44.87281818]}, "properties": {"route": "D70", "pr": "999", "abs": 14343, "label": "D70 PR999+14343"}}, {"type": "Feature", "geometry": {"type": "Point", "coordinates": [3.67536612, 44.64060219]}, "properties": {"route": "D301", "pr": "999", "abs": 1465, "label": "D301 PR999+1465"}}, {"type": "Feature", "geometry": {"type": "Point", "coordinates": [3.67676657, 44.63436086]}, "properties": {"route": "D301", "pr": "0", "abs": 0, "label": "D301 PR0"}}, {"type": "Feature", "geometry": {"type": "Point", "coordinates": [3.4660057, 44.79075549]}, "properties": {"route": "D14", "pr": "999", "abs": 15037, "label": "D14 PR999+15037"}}, {"type": "Feature", "geometry": {"type": "Point", "coordinates": [3.34752346, 44.85074811]}, "properties": {"route": "D14", "pr": "0", "abs": 0, "label": "D14 PR0"}}, {"type": "Feature", "geometry": {"type": "Point", "coordinates": [3.82703549, 44.26619081]}, "properties": {"route": "D29", "pr": "0", "abs": 0, "label": "D29 PR0"}}, {"type": "Feature", "geometry": {"type": "Point", "coordinates": [3.87855887, 44.3096812]}, "properties": {"route": "D29", "pr": "999", "abs": 15860, "label": "D29 PR999+15860"}}, {"type": "Feature", "geometry": {"type": "Point", "coordinates": [3.89480165, 44.63476342]}, "properties": {"route": "D76", "pr": "999", "abs": 474, "label": "D76 PR999+474"}}, {"type": "Feature", "geometry": {"type": "Point", "coordinates": [3.89249047, 44.63811239]}, "properties": {"route": "D76", "pr": "0", "abs": 0, "label": "D76 PR0"}}, {"type": "Feature", "geometry": {"type": "Point", "coordinates": [3.57712138, 44.12153858]}, "properties": {"route": "D118", "pr": "999", "abs": 1075, "label": "D118 PR999+1075"}}, {"type": "Feature", "geometry": {"type": "Point", "coordinates": [3.56923504, 44.12657254]}, "properties": {"route": "D118", "pr": "0", "abs": 0, "label": "D118 PR0"}}, {"type": "Feature", "geometry": {"type": "Point", "coordinates": [3.58010819, 44.19032227]}, "properties": {"route": "D119", "pr": "6", "abs": 6028, "label": "D119 PR6+6028"}}, {"type": "Feature", "geometry": {"type": "Point", "coordinates": [3.58653851, 44.20585194]}, "properties": {"route": "D119", "pr": "999", "abs": 8641, "label": "D119 PR999+8641"}}, {"type": "Feature", "geometry": {"type": "Point", "coordinates": [3.54789526, 44.16595559]}, "properties": {"route": "D119", "pr": "0", "abs": 0, "label": "D119 PR0"}}, {"type": "Feature", "geometry": {"type": "Point", "coordinates": [3.34497628, 44.46798289]}, "properties": {"route": "D32", "pr": "0", "abs": 0, "label": "D32 PR0"}}, {"type": "Feature", "geometry": {"type": "Point", "coordinates": [3.15997558, 44.25866328]}, "properties": {"route": "D32", "pr": "999", "abs": 33279, "label": "D32 PR999+33279"}}, {"type": "Feature", "geometry": {"type": "Point", "coordinates": [3.73841021, 44.83835753]}, "properties": {"route": "D988", "pr": "0", "abs": 0, "label": "D988 PR0"}}, {"type": "Feature", "geometry": {"type": "Point", "coordinates": [3.13505076, 44.44260679]}, "properties": {"route": "D988", "pr": "999", "abs": 44263, "label": "D988 PR999+44263"}}, {"type": "Feature", "geometry": {"type": "Point", "coordinates": [3.6166985, 44.24032531]}, "properties": {"route": "D49", "pr": "999", "abs": 5087, "label": "D49 PR999+5087"}}, {"type": "Feature", "geometry": {"type": "Point", "coordinates": [3.58364116, 44.25402777]}, "properties": {"route": "D49", "pr": "0", "abs": 0, "label": "D49 PR0"}}, {"type": "Feature", "geometry": {"type": "Point", "coordinates": [3.70805761, 44.78527751]}, "properties": {"route": "D226", "pr": "0", "abs": 0, "label": "D226 PR0"}}, {"type": "Feature", "geometry": {"type": "Point", "coordinates": [3.69210756, 44.71869464]}, "properties": {"route": "D226", "pr": "999", "abs": 12083, "label": "D226 PR999+12083"}}, {"type": "Feature", "geometry": {"type": "Point", "coordinates": [3.89494162, 44.33229896]}, "properties": {"route": "D37", "pr": "0", "abs": 0, "label": "D37 PR0"}}, {"type": "Feature", "geometry": {"type": "Point", "coordinates": [3.92621521, 44.33225885]}, "properties": {"route": "D37", "pr": "999", "abs": 4946, "label": "D37 PR999+4946"}}, {"type": "Feature", "geometry": {"type": "Point", "coordinates": [3.28817458, 44.57278953]}, "properties": {"route": "D2", "pr": "0", "abs": 0, "label": "D2 PR0"}}, {"type": "Feature", "geometry": {"type": "Point", "coordinates": [3.38643658, 44.70351307]}, "properties": {"route": "D2", "pr": "999", "abs": 23138, "label": "D2 PR999+23138"}}, {"type": "Feature", "geometry": {"type": "Point", "coordinates": [3.90963297, 44.58571743]}, "properties": {"route": "D2906", "pr": "999", "abs": 5710, "label": "D2906 PR999+5710"}}, {"type": "Feature", "geometry": {"type": "Point", "coordinates": [3.34051743, 44.54837713]}, "properties": {"route": "D42", "pr": "999", "abs": 18180, "label": "D42 PR999+18180"}}, {"type": "Feature", "geometry": {"type": "Point", "coordinates": [3.50443011, 44.52111978]}, "properties": {"route": "D42", "pr": "0", "abs": 0, "label": "D42 PR0"}}, {"type": "Feature", "geometry": {"type": "Point", "coordinates": [3.24557671, 44.63831157]}, "properties": {"route": "D3", "pr": "999", "abs": 38523, "label": "D3 PR999+38523"}}, {"type": "Feature", "geometry": {"type": "Point", "coordinates": [3.68752458, 44.63717906]}, "properties": {"route": "D3", "pr": "0", "abs": 0, "label": "D3 PR0"}}, {"type": "Feature", "geometry": {"type": "Point", "coordinates": [3.24877463, 44.87612299]}, "properties": {"route": "D4", "pr": "999", "abs": 28123, "label": "D4 PR999+28123"}}, {"type": "Feature", "geometry": {"type": "Point", "coordinates": [3.38186695, 44.70930975]}, "properties": {"route": "D4", "pr": "0", "abs": 0, "label": "D4 PR0"}}, {"type": "Feature", "geometry": {"type": "Point", "coordinates": [3.3981777, 44.75310724]}, "properties": {"route": "D58", "pr": "0", "abs": 0, "label": "D58 PR0"}}, {"type": "Feature", "geometry": {"type": "Point", "coordinates": [3.42657139, 44.68183779]}, "properties": {"route": "D58", "pr": "999", "abs": 13319, "label": "D58 PR999+13319"}}, {"type": "Feature", "geometry": {"type": "Point", "coordinates": [3.37108866, 44.59816434]}, "properties": {"route": "D101", "pr": "999", "abs": 1134, "label": "D101 PR999+1134"}}, {"type": "Feature", "geometry": {"type": "Point", "coordinates": [3.38426598, 44.59724156]}, "properties": {"route": "D101", "pr": "0", "abs": 0, "label": "D101 PR0"}}, {"type": "Feature", "geometry": {"type": "Point", "coordinates": [3.35899813, 44.93589693]}, "properties": {"route": "D23", "pr": "0", "abs": 0, "label": "D23 PR0"}}, {"type": "Feature", "geometry": {"type": "Point", "coordinates": [3.37401453, 44.95894284]}, "properties": {"route": "D23", "pr": "999", "abs": 3570, "label": "D23 PR999+3570"}}, {"type": "Feature", "geometry": {"type": "Point", "coordinates": [3.51042801, 44.41453204]}, "properties": {"route": "D35", "pr": "0", "abs": 0, "label": "D35 PR0"}}, {"type": "Feature", "geometry": {"type": "Point", "coordinates": [3.9378554, 44.29035394]}, "properties": {"route": "D35", "pr": "999", "abs": 39933, "label": "D35 PR999+39933"}}, {"type": "Feature", "geometry": {"type": "Point", "coordinates": [3.82481288, 44.25806911]}, "properties": {"route": "D54", "pr": "0", "abs": 0, "label": "D54 PR0"}}, {"type": "Feature", "geometry": {"type": "Point", "coordinates": [3.94607241, 44.21120754]}, "properties": {"route": "D54", "pr": "999", "abs": 13383, "label": "D54 PR999+13383"}}, {"type": "Feature", "geometry": {"type": "Point", "coordinates": [3.25879546, 44.85518331]}, "properties": {"route": "D8", "pr": "0", "abs": 0, "label": "D8 PR0"}}, {"type": "Feature", "geometry": {"type": "Point", "coordinates": [3.26568559, 44.93850454]}, "properties": {"route": "D8", "pr": "999", "abs": 14988, "label": "D8 PR999+14988"}}, {"type": "Feature", "geometry": {"type": "Point", "coordinates": [3.7371887, 44.83524497]}, "properties": {"route": "D532", "pr": "999", "abs": 16, "label": "D532 PR999+16"}}, {"type": "Feature", "geometry": {"type": "Point", "coordinates": [3.73728617, 44.83524793]}, "properties": {"route": "D532", "pr": "0", "abs": 0, "label": "D532 PR0"}}, {"type": "Feature", "geometry": {"type": "Point", "coordinates": [3.96725816, 44.42145458]}, "properties": {"route": "D901", "pr": "0", "abs": 0, "label": "D901 PR0"}}, {"type": "Feature", "geometry": {"type": "Point", "coordinates": [3.57194828, 44.53944824]}, "properties": {"route": "D901", "pr": "999", "abs": 52804, "label": "D901 PR999+52804"}}, {"type": "Feature", "geometry": {"type": "Point", "coordinates": [3.87489485, 44.68695183]}, "properties": {"route": "D592", "pr": "0", "abs": 0, "label": "D592 PR0"}}, {"type": "Feature", "geometry": {"type": "Point", "coordinates": [3.87732913, 44.68604393]}, "properties": {"route": "D592", "pr": "999", "abs": 240, "label": "D592 PR999+240"}}, {"type": "Feature", "geometry": {"type": "Point", "coordinates": [3.77111992, 44.14857804]}, "properties": {"route": "D109", "pr": "0", "abs": 0, "label": "D109 PR0"}}, {"type": "Feature", "geometry": {"type": "Point", "coordinates": [3.77422246, 44.14332926]}, "properties": {"route": "D109", "pr": "999", "abs": 715, "label": "D109 PR999+715"}}, {"type": "Feature", "geometry": {"type": "Point", "coordinates": [3.67742107, 44.6491668]}, "properties": {"route": "D985", "pr": "999", "abs": 27237, "label": "D985 PR999+27237"}}, {"type": "Feature", "geometry": {"type": "Point", "coordinates": [3.5958458, 44.85279914]}, "properties": {"route": "D985", "pr": "0", "abs": 0, "label": "D985 PR0"}}, {"type": "Feature", "geometry": {"type": "Point", "coordinates": [3.5575367, 44.4463368]}, "properties": {"route": "D25", "pr": "999", "abs": 13851, "label": "D25 PR999+13851"}}, {"type": "Feature", "geometry": {"type": "Point", "coordinates": [3.49925179, 44.51623881]}, "properties": {"route": "D25", "pr": "0", "abs": 0, "label": "D25 PR0"}}, {"type": "Feature", "geometry": {"type": "Point", "coordinates": [3.97396083, 44.463625]}, "properties": {"route": "D51", "pr": "3", "abs": 2990, "label": "D51 PR3+2990"}}, {"type": "Feature", "geometry": {"type": "Point", "coordinates": [3.9502578, 44.40091847]}, "properties": {"route": "D51", "pr": "999", "abs": 14042, "label": "D51 PR999+14042"}}, {"type": "Feature", "geometry": {"type": "Point", "coordinates": [3.26531595, 44.65056821]}, "properties": {"route": "D53", "pr": "999", "abs": 24935, "label": "D53 PR999+24935"}}, {"type": "Feature", "geometry": {"type": "Point", "coordinates": [3.12130096, 44.81676299]}, "properties": {"route": "D53", "pr": "0", "abs": 0, "label": "D53 PR0"}}, {"type": "Feature", "geometry": {"type": "Point", "coordinates": [3.00612428, 44.62727223]}, "properties": {"route": "D987", "pr": "0", "abs": 0, "label": "D987 PR0"}}, {"type": "Feature", "geometry": {"type": "Point", "coordinates": [3.4561638, 44.82906434]}, "properties": {"route": "D987", "pr": "999", "abs": 52795, "label": "D987 PR999+52795"}}, {"type": "Feature", "geometry": {"type": "Point", "coordinates": [3.24732718, 44.50761247]}, "properties": {"route": "D809B", "pr": "999", "abs": 1054, "label": "D809B PR999+1054"}}, {"type": "Feature", "geometry": {"type": "Point", "coordinates": [3.25052229, 44.50700121]}, "properties": {"route": "D809B", "pr": "0", "abs": 0, "label": "D809B PR0"}}, {"type": "Feature", "geometry": {"type": "Point", "coordinates": [3.73551943, 44.65332429]}, "properties": {"route": "D206", "pr": "999", "abs": 9184, "label": "D206 PR999+9184"}}, {"type": "Feature", "geometry": {"type": "Point", "coordinates": [3.73807487, 44.57926227]}, "properties": {"route": "D206", "pr": "0", "abs": 0, "label": "D206 PR0"}}, {"type": "Feature", "geometry": {"type": "Point", "coordinates": [3.34228119, 44.69189333]}, "properties": {"route": "D73", "pr": "0", "abs": 0, "label": "D73 PR0"}}, {"type": "Feature", "geometry": {"type": "Point", "coordinates": [3.13465047, 44.69993633]}, "properties": {"route": "D73", "pr": "0", "abs": 0, "label": "D73 PR0 (G)"}}, {"type": "Feature", "geometry": {"type": "Point", "coordinates": [3.05030165, 44.76309875]}, "properties": {"route": "D73", "pr": "999", "abs": 31418, "label": "D73 PR999+31418"}}, {"type": "Feature", "geometry": {"type": "Point", "coordinates": [3.1334498, 44.70036992]}, "properties": {"route": "D73", "pr": "999", "abs": 115, "label": "D73 PR999+115 (G)"}}, {"type": "Feature", "geometry": {"type": "Point", "coordinates": [3.59055637, 44.33100182]}, "properties": {"route": "D316", "pr": "0", "abs": 0, "label": "D316 PR0"}}, {"type": "Feature", "geometry": {"type": "Point", "coordinates": [3.59129118, 44.33147406]}, "properties": {"route": "D316", "pr": "999", "abs": 78, "label": "D316 PR999+78"}}, {"type": "Feature", "geometry": {"type": "Point", "coordinates": [3.2185226, 44.28276947]}, "properties": {"route": "D46", "pr": "999", "abs": 19072, "label": "D46 PR999+19072"}}, {"type": "Feature", "geometry": {"type": "Point", "coordinates": [3.23133199, 44.41732421]}, "properties": {"route": "D46", "pr": "0", "abs": 0, "label": "D46 PR0"}}, {"type": "Feature", "geometry": {"type": "Point", "coordinates": [3.5192722, 44.51142917]}, "properties": {"route": "D225", "pr": "0", "abs": 0, "label": "D225 PR0"}}, {"type": "Feature", "geometry": {"type": "Point", "coordinates": [3.52825636, 44.50699516]}, "properties": {"route": "D225", "pr": "999", "abs": 975, "label": "D225 PR999+975"}}, {"type": "Feature", "geometry": {"type": "Point", "coordinates": [3.31894981, 44.6754139]}, "properties": {"route": "D73", "pr": "3", "abs": 2991, "label": "D73 PR3+2991"}}, {"type": "Feature", "geometry": {"type": "Point", "coordinates": [3.45863903, 44.46550001]}, "properties": {"route": "D231", "pr": "999", "abs": 1359, "label": "D231 PR999+1359"}}, {"type": "Feature", "geometry": {"type": "Point", "coordinates": [3.46439013, 44.45677445]}, "properties": {"route": "D231", "pr": "0", "abs": 0, "label": "D231 PR0"}}, {"type": "Feature", "geometry": {"type": "Point", "coordinates": [3.19689798, 44.4585084]}, "properties": {"route": "D52", "pr": "0", "abs": 0, "label": "D52 PR0"}}, {"type": "Feature", "geometry": {"type": "Point", "coordinates": [3.06711519, 44.65293035]}, "properties": {"route": "D52", "pr": "999", "abs": 31669, "label": "D52 PR999+31669"}}, {"type": "Feature", "geometry": {"type": "Point", "coordinates": [3.15201916, 44.75825588]}, "properties": {"route": "D153", "pr": "999", "abs": 1069, "label": "D153 PR999+1069"}}, {"type": "Feature", "geometry": {"type": "Point", "coordinates": [3.15984728, 44.75919559]}, "properties": {"route": "D153", "pr": "0", "abs": 0, "label": "D153 PR0"}}, {"type": "Feature", "geometry": {"type": "Point", "coordinates": [3.28899059, 44.20850299]}, "properties": {"route": "D63", "pr": "22", "abs": 21871, "label": "D63 PR22+21871"}}, {"type": "Feature", "geometry": {"type": "Point", "coordinates": [3.27898459, 44.20187176]}, "properties": {"route": "D63", "pr": "999", "abs": 23579, "label": "D63 PR999+23579"}}, {"type": "Feature", "geometry": {"type": "Point", "coordinates": [3.467517, 44.28707283]}, "properties": {"route": "D63", "pr": "0", "abs": 0, "label": "D63 PR0"}}, {"type": "Feature", "geometry": {"type": "Point", "coordinates": [3.15316074, 44.3073393]}, "properties": {"route": "D995", "pr": "0", "abs": 0, "label": "D995 PR0"}}, {"type": "Feature", "geometry": {"type": "Point", "coordinates": [3.22723865, 44.27748695]}, "properties": {"route": "D995", "pr": "999", "abs": 14270, "label": "D995 PR999+14270"}}, {"type": "Feature", "geometry": {"type": "Point", "coordinates": [3.20957221, 44.19048077]}, "properties": {"route": "D163", "pr": "0", "abs": 0, "label": "D163 PR0"}}, {"type": "Feature", "geometry": {"type": "Point", "coordinates": [3.20953504, 44.19023692]}, "properties": {"route": "D163", "pr": "999", "abs": 26, "label": "D163 PR999+26"}}, {"type": "Feature", "geometry": {"type": "Point", "coordinates": [3.22260352, 44.83774034]}, "properties": {"route": "D65", "pr": "0", "abs": 0, "label": "D65 PR0"}}, {"type": "Feature", "geometry": {"type": "Point", "coordinates": [3.10749518, 44.86739842]}, "properties": {"route": "D65", "pr": "999", "abs": 13931, "label": "D65 PR999+13931"}}, {"type": "Feature", "geometry": {"type": "Point", "coordinates": [3.8541881, 44.21894069]}, "properties": {"route": "D13", "pr": "31", "abs": 30513, "label": "D13 PR31+30513"}}, {"type": "Feature", "geometry": {"type": "Point", "coordinates": [3.65525815, 44.24399604]}, "properties": {"route": "D13", "pr": "0", "abs": 0, "label": "D13 PR0"}}, {"type": "Feature", "geometry": {"type": "Point", "coordinates": [3.91235963, 44.24987224]}, "properties": {"route": "D13", "pr": "999", "abs": 40077, "label": "D13 PR999+40077"}}, {"type": "Feature", "geometry": {"type": "Point", "coordinates": [3.59799773, 44.31895065]}, "properties": {"route": "D16", "pr": "0", "abs": 0, "label": "D16 PR0"}}, {"type": "Feature", "geometry": {"type": "Point", "coordinates": [3.22740602, 44.27766933]}, "properties": {"route": "D16", "pr": "999", "abs": 45514, "label": "D16 PR999+45514"}}, {"type": "Feature", "geometry": {"type": "Point", "coordinates": [3.63198414, 44.1640722]}, "properties": {"route": "D907", "pr": "0", "abs": 0, "label": "D907 PR0"}}, {"type": "Feature", "geometry": {"type": "Point", "coordinates": [3.60013061, 44.31836832]}, "properties": {"route": "D907", "pr": "999", "abs": 27917, "label": "D907 PR999+27917"}}, {"type": "Feature", "geometry": {"type": "Point", "coordinates": [3.50031014, 44.80015408]}, "properties": {"route": "D7", "pr": "999", "abs": 24756, "label": "D7 PR999+24756"}}, {"type": "Feature", "geometry": {"type": "Point", "coordinates": [3.2852717, 44.72258484]}, "properties": {"route": "D7", "pr": "0", "abs": 0, "label": "D7 PR0"}}, {"type": "Feature", "geometry": {"type": "Point", "coordinates": [3.65491219, 44.17602883]}, "properties": {"route": "D61", "pr": "999", "abs": 9965, "label": "D61 PR999+9965"}}, {"type": "Feature", "geometry": {"type": "Point", "coordinates": [3.69709164, 44.19966438]}, "properties": {"route": "D61", "pr": "0", "abs": 0, "label": "D61 PR0"}}, {"type": "Feature", "geometry": {"type": "Point", "coordinates": [3.27579661, 44.7980478]}, "properties": {"route": "D10", "pr": "0", "abs": 0, "label": "D10 PR0"}}, {"type": "Feature", "geometry": {"type": "Point", "coordinates": [3.15695345, 44.71294408]}, "properties": {"route": "D10", "pr": "999", "abs": 16187, "label": "D10 PR999+16187"}}, {"type": "Feature", "geometry": {"type": "Point", "coordinates": [3.84006183, 44.72444445]}, "properties": {"route": "D34", "pr": "0", "abs": 0, "label": "D34 PR0"}}, {"type": "Feature", "geometry": {"type": "Point", "coordinates": [3.4173587, 44.68717385]}, "properties": {"route": "D34", "pr": "999", "abs": 41280, "label": "D34 PR999+41280"}}, {"type": "Feature", "geometry": {"type": "Point", "coordinates": [3.03649093, 44.75379139]}, "properties": {"route": "D212", "pr": "0", "abs": 0, "label": "D212 PR0 (G)"}}, {"type": "Feature", "geometry": {"type": "Point", "coordinates": [3.03648015, 44.754698]}, "properties": {"route": "D212", "pr": "0", "abs": 0, "label": "D212 PR0"}}, {"type": "Feature", "geometry": {"type": "Point", "coordinates": [3.03545671, 44.75470283]}, "properties": {"route": "D212", "pr": "999", "abs": 113, "label": "D212 PR999+113"}}, {"type": "Feature", "geometry": {"type": "Point", "coordinates": [3.03606173, 44.75438753]}, "properties": {"route": "D212", "pr": "999", "abs": 85, "label": "D212 PR999+85 (G)"}}, {"type": "Feature", "geometry": {"type": "Point", "coordinates": [3.23270286, 44.31911224]}, "properties": {"route": "D146", "pr": "0", "abs": 0, "label": "D146 PR0"}}, {"type": "Feature", "geometry": {"type": "Point", "coordinates": [3.24291273, 44.31240209]}, "properties": {"route": "D146", "pr": "999", "abs": 1477, "label": "D146 PR999+1477"}}, {"type": "Feature", "geometry": {"type": "Point", "coordinates": [3.17678474, 44.62285662]}, "properties": {"route": "D11", "pr": "0", "abs": 0, "label": "D11 PR0"}}, {"type": "Feature", "geometry": {"type": "Point", "coordinates": [3.26293892, 44.61900142]}, "properties": {"route": "D11", "pr": "999", "abs": 8005, "label": "D11 PR999+8005"}}, {"type": "Feature", "geometry": {"type": "Point", "coordinates": [3.54100199, 44.45491545]}, "properties": {"route": "D125", "pr": "999", "abs": 1877, "label": "D125 PR999+1877"}}, {"type": "Feature", "geometry": {"type": "Point", "coordinates": [3.56182837, 44.45559177]}, "properties": {"route": "D125", "pr": "0", "abs": 0, "label": "D125 PR0"}}, {"type": "Feature", "geometry": {"type": "Point", "coordinates": [3.04853974, 44.66168261]}, "properties": {"route": "D900", "pr": "0", "abs": 0, "label": "D900 PR0"}}, {"type": "Feature", "geometry": {"type": "Point", "coordinates": [3.29108811, 44.56383703]}, "properties": {"route": "D900", "pr": "999", "abs": 27283, "label": "D900 PR999+27283"}}, {"type": "Feature", "geometry": {"type": "Point", "coordinates": [3.46778403, 44.53005764]}, "properties": {"route": "D50", "pr": "0", "abs": 0, "label": "D50 PR0"}}, {"type": "Feature", "geometry": {"type": "Point", "coordinates": [3.22225021, 44.74650982]}, "properties": {"route": "D50", "pr": "999", "abs": 36710, "label": "D50 PR999+36710"}}, {"type": "Feature", "geometry": {"type": "Point", "coordinates": [3.27238064, 44.30259981]}, "properties": {"route": "D907B", "pr": "12", "abs": 11967, "label": "D907B PR12+11967"}}, {"type": "Feature", "geometry": {"type": "Point", "coordinates": [3.22991782, 44.23030894]}, "properties": {"route": "D907B", "pr": "0", "abs": 0, "label": "D907B PR0"}}, {"type": "Feature", "geometry": {"type": "Point", "coordinates": [3.5663649, 44.36277025]}, "properties": {"route": "D907B", "pr": "999", "abs": 51727, "label": "D907B PR999+51727"}}, {"type": "Feature", "geometry": {"type": "Point", "coordinates": [3.26237276, 44.3055028]}, "properties": {"route": "D907B", "pr": "999", "abs": 699, "label": "D907B PR999+699 (G)"}}, {"type": "Feature", "geometry": {"type": "Point", "coordinates": [3.22875943, 44.66677291]}, "properties": {"route": "D69", "pr": "999", "abs": 6265, "label": "D69 PR999+6265"}}, {"type": "Feature", "geometry": {"type": "Point", "coordinates": [3.25677294, 44.71042584]}, "properties": {"route": "D69", "pr": "0", "abs": 0, "label": "D69 PR0"}}, {"type": "Feature", "geometry": {"type": "Point", "coordinates": [3.74293548, 44.56612697]}, "properties": {"route": "D20", "pr": "999", "abs": 61910, "label": "D20 PR999+61910"}}, {"type": "Feature", "geometry": {"type": "Point", "coordinates": [3.6501476, 44.24800863]}, "properties": {"route": "D20", "pr": "0", "abs": 0, "label": "D20 PR0"}}, {"type": "Feature", "geometry": {"type": "Point", "coordinates": [3.62927631, 44.83149762]}, "properties": {"route": "D159", "pr": "0", "abs": 0, "label": "D159 PR0"}}, {"type": "Feature", "geometry": {"type": "Point", "coordinates": [3.61867504, 44.83234864]}, "properties": {"route": "D159", "pr": "999", "abs": 1025, "label": "D159 PR999+1025"}}, {"type": "Feature", "geometry": {"type": "Point", "coordinates": [3.33556628, 44.4712923]}, "properties": {"route": "D132", "pr": "999", "abs": 871, "label": "D132 PR999+871"}}, {"type": "Feature", "geometry": {"type": "Point", "coordinates": [3.34045273, 44.46707423]}, "properties": {"route": "D132", "pr": "0", "abs": 0, "label": "D132 PR0"}}, {"type": "Feature", "geometry": {"type": "Point", "coordinates": [3.47340521, 44.64155564]}, "properties": {"route": "D259", "pr": "999", "abs": 682, "label": "D259 PR999+682"}}, {"type": "Feature", "geometry": {"type": "Point", "coordinates": [3.47560322, 44.63708261]}, "properties": {"route": "D259", "pr": "0", "abs": 0, "label": "D259 PR0"}}, {"type": "Feature", "geometry": {"type": "Point", "coordinates": [3.74831471, 44.40211828]}, "properties": {"route": "D20", "pr": "34", "abs": 33891, "label": "D20 PR34+33891"}}, {"type": "Feature", "geometry": {"type": "Point", "coordinates": [3.34088965, 44.86320334]}, "properties": {"route": "D48", "pr": "0", "abs": 0, "label": "D48 PR0"}}, {"type": "Feature", "geometry": {"type": "Point", "coordinates": [3.4169739, 44.90627421]}, "properties": {"route": "D48", "pr": "999", "abs": 10719, "label": "D48 PR999+10719"}}, {"type": "Feature", "geometry": {"type": "Point", "coordinates": [3.41654636, 44.51622998]}, "properties": {"route": "D142", "pr": "0", "abs": 0, "label": "D142 PR0"}}, {"type": "Feature", "geometry": {"type": "Point", "coordinates": [3.40550325, 44.50134078]}, "properties": {"route": "D142", "pr": "999", "abs": 2029, "label": "D142 PR999+2029"}}, {"type": "Feature", "geometry": {"type": "Point", "coordinates": [3.26293892, 44.61900142]}, "properties": {"route": "D253", "pr": "999", "abs": 4179, "label": "D253 PR999+4179"}}, {"type": "Feature", "geometry": {"type": "Point", "coordinates": [3.21758898, 44.71559554]}, "properties": {"route": "D107", "pr": "0", "abs": 0, "label": "D107 PR0"}}, {"type": "Feature", "geometry": {"type": "Point", "coordinates": [3.22265156, 44.74545475]}, "properties": {"route": "D107", "pr": "999", "abs": 4449, "label": "D107 PR999+4449"}}, {"type": "Feature", "geometry": {"type": "Point", "coordinates": [3.74093968, 44.18203354]}, "properties": {"route": "D40", "pr": "0", "abs": 0, "label": "D40 PR0"}}, {"type": "Feature", "geometry": {"type": "Point", "coordinates": [3.75316563, 44.15374431]}, "properties": {"route": "D40", "pr": "999", "abs": 5330, "label": "D40 PR999+5330"}}, {"type": "Feature", "geometry": {"type": "Point", "coordinates": [3.72921581, 44.69166188]}, "properties": {"route": "D60", "pr": "999", "abs": 15221, "label": "D60 PR999+15221"}}, {"type": "Feature", "geometry": {"type": "Point", "coordinates": [3.63375506, 44.78435319]}, "properties": {"route": "D60", "pr": "0", "abs": 0, "label": "D60 PR0"}}, {"type": "Feature", "geometry": {"type": "Point", "coordinates": [3.63436463, 44.51587165]}, "properties": {"route": "D27", "pr": "0", "abs": 0, "label": "D27 PR0"}}, {"type": "Feature", "geometry": {"type": "Point", "coordinates": [3.6645381, 44.58809536]}, "properties": {"route": "D27", "pr": "999", "abs": 11233, "label": "D27 PR999+11233"}}, {"type": "Feature", "geometry": {"type": "Point", "coordinates": [3.59593377, 44.32633153]}, "properties": {"route": "D116", "pr": "999", "abs": 87, "label": "D116 PR999+87"}}, {"type": "Feature", "geometry": {"type": "Point", "coordinates": [3.59512517, 44.32623419]}, "properties": {"route": "D116", "pr": "0", "abs": 0, "label": "D116 PR0"}}, {"type": "Feature", "geometry": {"type": "Point", "coordinates": [3.41167011, 44.36245564]}, "properties": {"route": "D2998", "pr": "999", "abs": 1414, "label": "D2998 PR999+1414"}}, {"type": "Feature", "geometry": {"type": "Point", "coordinates": [3.39985653, 44.35448318]}, "properties": {"route": "D2998", "pr": "0", "abs": 0, "label": "D2998 PR0"}}, {"type": "Feature", "geometry": {"type": "Point", "coordinates": [3.61528119, 44.82238168]}, "properties": {"route": "D26", "pr": "999", "abs": 20026, "label": "D26 PR999+20026"}}, {"type": "Feature", "geometry": {"type": "Point", "coordinates": [3.84228405, 44.72069744]}, "properties": {"route": "D26", "pr": "0", "abs": 0, "label": "D26 PR0"}}, {"type": "Feature", "geometry": {"type": "Point", "coordinates": [3.13869139, 44.39716721]}, "properties": {"route": "D809", "pr": "999", "abs": 74787, "label": "D809 PR999+74787"}}, {"type": "Feature", "geometry": {"type": "Point", "coordinates": [3.44997562, 44.66253827]}, "properties": {"route": "D999", "pr": "999", "abs": 24688, "label": "D999 PR999+24688"}}, {"type": "Feature", "geometry": {"type": "Point", "coordinates": [3.29244244, 44.5518053]}, "properties": {"route": "D999", "pr": "0", "abs": 0, "label": "D999 PR0"}}, {"type": "Feature", "geometry": {"type": "Point", "coordinates": [3.37224194, 44.94599423]}, "properties": {"route": "D123", "pr": "0", "abs": 0, "label": "D123 PR0"}}, {"type": "Feature", "geometry": {"type": "Point", "coordinates": [3.3553833, 44.96016452]}, "properties": {"route": "D123", "pr": "999", "abs": 3533, "label": "D123 PR999+3533"}}, {"type": "Feature", "geometry": {"type": "Point", "coordinates": [3.32566486, 44.65009911]}, "properties": {"route": "D30", "pr": "999", "abs": 7736, "label": "D30 PR999+7736"}}, {"type": "Feature", "geometry": {"type": "Point", "coordinates": [3.38359804, 44.62372073]}, "properties": {"route": "D30", "pr": "0", "abs": 0, "label": "D30 PR0"}}, {"type": "Feature", "geometry": {"type": "Point", "coordinates": [3.27362413, 44.90481815]}, "properties": {"route": "D147", "pr": "999", "abs": 5737, "label": "D147 PR999+5737"}}, {"type": "Feature", "geometry": {"type": "Point", "coordinates": [3.31654551, 44.88797557]}, "properties": {"route": "D147", "pr": "0", "abs": 0, "label": "D147 PR0"}}, {"type": "Feature", "geometry": {"type": "Point", "coordinates": [3.78749039, 44.79300709]}, "properties": {"route": "D126", "pr": "999", "abs": 5395, "label": "D126 PR999+5395"}}, {"type": "Feature", "geometry": {"type": "Point", "coordinates": [3.88718114, 44.65642363]}, "properties": {"route": "D519", "pr": "999", "abs": 577, "label": "D519 PR999+577"}}, {"type": "Feature", "geometry": {"type": "Point", "coordinates": [3.89152015, 44.65274511]}, "properties": {"route": "D519", "pr": "0", "abs": 0, "label": "D519 PR0"}}, {"type": "Feature", "geometry": {"type": "Point", "coordinates": [3.98559993, 44.47672589]}, "properties": {"route": "D151", "pr": "0", "abs": 0, "label": "D151 PR0"}}, {"type": "Feature", "geometry": {"type": "Point", "coordinates": [3.91533424, 44.58948315]}, "properties": {"route": "D151", "pr": "999", "abs": 20436, "label": "D151 PR999+20436"}}, {"type": "Feature", "geometry": {"type": "Point", "coordinates": [3.15539092, 44.38377103]}, "properties": {"route": "D167", "pr": "0", "abs": 0, "label": "D167 PR0"}}, {"type": "Feature", "geometry": {"type": "Point", "coordinates": [3.11875077, 44.38390216]}, "properties": {"route": "D167", "pr": "999", "abs": 3652, "label": "D167 PR999+3652"}}, {"type": "Feature", "geometry": {"type": "Point", "coordinates": [3.17528467, 44.31263149]}, "properties": {"route": "D67", "pr": "0", "abs": 0, "label": "D67 PR0"}}, {"type": "Feature", "geometry": {"type": "Point", "coordinates": [3.17046415, 44.40764121]}, "properties": {"route": "D67", "pr": "999", "abs": 13381, "label": "D67 PR999+13381"}}, {"type": "Feature", "geometry": {"type": "Point", "coordinates": [3.5521069, 44.37722316]}, "properties": {"route": "D331", "pr": "999", "abs": 844, "label": "D331 PR999+844"}}, {"type": "Feature", "geometry": {"type": "Point", "coordinates": [3.55229283, 44.37595386]}, "properties": {"route": "D331", "pr": "0", "abs": 0, "label": "D331 PR0"}}, {"type": "Feature", "geometry": {"type": "Point", "coordinates": [3.46167137, 44.61935395]}, "properties": {"route": "D201", "pr": "0", "abs": 0, "label": "D201 PR0"}}, {"type": "Feature", "geometry": {"type": "Point", "coordinates": [3.47794503, 44.6157017]}, "properties": {"route": "D201", "pr": "999", "abs": 1429, "label": "D201 PR999+1429"}}, {"type": "Feature", "geometry": {"type": "Point", "coordinates": [3.5960747, 44.60506811]}, "properties": {"route": "D6", "pr": "999", "abs": 30411, "label": "D6 PR999+30411"}}, {"type": "Feature", "geometry": {"type": "Point", "coordinates": [3.9058794, 44.59180194]}, "properties": {"route": "D6", "pr": "0", "abs": 0, "label": "D6 PR0"}}, {"type": "Feature", "geometry": {"type": "Point", "coordinates": [3.04301645, 44.77306644]}, "properties": {"route": "D312", "pr": "999", "abs": 94, "label": "D312 PR999+94"}}, {"type": "Feature", "geometry": {"type": "Point", "coordinates": [3.04407289, 44.77280673]}, "properties": {"route": "D312", "pr": "0", "abs": 0, "label": "D312 PR0"}}, {"type": "Feature", "geometry": {"type": "Point", "coordinates": [3.76818128, 44.21799548]}, "properties": {"route": "D28", "pr": "999", "abs": 12511, "label": "D28 PR999+12511"}}, {"type": "Feature", "geometry": {"type": "Point", "coordinates": [3.73943655, 44.1829276]}, "properties": {"route": "D28", "pr": "0", "abs": 0, "label": "D28 PR0"}}, {"type": "Feature", "geometry": {"type": "Point", "coordinates": [3.48774695, 44.15878949]}, "properties": {"route": "D57", "pr": "999", "abs": 6833, "label": "D57 PR999+6833"}}, {"type": "Feature", "geometry": {"type": "Point", "coordinates": [3.4302466, 44.17934149]}, "properties": {"route": "D57", "pr": "0", "abs": 0, "label": "D57 PR0"}}, {"type": "Feature", "geometry": {"type": "Point", "coordinates": [3.19232289, 44.86954195]}, "properties": {"route": "D64", "pr": "999", "abs": 10433, "label": "D64 PR999+10433"}}, {"type": "Feature", "geometry": {"type": "Point", "coordinates": [3.27337652, 44.80796097]}, "properties": {"route": "D64", "pr": "0", "abs": 0, "label": "D64 PR0"}}, {"type": "Feature", "geometry": {"type": "Point", "coordinates": [3.74733511, 44.17860302]}, "properties": {"route": "D24", "pr": "999", "abs": 7233, "label": "D24 PR999+7233"}}, {"type": "Feature", "geometry": {"type": "Point", "coordinates": [3.67255786, 44.18550918]}, "properties": {"route": "D24", "pr": "0", "abs": 0, "label": "D24 PR0"}}, {"type": "Feature", "geometry": {"type": "Point", "coordinates": [3.58632673, 44.3360159]}, "properties": {"route": "D998", "pr": "27", "abs": 25835, "label": "D998 PR27+25835"}}, {"type": "Feature", "geometry": {"type": "Point", "coordinates": [3.19812194, 44.43977757]}, "properties": {"route": "D998", "pr": "0", "abs": 0, "label": "D998 PR0"}}, {"type": "Feature", "geometry": {"type": "Point", "coordinates": [3.95229563, 44.3308938]}, "properties": {"route": "D998", "pr": "999", "abs": 69324, "label": "D998 PR999+69324"}}, {"type": "Feature", "geometry": {"type": "Point", "coordinates": [3.72391128, 44.26542702]}, "properties": {"route": "D162", "pr": "0", "abs": 0, "label": "D162 PR0"}}, {"type": "Feature", "geometry": {"type": "Point", "coordinates": [3.72088431, 44.24261099]}, "properties": {"route": "D162", "pr": "999", "abs": 2985, "label": "D162 PR999+2985"}}, {"type": "Feature", "geometry": {"type": "Point", "coordinates": [3.86549026, 44.72558028]}, "properties": {"route": "D326", "pr": "0", "abs": 0, "label": "D326 PR0"}}, {"type": "Feature", "geometry": {"type": "Point", "coordinates": [3.85714589, 44.73253644]}, "properties": {"route": "D326", "pr": "999", "abs": 1225, "label": "D326 PR999+1225"}}, {"type": "Feature", "geometry": {"type": "Point", "coordinates": [3.24523362, 44.39711833]}, "properties": {"route": "D43", "pr": "0", "abs": 0, "label": "D43 PR0"}}, {"type": "Feature", "geometry": {"type": "Point", "coordinates": [3.36003532, 44.2847752]}, "properties": {"route": "D43", "pr": "999", "abs": 21148, "label": "D43 PR999+21148"}}, {"type": "Feature", "geometry": {"type": "Point", "coordinates": [3.34904034, 44.73983847]}, "properties": {"route": "D2007", "pr": "0", "abs": 0, "label": "D2007 PR0"}}, {"type": "Feature", "geometry": {"type": "Point", "coordinates": [3.34960232, 44.74001946]}, "properties": {"route": "D2007", "pr": "999", "abs": 46, "label": "D2007 PR999+46"}}, {"type": "Feature", "geometry": {"type": "Point", "coordinates": [3.68240007, 44.63633751]}, "properties": {"route": "D103", "pr": "999", "abs": 152, "label": "D103 PR999+152"}}, {"type": "Feature", "geometry": {"type": "Point", "coordinates": [3.68414668, 44.6368777]}, "properties": {"route": "D103", "pr": "0", "abs": 0, "label": "D103 PR0"}}, {"type": "Feature", "geometry": {"type": "Point", "coordinates": [3.49592132, 44.33578364]}, "properties": {"route": "D68", "pr": "0", "abs": 0, "label": "D68 PR0"}}, {"type": "Feature", "geometry": {"type": "Point", "coordinates": [3.50459125, 44.3367308]}, "properties": {"route": "D68", "pr": "999", "abs": 2247, "label": "D68 PR999+2247"}}, {"type": "Feature", "geometry": {"type": "Point", "coordinates": [3.36650096, 44.45309239]}, "properties": {"route": "D44", "pr": "0", "abs": 0, "label": "D44 PR0"}}, {"type": "Feature", "geometry": {"type": "Point", "coordinates": [3.43185735, 44.40594624]}, "properties": {"route": "D44", "pr": "999", "abs": 8613, "label": "D44 PR999+8613"}}, {"type": "Feature", "geometry": {"type": "Point", "coordinates": [3.30938891, 44.65484528]}, "properties": {"route": "D203", "pr": "0", "abs": 0, "label": "D203 PR0"}}, {"type": "Feature", "geometry": {"type": "Point", "coordinates": [3.30797333, 44.66307689]}, "properties": {"route": "D203", "pr": "999", "abs": 977, "label": "D203 PR999+977"}}, {"type": "Feature", "geometry": {"type": "Point", "coordinates": [3.1259405, 44.87370933]}, "properties": {"route": "D12", "pr": "999", "abs": 30563, "label": "D12 PR999+30563"}}, {"type": "Feature", "geometry": {"type": "Point", "coordinates": [3.04474361, 44.66266011]}, "properties": {"route": "D12", "pr": "0", "abs": 0, "label": "D12 PR0"}}, {"type": "Feature", "geometry": {"type": "Point", "coordinates": [3.6265836, 44.52242943]}, "properties": {"route": "D74", "pr": "0", "abs": 0, "label": "D74 PR0"}}, {"type": "Feature", "geometry": {"type": "Point", "coordinates": [3.55975096, 44.56037871]}, "properties": {"route": "D74", "pr": "999", "abs": 8911, "label": "D74 PR999+8911"}}, {"type": "Feature", "geometry": {"type": "Point", "coordinates": [3.93229078, 44.40379345]}, "properties": {"route": "D906", "pr": "0", "abs": 0, "label": "D906 PR0"}}, {"type": "Feature", "geometry": {"type": "Point", "coordinates": [3.85458304, 44.72571269]}, "properties": {"route": "D906", "pr": "999", "abs": 43975, "label": "D906 PR999+43975"}}, {"type": "Feature", "geometry": {"type": "Point", "coordinates": [3.58583135, 44.34002342]}, "properties": {"route": "D2106", "pr": "999", "abs": 519, "label": "D2106 PR999+519"}}, {"type": "Feature", "geometry": {"type": "Point", "coordinates": [3.5869783, 44.33595572]}, "properties": {"route": "D2106", "pr": "0", "abs": 0, "label": "D2106 PR0"}}, {"type": "Feature", "geometry": {"type": "Point", "coordinates": [3.61493023, 44.3452504]}, "properties": {"route": "D135", "pr": "999", "abs": 12618, "label": "D135 PR999+12618"}}, {"type": "Feature", "geometry": {"type": "Point", "coordinates": [3.60334937, 44.41581322]}, "properties": {"route": "D135", "pr": "0", "abs": 0, "label": "D135 PR0"}}, {"type": "Feature", "geometry": {"type": "Point", "coordinates": [3.87915216, 44.13386196]}, "properties": {"route": "D983", "pr": "999", "abs": 41190, "label": "D983 PR999+41190"}}, {"type": "Feature", "geometry": {"type": "Point", "coordinates": [3.59559071, 44.28723935]}, "properties": {"route": "D983", "pr": "0", "abs": 0, "label": "D983 PR0"}}, {"type": "Feature", "geometry": {"type": "Point", "coordinates": [3.33195142, 44.85604927]}, "properties": {"route": "D247", "pr": "999", "abs": 256, "label": "D247 PR999+256"}}, {"type": "Feature", "geometry": {"type": "Point", "coordinates": [3.32910736, 44.85586777]}, "properties": {"route": "D247", "pr": "0", "abs": 0, "label": "D247 PR0"}}, {"type": "Feature", "geometry": {"type": "Point", "coordinates": [3.13661471, 44.47260224]}, "properties": {"route": "D152", "pr": "999", "abs": 6543, "label": "D152 PR999+6543"}}, {"type": "Feature", "geometry": {"type": "Point", "coordinates": [3.16723849, 44.47876249]}, "properties": {"route": "D152", "pr": "0", "abs": 0, "label": "D152 PR0"}}, {"type": "Feature", "geometry": {"type": "Point", "coordinates": [3.75238206, 44.26854475]}, "properties": {"route": "D62", "pr": "999", "abs": 25741, "label": "D62 PR999+25741"}}, {"type": "Feature", "geometry": {"type": "Point", "coordinates": [3.65546724, 44.19563268]}, "properties": {"route": "D62", "pr": "0", "abs": 0, "label": "D62 PR0"}}, {"type": "Feature", "geometry": {"type": "Point", "coordinates": [3.08407338, 44.82773191]}, "properties": {"route": "D989B", "pr": "0", "abs": 0, "label": "D989B PR0"}}, {"type": "Feature", "geometry": {"type": "Point", "coordinates": [3.08412982, 44.82571514]}, "properties": {"route": "D989B", "pr": "999", "abs": 508, "label": "D989B PR999+508"}}, {"type": "Feature", "geometry": {"type": "Point", "coordinates": [3.80237348, 44.54648293]}, "properties": {"route": "D120", "pr": "999", "abs": 8753, "label": "D120 PR999+8753"}}, {"type": "Feature", "geometry": {"type": "Point", "coordinates": [3.75260669, 44.53585815]}, "properties": {"route": "D120", "pr": "0", "abs": 0, "label": "D120 PR0"}}, {"type": "Feature", "geometry": {"type": "Point", "coordinates": [3.32879378, 44.77419514]}, "properties": {"route": "D75", "pr": "999", "abs": 18181, "label": "D75 PR999+18181"}}, {"type": "Feature", "geometry": {"type": "Point", "coordinates": [3.31262456, 44.89233268]}, "properties": {"route": "D75", "pr": "0", "abs": 0, "label": "D75 PR0"}}, {"type": "Feature", "geometry": {"type": "Point", "coordinates": [3.67411955, 44.63506035]}, "properties": {"route": "D1", "pr": "999", "abs": 41864, "label": "D1 PR999+41864"}}, {"type": "Feature", "geometry": {"type": "Point", "coordinates": [3.29464347, 44.55042118]}, "properties": {"route": "D1", "pr": "0", "abs": 0, "label": "D1 PR0"}}, {"type": "Feature", "geometry": {"type": "Point", "coordinates": [3.00786108, 44.69689934]}, "properties": {"route": "D112", "pr": "999", "abs": 2904, "label": "D112 PR999+2904"}}, {"type": "Feature", "geometry": {"type": "Point", "coordinates": [3.03490461, 44.69370441]}, "properties": {"route": "D112", "pr": "0", "abs": 0, "label": "D112 PR0"}}, {"type": "Feature", "geometry": {"type": "Point", "coordinates": [3.84169737, 44.15896307]}, "properties": {"route": "D984", "pr": "999", "abs": 25939, "label": "D984 PR999+25939"}}, {"type": "Feature", "geometry": {"type": "Point", "coordinates": [3.788339, 44.28039722]}, "properties": {"route": "D984", "pr": "0", "abs": 0, "label": "D984 PR0"}}, {"type": "Feature", "geometry": {"type": "Point", "coordinates": [3.28819927, 44.54136828]}, "properties": {"route": "D31", "pr": "0", "abs": 0, "label": "D31 PR0"}}, {"type": "Feature", "geometry": {"type": "Point", "coordinates": [3.52121353, 44.37655998]}, "properties": {"route": "D31", "pr": "999", "abs": 35746, "label": "D31 PR999+35746"}}, {"type": "Feature", "geometry": {"type": "Point", "coordinates": [3.93188825, 44.44128047]}, "properties": {"route": "D66", "pr": "0", "abs": 0, "label": "D66 PR0"}}, {"type": "Feature", "geometry": {"type": "Point", "coordinates": [3.87488541, 44.38587631]}, "properties": {"route": "D66", "pr": "999", "abs": 15661, "label": "D66 PR999+15661"}}, {"type": "Feature", "geometry": {"type": "Point", "coordinates": [3.77101724, 44.14865707]}, "properties": {"route": "D140", "pr": "999", "abs": 3905, "label": "D140 PR999+3905"}}, {"type": "Feature", "geometry": {"type": "Point", "coordinates": [3.76401117, 44.16759944]}, "properties": {"route": "D140", "pr": "0", "abs": 0, "label": "D140 PR0"}}, {"type": "Feature", "geometry": {"type": "Point", "coordinates": [3.61585254, 44.1759706]}, "properties": {"route": "D19", "pr": "999", "abs": 9975, "label": "D19 PR999+9975"}}, {"type": "Feature", "geometry": {"type": "Point", "coordinates": [3.24511031, 44.4907275]}, "properties": {"route": "D888", "pr": "0", "abs": 0, "label": "D888 PR0"}}, {"type": "Feature", "geometry": {"type": "Point", "coordinates": [3.26336371, 44.49673309]}, "properties": {"route": "D888", "pr": "999", "abs": 3961, "label": "D888 PR999+3961"}}, {"type": "Feature", "geometry": {"type": "Point", "coordinates": [3.39091175, 44.20473997]}, "properties": {"route": "D18", "pr": "0", "abs": 0, "label": "D18 PR0"}}, {"type": "Feature", "geometry": {"type": "Point", "coordinates": [3.61133628, 44.15771482]}, "properties": {"route": "D19", "pr": "15", "abs": 7064, "label": "D19 PR15+7064"}}, {"type": "Feature", "geometry": {"type": "Point", "coordinates": [3.55850971, 44.11931191]}, "properties": {"route": "D18", "pr": "999", "abs": 26816, "label": "D18 PR999+26816"}}, {"type": "Feature", "geometry": {"type": "Point", "coordinates": [3.20723345, 44.1923475]}, "properties": {"route": "D2996", "pr": "0", "abs": 0, "label": "D2996 PR0"}}, {"type": "Feature", "geometry": {"type": "Point", "coordinates": [3.20766265, 44.19066262]}, "properties": {"route": "D2996", "pr": "999", "abs": 200, "label": "D2996 PR999+200"}}, {"type": "Feature", "geometry": {"type": "Point", "coordinates": [3.34228119, 44.69189333]}, "properties": {"route": "D5", "pr": "0", "abs": 0, "label": "D5 PR0"}}, {"type": "Feature", "geometry": {"type": "Point", "coordinates": [3.69610601, 44.80779539]}, "properties": {"route": "D5", "pr": "999", "abs": 36582, "label": "D5 PR999+36582"}}, {"type": "Feature", "geometry": {"type": "Point", "coordinates": [3.32736373, 44.77128415]}, "properties": {"route": "D806", "pr": "DS", "abs": null, "label": "D806 PRDS"}}, {"type": "Feature", "geometry": {"type": "Point", "coordinates": [3.28563771, 44.78899715]}, "properties": {"route": "D806", "pr": "DS", "abs": null, "label": "D806 PRDS"}}, {"type": "Feature", "geometry": {"type": "Point", "coordinates": [3.54424064, 44.72787765]}, "properties": {"route": "D59", "pr": "FS", "abs": null, "label": "D59 PRFS"}}, {"type": "Feature", "geometry": {"type": "Point", "coordinates": [3.54884181, 44.7600289]}, "properties": {"route": "D59", "pr": "DS", "abs": null, "label": "D59 PRDS"}}, {"type": "Feature", "geometry": {"type": "Point", "coordinates": [3.62111458, 44.82205116]}, "properties": {"route": "D59", "pr": "DS", "abs": null, "label": "D59 PRDS"}}, {"type": "Feature", "geometry": {"type": "Point", "coordinates": [3.61516578, 44.82247146]}, "properties": {"route": "D59", "pr": "FS", "abs": null, "label": "D59 PRFS"}}, {"type": "Feature", "geometry": {"type": "Point", "coordinates": [3.55565521, 44.76447949]}, "properties": {"route": "D59", "pr": "DS", "abs": null, "label": "D59 PRDS"}}, {"type": "Feature", "geometry": {"type": "Point", "coordinates": [3.49069881, 44.66881936]}, "properties": {"route": "D59", "pr": "FS", "abs": null, "label": "D59 PRFS"}}, {"type": "Feature", "geometry": {"type": "Point", "coordinates": [3.49739127, 44.69678788]}, "properties": {"route": "D59", "pr": "DS", "abs": null, "label": "D59 PRDS"}}, {"type": "Feature", "geometry": {"type": "Point", "coordinates": [3.49118391, 44.66874788]}, "properties": {"route": "D59", "pr": "DS", "abs": null, "label": "D59 PRDS"}}, {"type": "Feature", "geometry": {"type": "Point", "coordinates": [3.27365266, 44.8002571]}, "properties": {"route": "D989", "pr": "DS", "abs": null, "label": "D989 PRDS"}}, {"type": "Feature", "geometry": {"type": "Point", "coordinates": [3.26953295, 44.8192848]}, "properties": {"route": "D989", "pr": "DS", "abs": null, "label": "D989 PRDS"}}, {"type": "Feature", "geometry": {"type": "Point", "coordinates": [3.28723494, 44.65864928]}, "properties": {"route": "D303", "pr": "FS", "abs": null, "label": "D303 PRFS"}}, {"type": "Feature", "geometry": {"type": "Point", "coordinates": [3.15615975, 44.53511901]}, "properties": {"route": "D56", "pr": "DS", "abs": null, "label": "D56 PRDS"}}, {"type": "Feature", "geometry": {"type": "Point", "coordinates": [3.17113253, 44.52529241]}, "properties": {"route": "D56", "pr": "DS", "abs": null, "label": "D56 PRDS"}}, {"type": "Feature", "geometry": {"type": "Point", "coordinates": [3.75302571, 44.56652949]}, "properties": {"route": "D71", "pr": "DS", "abs": null, "label": "D71 PRDS"}}, {"type": "Feature", "geometry": {"type": "Point", "coordinates": [3.75440348, 44.56766255]}, "properties": {"route": "D71", "pr": "DS", "abs": null, "label": "D71 PRDS"}}, {"type": "Feature", "geometry": {"type": "Point", "coordinates": [3.43512546, 44.18404144]}, "properties": {"route": "D996", "pr": "FS", "abs": null, "label": "D996 PRFS"}}, {"type": "Feature", "geometry": {"type": "Point", "coordinates": [3.20764315, 44.19456994]}, "properties": {"route": "D996", "pr": "FS", "abs": null, "label": "D996 PRFS"}}, {"type": "Feature", "geometry": {"type": "Point", "coordinates": [3.42966325, 44.17944008]}, "properties": {"route": "D996", "pr": "DS", "abs": null, "label": "D996 PRDS"}}, {"type": "Feature", "geometry": {"type": "Point", "coordinates": [3.83900907, 44.13507032]}, "properties": {"route": "D9", "pr": "DS", "abs": null, "label": "D9 PRDS"}}, {"type": "Feature", "geometry": {"type": "Point", "coordinates": [3.4105309, 44.3655907]}, "properties": {"route": "D986", "pr": "DS", "abs": null, "label": "D986 PRDS"}}, {"type": "Feature", "geometry": {"type": "Point", "coordinates": [3.43451886, 44.18372161]}, "properties": {"route": "D986", "pr": "FS", "abs": null, "label": "D986 PRFS"}}, {"type": "Feature", "geometry": {"type": "Point", "coordinates": [3.43497753, 44.18399792]}, "properties": {"route": "D986", "pr": "DS", "abs": null, "label": "D986 PRDS"}}, {"type": "Feature", "geometry": {"type": "Point", "coordinates": [3.43451886, 44.18372161]}, "properties": {"route": "D986", "pr": "FS", "abs": null, "label": "D986 PRFS"}}, {"type": "Feature", "geometry": {"type": "Point", "coordinates": [3.43497753, 44.18399792]}, "properties": {"route": "D986", "pr": "DS", "abs": null, "label": "D986 PRDS"}}, {"type": "Feature", "geometry": {"type": "Point", "coordinates": [3.43497753, 44.18399792]}, "properties": {"route": "D986", "pr": "FS", "abs": null, "label": "D986 PRFS"}}, {"type": "Feature", "geometry": {"type": "Point", "coordinates": [3.43451886, 44.18372161]}, "properties": {"route": "D986", "pr": "FS", "abs": null, "label": "D986 PRFS"}}, {"type": "Feature", "geometry": {"type": "Point", "coordinates": [3.41024325, 44.36555036]}, "properties": {"route": "D986", "pr": "DS", "abs": null, "label": "D986 PRDS"}}, {"type": "Feature", "geometry": {"type": "Point", "coordinates": [3.39901856, 44.50075047]}, "properties": {"route": "D808", "pr": "DS", "abs": null, "label": "D808 PRDS"}}, {"type": "Feature", "geometry": {"type": "Point", "coordinates": [3.16946275, 44.84749479]}, "properties": {"route": "D70", "pr": "DS", "abs": null, "label": "D70 PRDS"}}, {"type": "Feature", "geometry": {"type": "Point", "coordinates": [3.25438362, 44.8704219]}, "properties": {"route": "D70", "pr": "FS", "abs": null, "label": "D70 PRFS"}}, {"type": "Feature", "geometry": {"type": "Point", "coordinates": [3.25096483, 44.86809869]}, "properties": {"route": "D70", "pr": "FS", "abs": null, "label": "D70 PRFS"}}, {"type": "Feature", "geometry": {"type": "Point", "coordinates": [3.20586461, 44.85835344]}, "properties": {"route": "D70", "pr": "DS", "abs": null, "label": "D70 PRDS"}}, {"type": "Feature", "geometry": {"type": "Point", "coordinates": [3.19008998, 44.84874166]}, "properties": {"route": "D70", "pr": "FS", "abs": null, "label": "D70 PRFS"}}, {"type": "Feature", "geometry": {"type": "Point", "coordinates": [3.20569126, 44.85802694]}, "properties": {"route": "D70", "pr": "DS", "abs": null, "label": "D70 PRDS"}}, {"type": "Feature", "geometry": {"type": "Point", "coordinates": [3.44064464, 44.82259238]}, "properties": {"route": "D14", "pr": "DS", "abs": null, "label": "D14 PRDS"}}, {"type": "Feature", "geometry": {"type": "Point", "coordinates": [3.43884916, 44.81477015]}, "properties": {"route": "D14", "pr": "DS", "abs": null, "label": "D14 PRDS"}}, {"type": "Feature", "geometry": {"type": "Point", "coordinates": [3.17411834, 44.30841169]}, "properties": {"route": "D32", "pr": "FS", "abs": null, "label": "D32 PRFS"}}, {"type": "Feature", "geometry": {"type": "Point", "coordinates": [3.29294677, 44.40077892]}, "properties": {"route": "D32", "pr": "DS", "abs": null, "label": "D32 PRDS"}}, {"type": "Feature", "geometry": {"type": "Point", "coordinates": [3.29091846, 44.40264047]}, "properties": {"route": "D32", "pr": "DS", "abs": null, "label": "D32 PRDS"}}, {"type": "Feature", "geometry": {"type": "Point", "coordinates": [3.17235458, 44.30759354]}, "properties": {"route": "D32", "pr": "DS", "abs": null, "label": "D32 PRDS"}}, {"type": "Feature", "geometry": {"type": "Point", "coordinates": [3.69607369, 44.80784151]}, "properties": {"route": "D988", "pr": "FS", "abs": null, "label": "D988 PRFS"}}, {"type": "Feature", "geometry": {"type": "Point", "coordinates": [3.7383843, 44.83831179]}, "properties": {"route": "D988", "pr": "DS", "abs": null, "label": "D988 PRDS"}}, {"type": "Feature", "geometry": {"type": "Point", "coordinates": [3.70805761, 44.78527751]}, "properties": {"route": "D988", "pr": "FS", "abs": null, "label": "D988 PRFS"}}, {"type": "Feature", "geometry": {"type": "Point", "coordinates": [3.69612291, 44.80773046]}, "properties": {"route": "D988", "pr": "DS", "abs": null, "label": "D988 PRDS"}}, {"type": "Feature", "geometry": {"type": "Point", "coordinates": [3.67606473, 44.63397893]}, "properties": {"route": "D988", "pr": "FS", "abs": null, "label": "D988 PRFS"}}, {"type": "Feature", "geometry": {"type": "Point", "coordinates": [3.70806802, 44.78510007]}, "properties": {"route": "D988", "pr": "DS", "abs": null, "label": "D988 PRDS"}}, {"type": "Feature", "geometry": {"type": "Point", "coordinates": [3.19677117, 44.44337357]}, "properties": {"route": "D988", "pr": "DS", "abs": null, "label": "D988 PRDS"}}, {"type": "Feature", "geometry": {"type": "Point", "coordinates": [3.70786675, 44.78518059]}, "properties": {"route": "D226", "pr": "DS", "abs": null, "label": "D226 PRDS"}}, {"type": "Feature", "geometry": {"type": "Point", "coordinates": [3.70786675, 44.78518059]}, "properties": {"route": "D226", "pr": "FS", "abs": null, "label": "D226 PRFS"}}, {"type": "Feature", "geometry": {"type": "Point", "coordinates": [3.70786675, 44.78518059]}, "properties": {"route": "D226", "pr": "DS", "abs": null, "label": "D226 PRDS"}}, {"type": "Feature", "geometry": {"type": "Point", "coordinates": [3.91449512, 44.55558919]}, "properties": {"route": "D2906", "pr": "FS", "abs": null, "label": "D2906 PRFS"}}, {"type": "Feature", "geometry": {"type": "Point", "coordinates": [3.91407838, 44.55356967]}, "properties": {"route": "D2906", "pr": "DS", "abs": null, "label": "D2906 PRDS"}}, {"type": "Feature", "geometry": {"type": "Point", "coordinates": [3.91437874, 44.55555594]}, "properties": {"route": "D2906", "pr": "FS", "abs": null, "label": "D2906 PRFS"}}, {"type": "Feature", "geometry": {"type": "Point", "coordinates": [3.46774023, 44.52993539]}, "properties": {"route": "D42", "pr": "FS", "abs": null, "label": "D42 PRFS"}}, {"type": "Feature", "geometry": {"type": "Point", "coordinates": [3.46784088, 44.5300844]}, "properties": {"route": "D42", "pr": "DS", "abs": null, "label": "D42 PRDS"}}, {"type": "Feature", "geometry": {"type": "Point", "coordinates": [3.47419685, 44.5271441]}, "properties": {"route": "D42", "pr": "FS", "abs": null, "label": "D42 PRFS"}}, {"type": "Feature", "geometry": {"type": "Point", "coordinates": [3.46784088, 44.5300844]}, "properties": {"route": "D42", "pr": "DS", "abs": null, "label": "D42 PRDS"}}, {"type": "Feature", "geometry": {"type": "Point", "coordinates": [3.46774023, 44.52993539]}, "properties": {"route": "D42", "pr": "DS", "abs": null, "label": "D42 PRDS"}}, {"type": "Feature", "geometry": {"type": "Point", "coordinates": [3.46784088, 44.5300844]}, "properties": {"route": "D42", "pr": "FS", "abs": null, "label": "D42 PRFS"}}, {"type": "Feature", "geometry": {"type": "Point", "coordinates": [3.46774023, 44.52993539]}, "properties": {"route": "D42", "pr": "DS", "abs": null, "label": "D42 PRDS"}}, {"type": "Feature", "geometry": {"type": "Point", "coordinates": [3.49693172, 44.51767617]}, "properties": {"route": "D42", "pr": "FS", "abs": null, "label": "D42 PRFS"}}, {"type": "Feature", "geometry": {"type": "Point", "coordinates": [3.50430758, 44.52120857]}, "properties": {"route": "D42", "pr": "DS", "abs": null, "label": "D42 PRDS"}}, {"type": "Feature", "geometry": {"type": "Point", "coordinates": [3.48166622, 44.52484044]}, "properties": {"route": "D42", "pr": "FS", "abs": null, "label": "D42 PRFS"}}, {"type": "Feature", "geometry": {"type": "Point", "coordinates": [3.48194012, 44.5246421]}, "properties": {"route": "D42", "pr": "DS", "abs": null, "label": "D42 PRDS"}}, {"type": "Feature", "geometry": {"type": "Point", "coordinates": [3.47441296, 44.52695322]}, "properties": {"route": "D42", "pr": "FS", "abs": null, "label": "D42 PRFS"}}, {"type": "Feature", "geometry": {"type": "Point", "coordinates": [3.47419685, 44.5271441]}, "properties": {"route": "D42", "pr": "DS", "abs": null, "label": "D42 PRDS"}}, {"type": "Feature", "geometry": {"type": "Point", "coordinates": [3.47441296, 44.52695322]}, "properties": {"route": "D42", "pr": "FS", "abs": null, "label": "D42 PRFS"}}, {"type": "Feature", "geometry": {"type": "Point", "coordinates": [3.48166622, 44.52484044]}, "properties": {"route": "D42", "pr": "DS", "abs": null, "label": "D42 PRDS"}}, {"type": "Feature", "geometry": {"type": "Point", "coordinates": [3.48194012, 44.5246421]}, "properties": {"route": "D42", "pr": "FS", "abs": null, "label": "D42 PRFS"}}, {"type": "Feature", "geometry": {"type": "Point", "coordinates": [3.48166622, 44.52484044]}, "properties": {"route": "D42", "pr": "DS", "abs": null, "label": "D42 PRDS"}}, {"type": "Feature", "geometry": {"type": "Point", "coordinates": [3.47419685, 44.5271441]}, "properties": {"route": "D42", "pr": "FS", "abs": null, "label": "D42 PRFS"}}, {"type": "Feature", "geometry": {"type": "Point", "coordinates": [3.47441296, 44.52695322]}, "properties": {"route": "D42", "pr": "DS", "abs": null, "label": "D42 PRDS"}}, {"type": "Feature", "geometry": {"type": "Point", "coordinates": [3.48194012, 44.5246421]}, "properties": {"route": "D42", "pr": "FS", "abs": null, "label": "D42 PRFS"}}, {"type": "Feature", "geometry": {"type": "Point", "coordinates": [3.49144521, 44.51804193]}, "properties": {"route": "D42", "pr": "DS", "abs": null, "label": "D42 PRDS"}}, {"type": "Feature", "geometry": {"type": "Point", "coordinates": [3.33013152, 44.65626898]}, "properties": {"route": "D3", "pr": "FS", "abs": null, "label": "D3 PRFS"}}, {"type": "Feature", "geometry": {"type": "Point", "coordinates": [3.67758439, 44.64911448]}, "properties": {"route": "D3", "pr": "DS", "abs": null, "label": "D3 PRDS"}}, {"type": "Feature", "geometry": {"type": "Point", "coordinates": [3.45103367, 44.66060645]}, "properties": {"route": "D3", "pr": "FS", "abs": null, "label": "D3 PRFS"}}, {"type": "Feature", "geometry": {"type": "Point", "coordinates": [3.6710702, 44.65725963]}, "properties": {"route": "D3", "pr": "DS", "abs": null, "label": "D3 PRDS"}}, {"type": "Feature", "geometry": {"type": "Point", "coordinates": [3.36688572, 44.6656674]}, "properties": {"route": "D3", "pr": "FS", "abs": null, "label": "D3 PRFS"}}, {"type": "Feature", "geometry": {"type": "Point", "coordinates": [3.44609791, 44.66381798]}, "properties": {"route": "D3", "pr": "DS", "abs": null, "label": "D3 PRDS"}}, {"type": "Feature", "geometry": {"type": "Point", "coordinates": [3.38814199, 44.78317482]}, "properties": {"route": "D4", "pr": "FS", "abs": null, "label": "D4 PRFS"}}, {"type": "Feature", "geometry": {"type": "Point", "coordinates": [3.33222421, 44.85572973]}, "properties": {"route": "D4", "pr": "DS", "abs": null, "label": "D4 PRDS"}}, {"type": "Feature", "geometry": {"type": "Point", "coordinates": [3.38796282, 44.77992618]}, "properties": {"route": "D4", "pr": "DS", "abs": null, "label": "D4 PRDS"}}, {"type": "Feature", "geometry": {"type": "Point", "coordinates": [3.26303285, 44.87265621]}, "properties": {"route": "D4", "pr": "FS", "abs": null, "label": "D4 PRFS"}}, {"type": "Feature", "geometry": {"type": "Point", "coordinates": [3.32936164, 44.85238989]}, "properties": {"route": "D4", "pr": "DS", "abs": null, "label": "D4 PRDS"}}, {"type": "Feature", "geometry": {"type": "Point", "coordinates": [3.26281127, 44.87292594]}, "properties": {"route": "D4", "pr": "FS", "abs": null, "label": "D4 PRFS"}}, {"type": "Feature", "geometry": {"type": "Point", "coordinates": [3.26303285, 44.87265621]}, "properties": {"route": "D4", "pr": "DS", "abs": null, "label": "D4 PRDS"}}, {"type": "Feature", "geometry": {"type": "Point", "coordinates": [3.26281127, 44.87292594]}, "properties": {"route": "D4", "pr": "DS", "abs": null, "label": "D4 PRDS"}}, {"type": "Feature", "geometry": {"type": "Point", "coordinates": [3.26303285, 44.87265621]}, "properties": {"route": "D4", "pr": "FS", "abs": null, "label": "D4 PRFS"}}, {"type": "Feature", "geometry": {"type": "Point", "coordinates": [3.26281127, 44.87292594]}, "properties": {"route": "D4", "pr": "DS", "abs": null, "label": "D4 PRDS"}}, {"type": "Feature", "geometry": {"type": "Point", "coordinates": [3.41128214, 44.74629441]}, "properties": {"route": "D58", "pr": "FS", "abs": null, "label": "D58 PRFS"}}, {"type": "Feature", "geometry": {"type": "Point", "coordinates": [3.46575458, 44.73586474]}, "properties": {"route": "D58", "pr": "FS", "abs": null, "label": "D58 PRFS"}}, {"type": "Feature", "geometry": {"type": "Point", "coordinates": [3.41155103, 44.7462664]}, "properties": {"route": "D58", "pr": "DS", "abs": null, "label": "D58 PRDS"}}, {"type": "Feature", "geometry": {"type": "Point", "coordinates": [3.45488523, 44.73239328]}, "properties": {"route": "D58", "pr": "DS", "abs": null, "label": "D58 PRDS"}}, {"type": "Feature", "geometry": {"type": "Point", "coordinates": [3.73452367, 44.36730373]}, "properties": {"route": "D35", "pr": "DS", "abs": null, "label": "D35 PRDS"}}, {"type": "Feature", "geometry": {"type": "Point", "coordinates": [3.8164803, 44.32669974]}, "properties": {"route": "D35", "pr": "DS", "abs": null, "label": "D35 PRDS"}}, {"type": "Feature", "geometry": {"type": "Point", "coordinates": [3.87748607, 44.22473398]}, "properties": {"route": "D54", "pr": "FS", "abs": null, "label": "D54 PRFS"}}, {"type": "Feature", "geometry": {"type": "Point", "coordinates": [3.87239189, 44.22363498]}, "properties": {"route": "D54", "pr": "FS", "abs": null, "label": "D54 PRFS"}}, {"type": "Feature", "geometry": {"type": "Point", "coordinates": [3.26289598, 44.87263043]}, "properties": {"route": "D8", "pr": "FS", "abs": null, "label": "D8 PRFS"}}, {"type": "Feature", "geometry": {"type": "Point", "coordinates": [3.26303407, 44.87291731]}, "properties": {"route": "D8", "pr": "DS", "abs": null, "label": "D8 PRDS"}}, {"type": "Feature", "geometry": {"type": "Point", "coordinates": [3.93557109, 44.4307037]}, "properties": {"route": "D901", "pr": "DS", "abs": null, "label": "D901 PRDS"}}, {"type": "Feature", "geometry": {"type": "Point", "coordinates": [3.93519091, 44.43073394]}, "properties": {"route": "D901", "pr": "DS", "abs": null, "label": "D901 PRDS"}}, {"type": "Feature", "geometry": {"type": "Point", "coordinates": [3.53773355, 44.48366571]}, "properties": {"route": "D25", "pr": "FS", "abs": null, "label": "D25 PRFS"}}, {"type": "Feature", "geometry": {"type": "Point", "coordinates": [3.54131536, 44.48411181]}, "properties": {"route": "D25", "pr": "DS", "abs": null, "label": "D25 PRDS"}}, {"type": "Feature", "geometry": {"type": "Point", "coordinates": [3.9334872, 44.44397941]}, "properties": {"route": "D51", "pr": "DS", "abs": null, "label": "D51 PRDS"}}, {"type": "Feature", "geometry": {"type": "Point", "coordinates": [3.93557109, 44.4307037]}, "properties": {"route": "D51", "pr": "FS", "abs": null, "label": "D51 PRFS"}}, {"type": "Feature", "geometry": {"type": "Point", "coordinates": [3.24676252, 44.64823263]}, "properties": {"route": "D53", "pr": "DS", "abs": null, "label": "D53 PRDS"}}, {"type": "Feature", "geometry": {"type": "Point", "coordinates": [3.18359829, 44.73133668]}, "properties": {"route": "D53", "pr": "FS", "abs": null, "label": "D53 PRFS"}}, {"type": "Feature", "geometry": {"type": "Point", "coordinates": [3.19237937, 44.70753866]}, "properties": {"route": "D53", "pr": "FS", "abs": null, "label": "D53 PRFS"}}, {"type": "Feature", "geometry": {"type": "Point", "coordinates": [3.24677479, 44.6498837]}, "properties": {"route": "D53", "pr": "DS", "abs": null, "label": "D53 PRDS"}}, {"type": "Feature", "geometry": {"type": "Point", "coordinates": [3.19249583, 44.70763118]}, "properties": {"route": "D53", "pr": "FS", "abs": null, "label": "D53 PRFS"}}, {"type": "Feature", "geometry": {"type": "Point", "coordinates": [3.18374782, 44.72800803]}, "properties": {"route": "D53", "pr": "DS", "abs": null, "label": "D53 PRDS"}}, {"type": "Feature", "geometry": {"type": "Point", "coordinates": [3.32595425, 44.7729881]}, "properties": {"route": "D987", "pr": "FS", "abs": null, "label": "D987 PRFS"}}, {"type": "Feature", "geometry": {"type": "Point", "coordinates": [3.2830716, 44.72152003]}, "properties": {"route": "D987", "pr": "FS", "abs": null, "label": "D987 PRFS"}}, {"type": "Feature", "geometry": {"type": "Point", "coordinates": [3.3280934, 44.77048611]}, "properties": {"route": "D987", "pr": "FS", "abs": null, "label": "D987 PRFS"}}, {"type": "Feature", "geometry": {"type": "Point", "coordinates": [3.2912061, 44.73195775]}, "properties": {"route": "D987", "pr": "DS", "abs": null, "label": "D987 PRDS"}}, {"type": "Feature", "geometry": {"type": "Point", "coordinates": [3.25036598, 44.50721132]}, "properties": {"route": "D809B", "pr": "DS", "abs": null, "label": "D809B PRDS"}}, {"type": "Feature", "geometry": {"type": "Point", "coordinates": [3.13406616, 44.70052223]}, "properties": {"route": "D73", "pr": "FS", "abs": null, "label": "D73 PRFS"}}, {"type": "Feature", "geometry": {"type": "Point", "coordinates": [3.23934486, 44.63494472]}, "properties": {"route": "D73", "pr": "FS", "abs": null, "label": "D73 PRFS"}}, {"type": "Feature", "geometry": {"type": "Point", "coordinates": [3.28154818, 44.65551742]}, "properties": {"route": "D73", "pr": "FS", "abs": null, "label": "D73 PRFS"}}, {"type": "Feature", "geometry": {"type": "Point", "coordinates": [3.59108254, 44.33143018]}, "properties": {"route": "D316", "pr": "DS", "abs": null, "label": "D316 PRDS"}}, {"type": "Feature", "geometry": {"type": "Point", "coordinates": [3.528069, 44.50713829]}, "properties": {"route": "D225", "pr": "FS", "abs": null, "label": "D225 PRFS"}}, {"type": "Feature", "geometry": {"type": "Point", "coordinates": [3.1972451, 44.45856989]}, "properties": {"route": "D52", "pr": "FS", "abs": null, "label": "D52 PRFS"}}, {"type": "Feature", "geometry": {"type": "Point", "coordinates": [3.35513264, 44.24503343]}, "properties": {"route": "D63", "pr": "DS", "abs": null, "label": "D63 PRDS"}}, {"type": "Feature", "geometry": {"type": "Point", "coordinates": [3.37109779, 44.227387]}, "properties": {"route": "D63", "pr": "FS", "abs": null, "label": "D63 PRFS"}}, {"type": "Feature", "geometry": {"type": "Point", "coordinates": [3.15294518, 44.3073567]}, "properties": {"route": "D995", "pr": "DS", "abs": null, "label": "D995 PRDS"}}, {"type": "Feature", "geometry": {"type": "Point", "coordinates": [3.1259405, 44.87370933]}, "properties": {"route": "D65", "pr": "DS", "abs": null, "label": "D65 PRDS"}}, {"type": "Feature", "geometry": {"type": "Point", "coordinates": [3.12920638, 44.87112159]}, "properties": {"route": "D65", "pr": "FS", "abs": null, "label": "D65 PRFS"}}, {"type": "Feature", "geometry": {"type": "Point", "coordinates": [3.80834043, 44.21714636]}, "properties": {"route": "D13", "pr": "DS", "abs": null, "label": "D13 PRDS"}}, {"type": "Feature", "geometry": {"type": "Point", "coordinates": [3.80955925, 44.21230002]}, "properties": {"route": "D13", "pr": "FS", "abs": null, "label": "D13 PRFS"}}, {"type": "Feature", "geometry": {"type": "Point", "coordinates": [3.36312276, 44.29258905]}, "properties": {"route": "D16", "pr": "FS", "abs": null, "label": "D16 PRFS"}}, {"type": "Feature", "geometry": {"type": "Point", "coordinates": [3.36315075, 44.29265466]}, "properties": {"route": "D16", "pr": "FS", "abs": null, "label": "D16 PRFS"}}, {"type": "Feature", "geometry": {"type": "Point", "coordinates": [3.59775933, 44.31893484]}, "properties": {"route": "D16", "pr": "DS", "abs": null, "label": "D16 PRDS"}}, {"type": "Feature", "geometry": {"type": "Point", "coordinates": [3.58811452, 44.28325322]}, "properties": {"route": "D907", "pr": "FS", "abs": null, "label": "D907 PRFS"}}, {"type": "Feature", "geometry": {"type": "Point", "coordinates": [3.59777744, 44.31886813]}, "properties": {"route": "D907", "pr": "DS", "abs": null, "label": "D907 PRDS"}}, {"type": "Feature", "geometry": {"type": "Point", "coordinates": [3.58764997, 44.28304327]}, "properties": {"route": "D907", "pr": "DS", "abs": null, "label": "D907 PRDS"}}, {"type": "Feature", "geometry": {"type": "Point", "coordinates": [3.60011102, 44.31829372]}, "properties": {"route": "D907", "pr": "FS", "abs": null, "label": "D907 PRFS"}}, {"type": "Feature", "geometry": {"type": "Point", "coordinates": [3.59799773, 44.31895065]}, "properties": {"route": "D907", "pr": "DS", "abs": null, "label": "D907 PRDS"}}, {"type": "Feature", "geometry": {"type": "Point", "coordinates": [3.34960232, 44.74001946]}, "properties": {"route": "D7", "pr": "FS", "abs": null, "label": "D7 PRFS"}}, {"type": "Feature", "geometry": {"type": "Point", "coordinates": [3.34602015, 44.74170438]}, "properties": {"route": "D7", "pr": "DS", "abs": null, "label": "D7 PRDS"}}, {"type": "Feature", "geometry": {"type": "Point", "coordinates": [3.65528896, 44.19514498]}, "properties": {"route": "D61", "pr": "DS", "abs": null, "label": "D61 PRDS"}}, {"type": "Feature", "geometry": {"type": "Point", "coordinates": [3.65458763, 44.19519237]}, "properties": {"route": "D61", "pr": "FS", "abs": null, "label": "D61 PRFS"}}, {"type": "Feature", "geometry": {"type": "Point", "coordinates": [3.80485199, 44.71401347]}, "properties": {"route": "D34", "pr": "FS", "abs": null, "label": "D34 PRFS"}}, {"type": "Feature", "geometry": {"type": "Point", "coordinates": [3.62611615, 44.71311737]}, "properties": {"route": "D34", "pr": "DS", "abs": null, "label": "D34 PRDS"}}, {"type": "Feature", "geometry": {"type": "Point", "coordinates": [3.7402772, 44.71844525]}, "properties": {"route": "D34", "pr": "FS", "abs": null, "label": "D34 PRFS"}}, {"type": "Feature", "geometry": {"type": "Point", "coordinates": [3.62839041, 44.70986243]}, "properties": {"route": "D34", "pr": "DS", "abs": null, "label": "D34 PRDS"}}, {"type": "Feature", "geometry": {"type": "Point", "coordinates": [3.74749999, 44.72537523]}, "properties": {"route": "D34", "pr": "FS", "abs": null, "label": "D34 PRFS"}}, {"type": "Feature", "geometry": {"type": "Point", "coordinates": [3.80477011, 44.71402667]}, "properties": {"route": "D34", "pr": "DS", "abs": null, "label": "D34 PRDS"}}, {"type": "Feature", "geometry": {"type": "Point", "coordinates": [3.27990541, 44.7206764]}, "properties": {"route": "D50", "pr": "FS", "abs": null, "label": "D50 PRFS"}}, {"type": "Feature", "geometry": {"type": "Point", "coordinates": [3.29535591, 44.71887618]}, "properties": {"route": "D50", "pr": "FS", "abs": null, "label": "D50 PRFS"}}, {"type": "Feature", "geometry": {"type": "Point", "coordinates": [3.37112899, 44.673059]}, "properties": {"route": "D50", "pr": "DS", "abs": null, "label": "D50 PRDS"}}, {"type": "Feature", "geometry": {"type": "Point", "coordinates": [3.46774023, 44.52993539]}, "properties": {"route": "D50", "pr": "FS", "abs": null, "label": "D50 PRFS"}}, {"type": "Feature", "geometry": {"type": "Point", "coordinates": [3.38048641, 44.66232282]}, "properties": {"route": "D50", "pr": "DS", "abs": null, "label": "D50 PRDS"}}, {"type": "Feature", "geometry": {"type": "Point", "coordinates": [3.36995085, 44.67175663]}, "properties": {"route": "D50", "pr": "FS", "abs": null, "label": "D50 PRFS"}}, {"type": "Feature", "geometry": {"type": "Point", "coordinates": [3.37855783, 44.66329004]}, "properties": {"route": "D50", "pr": "DS", "abs": null, "label": "D50 PRDS"}}, {"type": "Feature", "geometry": {"type": "Point", "coordinates": [3.26217979, 44.30551766]}, "properties": {"route": "D907B", "pr": "FS", "abs": null, "label": "D907B PRFS"}}, {"type": "Feature", "geometry": {"type": "Point", "coordinates": [3.26217979, 44.30551766]}, "properties": {"route": "D907B", "pr": "DS", "abs": null, "label": "D907B PRDS"}}, {"type": "Feature", "geometry": {"type": "Point", "coordinates": [3.25407432, 44.3068581]}, "properties": {"route": "D907B", "pr": "DS", "abs": null, "label": "D907B PRDS"}}, {"type": "Feature", "geometry": {"type": "Point", "coordinates": [3.74363351, 44.36331408]}, "properties": {"route": "D20", "pr": "FS", "abs": null, "label": "D20 PRFS"}}, {"type": "Feature", "geometry": {"type": "Point", "coordinates": [3.66325168, 44.30139765]}, "properties": {"route": "D20", "pr": "DS", "abs": null, "label": "D20 PRDS"}}, {"type": "Feature", "geometry": {"type": "Point", "coordinates": [3.740471, 44.49067602]}, "properties": {"route": "D20", "pr": "FS", "abs": null, "label": "D20 PRFS"}}, {"type": "Feature", "geometry": {"type": "Point", "coordinates": [3.66809687, 44.29655244]}, "properties": {"route": "D20", "pr": "DS", "abs": null, "label": "D20 PRDS"}}, {"type": "Feature", "geometry": {"type": "Point", "coordinates": [3.74699439, 44.36334623]}, "properties": {"route": "D20", "pr": "FS", "abs": null, "label": "D20 PRFS"}}, {"type": "Feature", "geometry": {"type": "Point", "coordinates": [3.73948486, 44.4901857]}, "properties": {"route": "D20", "pr": "DS", "abs": null, "label": "D20 PRDS"}}, {"type": "Feature", "geometry": {"type": "Point", "coordinates": [3.47333442, 44.64153524]}, "properties": {"route": "D259", "pr": "FS", "abs": null, "label": "D259 PRFS"}}, {"type": "Feature", "geometry": {"type": "Point", "coordinates": [3.47688905, 44.63883712]}, "properties": {"route": "D259", "pr": "DS", "abs": null, "label": "D259 PRDS"}}, {"type": "Feature", "geometry": {"type": "Point", "coordinates": [3.47756651, 44.63813198]}, "properties": {"route": "D259", "pr": "DS", "abs": null, "label": "D259 PRDS"}}, {"type": "Feature", "geometry": {"type": "Point", "coordinates": [3.40549524, 44.50127689]}, "properties": {"route": "D142", "pr": "FS", "abs": null, "label": "D142 PRFS"}}, {"type": "Feature", "geometry": {"type": "Point", "coordinates": [3.24408228, 44.64553415]}, "properties": {"route": "D253", "pr": "DS", "abs": null, "label": "D253 PRDS"}}, {"type": "Feature", "geometry": {"type": "Point", "coordinates": [3.59587611, 44.32645337]}, "properties": {"route": "D116", "pr": "FS", "abs": null, "label": "D116 PRFS"}}, {"type": "Feature", "geometry": {"type": "Point", "coordinates": [3.70814014, 44.78520495]}, "properties": {"route": "D26", "pr": "DS", "abs": null, "label": "D26 PRDS"}}, {"type": "Feature", "geometry": {"type": "Point", "coordinates": [3.65927546, 44.80458827]}, "properties": {"route": "D26", "pr": "FS", "abs": null, "label": "D26 PRFS"}}, {"type": "Feature", "geometry": {"type": "Point", "coordinates": [3.29093501, 44.55831983]}, "properties": {"route": "D809", "pr": "FS", "abs": null, "label": "D809 PRFS"}}, {"type": "Feature", "geometry": {"type": "Point", "coordinates": [3.29096412, 44.5581037]}, "properties": {"route": "D809", "pr": "DS", "abs": null, "label": "D809 PRDS"}}, {"type": "Feature", "geometry": {"type": "Point", "coordinates": [3.19788621, 44.43991752]}, "properties": {"route": "D809", "pr": "FS", "abs": null, "label": "D809 PRFS"}}, {"type": "Feature", "geometry": {"type": "Point", "coordinates": [3.29096412, 44.5581037]}, "properties": {"route": "D809", "pr": "DS", "abs": null, "label": "D809 PRDS"}}, {"type": "Feature", "geometry": {"type": "Point", "coordinates": [3.28358041, 44.70495686]}, "properties": {"route": "D809", "pr": "FS", "abs": null, "label": "D809 PRFS"}}, {"type": "Feature", "geometry": {"type": "Point", "coordinates": [3.27382434, 44.80019546]}, "properties": {"route": "D809", "pr": "DS", "abs": null, "label": "D809 PRDS"}}, {"type": "Feature", "geometry": {"type": "Point", "coordinates": [3.27382434, 44.80019546]}, "properties": {"route": "D809", "pr": "FS", "abs": null, "label": "D809 PRFS"}}, {"type": "Feature", "geometry": {"type": "Point", "coordinates": [3.27382434, 44.80019546]}, "properties": {"route": "D809", "pr": "DS", "abs": null, "label": "D809 PRDS"}}, {"type": "Feature", "geometry": {"type": "Point", "coordinates": [3.29116585, 44.56401688]}, "properties": {"route": "D809", "pr": "FS", "abs": null, "label": "D809 PRFS"}}, {"type": "Feature", "geometry": {"type": "Point", "coordinates": [3.29148366, 44.5638639]}, "properties": {"route": "D809", "pr": "DS", "abs": null, "label": "D809 PRDS"}}, {"type": "Feature", "geometry": {"type": "Point", "coordinates": [3.29116585, 44.56401688]}, "properties": {"route": "D809", "pr": "FS", "abs": null, "label": "D809 PRFS"}}, {"type": "Feature", "geometry": {"type": "Point", "coordinates": [3.19788524, 44.43963846]}, "properties": {"route": "D809", "pr": "FS", "abs": null, "label": "D809 PRFS"}}, {"type": "Feature", "geometry": {"type": "Point", "coordinates": [3.19788621, 44.43991752]}, "properties": {"route": "D809", "pr": "DS", "abs": null, "label": "D809 PRDS"}}, {"type": "Feature", "geometry": {"type": "Point", "coordinates": [3.19788621, 44.43991752]}, "properties": {"route": "D809", "pr": "FS", "abs": null, "label": "D809 PRFS"}}, {"type": "Feature", "geometry": {"type": "Point", "coordinates": [3.19788524, 44.43963846]}, "properties": {"route": "D809", "pr": "DS", "abs": null, "label": "D809 PRDS"}}, {"type": "Feature", "geometry": {"type": "Point", "coordinates": [3.19788524, 44.43963846]}, "properties": {"route": "D809", "pr": "DS", "abs": null, "label": "D809 PRDS"}}, {"type": "Feature", "geometry": {"type": "Point", "coordinates": [3.29096412, 44.5581037]}, "properties": {"route": "D809", "pr": "FS", "abs": null, "label": "D809 PRFS"}}, {"type": "Feature", "geometry": {"type": "Point", "coordinates": [3.29093501, 44.55831983]}, "properties": {"route": "D809", "pr": "DS", "abs": null, "label": "D809 PRDS"}}, {"type": "Feature", "geometry": {"type": "Point", "coordinates": [3.29148366, 44.5638639]}, "properties": {"route": "D809", "pr": "FS", "abs": null, "label": "D809 PRFS"}}, {"type": "Feature", "geometry": {"type": "Point", "coordinates": [3.29093501, 44.55831983]}, "properties": {"route": "D809", "pr": "DS", "abs": null, "label": "D809 PRDS"}}, {"type": "Feature", "geometry": {"type": "Point", "coordinates": [3.27359935, 44.80047601]}, "properties": {"route": "D809", "pr": "FS", "abs": null, "label": "D809 PRFS"}}, {"type": "Feature", "geometry": {"type": "Point", "coordinates": [3.23803751, 44.88674001]}, "properties": {"route": "D809", "pr": "DS", "abs": null, "label": "D809 PRDS"}}, {"type": "Feature", "geometry": {"type": "Point", "coordinates": [3.29148366, 44.5638639]}, "properties": {"route": "D809", "pr": "FS", "abs": null, "label": "D809 PRFS"}}, {"type": "Feature", "geometry": {"type": "Point", "coordinates": [3.29116585, 44.56401688]}, "properties": {"route": "D809", "pr": "DS", "abs": null, "label": "D809 PRDS"}}, {"type": "Feature", "geometry": {"type": "Point", "coordinates": [3.39932033, 44.63673886]}, "properties": {"route": "D999", "pr": "FS", "abs": null, "label": "D999 PRFS"}}, {"type": "Feature", "geometry": {"type": "Point", "coordinates": [3.39998171, 44.63576867]}, "properties": {"route": "D999", "pr": "DS", "abs": null, "label": "D999 PRDS"}}, {"type": "Feature", "geometry": {"type": "Point", "coordinates": [3.34544749, 44.64080045]}, "properties": {"route": "D30", "pr": "DS", "abs": null, "label": "D30 PRDS"}}, {"type": "Feature", "geometry": {"type": "Point", "coordinates": [3.34537049, 44.64078718]}, "properties": {"route": "D30", "pr": "FS", "abs": null, "label": "D30 PRFS"}}, {"type": "Feature", "geometry": {"type": "Point", "coordinates": [3.31018233, 44.88817269]}, "properties": {"route": "D147", "pr": "FS", "abs": null, "label": "D147 PRFS"}}, {"type": "Feature", "geometry": {"type": "Point", "coordinates": [3.31003714, 44.88848552]}, "properties": {"route": "D147", "pr": "DS", "abs": null, "label": "D147 PRDS"}}, {"type": "Feature", "geometry": {"type": "Point", "coordinates": [3.79230092, 44.76074814]}, "properties": {"route": "D126", "pr": "FS", "abs": null, "label": "D126 PRFS"}}, {"type": "Feature", "geometry": {"type": "Point", "coordinates": [3.88724522, 44.65640781]}, "properties": {"route": "D519", "pr": "DS", "abs": null, "label": "D519 PRDS"}}, {"type": "Feature", "geometry": {"type": "Point", "coordinates": [3.11972578, 44.38375437]}, "properties": {"route": "D167", "pr": "FS", "abs": null, "label": "D167 PRFS"}}, {"type": "Feature", "geometry": {"type": "Point", "coordinates": [3.11972578, 44.38375437]}, "properties": {"route": "D167", "pr": "DS", "abs": null, "label": "D167 PRDS"}}, {"type": "Feature", "geometry": {"type": "Point", "coordinates": [3.11972578, 44.38375437]}, "properties": {"route": "D167", "pr": "FS", "abs": null, "label": "D167 PRFS"}}, {"type": "Feature", "geometry": {"type": "Point", "coordinates": [3.11972578, 44.38375437]}, "properties": {"route": "D167", "pr": "DS", "abs": null, "label": "D167 PRDS"}}, {"type": "Feature", "geometry": {"type": "Point", "coordinates": [3.66864457, 44.59006741]}, "properties": {"route": "D6", "pr": "FS", "abs": null, "label": "D6 PRFS"}}, {"type": "Feature", "geometry": {"type": "Point", "coordinates": [3.63705221, 44.58293751]}, "properties": {"route": "D6", "pr": "FS", "abs": null, "label": "D6 PRFS"}}, {"type": "Feature", "geometry": {"type": "Point", "coordinates": [3.74077439, 44.1801012]}, "properties": {"route": "D24", "pr": "DS", "abs": null, "label": "D24 PRDS"}}, {"type": "Feature", "geometry": {"type": "Point", "coordinates": [3.74632451, 44.1778421]}, "properties": {"route": "D24", "pr": "DS", "abs": null, "label": "D24 PRDS"}}, {"type": "Feature", "geometry": {"type": "Point", "coordinates": [3.22670756, 44.42142697]}, "properties": {"route": "D998", "pr": "FS", "abs": null, "label": "D998 PRFS"}}, {"type": "Feature", "geometry": {"type": "Point", "coordinates": [3.22670756, 44.42142697]}, "properties": {"route": "D998", "pr": "FS", "abs": null, "label": "D998 PRFS"}}, {"type": "Feature", "geometry": {"type": "Point", "coordinates": [3.22693876, 44.42113394]}, "properties": {"route": "D998", "pr": "DS", "abs": null, "label": "D998 PRDS"}}, {"type": "Feature", "geometry": {"type": "Point", "coordinates": [3.22693876, 44.42113394]}, "properties": {"route": "D998", "pr": "FS", "abs": null, "label": "D998 PRFS"}}, {"type": "Feature", "geometry": {"type": "Point", "coordinates": [3.40247763, 44.35734066]}, "properties": {"route": "D998", "pr": "DS", "abs": null, "label": "D998 PRDS"}}, {"type": "Feature", "geometry": {"type": "Point", "coordinates": [3.22693876, 44.42113394]}, "properties": {"route": "D998", "pr": "FS", "abs": null, "label": "D998 PRFS"}}, {"type": "Feature", "geometry": {"type": "Point", "coordinates": [3.22670756, 44.42142697]}, "properties": {"route": "D998", "pr": "DS", "abs": null, "label": "D998 PRDS"}}, {"type": "Feature", "geometry": {"type": "Point", "coordinates": [3.85835629, 44.73181489]}, "properties": {"route": "D326", "pr": "FS", "abs": null, "label": "D326 PRFS"}}, {"type": "Feature", "geometry": {"type": "Point", "coordinates": [3.85809386, 44.73133704]}, "properties": {"route": "D326", "pr": "FS", "abs": null, "label": "D326 PRFS"}}, {"type": "Feature", "geometry": {"type": "Point", "coordinates": [3.32032512, 44.30127611]}, "properties": {"route": "D43", "pr": "FS", "abs": null, "label": "D43 PRFS"}}, {"type": "Feature", "geometry": {"type": "Point", "coordinates": [3.34139413, 44.29382075]}, "properties": {"route": "D43", "pr": "DS", "abs": null, "label": "D43 PRDS"}}, {"type": "Feature", "geometry": {"type": "Point", "coordinates": [3.32021376, 44.30131064]}, "properties": {"route": "D43", "pr": "FS", "abs": null, "label": "D43 PRFS"}}, {"type": "Feature", "geometry": {"type": "Point", "coordinates": [3.26910921, 44.37498308]}, "properties": {"route": "D43", "pr": "DS", "abs": null, "label": "D43 PRDS"}}, {"type": "Feature", "geometry": {"type": "Point", "coordinates": [3.26144021, 44.37266742]}, "properties": {"route": "D43", "pr": "DS", "abs": null, "label": "D43 PRDS"}}, {"type": "Feature", "geometry": {"type": "Point", "coordinates": [3.34858834, 44.28962243]}, "properties": {"route": "D43", "pr": "DS", "abs": null, "label": "D43 PRDS"}}, {"type": "Feature", "geometry": {"type": "Point", "coordinates": [3.11198588, 44.81789009]}, "properties": {"route": "D12", "pr": "DS", "abs": null, "label": "D12 PRDS"}}, {"type": "Feature", "geometry": {"type": "Point", "coordinates": [3.12034531, 44.81764545]}, "properties": {"route": "D12", "pr": "FS", "abs": null, "label": "D12 PRFS"}}, {"type": "Feature", "geometry": {"type": "Point", "coordinates": [3.60475076, 44.53509084]}, "properties": {"route": "D74", "pr": "FS", "abs": null, "label": "D74 PRFS"}}, {"type": "Feature", "geometry": {"type": "Point", "coordinates": [3.60792403, 44.53932352]}, "properties": {"route": "D74", "pr": "FS", "abs": null, "label": "D74 PRFS"}}, {"type": "Feature", "geometry": {"type": "Point", "coordinates": [3.9354491, 44.43054449]}, "properties": {"route": "D906", "pr": "FS", "abs": null, "label": "D906 PRFS"}}, {"type": "Feature", "geometry": {"type": "Point", "coordinates": [3.89370338, 44.61376245]}, "properties": {"route": "D906", "pr": "FS", "abs": null, "label": "D906 PRFS"}}, {"type": "Feature", "geometry": {"type": "Point", "coordinates": [3.89398991, 44.64686765]}, "properties": {"route": "D906", "pr": "DS", "abs": null, "label": "D906 PRDS"}}, {"type": "Feature", "geometry": {"type": "Point", "coordinates": [3.89379717, 44.64775693]}, "properties": {"route": "D906", "pr": "FS", "abs": null, "label": "D906 PRFS"}}, {"type": "Feature", "geometry": {"type": "Point", "coordinates": [3.93049965, 44.44868692]}, "properties": {"route": "D906", "pr": "FS", "abs": null, "label": "D906 PRFS"}}, {"type": "Feature", "geometry": {"type": "Point", "coordinates": [3.90582223, 44.59240022]}, "properties": {"route": "D906", "pr": "DS", "abs": null, "label": "D906 PRDS"}}, {"type": "Feature", "geometry": {"type": "Point", "coordinates": [3.65836083, 44.24213941]}, "properties": {"route": "D62", "pr": "DS", "abs": null, "label": "D62 PRDS"}}, {"type": "Feature", "geometry": {"type": "Point", "coordinates": [3.65805749, 44.23098763]}, "properties": {"route": "D62", "pr": "FS", "abs": null, "label": "D62 PRFS"}}, {"type": "Feature", "geometry": {"type": "Point", "coordinates": [3.28691943, 44.80827069]}, "properties": {"route": "D75", "pr": "FS", "abs": null, "label": "D75 PRFS"}}, {"type": "Feature", "geometry": {"type": "Point", "coordinates": [3.28124447, 44.81531949]}, "properties": {"route": "D75", "pr": "FS", "abs": null, "label": "D75 PRFS"}}, {"type": "Feature", "geometry": {"type": "Point", "coordinates": [3.47419489, 44.62390136]}, "properties": {"route": "D1", "pr": "DS", "abs": null, "label": "D1 PRDS"}}, {"type": "Feature", "geometry": {"type": "Point", "coordinates": [3.4757343, 44.62781186]}, "properties": {"route": "D1", "pr": "FS", "abs": null, "label": "D1 PRFS"}}, {"type": "Feature", "geometry": {"type": "Point", "coordinates": [3.31037062, 44.48452092]}, "properties": {"route": "D31", "pr": "DS", "abs": null, "label": "D31 PRDS"}}, {"type": "Feature", "geometry": {"type": "Point", "coordinates": [3.45236155, 44.45941438]}, "properties": {"route": "D31", "pr": "FS", "abs": null, "label": "D31 PRFS"}}, {"type": "Feature", "geometry": {"type": "Point", "coordinates": [3.34430796, 44.47239512]}, "properties": {"route": "D31", "pr": "FS", "abs": null, "label": "D31 PRFS"}}, {"type": "Feature", "geometry": {"type": "Point", "coordinates": [3.45227808, 44.4593508]}, "properties": {"route": "D31", "pr": "DS", "abs": null, "label": "D31 PRDS"}}, {"type": "Feature", "geometry": {"type": "Point", "coordinates": [3.87522512, 44.38600684]}, "properties": {"route": "D66", "pr": "DS", "abs": null, "label": "D66 PRDS"}}, {"type": "Feature", "geometry": {"type": "Point", "coordinates": [3.54977656, 44.16446732]}, "properties": {"route": "D19", "pr": "DS", "abs": null, "label": "D19 PRDS"}}, {"type": "Feature", "geometry": {"type": "Point", "coordinates": [3.51464516, 44.20443122]}, "properties": {"route": "D18", "pr": "DS", "abs": null, "label": "D18 PRDS"}}, {"type": "Feature", "geometry": {"type": "Point", "coordinates": [3.51448749, 44.20443106]}, "properties": {"route": "D18", "pr": "FS", "abs": null, "label": "D18 PRFS"}}, {"type": "Feature", "geometry": {"type": "Point", "coordinates": [3.2072964, 44.19245719]}, "properties": {"route": "D2996", "pr": "FS", "abs": null, "label": "D2996 PRFS"}}, {"type": "Feature", "geometry": {"type": "Point", "coordinates": [3.37884517, 44.69477311]}, "properties": {"route": "D5", "pr": "DS", "abs": null, "label": "D5 PRDS"}}, {"type": "Feature", "geometry": {"type": "Point", "coordinates": [3.62880846, 44.78551039]}, "properties": {"route": "D5", "pr": "FS", "abs": null, "label": "D5 PRFS"}}, {"type": "Feature", "geometry": {"type": "Point", "coordinates": [3.38788224, 44.70318031]}, "properties": {"route": "D5", "pr": "FS", "abs": null, "label": "D5 PRFS"}}, {"type": "Feature", "geometry": {"type": "Point", "coordinates": [3.63203957, 44.77952184]}, "properties": {"route": "D5", "pr": "DS", "abs": null, "label": "D5 PRDS"}}, {"type": "Feature", "geometry": {"type": "Point", "coordinates": [3.50562189, 44.55108268]}, "properties": {"route": "D806", "pr": "85", "abs": 5799, "label": "D806 PR85+5799"}}, {"type": "Feature", "geometry": {"type": "Point", "coordinates": [3.3765815, 44.71299838]}, "properties": {"route": "D806", "pr": "111", "abs": 29604, "label": "D806 PR111+29604"}}, {"type": "Feature", "geometry": {"type": "Point", "coordinates": [3.4687169, 44.64884631]}, "properties": {"route": "D806", "pr": "99", "abs": 18230, "label": "D806 PR99+18230"}}, {"type": "Feature", "geometry": {"type": "Point", "coordinates": [3.44362011, 44.66699516]}, "properties": {"route": "D806", "pr": "102", "abs": 21251, "label": "D806 PR102+21251"}}, {"type": "Feature", "geometry": {"type": "Point", "coordinates": [3.48697624, 44.59923951]}, "properties": {"route": "D806", "pr": "92", "abs": 12146, "label": "D806 PR92+12146"}}, {"type": "Feature", "geometry": {"type": "Point", "coordinates": [3.43541048, 44.67311824]}, "properties": {"route": "D806", "pr": "103", "abs": 22220, "label": "D806 PR103+22220"}}, {"type": "Feature", "geometry": {"type": "Point", "coordinates": [3.49759212, 44.53608498]}, "properties": {"route": "D806", "pr": "83", "abs": 3852, "label": "D806 PR83+3852"}}, {"type": "Feature", "geometry": {"type": "Point", "coordinates": [3.47594587, 44.62658927]}, "properties": {"route": "D806", "pr": "96", "abs": 15530, "label": "D806 PR96+15530"}}, {"type": "Feature", "geometry": {"type": "Point", "coordinates": [3.33141188, 44.7669758]}, "properties": {"route": "D806", "pr": "120", "abs": 37200, "label": "D806 PR120+37200"}}, {"type": "Feature", "geometry": {"type": "Point", "coordinates": [3.48451537, 44.60598975]}, "properties": {"route": "D806", "pr": "93", "abs": 12939, "label": "D806 PR93+12939"}}, {"type": "Feature", "geometry": {"type": "Point", "coordinates": [3.50441655, 44.55962441]}, "properties": {"route": "D806", "pr": "86", "abs": 6801, "label": "D806 PR86+6801"}}, {"type": "Feature", "geometry": {"type": "Point", "coordinates": [3.40524401, 44.69129991]}, "properties": {"route": "D806", "pr": "107", "abs": 25567, "label": "D806 PR107+25567"}}, {"type": "Feature", "geometry": {"type": "Point", "coordinates": [3.37161852, 44.72011673]}, "properties": {"route": "D806", "pr": "112", "abs": 30603, "label": "D806 PR112+30603"}}, {"type": "Feature", "geometry": {"type": "Point", "coordinates": [3.36325876, 44.72671579]}, "properties": {"route": "D806", "pr": "113", "abs": 31603, "label": "D806 PR113+31603"}}, {"type": "Feature", "geometry": {"type": "Point", "coordinates": [3.47569157, 44.63470188]}, "properties": {"route": "D806", "pr": "97", "abs": 16491, "label": "D806 PR97+16491"}}, {"type": "Feature", "geometry": {"type": "Point", "coordinates": [3.34241042, 44.74284008]}, "properties": {"route": "D806", "pr": "116", "abs": 34154, "label": "D806 PR116+34154"}}, {"type": "Feature", "geometry": {"type": "Point", "coordinates": [3.35196126, 44.73768379]}, "properties": {"route": "D806", "pr": "115", "abs": 33157, "label": "D806 PR115+33157"}}, {"type": "Feature", "geometry": {"type": "Point", "coordinates": [3.45100258, 44.66066239]}, "properties": {"route": "D806", "pr": "101", "abs": 20238, "label": "D806 PR101+20238"}}, {"type": "Feature", "geometry": {"type": "Point", "coordinates": [3.2986961, 44.78081394]}, "properties": {"route": "D806", "pr": "124", "abs": 40455, "label": "D806 PR124+40455"}}, {"type": "Feature", "geometry": {"type": "Point", "coordinates": [3.48111079, 44.6141746]}, "properties": {"route": "D806", "pr": "94", "abs": 13918, "label": "D806 PR94+13918"}}, {"type": "Feature", "geometry": {"type": "Point", "coordinates": [3.39020371, 44.70171727]}, "properties": {"route": "D806", "pr": "109", "abs": 27603, "label": "D806 PR109+27603"}}, {"type": "Feature", "geometry": {"type": "Point", "coordinates": [3.41566759, 44.68785724]}, "properties": {"route": "D806", "pr": "106", "abs": 24621, "label": "D806 PR106+24621"}}, {"type": "Feature", "geometry": {"type": "Point", "coordinates": [3.38294902, 44.70821125]}, "properties": {"route": "D806", "pr": "110", "abs": 28637, "label": "D806 PR110+28637"}}, {"type": "Feature", "geometry": {"type": "Point", "coordinates": [3.32088813, 44.77427053]}, "properties": {"route": "D806", "pr": "122", "abs": 38456, "label": "D806 PR122+38456"}}, {"type": "Feature", "geometry": {"type": "Point", "coordinates": [3.32732701, 44.77127255]}, "properties": {"route": "D806", "pr": "121", "abs": 37779, "label": "D806 PR121+37779"}}, {"type": "Feature", "geometry": {"type": "Point", "coordinates": [3.49336528, 44.57394432]}, "properties": {"route": "D806", "pr": "88", "abs": 8782, "label": "D806 PR88+8782"}}, {"type": "Feature", "geometry": {"type": "Point", "coordinates": [3.28929188, 44.78661083]}, "properties": {"route": "D806", "pr": "125", "abs": 41453, "label": "D806 PR125+41453"}}, {"type": "Feature", "geometry": {"type": "Point", "coordinates": [3.35818432, 44.73007155]}, "properties": {"route": "D806", "pr": "114", "abs": 32160, "label": "D806 PR114+32160"}}, {"type": "Feature", "geometry": {"type": "Point", "coordinates": [3.49450694, 44.58119623]}, "properties": {"route": "D806", "pr": "89", "abs": 9778, "label": "D806 PR89+9778"}}, {"type": "Feature", "geometry": {"type": "Point", "coordinates": [3.48931176, 44.52987068]}, "properties": {"route": "D806", "pr": "82", "abs": 2848, "label": "D806 PR82+2848"}}, {"type": "Feature", "geometry": {"type": "Point", "coordinates": [3.42488088, 44.68239618]}, "properties": {"route": "D806", "pr": "105", "abs": 23630, "label": "D806 PR105+23630"}}, {"type": "Feature", "geometry": {"type": "Point", "coordinates": [3.47677544, 44.61839587]}, "properties": {"route": "D806", "pr": "95", "abs": 14542, "label": "D806 PR95+14542"}}, {"type": "Feature", "geometry": {"type": "Point", "coordinates": [3.49276913, 44.58644714]}, "properties": {"route": "D806", "pr": "90", "abs": 10615, "label": "D806 PR90+10615"}}, {"type": "Feature", "geometry": {"type": "Point", "coordinates": [3.50334528, 44.54299171]}, "properties": {"route": "D806", "pr": "84", "abs": 4812, "label": "D806 PR84+4812"}}, {"type": "Feature", "geometry": {"type": "Point", "coordinates": [3.33434781, 44.74934694]}, "properties": {"route": "D806", "pr": "117", "abs": 35150, "label": "D806 PR117+35150"}}, {"type": "Feature", "geometry": {"type": "Point", "coordinates": [3.33225143, 44.75569954]}, "properties": {"route": "D806", "pr": "118", "abs": 35884, "label": "D806 PR118+35884"}}, {"type": "Feature", "geometry": {"type": "Point", "coordinates": [3.48970881, 44.52370046]}, "properties": {"route": "D806", "pr": "81", "abs": 1858, "label": "D806 PR81+1858"}}, {"type": "Feature", "geometry": {"type": "Point", "coordinates": [3.50187932, 44.52265732]}, "properties": {"route": "D806", "pr": "80", "abs": 853, "label": "D806 PR80+853"}}, {"type": "Feature", "geometry": {"type": "Point", "coordinates": [3.45838343, 44.65386909]}, "properties": {"route": "D806", "pr": "100", "abs": 19253, "label": "D806 PR100+19253"}}, {"type": "Feature", "geometry": {"type": "Point", "coordinates": [3.39501071, 44.69380101]}, "properties": {"route": "D806", "pr": "108", "abs": 26624, "label": "D806 PR108+26624"}}, {"type": "Feature", "geometry": {"type": "Point", "coordinates": [3.31040954, 44.77787283]}, "properties": {"route": "D806", "pr": "123", "abs": 39455, "label": "D806 PR123+39455"}}, {"type": "Feature", "geometry": {"type": "Point", "coordinates": [3.47317959, 44.6418681]}, "properties": {"route": "D806", "pr": "98", "abs": 17364, "label": "D806 PR98+17364"}}, {"type": "Feature", "geometry": {"type": "Point", "coordinates": [3.49754517, 44.5660447]}, "properties": {"route": "D806", "pr": "87", "abs": 7789, "label": "D806 PR87+7789"}}, {"type": "Feature", "geometry": {"type": "Point", "coordinates": [3.3317407, 44.76101383]}, "properties": {"route": "D806", "pr": "119", "abs": 36497, "label": "D806 PR119+36497"}}, {"type": "Feature", "geometry": {"type": "Point", "coordinates": [3.43216483, 44.6760074]}, "properties": {"route": "D806", "pr": "104", "abs": 22637, "label": "D806 PR104+22637"}}, {"type": "Feature", "geometry": {"type": "Point", "coordinates": [3.4896895, 44.59274829]}, "properties": {"route": "D806", "pr": "91", "abs": 11378, "label": "D806 PR91+11378"}}, {"type": "Feature", "geometry": {"type": "Point", "coordinates": [3.54239604, 44.48481768]}, "properties": {"route": "D41", "pr": "4", "abs": 4013, "label": "D41 PR4+4013"}}, {"type": "Feature", "geometry": {"type": "Point", "coordinates": [3.66179986, 44.50694479]}, "properties": {"route": "D41", "pr": "19", "abs": 18802, "label": "D41 PR19+18802"}}, {"type": "Feature", "geometry": {"type": "Point", "coordinates": [3.53075342, 44.48354918]}, "properties": {"route": "D41", "pr": "3", "abs": 3024, "label": "D41 PR3+3024"}}, {"type": "Feature", "geometry": {"type": "Point", "coordinates": [3.65461282, 44.49684727]}, "properties": {"route": "D41", "pr": "17", "abs": 16837, "label": "D41 PR17+16837"}}, {"type": "Feature", "geometry": {"type": "Point", "coordinates": [3.55237329, 44.49023888]}, "properties": {"route": "D41", "pr": "5", "abs": 5022, "label": "D41 PR5+5022"}}, {"type": "Feature", "geometry": {"type": "Point", "coordinates": [3.57144013, 44.5001767]}, "properties": {"route": "D41", "pr": "7", "abs": 7066, "label": "D41 PR7+7066"}}, {"type": "Feature", "geometry": {"type": "Point", "coordinates": [3.62791119, 44.49548827]}, "properties": {"route": "D41", "pr": "14", "abs": 13844, "label": "D41 PR14+13844"}}, {"type": "Feature", "geometry": {"type": "Point", "coordinates": [3.56046326, 44.4964151]}, "properties": {"route": "D41", "pr": "6", "abs": 6031, "label": "D41 PR6+6031"}}, {"type": "Feature", "geometry": {"type": "Point", "coordinates": [3.66325986, 44.50239607]}, "properties": {"route": "D41", "pr": "18", "abs": 17836, "label": "D41 PR18+17836"}}, {"type": "Feature", "geometry": {"type": "Point", "coordinates": [3.63137305, 44.49564586]}, "properties": {"route": "D41", "pr": "15", "abs": 14820, "label": "D41 PR15+14820"}}, {"type": "Feature", "geometry": {"type": "Point", "coordinates": [3.61725142, 44.49834188]}, "properties": {"route": "D41", "pr": "13", "abs": 12899, "label": "D41 PR13+12899"}}, {"type": "Feature", "geometry": {"type": "Point", "coordinates": [3.64337861, 44.4974328]}, "properties": {"route": "D41", "pr": "16", "abs": 15852, "label": "D41 PR16+15852"}}, {"type": "Feature", "geometry": {"type": "Point", "coordinates": [3.50609275, 44.48197806]}, "properties": {"route": "D41", "pr": "1", "abs": 1004, "label": "D41 PR1+1004"}}, {"type": "Feature", "geometry": {"type": "Point", "coordinates": [3.58129993, 44.4993906]}, "properties": {"route": "D41", "pr": "8", "abs": 7902, "label": "D41 PR8+7902"}}, {"type": "Feature", "geometry": {"type": "Point", "coordinates": [3.60279898, 44.5013989]}, "properties": {"route": "D41", "pr": "11", "abs": 10898, "label": "D41 PR11+10898"}}, {"type": "Feature", "geometry": {"type": "Point", "coordinates": [3.60614755, 44.49917766]}, "properties": {"route": "D41", "pr": "10", "abs": 9899, "label": "D41 PR10+9899"}}, {"type": "Feature", "geometry": {"type": "Point", "coordinates": [3.61349354, 44.49896601]}, "properties": {"route": "D41", "pr": "12", "abs": 11801, "label": "D41 PR12+11801"}}, {"type": "Feature", "geometry": {"type": "Point", "coordinates": [3.51844182, 44.48249505]}, "properties": {"route": "D41", "pr": "2", "abs": 2014, "label": "D41 PR2+2014"}}, {"type": "Feature", "geometry": {"type": "Point", "coordinates": [3.59367903, 44.49957675]}, "properties": {"route": "D41", "pr": "9", "abs": 8896, "label": "D41 PR9+8896"}}, {"type": "Feature", "geometry": {"type": "Point", "coordinates": [3.67697292, 44.60303302]}, "properties": {"route": "D306", "pr": "2", "abs": 2126, "label": "D306 PR2+2126"}}, {"type": "Feature", "geometry": {"type": "Point", "coordinates": [3.68450881, 44.59660357]}, "properties": {"route": "D306", "pr": "1", "abs": 1017, "label": "D306 PR1+1017"}}, {"type": "Feature", "geometry": {"type": "Point", "coordinates": [3.56710496, 44.80560114]}, "properties": {"route": "D59", "pr": "19", "abs": 19259, "label": "D59 PR19+19259"}}, {"type": "Feature", "geometry": {"type": "Point", "coordinates": [3.54539042, 44.73900985]}, "properties": {"route": "D59", "pr": "10", "abs": 10288, "label": "D59 PR10+10288"}}, {"type": "Feature", "geometry": {"type": "Point", "coordinates": [3.47844213, 44.64087046]}, "properties": {"route": "D59", "pr": "1", "abs": 1320, "label": "D59 PR1+1320"}}, {"type": "Feature", "geometry": {"type": "Point", "coordinates": [3.627566, 44.83016937]}, "properties": {"route": "D59", "pr": "25", "abs": 25386, "label": "D59 PR25+25386"}}, {"type": "Feature", "geometry": {"type": "Point", "coordinates": [3.67838319, 44.85559826]}, "properties": {"route": "D59", "pr": "31", "abs": 31343, "label": "D59 PR31+31343"}}, {"type": "Feature", "geometry": {"type": "Point", "coordinates": [3.48422319, 44.65475202]}, "properties": {"route": "D59", "pr": "3", "abs": 3301, "label": "D59 PR3+3301"}}, {"type": "Feature", "geometry": {"type": "Point", "coordinates": [3.55656519, 44.77725964]}, "properties": {"route": "D59", "pr": "15", "abs": 15277, "label": "D59 PR15+15277"}}, {"type": "Feature", "geometry": {"type": "Point", "coordinates": [3.56263158, 44.79193783]}, "properties": {"route": "D59", "pr": "17", "abs": 17268, "label": "D59 PR17+17268"}}, {"type": "Feature", "geometry": {"type": "Point", "coordinates": [3.59528043, 44.81796563]}, "properties": {"route": "D59", "pr": "22", "abs": 22310, "label": "D59 PR22+22310"}}, {"type": "Feature", "geometry": {"type": "Point", "coordinates": [3.60395656, 44.82346941]}, "properties": {"route": "D59", "pr": "23", "abs": 23350, "label": "D59 PR23+23350"}}, {"type": "Feature", "geometry": {"type": "Point", "coordinates": [3.56047675, 44.80040384]}, "properties": {"route": "D59", "pr": "18", "abs": 18264, "label": "D59 PR18+18264"}}, {"type": "Feature", "geometry": {"type": "Point", "coordinates": [3.49100562, 44.66826702]}, "properties": {"route": "D59", "pr": "5", "abs": 5320, "label": "D59 PR5+5320"}}, {"type": "Feature", "geometry": {"type": "Point", "coordinates": [3.65444229, 44.84351503]}, "properties": {"route": "D59", "pr": "28", "abs": 28336, "label": "D59 PR28+28336"}}, {"type": "Feature", "geometry": {"type": "Point", "coordinates": [3.54453498, 44.73075812]}, "properties": {"route": "D59", "pr": "9", "abs": 9287, "label": "D59 PR9+9287"}}, {"type": "Feature", "geometry": {"type": "Point", "coordinates": [3.55872517, 44.78511951]}, "properties": {"route": "D59", "pr": "16", "abs": 16272, "label": "D59 PR16+16272"}}, {"type": "Feature", "geometry": {"type": "Point", "coordinates": [3.65901558, 44.85081513]}, "properties": {"route": "D59", "pr": "29", "abs": 29344, "label": "D59 PR29+29344"}}, {"type": "Feature", "geometry": {"type": "Point", "coordinates": [3.63850631, 44.83225791]}, "properties": {"route": "D59", "pr": "26", "abs": 26379, "label": "D59 PR26+26379"}}, {"type": "Feature", "geometry": {"type": "Point", "coordinates": [3.5519282, 44.75209699]}, "properties": {"route": "D59", "pr": "12", "abs": 12282, "label": "D59 PR12+12282"}}, {"type": "Feature", "geometry": {"type": "Point", "coordinates": [3.55557815, 44.77177616]}, "properties": {"route": "D59", "pr": "14", "abs": 14281, "label": "D59 PR14+14281"}}, {"type": "Feature", "geometry": {"type": "Point", "coordinates": [3.54732138, 44.75961416]}, "properties": {"route": "D59", "pr": "13", "abs": 13280, "label": "D59 PR13+13280"}}, {"type": "Feature", "geometry": {"type": "Point", "coordinates": [3.49450825, 44.68398591]}, "properties": {"route": "D59", "pr": "7", "abs": 7288, "label": "D59 PR7+7288"}}, {"type": "Feature", "geometry": {"type": "Point", "coordinates": [3.66744663, 44.85327228]}, "properties": {"route": "D59", "pr": "30", "abs": 30345, "label": "D59 PR30+30345"}}, {"type": "Feature", "geometry": {"type": "Point", "coordinates": [3.64424844, 44.83944831]}, "properties": {"route": "D59", "pr": "27", "abs": 27380, "label": "D59 PR27+27380"}}, {"type": "Feature", "geometry": {"type": "Point", "coordinates": [3.49344065, 44.69219871]}, "properties": {"route": "D59", "pr": "8", "abs": 8290, "label": "D59 PR8+8290"}}, {"type": "Feature", "geometry": {"type": "Point", "coordinates": [3.48555857, 44.64636809]}, "properties": {"route": "D59", "pr": "2", "abs": 2322, "label": "D59 PR2+2322"}}, {"type": "Feature", "geometry": {"type": "Point", "coordinates": [3.57362694, 44.81092825]}, "properties": {"route": "D59", "pr": "20", "abs": 20259, "label": "D59 PR20+20259"}}, {"type": "Feature", "geometry": {"type": "Point", "coordinates": [3.5843103, 44.81440816]}, "properties": {"route": "D59", "pr": "21", "abs": 21253, "label": "D59 PR21+21253"}}, {"type": "Feature", "geometry": {"type": "Point", "coordinates": [3.55057615, 44.74601572]}, "properties": {"route": "D59", "pr": "11", "abs": 11284, "label": "D59 PR11+11284"}}, {"type": "Feature", "geometry": {"type": "Point", "coordinates": [3.49558853, 44.67567132]}, "properties": {"route": "D59", "pr": "6", "abs": 6287, "label": "D59 PR6+6287"}}, {"type": "Feature", "geometry": {"type": "Point", "coordinates": [3.62192358, 44.82244999]}, "properties": {"route": "D59", "pr": "24", "abs": 24380, "label": "D59 PR24+24380"}}, {"type": "Feature", "geometry": {"type": "Point", "coordinates": [3.48653546, 44.66048663]}, "properties": {"route": "D59", "pr": "4", "abs": 4315, "label": "D59 PR4+4315"}}, {"type": "Feature", "geometry": {"type": "Point", "coordinates": [3.31294577, 44.83249398]}, "properties": {"route": "D989", "pr": "25", "abs": 24619, "label": "D989 PR25+24619"}}, {"type": "Feature", "geometry": {"type": "Point", "coordinates": [3.32912803, 44.85248332]}, "properties": {"route": "D989", "pr": "29", "abs": 28475, "label": "D989 PR29+28475"}}, {"type": "Feature", "geometry": {"type": "Point", "coordinates": [3.35327059, 44.91589568]}, "properties": {"route": "D989", "pr": "38", "abs": 37289, "label": "D989 PR38+37289"}}, {"type": "Feature", "geometry": {"type": "Point", "coordinates": [3.10171544, 44.82254476]}, "properties": {"route": "D989", "pr": "3", "abs": 2643, "label": "D989 PR3+2643"}}, {"type": "Feature", "geometry": {"type": "Point", "coordinates": [3.268527, 44.79671785]}, "properties": {"route": "D989", "pr": "19", "abs": 18198, "label": "D989 PR19+18198"}}, {"type": "Feature", "geometry": {"type": "Point", "coordinates": [3.1804696, 44.8108268]}, "properties": {"route": "D989", "pr": "11", "abs": 10195, "label": "D989 PR11+10195"}}, {"type": "Feature", "geometry": {"type": "Point", "coordinates": [3.34302932, 44.87193822]}, "properties": {"route": "D989", "pr": "32", "abs": 31411, "label": "D989 PR32+31411"}}, {"type": "Feature", "geometry": {"type": "Point", "coordinates": [3.35384967, 44.92433293]}, "properties": {"route": "D989", "pr": "39", "abs": 38280, "label": "D989 PR39+38280"}}, {"type": "Feature", "geometry": {"type": "Point", "coordinates": [3.37973656, 44.94587074]}, "properties": {"route": "D989", "pr": "43", "abs": 42275, "label": "D989 PR43+42275"}}, {"type": "Feature", "geometry": {"type": "Point", "coordinates": [3.29167685, 44.8137836]}, "properties": {"route": "D989", "pr": "22", "abs": 21687, "label": "D989 PR22+21687"}}, {"type": "Feature", "geometry": {"type": "Point", "coordinates": [3.13394186, 44.81544748]}, "properties": {"route": "D989", "pr": "6", "abs": 5676, "label": "D989 PR6+5676"}}, {"type": "Feature", "geometry": {"type": "Point", "coordinates": [3.2047136, 44.80929107]}, "properties": {"route": "D989", "pr": "13", "abs": 12201, "label": "D989 PR13+12201"}}, {"type": "Feature", "geometry": {"type": "Point", "coordinates": [3.08484919, 44.82623678]}, "properties": {"route": "D989", "pr": "1", "abs": 871, "label": "D989 PR1+871"}}, {"type": "Feature", "geometry": {"type": "Point", "coordinates": [3.35353136, 44.90157553]}, "properties": {"route": "D989", "pr": "36", "abs": 35331, "label": "D989 PR36+35331"}}, {"type": "Feature", "geometry": {"type": "Point", "coordinates": [3.34174435, 44.86406414]}, "properties": {"route": "D989", "pr": "31", "abs": 30467, "label": "D989 PR31+30467"}}, {"type": "Feature", "geometry": {"type": "Point", "coordinates": [3.23858991, 44.80574182]}, "properties": {"route": "D989", "pr": "16", "abs": 15195, "label": "D989 PR16+15195"}}, {"type": "Feature", "geometry": {"type": "Point", "coordinates": [3.27610156, 44.81740226]}, "properties": {"route": "D989", "pr": "20", "abs": 19443, "label": "D989 PR20+19443"}}, {"type": "Feature", "geometry": {"type": "Point", "coordinates": [3.34891086, 44.88684682]}, "properties": {"route": "D989", "pr": "34", "abs": 33323, "label": "D989 PR34+33323"}}, {"type": "Feature", "geometry": {"type": "Point", "coordinates": [3.32497373, 44.84698006]}, "properties": {"route": "D989", "pr": "27", "abs": 26523, "label": "D989 PR27+26523"}}, {"type": "Feature", "geometry": {"type": "Point", "coordinates": [3.16896523, 44.81084312]}, "properties": {"route": "D989", "pr": "10", "abs": 9193, "label": "D989 PR10+9193"}}, {"type": "Feature", "geometry": {"type": "Point", "coordinates": [3.34750826, 44.87918291]}, "properties": {"route": "D989", "pr": "33", "abs": 32387, "label": "D989 PR33+32387"}}, {"type": "Feature", "geometry": {"type": "Point", "coordinates": [3.29988411, 44.81750979]}, "properties": {"route": "D989", "pr": "23", "abs": 22625, "label": "D989 PR23+22625"}}, {"type": "Feature", "geometry": {"type": "Point", "coordinates": [3.33370374, 44.85719015]}, "properties": {"route": "D989", "pr": "30", "abs": 29471, "label": "D989 PR30+29471"}}, {"type": "Feature", "geometry": {"type": "Point", "coordinates": [3.19247188, 44.80921395]}, "properties": {"route": "D989", "pr": "12", "abs": 11194, "label": "D989 PR12+11194"}}, {"type": "Feature", "geometry": {"type": "Point", "coordinates": [3.39822855, 44.95327465]}, "properties": {"route": "D989", "pr": "46", "abs": 45267, "label": "D989 PR46+45267"}}, {"type": "Feature", "geometry": {"type": "Point", "coordinates": [3.14330192, 44.81641444]}, "properties": {"route": "D989", "pr": "7", "abs": 6527, "label": "D989 PR7+6527"}}, {"type": "Feature", "geometry": {"type": "Point", "coordinates": [3.1115863, 44.81795802]}, "properties": {"route": "D989", "pr": "4", "abs": 3622, "label": "D989 PR4+3622"}}, {"type": "Feature", "geometry": {"type": "Point", "coordinates": [3.36929906, 44.94461207]}, "properties": {"route": "D989", "pr": "42", "abs": 41268, "label": "D989 PR42+41268"}}, {"type": "Feature", "geometry": {"type": "Point", "coordinates": [3.28512082, 44.80973206]}, "properties": {"route": "D989", "pr": "21", "abs": 20652, "label": "D989 PR21+20652"}}, {"type": "Feature", "geometry": {"type": "Point", "coordinates": [3.35398851, 44.90737148]}, "properties": {"route": "D989", "pr": "37", "abs": 36295, "label": "D989 PR37+36295"}}, {"type": "Feature", "geometry": {"type": "Point", "coordinates": [3.35437518, 44.89417101]}, "properties": {"route": "D989", "pr": "35", "abs": 34329, "label": "D989 PR35+34329"}}, {"type": "Feature", "geometry": {"type": "Point", "coordinates": [3.36244973, 44.93980413]}, "properties": {"route": "D989", "pr": "41", "abs": 40263, "label": "D989 PR41+40263"}}, {"type": "Feature", "geometry": {"type": "Point", "coordinates": [3.12319745, 44.81694187]}, "properties": {"route": "D989", "pr": "5", "abs": 4697, "label": "D989 PR5+4697"}}, {"type": "Feature", "geometry": {"type": "Point", "coordinates": [3.38744746, 44.94457552]}, "properties": {"route": "D989", "pr": "44", "abs": 43274, "label": "D989 PR44+43274"}}, {"type": "Feature", "geometry": {"type": "Point", "coordinates": [3.39616163, 44.94482933]}, "properties": {"route": "D989", "pr": "45", "abs": 44250, "label": "D989 PR45+44250"}}, {"type": "Feature", "geometry": {"type": "Point", "coordinates": [3.15923605, 44.81378987]}, "properties": {"route": "D989", "pr": "9", "abs": 8331, "label": "D989 PR9+8331"}}, {"type": "Feature", "geometry": {"type": "Point", "coordinates": [3.33077948, 44.84898958]}, "properties": {"route": "D989", "pr": "28", "abs": 27485, "label": "D989 PR28+27485"}}, {"type": "Feature", "geometry": {"type": "Point", "coordinates": [3.31876943, 44.8402311]}, "properties": {"route": "D989", "pr": "26", "abs": 25600, "label": "D989 PR26+25600"}}, {"type": "Feature", "geometry": {"type": "Point", "coordinates": [3.35843485, 44.93165892]}, "properties": {"route": "D989", "pr": "40", "abs": 39264, "label": "D989 PR40+39264"}}, {"type": "Feature", "geometry": {"type": "Point", "coordinates": [3.22846307, 44.81055647]}, "properties": {"route": "D989", "pr": "15", "abs": 14194, "label": "D989 PR15+14194"}}, {"type": "Feature", "geometry": {"type": "Point", "coordinates": [3.24650053, 44.79885055]}, "properties": {"route": "D989", "pr": "17", "abs": 16201, "label": "D989 PR17+16201"}}, {"type": "Feature", "geometry": {"type": "Point", "coordinates": [3.09148483, 44.82395278]}, "properties": {"route": "D989", "pr": "2", "abs": 1755, "label": "D989 PR2+1755"}}, {"type": "Feature", "geometry": {"type": "Point", "coordinates": [3.21690169, 44.80955151]}, "properties": {"route": "D989", "pr": "14", "abs": 13202, "label": "D989 PR14+13202"}}, {"type": "Feature", "geometry": {"type": "Point", "coordinates": [3.30559895, 44.82562869]}, "properties": {"route": "D989", "pr": "24", "abs": 23637, "label": "D989 PR24+23637"}}, {"type": "Feature", "geometry": {"type": "Point", "coordinates": [3.15362782, 44.81891343]}, "properties": {"route": "D989", "pr": "8", "abs": 7431, "label": "D989 PR8+7431"}}, {"type": "Feature", "geometry": {"type": "Point", "coordinates": [3.25720351, 44.79777736]}, "properties": {"route": "D989", "pr": "18", "abs": 17205, "label": "D989 PR18+17205"}}, {"type": "Feature", "geometry": {"type": "Point", "coordinates": [3.07670626, 44.82487151]}, "properties": {"route": "D989", "pr": "0", "abs": 0, "label": "D989 PR0"}}, {"type": "Feature", "geometry": {"type": "Point", "coordinates": [3.0971839, 44.4976699]}, "properties": {"route": "D56", "pr": "23", "abs": 22920, "label": "D56 PR23+22920"}}, {"type": "Feature", "geometry": {"type": "Point", "coordinates": [3.12763231, 44.51230704]}, "properties": {"route": "D56", "pr": "15", "abs": 14902, "label": "D56 PR15+14902"}}, {"type": "Feature", "geometry": {"type": "Point", "coordinates": [3.10313834, 44.49155924]}, "properties": {"route": "D56", "pr": "24", "abs": 23911, "label": "D56 PR24+23911"}}, {"type": "Feature", "geometry": {"type": "Point", "coordinates": [3.1445276, 44.52375146]}, "properties": {"route": "D56", "pr": "12", "abs": 11920, "label": "D56 PR12+11920"}}, {"type": "Feature", "geometry": {"type": "Point", "coordinates": [3.13944072, 44.45518698]}, "properties": {"route": "D56", "pr": "31", "abs": 30859, "label": "D56 PR31+30859"}}, {"type": "Feature", "geometry": {"type": "Point", "coordinates": [3.13801352, 44.47189474]}, "properties": {"route": "D56", "pr": "28", "abs": 27894, "label": "D56 PR28+27894"}}, {"type": "Feature", "geometry": {"type": "Point", "coordinates": [3.1795245, 44.52681217]}, "properties": {"route": "D56", "pr": "8", "abs": 7903, "label": "D56 PR8+7903"}}, {"type": "Feature", "geometry": {"type": "Point", "coordinates": [3.10390985, 44.50282021]}, "properties": {"route": "D56", "pr": "21", "abs": 20906, "label": "D56 PR21+20906"}}, {"type": "Feature", "geometry": {"type": "Point", "coordinates": [3.11828822, 44.48035351]}, "properties": {"route": "D56", "pr": "26", "abs": 25903, "label": "D56 PR26+25903"}}, {"type": "Feature", "geometry": {"type": "Point", "coordinates": [3.11834976, 44.50194236]}, "properties": {"route": "D56", "pr": "18", "abs": 17892, "label": "D56 PR18+17892"}}, {"type": "Feature", "geometry": {"type": "Point", "coordinates": [3.13468971, 44.51367869]}, "properties": {"route": "D56", "pr": "14", "abs": 13905, "label": "D56 PR14+13905"}}, {"type": "Feature", "geometry": {"type": "Point", "coordinates": [3.14293684, 44.51621145]}, "properties": {"route": "D56", "pr": "13", "abs": 12916, "label": "D56 PR13+12916"}}, {"type": "Feature", "geometry": {"type": "Point", "coordinates": [3.14258258, 44.46458016]}, "properties": {"route": "D56", "pr": "29", "abs": 28886, "label": "D56 PR29+28886"}}, {"type": "Feature", "geometry": {"type": "Point", "coordinates": [3.11166849, 44.50028572]}, "properties": {"route": "D56", "pr": "19", "abs": 18897, "label": "D56 PR19+18897"}}, {"type": "Feature", "geometry": {"type": "Point", "coordinates": [3.11619635, 44.51052913]}, "properties": {"route": "D56", "pr": "17", "abs": 16892, "label": "D56 PR17+16892"}}, {"type": "Feature", "geometry": {"type": "Point", "coordinates": [3.14407201, 44.44774269]}, "properties": {"route": "D56", "pr": "32", "abs": 31840, "label": "D56 PR32+31840"}}, {"type": "Feature", "geometry": {"type": "Point", "coordinates": [3.10497824, 44.50712314]}, "properties": {"route": "D56", "pr": "20", "abs": 19912, "label": "D56 PR20+19912"}}, {"type": "Feature", "geometry": {"type": "Point", "coordinates": [3.17354871, 44.52491055]}, "properties": {"route": "D56", "pr": "9", "abs": 8885, "label": "D56 PR9+8885"}}, {"type": "Feature", "geometry": {"type": "Point", "coordinates": [3.20545385, 44.5170202]}, "properties": {"route": "D56", "pr": "5", "abs": 4890, "label": "D56 PR5+4890"}}, {"type": "Feature", "geometry": {"type": "Point", "coordinates": [3.14518552, 44.4575786]}, "properties": {"route": "D56", "pr": "30", "abs": 29881, "label": "D56 PR30+29881"}}, {"type": "Feature", "geometry": {"type": "Point", "coordinates": [3.11034528, 44.48676674]}, "properties": {"route": "D56", "pr": "25", "abs": 24885, "label": "D56 PR25+24885"}}, {"type": "Feature", "geometry": {"type": "Point", "coordinates": [3.12830152, 44.47736352]}, "properties": {"route": "D56", "pr": "27", "abs": 26874, "label": "D56 PR27+26874"}}, {"type": "Feature", "geometry": {"type": "Point", "coordinates": [3.09509221, 44.5058772]}, "properties": {"route": "D56", "pr": "22", "abs": 21914, "label": "D56 PR22+21914"}}, {"type": "Feature", "geometry": {"type": "Point", "coordinates": [3.18918735, 44.52101117]}, "properties": {"route": "D56", "pr": "7", "abs": 6884, "label": "D56 PR7+6884"}}, {"type": "Feature", "geometry": {"type": "Point", "coordinates": [3.24003534, 44.51163907]}, "properties": {"route": "D56", "pr": "1", "abs": 999, "label": "D56 PR1+999"}}, {"type": "Feature", "geometry": {"type": "Point", "coordinates": [3.1488128, 44.44083459]}, "properties": {"route": "D56", "pr": "33", "abs": 32785, "label": "D56 PR33+32785"}}, {"type": "Feature", "geometry": {"type": "Point", "coordinates": [3.14435909, 44.53167188]}, "properties": {"route": "D56", "pr": "11", "abs": 10922, "label": "D56 PR11+10922"}}, {"type": "Feature", "geometry": {"type": "Point", "coordinates": [3.21872292, 44.51248637]}, "properties": {"route": "D56", "pr": "3", "abs": 2945, "label": "D56 PR3+2945"}}, {"type": "Feature", "geometry": {"type": "Point", "coordinates": [3.22902262, 44.51208468]}, "properties": {"route": "D56", "pr": "2", "abs": 1981, "label": "D56 PR2+1981"}}, {"type": "Feature", "geometry": {"type": "Point", "coordinates": [3.19549321, 44.51681233]}, "properties": {"route": "D56", "pr": "6", "abs": 5901, "label": "D56 PR6+5901"}}, {"type": "Feature", "geometry": {"type": "Point", "coordinates": [3.1481278, 44.53385175]}, "properties": {"route": "D56", "pr": "10", "abs": 9924, "label": "D56 PR10+9924"}}, {"type": "Feature", "geometry": {"type": "Point", "coordinates": [3.21178596, 44.51455781]}, "properties": {"route": "D56", "pr": "4", "abs": 3916, "label": "D56 PR4+3916"}}, {"type": "Feature", "geometry": {"type": "Point", "coordinates": [3.1203992, 44.51097294]}, "properties": {"route": "D56", "pr": "16", "abs": 15894, "label": "D56 PR16+15894"}}, {"type": "Feature", "geometry": {"type": "Point", "coordinates": [3.78479379, 44.61114564]}, "properties": {"route": "D71", "pr": "8", "abs": 7839, "label": "D71 PR8+7839"}}, {"type": "Feature", "geometry": {"type": "Point", "coordinates": [3.77773405, 44.59639554]}, "properties": {"route": "D71", "pr": "6", "abs": 5825, "label": "D71 PR6+5825"}}, {"type": "Feature", "geometry": {"type": "Point", "coordinates": [3.80398467, 44.65433789]}, "properties": {"route": "D71", "pr": "15", "abs": 14740, "label": "D71 PR15+14740"}}, {"type": "Feature", "geometry": {"type": "Point", "coordinates": [3.82166448, 44.6987049]}, "properties": {"route": "D71", "pr": "23", "abs": 22711, "label": "D71 PR23+22711"}}, {"type": "Feature", "geometry": {"type": "Point", "coordinates": [3.80002441, 44.62788028]}, "properties": {"route": "D71", "pr": "11", "abs": 10833, "label": "D71 PR11+10833"}}, {"type": "Feature", "geometry": {"type": "Point", "coordinates": [3.82253574, 44.69198103]}, "properties": {"route": "D71", "pr": "22", "abs": 21688, "label": "D71 PR22+21688"}}, {"type": "Feature", "geometry": {"type": "Point", "coordinates": [3.82242901, 44.67084118]}, "properties": {"route": "D71", "pr": "18", "abs": 17736, "label": "D71 PR18+17736"}}, {"type": "Feature", "geometry": {"type": "Point", "coordinates": [3.79607654, 44.61989694]}, "properties": {"route": "D71", "pr": "10", "abs": 9846, "label": "D71 PR10+9846"}}, {"type": "Feature", "geometry": {"type": "Point", "coordinates": [3.75205605, 44.56369751]}, "properties": {"route": "D71", "pr": "1", "abs": 937, "label": "D71 PR1+937"}}, {"type": "Feature", "geometry": {"type": "Point", "coordinates": [3.77731483, 44.60520159]}, "properties": {"route": "D71", "pr": "7", "abs": 6825, "label": "D71 PR7+6825"}}, {"type": "Feature", "geometry": {"type": "Point", "coordinates": [3.82816274, 44.67937764]}, "properties": {"route": "D71", "pr": "20", "abs": 19711, "label": "D71 PR20+19711"}}, {"type": "Feature", "geometry": {"type": "Point", "coordinates": [3.8262788, 44.68549056]}, "properties": {"route": "D71", "pr": "21", "abs": 20708, "label": "D71 PR21+20708"}}, {"type": "Feature", "geometry": {"type": "Point", "coordinates": [3.76181117, 44.5770863]}, "properties": {"route": "D71", "pr": "3", "abs": 2813, "label": "D71 PR3+2813"}}, {"type": "Feature", "geometry": {"type": "Point", "coordinates": [3.81965393, 44.67695788]}, "properties": {"route": "D71", "pr": "19", "abs": 18734, "label": "D71 PR19+18734"}}, {"type": "Feature", "geometry": {"type": "Point", "coordinates": [3.79195868, 44.61346053]}, "properties": {"route": "D71", "pr": "9", "abs": 8851, "label": "D71 PR9+8851"}}, {"type": "Feature", "geometry": {"type": "Point", "coordinates": [3.79993466, 44.64377053]}, "properties": {"route": "D71", "pr": "13", "abs": 12801, "label": "D71 PR13+12801"}}, {"type": "Feature", "geometry": {"type": "Point", "coordinates": [3.80170358, 44.63585117]}, "properties": {"route": "D71", "pr": "12", "abs": 11818, "label": "D71 PR12+11818"}}, {"type": "Feature", "geometry": {"type": "Point", "coordinates": [3.77201837, 44.58210927]}, "properties": {"route": "D71", "pr": "4", "abs": 3828, "label": "D71 PR4+3828"}}, {"type": "Feature", "geometry": {"type": "Point", "coordinates": [3.81878378, 44.66266806]}, "properties": {"route": "D71", "pr": "17", "abs": 16738, "label": "D71 PR17+16738"}}, {"type": "Feature", "geometry": {"type": "Point", "coordinates": [3.81176325, 44.65783825]}, "properties": {"route": "D71", "pr": "16", "abs": 15747, "label": "D71 PR16+15747"}}, {"type": "Feature", "geometry": {"type": "Point", "coordinates": [3.80327789, 44.64705046]}, "properties": {"route": "D71", "pr": "14", "abs": 13738, "label": "D71 PR14+13738"}}, {"type": "Feature", "geometry": {"type": "Point", "coordinates": [3.77684577, 44.58980984]}, "properties": {"route": "D71", "pr": "5", "abs": 4828, "label": "D71 PR5+4828"}}, {"type": "Feature", "geometry": {"type": "Point", "coordinates": [3.75884678, 44.57039328]}, "properties": {"route": "D71", "pr": "2", "abs": 1852, "label": "D71 PR2+1852"}}, {"type": "Feature", "geometry": {"type": "Point", "coordinates": [3.25321886, 44.19895131]}, "properties": {"route": "D996", "pr": "5", "abs": 4783, "label": "D996 PR5+4783"}}, {"type": "Feature", "geometry": {"type": "Point", "coordinates": [3.32238897, 44.20175376]}, "properties": {"route": "D996", "pr": "12", "abs": 11660, "label": "D996 PR12+11660"}}, {"type": "Feature", "geometry": {"type": "Point", "coordinates": [3.22351266, 44.19197352]}, "properties": {"route": "D996", "pr": "2", "abs": 1975, "label": "D996 PR2+1975"}}, {"type": "Feature", "geometry": {"type": "Point", "coordinates": [3.21192694, 44.19025123]}, "properties": {"route": "D996", "pr": "1", "abs": 962, "label": "D996 PR1+962"}}, {"type": "Feature", "geometry": {"type": "Point", "coordinates": [3.3922883, 44.1960626]}, "properties": {"route": "D996", "pr": "18", "abs": 17744, "label": "D996 PR18+17744"}}, {"type": "Feature", "geometry": {"type": "Point", "coordinates": [3.51508877, 44.20450385]}, "properties": {"route": "D996", "pr": "33", "abs": 32282, "label": "D996 PR33+32282"}}, {"type": "Feature", "geometry": {"type": "Point", "coordinates": [3.2900197, 44.20565596]}, "properties": {"route": "D996", "pr": "9", "abs": 8762, "label": "D996 PR9+8762"}}, {"type": "Feature", "geometry": {"type": "Point", "coordinates": [3.31213146, 44.20471952]}, "properties": {"route": "D996", "pr": "11", "abs": 10676, "label": "D996 PR11+10676"}}, {"type": "Feature", "geometry": {"type": "Point", "coordinates": [3.30009387, 44.20705374]}, "properties": {"route": "D996", "pr": "10", "abs": 9660, "label": "D996 PR10+9660"}}, {"type": "Feature", "geometry": {"type": "Point", "coordinates": [3.46962465, 44.19912982]}, "properties": {"route": "D996", "pr": "26", "abs": 25434, "label": "D996 PR26+25434"}}, {"type": "Feature", "geometry": {"type": "Point", "coordinates": [3.52656487, 44.20940541]}, "properties": {"route": "D996", "pr": "35", "abs": 34287, "label": "D996 PR35+34287"}}, {"type": "Feature", "geometry": {"type": "Point", "coordinates": [3.49331614, 44.19845342]}, "properties": {"route": "D996", "pr": "29", "abs": 28287, "label": "D996 PR29+28287"}}, {"type": "Feature", "geometry": {"type": "Point", "coordinates": [3.2735224, 44.20097101]}, "properties": {"route": "D996", "pr": "7", "abs": 6779, "label": "D996 PR7+6779"}}, {"type": "Feature", "geometry": {"type": "Point", "coordinates": [3.52852392, 44.21350322]}, "properties": {"route": "D996", "pr": "36", "abs": 35313, "label": "D996 PR36+35313"}}, {"type": "Feature", "geometry": {"type": "Point", "coordinates": [3.40315738, 44.19352004]}, "properties": {"route": "D996", "pr": "19", "abs": 18719, "label": "D996 PR19+18719"}}, {"type": "Feature", "geometry": {"type": "Point", "coordinates": [3.57207011, 44.22804964]}, "properties": {"route": "D996", "pr": "41", "abs": 40243, "label": "D996 PR41+40243"}}, {"type": "Feature", "geometry": {"type": "Point", "coordinates": [3.33416949, 44.20476896]}, "properties": {"route": "D996", "pr": "13", "abs": 12678, "label": "D996 PR13+12678"}}, {"type": "Feature", "geometry": {"type": "Point", "coordinates": [3.26367349, 44.20109502]}, "properties": {"route": "D996", "pr": "6", "abs": 5766, "label": "D996 PR6+5766"}}, {"type": "Feature", "geometry": {"type": "Point", "coordinates": [3.51679808, 44.21220797]}, "properties": {"route": "D996", "pr": "34", "abs": 33290, "label": "D996 PR34+33290"}}, {"type": "Feature", "geometry": {"type": "Point", "coordinates": [3.48047233, 44.19867962]}, "properties": {"route": "D996", "pr": "27", "abs": 26349, "label": "D996 PR27+26349"}}, {"type": "Feature", "geometry": {"type": "Point", "coordinates": [3.50680331, 44.20317515]}, "properties": {"route": "D996", "pr": "32", "abs": 31299, "label": "D996 PR32+31299"}}, {"type": "Feature", "geometry": {"type": "Point", "coordinates": [3.24482631, 44.19581193]}, "properties": {"route": "D996", "pr": "4", "abs": 3928, "label": "D996 PR4+3928"}}, {"type": "Feature", "geometry": {"type": "Point", "coordinates": [3.56146481, 44.22439587]}, "properties": {"route": "D996", "pr": "40", "abs": 39235, "label": "D996 PR40+39235"}}, {"type": "Feature", "geometry": {"type": "Point", "coordinates": [3.44575769, 44.19760106]}, "properties": {"route": "D996", "pr": "24", "abs": 23440, "label": "D996 PR24+23440"}}, {"type": "Feature", "geometry": {"type": "Point", "coordinates": [3.43939648, 44.19043221]}, "properties": {"route": "D996", "pr": "23", "abs": 22439, "label": "D996 PR23+22439"}}, {"type": "Feature", "geometry": {"type": "Point", "coordinates": [3.42286731, 44.18456101]}, "properties": {"route": "D996", "pr": "21", "abs": 20760, "label": "D996 PR21+20760"}}, {"type": "Feature", "geometry": {"type": "Point", "coordinates": [3.2351057, 44.19136334]}, "properties": {"route": "D996", "pr": "3", "abs": 2956, "label": "D996 PR3+2956"}}, {"type": "Feature", "geometry": {"type": "Point", "coordinates": [3.35658182, 44.20144728]}, "properties": {"route": "D996", "pr": "15", "abs": 14673, "label": "D996 PR15+14673"}}, {"type": "Feature", "geometry": {"type": "Point", "coordinates": [3.41398494, 44.19021868]}, "properties": {"route": "D996", "pr": "20", "abs": 19716, "label": "D996 PR20+19716"}}, {"type": "Feature", "geometry": {"type": "Point", "coordinates": [3.53342772, 44.21607904]}, "properties": {"route": "D996", "pr": "37", "abs": 36263, "label": "D996 PR37+36263"}}, {"type": "Feature", "geometry": {"type": "Point", "coordinates": [3.36903071, 44.20152135]}, "properties": {"route": "D996", "pr": "16", "abs": 15690, "label": "D996 PR16+15690"}}, {"type": "Feature", "geometry": {"type": "Point", "coordinates": [3.49708725, 44.19489]}, "properties": {"route": "D996", "pr": "30", "abs": 29279, "label": "D996 PR30+29279"}}, {"type": "Feature", "geometry": {"type": "Point", "coordinates": [3.34544741, 44.20148109]}, "properties": {"route": "D996", "pr": "14", "abs": 13683, "label": "D996 PR14+13683"}}, {"type": "Feature", "geometry": {"type": "Point", "coordinates": [3.54075575, 44.21648875]}, "properties": {"route": "D996", "pr": "38", "abs": 37257, "label": "D996 PR38+37257"}}, {"type": "Feature", "geometry": {"type": "Point", "coordinates": [3.48780192, 44.20030888]}, "properties": {"route": "D996", "pr": "28", "abs": 27344, "label": "D996 PR28+27344"}}, {"type": "Feature", "geometry": {"type": "Point", "coordinates": [3.45720878, 44.19674476]}, "properties": {"route": "D996", "pr": "25", "abs": 24395, "label": "D996 PR25+24395"}}, {"type": "Feature", "geometry": {"type": "Point", "coordinates": [3.38168386, 44.19996051]}, "properties": {"route": "D996", "pr": "17", "abs": 16738, "label": "D996 PR17+16738"}}, {"type": "Feature", "geometry": {"type": "Point", "coordinates": [3.55054477, 44.22092899]}, "properties": {"route": "D996", "pr": "39", "abs": 38238, "label": "D996 PR39+38238"}}, {"type": "Feature", "geometry": {"type": "Point", "coordinates": [3.50179033, 44.19704145]}, "properties": {"route": "D996", "pr": "31", "abs": 30304, "label": "D996 PR31+30304"}}, {"type": "Feature", "geometry": {"type": "Point", "coordinates": [3.43693315, 44.18488305]}, "properties": {"route": "D996", "pr": "22", "abs": 21772, "label": "D996 PR22+21772"}}, {"type": "Feature", "geometry": {"type": "Point", "coordinates": [3.28420733, 44.20014728]}, "properties": {"route": "D996", "pr": "8", "abs": 7767, "label": "D996 PR8+7767"}}, {"type": "Feature", "geometry": {"type": "Point", "coordinates": [3.31107365, 44.91142817]}, "properties": {"route": "D47", "pr": "7", "abs": 6936, "label": "D47 PR7+6936"}}, {"type": "Feature", "geometry": {"type": "Point", "coordinates": [3.31265942, 44.90313864]}, "properties": {"route": "D47", "pr": "6", "abs": 5986, "label": "D47 PR6+5986"}}, {"type": "Feature", "geometry": {"type": "Point", "coordinates": [3.31733894, 44.88673442]}, "properties": {"route": "D47", "pr": "4", "abs": 3976, "label": "D47 PR4+3976"}}, {"type": "Feature", "geometry": {"type": "Point", "coordinates": [3.31221966, 44.89468464]}, "properties": {"route": "D47", "pr": "5", "abs": 4980, "label": "D47 PR5+4980"}}, {"type": "Feature", "geometry": {"type": "Point", "coordinates": [3.32644779, 44.86238061]}, "properties": {"route": "D47", "pr": "1", "abs": 965, "label": "D47 PR1+965"}}, {"type": "Feature", "geometry": {"type": "Point", "coordinates": [3.32401976, 44.87072763]}, "properties": {"route": "D47", "pr": "2", "abs": 1972, "label": "D47 PR2+1972"}}, {"type": "Feature", "geometry": {"type": "Point", "coordinates": [3.32135915, 44.87838922]}, "properties": {"route": "D47", "pr": "3", "abs": 2973, "label": "D47 PR3+2973"}}, {"type": "Feature", "geometry": {"type": "Point", "coordinates": [3.3087254, 44.9196451]}, "properties": {"route": "D47", "pr": "8", "abs": 7939, "label": "D47 PR8+7939"}}, {"type": "Feature", "geometry": {"type": "Point", "coordinates": [3.29924507, 44.92532349]}, "properties": {"route": "D47", "pr": "9", "abs": 8946, "label": "D47 PR9+8946"}}, {"type": "Feature", "geometry": {"type": "Point", "coordinates": [3.67701574, 44.83992313]}, "properties": {"route": "D45", "pr": "6", "abs": 5751, "label": "D45 PR6+5751"}}, {"type": "Feature", "geometry": {"type": "Point", "coordinates": [3.66199239, 44.85123049]}, "properties": {"route": "D45", "pr": "8", "abs": 7734, "label": "D45 PR8+7734"}}, {"type": "Feature", "geometry": {"type": "Point", "coordinates": [3.68623362, 44.82978244]}, "properties": {"route": "D45", "pr": "4", "abs": 3989, "label": "D45 PR4+3989"}}, {"type": "Feature", "geometry": {"type": "Point", "coordinates": [3.6841697, 44.83391434]}, "properties": {"route": "D45", "pr": "5", "abs": 4748, "label": "D45 PR5+4748"}}, {"type": "Feature", "geometry": {"type": "Point", "coordinates": [3.67002726, 44.84656341]}, "properties": {"route": "D45", "pr": "7", "abs": 6768, "label": "D45 PR7+6768"}}, {"type": "Feature", "geometry": {"type": "Point", "coordinates": [3.70003438, 44.82018841]}, "properties": {"route": "D45", "pr": "2", "abs": 1989, "label": "D45 PR2+1989"}}, {"type": "Feature", "geometry": {"type": "Point", "coordinates": [3.70072248, 44.81460184]}, "properties": {"route": "D45", "pr": "1", "abs": 990, "label": "D45 PR1+990"}}, {"type": "Feature", "geometry": {"type": "Point", "coordinates": [3.6944443, 44.82695374]}, "properties": {"route": "D45", "pr": "3", "abs": 2987, "label": "D45 PR3+2987"}}, {"type": "Feature", "geometry": {"type": "Point", "coordinates": [3.68529359, 44.17920609]}, "properties": {"route": "D9", "pr": "15", "abs": 14366, "label": "D9 PR15+14366"}}, {"type": "Feature", "geometry": {"type": "Point", "coordinates": [3.62419508, 44.2516202]}, "properties": {"route": "D9", "pr": "1", "abs": 987, "label": "D9 PR1+987"}}, {"type": "Feature", "geometry": {"type": "Point", "coordinates": [3.7933897, 44.13221277]}, "properties": {"route": "D9", "pr": "27", "abs": 26176, "label": "D9 PR27+26176"}}, {"type": "Feature", "geometry": {"type": "Point", "coordinates": [3.83356298, 44.13937568]}, "properties": {"route": "D9", "pr": "31", "abs": 30106, "label": "D9 PR31+30106"}}, {"type": "Feature", "geometry": {"type": "Point", "coordinates": [3.65026695, 44.19426663]}, "properties": {"route": "D9", "pr": "11", "abs": 10495, "label": "D9 PR11+10495"}}, {"type": "Feature", "geometry": {"type": "Point", "coordinates": [3.62315684, 44.21990901]}, "properties": {"route": "D9", "pr": "5", "abs": 4963, "label": "D9 PR5+4963"}}, {"type": "Feature", "geometry": {"type": "Point", "coordinates": [3.64579447, 44.1924109]}, "properties": {"route": "D9", "pr": "10", "abs": 9549, "label": "D9 PR10+9549"}}, {"type": "Feature", "geometry": {"type": "Point", "coordinates": [3.6347091, 44.20608894]}, "properties": {"route": "D9", "pr": "7", "abs": 6796, "label": "D9 PR7+6796"}}, {"type": "Feature", "geometry": {"type": "Point", "coordinates": [3.62156481, 44.24427198]}, "properties": {"route": "D9", "pr": "2", "abs": 1978, "label": "D9 PR2+1978"}}, {"type": "Feature", "geometry": {"type": "Point", "coordinates": [3.74301952, 44.15704491]}, "properties": {"route": "D9", "pr": "21", "abs": 20301, "label": "D9 PR21+20301"}}, {"type": "Feature", "geometry": {"type": "Point", "coordinates": [3.78263815, 44.13684547]}, "properties": {"route": "D9", "pr": "26", "abs": 25099, "label": "D9 PR26+25099"}}, {"type": "Feature", "geometry": {"type": "Point", "coordinates": [3.66925097, 44.18831255]}, "properties": {"route": "D9", "pr": "13", "abs": 12473, "label": "D9 PR13+12473"}}, {"type": "Feature", "geometry": {"type": "Point", "coordinates": [3.71318222, 44.16517563]}, "properties": {"route": "D9", "pr": "18", "abs": 17343, "label": "D9 PR18+17343"}}, {"type": "Feature", "geometry": {"type": "Point", "coordinates": [3.7247859, 44.16522649]}, "properties": {"route": "D9", "pr": "19", "abs": 18324, "label": "D9 PR19+18324"}}, {"type": "Feature", "geometry": {"type": "Point", "coordinates": [3.81446748, 44.13235164]}, "properties": {"route": "D9", "pr": "29", "abs": 28113, "label": "D9 PR29+28113"}}, {"type": "Feature", "geometry": {"type": "Point", "coordinates": [3.82292979, 44.13789431]}, "properties": {"route": "D9", "pr": "30", "abs": 29113, "label": "D9 PR30+29113"}}, {"type": "Feature", "geometry": {"type": "Point", "coordinates": [3.61708947, 44.23689901]}, "properties": {"route": "D9", "pr": "3", "abs": 2972, "label": "D9 PR3+2972"}}, {"type": "Feature", "geometry": {"type": "Point", "coordinates": [3.66185487, 44.19354027]}, "properties": {"route": "D9", "pr": "12", "abs": 11492, "label": "D9 PR12+11492"}}, {"type": "Feature", "geometry": {"type": "Point", "coordinates": [3.7770036, 44.14396306]}, "properties": {"route": "D9", "pr": "25", "abs": 24140, "label": "D9 PR25+24140"}}, {"type": "Feature", "geometry": {"type": "Point", "coordinates": [3.75235876, 44.15399198]}, "properties": {"route": "D9", "pr": "22", "abs": 21265, "label": "D9 PR22+21265"}}, {"type": "Feature", "geometry": {"type": "Point", "coordinates": [3.61860318, 44.22816822]}, "properties": {"route": "D9", "pr": "4", "abs": 3965, "label": "D9 PR4+3965"}}, {"type": "Feature", "geometry": {"type": "Point", "coordinates": [3.76360343, 44.1508404]}, "properties": {"route": "D9", "pr": "23", "abs": 22271, "label": "D9 PR23+22271"}}, {"type": "Feature", "geometry": {"type": "Point", "coordinates": [3.8041205, 44.12950449]}, "properties": {"route": "D9", "pr": "28", "abs": 27155, "label": "D9 PR28+27155"}}, {"type": "Feature", "geometry": {"type": "Point", "coordinates": [3.62841433, 44.21181393]}, "properties": {"route": "D9", "pr": "6", "abs": 5958, "label": "D9 PR6+5958"}}, {"type": "Feature", "geometry": {"type": "Point", "coordinates": [3.732697, 44.15955455]}, "properties": {"route": "D9", "pr": "20", "abs": 19312, "label": "D9 PR20+19312"}}, {"type": "Feature", "geometry": {"type": "Point", "coordinates": [3.69205484, 44.17188265]}, "properties": {"route": "D9", "pr": "16", "abs": 15356, "label": "D9 PR16+15356"}}, {"type": "Feature", "geometry": {"type": "Point", "coordinates": [3.77408371, 44.14782807]}, "properties": {"route": "D9", "pr": "24", "abs": 23228, "label": "D9 PR24+23228"}}, {"type": "Feature", "geometry": {"type": "Point", "coordinates": [3.67818882, 44.1829434]}, "properties": {"route": "D9", "pr": "14", "abs": 13468, "label": "D9 PR14+13468"}}, {"type": "Feature", "geometry": {"type": "Point", "coordinates": [3.7025059, 44.16811857]}, "properties": {"route": "D9", "pr": "17", "abs": 16356, "label": "D9 PR17+16356"}}, {"type": "Feature", "geometry": {"type": "Point", "coordinates": [3.64081834, 44.20011266]}, "properties": {"route": "D9", "pr": "8", "abs": 7696, "label": "D9 PR8+7696"}}, {"type": "Feature", "geometry": {"type": "Point", "coordinates": [3.42943231, 44.15881098]}, "properties": {"route": "D986", "pr": "53", "abs": 51579, "label": "D986 PR53+51579"}}, {"type": "Feature", "geometry": {"type": "Point", "coordinates": [3.38993847, 44.33418857]}, "properties": {"route": "D986", "pr": "26", "abs": 24675, "label": "D986 PR26+24675"}}, {"type": "Feature", "geometry": {"type": "Point", "coordinates": [3.38408683, 44.21024029]}, "properties": {"route": "D986", "pr": "43", "abs": 41615, "label": "D986 PR43+41615"}}, {"type": "Feature", "geometry": {"type": "Point", "coordinates": [3.433059, 44.15465634]}, "properties": {"route": "D986", "pr": "55", "abs": 53566, "label": "D986 PR55+53566"}}, {"type": "Feature", "geometry": {"type": "Point", "coordinates": [3.35807214, 44.26915171]}, "properties": {"route": "D986", "pr": "35", "abs": 33698, "label": "D986 PR35+33698"}}, {"type": "Feature", "geometry": {"type": "Point", "coordinates": [3.4523327, 44.47356501]}, "properties": {"route": "D986", "pr": "2", "abs": 1978, "label": "D986 PR2+1978"}}, {"type": "Feature", "geometry": {"type": "Point", "coordinates": [3.42952266, 44.18235063]}, "properties": {"route": "D986", "pr": "49", "abs": 47536, "label": "D986 PR49+47536"}}, {"type": "Feature", "geometry": {"type": "Point", "coordinates": [3.43001089, 44.40059013]}, "properties": {"route": "D986", "pr": "13", "abs": 12127, "label": "D986 PR13+12127"}}, {"type": "Feature", "geometry": {"type": "Point", "coordinates": [3.44969961, 44.45581001]}, "properties": {"route": "D986", "pr": "5", "abs": 5004, "label": "D986 PR5+5004"}}, {"type": "Feature", "geometry": {"type": "Point", "coordinates": [3.44805382, 44.47842567]}, "properties": {"route": "D986", "pr": "1", "abs": 998, "label": "D986 PR1+998"}}, {"type": "Feature", "geometry": {"type": "Point", "coordinates": [3.45908794, 44.46675575]}, "properties": {"route": "D986", "pr": "3", "abs": 2980, "label": "D986 PR3+2980"}}, {"type": "Feature", "geometry": {"type": "Point", "coordinates": [3.35342122, 44.26137436]}, "properties": {"route": "D986", "pr": "36", "abs": 34696, "label": "D986 PR36+34696"}}, {"type": "Feature", "geometry": {"type": "Point", "coordinates": [3.38095538, 44.21782919]}, "properties": {"route": "D986", "pr": "42", "abs": 40607, "label": "D986 PR42+40607"}}, {"type": "Feature", "geometry": {"type": "Point", "coordinates": [3.374528, 44.30998388]}, "properties": {"route": "D986", "pr": "30", "abs": 28713, "label": "D986 PR30+28713"}}, {"type": "Feature", "geometry": {"type": "Point", "coordinates": [3.40637557, 44.36569254]}, "properties": {"route": "D986", "pr": "18", "abs": 16875, "label": "D986 PR18+16875"}}, {"type": "Feature", "geometry": {"type": "Point", "coordinates": [3.39084158, 44.33147769]}, "properties": {"route": "D986", "pr": "27", "abs": 25622, "label": "D986 PR27+25622"}}, {"type": "Feature", "geometry": {"type": "Point", "coordinates": [3.44286913, 44.41302485]}, "properties": {"route": "D986", "pr": "10", "abs": 9963, "label": "D986 PR10+9963"}}, {"type": "Feature", "geometry": {"type": "Point", "coordinates": [3.44778, 44.4471893]}, "properties": {"route": "D986", "pr": "6", "abs": 5976, "label": "D986 PR6+5976"}}, {"type": "Feature", "geometry": {"type": "Point", "coordinates": [3.4362995, 44.15660928]}, "properties": {"route": "D986", "pr": "54", "abs": 52574, "label": "D986 PR54+52574"}}, {"type": "Feature", "geometry": {"type": "Point", "coordinates": [3.40413498, 44.35170313]}, "properties": {"route": "D986", "pr": "23", "abs": 21852, "label": "D986 PR23+21852"}}, {"type": "Feature", "geometry": {"type": "Point", "coordinates": [3.40379096, 44.35976271]}, "properties": {"route": "D986", "pr": "19", "abs": 17759, "label": "D986 PR19+17759"}}, {"type": "Feature", "geometry": {"type": "Point", "coordinates": [3.4196769, 44.37854937]}, "properties": {"route": "D986", "pr": "16", "abs": 14873, "label": "D986 PR16+14873"}}, {"type": "Feature", "geometry": {"type": "Point", "coordinates": [3.3732691, 44.22501775]}, "properties": {"route": "D986", "pr": "41", "abs": 39596, "label": "D986 PR41+39596"}}, {"type": "Feature", "geometry": {"type": "Point", "coordinates": [3.39089354, 44.20482194]}, "properties": {"route": "D986", "pr": "44", "abs": 42595, "label": "D986 PR44+42595"}}, {"type": "Feature", "geometry": {"type": "Point", "coordinates": [3.44679614, 44.43829384]}, "properties": {"route": "D986", "pr": "7", "abs": 6974, "label": "D986 PR7+6974"}}, {"type": "Feature", "geometry": {"type": "Point", "coordinates": [3.35250134, 44.24657121]}, "properties": {"route": "D986", "pr": "38", "abs": 36600, "label": "D986 PR38+36600"}}, {"type": "Feature", "geometry": {"type": "Point", "coordinates": [3.36726258, 44.23285008]}, "properties": {"route": "D986", "pr": "40", "abs": 38596, "label": "D986 PR40+38596"}}, {"type": "Feature", "geometry": {"type": "Point", "coordinates": [3.43214875, 44.40529696]}, "properties": {"route": "D986", "pr": "12", "abs": 11564, "label": "D986 PR12+11564"}}, {"type": "Feature", "geometry": {"type": "Point", "coordinates": [3.3947095, 44.3394438]}, "properties": {"route": "D986", "pr": "25", "abs": 23683, "label": "D986 PR25+23683"}}, {"type": "Feature", "geometry": {"type": "Point", "coordinates": [3.35543823, 44.25384192]}, "properties": {"route": "D986", "pr": "37", "abs": 35639, "label": "D986 PR37+35639"}}, {"type": "Feature", "geometry": {"type": "Point", "coordinates": [3.41616833, 44.1928396]}, "properties": {"route": "D986", "pr": "47", "abs": 45590, "label": "D986 PR47+45590"}}, {"type": "Feature", "geometry": {"type": "Point", "coordinates": [3.42163367, 44.18755587]}, "properties": {"route": "D986", "pr": "48", "abs": 46585, "label": "D986 PR48+46585"}}, {"type": "Feature", "geometry": {"type": "Point", "coordinates": [3.45525221, 44.46359298]}, "properties": {"route": "D986", "pr": "4", "abs": 3990, "label": "D986 PR4+3990"}}, {"type": "Feature", "geometry": {"type": "Point", "coordinates": [3.3674309, 44.30276884]}, "properties": {"route": "D986", "pr": "31", "abs": 29696, "label": "D986 PR31+29696"}}, {"type": "Feature", "geometry": {"type": "Point", "coordinates": [3.38000885, 44.31803042]}, "properties": {"route": "D986", "pr": "29", "abs": 27659, "label": "D986 PR29+27659"}}, {"type": "Feature", "geometry": {"type": "Point", "coordinates": [3.40889198, 44.36175396]}, "properties": {"route": "D986", "pr": "20", "abs": 18829, "label": "D986 PR20+18829"}}, {"type": "Feature", "geometry": {"type": "Point", "coordinates": [3.39991231, 44.34443352]}, "properties": {"route": "D986", "pr": "24", "abs": 22800, "label": "D986 PR24+22800"}}, {"type": "Feature", "geometry": {"type": "Point", "coordinates": [3.41006193, 44.35939746]}, "properties": {"route": "D986", "pr": "22", "abs": 20841, "label": "D986 PR22+20841"}}, {"type": "Feature", "geometry": {"type": "Point", "coordinates": [3.36098448, 44.24056687]}, "properties": {"route": "D986", "pr": "39", "abs": 37597, "label": "D986 PR39+37597"}}, {"type": "Feature", "geometry": {"type": "Point", "coordinates": [3.36372747, 44.29405788]}, "properties": {"route": "D986", "pr": "32", "abs": 30709, "label": "D986 PR32+30709"}}, {"type": "Feature", "geometry": {"type": "Point", "coordinates": [3.43098342, 44.18051322]}, "properties": {"route": "D986", "pr": "50", "abs": 48592, "label": "D986 PR50+48592"}}, {"type": "Feature", "geometry": {"type": "Point", "coordinates": [3.36249737, 44.27689903]}, "properties": {"route": "D986", "pr": "34", "abs": 32711, "label": "D986 PR34+32711"}}, {"type": "Feature", "geometry": {"type": "Point", "coordinates": [3.41178826, 44.37232202]}, "properties": {"route": "D986", "pr": "17", "abs": 15864, "label": "D986 PR17+15864"}}, {"type": "Feature", "geometry": {"type": "Point", "coordinates": [3.43060113, 44.17264882]}, "properties": {"route": "D986", "pr": "51", "abs": 49606, "label": "D986 PR51+49606"}}, {"type": "Feature", "geometry": {"type": "Point", "coordinates": [3.42197832, 44.38471311]}, "properties": {"route": "D986", "pr": "15", "abs": 14098, "label": "D986 PR15+14098"}}, {"type": "Feature", "geometry": {"type": "Point", "coordinates": [3.44805034, 44.42071499]}, "properties": {"route": "D986", "pr": "9", "abs": 8966, "label": "D986 PR9+8966"}}, {"type": "Feature", "geometry": {"type": "Point", "coordinates": [3.407411, 44.19666637]}, "properties": {"route": "D986", "pr": "46", "abs": 44596, "label": "D986 PR46+44596"}}, {"type": "Feature", "geometry": {"type": "Point", "coordinates": [3.42423258, 44.15163597]}, "properties": {"route": "D986", "pr": "56", "abs": 54563, "label": "D986 PR56+54563"}}, {"type": "Feature", "geometry": {"type": "Point", "coordinates": [3.43513157, 44.16491269]}, "properties": {"route": "D986", "pr": "52", "abs": 50589, "label": "D986 PR52+50589"}}, {"type": "Feature", "geometry": {"type": "Point", "coordinates": [3.4248558, 44.39262817]}, "properties": {"route": "D986", "pr": "14", "abs": 13116, "label": "D986 PR14+13116"}}, {"type": "Feature", "geometry": {"type": "Point", "coordinates": [3.41026673, 44.36549987]}, "properties": {"route": "D986", "pr": "21", "abs": 19828, "label": "D986 PR21+19828"}}, {"type": "Feature", "geometry": {"type": "Point", "coordinates": [3.36012998, 44.28527717]}, "properties": {"route": "D986", "pr": "33", "abs": 31727, "label": "D986 PR33+31727"}}, {"type": "Feature", "geometry": {"type": "Point", "coordinates": [3.44831772, 44.42941434]}, "properties": {"route": "D986", "pr": "8", "abs": 7973, "label": "D986 PR8+7973"}}, {"type": "Feature", "geometry": {"type": "Point", "coordinates": [3.43571243, 44.40871085]}, "properties": {"route": "D986", "pr": "11", "abs": 10960, "label": "D986 PR11+10960"}}, {"type": "Feature", "geometry": {"type": "Point", "coordinates": [3.38548906, 44.3264935]}, "properties": {"route": "D986", "pr": "28", "abs": 26591, "label": "D986 PR28+26591"}}, {"type": "Feature", "geometry": {"type": "Point", "coordinates": [3.39727821, 44.19989077]}, "properties": {"route": "D986", "pr": "45", "abs": 43595, "label": "D986 PR45+43595"}}, {"type": "Feature", "geometry": {"type": "Point", "coordinates": [3.30333896, 44.52064394]}, "properties": {"route": "D808", "pr": "3", "abs": 2983, "label": "D808 PR3+2983"}}, {"type": "Feature", "geometry": {"type": "Point", "coordinates": [3.38385373, 44.49461342]}, "properties": {"route": "D808", "pr": "11", "abs": 10928, "label": "D808 PR11+10928"}}, {"type": "Feature", "geometry": {"type": "Point", "coordinates": [3.39482795, 44.4974086]}, "properties": {"route": "D808", "pr": "12", "abs": 11920, "label": "D808 PR12+11920"}}, {"type": "Feature", "geometry": {"type": "Point", "coordinates": [3.37294839, 44.49522967]}, "properties": {"route": "D808", "pr": "10", "abs": 9934, "label": "D808 PR10+9934"}}, {"type": "Feature", "geometry": {"type": "Point", "coordinates": [3.2907749, 44.5348114]}, "properties": {"route": "D808", "pr": "1", "abs": 997, "label": "D808 PR1+997"}}, {"type": "Feature", "geometry": {"type": "Point", "coordinates": [3.33022448, 44.5053043]}, "properties": {"route": "D808", "pr": "6", "abs": 5963, "label": "D808 PR6+5963"}}, {"type": "Feature", "geometry": {"type": "Point", "coordinates": [3.36328156, 44.49934624]}, "properties": {"route": "D808", "pr": "9", "abs": 8943, "label": "D808 PR9+8943"}}, {"type": "Feature", "geometry": {"type": "Point", "coordinates": [3.3145303, 44.51682445]}, "properties": {"route": "D808", "pr": "4", "abs": 3976, "label": "D808 PR4+3976"}}, {"type": "Feature", "geometry": {"type": "Point", "coordinates": [3.35400198, 44.50245428]}, "properties": {"route": "D808", "pr": "8", "abs": 7948, "label": "D808 PR8+7948"}}, {"type": "Feature", "geometry": {"type": "Point", "coordinates": [3.34223955, 44.50391735]}, "properties": {"route": "D808", "pr": "7", "abs": 6956, "label": "D808 PR7+6956"}}, {"type": "Feature", "geometry": {"type": "Point", "coordinates": [3.29408881, 44.52635303]}, "properties": {"route": "D808", "pr": "2", "abs": 1988, "label": "D808 PR2+1988"}}, {"type": "Feature", "geometry": {"type": "Point", "coordinates": [3.32223295, 44.50997309]}, "properties": {"route": "D808", "pr": "5", "abs": 5013, "label": "D808 PR5+5013"}}, {"type": "Feature", "geometry": {"type": "Point", "coordinates": [3.19624436, 44.8566008]}, "properties": {"route": "D70", "pr": "7", "abs": 6972, "label": "D70 PR7+6972"}}, {"type": "Feature", "geometry": {"type": "Point", "coordinates": [3.25173621, 44.86309014]}, "properties": {"route": "D70", "pr": "13", "abs": 12929, "label": "D70 PR13+12929"}}, {"type": "Feature", "geometry": {"type": "Point", "coordinates": [3.24616717, 44.86451526]}, "properties": {"route": "D70", "pr": "12", "abs": 11941, "label": "D70 PR12+11941"}}, {"type": "Feature", "geometry": {"type": "Point", "coordinates": [3.21664212, 44.86329471]}, "properties": {"route": "D70", "pr": "9", "abs": 8965, "label": "D70 PR9+8965"}}, {"type": "Feature", "geometry": {"type": "Point", "coordinates": [3.18998402, 44.8499681]}, "properties": {"route": "D70", "pr": "6", "abs": 5974, "label": "D70 PR6+5974"}}, {"type": "Feature", "geometry": {"type": "Point", "coordinates": [3.12879074, 44.82349709]}, "properties": {"route": "D70", "pr": "1", "abs": 997, "label": "D70 PR1+997"}}, {"type": "Feature", "geometry": {"type": "Point", "coordinates": [3.23661131, 44.86687873]}, "properties": {"route": "D70", "pr": "11", "abs": 10949, "label": "D70 PR11+10949"}}, {"type": "Feature", "geometry": {"type": "Point", "coordinates": [3.25525828, 44.87064858]}, "properties": {"route": "D70", "pr": "14", "abs": 13656, "label": "D70 PR14+13656"}}, {"type": "Feature", "geometry": {"type": "Point", "coordinates": [3.22542434, 44.86745571]}, "properties": {"route": "D70", "pr": "10", "abs": 9951, "label": "D70 PR10+9951"}}, {"type": "Feature", "geometry": {"type": "Point", "coordinates": [3.15368779, 44.83668044]}, "properties": {"route": "D70", "pr": "4", "abs": 3987, "label": "D70 PR4+3987"}}, {"type": "Feature", "geometry": {"type": "Point", "coordinates": [3.16416117, 44.84101135]}, "properties": {"route": "D70", "pr": "5", "abs": 4979, "label": "D70 PR5+4979"}}, {"type": "Feature", "geometry": {"type": "Point", "coordinates": [3.14816754, 44.83159388]}, "properties": {"route": "D70", "pr": "3", "abs": 2994, "label": "D70 PR3+2994"}}, {"type": "Feature", "geometry": {"type": "Point", "coordinates": [3.13707406, 44.8295959]}, "properties": {"route": "D70", "pr": "2", "abs": 1995, "label": "D70 PR2+1995"}}, {"type": "Feature", "geometry": {"type": "Point", "coordinates": [3.2084389, 44.85857462]}, "properties": {"route": "D70", "pr": "8", "abs": 7975, "label": "D70 PR8+7975"}}, {"type": "Feature", "geometry": {"type": "Point", "coordinates": [3.67808779, 44.6371779]}, "properties": {"route": "D301", "pr": "1", "abs": 990, "label": "D301 PR1+990"}}, {"type": "Feature", "geometry": {"type": "Point", "coordinates": [3.44077481, 44.81499481]}, "properties": {"route": "D14", "pr": "11", "abs": 11036, "label": "D14 PR11+11036"}}, {"type": "Feature", "geometry": {"type": "Point", "coordinates": [3.40218018, 44.84834599]}, "properties": {"route": "D14", "pr": "6", "abs": 6007, "label": "D14 PR6+6007"}}, {"type": "Feature", "geometry": {"type": "Point", "coordinates": [3.4222628, 44.83918782]}, "properties": {"route": "D14", "pr": "8", "abs": 8017, "label": "D14 PR8+8017"}}, {"type": "Feature", "geometry": {"type": "Point", "coordinates": [3.35465703, 44.85277923]}, "properties": {"route": "D14", "pr": "1", "abs": 1008, "label": "D14 PR1+1008"}}, {"type": "Feature", "geometry": {"type": "Point", "coordinates": [3.44696, 44.80830036]}, "properties": {"route": "D14", "pr": "12", "abs": 12052, "label": "D14 PR12+12052"}}, {"type": "Feature", "geometry": {"type": "Point", "coordinates": [3.41272576, 44.84459695]}, "properties": {"route": "D14", "pr": "7", "abs": 7012, "label": "D14 PR7+7012"}}, {"type": "Feature", "geometry": {"type": "Point", "coordinates": [3.45645821, 44.79428579]}, "properties": {"route": "D14", "pr": "14", "abs": 13992, "label": "D14 PR14+13992"}}, {"type": "Feature", "geometry": {"type": "Point", "coordinates": [3.38534913, 44.85452624]}, "properties": {"route": "D14", "pr": "4", "abs": 4014, "label": "D14 PR4+4014"}}, {"type": "Feature", "geometry": {"type": "Point", "coordinates": [3.39745515, 44.853296]}, "properties": {"route": "D14", "pr": "5", "abs": 5022, "label": "D14 PR5+5022"}}, {"type": "Feature", "geometry": {"type": "Point", "coordinates": [3.36339336, 44.85301298]}, "properties": {"route": "D14", "pr": "2", "abs": 1983, "label": "D14 PR2+1983"}}, {"type": "Feature", "geometry": {"type": "Point", "coordinates": [3.43053638, 44.83293737]}, "properties": {"route": "D14", "pr": "9", "abs": 9021, "label": "D14 PR9+9021"}}, {"type": "Feature", "geometry": {"type": "Point", "coordinates": [3.44008206, 44.82797055]}, "properties": {"route": "D14", "pr": "10", "abs": 10024, "label": "D14 PR10+10024"}}, {"type": "Feature", "geometry": {"type": "Point", "coordinates": [3.46488244, 44.79084484]}, "properties": {"route": "D14", "pr": "15", "abs": 14946, "label": "D14 PR15+14946"}}, {"type": "Feature", "geometry": {"type": "Point", "coordinates": [3.37415345, 44.85149976]}, "properties": {"route": "D14", "pr": "3", "abs": 3010, "label": "D14 PR3+3010"}}, {"type": "Feature", "geometry": {"type": "Point", "coordinates": [3.44949128, 44.80109195]}, "properties": {"route": "D14", "pr": "13", "abs": 12983, "label": "D14 PR13+12983"}}, {"type": "Feature", "geometry": {"type": "Point", "coordinates": [3.84335658, 44.2746751]}, "properties": {"route": "D29", "pr": "6", "abs": 5928, "label": "D29 PR6+5928"}}, {"type": "Feature", "geometry": {"type": "Point", "coordinates": [3.85335549, 44.28055888]}, "properties": {"route": "D29", "pr": "9", "abs": 8962, "label": "D29 PR9+8962"}}, {"type": "Feature", "geometry": {"type": "Point", "coordinates": [3.82374767, 44.27891151]}, "properties": {"route": "D29", "pr": "4", "abs": 3982, "label": "D29 PR4+3982"}}, {"type": "Feature", "geometry": {"type": "Point", "coordinates": [3.82662719, 44.27427921]}, "properties": {"route": "D29", "pr": "3", "abs": 2970, "label": "D29 PR3+2970"}}, {"type": "Feature", "geometry": {"type": "Point", "coordinates": [3.85313068, 44.29110533]}, "properties": {"route": "D29", "pr": "11", "abs": 10941, "label": "D29 PR11+10941"}}, {"type": "Feature", "geometry": {"type": "Point", "coordinates": [3.84607562, 44.28494142]}, "properties": {"route": "D29", "pr": "8", "abs": 7936, "label": "D29 PR8+7936"}}, {"type": "Feature", "geometry": {"type": "Point", "coordinates": [3.86392262, 44.29818833]}, "properties": {"route": "D29", "pr": "13", "abs": 12943, "label": "D29 PR13+12943"}}, {"type": "Feature", "geometry": {"type": "Point", "coordinates": [3.87252686, 44.30003058]}, "properties": {"route": "D29", "pr": "14", "abs": 13938, "label": "D29 PR14+13938"}}, {"type": "Feature", "geometry": {"type": "Point", "coordinates": [3.84980307, 44.27787597]}, "properties": {"route": "D29", "pr": "7", "abs": 6940, "label": "D29 PR7+6940"}}, {"type": "Feature", "geometry": {"type": "Point", "coordinates": [3.86006442, 44.29148249]}, "properties": {"route": "D29", "pr": "12", "abs": 11942, "label": "D29 PR12+11942"}}, {"type": "Feature", "geometry": {"type": "Point", "coordinates": [3.83325329, 44.27715203]}, "properties": {"route": "D29", "pr": "5", "abs": 4977, "label": "D29 PR5+4977"}}, {"type": "Feature", "geometry": {"type": "Point", "coordinates": [3.87776656, 44.30239418]}, "properties": {"route": "D29", "pr": "15", "abs": 14931, "label": "D29 PR15+14931"}}, {"type": "Feature", "geometry": {"type": "Point", "coordinates": [3.85459463, 44.28288071]}, "properties": {"route": "D29", "pr": "10", "abs": 9948, "label": "D29 PR10+9948"}}, {"type": "Feature", "geometry": {"type": "Point", "coordinates": [3.82785016, 44.27274421]}, "properties": {"route": "D29", "pr": "2", "abs": 2044, "label": "D29 PR2+2044"}}, {"type": "Feature", "geometry": {"type": "Point", "coordinates": [3.82893306, 44.27131648]}, "properties": {"route": "D29", "pr": "1", "abs": 996, "label": "D29 PR1+996"}}, {"type": "Feature", "geometry": {"type": "Point", "coordinates": [3.57630448, 44.12156448]}, "properties": {"route": "D118", "pr": "1", "abs": 1003, "label": "D118 PR1+1003"}}, {"type": "Feature", "geometry": {"type": "Point", "coordinates": [3.56551766, 44.17874387]}, "properties": {"route": "D119", "pr": "3", "abs": 3023, "label": "D119 PR3+3023"}}, {"type": "Feature", "geometry": {"type": "Point", "coordinates": [3.54971977, 44.17023182]}, "properties": {"route": "D119", "pr": "1", "abs": 1020, "label": "D119 PR1+1020"}}, {"type": "Feature", "geometry": {"type": "Point", "coordinates": [3.57411861, 44.18340945]}, "properties": {"route": "D119", "pr": "5", "abs": 5029, "label": "D119 PR5+5029"}}, {"type": "Feature", "geometry": {"type": "Point", "coordinates": [3.58887733, 44.20211654]}, "properties": {"route": "D119", "pr": "8", "abs": 8020, "label": "D119 PR8+8020"}}, {"type": "Feature", "geometry": {"type": "Point", "coordinates": [3.58704959, 44.19609647]}, "properties": {"route": "D119", "pr": "7", "abs": 7025, "label": "D119 PR7+7025"}}, {"type": "Feature", "geometry": {"type": "Point", "coordinates": [3.5708343, 44.18046164]}, "properties": {"route": "D119", "pr": "4", "abs": 4028, "label": "D119 PR4+4028"}}, {"type": "Feature", "geometry": {"type": "Point", "coordinates": [3.55906139, 44.17442677]}, "properties": {"route": "D119", "pr": "2", "abs": 2024, "label": "D119 PR2+2024"}}, {"type": "Feature", "geometry": {"type": "Point", "coordinates": [3.2142853, 44.33958846]}, "properties": {"route": "D32", "pr": "22", "abs": 20955, "label": "D32 PR22+20955"}}, {"type": "Feature", "geometry": {"type": "Point", "coordinates": [3.16050413, 44.26309199]}, "properties": {"route": "D32", "pr": "34", "abs": 32769, "label": "D32 PR34+32769"}}, {"type": "Feature", "geometry": {"type": "Point", "coordinates": [3.1937002, 44.33660932]}, "properties": {"route": "D32", "pr": "24", "abs": 22948, "label": "D32 PR24+22948"}}, {"type": "Feature", "geometry": {"type": "Point", "coordinates": [3.29249033, 44.39603617]}, "properties": {"route": "D32", "pr": "11", "abs": 10947, "label": "D32 PR11+10947"}}, {"type": "Feature", "geometry": {"type": "Point", "coordinates": [3.2255366, 44.34256349]}, "properties": {"route": "D32", "pr": "21", "abs": 19937, "label": "D32 PR21+19937"}}, {"type": "Feature", "geometry": {"type": "Point", "coordinates": [3.32914072, 44.43392255]}, "properties": {"route": "D32", "pr": "5", "abs": 4987, "label": "D32 PR5+4987"}}, {"type": "Feature", "geometry": {"type": "Point", "coordinates": [3.33586413, 44.46302205]}, "properties": {"route": "D32", "pr": "1", "abs": 1009, "label": "D32 PR1+1009"}}, {"type": "Feature", "geometry": {"type": "Point", "coordinates": [3.16601277, 44.27031538]}, "properties": {"route": "D32", "pr": "33", "abs": 31774, "label": "D32 PR33+31774"}}, {"type": "Feature", "geometry": {"type": "Point", "coordinates": [3.32235104, 44.41799118]}, "properties": {"route": "D32", "pr": "7", "abs": 6924, "label": "D32 PR7+6924"}}, {"type": "Feature", "geometry": {"type": "Point", "coordinates": [3.28410555, 44.38569167]}, "properties": {"route": "D32", "pr": "13", "abs": 12493, "label": "D32 PR13+12493"}}, {"type": "Feature", "geometry": {"type": "Point", "coordinates": [3.25739554, 44.36138885]}, "properties": {"route": "D32", "pr": "17", "abs": 16336, "label": "D32 PR17+16336"}}, {"type": "Feature", "geometry": {"type": "Point", "coordinates": [3.18357603, 44.33303507]}, "properties": {"route": "D32", "pr": "25", "abs": 23934, "label": "D32 PR25+23934"}}, {"type": "Feature", "geometry": {"type": "Point", "coordinates": [3.26675945, 44.37518413]}, "properties": {"route": "D32", "pr": "15", "abs": 14432, "label": "D32 PR15+14432"}}, {"type": "Feature", "geometry": {"type": "Point", "coordinates": [3.17532237, 44.31265934]}, "properties": {"route": "D32", "pr": "28", "abs": 26738, "label": "D32 PR28+26738"}}, {"type": "Feature", "geometry": {"type": "Point", "coordinates": [3.23465166, 44.34616306]}, "properties": {"route": "D32", "pr": "20", "abs": 19017, "label": "D32 PR20+19017"}}, {"type": "Feature", "geometry": {"type": "Point", "coordinates": [3.3326797, 44.45482812]}, "properties": {"route": "D32", "pr": "2", "abs": 1986, "label": "D32 PR2+1986"}}, {"type": "Feature", "geometry": {"type": "Point", "coordinates": [3.17421165, 44.29471776]}, "properties": {"route": "D32", "pr": "30", "abs": 28725, "label": "D32 PR30+28725"}}, {"type": "Feature", "geometry": {"type": "Point", "coordinates": [3.2517977, 44.35593241]}, "properties": {"route": "D32", "pr": "18", "abs": 17135, "label": "D32 PR18+17135"}}, {"type": "Feature", "geometry": {"type": "Point", "coordinates": [3.17231325, 44.30389133]}, "properties": {"route": "D32", "pr": "29", "abs": 27682, "label": "D32 PR29+27682"}}, {"type": "Feature", "geometry": {"type": "Point", "coordinates": [3.31741673, 44.40980119]}, "properties": {"route": "D32", "pr": "8", "abs": 7928, "label": "D32 PR8+7928"}}, {"type": "Feature", "geometry": {"type": "Point", "coordinates": [3.17320433, 44.28620051]}, "properties": {"route": "D32", "pr": "31", "abs": 29802, "label": "D32 PR31+29802"}}, {"type": "Feature", "geometry": {"type": "Point", "coordinates": [3.17073647, 44.27811042]}, "properties": {"route": "D32", "pr": "32", "abs": 30775, "label": "D32 PR32+30775"}}, {"type": "Feature", "geometry": {"type": "Point", "coordinates": [3.29146656, 44.3900815]}, "properties": {"route": "D32", "pr": "12", "abs": 11687, "label": "D32 PR12+11687"}}, {"type": "Feature", "geometry": {"type": "Point", "coordinates": [3.27545399, 44.37947455]}, "properties": {"route": "D32", "pr": "14", "abs": 13510, "label": "D32 PR14+13510"}}, {"type": "Feature", "geometry": {"type": "Point", "coordinates": [3.32863348, 44.44241384]}, "properties": {"route": "D32", "pr": "4", "abs": 3984, "label": "D32 PR4+3984"}}, {"type": "Feature", "geometry": {"type": "Point", "coordinates": [3.18164079, 44.31812105]}, "properties": {"route": "D32", "pr": "27", "abs": 25814, "label": "D32 PR27+25814"}}, {"type": "Feature", "geometry": {"type": "Point", "coordinates": [3.24308094, 44.35192738]}, "properties": {"route": "D32", "pr": "19", "abs": 18046, "label": "D32 PR19+18046"}}, {"type": "Feature", "geometry": {"type": "Point", "coordinates": [3.20521416, 44.33742379]}, "properties": {"route": "D32", "pr": "23", "abs": 21939, "label": "D32 PR23+21939"}}, {"type": "Feature", "geometry": {"type": "Point", "coordinates": [3.17890305, 44.32702888]}, "properties": {"route": "D32", "pr": "26", "abs": 24756, "label": "D32 PR26+24756"}}, {"type": "Feature", "geometry": {"type": "Point", "coordinates": [3.32453895, 44.44952137]}, "properties": {"route": "D32", "pr": "3", "abs": 2980, "label": "D32 PR3+2980"}}, {"type": "Feature", "geometry": {"type": "Point", "coordinates": [3.2960674, 44.40421737]}, "properties": {"route": "D32", "pr": "10", "abs": 9933, "label": "D32 PR10+9933"}}, {"type": "Feature", "geometry": {"type": "Point", "coordinates": [3.25895705, 44.36920493]}, "properties": {"route": "D32", "pr": "16", "abs": 15411, "label": "D32 PR16+15411"}}, {"type": "Feature", "geometry": {"type": "Point", "coordinates": [3.32620123, 44.42592675]}, "properties": {"route": "D32", "pr": "6", "abs": 5935, "label": "D32 PR6+5935"}}, {"type": "Feature", "geometry": {"type": "Point", "coordinates": [3.3054556, 44.40874848]}, "properties": {"route": "D32", "pr": "9", "abs": 8930, "label": "D32 PR9+8930"}}, {"type": "Feature", "geometry": {"type": "Point", "coordinates": [3.73926232, 44.69414496]}, "properties": {"route": "D988", "pr": "26", "abs": 25942, "label": "D988 PR26+25942"}}, {"type": "Feature", "geometry": {"type": "Point", "coordinates": [3.71541629, 44.76953539]}, "properties": {"route": "D988", "pr": "14", "abs": 13984, "label": "D988 PR14+13984"}}, {"type": "Feature", "geometry": {"type": "Point", "coordinates": [3.72913859, 44.74975363]}, "properties": {"route": "D988", "pr": "17", "abs": 16974, "label": "D988 PR17+16974"}}, {"type": "Feature", "geometry": {"type": "Point", "coordinates": [3.70699187, 44.81353565]}, "properties": {"route": "D988", "pr": "7", "abs": 7002, "label": "D988 PR7+7002"}}, {"type": "Feature", "geometry": {"type": "Point", "coordinates": [3.71069335, 44.78375886]}, "properties": {"route": "D988", "pr": "12", "abs": 12007, "label": "D988 PR12+12007"}}, {"type": "Feature", "geometry": {"type": "Point", "coordinates": [3.72329372, 44.75603491]}, "properties": {"route": "D988", "pr": "16", "abs": 15980, "label": "D988 PR16+15980"}}, {"type": "Feature", "geometry": {"type": "Point", "coordinates": [3.74199405, 44.70834735]}, "properties": {"route": "D988", "pr": "24", "abs": 23944, "label": "D988 PR24+23944"}}, {"type": "Feature", "geometry": {"type": "Point", "coordinates": [3.74163327, 44.70070238]}, "properties": {"route": "D988", "pr": "25", "abs": 24947, "label": "D988 PR25+24947"}}, {"type": "Feature", "geometry": {"type": "Point", "coordinates": [3.72958759, 44.69132721]}, "properties": {"route": "D988", "pr": "27", "abs": 26942, "label": "D988 PR27+26942"}}, {"type": "Feature", "geometry": {"type": "Point", "coordinates": [3.71014468, 44.69095937]}, "properties": {"route": "D988", "pr": "29", "abs": 28942, "label": "D988 PR29+28942"}}, {"type": "Feature", "geometry": {"type": "Point", "coordinates": [3.74136861, 44.72183131]}, "properties": {"route": "D988", "pr": "22", "abs": 21956, "label": "D988 PR22+21956"}}, {"type": "Feature", "geometry": {"type": "Point", "coordinates": [3.7194195, 44.76196098]}, "properties": {"route": "D988", "pr": "15", "abs": 14981, "label": "D988 PR15+14981"}}, {"type": "Feature", "geometry": {"type": "Point", "coordinates": [3.13962049, 44.44095104]}, "properties": {"route": "D988", "pr": "106", "abs": 43860, "label": "D988 PR106+43860"}}, {"type": "Feature", "geometry": {"type": "Point", "coordinates": [3.73558662, 44.73694689]}, "properties": {"route": "D988", "pr": "19", "abs": 18967, "label": "D988 PR19+18967"}}, {"type": "Feature", "geometry": {"type": "Point", "coordinates": [3.7101727, 44.78998183]}, "properties": {"route": "D988", "pr": "11", "abs": 11014, "label": "D988 PR11+11014"}}, {"type": "Feature", "geometry": {"type": "Point", "coordinates": [3.71242479, 44.81834393]}, "properties": {"route": "D988", "pr": "6", "abs": 6006, "label": "D988 PR6+6006"}}, {"type": "Feature", "geometry": {"type": "Point", "coordinates": [3.73368106, 44.81760844]}, "properties": {"route": "D988", "pr": "3", "abs": 3003, "label": "D988 PR3+3003"}}, {"type": "Feature", "geometry": {"type": "Point", "coordinates": [3.6989541, 44.80229161]}, "properties": {"route": "D988", "pr": "9", "abs": 9007, "label": "D988 PR9+9007"}}, {"type": "Feature", "geometry": {"type": "Point", "coordinates": [3.14973034, 44.43714705]}, "properties": {"route": "D988", "pr": "105", "abs": 42840, "label": "D988 PR105+42840"}}, {"type": "Feature", "geometry": {"type": "Point", "coordinates": [3.68260232, 44.64970934]}, "properties": {"route": "D988", "pr": "35", "abs": 34925, "label": "D988 PR35+34925"}}, {"type": "Feature", "geometry": {"type": "Point", "coordinates": [3.6999409, 44.80841681]}, "properties": {"route": "D988", "pr": "8", "abs": 7997, "label": "D988 PR8+7997"}}, {"type": "Feature", "geometry": {"type": "Point", "coordinates": [3.73055333, 44.74184652]}, "properties": {"route": "D988", "pr": "18", "abs": 17978, "label": "D988 PR18+17978"}}, {"type": "Feature", "geometry": {"type": "Point", "coordinates": [3.70636617, 44.6843428]}, "properties": {"route": "D988", "pr": "30", "abs": 29942, "label": "D988 PR30+29942"}}, {"type": "Feature", "geometry": {"type": "Point", "coordinates": [3.18959706, 44.44063515]}, "properties": {"route": "D988", "pr": "101", "abs": 38833, "label": "D988 PR101+38833"}}, {"type": "Feature", "geometry": {"type": "Point", "coordinates": [3.15580564, 44.44280175]}, "properties": {"route": "D988", "pr": "104", "abs": 41837, "label": "D988 PR104+41837"}}, {"type": "Feature", "geometry": {"type": "Point", "coordinates": [3.71301125, 44.77702557]}, "properties": {"route": "D988", "pr": "13", "abs": 12992, "label": "D988 PR13+12992"}}, {"type": "Feature", "geometry": {"type": "Point", "coordinates": [3.69041568, 44.6556965]}, "properties": {"route": "D988", "pr": "34", "abs": 33928, "label": "D988 PR34+33928"}}, {"type": "Feature", "geometry": {"type": "Point", "coordinates": [3.66900931, 44.64303743]}, "properties": {"route": "D988", "pr": "37", "abs": 36924, "label": "D988 PR37+36924"}}, {"type": "Feature", "geometry": {"type": "Point", "coordinates": [3.69705691, 44.67101504]}, "properties": {"route": "D988", "pr": "32", "abs": 31927, "label": "D988 PR32+31927"}}, {"type": "Feature", "geometry": {"type": "Point", "coordinates": [3.6739908, 44.6352592]}, "properties": {"route": "D988", "pr": "38", "abs": 37921, "label": "D988 PR38+37921"}}, {"type": "Feature", "geometry": {"type": "Point", "coordinates": [3.70380726, 44.67710165]}, "properties": {"route": "D988", "pr": "31", "abs": 30946, "label": "D988 PR31+30946"}}, {"type": "Feature", "geometry": {"type": "Point", "coordinates": [3.72105077, 44.81429869]}, "properties": {"route": "D988", "pr": "5", "abs": 5002, "label": "D988 PR5+5002"}}, {"type": "Feature", "geometry": {"type": "Point", "coordinates": [3.74748998, 44.72756942]}, "properties": {"route": "D988", "pr": "21", "abs": 20956, "label": "D988 PR21+20956"}}, {"type": "Feature", "geometry": {"type": "Point", "coordinates": [3.70707814, 44.79626266]}, "properties": {"route": "D988", "pr": "10", "abs": 10006, "label": "D988 PR10+10006"}}, {"type": "Feature", "geometry": {"type": "Point", "coordinates": [3.73744558, 44.82261652]}, "properties": {"route": "D988", "pr": "2", "abs": 1999, "label": "D988 PR2+1999"}}, {"type": "Feature", "geometry": {"type": "Point", "coordinates": [3.69743573, 44.66268207]}, "properties": {"route": "D988", "pr": "33", "abs": 32929, "label": "D988 PR33+32929"}}, {"type": "Feature", "geometry": {"type": "Point", "coordinates": [3.71974397, 44.69496953]}, "properties": {"route": "D988", "pr": "28", "abs": 27951, "label": "D988 PR28+27951"}}, {"type": "Feature", "geometry": {"type": "Point", "coordinates": [3.72653753, 44.81514885]}, "properties": {"route": "D988", "pr": "4", "abs": 4001, "label": "D988 PR4+4001"}}, {"type": "Feature", "geometry": {"type": "Point", "coordinates": [3.73588569, 44.83015034]}, "properties": {"route": "D988", "pr": "1", "abs": 998, "label": "D988 PR1+998"}}, {"type": "Feature", "geometry": {"type": "Point", "coordinates": [3.67370619, 44.63602709]}, "properties": {"route": "D988", "pr": "100", "abs": 37832, "label": "D988 PR100+37832"}}, {"type": "Feature", "geometry": {"type": "Point", "coordinates": [3.74332591, 44.71446067]}, "properties": {"route": "D988", "pr": "23", "abs": 22955, "label": "D988 PR23+22955"}}, {"type": "Feature", "geometry": {"type": "Point", "coordinates": [3.67068747, 44.65053758]}, "properties": {"route": "D988", "pr": "36", "abs": 35921, "label": "D988 PR36+35921"}}, {"type": "Feature", "geometry": {"type": "Point", "coordinates": [3.74324217, 44.73308105]}, "properties": {"route": "D988", "pr": "20", "abs": 20003, "label": "D988 PR20+20003"}}, {"type": "Feature", "geometry": {"type": "Point", "coordinates": [3.17788544, 44.43791268]}, "properties": {"route": "D988", "pr": "102", "abs": 39840, "label": "D988 PR102+39840"}}, {"type": "Feature", "geometry": {"type": "Point", "coordinates": [3.16643982, 44.4381016]}, "properties": {"route": "D988", "pr": "103", "abs": 40815, "label": "D988 PR103+40815"}}, {"type": "Feature", "geometry": {"type": "Point", "coordinates": [3.58909271, 44.25135767]}, "properties": {"route": "D49", "pr": "2", "abs": 2011, "label": "D49 PR2+2011"}}, {"type": "Feature", "geometry": {"type": "Point", "coordinates": [3.58578612, 44.25095499]}, "properties": {"route": "D49", "pr": "1", "abs": 1011, "label": "D49 PR1+1011"}}, {"type": "Feature", "geometry": {"type": "Point", "coordinates": [3.61622056, 44.24082037]}, "properties": {"route": "D49", "pr": "5", "abs": 5018, "label": "D49 PR5+5018"}}, {"type": "Feature", "geometry": {"type": "Point", "coordinates": [3.59711195, 44.24557151]}, "properties": {"route": "D49", "pr": "3", "abs": 3018, "label": "D49 PR3+3018"}}, {"type": "Feature", "geometry": {"type": "Point", "coordinates": [3.60893014, 44.24659939]}, "properties": {"route": "D49", "pr": "4", "abs": 4017, "label": "D49 PR4+4017"}}, {"type": "Feature", "geometry": {"type": "Point", "coordinates": [3.69257429, 44.78804484]}, "properties": {"route": "D226", "pr": "3", "abs": 3033, "label": "D226 PR3+3033"}}, {"type": "Feature", "geometry": {"type": "Point", "coordinates": [3.68995387, 44.7738654]}, "properties": {"route": "D226", "pr": "5", "abs": 5051, "label": "D226 PR5+5051"}}, {"type": "Feature", "geometry": {"type": "Point", "coordinates": [3.68702136, 44.76589396]}, "properties": {"route": "D226", "pr": "6", "abs": 6023, "label": "D226 PR6+6023"}}, {"type": "Feature", "geometry": {"type": "Point", "coordinates": [3.68797647, 44.73414304]}, "properties": {"route": "D226", "pr": "10", "abs": 10028, "label": "D226 PR10+10028"}}, {"type": "Feature", "geometry": {"type": "Point", "coordinates": [3.69391738, 44.77988019]}, "properties": {"route": "D226", "pr": "4", "abs": 4028, "label": "D226 PR4+4028"}}, {"type": "Feature", "geometry": {"type": "Point", "coordinates": [3.69207238, 44.72682394]}, "properties": {"route": "D226", "pr": "11", "abs": 11048, "label": "D226 PR11+11048"}}, {"type": "Feature", "geometry": {"type": "Point", "coordinates": [3.68435962, 44.75133843]}, "properties": {"route": "D226", "pr": "8", "abs": 8004, "label": "D226 PR8+8004"}}, {"type": "Feature", "geometry": {"type": "Point", "coordinates": [3.70595433, 44.78813153]}, "properties": {"route": "D226", "pr": "1", "abs": 797, "label": "D226 PR1+797"}}, {"type": "Feature", "geometry": {"type": "Point", "coordinates": [3.69884084, 44.78809466]}, "properties": {"route": "D226", "pr": "2", "abs": 1994, "label": "D226 PR2+1994"}}, {"type": "Feature", "geometry": {"type": "Point", "coordinates": [3.68179573, 44.75830125]}, "properties": {"route": "D226", "pr": "7", "abs": 7024, "label": "D226 PR7+7024"}}, {"type": "Feature", "geometry": {"type": "Point", "coordinates": [3.68843777, 44.7428392]}, "properties": {"route": "D226", "pr": "9", "abs": 9032, "label": "D226 PR9+9032"}}, {"type": "Feature", "geometry": {"type": "Point", "coordinates": [3.90906345, 44.33384855]}, "properties": {"route": "D37", "pr": "3", "abs": 2958, "label": "D37 PR3+2958"}}, {"type": "Feature", "geometry": {"type": "Point", "coordinates": [3.92608818, 44.33215999]}, "properties": {"route": "D37", "pr": "5", "abs": 4930, "label": "D37 PR5+4930"}}, {"type": "Feature", "geometry": {"type": "Point", "coordinates": [3.90688584, 44.33814072]}, "properties": {"route": "D37", "pr": "2", "abs": 1980, "label": "D37 PR2+1980"}}, {"type": "Feature", "geometry": {"type": "Point", "coordinates": [3.91611417, 44.3304827]}, "properties": {"route": "D37", "pr": "4", "abs": 3952, "label": "D37 PR4+3952"}}, {"type": "Feature", "geometry": {"type": "Point", "coordinates": [3.90037333, 44.33868482]}, "properties": {"route": "D37", "pr": "1", "abs": 959, "label": "D37 PR1+959"}}, {"type": "Feature", "geometry": {"type": "Point", "coordinates": [3.29690955, 44.63397329]}, "properties": {"route": "D2", "pr": "9", "abs": 9090, "label": "D2 PR9+9090"}}, {"type": "Feature", "geometry": {"type": "Point", "coordinates": [3.28520467, 44.62161641]}, "properties": {"route": "D2", "pr": "7", "abs": 6983, "label": "D2 PR7+6983"}}, {"type": "Feature", "geometry": {"type": "Point", "coordinates": [3.29711414, 44.60030283]}, "properties": {"route": "D2", "pr": "4", "abs": 4002, "label": "D2 PR4+4002"}}, {"type": "Feature", "geometry": {"type": "Point", "coordinates": [3.34968487, 44.66304205]}, "properties": {"route": "D2", "pr": "16", "abs": 16096, "label": "D2 PR16+16096"}}, {"type": "Feature", "geometry": {"type": "Point", "coordinates": [3.37420797, 44.68414381]}, "properties": {"route": "D2", "pr": "20", "abs": 20058, "label": "D2 PR20+20058"}}, {"type": "Feature", "geometry": {"type": "Point", "coordinates": [3.37402495, 44.67653607]}, "properties": {"route": "D2", "pr": "19", "abs": 19094, "label": "D2 PR19+19094"}}, {"type": "Feature", "geometry": {"type": "Point", "coordinates": [3.38344874, 44.69890853]}, "properties": {"route": "D2", "pr": "22", "abs": 22057, "label": "D2 PR22+22057"}}, {"type": "Feature", "geometry": {"type": "Point", "coordinates": [3.38607229, 44.70285352]}, "properties": {"route": "D2", "pr": "23", "abs": 23042, "label": "D2 PR23+23042"}}, {"type": "Feature", "geometry": {"type": "Point", "coordinates": [3.2986825, 44.59189289]}, "properties": {"route": "D2", "pr": "3", "abs": 2997, "label": "D2 PR3+2997"}}, {"type": "Feature", "geometry": {"type": "Point", "coordinates": [3.37773544, 44.69209763]}, "properties": {"route": "D2", "pr": "21", "abs": 21054, "label": "D2 PR21+21054"}}, {"type": "Feature", "geometry": {"type": "Point", "coordinates": [3.29484399, 44.6085913]}, "properties": {"route": "D2", "pr": "5", "abs": 5002, "label": "D2 PR5+5002"}}, {"type": "Feature", "geometry": {"type": "Point", "coordinates": [3.36140862, 44.66534691]}, "properties": {"route": "D2", "pr": "17", "abs": 17094, "label": "D2 PR17+17094"}}, {"type": "Feature", "geometry": {"type": "Point", "coordinates": [3.32862664, 44.65516612]}, "properties": {"route": "D2", "pr": "14", "abs": 14096, "label": "D2 PR14+14096"}}, {"type": "Feature", "geometry": {"type": "Point", "coordinates": [3.28937856, 44.6152767]}, "properties": {"route": "D2", "pr": "6", "abs": 6019, "label": "D2 PR6+6019"}}, {"type": "Feature", "geometry": {"type": "Point", "coordinates": [3.28788192, 44.62800947]}, "properties": {"route": "D2", "pr": "8", "abs": 8006, "label": "D2 PR8+8006"}}, {"type": "Feature", "geometry": {"type": "Point", "coordinates": [3.32241342, 44.63839334]}, "properties": {"route": "D2", "pr": "12", "abs": 12088, "label": "D2 PR12+12088"}}, {"type": "Feature", "geometry": {"type": "Point", "coordinates": [3.36796266, 44.66927577]}, "properties": {"route": "D2", "pr": "18", "abs": 18084, "label": "D2 PR18+18084"}}, {"type": "Feature", "geometry": {"type": "Point", "coordinates": [3.29446637, 44.58405579]}, "properties": {"route": "D2", "pr": "2", "abs": 1997, "label": "D2 PR2+1997"}}, {"type": "Feature", "geometry": {"type": "Point", "coordinates": [3.31190743, 44.63451178]}, "properties": {"route": "D2", "pr": "11", "abs": 11088, "label": "D2 PR11+11088"}}, {"type": "Feature", "geometry": {"type": "Point", "coordinates": [3.33976313, 44.65881102]}, "properties": {"route": "D2", "pr": "15", "abs": 15106, "label": "D2 PR15+15106"}}, {"type": "Feature", "geometry": {"type": "Point", "coordinates": [3.32443833, 44.64669696]}, "properties": {"route": "D2", "pr": "13", "abs": 13085, "label": "D2 PR13+13085"}}, {"type": "Feature", "geometry": {"type": "Point", "coordinates": [3.30414773, 44.63324061]}, "properties": {"route": "D2", "pr": "10", "abs": 10048, "label": "D2 PR10+10048"}}, {"type": "Feature", "geometry": {"type": "Point", "coordinates": [3.29318047, 44.57658801]}, "properties": {"route": "D2", "pr": "1", "abs": 1003, "label": "D2 PR1+1003"}}, {"type": "Feature", "geometry": {"type": "Point", "coordinates": [3.47735083, 44.52613934]}, "properties": {"route": "D42", "pr": "3", "abs": 2560, "label": "D42 PR3+2560"}}, {"type": "Feature", "geometry": {"type": "Point", "coordinates": [3.41621135, 44.51618443]}, "properties": {"route": "D42", "pr": "10", "abs": 8890, "label": "D42 PR10+8890"}}, {"type": "Feature", "geometry": {"type": "Point", "coordinates": [3.48592639, 44.51977862]}, "properties": {"route": "D42", "pr": "2", "abs": 1503, "label": "D42 PR2+1503"}}, {"type": "Feature", "geometry": {"type": "Point", "coordinates": [3.43192871, 44.52786493]}, "properties": {"route": "D42", "pr": "8", "abs": 6996, "label": "D42 PR8+6996"}}, {"type": "Feature", "geometry": {"type": "Point", "coordinates": [3.4446912, 44.52712377]}, "properties": {"route": "D42", "pr": "6", "abs": 5521, "label": "D42 PR6+5521"}}, {"type": "Feature", "geometry": {"type": "Point", "coordinates": [3.49870906, 44.52089281]}, "properties": {"route": "D42", "pr": "1", "abs": 492, "label": "D42 PR1+492"}}, {"type": "Feature", "geometry": {"type": "Point", "coordinates": [3.4378808, 44.52862199]}, "properties": {"route": "D42", "pr": "7", "abs": 6513, "label": "D42 PR7+6513"}}, {"type": "Feature", "geometry": {"type": "Point", "coordinates": [3.35052272, 44.54829451]}, "properties": {"route": "D42", "pr": "18", "abs": 16752, "label": "D42 PR18+16752"}}, {"type": "Feature", "geometry": {"type": "Point", "coordinates": [3.37183204, 44.53411533]}, "properties": {"route": "D42", "pr": "15", "abs": 13725, "label": "D42 PR15+13725"}}, {"type": "Feature", "geometry": {"type": "Point", "coordinates": [3.37934218, 44.53188419]}, "properties": {"route": "D42", "pr": "14", "abs": 12681, "label": "D42 PR14+12681"}}, {"type": "Feature", "geometry": {"type": "Point", "coordinates": [3.37075945, 44.54212657]}, "properties": {"route": "D42", "pr": "16", "abs": 14770, "label": "D42 PR16+14770"}}, {"type": "Feature", "geometry": {"type": "Point", "coordinates": [3.45367438, 44.52858522]}, "properties": {"route": "D42", "pr": "5", "abs": 4763, "label": "D42 PR5+4763"}}, {"type": "Feature", "geometry": {"type": "Point", "coordinates": [3.38932864, 44.52894975]}, "properties": {"route": "D42", "pr": "13", "abs": 11709, "label": "D42 PR13+11709"}}, {"type": "Feature", "geometry": {"type": "Point", "coordinates": [3.3999521, 44.52708519]}, "properties": {"route": "D42", "pr": "12", "abs": 10717, "label": "D42 PR12+10717"}}, {"type": "Feature", "geometry": {"type": "Point", "coordinates": [3.42176759, 44.52293221]}, "properties": {"route": "D42", "pr": "9", "abs": 7995, "label": "D42 PR9+7995"}}, {"type": "Feature", "geometry": {"type": "Point", "coordinates": [3.3622843, 44.54764438]}, "properties": {"route": "D42", "pr": "17", "abs": 15757, "label": "D42 PR17+15757"}}, {"type": "Feature", "geometry": {"type": "Point", "coordinates": [3.40918965, 44.52108906]}, "properties": {"route": "D42", "pr": "11", "abs": 9714, "label": "D42 PR11+9714"}}, {"type": "Feature", "geometry": {"type": "Point", "coordinates": [3.34582453, 44.54768636]}, "properties": {"route": "D42", "pr": "19", "abs": 17706, "label": "D42 PR19+17706"}}, {"type": "Feature", "geometry": {"type": "Point", "coordinates": [3.46825872, 44.53054086]}, "properties": {"route": "D42", "pr": "4", "abs": 3518, "label": "D42 PR4+3518"}}, {"type": "Feature", "geometry": {"type": "Point", "coordinates": [3.37960312, 44.66265805]}, "properties": {"route": "D3", "pr": "29", "abs": 29123, "label": "D3 PR29+29123"}}, {"type": "Feature", "geometry": {"type": "Point", "coordinates": [3.61715118, 44.66297627]}, "properties": {"route": "D3", "pr": "7", "abs": 7112, "label": "D3 PR7+7112"}}, {"type": "Feature", "geometry": {"type": "Point", "coordinates": [3.62898934, 44.66017628]}, "properties": {"route": "D3", "pr": "6", "abs": 6105, "label": "D3 PR6+6105"}}, {"type": "Feature", "geometry": {"type": "Point", "coordinates": [3.31815988, 44.65462144]}, "properties": {"route": "D3", "pr": "31", "abs": 31270, "label": "D3 PR31+31270"}}, {"type": "Feature", "geometry": {"type": "Point", "coordinates": [3.28263029, 44.65524998]}, "properties": {"route": "D3", "pr": "34", "abs": 34289, "label": "D3 PR34+34289"}}, {"type": "Feature", "geometry": {"type": "Point", "coordinates": [3.43681175, 44.66117668]}, "properties": {"route": "D3", "pr": "24", "abs": 24137, "label": "D3 PR24+24137"}}, {"type": "Feature", "geometry": {"type": "Point", "coordinates": [3.50316293, 44.66804404]}, "properties": {"route": "D3", "pr": "18", "abs": 18084, "label": "D3 PR18+18084"}}, {"type": "Feature", "geometry": {"type": "Point", "coordinates": [3.63846073, 44.65610398]}, "properties": {"route": "D3", "pr": "5", "abs": 4896, "label": "D3 PR5+4896"}}, {"type": "Feature", "geometry": {"type": "Point", "coordinates": [3.57236684, 44.66805882]}, "properties": {"route": "D3", "pr": "11", "abs": 11082, "label": "D3 PR11+11082"}}, {"type": "Feature", "geometry": {"type": "Point", "coordinates": [3.59537937, 44.66778164]}, "properties": {"route": "D3", "pr": "9", "abs": 9089, "label": "D3 PR9+9089"}}, {"type": "Feature", "geometry": {"type": "Point", "coordinates": [3.25564051, 44.64147392]}, "properties": {"route": "D3", "pr": "37", "abs": 37386, "label": "D3 PR37+37386"}}, {"type": "Feature", "geometry": {"type": "Point", "coordinates": [3.52182229, 44.67067021]}, "properties": {"route": "D3", "pr": "16", "abs": 16114, "label": "D3 PR16+16114"}}, {"type": "Feature", "geometry": {"type": "Point", "coordinates": [3.29456737, 44.65360104]}, "properties": {"route": "D3", "pr": "33", "abs": 33285, "label": "D3 PR33+33285"}}, {"type": "Feature", "geometry": {"type": "Point", "coordinates": [3.27315173, 44.65057435]}, "properties": {"route": "D3", "pr": "35", "abs": 35257, "label": "D3 PR35+35257"}}, {"type": "Feature", "geometry": {"type": "Point", "coordinates": [3.54485109, 44.66660061]}, "properties": {"route": "D3", "pr": "14", "abs": 13938, "label": "D3 PR14+13938"}}, {"type": "Feature", "geometry": {"type": "Point", "coordinates": [3.60555017, 44.66506065]}, "properties": {"route": "D3", "pr": "8", "abs": 8098, "label": "D3 PR8+8098"}}, {"type": "Feature", "geometry": {"type": "Point", "coordinates": [3.64563165, 44.655569]}, "properties": {"route": "D3", "pr": "4", "abs": 4093, "label": "D3 PR4+4093"}}, {"type": "Feature", "geometry": {"type": "Point", "coordinates": [3.4825851, 44.66377739]}, "properties": {"route": "D3", "pr": "20", "abs": 20137, "label": "D3 PR20+20137"}}, {"type": "Feature", "geometry": {"type": "Point", "coordinates": [3.66835959, 44.65801159]}, "properties": {"route": "D3", "pr": "2", "abs": 2090, "label": "D3 PR2+2090"}}, {"type": "Feature", "geometry": {"type": "Point", "coordinates": [3.4906824, 44.66881763]}, "properties": {"route": "D3", "pr": "19", "abs": 19156, "label": "D3 PR19+19156"}}, {"type": "Feature", "geometry": {"type": "Point", "coordinates": [3.53266558, 44.66739818]}, "properties": {"route": "D3", "pr": "15", "abs": 15042, "label": "D3 PR15+15042"}}, {"type": "Feature", "geometry": {"type": "Point", "coordinates": [3.68079403, 44.64273684]}, "properties": {"route": "D3", "pr": "1", "abs": 1026, "label": "D3 PR1+1026"}}, {"type": "Feature", "geometry": {"type": "Point", "coordinates": [3.5523205, 44.6714576]}, "properties": {"route": "D3", "pr": "13", "abs": 13038, "label": "D3 PR13+13038"}}, {"type": "Feature", "geometry": {"type": "Point", "coordinates": [3.41378773, 44.66113284]}, "properties": {"route": "D3", "pr": "26", "abs": 26128, "label": "D3 PR26+26128"}}, {"type": "Feature", "geometry": {"type": "Point", "coordinates": [3.47118256, 44.66243559]}, "properties": {"route": "D3", "pr": "21", "abs": 21136, "label": "D3 PR21+21136"}}, {"type": "Feature", "geometry": {"type": "Point", "coordinates": [3.56282613, 44.67167475]}, "properties": {"route": "D3", "pr": "12", "abs": 12072, "label": "D3 PR12+12072"}}, {"type": "Feature", "geometry": {"type": "Point", "coordinates": [3.42507799, 44.66319761]}, "properties": {"route": "D3", "pr": "25", "abs": 25130, "label": "D3 PR25+25130"}}, {"type": "Feature", "geometry": {"type": "Point", "coordinates": [3.45272284, 44.66109381]}, "properties": {"route": "D3", "pr": "23", "abs": 23123, "label": "D3 PR23+23123"}}, {"type": "Feature", "geometry": {"type": "Point", "coordinates": [3.46277783, 44.66125747]}, "properties": {"route": "D3", "pr": "22", "abs": 22125, "label": "D3 PR22+22125"}}, {"type": "Feature", "geometry": {"type": "Point", "coordinates": [3.39094555, 44.65910745]}, "properties": {"route": "D3", "pr": "28", "abs": 28126, "label": "D3 PR28+28126"}}, {"type": "Feature", "geometry": {"type": "Point", "coordinates": [3.58360711, 44.66921642]}, "properties": {"route": "D3", "pr": "10", "abs": 10091, "label": "D3 PR10+10091"}}, {"type": "Feature", "geometry": {"type": "Point", "coordinates": [3.30643922, 44.65515958]}, "properties": {"route": "D3", "pr": "32", "abs": 32286, "label": "D3 PR32+32286"}}, {"type": "Feature", "geometry": {"type": "Point", "coordinates": [3.26463701, 44.64671756]}, "properties": {"route": "D3", "pr": "36", "abs": 36368, "label": "D3 PR36+36368"}}, {"type": "Feature", "geometry": {"type": "Point", "coordinates": [3.3688046, 44.66625971]}, "properties": {"route": "D3", "pr": "30", "abs": 30122, "label": "D3 PR30+30122"}}, {"type": "Feature", "geometry": {"type": "Point", "coordinates": [3.65586644, 44.65765691]}, "properties": {"route": "D3", "pr": "3", "abs": 3092, "label": "D3 PR3+3092"}}, {"type": "Feature", "geometry": {"type": "Point", "coordinates": [3.24684023, 44.63890743]}, "properties": {"route": "D3", "pr": "38", "abs": 38402, "label": "D3 PR38+38402"}}, {"type": "Feature", "geometry": {"type": "Point", "coordinates": [3.402652, 44.6620427]}, "properties": {"route": "D3", "pr": "27", "abs": 27126, "label": "D3 PR27+27126"}}, {"type": "Feature", "geometry": {"type": "Point", "coordinates": [3.51286585, 44.66596303]}, "properties": {"route": "D3", "pr": "17", "abs": 17121, "label": "D3 PR17+17121"}}, {"type": "Feature", "geometry": {"type": "Point", "coordinates": [3.38010903, 44.81939411]}, "properties": {"route": "D4", "pr": "14", "abs": 13117, "label": "D4 PR14+13117"}}, {"type": "Feature", "geometry": {"type": "Point", "coordinates": [3.3979251, 44.73989965]}, "properties": {"route": "D4", "pr": "4", "abs": 3830, "label": "D4 PR4+3830"}}, {"type": "Feature", "geometry": {"type": "Point", "coordinates": [3.3952125, 44.7319128]}, "properties": {"route": "D4", "pr": "3", "abs": 2831, "label": "D4 PR3+2831"}}, {"type": "Feature", "geometry": {"type": "Point", "coordinates": [3.3154107, 44.85438955]}, "properties": {"route": "D4", "pr": "22", "abs": 20977, "label": "D4 PR22+20977"}}, {"type": "Feature", "geometry": {"type": "Point", "coordinates": [3.3787559, 44.81138307]}, "properties": {"route": "D4", "pr": "13", "abs": 12214, "label": "D4 PR13+12214"}}, {"type": "Feature", "geometry": {"type": "Point", "coordinates": [3.27934157, 44.87018815]}, "properties": {"route": "D4", "pr": "26", "abs": 24963, "label": "D4 PR26+24963"}}, {"type": "Feature", "geometry": {"type": "Point", "coordinates": [3.38881648, 44.77779033]}, "properties": {"route": "D4", "pr": "9", "abs": 8570, "label": "D4 PR9+8570"}}, {"type": "Feature", "geometry": {"type": "Point", "coordinates": [3.37292298, 44.82592253]}, "properties": {"route": "D4", "pr": "15", "abs": 14107, "label": "D4 PR15+14107"}}, {"type": "Feature", "geometry": {"type": "Point", "coordinates": [3.30120098, 44.86732643]}, "properties": {"route": "D4", "pr": "24", "abs": 22973, "label": "D4 PR24+22973"}}, {"type": "Feature", "geometry": {"type": "Point", "coordinates": [3.3855487, 44.71746274]}, "properties": {"route": "D4", "pr": "1", "abs": 963, "label": "D4 PR1+963"}}, {"type": "Feature", "geometry": {"type": "Point", "coordinates": [3.34635282, 44.85117853]}, "properties": {"route": "D4", "pr": "19", "abs": 17960, "label": "D4 PR19+17960"}}, {"type": "Feature", "geometry": {"type": "Point", "coordinates": [3.39314876, 44.7559666]}, "properties": {"route": "D4", "pr": "6", "abs": 5831, "label": "D4 PR6+5831"}}, {"type": "Feature", "geometry": {"type": "Point", "coordinates": [3.35678276, 44.84708945]}, "properties": {"route": "D4", "pr": "18", "abs": 16998, "label": "D4 PR18+16998"}}, {"type": "Feature", "geometry": {"type": "Point", "coordinates": [3.26817445, 44.86754796]}, "properties": {"route": "D4", "pr": "27", "abs": 25961, "label": "D4 PR27+25961"}}, {"type": "Feature", "geometry": {"type": "Point", "coordinates": [3.36912696, 44.83372224]}, "properties": {"route": "D4", "pr": "16", "abs": 15074, "label": "D4 PR16+15074"}}, {"type": "Feature", "geometry": {"type": "Point", "coordinates": [3.26078148, 44.87235901]}, "properties": {"route": "D4", "pr": "28", "abs": 26951, "label": "D4 PR28+26951"}}, {"type": "Feature", "geometry": {"type": "Point", "coordinates": [3.29097804, 44.87157001]}, "properties": {"route": "D4", "pr": "25", "abs": 23970, "label": "D4 PR25+23970"}}, {"type": "Feature", "geometry": {"type": "Point", "coordinates": [3.25068792, 44.87555147]}, "properties": {"route": "D4", "pr": "29", "abs": 27945, "label": "D4 PR29+27945"}}, {"type": "Feature", "geometry": {"type": "Point", "coordinates": [3.38647763, 44.77166731]}, "properties": {"route": "D4", "pr": "8", "abs": 7800, "label": "D4 PR8+7800"}}, {"type": "Feature", "geometry": {"type": "Point", "coordinates": [3.36470132, 44.84177601]}, "properties": {"route": "D4", "pr": "17", "abs": 16050, "label": "D4 PR17+16050"}}, {"type": "Feature", "geometry": {"type": "Point", "coordinates": [3.38166342, 44.79476651]}, "properties": {"route": "D4", "pr": "11", "abs": 10260, "label": "D4 PR11+10260"}}, {"type": "Feature", "geometry": {"type": "Point", "coordinates": [3.32310244, 44.85609339]}, "properties": {"route": "D4", "pr": "21", "abs": 19978, "label": "D4 PR21+19978"}}, {"type": "Feature", "geometry": {"type": "Point", "coordinates": [3.38719854, 44.76329092]}, "properties": {"route": "D4", "pr": "7", "abs": 6812, "label": "D4 PR7+6812"}}, {"type": "Feature", "geometry": {"type": "Point", "coordinates": [3.39812087, 44.74846722]}, "properties": {"route": "D4", "pr": "5", "abs": 4798, "label": "D4 PR5+4798"}}, {"type": "Feature", "geometry": {"type": "Point", "coordinates": [3.33595328, 44.85615878]}, "properties": {"route": "D4", "pr": "20", "abs": 18957, "label": "D4 PR20+18957"}}, {"type": "Feature", "geometry": {"type": "Point", "coordinates": [3.38552654, 44.78669522]}, "properties": {"route": "D4", "pr": "10", "abs": 9292, "label": "D4 PR10+9292"}}, {"type": "Feature", "geometry": {"type": "Point", "coordinates": [3.31062495, 44.86150405]}, "properties": {"route": "D4", "pr": "23", "abs": 21976, "label": "D4 PR23+21976"}}, {"type": "Feature", "geometry": {"type": "Point", "coordinates": [3.38879993, 44.72584401]}, "properties": {"route": "D4", "pr": "2", "abs": 1984, "label": "D4 PR2+1984"}}, {"type": "Feature", "geometry": {"type": "Point", "coordinates": [3.3787744, 44.8026786]}, "properties": {"route": "D4", "pr": "12", "abs": 11220, "label": "D4 PR12+11220"}}, {"type": "Feature", "geometry": {"type": "Point", "coordinates": [3.45107617, 44.73872815]}, "properties": {"route": "D58", "pr": "5", "abs": 4833, "label": "D58 PR5+4833"}}, {"type": "Feature", "geometry": {"type": "Point", "coordinates": [3.44305283, 44.71743127]}, "properties": {"route": "D58", "pr": "9", "abs": 8468, "label": "D58 PR9+8468"}}, {"type": "Feature", "geometry": {"type": "Point", "coordinates": [3.44269465, 44.71186521]}, "properties": {"route": "D58", "pr": "10", "abs": 9385, "label": "D58 PR10+9385"}}, {"type": "Feature", "geometry": {"type": "Point", "coordinates": [3.41839088, 44.74424479]}, "properties": {"route": "D58", "pr": "2", "abs": 1951, "label": "D58 PR2+1951"}}, {"type": "Feature", "geometry": {"type": "Point", "coordinates": [3.44391189, 44.72341038]}, "properties": {"route": "D58", "pr": "8", "abs": 7576, "label": "D58 PR8+7576"}}, {"type": "Feature", "geometry": {"type": "Point", "coordinates": [3.44992067, 44.72960098]}, "properties": {"route": "D58", "pr": "7", "abs": 6656, "label": "D58 PR7+6656"}}, {"type": "Feature", "geometry": {"type": "Point", "coordinates": [3.43264567, 44.69031661]}, "properties": {"route": "D58", "pr": "13", "abs": 12191, "label": "D58 PR13+12191"}}, {"type": "Feature", "geometry": {"type": "Point", "coordinates": [3.46176785, 44.73766945]}, "properties": {"route": "D58", "pr": "6", "abs": 5723, "label": "D58 PR6+5723"}}, {"type": "Feature", "geometry": {"type": "Point", "coordinates": [3.42757042, 44.68261719]}, "properties": {"route": "D58", "pr": "14", "abs": 13201, "label": "D58 PR14+13201"}}, {"type": "Feature", "geometry": {"type": "Point", "coordinates": [3.42931488, 44.74345214]}, "properties": {"route": "D58", "pr": "3", "abs": 2944, "label": "D58 PR3+2944"}}, {"type": "Feature", "geometry": {"type": "Point", "coordinates": [3.44117536, 44.70520452]}, "properties": {"route": "D58", "pr": "11", "abs": 10327, "label": "D58 PR11+10327"}}, {"type": "Feature", "geometry": {"type": "Point", "coordinates": [3.40765666, 44.74773301]}, "properties": {"route": "D58", "pr": "1", "abs": 975, "label": "D58 PR1+975"}}, {"type": "Feature", "geometry": {"type": "Point", "coordinates": [3.43935972, 44.74028056]}, "properties": {"route": "D58", "pr": "4", "abs": 3880, "label": "D58 PR4+3880"}}, {"type": "Feature", "geometry": {"type": "Point", "coordinates": [3.43588398, 44.69795555]}, "properties": {"route": "D58", "pr": "12", "abs": 11273, "label": "D58 PR12+11273"}}, {"type": "Feature", "geometry": {"type": "Point", "coordinates": [3.37249037, 44.5980588]}, "properties": {"route": "D101", "pr": "1", "abs": 1011, "label": "D101 PR1+1011"}}, {"type": "Feature", "geometry": {"type": "Point", "coordinates": [3.36167723, 44.94425177]}, "properties": {"route": "D23", "pr": "1", "abs": 1014, "label": "D23 PR1+1014"}}, {"type": "Feature", "geometry": {"type": "Point", "coordinates": [3.36228721, 44.95251968]}, "properties": {"route": "D23", "pr": "2", "abs": 2027, "label": "D23 PR2+2027"}}, {"type": "Feature", "geometry": {"type": "Point", "coordinates": [3.36843213, 44.95777118]}, "properties": {"route": "D23", "pr": "3", "abs": 3028, "label": "D23 PR3+3028"}}, {"type": "Feature", "geometry": {"type": "Point", "coordinates": [3.55567441, 44.42012123]}, "properties": {"route": "D35", "pr": "4", "abs": 4035, "label": "D35 PR4+4035"}}, {"type": "Feature", "geometry": {"type": "Point", "coordinates": [3.8420971, 44.31542162]}, "properties": {"route": "D35", "pr": "29", "abs": 28875, "label": "D35 PR29+28875"}}, {"type": "Feature", "geometry": {"type": "Point", "coordinates": [3.8990839, 44.31125268]}, "properties": {"route": "D35", "pr": "35", "abs": 34859, "label": "D35 PR35+34859"}}, {"type": "Feature", "geometry": {"type": "Point", "coordinates": [3.8509916, 44.30924536]}, "properties": {"route": "D35", "pr": "30", "abs": 29873, "label": "D35 PR30+29873"}}, {"type": "Feature", "geometry": {"type": "Point", "coordinates": [3.65830278, 44.40038762]}, "properties": {"route": "D35", "pr": "14", "abs": 13972, "label": "D35 PR14+13972"}}, {"type": "Feature", "geometry": {"type": "Point", "coordinates": [3.82170156, 44.31948093]}, "properties": {"route": "D35", "pr": "27", "abs": 26876, "label": "D35 PR27+26876"}}, {"type": "Feature", "geometry": {"type": "Point", "coordinates": [3.54392166, 44.41884938]}, "properties": {"route": "D35", "pr": "3", "abs": 3050, "label": "D35 PR3+3050"}}, {"type": "Feature", "geometry": {"type": "Point", "coordinates": [3.57895999, 44.42077821]}, "properties": {"route": "D35", "pr": "6", "abs": 5999, "label": "D35 PR6+5999"}}, {"type": "Feature", "geometry": {"type": "Point", "coordinates": [3.52377495, 44.41480337]}, "properties": {"route": "D35", "pr": "1", "abs": 1065, "label": "D35 PR1+1065"}}, {"type": "Feature", "geometry": {"type": "Point", "coordinates": [3.64928088, 44.4061845]}, "properties": {"route": "D35", "pr": "13", "abs": 12973, "label": "D35 PR13+12973"}}, {"type": "Feature", "geometry": {"type": "Point", "coordinates": [3.68517401, 44.37821191]}, "properties": {"route": "D35", "pr": "18", "abs": 17954, "label": "D35 PR18+17954"}}, {"type": "Feature", "geometry": {"type": "Point", "coordinates": [3.60234519, 44.41587093]}, "properties": {"route": "D35", "pr": "8", "abs": 8003, "label": "D35 PR8+8003"}}, {"type": "Feature", "geometry": {"type": "Point", "coordinates": [3.69181791, 44.37936943]}, "properties": {"route": "D35", "pr": "19", "abs": 18932, "label": "D35 PR19+18932"}}, {"type": "Feature", "geometry": {"type": "Point", "coordinates": [3.56719002, 44.42261914]}, "properties": {"route": "D35", "pr": "5", "abs": 5000, "label": "D35 PR5+5000"}}, {"type": "Feature", "geometry": {"type": "Point", "coordinates": [3.72209401, 44.36575841]}, "properties": {"route": "D35", "pr": "24", "abs": 23946, "label": "D35 PR24+23946"}}, {"type": "Feature", "geometry": {"type": "Point", "coordinates": [3.71471462, 44.37187392]}, "properties": {"route": "D35", "pr": "23", "abs": 22991, "label": "D35 PR23+22991"}}, {"type": "Feature", "geometry": {"type": "Point", "coordinates": [3.92958498, 44.29707212]}, "properties": {"route": "D35", "pr": "39", "abs": 38808, "label": "D35 PR39+38808"}}, {"type": "Feature", "geometry": {"type": "Point", "coordinates": [3.53579581, 44.41534689]}, "properties": {"route": "D35", "pr": "2", "abs": 2045, "label": "D35 PR2+2045"}}, {"type": "Feature", "geometry": {"type": "Point", "coordinates": [3.83066208, 44.31778877]}, "properties": {"route": "D35", "pr": "28", "abs": 27884, "label": "D35 PR28+27884"}}, {"type": "Feature", "geometry": {"type": "Point", "coordinates": [3.67675773, 44.38195749]}, "properties": {"route": "D35", "pr": "17", "abs": 16958, "label": "D35 PR17+16958"}}, {"type": "Feature", "geometry": {"type": "Point", "coordinates": [3.90643439, 44.30607472]}, "properties": {"route": "D35", "pr": "36", "abs": 35858, "label": "D35 PR36+35858"}}, {"type": "Feature", "geometry": {"type": "Point", "coordinates": [3.70253228, 44.3749239]}, "properties": {"route": "D35", "pr": "21", "abs": 20946, "label": "D35 PR21+20946"}}, {"type": "Feature", "geometry": {"type": "Point", "coordinates": [3.6940951, 44.37283764]}, "properties": {"route": "D35", "pr": "20", "abs": 19943, "label": "D35 PR20+19943"}}, {"type": "Feature", "geometry": {"type": "Point", "coordinates": [3.63273091, 44.4186452]}, "properties": {"route": "D35", "pr": "11", "abs": 10997, "label": "D35 PR11+10997"}}, {"type": "Feature", "geometry": {"type": "Point", "coordinates": [3.88879528, 44.31017057]}, "properties": {"route": "D35", "pr": "34", "abs": 33870, "label": "D35 PR34+33870"}}, {"type": "Feature", "geometry": {"type": "Point", "coordinates": [3.86947816, 44.30712392]}, "properties": {"route": "D35", "pr": "32", "abs": 31877, "label": "D35 PR32+31877"}}, {"type": "Feature", "geometry": {"type": "Point", "coordinates": [3.70913701, 44.37977055]}, "properties": {"route": "D35", "pr": "22", "abs": 21941, "label": "D35 PR22+21941"}}, {"type": "Feature", "geometry": {"type": "Point", "coordinates": [3.67133627, 44.38777448]}, "properties": {"route": "D35", "pr": "16", "abs": 15985, "label": "D35 PR16+15985"}}, {"type": "Feature", "geometry": {"type": "Point", "coordinates": [3.91710946, 44.30441086]}, "properties": {"route": "D35", "pr": "37", "abs": 36883, "label": "D35 PR37+36883"}}, {"type": "Feature", "geometry": {"type": "Point", "coordinates": [3.73022453, 44.36381795]}, "properties": {"route": "D35", "pr": "25", "abs": 24923, "label": "D35 PR25+24923"}}, {"type": "Feature", "geometry": {"type": "Point", "coordinates": [3.85746746, 44.3070535]}, "properties": {"route": "D35", "pr": "31", "abs": 30871, "label": "D35 PR31+30871"}}, {"type": "Feature", "geometry": {"type": "Point", "coordinates": [3.81697489, 44.32621267]}, "properties": {"route": "D35", "pr": "26", "abs": 25884, "label": "D35 PR26+25884"}}, {"type": "Feature", "geometry": {"type": "Point", "coordinates": [3.66576921, 44.39347686]}, "properties": {"route": "D35", "pr": "15", "abs": 14965, "label": "D35 PR15+14965"}}, {"type": "Feature", "geometry": {"type": "Point", "coordinates": [3.59160308, 44.41926621]}, "properties": {"route": "D35", "pr": "7", "abs": 7023, "label": "D35 PR7+7023"}}, {"type": "Feature", "geometry": {"type": "Point", "coordinates": [3.62186637, 44.42278682]}, "properties": {"route": "D35", "pr": "10", "abs": 10005, "label": "D35 PR10+10005"}}, {"type": "Feature", "geometry": {"type": "Point", "coordinates": [3.61110423, 44.41945774]}, "properties": {"route": "D35", "pr": "9", "abs": 8987, "label": "D35 PR9+8987"}}, {"type": "Feature", "geometry": {"type": "Point", "coordinates": [3.93690209, 44.29106242]}, "properties": {"route": "D35", "pr": "40", "abs": 39811, "label": "D35 PR40+39811"}}, {"type": "Feature", "geometry": {"type": "Point", "coordinates": [3.87693024, 44.30951237]}, "properties": {"route": "D35", "pr": "33", "abs": 32868, "label": "D35 PR33+32868"}}, {"type": "Feature", "geometry": {"type": "Point", "coordinates": [3.92082605, 44.29883909]}, "properties": {"route": "D35", "pr": "38", "abs": 37867, "label": "D35 PR38+37867"}}, {"type": "Feature", "geometry": {"type": "Point", "coordinates": [3.64105786, 44.41226497]}, "properties": {"route": "D35", "pr": "12", "abs": 11992, "label": "D35 PR12+11992"}}, {"type": "Feature", "geometry": {"type": "Point", "coordinates": [3.88956786, 44.22277885]}, "properties": {"route": "D54", "pr": "8", "abs": 7960, "label": "D54 PR8+7960"}}, {"type": "Feature", "geometry": {"type": "Point", "coordinates": [3.91148127, 44.2230195]}, "properties": {"route": "D54", "pr": "10", "abs": 9949, "label": "D54 PR10+9949"}}, {"type": "Feature", "geometry": {"type": "Point", "coordinates": [3.93477059, 44.21854253]}, "properties": {"route": "D54", "pr": "12", "abs": 11948, "label": "D54 PR12+11948"}}, {"type": "Feature", "geometry": {"type": "Point", "coordinates": [3.90077166, 44.22305117]}, "properties": {"route": "D54", "pr": "9", "abs": 8939, "label": "D54 PR9+8939"}}, {"type": "Feature", "geometry": {"type": "Point", "coordinates": [3.86506788, 44.22545003]}, "properties": {"route": "D54", "pr": "6", "abs": 5954, "label": "D54 PR6+5954"}}, {"type": "Feature", "geometry": {"type": "Point", "coordinates": [3.8326377, 44.25194299]}, "properties": {"route": "D54", "pr": "1", "abs": 999, "label": "D54 PR1+999"}}, {"type": "Feature", "geometry": {"type": "Point", "coordinates": [3.85524149, 44.22771527]}, "properties": {"route": "D54", "pr": "5", "abs": 4973, "label": "D54 PR5+4973"}}, {"type": "Feature", "geometry": {"type": "Point", "coordinates": [3.94292051, 44.21411156]}, "properties": {"route": "D54", "pr": "13", "abs": 12948, "label": "D54 PR13+12948"}}, {"type": "Feature", "geometry": {"type": "Point", "coordinates": [3.92332722, 44.2211238]}, "properties": {"route": "D54", "pr": "11", "abs": 10959, "label": "D54 PR11+10959"}}, {"type": "Feature", "geometry": {"type": "Point", "coordinates": [3.83939456, 44.24526728]}, "properties": {"route": "D54", "pr": "2", "abs": 1995, "label": "D54 PR2+1995"}}, {"type": "Feature", "geometry": {"type": "Point", "coordinates": [3.85028925, 44.2334076]}, "properties": {"route": "D54", "pr": "4", "abs": 3981, "label": "D54 PR4+3981"}}, {"type": "Feature", "geometry": {"type": "Point", "coordinates": [3.84507592, 44.23996318]}, "properties": {"route": "D54", "pr": "3", "abs": 2970, "label": "D54 PR3+2970"}}, {"type": "Feature", "geometry": {"type": "Point", "coordinates": [3.87918569, 44.224228]}, "properties": {"route": "D54", "pr": "7", "abs": 6959, "label": "D54 PR7+6959"}}, {"type": "Feature", "geometry": {"type": "Point", "coordinates": [3.27616126, 44.89957271]}, "properties": {"route": "D8", "pr": "8", "abs": 7958, "label": "D8 PR8+7958"}}, {"type": "Feature", "geometry": {"type": "Point", "coordinates": [3.26194363, 44.88561659]}, "properties": {"route": "D8", "pr": "4", "abs": 3950, "label": "D8 PR4+3950"}}, {"type": "Feature", "geometry": {"type": "Point", "coordinates": [3.26907148, 44.89410876]}, "properties": {"route": "D8", "pr": "6", "abs": 5952, "label": "D8 PR6+5952"}}, {"type": "Feature", "geometry": {"type": "Point", "coordinates": [3.2667488, 44.89231996]}, "properties": {"route": "D8", "pr": "5", "abs": 4938, "label": "D8 PR5+4938"}}, {"type": "Feature", "geometry": {"type": "Point", "coordinates": [3.25965366, 44.92062052]}, "properties": {"route": "D8", "pr": "12", "abs": 11942, "label": "D8 PR12+11942"}}, {"type": "Feature", "geometry": {"type": "Point", "coordinates": [3.26334964, 44.87918658]}, "properties": {"route": "D8", "pr": "3", "abs": 2953, "label": "D8 PR3+2953"}}, {"type": "Feature", "geometry": {"type": "Point", "coordinates": [3.26476411, 44.93879666]}, "properties": {"route": "D8", "pr": "15", "abs": 14917, "label": "D8 PR15+14917"}}, {"type": "Feature", "geometry": {"type": "Point", "coordinates": [3.2587311, 44.91402755]}, "properties": {"route": "D8", "pr": "11", "abs": 10962, "label": "D8 PR11+10962"}}, {"type": "Feature", "geometry": {"type": "Point", "coordinates": [3.26942697, 44.91275154]}, "properties": {"route": "D8", "pr": "10", "abs": 9967, "label": "D8 PR10+9967"}}, {"type": "Feature", "geometry": {"type": "Point", "coordinates": [3.25840493, 44.92877078]}, "properties": {"route": "D8", "pr": "13", "abs": 12939, "label": "D8 PR13+12939"}}, {"type": "Feature", "geometry": {"type": "Point", "coordinates": [3.26249194, 44.87124755]}, "properties": {"route": "D8", "pr": "2", "abs": 2002, "label": "D8 PR2+2002"}}, {"type": "Feature", "geometry": {"type": "Point", "coordinates": [3.25754013, 44.93475569]}, "properties": {"route": "D8", "pr": "14", "abs": 13936, "label": "D8 PR14+13936"}}, {"type": "Feature", "geometry": {"type": "Point", "coordinates": [3.27362175, 44.90485057]}, "properties": {"route": "D8", "pr": "9", "abs": 8963, "label": "D8 PR9+8963"}}, {"type": "Feature", "geometry": {"type": "Point", "coordinates": [3.26403503, 44.86256008]}, "properties": {"route": "D8", "pr": "1", "abs": 1012, "label": "D8 PR1+1012"}}, {"type": "Feature", "geometry": {"type": "Point", "coordinates": [3.27333408, 44.8972901]}, "properties": {"route": "D8", "pr": "7", "abs": 6980, "label": "D8 PR7+6980"}}, {"type": "Feature", "geometry": {"type": "Point", "coordinates": [3.6751477, 44.50507152]}, "properties": {"route": "D901", "pr": "42", "abs": 40715, "label": "D901 PR42+40715"}}, {"type": "Feature", "geometry": {"type": "Point", "coordinates": [3.70385968, 44.50152515]}, "properties": {"route": "D901", "pr": "39", "abs": 37729, "label": "D901 PR39+37729"}}, {"type": "Feature", "geometry": {"type": "Point", "coordinates": [3.82568434, 44.48807251]}, "properties": {"route": "D901", "pr": "23", "abs": 22219, "label": "D901 PR23+22219"}}, {"type": "Feature", "geometry": {"type": "Point", "coordinates": [3.72712975, 44.49654709]}, "properties": {"route": "D901", "pr": "36", "abs": 34756, "label": "D901 PR36+34756"}}, {"type": "Feature", "geometry": {"type": "Point", "coordinates": [3.80074847, 44.48853183]}, "properties": {"route": "D901", "pr": "26", "abs": 25109, "label": "D901 PR26+25109"}}, {"type": "Feature", "geometry": {"type": "Point", "coordinates": [3.94781379, 44.42684322]}, "properties": {"route": "D901", "pr": "3", "abs": 2939, "label": "D901 PR3+2939"}}, {"type": "Feature", "geometry": {"type": "Point", "coordinates": [3.7844621, 44.48725616]}, "properties": {"route": "D901", "pr": "28", "abs": 26958, "label": "D901 PR28+26958"}}, {"type": "Feature", "geometry": {"type": "Point", "coordinates": [3.59549502, 44.5274773]}, "properties": {"route": "D901", "pr": "51", "abs": 49641, "label": "D901 PR51+49641"}}, {"type": "Feature", "geometry": {"type": "Point", "coordinates": [3.89249061, 44.45429111]}, "properties": {"route": "D901", "pr": "11", "abs": 10765, "label": "D901 PR11+10765"}}, {"type": "Feature", "geometry": {"type": "Point", "coordinates": [3.93318799, 44.43528819]}, "properties": {"route": "D901", "pr": "5", "abs": 4856, "label": "D901 PR5+4856"}}, {"type": "Feature", "geometry": {"type": "Point", "coordinates": [3.81786311, 44.48459006]}, "properties": {"route": "D901", "pr": "24", "abs": 23159, "label": "D901 PR24+23159"}}, {"type": "Feature", "geometry": {"type": "Point", "coordinates": [3.87294018, 44.46457373]}, "properties": {"route": "D901", "pr": "14", "abs": 13533, "label": "D901 PR14+13533"}}, {"type": "Feature", "geometry": {"type": "Point", "coordinates": [3.58898663, 44.52751492]}, "properties": {"route": "D901", "pr": "52", "abs": 50641, "label": "D901 PR52+50641"}}, {"type": "Feature", "geometry": {"type": "Point", "coordinates": [3.69465629, 44.49851093]}, "properties": {"route": "D901", "pr": "40", "abs": 38726, "label": "D901 PR40+38726"}}, {"type": "Feature", "geometry": {"type": "Point", "coordinates": [3.68557152, 44.50228939]}, "properties": {"route": "D901", "pr": "41", "abs": 39739, "label": "D901 PR41+39739"}}, {"type": "Feature", "geometry": {"type": "Point", "coordinates": [3.58010136, 44.53224508]}, "properties": {"route": "D901", "pr": "53", "abs": 51602, "label": "D901 PR53+51602"}}, {"type": "Feature", "geometry": {"type": "Point", "coordinates": [3.64742703, 44.51155741]}, "properties": {"route": "D901", "pr": "45", "abs": 43637, "label": "D901 PR45+43637"}}, {"type": "Feature", "geometry": {"type": "Point", "coordinates": [3.8356235, 44.48816871]}, "properties": {"route": "D901", "pr": "22", "abs": 21349, "label": "D901 PR22+21349"}}, {"type": "Feature", "geometry": {"type": "Point", "coordinates": [3.88267725, 44.46389844]}, "properties": {"route": "D901", "pr": "13", "abs": 12633, "label": "D901 PR13+12633"}}, {"type": "Feature", "geometry": {"type": "Point", "coordinates": [3.71348905, 44.5039255]}, "properties": {"route": "D901", "pr": "38", "abs": 36752, "label": "D901 PR38+36752"}}, {"type": "Feature", "geometry": {"type": "Point", "coordinates": [3.75524684, 44.48725031]}, "properties": {"route": "D901", "pr": "33", "abs": 31763, "label": "D901 PR33+31763"}}, {"type": "Feature", "geometry": {"type": "Point", "coordinates": [3.90997422, 44.45056336]}, "properties": {"route": "D901", "pr": "9", "abs": 8794, "label": "D901 PR9+8794"}}, {"type": "Feature", "geometry": {"type": "Point", "coordinates": [3.92922453, 44.448794]}, "properties": {"route": "D901", "pr": "7", "abs": 6737, "label": "D901 PR7+6737"}}, {"type": "Feature", "geometry": {"type": "Point", "coordinates": [3.85331345, 44.47001908]}, "properties": {"route": "D901", "pr": "18", "abs": 17460, "label": "D901 PR18+17460"}}, {"type": "Feature", "geometry": {"type": "Point", "coordinates": [3.6081026, 44.51779838]}, "properties": {"route": "D901", "pr": "49", "abs": 47638, "label": "D901 PR49+47638"}}, {"type": "Feature", "geometry": {"type": "Point", "coordinates": [3.86623973, 44.47720679]}, "properties": {"route": "D901", "pr": "16", "abs": 15526, "label": "D901 PR16+15526"}}, {"type": "Feature", "geometry": {"type": "Point", "coordinates": [3.86835894, 44.47044537]}, "properties": {"route": "D901", "pr": "15", "abs": 14498, "label": "D901 PR15+14498"}}, {"type": "Feature", "geometry": {"type": "Point", "coordinates": [3.90076868, 44.45201726]}, "properties": {"route": "D901", "pr": "10", "abs": 9819, "label": "D901 PR10+9819"}}, {"type": "Feature", "geometry": {"type": "Point", "coordinates": [3.93296142, 44.443035]}, "properties": {"route": "D901", "pr": "6", "abs": 5777, "label": "D901 PR6+5777"}}, {"type": "Feature", "geometry": {"type": "Point", "coordinates": [3.78986487, 44.4878955]}, "properties": {"route": "D901", "pr": "27", "abs": 26074, "label": "D901 PR27+26074"}}, {"type": "Feature", "geometry": {"type": "Point", "coordinates": [3.83988078, 44.48098921]}, "properties": {"route": "D901", "pr": "21", "abs": 20434, "label": "D901 PR21+20434"}}, {"type": "Feature", "geometry": {"type": "Point", "coordinates": [3.61676289, 44.52146296]}, "properties": {"route": "D901", "pr": "48", "abs": 46637, "label": "D901 PR48+46637"}}, {"type": "Feature", "geometry": {"type": "Point", "coordinates": [3.65807277, 44.50827694]}, "properties": {"route": "D901", "pr": "44", "abs": 42637, "label": "D901 PR44+42637"}}, {"type": "Feature", "geometry": {"type": "Point", "coordinates": [3.76014266, 44.47920895]}, "properties": {"route": "D901", "pr": "32", "abs": 30767, "label": "D901 PR32+30767"}}, {"type": "Feature", "geometry": {"type": "Point", "coordinates": [3.84086491, 44.47613922]}, "properties": {"route": "D901", "pr": "20", "abs": 19434, "label": "D901 PR20+19434"}}, {"type": "Feature", "geometry": {"type": "Point", "coordinates": [3.93877113, 44.42979964]}, "properties": {"route": "D901", "pr": "4", "abs": 3914, "label": "D901 PR4+3914"}}, {"type": "Feature", "geometry": {"type": "Point", "coordinates": [3.76685102, 44.47643205]}, "properties": {"route": "D901", "pr": "31", "abs": 29811, "label": "D901 PR31+29811"}}, {"type": "Feature", "geometry": {"type": "Point", "coordinates": [3.60145227, 44.52177342]}, "properties": {"route": "D901", "pr": "50", "abs": 48640, "label": "D901 PR50+48640"}}, {"type": "Feature", "geometry": {"type": "Point", "coordinates": [3.63716585, 44.51557554]}, "properties": {"route": "D901", "pr": "46", "abs": 44642, "label": "D901 PR46+44642"}}, {"type": "Feature", "geometry": {"type": "Point", "coordinates": [3.74741326, 44.49181304]}, "properties": {"route": "D901", "pr": "34", "abs": 32756, "label": "D901 PR34+32756"}}, {"type": "Feature", "geometry": {"type": "Point", "coordinates": [3.89111274, 44.45945533]}, "properties": {"route": "D901", "pr": "12", "abs": 11697, "label": "D901 PR12+11697"}}, {"type": "Feature", "geometry": {"type": "Point", "coordinates": [3.6677419, 44.50474479]}, "properties": {"route": "D901", "pr": "43", "abs": 41683, "label": "D901 PR43+41683"}}, {"type": "Feature", "geometry": {"type": "Point", "coordinates": [3.77962221, 44.48109944]}, "properties": {"route": "D901", "pr": "29", "abs": 27959, "label": "D901 PR29+27959"}}, {"type": "Feature", "geometry": {"type": "Point", "coordinates": [3.85922444, 44.4735445]}, "properties": {"route": "D901", "pr": "17", "abs": 16508, "label": "D901 PR17+16508"}}, {"type": "Feature", "geometry": {"type": "Point", "coordinates": [3.80886573, 44.48276858]}, "properties": {"route": "D901", "pr": "25", "abs": 24108, "label": "D901 PR25+24108"}}, {"type": "Feature", "geometry": {"type": "Point", "coordinates": [3.84386228, 44.46981003]}, "properties": {"route": "D901", "pr": "19", "abs": 18459, "label": "D901 PR19+18459"}}, {"type": "Feature", "geometry": {"type": "Point", "coordinates": [3.96387549, 44.42699647]}, "properties": {"route": "D901", "pr": "1", "abs": 1004, "label": "D901 PR1+1004"}}, {"type": "Feature", "geometry": {"type": "Point", "coordinates": [3.71956026, 44.50335672]}, "properties": {"route": "D901", "pr": "37", "abs": 35807, "label": "D901 PR37+35807"}}, {"type": "Feature", "geometry": {"type": "Point", "coordinates": [3.9544364, 44.43008908]}, "properties": {"route": "D901", "pr": "2", "abs": 1995, "label": "D901 PR2+1995"}}, {"type": "Feature", "geometry": {"type": "Point", "coordinates": [3.57392627, 44.53949919]}, "properties": {"route": "D901", "pr": "54", "abs": 52636, "label": "D901 PR54+52636"}}, {"type": "Feature", "geometry": {"type": "Point", "coordinates": [3.73696016, 44.49139453]}, "properties": {"route": "D901", "pr": "35", "abs": 33739, "label": "D901 PR35+33739"}}, {"type": "Feature", "geometry": {"type": "Point", "coordinates": [3.91844592, 44.44813892]}, "properties": {"route": "D901", "pr": "8", "abs": 7733, "label": "D901 PR8+7733"}}, {"type": "Feature", "geometry": {"type": "Point", "coordinates": [3.62514905, 44.51583242]}, "properties": {"route": "D901", "pr": "47", "abs": 45637, "label": "D901 PR47+45637"}}, {"type": "Feature", "geometry": {"type": "Point", "coordinates": [3.77671061, 44.4783112]}, "properties": {"route": "D901", "pr": "30", "abs": 28874, "label": "D901 PR30+28874"}}, {"type": "Feature", "geometry": {"type": "Point", "coordinates": [3.62422654, 44.73708114]}, "properties": {"route": "D985", "pr": "16", "abs": 15904, "label": "D985 PR16+15904"}}, {"type": "Feature", "geometry": {"type": "Point", "coordinates": [3.62008868, 44.8279047]}, "properties": {"route": "D985", "pr": "4", "abs": 3985, "label": "D985 PR4+3985"}}, {"type": "Feature", "geometry": {"type": "Point", "coordinates": [3.62324619, 44.71870474]}, "properties": {"route": "D985", "pr": "18", "abs": 17956, "label": "D985 PR18+17956"}}, {"type": "Feature", "geometry": {"type": "Point", "coordinates": [3.63123695, 44.75373895]}, "properties": {"route": "D985", "pr": "14", "abs": 13919, "label": "D985 PR14+13919"}}, {"type": "Feature", "geometry": {"type": "Point", "coordinates": [3.62947679, 44.77846682]}, "properties": {"route": "D985", "pr": "11", "abs": 11010, "label": "D985 PR11+11010"}}, {"type": "Feature", "geometry": {"type": "Point", "coordinates": [3.60212934, 44.84621782]}, "properties": {"route": "D985", "pr": "1", "abs": 977, "label": "D985 PR1+977"}}, {"type": "Feature", "geometry": {"type": "Point", "coordinates": [3.6515514, 44.67970843]}, "properties": {"route": "D985", "pr": "23", "abs": 22996, "label": "D985 PR23+22996"}}, {"type": "Feature", "geometry": {"type": "Point", "coordinates": [3.6166495, 44.81426641]}, "properties": {"route": "D985", "pr": "6", "abs": 6000, "label": "D985 PR6+6000"}}, {"type": "Feature", "geometry": {"type": "Point", "coordinates": [3.64651017, 44.68674242]}, "properties": {"route": "D985", "pr": "22", "abs": 22016, "label": "D985 PR22+22016"}}, {"type": "Feature", "geometry": {"type": "Point", "coordinates": [3.62694171, 44.74575759]}, "properties": {"route": "D985", "pr": "15", "abs": 14890, "label": "D985 PR15+14890"}}, {"type": "Feature", "geometry": {"type": "Point", "coordinates": [3.63101888, 44.7904011]}, "properties": {"route": "D985", "pr": "9", "abs": 9020, "label": "D985 PR9+9020"}}, {"type": "Feature", "geometry": {"type": "Point", "coordinates": [3.61131816, 44.84033237]}, "properties": {"route": "D985", "pr": "2", "abs": 1997, "label": "D985 PR2+1997"}}, {"type": "Feature", "geometry": {"type": "Point", "coordinates": [3.63028595, 44.77114876]}, "properties": {"route": "D985", "pr": "12", "abs": 11923, "label": "D985 PR12+11923"}}, {"type": "Feature", "geometry": {"type": "Point", "coordinates": [3.62797176, 44.71024834]}, "properties": {"route": "D985", "pr": "19", "abs": 18971, "label": "D985 PR19+18971"}}, {"type": "Feature", "geometry": {"type": "Point", "coordinates": [3.63343133, 44.78569205]}, "properties": {"route": "D985", "pr": "10", "abs": 10028, "label": "D985 PR10+10028"}}, {"type": "Feature", "geometry": {"type": "Point", "coordinates": [3.66167961, 44.66491658]}, "properties": {"route": "D985", "pr": "25", "abs": 24959, "label": "D985 PR25+24959"}}, {"type": "Feature", "geometry": {"type": "Point", "coordinates": [3.64089633, 44.69469963]}, "properties": {"route": "D985", "pr": "21", "abs": 21022, "label": "D985 PR21+21022"}}, {"type": "Feature", "geometry": {"type": "Point", "coordinates": [3.61760567, 44.83635939]}, "properties": {"route": "D985", "pr": "3", "abs": 2992, "label": "D985 PR3+2992"}}, {"type": "Feature", "geometry": {"type": "Point", "coordinates": [3.62315806, 44.72796866]}, "properties": {"route": "D985", "pr": "17", "abs": 16922, "label": "D985 PR17+16922"}}, {"type": "Feature", "geometry": {"type": "Point", "coordinates": [3.62238548, 44.80612943]}, "properties": {"route": "D985", "pr": "7", "abs": 7021, "label": "D985 PR7+7021"}}, {"type": "Feature", "geometry": {"type": "Point", "coordinates": [3.6361882, 44.70284854]}, "properties": {"route": "D985", "pr": "20", "abs": 20027, "label": "D985 PR20+20027"}}, {"type": "Feature", "geometry": {"type": "Point", "coordinates": [3.67659079, 44.65196912]}, "properties": {"route": "D985", "pr": "27", "abs": 26911, "label": "D985 PR27+26911"}}, {"type": "Feature", "geometry": {"type": "Point", "coordinates": [3.61514697, 44.82248687]}, "properties": {"route": "D985", "pr": "5", "abs": 4964, "label": "D985 PR5+4964"}}, {"type": "Feature", "geometry": {"type": "Point", "coordinates": [3.63203393, 44.76248566]}, "properties": {"route": "D985", "pr": "13", "abs": 12924, "label": "D985 PR13+12924"}}, {"type": "Feature", "geometry": {"type": "Point", "coordinates": [3.66978031, 44.65910587]}, "properties": {"route": "D985", "pr": "26", "abs": 25936, "label": "D985 PR26+25936"}}, {"type": "Feature", "geometry": {"type": "Point", "coordinates": [3.62619279, 44.79788962]}, "properties": {"route": "D985", "pr": "8", "abs": 8013, "label": "D985 PR8+8013"}}, {"type": "Feature", "geometry": {"type": "Point", "coordinates": [3.65624238, 44.67195965]}, "properties": {"route": "D985", "pr": "24", "abs": 23973, "label": "D985 PR24+23973"}}, {"type": "Feature", "geometry": {"type": "Point", "coordinates": [3.54553748, 44.47389141]}, "properties": {"route": "D25", "pr": "10", "abs": 9352, "label": "D25 PR10+9352"}}, {"type": "Feature", "geometry": {"type": "Point", "coordinates": [3.52921502, 44.49545043]}, "properties": {"route": "D25", "pr": "6", "abs": 5951, "label": "D25 PR6+5951"}}, {"type": "Feature", "geometry": {"type": "Point", "coordinates": [3.51157294, 44.51076835]}, "properties": {"route": "D25", "pr": "2", "abs": 1995, "label": "D25 PR2+1995"}}, {"type": "Feature", "geometry": {"type": "Point", "coordinates": [3.54365366, 44.48012219]}, "properties": {"route": "D25", "pr": "9", "abs": 8630, "label": "D25 PR9+8630"}}, {"type": "Feature", "geometry": {"type": "Point", "coordinates": [3.56149508, 44.45392356]}, "properties": {"route": "D25", "pr": "13", "abs": 12377, "label": "D25 PR13+12377"}}, {"type": "Feature", "geometry": {"type": "Point", "coordinates": [3.51142368, 44.50525868]}, "properties": {"route": "D25", "pr": "4", "abs": 3981, "label": "D25 PR4+3981"}}, {"type": "Feature", "geometry": {"type": "Point", "coordinates": [3.52871865, 44.48944736]}, "properties": {"route": "D25", "pr": "7", "abs": 6928, "label": "D25 PR7+6928"}}, {"type": "Feature", "geometry": {"type": "Point", "coordinates": [3.51869541, 44.50972143]}, "properties": {"route": "D25", "pr": "3", "abs": 2986, "label": "D25 PR3+2986"}}, {"type": "Feature", "geometry": {"type": "Point", "coordinates": [3.55014662, 44.46575027]}, "properties": {"route": "D25", "pr": "11", "abs": 10380, "label": "D25 PR11+10380"}}, {"type": "Feature", "geometry": {"type": "Point", "coordinates": [3.52035173, 44.49941582]}, "properties": {"route": "D25", "pr": "5", "abs": 4971, "label": "D25 PR5+4971"}}, {"type": "Feature", "geometry": {"type": "Point", "coordinates": [3.56061113, 44.44893814]}, "properties": {"route": "D25", "pr": "14", "abs": 13385, "label": "D25 PR14+13385"}}, {"type": "Feature", "geometry": {"type": "Point", "coordinates": [3.5040642, 44.51029067]}, "properties": {"route": "D25", "pr": "1", "abs": 1004, "label": "D25 PR1+1004"}}, {"type": "Feature", "geometry": {"type": "Point", "coordinates": [3.55988485, 44.46075543]}, "properties": {"route": "D25", "pr": "12", "abs": 11386, "label": "D25 PR12+11386"}}, {"type": "Feature", "geometry": {"type": "Point", "coordinates": [3.53745382, 44.48387052]}, "properties": {"route": "D25", "pr": "8", "abs": 7911, "label": "D25 PR8+7911"}}, {"type": "Feature", "geometry": {"type": "Point", "coordinates": [3.94968014, 44.40922459]}, "properties": {"route": "D51", "pr": "13", "abs": 12963, "label": "D51 PR13+12963"}}, {"type": "Feature", "geometry": {"type": "Point", "coordinates": [3.9507224, 44.4223007]}, "properties": {"route": "D51", "pr": "10", "abs": 9997, "label": "D51 PR10+9997"}}, {"type": "Feature", "geometry": {"type": "Point", "coordinates": [3.96695195, 44.45859568]}, "properties": {"route": "D51", "pr": "4", "abs": 3982, "label": "D51 PR4+3982"}}, {"type": "Feature", "geometry": {"type": "Point", "coordinates": [3.9364539, 44.44920005]}, "properties": {"route": "D51", "pr": "7", "abs": 6990, "label": "D51 PR7+6990"}}, {"type": "Feature", "geometry": {"type": "Point", "coordinates": [3.9338326, 44.44442482]}, "properties": {"route": "D51", "pr": "8", "abs": 7992, "label": "D51 PR8+7992"}}, {"type": "Feature", "geometry": {"type": "Point", "coordinates": [3.94268513, 44.42583213]}, "properties": {"route": "D51", "pr": "9", "abs": 9005, "label": "D51 PR9+9005"}}, {"type": "Feature", "geometry": {"type": "Point", "coordinates": [3.97872993, 44.4696326]}, "properties": {"route": "D51", "pr": "2", "abs": 1980, "label": "D51 PR2+1980"}}, {"type": "Feature", "geometry": {"type": "Point", "coordinates": [3.95042491, 44.40152289]}, "properties": {"route": "D51", "pr": "14", "abs": 13962, "label": "D51 PR14+13962"}}, {"type": "Feature", "geometry": {"type": "Point", "coordinates": [3.97985594, 44.4749009]}, "properties": {"route": "D51", "pr": "1", "abs": 992, "label": "D51 PR1+992"}}, {"type": "Feature", "geometry": {"type": "Point", "coordinates": [3.94484628, 44.45527092]}, "properties": {"route": "D51", "pr": "6", "abs": 5983, "label": "D51 PR6+5983"}}, {"type": "Feature", "geometry": {"type": "Point", "coordinates": [3.95524823, 44.45860318]}, "properties": {"route": "D51", "pr": "5", "abs": 4987, "label": "D51 PR5+4987"}}, {"type": "Feature", "geometry": {"type": "Point", "coordinates": [3.9538689, 44.41997697]}, "properties": {"route": "D51", "pr": "11", "abs": 10994, "label": "D51 PR11+10994"}}, {"type": "Feature", "geometry": {"type": "Point", "coordinates": [3.95018956, 44.41765011]}, "properties": {"route": "D51", "pr": "12", "abs": 11972, "label": "D51 PR12+11972"}}, {"type": "Feature", "geometry": {"type": "Point", "coordinates": [3.98684462, 44.47880701]}, "properties": {"route": "D51", "pr": "0", "abs": 0, "label": "D51 PR0"}}, {"type": "Feature", "geometry": {"type": "Point", "coordinates": [3.17681445, 44.73887694]}, "properties": {"route": "D53", "pr": "11", "abs": 11030, "label": "D53 PR11+11030"}}, {"type": "Feature", "geometry": {"type": "Point", "coordinates": [3.17021883, 44.7449247]}, "properties": {"route": "D53", "pr": "10", "abs": 10040, "label": "D53 PR10+10040"}}, {"type": "Feature", "geometry": {"type": "Point", "coordinates": [3.2130018, 44.68455344]}, "properties": {"route": "D53", "pr": "18", "abs": 18020, "label": "D53 PR18+18020"}}, {"type": "Feature", "geometry": {"type": "Point", "coordinates": [3.13833363, 44.78722154]}, "properties": {"route": "D53", "pr": "4", "abs": 4028, "label": "D53 PR4+4028"}}, {"type": "Feature", "geometry": {"type": "Point", "coordinates": [3.24307135, 44.65207327]}, "properties": {"route": "D53", "pr": "23", "abs": 22988, "label": "D53 PR23+22988"}}, {"type": "Feature", "geometry": {"type": "Point", "coordinates": [3.13012738, 44.79376598]}, "properties": {"route": "D53", "pr": "3", "abs": 3021, "label": "D53 PR3+3021"}}, {"type": "Feature", "geometry": {"type": "Point", "coordinates": [3.21834653, 44.6778188]}, "properties": {"route": "D53", "pr": "19", "abs": 19018, "label": "D53 PR19+19018"}}, {"type": "Feature", "geometry": {"type": "Point", "coordinates": [3.18800443, 44.72024032]}, "properties": {"route": "D53", "pr": "13", "abs": 13037, "label": "D53 PR13+13037"}}, {"type": "Feature", "geometry": {"type": "Point", "coordinates": [3.23218919, 44.65504505]}, "properties": {"route": "D53", "pr": "22", "abs": 22015, "label": "D53 PR22+22015"}}, {"type": "Feature", "geometry": {"type": "Point", "coordinates": [3.16645587, 44.75274596]}, "properties": {"route": "D53", "pr": "9", "abs": 9033, "label": "D53 PR9+9033"}}, {"type": "Feature", "geometry": {"type": "Point", "coordinates": [3.12393848, 44.80824211]}, "properties": {"route": "D53", "pr": "1", "abs": 995, "label": "D53 PR1+995"}}, {"type": "Feature", "geometry": {"type": "Point", "coordinates": [3.22514927, 44.67065783]}, "properties": {"route": "D53", "pr": "20", "abs": 20019, "label": "D53 PR20+20019"}}, {"type": "Feature", "geometry": {"type": "Point", "coordinates": [3.25483799, 44.64972408]}, "properties": {"route": "D53", "pr": "24", "abs": 24062, "label": "D53 PR24+24062"}}, {"type": "Feature", "geometry": {"type": "Point", "coordinates": [3.19887207, 44.69678041]}, "properties": {"route": "D53", "pr": "16", "abs": 16016, "label": "D53 PR16+16016"}}, {"type": "Feature", "geometry": {"type": "Point", "coordinates": [3.14580903, 44.7813392]}, "properties": {"route": "D53", "pr": "5", "abs": 5020, "label": "D53 PR5+5020"}}, {"type": "Feature", "geometry": {"type": "Point", "coordinates": [3.19318234, 44.70313753]}, "properties": {"route": "D53", "pr": "15", "abs": 15032, "label": "D53 PR15+15032"}}, {"type": "Feature", "geometry": {"type": "Point", "coordinates": [3.12619054, 44.8001763]}, "properties": {"route": "D53", "pr": "2", "abs": 1995, "label": "D53 PR2+1995"}}, {"type": "Feature", "geometry": {"type": "Point", "coordinates": [3.22868403, 44.66280554]}, "properties": {"route": "D53", "pr": "21", "abs": 21018, "label": "D53 PR21+21018"}}, {"type": "Feature", "geometry": {"type": "Point", "coordinates": [3.16001288, 44.75921786]}, "properties": {"route": "D53", "pr": "8", "abs": 8028, "label": "D53 PR8+8028"}}, {"type": "Feature", "geometry": {"type": "Point", "coordinates": [3.18341064, 44.73149995]}, "properties": {"route": "D53", "pr": "12", "abs": 12018, "label": "D53 PR12+12018"}}, {"type": "Feature", "geometry": {"type": "Point", "coordinates": [3.2060647, 44.69071012]}, "properties": {"route": "D53", "pr": "17", "abs": 17016, "label": "D53 PR17+17016"}}, {"type": "Feature", "geometry": {"type": "Point", "coordinates": [3.148301, 44.77334291]}, "properties": {"route": "D53", "pr": "6", "abs": 6020, "label": "D53 PR6+6020"}}, {"type": "Feature", "geometry": {"type": "Point", "coordinates": [3.15316648, 44.76567285]}, "properties": {"route": "D53", "pr": "7", "abs": 7026, "label": "D53 PR7+7026"}}, {"type": "Feature", "geometry": {"type": "Point", "coordinates": [3.19222042, 44.71201249]}, "properties": {"route": "D53", "pr": "14", "abs": 14028, "label": "D53 PR14+14028"}}, {"type": "Feature", "geometry": {"type": "Point", "coordinates": [3.3478573, 44.78039599]}, "properties": {"route": "D987", "pr": "38", "abs": 38574, "label": "D987 PR38+38574"}}, {"type": "Feature", "geometry": {"type": "Point", "coordinates": [3.06203042, 44.67288161]}, "properties": {"route": "D987", "pr": "8", "abs": 7956, "label": "D987 PR8+7956"}}, {"type": "Feature", "geometry": {"type": "Point", "coordinates": [3.12228608, 44.69747669]}, "properties": {"route": "D987", "pr": "14", "abs": 13883, "label": "D987 PR14+13883"}}, {"type": "Feature", "geometry": {"type": "Point", "coordinates": [3.29558142, 44.74812017]}, "properties": {"route": "D987", "pr": "31", "abs": 30814, "label": "D987 PR31+30814"}}, {"type": "Feature", "geometry": {"type": "Point", "coordinates": [3.03070537, 44.65186702]}, "properties": {"route": "D987", "pr": "4", "abs": 3995, "label": "D987 PR4+3995"}}, {"type": "Feature", "geometry": {"type": "Point", "coordinates": [3.29169691, 44.73283696]}, "properties": {"route": "D987", "pr": "29", "abs": 28819, "label": "D987 PR29+28819"}}, {"type": "Feature", "geometry": {"type": "Point", "coordinates": [3.15210872, 44.71052725]}, "properties": {"route": "D987", "pr": "17", "abs": 16825, "label": "D987 PR17+16825"}}, {"type": "Feature", "geometry": {"type": "Point", "coordinates": [3.40244399, 44.80284823]}, "properties": {"route": "D987", "pr": "45", "abs": 45475, "label": "D987 PR45+45475"}}, {"type": "Feature", "geometry": {"type": "Point", "coordinates": [3.45233133, 44.8271587]}, "properties": {"route": "D987", "pr": "52", "abs": 52372, "label": "D987 PR52+52372"}}, {"type": "Feature", "geometry": {"type": "Point", "coordinates": [3.31969197, 44.76618463]}, "properties": {"route": "D987", "pr": "35", "abs": 34750, "label": "D987 PR35+34750"}}, {"type": "Feature", "geometry": {"type": "Point", "coordinates": [3.30491614, 44.75784615]}, "properties": {"route": "D987", "pr": "33", "abs": 32802, "label": "D987 PR33+32802"}}, {"type": "Feature", "geometry": {"type": "Point", "coordinates": [3.36984929, 44.7752641]}, "properties": {"route": "D987", "pr": "40", "abs": 40531, "label": "D987 PR40+40531"}}, {"type": "Feature", "geometry": {"type": "Point", "coordinates": [3.30904919, 44.76609868]}, "properties": {"route": "D987", "pr": "34", "abs": 33783, "label": "D987 PR34+33783"}}, {"type": "Feature", "geometry": {"type": "Point", "coordinates": [3.14503502, 44.70326149]}, "properties": {"route": "D987", "pr": "16", "abs": 15825, "label": "D987 PR16+15825"}}, {"type": "Feature", "geometry": {"type": "Point", "coordinates": [3.42930526, 44.80528285]}, "properties": {"route": "D987", "pr": "48", "abs": 48438, "label": "D987 PR48+48438"}}, {"type": "Feature", "geometry": {"type": "Point", "coordinates": [3.38823582, 44.78321681]}, "properties": {"route": "D987", "pr": "42", "abs": 42489, "label": "D987 PR42+42489"}}, {"type": "Feature", "geometry": {"type": "Point", "coordinates": [3.03925151, 44.65757745]}, "properties": {"route": "D987", "pr": "5", "abs": 5017, "label": "D987 PR5+5017"}}, {"type": "Feature", "geometry": {"type": "Point", "coordinates": [3.16294999, 44.71138781]}, "properties": {"route": "D987", "pr": "18", "abs": 17844, "label": "D987 PR18+17844"}}, {"type": "Feature", "geometry": {"type": "Point", "coordinates": [3.21940638, 44.71538938]}, "properties": {"route": "D987", "pr": "23", "abs": 22836, "label": "D987 PR23+22836"}}, {"type": "Feature", "geometry": {"type": "Point", "coordinates": [3.11012836, 44.69687275]}, "properties": {"route": "D987", "pr": "13", "abs": 12886, "label": "D987 PR13+12886"}}, {"type": "Feature", "geometry": {"type": "Point", "coordinates": [3.01156098, 44.64321369]}, "properties": {"route": "D987", "pr": "2", "abs": 1998, "label": "D987 PR2+1998"}}, {"type": "Feature", "geometry": {"type": "Point", "coordinates": [3.0987104, 44.69402241]}, "properties": {"route": "D987", "pr": "12", "abs": 11918, "label": "D987 PR12+11918"}}, {"type": "Feature", "geometry": {"type": "Point", "coordinates": [3.04647759, 44.6620292]}, "properties": {"route": "D987", "pr": "6", "abs": 6018, "label": "D987 PR6+6018"}}, {"type": "Feature", "geometry": {"type": "Point", "coordinates": [3.27417976, 44.71879829]}, "properties": {"route": "D987", "pr": "28", "abs": 27764, "label": "D987 PR28+27764"}}, {"type": "Feature", "geometry": {"type": "Point", "coordinates": [3.23078114, 44.71284454]}, "properties": {"route": "D987", "pr": "24", "abs": 23801, "label": "D987 PR24+23801"}}, {"type": "Feature", "geometry": {"type": "Point", "coordinates": [3.39213661, 44.7989264]}, "properties": {"route": "D987", "pr": "44", "abs": 44482, "label": "D987 PR44+44482"}}, {"type": "Feature", "geometry": {"type": "Point", "coordinates": [3.42062359, 44.80261692]}, "properties": {"route": "D987", "pr": "47", "abs": 47455, "label": "D987 PR47+47455"}}, {"type": "Feature", "geometry": {"type": "Point", "coordinates": [3.24231088, 44.71134702]}, "properties": {"route": "D987", "pr": "25", "abs": 24800, "label": "D987 PR25+24800"}}, {"type": "Feature", "geometry": {"type": "Point", "coordinates": [3.08772692, 44.68982553]}, "properties": {"route": "D987", "pr": "11", "abs": 10922, "label": "D987 PR11+10922"}}, {"type": "Feature", "geometry": {"type": "Point", "coordinates": [3.29885498, 44.75171803]}, "properties": {"route": "D987", "pr": "32", "abs": 31801, "label": "D987 PR32+31801"}}, {"type": "Feature", "geometry": {"type": "Point", "coordinates": [3.43736246, 44.81649837]}, "properties": {"route": "D987", "pr": "50", "abs": 50426, "label": "D987 PR50+50426"}}, {"type": "Feature", "geometry": {"type": "Point", "coordinates": [3.185543, 44.70787443]}, "properties": {"route": "D987", "pr": "20", "abs": 19838, "label": "D987 PR20+19838"}}, {"type": "Feature", "geometry": {"type": "Point", "coordinates": [3.29654865, 44.74035153]}, "properties": {"route": "D987", "pr": "30", "abs": 29819, "label": "D987 PR30+29819"}}, {"type": "Feature", "geometry": {"type": "Point", "coordinates": [3.34360934, 44.77450944]}, "properties": {"route": "D987", "pr": "37", "abs": 37617, "label": "D987 PR37+37617"}}, {"type": "Feature", "geometry": {"type": "Point", "coordinates": [3.17495738, 44.70955]}, "properties": {"route": "D987", "pr": "19", "abs": 18837, "label": "D987 PR19+18837"}}, {"type": "Feature", "geometry": {"type": "Point", "coordinates": [3.13417855, 44.7005428]}, "properties": {"route": "D987", "pr": "15", "abs": 14897, "label": "D987 PR15+14897"}}, {"type": "Feature", "geometry": {"type": "Point", "coordinates": [3.08038118, 44.68324284]}, "properties": {"route": "D987", "pr": "10", "abs": 9911, "label": "D987 PR10+9911"}}, {"type": "Feature", "geometry": {"type": "Point", "coordinates": [3.02060699, 44.64873102]}, "properties": {"route": "D987", "pr": "3", "abs": 2996, "label": "D987 PR3+2996"}}, {"type": "Feature", "geometry": {"type": "Point", "coordinates": [3.19640353, 44.70955095]}, "properties": {"route": "D987", "pr": "21", "abs": 20811, "label": "D987 PR21+20811"}}, {"type": "Feature", "geometry": {"type": "Point", "coordinates": [3.38089423, 44.77809333]}, "properties": {"route": "D987", "pr": "41", "abs": 41510, "label": "D987 PR41+41510"}}, {"type": "Feature", "geometry": {"type": "Point", "coordinates": [3.25381866, 44.71071264]}, "properties": {"route": "D987", "pr": "26", "abs": 25748, "label": "D987 PR26+25748"}}, {"type": "Feature", "geometry": {"type": "Point", "coordinates": [3.39222606, 44.79090326]}, "properties": {"route": "D987", "pr": "43", "abs": 43488, "label": "D987 PR43+43488"}}, {"type": "Feature", "geometry": {"type": "Point", "coordinates": [3.26595121, 44.71250187]}, "properties": {"route": "D987", "pr": "27", "abs": 26762, "label": "D987 PR27+26762"}}, {"type": "Feature", "geometry": {"type": "Point", "coordinates": [3.35873453, 44.77716699]}, "properties": {"route": "D987", "pr": "39", "abs": 39553, "label": "D987 PR39+39553"}}, {"type": "Feature", "geometry": {"type": "Point", "coordinates": [3.33427583, 44.77274724]}, "properties": {"route": "D987", "pr": "36", "abs": 36612, "label": "D987 PR36+36612"}}, {"type": "Feature", "geometry": {"type": "Point", "coordinates": [3.41056309, 44.79959799]}, "properties": {"route": "D987", "pr": "46", "abs": 46465, "label": "D987 PR46+46465"}}, {"type": "Feature", "geometry": {"type": "Point", "coordinates": [3.20750308, 44.7128735]}, "properties": {"route": "D987", "pr": "22", "abs": 21806, "label": "D987 PR22+21806"}}, {"type": "Feature", "geometry": {"type": "Point", "coordinates": [3.43203097, 44.81191134]}, "properties": {"route": "D987", "pr": "49", "abs": 49426, "label": "D987 PR49+49426"}}, {"type": "Feature", "geometry": {"type": "Point", "coordinates": [3.44230092, 44.82375713]}, "properties": {"route": "D987", "pr": "51", "abs": 51381, "label": "D987 PR51+51381"}}, {"type": "Feature", "geometry": {"type": "Point", "coordinates": [3.00609617, 44.63552495]}, "properties": {"route": "D987", "pr": "1", "abs": 1002, "label": "D987 PR1+1002"}}, {"type": "Feature", "geometry": {"type": "Point", "coordinates": [3.0717804, 44.67761659]}, "properties": {"route": "D987", "pr": "9", "abs": 8925, "label": "D987 PR9+8925"}}, {"type": "Feature", "geometry": {"type": "Point", "coordinates": [3.0543174, 44.66594453]}, "properties": {"route": "D987", "pr": "7", "abs": 6947, "label": "D987 PR7+6947"}}, {"type": "Feature", "geometry": {"type": "Point", "coordinates": [3.73787376, 44.58796578]}, "properties": {"route": "D206", "pr": "1", "abs": 1000, "label": "D206 PR1+1000"}}, {"type": "Feature", "geometry": {"type": "Point", "coordinates": [3.73486035, 44.65172341]}, "properties": {"route": "D206", "pr": "9", "abs": 8987, "label": "D206 PR9+8987"}}, {"type": "Feature", "geometry": {"type": "Point", "coordinates": [3.73967351, 44.64385774]}, "properties": {"route": "D206", "pr": "8", "abs": 7987, "label": "D206 PR8+7987"}}, {"type": "Feature", "geometry": {"type": "Point", "coordinates": [3.73759695, 44.6356032]}, "properties": {"route": "D206", "pr": "7", "abs": 6991, "label": "D206 PR7+6991"}}, {"type": "Feature", "geometry": {"type": "Point", "coordinates": [3.73779148, 44.6046046]}, "properties": {"route": "D206", "pr": "3", "abs": 2997, "label": "D206 PR3+2997"}}, {"type": "Feature", "geometry": {"type": "Point", "coordinates": [3.73607038, 44.59613172]}, "properties": {"route": "D206", "pr": "2", "abs": 1998, "label": "D206 PR2+1998"}}, {"type": "Feature", "geometry": {"type": "Point", "coordinates": [3.74196698, 44.62044618]}, "properties": {"route": "D206", "pr": "5", "abs": 4997, "label": "D206 PR5+4997"}}, {"type": "Feature", "geometry": {"type": "Point", "coordinates": [3.74105153, 44.61303837]}, "properties": {"route": "D206", "pr": "4", "abs": 3997, "label": "D206 PR4+3997"}}, {"type": "Feature", "geometry": {"type": "Point", "coordinates": [3.73957931, 44.62735399]}, "properties": {"route": "D206", "pr": "6", "abs": 5985, "label": "D206 PR6+5985"}}, {"type": "Feature", "geometry": {"type": "Point", "coordinates": [3.32850181, 44.68070845]}, "properties": {"route": "D73", "pr": "2", "abs": 1992, "label": "D73 PR2+1992"}}, {"type": "Feature", "geometry": {"type": "Point", "coordinates": [3.29083441, 44.66026848]}, "properties": {"route": "D73", "pr": "7", "abs": 6974, "label": "D73 PR7+6974"}}, {"type": "Feature", "geometry": {"type": "Point", "coordinates": [3.10072583, 44.71930525]}, "properties": {"route": "D73", "pr": "25", "abs": 23975, "label": "D73 PR25+23975"}}, {"type": "Feature", "geometry": {"type": "Point", "coordinates": [3.09517348, 44.72742002]}, "properties": {"route": "D73", "pr": "26", "abs": 24986, "label": "D73 PR26+24986"}}, {"type": "Feature", "geometry": {"type": "Point", "coordinates": [3.06350589, 44.75622083]}, "properties": {"route": "D73", "pr": "31", "abs": 30027, "label": "D73 PR31+30027"}}, {"type": "Feature", "geometry": {"type": "Point", "coordinates": [3.21475184, 44.64111614]}, "properties": {"route": "D73", "pr": "11", "abs": 10235, "label": "D73 PR11+10235"}}, {"type": "Feature", "geometry": {"type": "Point", "coordinates": [3.15530297, 44.67759212]}, "properties": {"route": "D73", "pr": "18", "abs": 17196, "label": "D73 PR18+17196"}}, {"type": "Feature", "geometry": {"type": "Point", "coordinates": [3.12969345, 44.7032148]}, "properties": {"route": "D73", "pr": "22", "abs": 20991, "label": "D73 PR22+20991"}}, {"type": "Feature", "geometry": {"type": "Point", "coordinates": [3.11968387, 44.70840454]}, "properties": {"route": "D73", "pr": "23", "abs": 21984, "label": "D73 PR23+21984"}}, {"type": "Feature", "geometry": {"type": "Point", "coordinates": [3.08797153, 44.73412599]}, "properties": {"route": "D73", "pr": "27", "abs": 26000, "label": "D73 PR27+26000"}}, {"type": "Feature", "geometry": {"type": "Point", "coordinates": [3.30910358, 44.6642225]}, "properties": {"route": "D73", "pr": "5", "abs": 4984, "label": "D73 PR5+4984"}}, {"type": "Feature", "geometry": {"type": "Point", "coordinates": [3.20686239, 44.64742678]}, "properties": {"route": "D73", "pr": "12", "abs": 11236, "label": "D73 PR12+11236"}}, {"type": "Feature", "geometry": {"type": "Point", "coordinates": [3.18326831, 44.66567825]}, "properties": {"route": "D73", "pr": "15", "abs": 14218, "label": "D73 PR15+14218"}}, {"type": "Feature", "geometry": {"type": "Point", "coordinates": [3.05436265, 44.76123139]}, "properties": {"route": "D73", "pr": "32", "abs": 31033, "label": "D73 PR32+31033"}}, {"type": "Feature", "geometry": {"type": "Point", "coordinates": [3.28234102, 44.65591692]}, "properties": {"route": "D73", "pr": "8", "abs": 7943, "label": "D73 PR8+7943"}}, {"type": "Feature", "geometry": {"type": "Point", "coordinates": [3.19165442, 44.65960247]}, "properties": {"route": "D73", "pr": "14", "abs": 13228, "label": "D73 PR14+13228"}}, {"type": "Feature", "geometry": {"type": "Point", "coordinates": [3.08275052, 44.74215889]}, "properties": {"route": "D73", "pr": "28", "abs": 27005, "label": "D73 PR28+27005"}}, {"type": "Feature", "geometry": {"type": "Point", "coordinates": [3.30915874, 44.67128777]}, "properties": {"route": "D73", "pr": "4", "abs": 3988, "label": "D73 PR4+3988"}}, {"type": "Feature", "geometry": {"type": "Point", "coordinates": [3.14699082, 44.68310239]}, "properties": {"route": "D73", "pr": "19", "abs": 18202, "label": "D73 PR19+18202"}}, {"type": "Feature", "geometry": {"type": "Point", "coordinates": [3.13490156, 44.69831461]}, "properties": {"route": "D73", "pr": "21", "abs": 20209, "label": "D73 PR21+20209"}}, {"type": "Feature", "geometry": {"type": "Point", "coordinates": [3.30135168, 44.66138819]}, "properties": {"route": "D73", "pr": "6", "abs": 5966, "label": "D73 PR6+5966"}}, {"type": "Feature", "geometry": {"type": "Point", "coordinates": [3.33546205, 44.68639451]}, "properties": {"route": "D73", "pr": "1", "abs": 1004, "label": "D73 PR1+1004"}}, {"type": "Feature", "geometry": {"type": "Point", "coordinates": [3.22596997, 44.63904387]}, "properties": {"route": "D73", "pr": "10", "abs": 9241, "label": "D73 PR10+9241"}}, {"type": "Feature", "geometry": {"type": "Point", "coordinates": [3.23695915, 44.63519473]}, "properties": {"route": "D73", "pr": "9", "abs": 8240, "label": "D73 PR9+8240"}}, {"type": "Feature", "geometry": {"type": "Point", "coordinates": [3.0839355, 44.74983128]}, "properties": {"route": "D73", "pr": "29", "abs": 28011, "label": "D73 PR29+28011"}}, {"type": "Feature", "geometry": {"type": "Point", "coordinates": [3.10976676, 44.71340153]}, "properties": {"route": "D73", "pr": "24", "abs": 22980, "label": "D73 PR24+22980"}}, {"type": "Feature", "geometry": {"type": "Point", "coordinates": [3.14268614, 44.69145096]}, "properties": {"route": "D73", "pr": "20", "abs": 19203, "label": "D73 PR20+19203"}}, {"type": "Feature", "geometry": {"type": "Point", "coordinates": [3.07374378, 44.75381067]}, "properties": {"route": "D73", "pr": "30", "abs": 29008, "label": "D73 PR30+29008"}}, {"type": "Feature", "geometry": {"type": "Point", "coordinates": [3.16472096, 44.67587247]}, "properties": {"route": "D73", "pr": "17", "abs": 16192, "label": "D73 PR17+16192"}}, {"type": "Feature", "geometry": {"type": "Point", "coordinates": [3.19634528, 44.651571]}, "properties": {"route": "D73", "pr": "13", "abs": 12227, "label": "D73 PR13+12227"}}, {"type": "Feature", "geometry": {"type": "Point", "coordinates": [3.17416959, 44.67037079]}, "properties": {"route": "D73", "pr": "16", "abs": 15208, "label": "D73 PR16+15208"}}, {"type": "Feature", "geometry": {"type": "Point", "coordinates": [3.22897914, 44.3523492]}, "properties": {"route": "D46", "pr": "9", "abs": 8961, "label": "D46 PR9+8961"}}, {"type": "Feature", "geometry": {"type": "Point", "coordinates": [3.23547888, 44.38252077]}, "properties": {"route": "D46", "pr": "5", "abs": 4985, "label": "D46 PR5+4985"}}, {"type": "Feature", "geometry": {"type": "Point", "coordinates": [3.22237582, 44.30136571]}, "properties": {"route": "D46", "pr": "16", "abs": 15904, "label": "D46 PR16+15904"}}, {"type": "Feature", "geometry": {"type": "Point", "coordinates": [3.22751803, 44.33558952]}, "properties": {"route": "D46", "pr": "11", "abs": 10910, "label": "D46 PR11+10910"}}, {"type": "Feature", "geometry": {"type": "Point", "coordinates": [3.22789302, 44.34369553]}, "properties": {"route": "D46", "pr": "10", "abs": 9959, "label": "D46 PR10+9959"}}, {"type": "Feature", "geometry": {"type": "Point", "coordinates": [3.23164077, 44.36112201]}, "properties": {"route": "D46", "pr": "8", "abs": 7928, "label": "D46 PR8+7928"}}, {"type": "Feature", "geometry": {"type": "Point", "coordinates": [3.23737564, 44.38973699]}, "properties": {"route": "D46", "pr": "4", "abs": 4025, "label": "D46 PR4+4025"}}, {"type": "Feature", "geometry": {"type": "Point", "coordinates": [3.22786139, 44.36827271]}, "properties": {"route": "D46", "pr": "7", "abs": 6971, "label": "D46 PR7+6971"}}, {"type": "Feature", "geometry": {"type": "Point", "coordinates": [3.24160979, 44.40468786]}, "properties": {"route": "D46", "pr": "2", "abs": 1986, "label": "D46 PR2+1986"}}, {"type": "Feature", "geometry": {"type": "Point", "coordinates": [3.24476315, 44.39691144]}, "properties": {"route": "D46", "pr": "3", "abs": 3011, "label": "D46 PR3+3011"}}, {"type": "Feature", "geometry": {"type": "Point", "coordinates": [3.23179631, 44.32799231]}, "properties": {"route": "D46", "pr": "12", "abs": 11929, "label": "D46 PR12+11929"}}, {"type": "Feature", "geometry": {"type": "Point", "coordinates": [3.23295803, 44.31987863]}, "properties": {"route": "D46", "pr": "13", "abs": 12927, "label": "D46 PR13+12927"}}, {"type": "Feature", "geometry": {"type": "Point", "coordinates": [3.22967778, 44.30558495]}, "properties": {"route": "D46", "pr": "15", "abs": 14914, "label": "D46 PR15+14914"}}, {"type": "Feature", "geometry": {"type": "Point", "coordinates": [3.21668011, 44.28327809]}, "properties": {"route": "D46", "pr": "19", "abs": 18912, "label": "D46 PR19+18912"}}, {"type": "Feature", "geometry": {"type": "Point", "coordinates": [3.23278607, 44.37510098]}, "properties": {"route": "D46", "pr": "6", "abs": 5970, "label": "D46 PR6+5970"}}, {"type": "Feature", "geometry": {"type": "Point", "coordinates": [3.22158644, 44.2934155]}, "properties": {"route": "D46", "pr": "17", "abs": 16908, "label": "D46 PR17+16908"}}, {"type": "Feature", "geometry": {"type": "Point", "coordinates": [3.21451383, 44.28929072]}, "properties": {"route": "D46", "pr": "18", "abs": 17901, "label": "D46 PR18+17901"}}, {"type": "Feature", "geometry": {"type": "Point", "coordinates": [3.23460209, 44.40932905]}, "properties": {"route": "D46", "pr": "1", "abs": 1005, "label": "D46 PR1+1005"}}, {"type": "Feature", "geometry": {"type": "Point", "coordinates": [3.2323674, 44.31282544]}, "properties": {"route": "D46", "pr": "14", "abs": 13895, "label": "D46 PR14+13895"}}, {"type": "Feature", "geometry": {"type": "Point", "coordinates": [3.4568737, 44.46296152]}, "properties": {"route": "D231", "pr": "1", "abs": 1005, "label": "D231 PR1+1005"}}, {"type": "Feature", "geometry": {"type": "Point", "coordinates": [3.16415761, 44.48815812]}, "properties": {"route": "D52", "pr": "6", "abs": 5983, "label": "D52 PR6+5983"}}, {"type": "Feature", "geometry": {"type": "Point", "coordinates": [3.14453211, 44.53879248]}, "properties": {"route": "D52", "pr": "14", "abs": 13930, "label": "D52 PR14+13930"}}, {"type": "Feature", "geometry": {"type": "Point", "coordinates": [3.16698477, 44.52652668]}, "properties": {"route": "D52", "pr": "11", "abs": 10931, "label": "D52 PR11+10931"}}, {"type": "Feature", "geometry": {"type": "Point", "coordinates": [3.12714862, 44.5584534]}, "properties": {"route": "D52", "pr": "17", "abs": 16887, "label": "D52 PR17+16887"}}, {"type": "Feature", "geometry": {"type": "Point", "coordinates": [3.154282, 44.53468954]}, "properties": {"route": "D52", "pr": "13", "abs": 12850, "label": "D52 PR13+12850"}}, {"type": "Feature", "geometry": {"type": "Point", "coordinates": [3.13944234, 44.54607471]}, "properties": {"route": "D52", "pr": "15", "abs": 14931, "label": "D52 PR15+14931"}}, {"type": "Feature", "geometry": {"type": "Point", "coordinates": [3.16693935, 44.50391943]}, "properties": {"route": "D52", "pr": "8", "abs": 7943, "label": "D52 PR8+7943"}}, {"type": "Feature", "geometry": {"type": "Point", "coordinates": [3.16919954, 44.52063492]}, "properties": {"route": "D52", "pr": "10", "abs": 9943, "label": "D52 PR10+9943"}}, {"type": "Feature", "geometry": {"type": "Point", "coordinates": [3.07163542, 44.61817456]}, "properties": {"route": "D52", "pr": "27", "abs": 26872, "label": "D52 PR27+26872"}}, {"type": "Feature", "geometry": {"type": "Point", "coordinates": [3.12445804, 44.56652262]}, "properties": {"route": "D52", "pr": "18", "abs": 17917, "label": "D52 PR18+17917"}}, {"type": "Feature", "geometry": {"type": "Point", "coordinates": [3.09119121, 44.60247858]}, "properties": {"route": "D52", "pr": "24", "abs": 23882, "label": "D52 PR24+23882"}}, {"type": "Feature", "geometry": {"type": "Point", "coordinates": [3.13240889, 44.55186378]}, "properties": {"route": "D52", "pr": "16", "abs": 15964, "label": "D52 PR16+15964"}}, {"type": "Feature", "geometry": {"type": "Point", "coordinates": [3.11440922, 44.579154]}, "properties": {"route": "D52", "pr": "20", "abs": 19899, "label": "D52 PR20+19899"}}, {"type": "Feature", "geometry": {"type": "Point", "coordinates": [3.06691324, 44.62411924]}, "properties": {"route": "D52", "pr": "28", "abs": 27869, "label": "D52 PR28+27869"}}, {"type": "Feature", "geometry": {"type": "Point", "coordinates": [3.10207476, 44.59065416]}, "properties": {"route": "D52", "pr": "22", "abs": 21893, "label": "D52 PR22+21893"}}, {"type": "Feature", "geometry": {"type": "Point", "coordinates": [3.16667382, 44.51198581]}, "properties": {"route": "D52", "pr": "9", "abs": 8915, "label": "D52 PR9+8915"}}, {"type": "Feature", "geometry": {"type": "Point", "coordinates": [3.05881993, 44.62983241]}, "properties": {"route": "D52", "pr": "29", "abs": 28883, "label": "D52 PR29+28883"}}, {"type": "Feature", "geometry": {"type": "Point", "coordinates": [3.19255855, 44.46607957]}, "properties": {"route": "D52", "pr": "1", "abs": 1012, "label": "D52 PR1+1012"}}, {"type": "Feature", "geometry": {"type": "Point", "coordinates": [3.18107859, 44.46791114]}, "properties": {"route": "D52", "pr": "2", "abs": 2000, "label": "D52 PR2+2000"}}, {"type": "Feature", "geometry": {"type": "Point", "coordinates": [3.1644756, 44.49587699]}, "properties": {"route": "D52", "pr": "7", "abs": 6950, "label": "D52 PR7+6950"}}, {"type": "Feature", "geometry": {"type": "Point", "coordinates": [3.17679242, 44.47653847]}, "properties": {"route": "D52", "pr": "4", "abs": 3959, "label": "D52 PR4+3959"}}, {"type": "Feature", "geometry": {"type": "Point", "coordinates": [3.06259944, 44.63767704]}, "properties": {"route": "D52", "pr": "30", "abs": 29857, "label": "D52 PR30+29857"}}, {"type": "Feature", "geometry": {"type": "Point", "coordinates": [3.09622063, 44.59603121]}, "properties": {"route": "D52", "pr": "23", "abs": 22887, "label": "D52 PR23+22887"}}, {"type": "Feature", "geometry": {"type": "Point", "coordinates": [3.1666856, 44.47973195]}, "properties": {"route": "D52", "pr": "5", "abs": 4950, "label": "D52 PR5+4950"}}, {"type": "Feature", "geometry": {"type": "Point", "coordinates": [3.1630888, 44.53265586]}, "properties": {"route": "D52", "pr": "12", "abs": 11941, "label": "D52 PR12+11941"}}, {"type": "Feature", "geometry": {"type": "Point", "coordinates": [3.07442192, 44.61025585]}, "properties": {"route": "D52", "pr": "26", "abs": 25875, "label": "D52 PR26+25875"}}, {"type": "Feature", "geometry": {"type": "Point", "coordinates": [3.17672845, 44.47417283]}, "properties": {"route": "D52", "pr": "3", "abs": 2964, "label": "D52 PR3+2964"}}, {"type": "Feature", "geometry": {"type": "Point", "coordinates": [3.11766414, 44.57137517]}, "properties": {"route": "D52", "pr": "19", "abs": 18902, "label": "D52 PR19+18902"}}, {"type": "Feature", "geometry": {"type": "Point", "coordinates": [3.10889983, 44.58373823]}, "properties": {"route": "D52", "pr": "21", "abs": 20896, "label": "D52 PR21+20896"}}, {"type": "Feature", "geometry": {"type": "Point", "coordinates": [3.06470594, 44.64608163]}, "properties": {"route": "D52", "pr": "31", "abs": 30849, "label": "D52 PR31+30849"}}, {"type": "Feature", "geometry": {"type": "Point", "coordinates": [3.08334911, 44.60557625]}, "properties": {"route": "D52", "pr": "25", "abs": 24878, "label": "D52 PR25+24878"}}, {"type": "Feature", "geometry": {"type": "Point", "coordinates": [3.42407596, 44.24979989]}, "properties": {"route": "D63", "pr": "7", "abs": 7000, "label": "D63 PR7+7000"}}, {"type": "Feature", "geometry": {"type": "Point", "coordinates": [3.3149893, 44.23087468]}, "properties": {"route": "D63", "pr": "17", "abs": 16904, "label": "D63 PR17+16904"}}, {"type": "Feature", "geometry": {"type": "Point", "coordinates": [3.28681723, 44.20087496]}, "properties": {"route": "D63", "pr": "23", "abs": 22867, "label": "D63 PR23+22867"}}, {"type": "Feature", "geometry": {"type": "Point", "coordinates": [3.29213732, 44.21814284]}, "properties": {"route": "D63", "pr": "20", "abs": 19882, "label": "D63 PR20+19882"}}, {"type": "Feature", "geometry": {"type": "Point", "coordinates": [3.34537414, 44.24005449]}, "properties": {"route": "D63", "pr": "14", "abs": 13907, "label": "D63 PR14+13907"}}, {"type": "Feature", "geometry": {"type": "Point", "coordinates": [3.38737549, 44.23811866]}, "properties": {"route": "D63", "pr": "11", "abs": 10987, "label": "D63 PR11+10987"}}, {"type": "Feature", "geometry": {"type": "Point", "coordinates": [3.30912915, 44.223947]}, "properties": {"route": "D63", "pr": "18", "abs": 17887, "label": "D63 PR18+17887"}}, {"type": "Feature", "geometry": {"type": "Point", "coordinates": [3.38045757, 44.23114085]}, "properties": {"route": "D63", "pr": "12", "abs": 11977, "label": "D63 PR12+11977"}}, {"type": "Feature", "geometry": {"type": "Point", "coordinates": [3.45887729, 44.27041075]}, "properties": {"route": "D63", "pr": "2", "abs": 1990, "label": "D63 PR2+1990"}}, {"type": "Feature", "geometry": {"type": "Point", "coordinates": [3.45932222, 44.26269924]}, "properties": {"route": "D63", "pr": "3", "abs": 2978, "label": "D63 PR3+2978"}}, {"type": "Feature", "geometry": {"type": "Point", "coordinates": [3.39413118, 44.2447519]}, "properties": {"route": "D63", "pr": "10", "abs": 9999, "label": "D63 PR10+9999"}}, {"type": "Feature", "geometry": {"type": "Point", "coordinates": [3.44545872, 44.25345168]}, "properties": {"route": "D63", "pr": "5", "abs": 4990, "label": "D63 PR5+4990"}}, {"type": "Feature", "geometry": {"type": "Point", "coordinates": [3.3550423, 44.24440364]}, "properties": {"route": "D63", "pr": "13", "abs": 12910, "label": "D63 PR13+12910"}}, {"type": "Feature", "geometry": {"type": "Point", "coordinates": [3.46249664, 44.27888208]}, "properties": {"route": "D63", "pr": "1", "abs": 997, "label": "D63 PR1+997"}}, {"type": "Feature", "geometry": {"type": "Point", "coordinates": [3.28983451, 44.21227758]}, "properties": {"route": "D63", "pr": "21", "abs": 20880, "label": "D63 PR21+20880"}}, {"type": "Feature", "geometry": {"type": "Point", "coordinates": [3.43498324, 44.25026581]}, "properties": {"route": "D63", "pr": "6", "abs": 5995, "label": "D63 PR6+5995"}}, {"type": "Feature", "geometry": {"type": "Point", "coordinates": [3.33335377, 44.23847863]}, "properties": {"route": "D63", "pr": "15", "abs": 14902, "label": "D63 PR15+14902"}}, {"type": "Feature", "geometry": {"type": "Point", "coordinates": [3.29729858, 44.22406698]}, "properties": {"route": "D63", "pr": "19", "abs": 18884, "label": "D63 PR19+18884"}}, {"type": "Feature", "geometry": {"type": "Point", "coordinates": [3.45619065, 44.25536182]}, "properties": {"route": "D63", "pr": "4", "abs": 3991, "label": "D63 PR4+3991"}}, {"type": "Feature", "geometry": {"type": "Point", "coordinates": [3.41363767, 44.24664785]}, "properties": {"route": "D63", "pr": "8", "abs": 8005, "label": "D63 PR8+8005"}}, {"type": "Feature", "geometry": {"type": "Point", "coordinates": [3.32121415, 44.23783342]}, "properties": {"route": "D63", "pr": "16", "abs": 15896, "label": "D63 PR16+15896"}}, {"type": "Feature", "geometry": {"type": "Point", "coordinates": [3.40214741, 44.24949259]}, "properties": {"route": "D63", "pr": "9", "abs": 9004, "label": "D63 PR9+9004"}}, {"type": "Feature", "geometry": {"type": "Point", "coordinates": [3.19867735, 44.29203348]}, "properties": {"route": "D995", "pr": "5", "abs": 4900, "label": "D995 PR5+4900"}}, {"type": "Feature", "geometry": {"type": "Point", "coordinates": [3.22615187, 44.27986823]}, "properties": {"route": "D995", "pr": "13", "abs": 12944, "label": "D995 PR13+12944"}}, {"type": "Feature", "geometry": {"type": "Point", "coordinates": [3.22445824, 44.28217423]}, "properties": {"route": "D995", "pr": "12", "abs": 11869, "label": "D995 PR12+11869"}}, {"type": "Feature", "geometry": {"type": "Point", "coordinates": [3.19217047, 44.29862863]}, "properties": {"route": "D995", "pr": "4", "abs": 3905, "label": "D995 PR4+3905"}}, {"type": "Feature", "geometry": {"type": "Point", "coordinates": [3.20866177, 44.28081645]}, "properties": {"route": "D995", "pr": "7", "abs": 6901, "label": "D995 PR7+6901"}}, {"type": "Feature", "geometry": {"type": "Point", "coordinates": [3.20221334, 44.28449293]}, "properties": {"route": "D995", "pr": "6", "abs": 5885, "label": "D995 PR6+5885"}}, {"type": "Feature", "geometry": {"type": "Point", "coordinates": [3.21222797, 44.27318465]}, "properties": {"route": "D995", "pr": "8", "abs": 7836, "label": "D995 PR8+7836"}}, {"type": "Feature", "geometry": {"type": "Point", "coordinates": [3.22251099, 44.28182894]}, "properties": {"route": "D995", "pr": "11", "abs": 10931, "label": "D995 PR11+10931"}}, {"type": "Feature", "geometry": {"type": "Point", "coordinates": [3.18534497, 44.30254964]}, "properties": {"route": "D995", "pr": "3", "abs": 2969, "label": "D995 PR3+2969"}}, {"type": "Feature", "geometry": {"type": "Point", "coordinates": [3.1645896, 44.30656577]}, "properties": {"route": "D995", "pr": "1", "abs": 935, "label": "D995 PR1+935"}}, {"type": "Feature", "geometry": {"type": "Point", "coordinates": [3.21859291, 44.27857923]}, "properties": {"route": "D995", "pr": "9", "abs": 8843, "label": "D995 PR9+8843"}}, {"type": "Feature", "geometry": {"type": "Point", "coordinates": [3.17737151, 44.30805903]}, "properties": {"route": "D995", "pr": "2", "abs": 2010, "label": "D995 PR2+2010"}}, {"type": "Feature", "geometry": {"type": "Point", "coordinates": [3.21980475, 44.27864973]}, "properties": {"route": "D995", "pr": "10", "abs": 9846, "label": "D995 PR10+9846"}}, {"type": "Feature", "geometry": {"type": "Point", "coordinates": [3.22707159, 44.27831901]}, "properties": {"route": "D995", "pr": "14", "abs": 13968, "label": "D995 PR14+13968"}}, {"type": "Feature", "geometry": {"type": "Point", "coordinates": [3.10873367, 44.8734322]}, "properties": {"route": "D65", "pr": "12", "abs": 11961, "label": "D65 PR12+11961"}}, {"type": "Feature", "geometry": {"type": "Point", "coordinates": [3.12064587, 44.86986174]}, "properties": {"route": "D65", "pr": "10", "abs": 9963, "label": "D65 PR10+9963"}}, {"type": "Feature", "geometry": {"type": "Point", "coordinates": [3.13198803, 44.87110122]}, "properties": {"route": "D65", "pr": "9", "abs": 8973, "label": "D65 PR9+8973"}}, {"type": "Feature", "geometry": {"type": "Point", "coordinates": [3.20207019, 44.84620496]}, "properties": {"route": "D65", "pr": "2", "abs": 1979, "label": "D65 PR2+1979"}}, {"type": "Feature", "geometry": {"type": "Point", "coordinates": [3.16694594, 44.8472285]}, "properties": {"route": "D65", "pr": "5", "abs": 4977, "label": "D65 PR5+4977"}}, {"type": "Feature", "geometry": {"type": "Point", "coordinates": [3.15691442, 44.85252451]}, "properties": {"route": "D65", "pr": "6", "abs": 5976, "label": "D65 PR6+5976"}}, {"type": "Feature", "geometry": {"type": "Point", "coordinates": [3.11343263, 44.87538214]}, "properties": {"route": "D65", "pr": "11", "abs": 10962, "label": "D65 PR11+10962"}}, {"type": "Feature", "geometry": {"type": "Point", "coordinates": [3.17917426, 44.84687091]}, "properties": {"route": "D65", "pr": "4", "abs": 3978, "label": "D65 PR4+3978"}}, {"type": "Feature", "geometry": {"type": "Point", "coordinates": [3.14744301, 44.85828794]}, "properties": {"route": "D65", "pr": "7", "abs": 6977, "label": "D65 PR7+6977"}}, {"type": "Feature", "geometry": {"type": "Point", "coordinates": [3.13826661, 44.86382873]}, "properties": {"route": "D65", "pr": "8", "abs": 7976, "label": "D65 PR8+7976"}}, {"type": "Feature", "geometry": {"type": "Point", "coordinates": [3.11059534, 44.86848028]}, "properties": {"route": "D65", "pr": "13", "abs": 12955, "label": "D65 PR13+12955"}}, {"type": "Feature", "geometry": {"type": "Point", "coordinates": [3.19116838, 44.84876592]}, "properties": {"route": "D65", "pr": "3", "abs": 2978, "label": "D65 PR3+2978"}}, {"type": "Feature", "geometry": {"type": "Point", "coordinates": [3.21126988, 44.84054273]}, "properties": {"route": "D65", "pr": "1", "abs": 980, "label": "D65 PR1+980"}}, {"type": "Feature", "geometry": {"type": "Point", "coordinates": [3.90839307, 44.24805166]}, "properties": {"route": "D13", "pr": "40", "abs": 39463, "label": "D13 PR40+39463"}}, {"type": "Feature", "geometry": {"type": "Point", "coordinates": [3.88285248, 44.23036556]}, "properties": {"route": "D13", "pr": "34", "abs": 33506, "label": "D13 PR34+33506"}}, {"type": "Feature", "geometry": {"type": "Point", "coordinates": [3.77568592, 44.22036679]}, "properties": {"route": "D13", "pr": "15", "abs": 14689, "label": "D13 PR15+14689"}}, {"type": "Feature", "geometry": {"type": "Point", "coordinates": [3.70907935, 44.23903955]}, "properties": {"route": "D13", "pr": "6", "abs": 5991, "label": "D13 PR6+5991"}}, {"type": "Feature", "geometry": {"type": "Point", "coordinates": [3.78298019, 44.21633279]}, "properties": {"route": "D13", "pr": "16", "abs": 15686, "label": "D13 PR16+15686"}}, {"type": "Feature", "geometry": {"type": "Point", "coordinates": [3.76788572, 44.21927844]}, "properties": {"route": "D13", "pr": "13", "abs": 12998, "label": "D13 PR13+12998"}}, {"type": "Feature", "geometry": {"type": "Point", "coordinates": [3.67089952, 44.23236455]}, "properties": {"route": "D13", "pr": "2", "abs": 1996, "label": "D13 PR2+1996"}}, {"type": "Feature", "geometry": {"type": "Point", "coordinates": [3.80965255, 44.20866096]}, "properties": {"route": "D13", "pr": "20", "abs": 19604, "label": "D13 PR20+19604"}}, {"type": "Feature", "geometry": {"type": "Point", "coordinates": [3.74810567, 44.23523319]}, "properties": {"route": "D13", "pr": "10", "abs": 9967, "label": "D13 PR10+9967"}}, {"type": "Feature", "geometry": {"type": "Point", "coordinates": [3.69767998, 44.23768493]}, "properties": {"route": "D13", "pr": "5", "abs": 4994, "label": "D13 PR5+4994"}}, {"type": "Feature", "geometry": {"type": "Point", "coordinates": [3.88835416, 44.2364927]}, "properties": {"route": "D13", "pr": "35", "abs": 34506, "label": "D13 PR35+34506"}}, {"type": "Feature", "geometry": {"type": "Point", "coordinates": [3.75410456, 44.22914589]}, "properties": {"route": "D13", "pr": "11", "abs": 10975, "label": "D13 PR11+10975"}}, {"type": "Feature", "geometry": {"type": "Point", "coordinates": [3.79583288, 44.20874311]}, "properties": {"route": "D13", "pr": "18", "abs": 17659, "label": "D13 PR18+17659"}}, {"type": "Feature", "geometry": {"type": "Point", "coordinates": [3.81217715, 44.21613149]}, "properties": {"route": "D13", "pr": "22", "abs": 21544, "label": "D13 PR22+21544"}}, {"type": "Feature", "geometry": {"type": "Point", "coordinates": [3.76057318, 44.22308473]}, "properties": {"route": "D13", "pr": "12", "abs": 11972, "label": "D13 PR12+11972"}}, {"type": "Feature", "geometry": {"type": "Point", "coordinates": [3.82351349, 44.21298025]}, "properties": {"route": "D13", "pr": "26", "abs": 25520, "label": "D13 PR26+25520"}}, {"type": "Feature", "geometry": {"type": "Point", "coordinates": [3.90124532, 44.23428038]}, "properties": {"route": "D13", "pr": "37", "abs": 36510, "label": "D13 PR37+36510"}}, {"type": "Feature", "geometry": {"type": "Point", "coordinates": [3.87533472, 44.22476556]}, "properties": {"route": "D13", "pr": "33", "abs": 32503, "label": "D13 PR33+32503"}}, {"type": "Feature", "geometry": {"type": "Point", "coordinates": [3.89482243, 44.23189347]}, "properties": {"route": "D13", "pr": "36", "abs": 35504, "label": "D13 PR36+35504"}}, {"type": "Feature", "geometry": {"type": "Point", "coordinates": [3.71935238, 44.24276686]}, "properties": {"route": "D13", "pr": "7", "abs": 6997, "label": "D13 PR7+6997"}}, {"type": "Feature", "geometry": {"type": "Point", "coordinates": [3.82078709, 44.21216174]}, "properties": {"route": "D13", "pr": "25", "abs": 24504, "label": "D13 PR25+24504"}}, {"type": "Feature", "geometry": {"type": "Point", "coordinates": [3.8038831, 44.20580761]}, "properties": {"route": "D13", "pr": "19", "abs": 18643, "label": "D13 PR19+18643"}}, {"type": "Feature", "geometry": {"type": "Point", "coordinates": [3.82922568, 44.21796547]}, "properties": {"route": "D13", "pr": "27", "abs": 26516, "label": "D13 PR27+26516"}}, {"type": "Feature", "geometry": {"type": "Point", "coordinates": [3.83936946, 44.22612655]}, "properties": {"route": "D13", "pr": "29", "abs": 28500, "label": "D13 PR29+28500"}}, {"type": "Feature", "geometry": {"type": "Point", "coordinates": [3.68088692, 44.22939654]}, "properties": {"route": "D13", "pr": "3", "abs": 2993, "label": "D13 PR3+2993"}}, {"type": "Feature", "geometry": {"type": "Point", "coordinates": [3.69010867, 44.23108254]}, "properties": {"route": "D13", "pr": "4", "abs": 3992, "label": "D13 PR4+3992"}}, {"type": "Feature", "geometry": {"type": "Point", "coordinates": [3.84793846, 44.22455206]}, "properties": {"route": "D13", "pr": "30", "abs": 29485, "label": "D13 PR30+29485"}}, {"type": "Feature", "geometry": {"type": "Point", "coordinates": [3.76998686, 44.2241416]}, "properties": {"route": "D13", "pr": "14", "abs": 13692, "label": "D13 PR14+13692"}}, {"type": "Feature", "geometry": {"type": "Point", "coordinates": [3.81579232, 44.21791308]}, "properties": {"route": "D13", "pr": "24", "abs": 23541, "label": "D13 PR24+23541"}}, {"type": "Feature", "geometry": {"type": "Point", "coordinates": [3.73004772, 44.24202928]}, "properties": {"route": "D13", "pr": "8", "abs": 7987, "label": "D13 PR8+7987"}}, {"type": "Feature", "geometry": {"type": "Point", "coordinates": [3.86436888, 44.22163528]}, "properties": {"route": "D13", "pr": "32", "abs": 31521, "label": "D13 PR32+31521"}}, {"type": "Feature", "geometry": {"type": "Point", "coordinates": [3.81367656, 44.22041138]}, "properties": {"route": "D13", "pr": "23", "abs": 22595, "label": "D13 PR23+22595"}}, {"type": "Feature", "geometry": {"type": "Point", "coordinates": [3.73834827, 44.23740916]}, "properties": {"route": "D13", "pr": "9", "abs": 8983, "label": "D13 PR9+8983"}}, {"type": "Feature", "geometry": {"type": "Point", "coordinates": [3.90820082, 44.24167195]}, "properties": {"route": "D13", "pr": "39", "abs": 38475, "label": "D13 PR39+38475"}}, {"type": "Feature", "geometry": {"type": "Point", "coordinates": [3.90654447, 44.23957295]}, "properties": {"route": "D13", "pr": "38", "abs": 37524, "label": "D13 PR38+37524"}}, {"type": "Feature", "geometry": {"type": "Point", "coordinates": [3.83400562, 44.22136873]}, "properties": {"route": "D13", "pr": "28", "abs": 27503, "label": "D13 PR28+27503"}}, {"type": "Feature", "geometry": {"type": "Point", "coordinates": [3.66173374, 44.23727369]}, "properties": {"route": "D13", "pr": "1", "abs": 997, "label": "D13 PR1+997"}}, {"type": "Feature", "geometry": {"type": "Point", "coordinates": [3.81066897, 44.21832369]}, "properties": {"route": "D13", "pr": "21", "abs": 20595, "label": "D13 PR21+20595"}}, {"type": "Feature", "geometry": {"type": "Point", "coordinates": [3.79069333, 44.21306311]}, "properties": {"route": "D13", "pr": "17", "abs": 16677, "label": "D13 PR17+16677"}}, {"type": "Feature", "geometry": {"type": "Point", "coordinates": [3.52659185, 44.3080124]}, "properties": {"route": "D16", "pr": "11", "abs": 11903, "label": "D16 PR11+11903"}}, {"type": "Feature", "geometry": {"type": "Point", "coordinates": [3.47528667, 44.2869621]}, "properties": {"route": "D16", "pr": "16", "abs": 16951, "label": "D16 PR16+16951"}}, {"type": "Feature", "geometry": {"type": "Point", "coordinates": [3.30269237, 44.28279585]}, "properties": {"route": "D16", "pr": "32", "abs": 32902, "label": "D16 PR32+32902"}}, {"type": "Feature", "geometry": {"type": "Point", "coordinates": [3.45212933, 44.29045243]}, "properties": {"route": "D16", "pr": "18", "abs": 18888, "label": "D16 PR18+18888"}}, {"type": "Feature", "geometry": {"type": "Point", "coordinates": [3.22834737, 44.27248355]}, "properties": {"route": "D16", "pr": "44", "abs": 44871, "label": "D16 PR44+44871"}}, {"type": "Feature", "geometry": {"type": "Point", "coordinates": [3.44041757, 44.29343084]}, "properties": {"route": "D16", "pr": "19", "abs": 19893, "label": "D16 PR19+19893"}}, {"type": "Feature", "geometry": {"type": "Point", "coordinates": [3.2516634, 44.27119135]}, "properties": {"route": "D16", "pr": "37", "abs": 37896, "label": "D16 PR37+37896"}}, {"type": "Feature", "geometry": {"type": "Point", "coordinates": [3.49649669, 44.29265809]}, "properties": {"route": "D16", "pr": "14", "abs": 14976, "label": "D16 PR14+14976"}}, {"type": "Feature", "geometry": {"type": "Point", "coordinates": [3.38063758, 44.29701701]}, "properties": {"route": "D16", "pr": "24", "abs": 24901, "label": "D16 PR24+24901"}}, {"type": "Feature", "geometry": {"type": "Point", "coordinates": [3.28344459, 44.27797836]}, "properties": {"route": "D16", "pr": "34", "abs": 34903, "label": "D16 PR34+34903"}}, {"type": "Feature", "geometry": {"type": "Point", "coordinates": [3.23181363, 44.27581216]}, "properties": {"route": "D16", "pr": "43", "abs": 43872, "label": "D16 PR43+43872"}}, {"type": "Feature", "geometry": {"type": "Point", "coordinates": [3.2453008, 44.27585759]}, "properties": {"route": "D16", "pr": "38", "abs": 38886, "label": "D16 PR38+38886"}}, {"type": "Feature", "geometry": {"type": "Point", "coordinates": [3.55644654, 44.31316823]}, "properties": {"route": "D16", "pr": "8", "abs": 8935, "label": "D16 PR8+8935"}}, {"type": "Feature", "geometry": {"type": "Point", "coordinates": [3.57609253, 44.32924757]}, "properties": {"route": "D16", "pr": "3", "abs": 3943, "label": "D16 PR3+3943"}}, {"type": "Feature", "geometry": {"type": "Point", "coordinates": [3.3918855, 44.29346423]}, "properties": {"route": "D16", "pr": "23", "abs": 23892, "label": "D16 PR23+23892"}}, {"type": "Feature", "geometry": {"type": "Point", "coordinates": [3.51670318, 44.30301844]}, "properties": {"route": "D16", "pr": "12", "abs": 12903, "label": "D16 PR12+12903"}}, {"type": "Feature", "geometry": {"type": "Point", "coordinates": [3.23769159, 44.27391384]}, "properties": {"route": "D16", "pr": "39", "abs": 39863, "label": "D16 PR39+39863"}}, {"type": "Feature", "geometry": {"type": "Point", "coordinates": [3.35046399, 44.289161]}, "properties": {"route": "D16", "pr": "27", "abs": 27901, "label": "D16 PR27+27901"}}, {"type": "Feature", "geometry": {"type": "Point", "coordinates": [3.54626407, 44.31122813]}, "properties": {"route": "D16", "pr": "9", "abs": 9931, "label": "D16 PR9+9931"}}, {"type": "Feature", "geometry": {"type": "Point", "coordinates": [3.29146874, 44.28442572]}, "properties": {"route": "D16", "pr": "33", "abs": 33901, "label": "D16 PR33+33901"}}, {"type": "Feature", "geometry": {"type": "Point", "coordinates": [3.36210279, 44.29222245]}, "properties": {"route": "D16", "pr": "26", "abs": 26899, "label": "D16 PR26+26899"}}, {"type": "Feature", "geometry": {"type": "Point", "coordinates": [3.41650681, 44.29378687]}, "properties": {"route": "D16", "pr": "21", "abs": 21890, "label": "D16 PR21+21890"}}, {"type": "Feature", "geometry": {"type": "Point", "coordinates": [3.40413706, 44.29290049]}, "properties": {"route": "D16", "pr": "22", "abs": 22891, "label": "D16 PR22+22891"}}, {"type": "Feature", "geometry": {"type": "Point", "coordinates": [3.56230192, 44.32068362]}, "properties": {"route": "D16", "pr": "7", "abs": 7940, "label": "D16 PR7+7940"}}, {"type": "Feature", "geometry": {"type": "Point", "coordinates": [3.46375872, 44.28751002]}, "properties": {"route": "D16", "pr": "17", "abs": 17887, "label": "D16 PR17+17887"}}, {"type": "Feature", "geometry": {"type": "Point", "coordinates": [3.23446642, 44.26350273]}, "properties": {"route": "D16", "pr": "41", "abs": 41881, "label": "D16 PR41+41881"}}, {"type": "Feature", "geometry": {"type": "Point", "coordinates": [3.31394181, 44.28300463]}, "properties": {"route": "D16", "pr": "31", "abs": 31900, "label": "D16 PR31+31900"}}, {"type": "Feature", "geometry": {"type": "Point", "coordinates": [3.56808287, 44.33275488]}, "properties": {"route": "D16", "pr": "5", "abs": 5930, "label": "D16 PR5+5930"}}, {"type": "Feature", "geometry": {"type": "Point", "coordinates": [3.50620939, 44.29827935]}, "properties": {"route": "D16", "pr": "13", "abs": 13904, "label": "D16 PR13+13904"}}, {"type": "Feature", "geometry": {"type": "Point", "coordinates": [3.53493826, 44.3101397]}, "properties": {"route": "D16", "pr": "10", "abs": 10907, "label": "D16 PR10+10907"}}, {"type": "Feature", "geometry": {"type": "Point", "coordinates": [3.57630425, 44.32651354]}, "properties": {"route": "D16", "pr": "4", "abs": 4932, "label": "D16 PR4+4932"}}, {"type": "Feature", "geometry": {"type": "Point", "coordinates": [3.48814659, 44.28817585]}, "properties": {"route": "D16", "pr": "15", "abs": 15889, "label": "D16 PR15+15889"}}, {"type": "Feature", "geometry": {"type": "Point", "coordinates": [3.26372842, 44.27221621]}, "properties": {"route": "D16", "pr": "36", "abs": 36895, "label": "D16 PR36+36895"}}, {"type": "Feature", "geometry": {"type": "Point", "coordinates": [3.36869442, 44.29718282]}, "properties": {"route": "D16", "pr": "25", "abs": 25894, "label": "D16 PR25+25894"}}, {"type": "Feature", "geometry": {"type": "Point", "coordinates": [3.42863607, 44.29198677]}, "properties": {"route": "D16", "pr": "20", "abs": 20889, "label": "D16 PR20+20889"}}, {"type": "Feature", "geometry": {"type": "Point", "coordinates": [3.3401484, 44.29382281]}, "properties": {"route": "D16", "pr": "28", "abs": 28906, "label": "D16 PR28+28906"}}, {"type": "Feature", "geometry": {"type": "Point", "coordinates": [3.23166394, 44.27106161]}, "properties": {"route": "D16", "pr": "42", "abs": 42878, "label": "D16 PR42+42878"}}, {"type": "Feature", "geometry": {"type": "Point", "coordinates": [3.33177042, 44.28826036]}, "properties": {"route": "D16", "pr": "29", "abs": 29905, "label": "D16 PR29+29905"}}, {"type": "Feature", "geometry": {"type": "Point", "coordinates": [3.56760567, 44.32805935]}, "properties": {"route": "D16", "pr": "6", "abs": 6934, "label": "D16 PR6+6934"}}, {"type": "Feature", "geometry": {"type": "Point", "coordinates": [3.58711731, 44.32370904]}, "properties": {"route": "D16", "pr": "1", "abs": 1950, "label": "D16 PR1+1950"}}, {"type": "Feature", "geometry": {"type": "Point", "coordinates": [3.32469544, 44.28413906]}, "properties": {"route": "D16", "pr": "30", "abs": 30907, "label": "D16 PR30+30907"}}, {"type": "Feature", "geometry": {"type": "Point", "coordinates": [3.27392478, 44.27403563]}, "properties": {"route": "D16", "pr": "35", "abs": 35901, "label": "D16 PR35+35901"}}, {"type": "Feature", "geometry": {"type": "Point", "coordinates": [3.58432826, 44.32307307]}, "properties": {"route": "D16", "pr": "2", "abs": 2928, "label": "D16 PR2+2928"}}, {"type": "Feature", "geometry": {"type": "Point", "coordinates": [3.23504662, 44.26568159]}, "properties": {"route": "D16", "pr": "40", "abs": 40876, "label": "D16 PR40+40876"}}, {"type": "Feature", "geometry": {"type": "Point", "coordinates": [3.59624617, 44.28974903]}, "properties": {"route": "D907", "pr": "24", "abs": 23833, "label": "D907 PR24+23833"}}, {"type": "Feature", "geometry": {"type": "Point", "coordinates": [3.61820453, 44.17086188]}, "properties": {"route": "D907", "pr": "2", "abs": 1993, "label": "D907 PR2+1993"}}, {"type": "Feature", "geometry": {"type": "Point", "coordinates": [3.58245587, 44.21993173]}, "properties": {"route": "D907", "pr": "12", "abs": 11975, "label": "D907 PR12+11975"}}, {"type": "Feature", "geometry": {"type": "Point", "coordinates": [3.59987468, 44.18588828]}, "properties": {"route": "D907", "pr": "5", "abs": 4983, "label": "D907 PR5+4983"}}, {"type": "Feature", "geometry": {"type": "Point", "coordinates": [3.57657447, 44.23436388]}, "properties": {"route": "D907", "pr": "15", "abs": 14963, "label": "D907 PR15+14963"}}, {"type": "Feature", "geometry": {"type": "Point", "coordinates": [3.59815876, 44.30937651]}, "properties": {"route": "D907", "pr": "27", "abs": 26649, "label": "D907 PR27+26649"}}, {"type": "Feature", "geometry": {"type": "Point", "coordinates": [3.59067987, 44.27474475]}, "properties": {"route": "D907", "pr": "21", "abs": 20896, "label": "D907 PR21+20896"}}, {"type": "Feature", "geometry": {"type": "Point", "coordinates": [3.5816865, 44.24672903]}, "properties": {"route": "D907", "pr": "17", "abs": 16944, "label": "D907 PR17+16944"}}, {"type": "Feature", "geometry": {"type": "Point", "coordinates": [3.58365782, 44.26904294]}, "properties": {"route": "D907", "pr": "20", "abs": 19915, "label": "D907 PR20+19915"}}, {"type": "Feature", "geometry": {"type": "Point", "coordinates": [3.59148916, 44.19194652]}, "properties": {"route": "D907", "pr": "6", "abs": 5985, "label": "D907 PR6+5985"}}, {"type": "Feature", "geometry": {"type": "Point", "coordinates": [3.62536906, 44.16529195]}, "properties": {"route": "D907", "pr": "1", "abs": 997, "label": "D907 PR1+997"}}, {"type": "Feature", "geometry": {"type": "Point", "coordinates": [3.61514343, 44.17678197]}, "properties": {"route": "D907", "pr": "3", "abs": 2985, "label": "D907 PR3+2985"}}, {"type": "Feature", "geometry": {"type": "Point", "coordinates": [3.57624368, 44.22792341]}, "properties": {"route": "D907", "pr": "14", "abs": 13995, "label": "D907 PR14+13995"}}, {"type": "Feature", "geometry": {"type": "Point", "coordinates": [3.57525458, 44.22284289]}, "properties": {"route": "D907", "pr": "13", "abs": 12968, "label": "D907 PR13+12968"}}, {"type": "Feature", "geometry": {"type": "Point", "coordinates": [3.59461978, 44.19809357]}, "properties": {"route": "D907", "pr": "7", "abs": 6968, "label": "D907 PR7+6968"}}, {"type": "Feature", "geometry": {"type": "Point", "coordinates": [3.57847255, 44.24100856]}, "properties": {"route": "D907", "pr": "16", "abs": 15977, "label": "D907 PR16+15977"}}, {"type": "Feature", "geometry": {"type": "Point", "coordinates": [3.61149174, 44.18355678]}, "properties": {"route": "D907", "pr": "4", "abs": 3985, "label": "D907 PR4+3985"}}, {"type": "Feature", "geometry": {"type": "Point", "coordinates": [3.5838455, 44.2090041]}, "properties": {"route": "D907", "pr": "10", "abs": 9983, "label": "D907 PR10+9983"}}, {"type": "Feature", "geometry": {"type": "Point", "coordinates": [3.5921048, 44.20204247]}, "properties": {"route": "D907", "pr": "8", "abs": 7974, "label": "D907 PR8+7974"}}, {"type": "Feature", "geometry": {"type": "Point", "coordinates": [3.59781531, 44.31865458]}, "properties": {"route": "D907", "pr": "28", "abs": 27698, "label": "D907 PR28+27698"}}, {"type": "Feature", "geometry": {"type": "Point", "coordinates": [3.58233564, 44.26166608]}, "properties": {"route": "D907", "pr": "19", "abs": 18934, "label": "D907 PR19+18934"}}, {"type": "Feature", "geometry": {"type": "Point", "coordinates": [3.58359441, 44.253866]}, "properties": {"route": "D907", "pr": "18", "abs": 17937, "label": "D907 PR18+17937"}}, {"type": "Feature", "geometry": {"type": "Point", "coordinates": [3.58658982, 44.21554504]}, "properties": {"route": "D907", "pr": "11", "abs": 10970, "label": "D907 PR11+10970"}}, {"type": "Feature", "geometry": {"type": "Point", "coordinates": [3.59308194, 44.2842446]}, "properties": {"route": "D907", "pr": "23", "abs": 22768, "label": "D907 PR23+22768"}}, {"type": "Feature", "geometry": {"type": "Point", "coordinates": [3.58759431, 44.20606142]}, "properties": {"route": "D907", "pr": "9", "abs": 8965, "label": "D907 PR9+8965"}}, {"type": "Feature", "geometry": {"type": "Point", "coordinates": [3.58758153, 44.28030718]}, "properties": {"route": "D907", "pr": "22", "abs": 21831, "label": "D907 PR22+21831"}}, {"type": "Feature", "geometry": {"type": "Point", "coordinates": [3.59872066, 44.30216135]}, "properties": {"route": "D907", "pr": "26", "abs": 25738, "label": "D907 PR26+25738"}}, {"type": "Feature", "geometry": {"type": "Point", "coordinates": [3.59651883, 44.29625208]}, "properties": {"route": "D907", "pr": "25", "abs": 24745, "label": "D907 PR25+24745"}}, {"type": "Feature", "geometry": {"type": "Point", "coordinates": [3.3641965, 44.74009309]}, "properties": {"route": "D7", "pr": "8", "abs": 7950, "label": "D7 PR8+7950"}}, {"type": "Feature", "geometry": {"type": "Point", "coordinates": [3.47062376, 44.79279955]}, "properties": {"route": "D7", "pr": "21", "abs": 20941, "label": "D7 PR21+20941"}}, {"type": "Feature", "geometry": {"type": "Point", "coordinates": [3.45665408, 44.78072691]}, "properties": {"route": "D7", "pr": "19", "abs": 18943, "label": "D7 PR19+18943"}}, {"type": "Feature", "geometry": {"type": "Point", "coordinates": [3.47648619, 44.79601571]}, "properties": {"route": "D7", "pr": "22", "abs": 21941, "label": "D7 PR22+21941"}}, {"type": "Feature", "geometry": {"type": "Point", "coordinates": [3.46218733, 44.78782739]}, "properties": {"route": "D7", "pr": "20", "abs": 19940, "label": "D7 PR20+19940"}}, {"type": "Feature", "geometry": {"type": "Point", "coordinates": [3.43741181, 44.76140432]}, "properties": {"route": "D7", "pr": "16", "abs": 15944, "label": "D7 PR16+15944"}}, {"type": "Feature", "geometry": {"type": "Point", "coordinates": [3.39626139, 44.74150366]}, "properties": {"route": "D7", "pr": "11", "abs": 10940, "label": "D7 PR11+10940"}}, {"type": "Feature", "geometry": {"type": "Point", "coordinates": [3.35344451, 44.74115426]}, "properties": {"route": "D7", "pr": "7", "abs": 7002, "label": "D7 PR7+7002"}}, {"type": "Feature", "geometry": {"type": "Point", "coordinates": [3.38582606, 44.74319527]}, "properties": {"route": "D7", "pr": "10", "abs": 9946, "label": "D7 PR10+9946"}}, {"type": "Feature", "geometry": {"type": "Point", "coordinates": [3.42935606, 44.75083727]}, "properties": {"route": "D7", "pr": "14", "abs": 13952, "label": "D7 PR14+13952"}}, {"type": "Feature", "geometry": {"type": "Point", "coordinates": [3.43605201, 44.75552429]}, "properties": {"route": "D7", "pr": "15", "abs": 14946, "label": "D7 PR15+14946"}}, {"type": "Feature", "geometry": {"type": "Point", "coordinates": [3.41842286, 44.74684568]}, "properties": {"route": "D7", "pr": "13", "abs": 12958, "label": "D7 PR13+12958"}}, {"type": "Feature", "geometry": {"type": "Point", "coordinates": [3.30987585, 44.73125348]}, "properties": {"route": "D7", "pr": "3", "abs": 3012, "label": "D7 PR3+3012"}}, {"type": "Feature", "geometry": {"type": "Point", "coordinates": [3.37495152, 44.74200998]}, "properties": {"route": "D7", "pr": "9", "abs": 8940, "label": "D7 PR9+8940"}}, {"type": "Feature", "geometry": {"type": "Point", "coordinates": [3.44731069, 44.76638681]}, "properties": {"route": "D7", "pr": "17", "abs": 16943, "label": "D7 PR17+16943"}}, {"type": "Feature", "geometry": {"type": "Point", "coordinates": [3.48271065, 44.80140701]}, "properties": {"route": "D7", "pr": "23", "abs": 22942, "label": "D7 PR23+22942"}}, {"type": "Feature", "geometry": {"type": "Point", "coordinates": [3.29600228, 44.71956859]}, "properties": {"route": "D7", "pr": "1", "abs": 1035, "label": "D7 PR1+1035"}}, {"type": "Feature", "geometry": {"type": "Point", "coordinates": [3.45247062, 44.77233861]}, "properties": {"route": "D7", "pr": "18", "abs": 17940, "label": "D7 PR18+17940"}}, {"type": "Feature", "geometry": {"type": "Point", "coordinates": [3.32001846, 44.73449545]}, "properties": {"route": "D7", "pr": "4", "abs": 4004, "label": "D7 PR4+4004"}}, {"type": "Feature", "geometry": {"type": "Point", "coordinates": [3.30606462, 44.72298309]}, "properties": {"route": "D7", "pr": "2", "abs": 2012, "label": "D7 PR2+2012"}}, {"type": "Feature", "geometry": {"type": "Point", "coordinates": [3.40678072, 44.74417909]}, "properties": {"route": "D7", "pr": "12", "abs": 11952, "label": "D7 PR12+11952"}}, {"type": "Feature", "geometry": {"type": "Point", "coordinates": [3.33194563, 44.73535166]}, "properties": {"route": "D7", "pr": "5", "abs": 5000, "label": "D7 PR5+5000"}}, {"type": "Feature", "geometry": {"type": "Point", "coordinates": [3.4919732, 44.79643067]}, "properties": {"route": "D7", "pr": "24", "abs": 23942, "label": "D7 PR24+23942"}}, {"type": "Feature", "geometry": {"type": "Point", "coordinates": [3.34149793, 44.73839897]}, "properties": {"route": "D7", "pr": "6", "abs": 6000, "label": "D7 PR6+6000"}}, {"type": "Feature", "geometry": {"type": "Point", "coordinates": [3.68644371, 44.20390356]}, "properties": {"route": "D61", "pr": "1", "abs": 998, "label": "D61 PR1+998"}}, {"type": "Feature", "geometry": {"type": "Point", "coordinates": [3.65316937, 44.19142753]}, "properties": {"route": "D61", "pr": "8", "abs": 7900, "label": "D61 PR8+7900"}}, {"type": "Feature", "geometry": {"type": "Point", "coordinates": [3.6553544, 44.17674178]}, "properties": {"route": "D61", "pr": "10", "abs": 9895, "label": "D61 PR10+9895"}}, {"type": "Feature", "geometry": {"type": "Point", "coordinates": [3.65681517, 44.18517698]}, "properties": {"route": "D61", "pr": "9", "abs": 8877, "label": "D61 PR9+8877"}}, {"type": "Feature", "geometry": {"type": "Point", "coordinates": [3.65661989, 44.19588052]}, "properties": {"route": "D61", "pr": "7", "abs": 6911, "label": "D61 PR7+6911"}}, {"type": "Feature", "geometry": {"type": "Point", "coordinates": [3.68514988, 44.20120857]}, "properties": {"route": "D61", "pr": "3", "abs": 2935, "label": "D61 PR3+2935"}}, {"type": "Feature", "geometry": {"type": "Point", "coordinates": [3.67483072, 44.19688171]}, "properties": {"route": "D61", "pr": "5", "abs": 4924, "label": "D61 PR5+4924"}}, {"type": "Feature", "geometry": {"type": "Point", "coordinates": [3.67858422, 44.19604666]}, "properties": {"route": "D61", "pr": "4", "abs": 3929, "label": "D61 PR4+3929"}}, {"type": "Feature", "geometry": {"type": "Point", "coordinates": [3.67906973, 44.20746081]}, "properties": {"route": "D61", "pr": "2", "abs": 1941, "label": "D61 PR2+1941"}}, {"type": "Feature", "geometry": {"type": "Point", "coordinates": [3.66856165, 44.19532596]}, "properties": {"route": "D61", "pr": "6", "abs": 5909, "label": "D61 PR6+5909"}}, {"type": "Feature", "geometry": {"type": "Point", "coordinates": [3.19533605, 44.74211483]}, "properties": {"route": "D10", "pr": "11", "abs": 10955, "label": "D10 PR11+10955"}}, {"type": "Feature", "geometry": {"type": "Point", "coordinates": [3.18375668, 44.73072062]}, "properties": {"route": "D10", "pr": "13", "abs": 12971, "label": "D10 PR13+12971"}}, {"type": "Feature", "geometry": {"type": "Point", "coordinates": [3.22994261, 44.7560851]}, "properties": {"route": "D10", "pr": "7", "abs": 6957, "label": "D10 PR7+6957"}}, {"type": "Feature", "geometry": {"type": "Point", "coordinates": [3.18543112, 44.73753941]}, "properties": {"route": "D10", "pr": "12", "abs": 11963, "label": "D10 PR12+11963"}}, {"type": "Feature", "geometry": {"type": "Point", "coordinates": [3.22395963, 44.75003467]}, "properties": {"route": "D10", "pr": "8", "abs": 7952, "label": "D10 PR8+7952"}}, {"type": "Feature", "geometry": {"type": "Point", "coordinates": [3.21673804, 44.74546288]}, "properties": {"route": "D10", "pr": "9", "abs": 8952, "label": "D10 PR9+8952"}}, {"type": "Feature", "geometry": {"type": "Point", "coordinates": [3.27138296, 44.7911199]}, "properties": {"route": "D10", "pr": "1", "abs": 961, "label": "D10 PR1+961"}}, {"type": "Feature", "geometry": {"type": "Point", "coordinates": [3.23341271, 44.77262557]}, "properties": {"route": "D10", "pr": "5", "abs": 4942, "label": "D10 PR5+4942"}}, {"type": "Feature", "geometry": {"type": "Point", "coordinates": [3.17802638, 44.72347897]}, "properties": {"route": "D10", "pr": "14", "abs": 13974, "label": "D10 PR14+13974"}}, {"type": "Feature", "geometry": {"type": "Point", "coordinates": [3.23395075, 44.76432715]}, "properties": {"route": "D10", "pr": "6", "abs": 5951, "label": "D10 PR6+5951"}}, {"type": "Feature", "geometry": {"type": "Point", "coordinates": [3.25157523, 44.78279003]}, "properties": {"route": "D10", "pr": "3", "abs": 2970, "label": "D10 PR3+2970"}}, {"type": "Feature", "geometry": {"type": "Point", "coordinates": [3.24054741, 44.77880089]}, "properties": {"route": "D10", "pr": "4", "abs": 3968, "label": "D10 PR4+3968"}}, {"type": "Feature", "geometry": {"type": "Point", "coordinates": [3.20480257, 44.74449885]}, "properties": {"route": "D10", "pr": "10", "abs": 9956, "label": "D10 PR10+9956"}}, {"type": "Feature", "geometry": {"type": "Point", "coordinates": [3.15932738, 44.71348986]}, "properties": {"route": "D10", "pr": "16", "abs": 15989, "label": "D10 PR16+15989"}}, {"type": "Feature", "geometry": {"type": "Point", "coordinates": [3.26018832, 44.78889413]}, "properties": {"route": "D10", "pr": "2", "abs": 1969, "label": "D10 PR2+1969"}}, {"type": "Feature", "geometry": {"type": "Point", "coordinates": [3.1695713, 44.71827412]}, "properties": {"route": "D10", "pr": "15", "abs": 14982, "label": "D10 PR15+14982"}}, {"type": "Feature", "geometry": {"type": "Point", "coordinates": [3.69950795, 44.70726261]}, "properties": {"route": "D34", "pr": "13", "abs": 12939, "label": "D34 PR13+12939"}}, {"type": "Feature", "geometry": {"type": "Point", "coordinates": [3.50460486, 44.70170602]}, "properties": {"route": "D34", "pr": "32", "abs": 32116, "label": "D34 PR32+32116"}}, {"type": "Feature", "geometry": {"type": "Point", "coordinates": [3.58753042, 44.71866949]}, "properties": {"route": "D34", "pr": "23", "abs": 22965, "label": "D34 PR23+22965"}}, {"type": "Feature", "geometry": {"type": "Point", "coordinates": [3.75933354, 44.72313302]}, "properties": {"route": "D34", "pr": "8", "abs": 7941, "label": "D34 PR8+7941"}}, {"type": "Feature", "geometry": {"type": "Point", "coordinates": [3.44130289, 44.69119354]}, "properties": {"route": "D34", "pr": "39", "abs": 39106, "label": "D34 PR39+39106"}}, {"type": "Feature", "geometry": {"type": "Point", "coordinates": [3.43079016, 44.68978997]}, "properties": {"route": "D34", "pr": "40", "abs": 40111, "label": "D34 PR40+40111"}}, {"type": "Feature", "geometry": {"type": "Point", "coordinates": [3.61890093, 44.71490004]}, "properties": {"route": "D34", "pr": "20", "abs": 19889, "label": "D34 PR20+19889"}}, {"type": "Feature", "geometry": {"type": "Point", "coordinates": [3.66823075, 44.70735856]}, "properties": {"route": "D34", "pr": "16", "abs": 15950, "label": "D34 PR16+15950"}}, {"type": "Feature", "geometry": {"type": "Point", "coordinates": [3.45053387, 44.69560113]}, "properties": {"route": "D34", "pr": "38", "abs": 38105, "label": "D34 PR38+38105"}}, {"type": "Feature", "geometry": {"type": "Point", "coordinates": [3.72093903, 44.71279631]}, "properties": {"route": "D34", "pr": "11", "abs": 10946, "label": "D34 PR11+10946"}}, {"type": "Feature", "geometry": {"type": "Point", "coordinates": [3.53578257, 44.72321743]}, "properties": {"route": "D34", "pr": "28", "abs": 28103, "label": "D34 PR28+28103"}}, {"type": "Feature", "geometry": {"type": "Point", "coordinates": [3.57549223, 44.71689066]}, "properties": {"route": "D34", "pr": "24", "abs": 23990, "label": "D34 PR24+23990"}}, {"type": "Feature", "geometry": {"type": "Point", "coordinates": [3.48770062, 44.69017687]}, "properties": {"route": "D34", "pr": "34", "abs": 34092, "label": "D34 PR34+34092"}}, {"type": "Feature", "geometry": {"type": "Point", "coordinates": [3.55363092, 44.72431447]}, "properties": {"route": "D34", "pr": "26", "abs": 26084, "label": "D34 PR26+26084"}}, {"type": "Feature", "geometry": {"type": "Point", "coordinates": [3.71185132, 44.70725597]}, "properties": {"route": "D34", "pr": "12", "abs": 11941, "label": "D34 PR12+11941"}}, {"type": "Feature", "geometry": {"type": "Point", "coordinates": [3.51303991, 44.70822149]}, "properties": {"route": "D34", "pr": "31", "abs": 31092, "label": "D34 PR31+31092"}}, {"type": "Feature", "geometry": {"type": "Point", "coordinates": [3.47695141, 44.68674855]}, "properties": {"route": "D34", "pr": "35", "abs": 35092, "label": "D34 PR35+35092"}}, {"type": "Feature", "geometry": {"type": "Point", "coordinates": [3.81769431, 44.72008132]}, "properties": {"route": "D34", "pr": "2", "abs": 2011, "label": "D34 PR2+2011"}}, {"type": "Feature", "geometry": {"type": "Point", "coordinates": [3.82941804, 44.71981407]}, "properties": {"route": "D34", "pr": "1", "abs": 1005, "label": "D34 PR1+1005"}}, {"type": "Feature", "geometry": {"type": "Point", "coordinates": [3.77029984, 44.72421063]}, "properties": {"route": "D34", "pr": "7", "abs": 6958, "label": "D34 PR7+6958"}}, {"type": "Feature", "geometry": {"type": "Point", "coordinates": [3.63183942, 44.71062608]}, "properties": {"route": "D34", "pr": "19", "abs": 18962, "label": "D34 PR19+18962"}}, {"type": "Feature", "geometry": {"type": "Point", "coordinates": [3.78887827, 44.71907757]}, "properties": {"route": "D34", "pr": "5", "abs": 4961, "label": "D34 PR5+4961"}}, {"type": "Feature", "geometry": {"type": "Point", "coordinates": [3.59664272, 44.71381938]}, "properties": {"route": "D34", "pr": "22", "abs": 21949, "label": "D34 PR22+21949"}}, {"type": "Feature", "geometry": {"type": "Point", "coordinates": [3.466669, 44.6910697]}, "properties": {"route": "D34", "pr": "36", "abs": 36110, "label": "D34 PR36+36110"}}, {"type": "Feature", "geometry": {"type": "Point", "coordinates": [3.79869352, 44.7138924]}, "properties": {"route": "D34", "pr": "4", "abs": 3960, "label": "D34 PR4+3960"}}, {"type": "Feature", "geometry": {"type": "Point", "coordinates": [3.41943367, 44.68669425]}, "properties": {"route": "D34", "pr": "41", "abs": 41106, "label": "D34 PR41+41106"}}, {"type": "Feature", "geometry": {"type": "Point", "coordinates": [3.49627229, 44.69571254]}, "properties": {"route": "D34", "pr": "33", "abs": 33090, "label": "D34 PR33+33090"}}, {"type": "Feature", "geometry": {"type": "Point", "coordinates": [3.52500783, 44.71953633]}, "properties": {"route": "D34", "pr": "29", "abs": 29102, "label": "D34 PR29+29102"}}, {"type": "Feature", "geometry": {"type": "Point", "coordinates": [3.7492097, 44.72412121]}, "properties": {"route": "D34", "pr": "9", "abs": 8953, "label": "D34 PR9+8953"}}, {"type": "Feature", "geometry": {"type": "Point", "coordinates": [3.65589462, 44.70776724]}, "properties": {"route": "D34", "pr": "17", "abs": 16951, "label": "D34 PR17+16951"}}, {"type": "Feature", "geometry": {"type": "Point", "coordinates": [3.54290417, 44.72863507]}, "properties": {"route": "D34", "pr": "27", "abs": 27100, "label": "D34 PR27+27100"}}, {"type": "Feature", "geometry": {"type": "Point", "coordinates": [3.52100393, 44.71465484]}, "properties": {"route": "D34", "pr": "30", "abs": 30068, "label": "D34 PR30+30068"}}, {"type": "Feature", "geometry": {"type": "Point", "coordinates": [3.60836615, 44.71240602]}, "properties": {"route": "D34", "pr": "21", "abs": 20914, "label": "D34 PR21+20914"}}, {"type": "Feature", "geometry": {"type": "Point", "coordinates": [3.78040935, 44.72029901]}, "properties": {"route": "D34", "pr": "6", "abs": 5958, "label": "D34 PR6+5958"}}, {"type": "Feature", "geometry": {"type": "Point", "coordinates": [3.45967361, 44.69251964]}, "properties": {"route": "D34", "pr": "37", "abs": 37119, "label": "D34 PR37+37119"}}, {"type": "Feature", "geometry": {"type": "Point", "coordinates": [3.80910654, 44.71572642]}, "properties": {"route": "D34", "pr": "3", "abs": 2977, "label": "D34 PR3+2977"}}, {"type": "Feature", "geometry": {"type": "Point", "coordinates": [3.67906585, 44.70623656]}, "properties": {"route": "D34", "pr": "15", "abs": 14946, "label": "D34 PR15+14946"}}, {"type": "Feature", "geometry": {"type": "Point", "coordinates": [3.64381865, 44.70841882]}, "properties": {"route": "D34", "pr": "18", "abs": 17955, "label": "D34 PR18+17955"}}, {"type": "Feature", "geometry": {"type": "Point", "coordinates": [3.73207006, 44.71597888]}, "properties": {"route": "D34", "pr": "10", "abs": 9931, "label": "D34 PR10+9931"}}, {"type": "Feature", "geometry": {"type": "Point", "coordinates": [3.68919786, 44.70329922]}, "properties": {"route": "D34", "pr": "14", "abs": 13940, "label": "D34 PR14+13940"}}, {"type": "Feature", "geometry": {"type": "Point", "coordinates": [3.56661087, 44.72258144]}, "properties": {"route": "D34", "pr": "25", "abs": 25004, "label": "D34 PR25+25004"}}, {"type": "Feature", "geometry": {"type": "Point", "coordinates": [3.19839872, 44.6301301]}, "properties": {"route": "D11", "pr": "2", "abs": 2005, "label": "D11 PR2+2005"}}, {"type": "Feature", "geometry": {"type": "Point", "coordinates": [3.22989731, 44.62718645]}, "properties": {"route": "D11", "pr": "5", "abs": 5010, "label": "D11 PR5+5010"}}, {"type": "Feature", "geometry": {"type": "Point", "coordinates": [3.26160487, 44.61944571]}, "properties": {"route": "D11", "pr": "8", "abs": 7887, "label": "D11 PR8+7887"}}, {"type": "Feature", "geometry": {"type": "Point", "coordinates": [3.24106955, 44.62724548]}, "properties": {"route": "D11", "pr": "6", "abs": 5965, "label": "D11 PR6+5965"}}, {"type": "Feature", "geometry": {"type": "Point", "coordinates": [3.18671606, 44.6276099]}, "properties": {"route": "D11", "pr": "1", "abs": 1002, "label": "D11 PR1+1002"}}, {"type": "Feature", "geometry": {"type": "Point", "coordinates": [3.25128506, 44.62364868]}, "properties": {"route": "D11", "pr": "7", "abs": 6899, "label": "D11 PR7+6899"}}, {"type": "Feature", "geometry": {"type": "Point", "coordinates": [3.20911862, 44.63045425]}, "properties": {"route": "D11", "pr": "3", "abs": 2999, "label": "D11 PR3+2999"}}, {"type": "Feature", "geometry": {"type": "Point", "coordinates": [3.21937412, 44.62739418]}, "properties": {"route": "D11", "pr": "4", "abs": 3991, "label": "D11 PR4+3991"}}, {"type": "Feature", "geometry": {"type": "Point", "coordinates": [3.55228561, 44.45578132]}, "properties": {"route": "D125", "pr": "1", "abs": 931, "label": "D125 PR1+931"}}, {"type": "Feature", "geometry": {"type": "Point", "coordinates": [3.196963, 44.61251632]}, "properties": {"route": "D900", "pr": "16", "abs": 15807, "label": "D900 PR16+15807"}}, {"type": "Feature", "geometry": {"type": "Point", "coordinates": [3.13217456, 44.6383828]}, "properties": {"route": "D900", "pr": "9", "abs": 8922, "label": "D900 PR9+8922"}}, {"type": "Feature", "geometry": {"type": "Point", "coordinates": [3.17095653, 44.62472843]}, "properties": {"route": "D900", "pr": "13", "abs": 12895, "label": "D900 PR13+12895"}}, {"type": "Feature", "geometry": {"type": "Point", "coordinates": [3.23226703, 44.59374762]}, "properties": {"route": "D900", "pr": "20", "abs": 19629, "label": "D900 PR20+19629"}}, {"type": "Feature", "geometry": {"type": "Point", "coordinates": [3.06646608, 44.65329085]}, "properties": {"route": "D900", "pr": "2", "abs": 1963, "label": "D900 PR2+1963"}}, {"type": "Feature", "geometry": {"type": "Point", "coordinates": [3.21427946, 44.6034248]}, "properties": {"route": "D900", "pr": "18", "abs": 17663, "label": "D900 PR18+17663"}}, {"type": "Feature", "geometry": {"type": "Point", "coordinates": [3.2793379, 44.57398525]}, "properties": {"route": "D900", "pr": "26", "abs": 25595, "label": "D900 PR26+25595"}}, {"type": "Feature", "geometry": {"type": "Point", "coordinates": [3.28668636, 44.5691591]}, "properties": {"route": "D900", "pr": "27", "abs": 26482, "label": "D900 PR27+26482"}}, {"type": "Feature", "geometry": {"type": "Point", "coordinates": [3.10692339, 44.64557623]}, "properties": {"route": "D900", "pr": "6", "abs": 5927, "label": "D900 PR6+5927"}}, {"type": "Feature", "geometry": {"type": "Point", "coordinates": [3.19075003, 44.61638033]}, "properties": {"route": "D900", "pr": "15", "abs": 14838, "label": "D900 PR15+14838"}}, {"type": "Feature", "geometry": {"type": "Point", "coordinates": [3.20660996, 44.61021025]}, "properties": {"route": "D900", "pr": "17", "abs": 16663, "label": "D900 PR17+16663"}}, {"type": "Feature", "geometry": {"type": "Point", "coordinates": [3.24343608, 44.58584187]}, "properties": {"route": "D900", "pr": "22", "abs": 21565, "label": "D900 PR22+21565"}}, {"type": "Feature", "geometry": {"type": "Point", "coordinates": [3.26924504, 44.57832881]}, "properties": {"route": "D900", "pr": "25", "abs": 24598, "label": "D900 PR25+24598"}}, {"type": "Feature", "geometry": {"type": "Point", "coordinates": [3.16287246, 44.63090205]}, "properties": {"route": "D900", "pr": "12", "abs": 11865, "label": "D900 PR12+11865"}}, {"type": "Feature", "geometry": {"type": "Point", "coordinates": [3.22397239, 44.59898443]}, "properties": {"route": "D900", "pr": "19", "abs": 18658, "label": "D900 PR19+18658"}}, {"type": "Feature", "geometry": {"type": "Point", "coordinates": [3.18180411, 44.62240915]}, "properties": {"route": "D900", "pr": "14", "abs": 13829, "label": "D900 PR14+13829"}}, {"type": "Feature", "geometry": {"type": "Point", "coordinates": [3.10027718, 44.65244882]}, "properties": {"route": "D900", "pr": "5", "abs": 4974, "label": "D900 PR5+4974"}}, {"type": "Feature", "geometry": {"type": "Point", "coordinates": [3.23703846, 44.59227908]}, "properties": {"route": "D900", "pr": "21", "abs": 20599, "label": "D900 PR21+20599"}}, {"type": "Feature", "geometry": {"type": "Point", "coordinates": [3.12197946, 44.64041112]}, "properties": {"route": "D900", "pr": "8", "abs": 7975, "label": "D900 PR8+7975"}}, {"type": "Feature", "geometry": {"type": "Point", "coordinates": [3.08847712, 44.6548131]}, "properties": {"route": "D900", "pr": "4", "abs": 3957, "label": "D900 PR4+3957"}}, {"type": "Feature", "geometry": {"type": "Point", "coordinates": [3.1528414, 44.63207501]}, "properties": {"route": "D900", "pr": "11", "abs": 10906, "label": "D900 PR11+10906"}}, {"type": "Feature", "geometry": {"type": "Point", "coordinates": [3.1439218, 44.63615528]}, "properties": {"route": "D900", "pr": "10", "abs": 9944, "label": "D900 PR10+9944"}}, {"type": "Feature", "geometry": {"type": "Point", "coordinates": [3.25273748, 44.57982171]}, "properties": {"route": "D900", "pr": "23", "abs": 22649, "label": "D900 PR23+22649"}}, {"type": "Feature", "geometry": {"type": "Point", "coordinates": [3.05696805, 44.65614911]}, "properties": {"route": "D900", "pr": "1", "abs": 986, "label": "D900 PR1+986"}}, {"type": "Feature", "geometry": {"type": "Point", "coordinates": [3.07668624, 44.65538818]}, "properties": {"route": "D900", "pr": "3", "abs": 2970, "label": "D900 PR3+2970"}}, {"type": "Feature", "geometry": {"type": "Point", "coordinates": [3.11267132, 44.63862225]}, "properties": {"route": "D900", "pr": "7", "abs": 6930, "label": "D900 PR7+6930"}}, {"type": "Feature", "geometry": {"type": "Point", "coordinates": [3.26124549, 44.58349745]}, "properties": {"route": "D900", "pr": "24", "abs": 23594, "label": "D900 PR24+23594"}}, {"type": "Feature", "geometry": {"type": "Point", "coordinates": [3.31729078, 44.7036725]}, "properties": {"route": "D50", "pr": "27", "abs": 26573, "label": "D50 PR27+26573"}}, {"type": "Feature", "geometry": {"type": "Point", "coordinates": [3.42788585, 44.60618747]}, "properties": {"route": "D50", "pr": "11", "abs": 10951, "label": "D50 PR11+10951"}}, {"type": "Feature", "geometry": {"type": "Point", "coordinates": [3.34962431, 44.68377945]}, "properties": {"route": "D50", "pr": "23", "abs": 22736, "label": "D50 PR23+22736"}}, {"type": "Feature", "geometry": {"type": "Point", "coordinates": [3.448493, 44.57150866]}, "properties": {"route": "D50", "pr": "6", "abs": 5963, "label": "D50 PR6+5963"}}, {"type": "Feature", "geometry": {"type": "Point", "coordinates": [3.45207342, 44.55623746]}, "properties": {"route": "D50", "pr": "4", "abs": 3980, "label": "D50 PR4+3980"}}, {"type": "Feature", "geometry": {"type": "Point", "coordinates": [3.22292171, 44.74253362]}, "properties": {"route": "D50", "pr": "37", "abs": 36252, "label": "D50 PR37+36252"}}, {"type": "Feature", "geometry": {"type": "Point", "coordinates": [3.30814732, 44.70804675]}, "properties": {"route": "D50", "pr": "28", "abs": 27551, "label": "D50 PR28+27551"}}, {"type": "Feature", "geometry": {"type": "Point", "coordinates": [3.26765269, 44.73444708]}, "properties": {"route": "D50", "pr": "32", "abs": 31284, "label": "D50 PR32+31284"}}, {"type": "Feature", "geometry": {"type": "Point", "coordinates": [3.25632839, 44.73757361]}, "properties": {"route": "D50", "pr": "33", "abs": 32280, "label": "D50 PR33+32280"}}, {"type": "Feature", "geometry": {"type": "Point", "coordinates": [3.443047, 44.57805931]}, "properties": {"route": "D50", "pr": "7", "abs": 6952, "label": "D50 PR7+6952"}}, {"type": "Feature", "geometry": {"type": "Point", "coordinates": [3.41261597, 44.62824186]}, "properties": {"route": "D50", "pr": "14", "abs": 13872, "label": "D50 PR14+13872"}}, {"type": "Feature", "geometry": {"type": "Point", "coordinates": [3.24780062, 44.74294623]}, "properties": {"route": "D50", "pr": "34", "abs": 33259, "label": "D50 PR34+33259"}}, {"type": "Feature", "geometry": {"type": "Point", "coordinates": [3.34318681, 44.69034832]}, "properties": {"route": "D50", "pr": "24", "abs": 23687, "label": "D50 PR24+23687"}}, {"type": "Feature", "geometry": {"type": "Point", "coordinates": [3.38191667, 44.6594973]}, "properties": {"route": "D50", "pr": "19", "abs": 18860, "label": "D50 PR19+18860"}}, {"type": "Feature", "geometry": {"type": "Point", "coordinates": [3.38536757, 44.65355426]}, "properties": {"route": "D50", "pr": "18", "abs": 17873, "label": "D50 PR18+17873"}}, {"type": "Feature", "geometry": {"type": "Point", "coordinates": [3.42150317, 44.61263002]}, "properties": {"route": "D50", "pr": "12", "abs": 11891, "label": "D50 PR12+11891"}}, {"type": "Feature", "geometry": {"type": "Point", "coordinates": [3.32492302, 44.69709171]}, "properties": {"route": "D50", "pr": "26", "abs": 25591, "label": "D50 PR26+25591"}}, {"type": "Feature", "geometry": {"type": "Point", "coordinates": [3.35860435, 44.68003162]}, "properties": {"route": "D50", "pr": "22", "abs": 21785, "label": "D50 PR22+21785"}}, {"type": "Feature", "geometry": {"type": "Point", "coordinates": [3.40353955, 44.63396239]}, "properties": {"route": "D50", "pr": "15", "abs": 14871, "label": "D50 PR15+14871"}}, {"type": "Feature", "geometry": {"type": "Point", "coordinates": [3.45607797, 44.54867869]}, "properties": {"route": "D50", "pr": "3", "abs": 3000, "label": "D50 PR3+3000"}}, {"type": "Feature", "geometry": {"type": "Point", "coordinates": [3.27496939, 44.72870954]}, "properties": {"route": "D50", "pr": "31", "abs": 30287, "label": "D50 PR31+30287"}}, {"type": "Feature", "geometry": {"type": "Point", "coordinates": [3.41503815, 44.61990166]}, "properties": {"route": "D50", "pr": "13", "abs": 12889, "label": "D50 PR13+12889"}}, {"type": "Feature", "geometry": {"type": "Point", "coordinates": [3.23304129, 44.74368679]}, "properties": {"route": "D50", "pr": "36", "abs": 35259, "label": "D50 PR36+35259"}}, {"type": "Feature", "geometry": {"type": "Point", "coordinates": [3.37499912, 44.66725801]}, "properties": {"route": "D50", "pr": "20", "abs": 19809, "label": "D50 PR20+19809"}}, {"type": "Feature", "geometry": {"type": "Point", "coordinates": [3.45717228, 44.54218608]}, "properties": {"route": "D50", "pr": "2", "abs": 2010, "label": "D50 PR2+2010"}}, {"type": "Feature", "geometry": {"type": "Point", "coordinates": [3.43865889, 44.5931643]}, "properties": {"route": "D50", "pr": "9", "abs": 8968, "label": "D50 PR9+8968"}}, {"type": "Feature", "geometry": {"type": "Point", "coordinates": [3.36830703, 44.67467275]}, "properties": {"route": "D50", "pr": "21", "abs": 20788, "label": "D50 PR21+20788"}}, {"type": "Feature", "geometry": {"type": "Point", "coordinates": [3.43206182, 44.60054726]}, "properties": {"route": "D50", "pr": "10", "abs": 9968, "label": "D50 PR10+9968"}}, {"type": "Feature", "geometry": {"type": "Point", "coordinates": [3.3952177, 44.63983795]}, "properties": {"route": "D50", "pr": "16", "abs": 15897, "label": "D50 PR16+15897"}}, {"type": "Feature", "geometry": {"type": "Point", "coordinates": [3.30020083, 44.71458853]}, "properties": {"route": "D50", "pr": "29", "abs": 28529, "label": "D50 PR29+28529"}}, {"type": "Feature", "geometry": {"type": "Point", "coordinates": [3.4655176, 44.53603043]}, "properties": {"route": "D50", "pr": "1", "abs": 1013, "label": "D50 PR1+1013"}}, {"type": "Feature", "geometry": {"type": "Point", "coordinates": [3.33331199, 44.69221779]}, "properties": {"route": "D50", "pr": "25", "abs": 24644, "label": "D50 PR25+24644"}}, {"type": "Feature", "geometry": {"type": "Point", "coordinates": [3.27932874, 44.72177712]}, "properties": {"route": "D50", "pr": "30", "abs": 29311, "label": "D50 PR30+29311"}}, {"type": "Feature", "geometry": {"type": "Point", "coordinates": [3.24225143, 44.74858901]}, "properties": {"route": "D50", "pr": "35", "abs": 34256, "label": "D50 PR35+34256"}}, {"type": "Feature", "geometry": {"type": "Point", "coordinates": [3.43856296, 44.58455097]}, "properties": {"route": "D50", "pr": "8", "abs": 7966, "label": "D50 PR8+7966"}}, {"type": "Feature", "geometry": {"type": "Point", "coordinates": [3.45325755, 44.56415213]}, "properties": {"route": "D50", "pr": "5", "abs": 4964, "label": "D50 PR5+4964"}}, {"type": "Feature", "geometry": {"type": "Point", "coordinates": [3.38999961, 44.64636279]}, "properties": {"route": "D50", "pr": "17", "abs": 16900, "label": "D50 PR17+16900"}}, {"type": "Feature", "geometry": {"type": "Point", "coordinates": [3.55716611, 44.36572209]}, "properties": {"route": "D907B", "pr": "51", "abs": 50680, "label": "D907B PR51+50680"}}, {"type": "Feature", "geometry": {"type": "Point", "coordinates": [3.29095271, 44.3003469]}, "properties": {"route": "D907B", "pr": "14", "abs": 13925, "label": "D907B PR14+13925"}}, {"type": "Feature", "geometry": {"type": "Point", "coordinates": [3.2992326, 44.30603607]}, "properties": {"route": "D907B", "pr": "15", "abs": 14916, "label": "D907B PR15+14916"}}, {"type": "Feature", "geometry": {"type": "Point", "coordinates": [3.3917331, 44.34561065]}, "properties": {"route": "D907B", "pr": "27", "abs": 26865, "label": "D907B PR27+26865"}}, {"type": "Feature", "geometry": {"type": "Point", "coordinates": [3.43560407, 44.35987544]}, "properties": {"route": "D907B", "pr": "33", "abs": 32859, "label": "D907B PR33+32859"}}, {"type": "Feature", "geometry": {"type": "Point", "coordinates": [3.55422187, 44.37441024]}, "properties": {"route": "D907B", "pr": "50", "abs": 49673, "label": "D907B PR50+49673"}}, {"type": "Feature", "geometry": {"type": "Point", "coordinates": [3.5190988, 44.37246513]}, "properties": {"route": "D907B", "pr": "46", "abs": 45717, "label": "D907B PR46+45717"}}, {"type": "Feature", "geometry": {"type": "Point", "coordinates": [3.31914049, 44.30125075]}, "properties": {"route": "D907B", "pr": "17", "abs": 16898, "label": "D907B PR17+16898"}}, {"type": "Feature", "geometry": {"type": "Point", "coordinates": [3.23183217, 44.24754383]}, "properties": {"route": "D907B", "pr": "2", "abs": 1968, "label": "D907B PR2+1968"}}, {"type": "Feature", "geometry": {"type": "Point", "coordinates": [3.46144053, 44.34929035]}, "properties": {"route": "D907B", "pr": "36", "abs": 35879, "label": "D907B PR36+35879"}}, {"type": "Feature", "geometry": {"type": "Point", "coordinates": [3.33693306, 44.31310748]}, "properties": {"route": "D907B", "pr": "19", "abs": 18900, "label": "D907B PR19+18900"}}, {"type": "Feature", "geometry": {"type": "Point", "coordinates": [3.41877415, 44.36628609]}, "properties": {"route": "D907B", "pr": "31", "abs": 30859, "label": "D907B PR31+30859"}}, {"type": "Feature", "geometry": {"type": "Point", "coordinates": [3.23019507, 44.25669876]}, "properties": {"route": "D907B", "pr": "3", "abs": 3019, "label": "D907B PR3+3019"}}, {"type": "Feature", "geometry": {"type": "Point", "coordinates": [3.50194932, 44.34148407]}, "properties": {"route": "D907B", "pr": "41", "abs": 40751, "label": "D907B PR41+40751"}}, {"type": "Feature", "geometry": {"type": "Point", "coordinates": [3.40450352, 44.35781212]}, "properties": {"route": "D907B", "pr": "29", "abs": 28837, "label": "D907B PR29+28837"}}, {"type": "Feature", "geometry": {"type": "Point", "coordinates": [3.37013869, 44.34314425]}, "properties": {"route": "D907B", "pr": "24", "abs": 23897, "label": "D907B PR24+23897"}}, {"type": "Feature", "geometry": {"type": "Point", "coordinates": [3.4525508, 44.35442583]}, "properties": {"route": "D907B", "pr": "35", "abs": 34871, "label": "D907B PR35+34871"}}, {"type": "Feature", "geometry": {"type": "Point", "coordinates": [3.26146381, 44.3057417]}, "properties": {"route": "D907B", "pr": "11", "abs": 622, "label": "D907B PR11+622 (G)"}}, {"type": "Feature", "geometry": {"type": "Point", "coordinates": [3.26145437, 44.3055977]}, "properties": {"route": "D907B", "pr": "11", "abs": 10938, "label": "D907B PR11+10938 (D)"}}, {"type": "Feature", "geometry": {"type": "Point", "coordinates": [3.52221437, 44.36382214]}, "properties": {"route": "D907B", "pr": "45", "abs": 44712, "label": "D907B PR45+44712"}}, {"type": "Feature", "geometry": {"type": "Point", "coordinates": [3.48463064, 44.33647217]}, "properties": {"route": "D907B", "pr": "39", "abs": 38776, "label": "D907B PR39+38776"}}, {"type": "Feature", "geometry": {"type": "Point", "coordinates": [3.46644319, 44.34240097]}, "properties": {"route": "D907B", "pr": "37", "abs": 36883, "label": "D907B PR37+36883"}}, {"type": "Feature", "geometry": {"type": "Point", "coordinates": [3.39702567, 44.35190904]}, "properties": {"route": "D907B", "pr": "28", "abs": 27868, "label": "D907B PR28+27868"}}, {"type": "Feature", "geometry": {"type": "Point", "coordinates": [3.25070579, 44.30821514]}, "properties": {"route": "D907B", "pr": "10", "abs": 9974, "label": "D907B PR10+9974"}}, {"type": "Feature", "geometry": {"type": "Point", "coordinates": [3.53604758, 44.37058893]}, "properties": {"route": "D907B", "pr": "48", "abs": 47699, "label": "D907B PR48+47699"}}, {"type": "Feature", "geometry": {"type": "Point", "coordinates": [3.41008196, 44.36337795]}, "properties": {"route": "D907B", "pr": "30", "abs": 29826, "label": "D907B PR30+29826"}}, {"type": "Feature", "geometry": {"type": "Point", "coordinates": [3.22966355, 44.2816468]}, "properties": {"route": "D907B", "pr": "6", "abs": 6014, "label": "D907B PR6+6014"}}, {"type": "Feature", "geometry": {"type": "Point", "coordinates": [3.32803099, 44.30601424]}, "properties": {"route": "D907B", "pr": "18", "abs": 17822, "label": "D907B PR18+17822"}}, {"type": "Feature", "geometry": {"type": "Point", "coordinates": [3.34582306, 44.31805951]}, "properties": {"route": "D907B", "pr": "20", "abs": 19848, "label": "D907B PR20+19848"}}, {"type": "Feature", "geometry": {"type": "Point", "coordinates": [3.2814971, 44.29782952]}, "properties": {"route": "D907B", "pr": "13", "abs": 12946, "label": "D907B PR13+12946"}}, {"type": "Feature", "geometry": {"type": "Point", "coordinates": [3.30921233, 44.30381301]}, "properties": {"route": "D907B", "pr": "16", "abs": 15823, "label": "D907B PR16+15823"}}, {"type": "Feature", "geometry": {"type": "Point", "coordinates": [3.36138069, 44.3378147]}, "properties": {"route": "D907B", "pr": "23", "abs": 22887, "label": "D907B PR23+22887"}}, {"type": "Feature", "geometry": {"type": "Point", "coordinates": [3.51462239, 44.35094305]}, "properties": {"route": "D907B", "pr": "43", "abs": 42766, "label": "D907B PR43+42766"}}, {"type": "Feature", "geometry": {"type": "Point", "coordinates": [3.56579706, 44.36282808]}, "properties": {"route": "D907B", "pr": "52", "abs": 51680, "label": "D907B PR52+51680"}}, {"type": "Feature", "geometry": {"type": "Point", "coordinates": [3.22572205, 44.26473981]}, "properties": {"route": "D907B", "pr": "4", "abs": 3989, "label": "D907B PR4+3989"}}, {"type": "Feature", "geometry": {"type": "Point", "coordinates": [3.51872655, 44.35552728]}, "properties": {"route": "D907B", "pr": "44", "abs": 43712, "label": "D907B PR44+43712"}}, {"type": "Feature", "geometry": {"type": "Point", "coordinates": [3.52688612, 44.37583353]}, "properties": {"route": "D907B", "pr": "47", "abs": 46710, "label": "D907B PR47+46710"}}, {"type": "Feature", "geometry": {"type": "Point", "coordinates": [3.35500628, 44.33274416]}, "properties": {"route": "D907B", "pr": "22", "abs": 21872, "label": "D907B PR22+21872"}}, {"type": "Feature", "geometry": {"type": "Point", "coordinates": [3.54397278, 44.3760808]}, "properties": {"route": "D907B", "pr": "49", "abs": 48676, "label": "D907B PR49+48676"}}, {"type": "Feature", "geometry": {"type": "Point", "coordinates": [3.2385753, 44.29666904]}, "properties": {"route": "D907B", "pr": "8", "abs": 7984, "label": "D907B PR8+7984"}}, {"type": "Feature", "geometry": {"type": "Point", "coordinates": [3.23645714, 44.2885391]}, "properties": {"route": "D907B", "pr": "7", "abs": 6987, "label": "D907B PR7+6987"}}, {"type": "Feature", "geometry": {"type": "Point", "coordinates": [3.34681931, 44.32678875]}, "properties": {"route": "D907B", "pr": "21", "abs": 20866, "label": "D907B PR21+20866"}}, {"type": "Feature", "geometry": {"type": "Point", "coordinates": [3.24077813, 44.3042272]}, "properties": {"route": "D907B", "pr": "9", "abs": 8975, "label": "D907B PR9+8975"}}, {"type": "Feature", "geometry": {"type": "Point", "coordinates": [3.23063456, 44.2391069]}, "properties": {"route": "D907B", "pr": "1", "abs": 1001, "label": "D907B PR1+1001"}}, {"type": "Feature", "geometry": {"type": "Point", "coordinates": [3.49496517, 44.33544498]}, "properties": {"route": "D907B", "pr": "40", "abs": 39819, "label": "D907B PR40+39819"}}, {"type": "Feature", "geometry": {"type": "Point", "coordinates": [3.22573713, 44.27356819]}, "properties": {"route": "D907B", "pr": "5", "abs": 4990, "label": "D907B PR5+4990"}}, {"type": "Feature", "geometry": {"type": "Point", "coordinates": [3.37942008, 44.33796551]}, "properties": {"route": "D907B", "pr": "25", "abs": 24875, "label": "D907B PR25+24875"}}, {"type": "Feature", "geometry": {"type": "Point", "coordinates": [3.47536676, 44.33853346]}, "properties": {"route": "D907B", "pr": "38", "abs": 37872, "label": "D907B PR38+37872"}}, {"type": "Feature", "geometry": {"type": "Point", "coordinates": [3.5124546, 44.34609403]}, "properties": {"route": "D907B", "pr": "42", "abs": 41765, "label": "D907B PR42+41765"}}, {"type": "Feature", "geometry": {"type": "Point", "coordinates": [3.44563574, 44.35957243]}, "properties": {"route": "D907B", "pr": "34", "abs": 33875, "label": "D907B PR34+33875"}}, {"type": "Feature", "geometry": {"type": "Point", "coordinates": [3.43063032, 44.36680565]}, "properties": {"route": "D907B", "pr": "32", "abs": 31859, "label": "D907B PR32+31859"}}, {"type": "Feature", "geometry": {"type": "Point", "coordinates": [3.38407918, 44.33975777]}, "properties": {"route": "D907B", "pr": "26", "abs": 25856, "label": "D907B PR26+25856"}}, {"type": "Feature", "geometry": {"type": "Point", "coordinates": [3.23685591, 44.67574789]}, "properties": {"route": "D69", "pr": "5", "abs": 4969, "label": "D69 PR5+4969"}}, {"type": "Feature", "geometry": {"type": "Point", "coordinates": [3.24046046, 44.69224056]}, "properties": {"route": "D69", "pr": "3", "abs": 2990, "label": "D69 PR3+2990"}}, {"type": "Feature", "geometry": {"type": "Point", "coordinates": [3.23163128, 44.66844686]}, "properties": {"route": "D69", "pr": "6", "abs": 5971, "label": "D69 PR6+5971"}}, {"type": "Feature", "geometry": {"type": "Point", "coordinates": [3.24658162, 44.69596149]}, "properties": {"route": "D69", "pr": "2", "abs": 1997, "label": "D69 PR2+1997"}}, {"type": "Feature", "geometry": {"type": "Point", "coordinates": [3.24019272, 44.68391348]}, "properties": {"route": "D69", "pr": "4", "abs": 3973, "label": "D69 PR4+3973"}}, {"type": "Feature", "geometry": {"type": "Point", "coordinates": [3.25255971, 44.70278573]}, "properties": {"route": "D69", "pr": "1", "abs": 988, "label": "D69 PR1+988"}}, {"type": "Feature", "geometry": {"type": "Point", "coordinates": [3.7529314, 44.38754025]}, "properties": {"route": "D20", "pr": "32", "abs": 31960, "label": "D20 PR32+31960"}}, {"type": "Feature", "geometry": {"type": "Point", "coordinates": [3.66166174, 44.30886962]}, "properties": {"route": "D20", "pr": "11", "abs": 11127, "label": "D20 PR11+11127"}}, {"type": "Feature", "geometry": {"type": "Point", "coordinates": [3.65886598, 44.31694474]}, "properties": {"route": "D20", "pr": "14", "abs": 14088, "label": "D20 PR14+14088"}}, {"type": "Feature", "geometry": {"type": "Point", "coordinates": [3.66358717, 44.29696862]}, "properties": {"route": "D20", "pr": "9", "abs": 8954, "label": "D20 PR9+8954"}}, {"type": "Feature", "geometry": {"type": "Point", "coordinates": [3.66457557, 44.29467983]}, "properties": {"route": "D20", "pr": "8", "abs": 7977, "label": "D20 PR8+7977"}}, {"type": "Feature", "geometry": {"type": "Point", "coordinates": [3.66558944, 44.28559827]}, "properties": {"route": "D20", "pr": "6", "abs": 5981, "label": "D20 PR6+5981"}}, {"type": "Feature", "geometry": {"type": "Point", "coordinates": [3.7072124, 44.33240033]}, "properties": {"route": "D20", "pr": "20", "abs": 20049, "label": "D20 PR20+20049"}}, {"type": "Feature", "geometry": {"type": "Point", "coordinates": [3.74719466, 44.34409146]}, "properties": {"route": "D20", "pr": "26", "abs": 25972, "label": "D20 PR26+25972"}}, {"type": "Feature", "geometry": {"type": "Point", "coordinates": [3.75244206, 44.43762744]}, "properties": {"route": "D20", "pr": "42", "abs": 41851, "label": "D20 PR42+41851"}}, {"type": "Feature", "geometry": {"type": "Point", "coordinates": [3.74428409, 44.3390053]}, "properties": {"route": "D20", "pr": "25", "abs": 24973, "label": "D20 PR25+24973"}}, {"type": "Feature", "geometry": {"type": "Point", "coordinates": [3.71655699, 44.33040987]}, "properties": {"route": "D20", "pr": "21", "abs": 21042, "label": "D20 PR21+21042"}}, {"type": "Feature", "geometry": {"type": "Point", "coordinates": [3.74874544, 44.54946231]}, "properties": {"route": "D20", "pr": "59", "abs": 58907, "label": "D20 PR59+58907"}}, {"type": "Feature", "geometry": {"type": "Point", "coordinates": [3.73874909, 44.49210727]}, "properties": {"route": "D20", "pr": "51", "abs": 50874, "label": "D20 PR51+50874"}}, {"type": "Feature", "geometry": {"type": "Point", "coordinates": [3.65918203, 44.29118187]}, "properties": {"route": "D20", "pr": "7", "abs": 6978, "label": "D20 PR7+6978"}}, {"type": "Feature", "geometry": {"type": "Point", "coordinates": [3.65817171, 44.26902518]}, "properties": {"route": "D20", "pr": "3", "abs": 2967, "label": "D20 PR3+2967"}}, {"type": "Feature", "geometry": {"type": "Point", "coordinates": [3.76115988, 44.4326064]}, "properties": {"route": "D20", "pr": "41", "abs": 40865, "label": "D20 PR41+40865"}}, {"type": "Feature", "geometry": {"type": "Point", "coordinates": [3.77131501, 44.4108439]}, "properties": {"route": "D20", "pr": "38", "abs": 37866, "label": "D20 PR38+37866"}}, {"type": "Feature", "geometry": {"type": "Point", "coordinates": [3.64844162, 44.25455285]}, "properties": {"route": "D20", "pr": "1", "abs": 999, "label": "D20 PR1+999"}}, {"type": "Feature", "geometry": {"type": "Point", "coordinates": [3.75110517, 44.3728037]}, "properties": {"route": "D20", "pr": "30", "abs": 29975, "label": "D20 PR30+29975"}}, {"type": "Feature", "geometry": {"type": "Point", "coordinates": [3.7468483, 44.36102201]}, "properties": {"route": "D20", "pr": "28", "abs": 27980, "label": "D20 PR28+27980"}}, {"type": "Feature", "geometry": {"type": "Point", "coordinates": [3.74763412, 44.53864946]}, "properties": {"route": "D20", "pr": "57", "abs": 56894, "label": "D20 PR57+56894"}}, {"type": "Feature", "geometry": {"type": "Point", "coordinates": [3.72704682, 44.46849323]}, "properties": {"route": "D20", "pr": "48", "abs": 47787, "label": "D20 PR48+47787"}}, {"type": "Feature", "geometry": {"type": "Point", "coordinates": [3.67847522, 44.32383968]}, "properties": {"route": "D20", "pr": "16", "abs": 16074, "label": "D20 PR16+16074"}}, {"type": "Feature", "geometry": {"type": "Point", "coordinates": [3.72770785, 44.47687554]}, "properties": {"route": "D20", "pr": "49", "abs": 48757, "label": "D20 PR49+48757"}}, {"type": "Feature", "geometry": {"type": "Point", "coordinates": [3.68863162, 44.3269857]}, "properties": {"route": "D20", "pr": "17", "abs": 17073, "label": "D20 PR17+17073"}}, {"type": "Feature", "geometry": {"type": "Point", "coordinates": [3.73320277, 44.33215456]}, "properties": {"route": "D20", "pr": "23", "abs": 23005, "label": "D20 PR23+23005"}}, {"type": "Feature", "geometry": {"type": "Point", "coordinates": [3.74821379, 44.4059782]}, "properties": {"route": "D20", "pr": "35", "abs": 34878, "label": "D20 PR35+34878"}}, {"type": "Feature", "geometry": {"type": "Point", "coordinates": [3.74992011, 44.54140769]}, "properties": {"route": "D20", "pr": "58", "abs": 57901, "label": "D20 PR58+57901"}}, {"type": "Feature", "geometry": {"type": "Point", "coordinates": [3.74403983, 44.33119692]}, "properties": {"route": "D20", "pr": "24", "abs": 24000, "label": "D20 PR24+24000"}}, {"type": "Feature", "geometry": {"type": "Point", "coordinates": [3.7481686, 44.44559749]}, "properties": {"route": "D20", "pr": "43", "abs": 42833, "label": "D20 PR43+42833"}}, {"type": "Feature", "geometry": {"type": "Point", "coordinates": [3.65938584, 44.31270091]}, "properties": {"route": "D20", "pr": "13", "abs": 13103, "label": "D20 PR13+13103"}}, {"type": "Feature", "geometry": {"type": "Point", "coordinates": [3.66610631, 44.27519113]}, "properties": {"route": "D20", "pr": "4", "abs": 3983, "label": "D20 PR4+3983"}}, {"type": "Feature", "geometry": {"type": "Point", "coordinates": [3.72716778, 44.46108526]}, "properties": {"route": "D20", "pr": "47", "abs": 46824, "label": "D20 PR47+46824"}}, {"type": "Feature", "geometry": {"type": "Point", "coordinates": [3.74499944, 44.51697896]}, "properties": {"route": "D20", "pr": "54", "abs": 53835, "label": "D20 PR54+53835"}}, {"type": "Feature", "geometry": {"type": "Point", "coordinates": [3.7016253, 44.3269405]}, "properties": {"route": "D20", "pr": "19", "abs": 19067, "label": "D20 PR19+19067"}}, {"type": "Feature", "geometry": {"type": "Point", "coordinates": [3.74080549, 44.50036411]}, "properties": {"route": "D20", "pr": "52", "abs": 51815, "label": "D20 PR52+51815"}}, {"type": "Feature", "geometry": {"type": "Point", "coordinates": [3.66757406, 44.3209205]}, "properties": {"route": "D20", "pr": "15", "abs": 15073, "label": "D20 PR15+15073"}}, {"type": "Feature", "geometry": {"type": "Point", "coordinates": [3.66153624, 44.30434523]}, "properties": {"route": "D20", "pr": "10", "abs": 10035, "label": "D20 PR10+10035"}}, {"type": "Feature", "geometry": {"type": "Point", "coordinates": [3.75649563, 44.55424847]}, "properties": {"route": "D20", "pr": "60", "abs": 59935, "label": "D20 PR60+59935"}}, {"type": "Feature", "geometry": {"type": "Point", "coordinates": [3.75281743, 44.38151772]}, "properties": {"route": "D20", "pr": "31", "abs": 30968, "label": "D20 PR31+30968"}}, {"type": "Feature", "geometry": {"type": "Point", "coordinates": [3.73267903, 44.48499256]}, "properties": {"route": "D20", "pr": "50", "abs": 49757, "label": "D20 PR50+49757"}}, {"type": "Feature", "geometry": {"type": "Point", "coordinates": [3.77097197, 44.41857563]}, "properties": {"route": "D20", "pr": "39", "abs": 38857, "label": "D20 PR39+38857"}}, {"type": "Feature", "geometry": {"type": "Point", "coordinates": [3.67308891, 44.28102391]}, "properties": {"route": "D20", "pr": "5", "abs": 4985, "label": "D20 PR5+4985"}}, {"type": "Feature", "geometry": {"type": "Point", "coordinates": [3.74610767, 44.35290094]}, "properties": {"route": "D20", "pr": "27", "abs": 26980, "label": "D20 PR27+26980"}}, {"type": "Feature", "geometry": {"type": "Point", "coordinates": [3.69701283, 44.32631629]}, "properties": {"route": "D20", "pr": "18", "abs": 18073, "label": "D20 PR18+18073"}}, {"type": "Feature", "geometry": {"type": "Point", "coordinates": [3.75138813, 44.39526652]}, "properties": {"route": "D20", "pr": "33", "abs": 32953, "label": "D20 PR33+32953"}}, {"type": "Feature", "geometry": {"type": "Point", "coordinates": [3.74278812, 44.50851431]}, "properties": {"route": "D20", "pr": "53", "abs": 52827, "label": "D20 PR53+52827"}}, {"type": "Feature", "geometry": {"type": "Point", "coordinates": [3.73905486, 44.4552807]}, "properties": {"route": "D20", "pr": "45", "abs": 44859, "label": "D20 PR45+44859"}}, {"type": "Feature", "geometry": {"type": "Point", "coordinates": [3.74647932, 44.36492058]}, "properties": {"route": "D20", "pr": "29", "abs": 28978, "label": "D20 PR29+28978"}}, {"type": "Feature", "geometry": {"type": "Point", "coordinates": [3.72266574, 44.33158966]}, "properties": {"route": "D20", "pr": "22", "abs": 22013, "label": "D20 PR22+22013"}}, {"type": "Feature", "geometry": {"type": "Point", "coordinates": [3.74944496, 44.5612827]}, "properties": {"route": "D20", "pr": "61", "abs": 60965, "label": "D20 PR61+60965"}}, {"type": "Feature", "geometry": {"type": "Point", "coordinates": [3.65149769, 44.2627486]}, "properties": {"route": "D20", "pr": "2", "abs": 1996, "label": "D20 PR2+1996"}}, {"type": "Feature", "geometry": {"type": "Point", "coordinates": [3.73497118, 44.4575955]}, "properties": {"route": "D20", "pr": "46", "abs": 45843, "label": "D20 PR46+45843"}}, {"type": "Feature", "geometry": {"type": "Point", "coordinates": [3.76541246, 44.42543632]}, "properties": {"route": "D20", "pr": "40", "abs": 39851, "label": "D20 PR40+39851"}}, {"type": "Feature", "geometry": {"type": "Point", "coordinates": [3.76335568, 44.40622809]}, "properties": {"route": "D20", "pr": "37", "abs": 36873, "label": "D20 PR37+36873"}}, {"type": "Feature", "geometry": {"type": "Point", "coordinates": [3.74983567, 44.52509449]}, "properties": {"route": "D20", "pr": "55", "abs": 54857, "label": "D20 PR55+54857"}}, {"type": "Feature", "geometry": {"type": "Point", "coordinates": [3.7443686, 44.45067084]}, "properties": {"route": "D20", "pr": "44", "abs": 43858, "label": "D20 PR44+43858"}}, {"type": "Feature", "geometry": {"type": "Point", "coordinates": [3.66012794, 44.31053875]}, "properties": {"route": "D20", "pr": "12", "abs": 12117, "label": "D20 PR12+12117"}}, {"type": "Feature", "geometry": {"type": "Point", "coordinates": [3.74887142, 44.53228697]}, "properties": {"route": "D20", "pr": "56", "abs": 55848, "label": "D20 PR56+55848"}}, {"type": "Feature", "geometry": {"type": "Point", "coordinates": [3.75681525, 44.40667832]}, "properties": {"route": "D20", "pr": "36", "abs": 35871, "label": "D20 PR36+35871"}}, {"type": "Feature", "geometry": {"type": "Point", "coordinates": [3.38051129, 44.9004798]}, "properties": {"route": "D48", "pr": "7", "abs": 6933, "label": "D48 PR7+6933"}}, {"type": "Feature", "geometry": {"type": "Point", "coordinates": [3.38883193, 44.90417038]}, "properties": {"route": "D48", "pr": "8", "abs": 7920, "label": "D48 PR8+7920"}}, {"type": "Feature", "geometry": {"type": "Point", "coordinates": [3.35448724, 44.87260541]}, "properties": {"route": "D48", "pr": "2", "abs": 1972, "label": "D48 PR2+1972"}}, {"type": "Feature", "geometry": {"type": "Point", "coordinates": [3.37770897, 44.89311994]}, "properties": {"route": "D48", "pr": "6", "abs": 5933, "label": "D48 PR6+5933"}}, {"type": "Feature", "geometry": {"type": "Point", "coordinates": [3.35931436, 44.87524683]}, "properties": {"route": "D48", "pr": "3", "abs": 2959, "label": "D48 PR3+2959"}}, {"type": "Feature", "geometry": {"type": "Point", "coordinates": [3.36501251, 44.88110124]}, "properties": {"route": "D48", "pr": "4", "abs": 3949, "label": "D48 PR4+3949"}}, {"type": "Feature", "geometry": {"type": "Point", "coordinates": [3.39709771, 44.90962074]}, "properties": {"route": "D48", "pr": "9", "abs": 8916, "label": "D48 PR9+8916"}}, {"type": "Feature", "geometry": {"type": "Point", "coordinates": [3.37314396, 44.88568492]}, "properties": {"route": "D48", "pr": "5", "abs": 4939, "label": "D48 PR5+4939"}}, {"type": "Feature", "geometry": {"type": "Point", "coordinates": [3.40781217, 44.90865186]}, "properties": {"route": "D48", "pr": "10", "abs": 9926, "label": "D48 PR10+9926"}}, {"type": "Feature", "geometry": {"type": "Point", "coordinates": [3.35037862, 44.86653839]}, "properties": {"route": "D48", "pr": "1", "abs": 987, "label": "D48 PR1+987"}}, {"type": "Feature", "geometry": {"type": "Point", "coordinates": [3.41288699, 44.50772033]}, "properties": {"route": "D142", "pr": "1", "abs": 1011, "label": "D142 PR1+1011"}}, {"type": "Feature", "geometry": {"type": "Point", "coordinates": [3.24465798, 44.64335962]}, "properties": {"route": "D253", "pr": "32", "abs": 275, "label": "D253 PR32+275"}}, {"type": "Feature", "geometry": {"type": "Point", "coordinates": [3.24730717, 44.63698701]}, "properties": {"route": "D253", "pr": "33", "abs": 1265, "label": "D253 PR33+1265"}}, {"type": "Feature", "geometry": {"type": "Point", "coordinates": [3.26253403, 44.62625402]}, "properties": {"route": "D253", "pr": "35", "abs": 3243, "label": "D253 PR35+3243"}}, {"type": "Feature", "geometry": {"type": "Point", "coordinates": [3.25567115, 44.63126929]}, "properties": {"route": "D253", "pr": "34", "abs": 2261, "label": "D253 PR34+2261"}}, {"type": "Feature", "geometry": {"type": "Point", "coordinates": [3.21242823, 44.73692284]}, "properties": {"route": "D107", "pr": "3", "abs": 2999, "label": "D107 PR3+2999"}}, {"type": "Feature", "geometry": {"type": "Point", "coordinates": [3.21979378, 44.72373887]}, "properties": {"route": "D107", "pr": "1", "abs": 1006, "label": "D107 PR1+1006"}}, {"type": "Feature", "geometry": {"type": "Point", "coordinates": [3.21973205, 44.73154099]}, "properties": {"route": "D107", "pr": "2", "abs": 2005, "label": "D107 PR2+2005"}}, {"type": "Feature", "geometry": {"type": "Point", "coordinates": [3.21943638, 44.74284848]}, "properties": {"route": "D107", "pr": "4", "abs": 3999, "label": "D107 PR4+3999"}}, {"type": "Feature", "geometry": {"type": "Point", "coordinates": [3.74925557, 44.17503896]}, "properties": {"route": "D40", "pr": "1", "abs": 1200, "label": "D40 PR1+1200"}}, {"type": "Feature", "geometry": {"type": "Point", "coordinates": [3.74813203, 44.16132708]}, "properties": {"route": "D40", "pr": "4", "abs": 4220, "label": "D40 PR4+4220"}}, {"type": "Feature", "geometry": {"type": "Point", "coordinates": [3.75106017, 44.17228486]}, "properties": {"route": "D40", "pr": "2", "abs": 2194, "label": "D40 PR2+2194"}}, {"type": "Feature", "geometry": {"type": "Point", "coordinates": [3.75096323, 44.16646268]}, "properties": {"route": "D40", "pr": "3", "abs": 3217, "label": "D40 PR3+3217"}}, {"type": "Feature", "geometry": {"type": "Point", "coordinates": [3.75233587, 44.15434048]}, "properties": {"route": "D40", "pr": "5", "abs": 5234, "label": "D40 PR5+5234"}}, {"type": "Feature", "geometry": {"type": "Point", "coordinates": [3.72903559, 44.69226808]}, "properties": {"route": "D60", "pr": "15", "abs": 15146, "label": "D60 PR15+15146"}}, {"type": "Feature", "geometry": {"type": "Point", "coordinates": [3.65589298, 44.73970902]}, "properties": {"route": "D60", "pr": "6", "abs": 6053, "label": "D60 PR6+6053"}}, {"type": "Feature", "geometry": {"type": "Point", "coordinates": [3.72200854, 44.70039544]}, "properties": {"route": "D60", "pr": "14", "abs": 14056, "label": "D60 PR14+14056"}}, {"type": "Feature", "geometry": {"type": "Point", "coordinates": [3.67393852, 44.72782438]}, "properties": {"route": "D60", "pr": "8", "abs": 8070, "label": "D60 PR8+8070"}}, {"type": "Feature", "geometry": {"type": "Point", "coordinates": [3.63764378, 44.77755042]}, "properties": {"route": "D60", "pr": "1", "abs": 1006, "label": "D60 PR1+1006"}}, {"type": "Feature", "geometry": {"type": "Point", "coordinates": [3.64132728, 44.76890481]}, "properties": {"route": "D60", "pr": "2", "abs": 2033, "label": "D60 PR2+2033"}}, {"type": "Feature", "geometry": {"type": "Point", "coordinates": [3.70386646, 44.72112885]}, "properties": {"route": "D60", "pr": "11", "abs": 11073, "label": "D60 PR11+11073"}}, {"type": "Feature", "geometry": {"type": "Point", "coordinates": [3.68291969, 44.72191453]}, "properties": {"route": "D60", "pr": "9", "abs": 9077, "label": "D60 PR9+9077"}}, {"type": "Feature", "geometry": {"type": "Point", "coordinates": [3.65436145, 44.7541153]}, "properties": {"route": "D60", "pr": "4", "abs": 4040, "label": "D60 PR4+4040"}}, {"type": "Feature", "geometry": {"type": "Point", "coordinates": [3.7122761, 44.71458821]}, "properties": {"route": "D60", "pr": "12", "abs": 12070, "label": "D60 PR12+12070"}}, {"type": "Feature", "geometry": {"type": "Point", "coordinates": [3.66595951, 44.73489881]}, "properties": {"route": "D60", "pr": "7", "abs": 7058, "label": "D60 PR7+7058"}}, {"type": "Feature", "geometry": {"type": "Point", "coordinates": [3.64808512, 44.76198601]}, "properties": {"route": "D60", "pr": "3", "abs": 3033, "label": "D60 PR3+3033"}}, {"type": "Feature", "geometry": {"type": "Point", "coordinates": [3.65574045, 44.74634987]}, "properties": {"route": "D60", "pr": "5", "abs": 5048, "label": "D60 PR5+5048"}}, {"type": "Feature", "geometry": {"type": "Point", "coordinates": [3.7188824, 44.70776785]}, "properties": {"route": "D60", "pr": "13", "abs": 13068, "label": "D60 PR13+13068"}}, {"type": "Feature", "geometry": {"type": "Point", "coordinates": [3.69391868, 44.71851675]}, "properties": {"route": "D60", "pr": "10", "abs": 10078, "label": "D60 PR10+10078"}}, {"type": "Feature", "geometry": {"type": "Point", "coordinates": [3.6655423, 44.55894651]}, "properties": {"route": "D27", "pr": "8", "abs": 7870, "label": "D27 PR8+7870"}}, {"type": "Feature", "geometry": {"type": "Point", "coordinates": [3.6568245, 44.5393126]}, "properties": {"route": "D27", "pr": "5", "abs": 4948, "label": "D27 PR5+4948"}}, {"type": "Feature", "geometry": {"type": "Point", "coordinates": [3.66668154, 44.56734278]}, "properties": {"route": "D27", "pr": "9", "abs": 8865, "label": "D27 PR9+8865"}}, {"type": "Feature", "geometry": {"type": "Point", "coordinates": [3.64562833, 44.53845768]}, "properties": {"route": "D27", "pr": "4", "abs": 3937, "label": "D27 PR4+3937"}}, {"type": "Feature", "geometry": {"type": "Point", "coordinates": [3.66398708, 44.58505753]}, "properties": {"route": "D27", "pr": "11", "abs": 10891, "label": "D27 PR11+10891"}}, {"type": "Feature", "geometry": {"type": "Point", "coordinates": [3.62790538, 44.5202109]}, "properties": {"route": "D27", "pr": "1", "abs": 956, "label": "D27 PR1+956"}}, {"type": "Feature", "geometry": {"type": "Point", "coordinates": [3.66428472, 44.54410058]}, "properties": {"route": "D27", "pr": "6", "abs": 5884, "label": "D27 PR6+5884"}}, {"type": "Feature", "geometry": {"type": "Point", "coordinates": [3.62909363, 44.52804354]}, "properties": {"route": "D27", "pr": "2", "abs": 1952, "label": "D27 PR2+1952"}}, {"type": "Feature", "geometry": {"type": "Point", "coordinates": [3.66593598, 44.57588188]}, "properties": {"route": "D27", "pr": "10", "abs": 9830, "label": "D27 PR10+9830"}}, {"type": "Feature", "geometry": {"type": "Point", "coordinates": [3.67017838, 44.5512914]}, "properties": {"route": "D27", "pr": "7", "abs": 6867, "label": "D27 PR7+6867"}}, {"type": "Feature", "geometry": {"type": "Point", "coordinates": [3.635794, 44.53510547]}, "properties": {"route": "D27", "pr": "3", "abs": 2931, "label": "D27 PR3+2931"}}, {"type": "Feature", "geometry": {"type": "Point", "coordinates": [3.76672456, 44.7688061]}, "properties": {"route": "D26", "pr": "9", "abs": 9090, "label": "D26 PR9+9090"}}, {"type": "Feature", "geometry": {"type": "Point", "coordinates": [3.61748083, 44.82154654]}, "properties": {"route": "D26", "pr": "20", "abs": 19797, "label": "D26 PR20+19797"}}, {"type": "Feature", "geometry": {"type": "Point", "coordinates": [3.82172701, 44.7481504]}, "properties": {"route": "D26", "pr": "4", "abs": 4024, "label": "D26 PR4+4024"}}, {"type": "Feature", "geometry": {"type": "Point", "coordinates": [3.62828049, 44.82119689]}, "properties": {"route": "D26", "pr": "19", "abs": 18809, "label": "D26 PR19+18809"}}, {"type": "Feature", "geometry": {"type": "Point", "coordinates": [3.83008562, 44.74367817]}, "properties": {"route": "D26", "pr": "3", "abs": 3021, "label": "D26 PR3+3021"}}, {"type": "Feature", "geometry": {"type": "Point", "coordinates": [3.83702582, 44.73650598]}, "properties": {"route": "D26", "pr": "2", "abs": 2028, "label": "D26 PR2+2028"}}, {"type": "Feature", "geometry": {"type": "Point", "coordinates": [3.70937178, 44.78452452]}, "properties": {"route": "D26", "pr": "15", "abs": 14915, "label": "D26 PR15+14915"}}, {"type": "Feature", "geometry": {"type": "Point", "coordinates": [3.81095379, 44.75253886]}, "properties": {"route": "D26", "pr": "5", "abs": 5017, "label": "D26 PR5+5017"}}, {"type": "Feature", "geometry": {"type": "Point", "coordinates": [3.72664742, 44.77698024]}, "properties": {"route": "D26", "pr": "13", "abs": 13094, "label": "D26 PR13+13094"}}, {"type": "Feature", "geometry": {"type": "Point", "coordinates": [3.84046218, 44.72816705]}, "properties": {"route": "D26", "pr": "1", "abs": 1024, "label": "D26 PR1+1024"}}, {"type": "Feature", "geometry": {"type": "Point", "coordinates": [3.75625654, 44.77290529]}, "properties": {"route": "D26", "pr": "10", "abs": 10048, "label": "D26 PR10+10048"}}, {"type": "Feature", "geometry": {"type": "Point", "coordinates": [3.71669687, 44.77897807]}, "properties": {"route": "D26", "pr": "14", "abs": 13991, "label": "D26 PR14+13991"}}, {"type": "Feature", "geometry": {"type": "Point", "coordinates": [3.77888502, 44.76473996]}, "properties": {"route": "D26", "pr": "8", "abs": 8018, "label": "D26 PR8+8018"}}, {"type": "Feature", "geometry": {"type": "Point", "coordinates": [3.73869665, 44.77400688]}, "properties": {"route": "D26", "pr": "12", "abs": 11998, "label": "D26 PR12+11998"}}, {"type": "Feature", "geometry": {"type": "Point", "coordinates": [3.79031134, 44.76152224]}, "properties": {"route": "D26", "pr": "7", "abs": 7016, "label": "D26 PR7+7016"}}, {"type": "Feature", "geometry": {"type": "Point", "coordinates": [3.7454742, 44.77696058]}, "properties": {"route": "D26", "pr": "11", "abs": 11029, "label": "D26 PR11+11029"}}, {"type": "Feature", "geometry": {"type": "Point", "coordinates": [3.64190363, 44.80910999]}, "properties": {"route": "D26", "pr": "17", "abs": 16841, "label": "D26 PR17+16841"}}, {"type": "Feature", "geometry": {"type": "Point", "coordinates": [3.63451308, 44.81534334]}, "properties": {"route": "D26", "pr": "18", "abs": 17780, "label": "D26 PR18+17780"}}, {"type": "Feature", "geometry": {"type": "Point", "coordinates": [3.65072949, 44.8045415]}, "properties": {"route": "D26", "pr": "16", "abs": 15888, "label": "D26 PR16+15888"}}, {"type": "Feature", "geometry": {"type": "Point", "coordinates": [3.80115929, 44.7579789]}, "properties": {"route": "D26", "pr": "6", "abs": 6017, "label": "D26 PR6+6017"}}, {"type": "Feature", "geometry": {"type": "Point", "coordinates": [3.21152756, 44.47612084]}, "properties": {"route": "D809", "pr": "59", "abs": 57697, "label": "D809 PR59+57697"}}, {"type": "Feature", "geometry": {"type": "Point", "coordinates": [3.17651714, 44.41615461]}, "properties": {"route": "D809", "pr": "71", "abs": 69670, "label": "D809 PR71+69670"}}, {"type": "Feature", "geometry": {"type": "Point", "coordinates": [3.28196622, 44.75143368]}, "properties": {"route": "D809", "pr": "17", "abs": 16904, "label": "D809 PR17+16904"}}, {"type": "Feature", "geometry": {"type": "Point", "coordinates": [3.27499362, 44.60415827]}, "properties": {"route": "D809", "pr": "38", "abs": 36957, "label": "D809 PR38+36957"}}, {"type": "Feature", "geometry": {"type": "Point", "coordinates": [3.18593067, 44.42460448]}, "properties": {"route": "D809", "pr": "67", "abs": 65760, "label": "D809 PR67+65760"}}, {"type": "Feature", "geometry": {"type": "Point", "coordinates": [3.18097229, 44.41781002]}, "properties": {"route": "D809", "pr": "69", "abs": 67715, "label": "D809 PR69+67715"}}, {"type": "Feature", "geometry": {"type": "Point", "coordinates": [3.27065142, 44.67854591]}, "properties": {"route": "D809", "pr": "27", "abs": 26403, "label": "D809 PR27+26403"}}, {"type": "Feature", "geometry": {"type": "Point", "coordinates": [3.15285068, 44.40994901]}, "properties": {"route": "D809", "pr": "74", "abs": 72618, "label": "D809 PR74+72618"}}, {"type": "Feature", "geometry": {"type": "Point", "coordinates": [3.19301189, 44.43132572]}, "properties": {"route": "D809", "pr": "66", "abs": 64778, "label": "D809 PR66+64778"}}, {"type": "Feature", "geometry": {"type": "Point", "coordinates": [3.29163122, 44.56683432]}, "properties": {"route": "D809", "pr": "43", "abs": 41782, "label": "D809 PR43+41782"}}, {"type": "Feature", "geometry": {"type": "Point", "coordinates": [3.27713059, 44.54023801]}, "properties": {"route": "D809", "pr": "47", "abs": 45825, "label": "D809 PR47+45825"}}, {"type": "Feature", "geometry": {"type": "Point", "coordinates": [3.22802952, 44.49139518]}, "properties": {"route": "D809", "pr": "56", "abs": 54720, "label": "D809 PR56+54720"}}, {"type": "Feature", "geometry": {"type": "Point", "coordinates": [3.24693558, 44.88062613]}, "properties": {"route": "D809", "pr": "1", "abs": 1007, "label": "D809 PR1+1007"}}, {"type": "Feature", "geometry": {"type": "Point", "coordinates": [3.28364996, 44.70498009]}, "properties": {"route": "D809", "pr": "23", "abs": 22981, "label": "D809 PR23+22981"}}, {"type": "Feature", "geometry": {"type": "Point", "coordinates": [3.26307911, 44.61878952]}, "properties": {"route": "D809", "pr": "36", "abs": 34956, "label": "D809 PR36+34956"}}, {"type": "Feature", "geometry": {"type": "Point", "coordinates": [3.20294639, 44.47852972]}, "properties": {"route": "D809", "pr": "60", "abs": 58687, "label": "D809 PR60+58687"}}, {"type": "Feature", "geometry": {"type": "Point", "coordinates": [3.26764152, 44.61098049]}, "properties": {"route": "D809", "pr": "37", "abs": 35959, "label": "D809 PR37+35959"}}, {"type": "Feature", "geometry": {"type": "Point", "coordinates": [3.28384609, 44.79122735]}, "properties": {"route": "D809", "pr": "12", "abs": 12320, "label": "D809 PR12+12320"}}, {"type": "Feature", "geometry": {"type": "Point", "coordinates": [3.2756127, 44.68521649]}, "properties": {"route": "D809", "pr": "26", "abs": 25538, "label": "D809 PR26+25538"}}, {"type": "Feature", "geometry": {"type": "Point", "coordinates": [3.14078181, 44.39815835]}, "properties": {"route": "D809", "pr": "76", "abs": 74583, "label": "D809 PR76+74583"}}, {"type": "Feature", "geometry": {"type": "Point", "coordinates": [3.2596798, 44.83811265]}, "properties": {"route": "D809", "pr": "6", "abs": 6122, "label": "D809 PR6+6122"}}, {"type": "Feature", "geometry": {"type": "Point", "coordinates": [3.24505958, 44.49091755]}, "properties": {"route": "D809", "pr": "54", "abs": 52743, "label": "D809 PR54+52743"}}, {"type": "Feature", "geometry": {"type": "Point", "coordinates": [3.28647596, 44.77783462]}, "properties": {"route": "D809", "pr": "14", "abs": 13897, "label": "D809 PR14+13897"}}, {"type": "Feature", "geometry": {"type": "Point", "coordinates": [3.26149364, 44.8300711]}, "properties": {"route": "D809", "pr": "7", "abs": 7141, "label": "D809 PR7+7141"}}, {"type": "Feature", "geometry": {"type": "Point", "coordinates": [3.19490139, 44.44774735]}, "properties": {"route": "D809", "pr": "64", "abs": 62704, "label": "D809 PR64+62704"}}, {"type": "Feature", "geometry": {"type": "Point", "coordinates": [3.26679177, 44.82328439]}, "properties": {"route": "D809", "pr": "8", "abs": 8042, "label": "D809 PR8+8042"}}, {"type": "Feature", "geometry": {"type": "Point", "coordinates": [3.27618096, 44.79803784]}, "properties": {"route": "D809", "pr": "11", "abs": 11336, "label": "D809 PR11+11336"}}, {"type": "Feature", "geometry": {"type": "Point", "coordinates": [3.28950315, 44.73433272]}, "properties": {"route": "D809", "pr": "19", "abs": 18946, "label": "D809 PR19+18946"}}, {"type": "Feature", "geometry": {"type": "Point", "coordinates": [3.27008468, 44.533483]}, "properties": {"route": "D809", "pr": "48", "abs": 46829, "label": "D809 PR48+46829"}}, {"type": "Feature", "geometry": {"type": "Point", "coordinates": [3.24620023, 44.63239271]}, "properties": {"route": "D809", "pr": "34", "abs": 32806, "label": "D809 PR34+32806"}}, {"type": "Feature", "geometry": {"type": "Point", "coordinates": [3.20339161, 44.47087263]}, "properties": {"route": "D809", "pr": "61", "abs": 59693, "label": "D809 PR61+59693"}}, {"type": "Feature", "geometry": {"type": "Point", "coordinates": [3.24676059, 44.49828115]}, "properties": {"route": "D809", "pr": "53", "abs": 51764, "label": "D809 PR53+51764"}}, {"type": "Feature", "geometry": {"type": "Point", "coordinates": [3.28537845, 44.71350055]}, "properties": {"route": "D809", "pr": "22", "abs": 21984, "label": "D809 PR22+21984"}}, {"type": "Feature", "geometry": {"type": "Point", "coordinates": [3.19770108, 44.43943535]}, "properties": {"route": "D809", "pr": "65", "abs": 63796, "label": "D809 PR65+63796"}}, {"type": "Feature", "geometry": {"type": "Point", "coordinates": [3.25664965, 44.66869686]}, "properties": {"route": "D809", "pr": "29", "abs": 28138, "label": "D809 PR29+28138"}}, {"type": "Feature", "geometry": {"type": "Point", "coordinates": [3.25071033, 44.50656958]}, "properties": {"route": "D809", "pr": "52", "abs": 50765, "label": "D809 PR52+50765"}}, {"type": "Feature", "geometry": {"type": "Point", "coordinates": [3.282866, 44.71980819]}, "properties": {"route": "D809", "pr": "21", "abs": 20977, "label": "D809 PR21+20977"}}, {"type": "Feature", "geometry": {"type": "Point", "coordinates": [3.25418364, 44.51440979]}, "properties": {"route": "D809", "pr": "51", "abs": 49789, "label": "D809 PR51+49789"}}, {"type": "Feature", "geometry": {"type": "Point", "coordinates": [3.25673408, 44.84700132]}, "properties": {"route": "D809", "pr": "5", "abs": 5101, "label": "D809 PR5+5101"}}, {"type": "Feature", "geometry": {"type": "Point", "coordinates": [3.28149836, 44.58114666]}, "properties": {"route": "D809", "pr": "41", "abs": 39832, "label": "D809 PR41+39832"}}, {"type": "Feature", "geometry": {"type": "Point", "coordinates": [3.24303691, 44.6394056]}, "properties": {"route": "D809", "pr": "33", "abs": 31860, "label": "D809 PR33+31860"}}, {"type": "Feature", "geometry": {"type": "Point", "coordinates": [3.25878457, 44.85584059]}, "properties": {"route": "D809", "pr": "4", "abs": 4078, "label": "D809 PR4+4078"}}, {"type": "Feature", "geometry": {"type": "Point", "coordinates": [3.16271165, 44.40960542]}, "properties": {"route": "D809", "pr": "73", "abs": 71638, "label": "D809 PR73+71638"}}, {"type": "Feature", "geometry": {"type": "Point", "coordinates": [3.25096288, 44.87219526]}, "properties": {"route": "D809", "pr": "2", "abs": 2027, "label": "D809 PR2+2027"}}, {"type": "Feature", "geometry": {"type": "Point", "coordinates": [3.14494423, 44.40561003]}, "properties": {"route": "D809", "pr": "75", "abs": 73600, "label": "D809 PR75+73600"}}, {"type": "Feature", "geometry": {"type": "Point", "coordinates": [3.26692006, 44.52750416]}, "properties": {"route": "D809", "pr": "49", "abs": 47740, "label": "D809 PR49+47740"}}, {"type": "Feature", "geometry": {"type": "Point", "coordinates": [3.28960656, 44.55094224]}, "properties": {"route": "D809", "pr": "45", "abs": 43835, "label": "D809 PR45+43835"}}, {"type": "Feature", "geometry": {"type": "Point", "coordinates": [3.24675311, 44.64781222]}, "properties": {"route": "D809", "pr": "32", "abs": 30823, "label": "D809 PR32+30823"}}, {"type": "Feature", "geometry": {"type": "Point", "coordinates": [3.19346444, 44.45602542]}, "properties": {"route": "D809", "pr": "63", "abs": 61704, "label": "D809 PR63+61704"}}, {"type": "Feature", "geometry": {"type": "Point", "coordinates": [3.2834076, 44.76042051]}, "properties": {"route": "D809", "pr": "16", "abs": 15898, "label": "D809 PR16+15898"}}, {"type": "Feature", "geometry": {"type": "Point", "coordinates": [3.2715253, 44.81509971]}, "properties": {"route": "D809", "pr": "9", "abs": 9064, "label": "D809 PR9+9064"}}, {"type": "Feature", "geometry": {"type": "Point", "coordinates": [3.27970349, 44.58930211]}, "properties": {"route": "D809", "pr": "40", "abs": 38869, "label": "D809 PR40+38869"}}, {"type": "Feature", "geometry": {"type": "Point", "coordinates": [3.22115101, 44.47936973]}, "properties": {"route": "D809", "pr": "58", "abs": 56711, "label": "D809 PR58+56711"}}, {"type": "Feature", "geometry": {"type": "Point", "coordinates": [3.26139499, 44.67505885]}, "properties": {"route": "D809", "pr": "28", "abs": 27288, "label": "D809 PR28+27288"}}, {"type": "Feature", "geometry": {"type": "Point", "coordinates": [3.28631014, 44.74302806]}, "properties": {"route": "D809", "pr": "18", "abs": 17926, "label": "D809 PR18+17926"}}, {"type": "Feature", "geometry": {"type": "Point", "coordinates": [3.2871053, 44.78671825]}, "properties": {"route": "D809", "pr": "13", "abs": 12894, "label": "D809 PR13+12894"}}, {"type": "Feature", "geometry": {"type": "Point", "coordinates": [3.27220281, 44.80742816]}, "properties": {"route": "D809", "pr": "10", "abs": 10055, "label": "D809 PR10+10055"}}, {"type": "Feature", "geometry": {"type": "Point", "coordinates": [3.25227769, 44.65476609]}, "properties": {"route": "D809", "pr": "31", "abs": 29874, "label": "D809 PR31+29874"}}, {"type": "Feature", "geometry": {"type": "Point", "coordinates": [3.17848174, 44.41704262]}, "properties": {"route": "D809", "pr": "70", "abs": 68688, "label": "D809 PR70+68688"}}, {"type": "Feature", "geometry": {"type": "Point", "coordinates": [3.28796559, 44.57428629]}, "properties": {"route": "D809", "pr": "42", "abs": 40814, "label": "D809 PR42+40814"}}, {"type": "Feature", "geometry": {"type": "Point", "coordinates": [3.1832723, 44.41906108]}, "properties": {"route": "D809", "pr": "68", "abs": 66746, "label": "D809 PR68+66746"}}, {"type": "Feature", "geometry": {"type": "Point", "coordinates": [3.26394565, 44.51927061]}, "properties": {"route": "D809", "pr": "50", "abs": 48794, "label": "D809 PR50+48794"}}, {"type": "Feature", "geometry": {"type": "Point", "coordinates": [3.25466224, 44.62589882]}, "properties": {"route": "D809", "pr": "35", "abs": 33878, "label": "D809 PR35+33878"}}, {"type": "Feature", "geometry": {"type": "Point", "coordinates": [3.28703914, 44.54269105]}, "properties": {"route": "D809", "pr": "46", "abs": 44833, "label": "D809 PR46+44833"}}, {"type": "Feature", "geometry": {"type": "Point", "coordinates": [3.25176016, 44.66201811]}, "properties": {"route": "D809", "pr": "30", "abs": 28998, "label": "D809 PR30+28998"}}, {"type": "Feature", "geometry": {"type": "Point", "coordinates": [3.23055052, 44.48293422]}, "properties": {"route": "D809", "pr": "57", "abs": 55726, "label": "D809 PR57+55726"}}, {"type": "Feature", "geometry": {"type": "Point", "coordinates": [3.23645417, 44.48773157]}, "properties": {"route": "D809", "pr": "55", "abs": 53716, "label": "D809 PR55+53716"}}, {"type": "Feature", "geometry": {"type": "Point", "coordinates": [3.28034687, 44.59759274]}, "properties": {"route": "D809", "pr": "39", "abs": 37886, "label": "D809 PR39+37886"}}, {"type": "Feature", "geometry": {"type": "Point", "coordinates": [3.28306775, 44.69036624]}, "properties": {"route": "D809", "pr": "25", "abs": 24674, "label": "D809 PR25+24674"}}, {"type": "Feature", "geometry": {"type": "Point", "coordinates": [3.25533745, 44.86467012]}, "properties": {"route": "D809", "pr": "3", "abs": 3055, "label": "D809 PR3+3055"}}, {"type": "Feature", "geometry": {"type": "Point", "coordinates": [3.29092737, 44.55781392]}, "properties": {"route": "D809", "pr": "44", "abs": 42817, "label": "D809 PR44+42817"}}, {"type": "Feature", "geometry": {"type": "Point", "coordinates": [3.28351368, 44.76918299]}, "properties": {"route": "D809", "pr": "15", "abs": 14895, "label": "D809 PR15+14895"}}, {"type": "Feature", "geometry": {"type": "Point", "coordinates": [3.28771137, 44.72677304]}, "properties": {"route": "D809", "pr": "20", "abs": 19975, "label": "D809 PR20+19975"}}, {"type": "Feature", "geometry": {"type": "Point", "coordinates": [3.2825368, 44.69748799]}, "properties": {"route": "D809", "pr": "24", "abs": 23831, "label": "D809 PR24+23831"}}, {"type": "Feature", "geometry": {"type": "Point", "coordinates": [3.19730294, 44.46325984]}, "properties": {"route": "D809", "pr": "62", "abs": 60692, "label": "D809 PR62+60692"}}, {"type": "Feature", "geometry": {"type": "Point", "coordinates": [3.17254549, 44.40946353]}, "properties": {"route": "D809", "pr": "72", "abs": 70650, "label": "D809 PR72+70650"}}, {"type": "Feature", "geometry": {"type": "Point", "coordinates": [3.23813358, 44.88669748]}, "properties": {"route": "D809", "pr": "0", "abs": 0, "label": "D809 PR0"}}, {"type": "Feature", "geometry": {"type": "Point", "coordinates": [3.37823406, 44.60621819]}, "properties": {"route": "D999", "pr": "12", "abs": 11943, "label": "D999 PR12+11943"}}, {"type": "Feature", "geometry": {"type": "Point", "coordinates": [3.38016012, 44.61694637]}, "properties": {"route": "D999", "pr": "14", "abs": 13941, "label": "D999 PR14+13941"}}, {"type": "Feature", "geometry": {"type": "Point", "coordinates": [3.38579394, 44.62518684]}, "properties": {"route": "D999", "pr": "16", "abs": 15932, "label": "D999 PR16+15932"}}, {"type": "Feature", "geometry": {"type": "Point", "coordinates": [3.43215911, 44.64532382]}, "properties": {"route": "D999", "pr": "22", "abs": 21791, "label": "D999 PR22+21791"}}, {"type": "Feature", "geometry": {"type": "Point", "coordinates": [3.38853572, 44.62005199]}, "properties": {"route": "D999", "pr": "15", "abs": 14938, "label": "D999 PR15+14938"}}, {"type": "Feature", "geometry": {"type": "Point", "coordinates": [3.40107525, 44.63528846]}, "properties": {"route": "D999", "pr": "18", "abs": 17930, "label": "D999 PR18+17930"}}, {"type": "Feature", "geometry": {"type": "Point", "coordinates": [3.3548928, 44.58781954]}, "properties": {"route": "D999", "pr": "8", "abs": 7977, "label": "D999 PR8+7977"}}, {"type": "Feature", "geometry": {"type": "Point", "coordinates": [3.37925958, 44.60092832]}, "properties": {"route": "D999", "pr": "11", "abs": 10967, "label": "D999 PR11+10967"}}, {"type": "Feature", "geometry": {"type": "Point", "coordinates": [3.44062917, 44.65024557]}, "properties": {"route": "D999", "pr": "23", "abs": 22800, "label": "D999 PR23+22800"}}, {"type": "Feature", "geometry": {"type": "Point", "coordinates": [3.37062131, 44.5977986]}, "properties": {"route": "D999", "pr": "10", "abs": 9978, "label": "D999 PR10+9978"}}, {"type": "Feature", "geometry": {"type": "Point", "coordinates": [3.36380183, 44.5903284]}, "properties": {"route": "D999", "pr": "9", "abs": 8977, "label": "D999 PR9+8977"}}, {"type": "Feature", "geometry": {"type": "Point", "coordinates": [3.31186164, 44.5633221]}, "properties": {"route": "D999", "pr": "3", "abs": 2981, "label": "D999 PR3+2981"}}, {"type": "Feature", "geometry": {"type": "Point", "coordinates": [3.4412379, 44.65840873]}, "properties": {"route": "D999", "pr": "24", "abs": 23784, "label": "D999 PR24+23784"}}, {"type": "Feature", "geometry": {"type": "Point", "coordinates": [3.32462393, 44.57644158]}, "properties": {"route": "D999", "pr": "5", "abs": 4977, "label": "D999 PR5+4977"}}, {"type": "Feature", "geometry": {"type": "Point", "coordinates": [3.41332539, 44.64332876]}, "properties": {"route": "D999", "pr": "20", "abs": 19788, "label": "D999 PR20+19788"}}, {"type": "Feature", "geometry": {"type": "Point", "coordinates": [3.33625064, 44.57918408]}, "properties": {"route": "D999", "pr": "6", "abs": 6007, "label": "D999 PR6+6007"}}, {"type": "Feature", "geometry": {"type": "Point", "coordinates": [3.39274875, 44.63096912]}, "properties": {"route": "D999", "pr": "17", "abs": 16937, "label": "D999 PR17+16937"}}, {"type": "Feature", "geometry": {"type": "Point", "coordinates": [3.42006311, 44.64705395]}, "properties": {"route": "D999", "pr": "21", "abs": 20786, "label": "D999 PR21+20786"}}, {"type": "Feature", "geometry": {"type": "Point", "coordinates": [3.31731269, 44.57068051]}, "properties": {"route": "D999", "pr": "4", "abs": 3983, "label": "D999 PR4+3983"}}, {"type": "Feature", "geometry": {"type": "Point", "coordinates": [3.31116998, 44.55526596]}, "properties": {"route": "D999", "pr": "2", "abs": 2010, "label": "D999 PR2+2010"}}, {"type": "Feature", "geometry": {"type": "Point", "coordinates": [3.34318081, 44.58599841]}, "properties": {"route": "D999", "pr": "7", "abs": 6978, "label": "D999 PR7+6978"}}, {"type": "Feature", "geometry": {"type": "Point", "coordinates": [3.40488956, 44.63988489]}, "properties": {"route": "D999", "pr": "19", "abs": 18801, "label": "D999 PR19+18801"}}, {"type": "Feature", "geometry": {"type": "Point", "coordinates": [3.37100022, 44.61134811]}, "properties": {"route": "D999", "pr": "13", "abs": 12940, "label": "D999 PR13+12940"}}, {"type": "Feature", "geometry": {"type": "Point", "coordinates": [3.30273515, 44.55237532]}, "properties": {"route": "D999", "pr": "1", "abs": 990, "label": "D999 PR1+990"}}, {"type": "Feature", "geometry": {"type": "Point", "coordinates": [3.35938285, 44.95894246]}, "properties": {"route": "D123", "pr": "2", "abs": 2050, "label": "D123 PR2+2050"}}, {"type": "Feature", "geometry": {"type": "Point", "coordinates": [3.36414574, 44.95227321]}, "properties": {"route": "D123", "pr": "1", "abs": 1023, "label": "D123 PR1+1023"}}, {"type": "Feature", "geometry": {"type": "Point", "coordinates": [3.35998651, 44.96210712]}, "properties": {"route": "D123", "pr": "3", "abs": 3073, "label": "D123 PR3+3073"}}, {"type": "Feature", "geometry": {"type": "Point", "coordinates": [3.36127642, 44.64669441]}, "properties": {"route": "D30", "pr": "4", "abs": 4019, "label": "D30 PR4+4019"}}, {"type": "Feature", "geometry": {"type": "Point", "coordinates": [3.36377606, 44.63987471]}, "properties": {"route": "D30", "pr": "3", "abs": 3011, "label": "D30 PR3+3011"}}, {"type": "Feature", "geometry": {"type": "Point", "coordinates": [3.34244757, 44.64203595]}, "properties": {"route": "D30", "pr": "6", "abs": 5993, "label": "D30 PR6+5993"}}, {"type": "Feature", "geometry": {"type": "Point", "coordinates": [3.36841913, 44.63277238]}, "properties": {"route": "D30", "pr": "2", "abs": 2010, "label": "D30 PR2+2010"}}, {"type": "Feature", "geometry": {"type": "Point", "coordinates": [3.33480991, 44.64759244]}, "properties": {"route": "D30", "pr": "7", "abs": 6910, "label": "D30 PR7+6910"}}, {"type": "Feature", "geometry": {"type": "Point", "coordinates": [3.35219566, 44.64333595]}, "properties": {"route": "D30", "pr": "5", "abs": 5008, "label": "D30 PR5+5008"}}, {"type": "Feature", "geometry": {"type": "Point", "coordinates": [3.37352673, 44.62631919]}, "properties": {"route": "D30", "pr": "1", "abs": 1006, "label": "D30 PR1+1006"}}, {"type": "Feature", "geometry": {"type": "Point", "coordinates": [3.27810958, 44.90059785]}, "properties": {"route": "D147", "pr": "5", "abs": 4892, "label": "D147 PR5+4892"}}, {"type": "Feature", "geometry": {"type": "Point", "coordinates": [3.30786212, 44.8918814]}, "properties": {"route": "D147", "pr": "1", "abs": 952, "label": "D147 PR1+952"}}, {"type": "Feature", "geometry": {"type": "Point", "coordinates": [3.2887535, 44.89719347]}, "properties": {"route": "D147", "pr": "4", "abs": 3924, "label": "D147 PR4+3924"}}, {"type": "Feature", "geometry": {"type": "Point", "coordinates": [3.3046592, 44.89987726]}, "properties": {"route": "D147", "pr": "2", "abs": 1936, "label": "D147 PR2+1936"}}, {"type": "Feature", "geometry": {"type": "Point", "coordinates": [3.29497797, 44.90293218]}, "properties": {"route": "D147", "pr": "3", "abs": 2919, "label": "D147 PR3+2919"}}, {"type": "Feature", "geometry": {"type": "Point", "coordinates": [3.78213556, 44.78110443]}, "properties": {"route": "D126", "pr": "4", "abs": 2921, "label": "D126 PR4+2921"}}, {"type": "Feature", "geometry": {"type": "Point", "coordinates": [3.78444425, 44.78937412]}, "properties": {"route": "D126", "pr": "5", "abs": 3920, "label": "D126 PR5+3920"}}, {"type": "Feature", "geometry": {"type": "Point", "coordinates": [3.77840308, 44.77375048]}, "properties": {"route": "D126", "pr": "3", "abs": 1923, "label": "D126 PR3+1923"}}, {"type": "Feature", "geometry": {"type": "Point", "coordinates": [3.78238301, 44.79471071]}, "properties": {"route": "D126", "pr": "6", "abs": 4915, "label": "D126 PR6+4915"}}, {"type": "Feature", "geometry": {"type": "Point", "coordinates": [3.78369332, 44.76688402]}, "properties": {"route": "D126", "pr": "2", "abs": 987, "label": "D126 PR2+987"}}, {"type": "Feature", "geometry": {"type": "Point", "coordinates": [3.91599538, 44.57596046]}, "properties": {"route": "D151", "pr": "18", "abs": 17998, "label": "D151 PR18+17998"}}, {"type": "Feature", "geometry": {"type": "Point", "coordinates": [3.91154445, 44.5813712]}, "properties": {"route": "D151", "pr": "19", "abs": 18992, "label": "D151 PR19+18992"}}, {"type": "Feature", "geometry": {"type": "Point", "coordinates": [3.92479286, 44.56860911]}, "properties": {"route": "D151", "pr": "16", "abs": 15979, "label": "D151 PR16+15979"}}, {"type": "Feature", "geometry": {"type": "Point", "coordinates": [3.9635683, 44.53776369]}, "properties": {"route": "D151", "pr": "9", "abs": 8948, "label": "D151 PR9+8948"}}, {"type": "Feature", "geometry": {"type": "Point", "coordinates": [3.97453891, 44.51605942]}, "properties": {"route": "D151", "pr": "6", "abs": 5933, "label": "D151 PR6+5933"}}, {"type": "Feature", "geometry": {"type": "Point", "coordinates": [3.98395767, 44.50431709]}, "properties": {"route": "D151", "pr": "4", "abs": 3943, "label": "D151 PR4+3943"}}, {"type": "Feature", "geometry": {"type": "Point", "coordinates": [3.95660316, 44.55044375]}, "properties": {"route": "D151", "pr": "11", "abs": 10961, "label": "D151 PR11+10961"}}, {"type": "Feature", "geometry": {"type": "Point", "coordinates": [3.98107322, 44.49780581]}, "properties": {"route": "D151", "pr": "3", "abs": 2948, "label": "D151 PR3+2948"}}, {"type": "Feature", "geometry": {"type": "Point", "coordinates": [3.9183885, 44.5688327]}, "properties": {"route": "D151", "pr": "17", "abs": 16990, "label": "D151 PR17+16990"}}, {"type": "Feature", "geometry": {"type": "Point", "coordinates": [3.98369594, 44.48342926]}, "properties": {"route": "D151", "pr": "1", "abs": 992, "label": "D151 PR1+992"}}, {"type": "Feature", "geometry": {"type": "Point", "coordinates": [3.97323756, 44.52290772]}, "properties": {"route": "D151", "pr": "7", "abs": 6927, "label": "D151 PR7+6927"}}, {"type": "Feature", "geometry": {"type": "Point", "coordinates": [3.98415707, 44.49106312]}, "properties": {"route": "D151", "pr": "2", "abs": 1980, "label": "D151 PR2+1980"}}, {"type": "Feature", "geometry": {"type": "Point", "coordinates": [3.95310024, 44.55848222]}, "properties": {"route": "D151", "pr": "12", "abs": 11961, "label": "D151 PR12+11961"}}, {"type": "Feature", "geometry": {"type": "Point", "coordinates": [3.9337273, 44.56822874]}, "properties": {"route": "D151", "pr": "15", "abs": 14949, "label": "D151 PR15+14949"}}, {"type": "Feature", "geometry": {"type": "Point", "coordinates": [3.96069464, 44.54450136]}, "properties": {"route": "D151", "pr": "10", "abs": 9958, "label": "D151 PR10+9958"}}, {"type": "Feature", "geometry": {"type": "Point", "coordinates": [3.9142244, 44.58708042]}, "properties": {"route": "D151", "pr": "20", "abs": 19972, "label": "D151 PR20+19972"}}, {"type": "Feature", "geometry": {"type": "Point", "coordinates": [3.9800532, 44.51072318]}, "properties": {"route": "D151", "pr": "5", "abs": 4938, "label": "D151 PR5+4938"}}, {"type": "Feature", "geometry": {"type": "Point", "coordinates": [3.96916136, 44.53023327]}, "properties": {"route": "D151", "pr": "8", "abs": 7921, "label": "D151 PR8+7921"}}, {"type": "Feature", "geometry": {"type": "Point", "coordinates": [3.94241638, 44.57073522]}, "properties": {"route": "D151", "pr": "14", "abs": 13948, "label": "D151 PR14+13948"}}, {"type": "Feature", "geometry": {"type": "Point", "coordinates": [3.94869555, 44.56590264]}, "properties": {"route": "D151", "pr": "13", "abs": 12927, "label": "D151 PR13+12927"}}, {"type": "Feature", "geometry": {"type": "Point", "coordinates": [3.13459377, 44.38520898]}, "properties": {"route": "D167", "pr": "2", "abs": 1965, "label": "D167 PR2+1965"}}, {"type": "Feature", "geometry": {"type": "Point", "coordinates": [3.12302431, 44.38711108]}, "properties": {"route": "D167", "pr": "3", "abs": 2943, "label": "D167 PR3+2943"}}, {"type": "Feature", "geometry": {"type": "Point", "coordinates": [3.14447444, 44.38095036]}, "properties": {"route": "D167", "pr": "1", "abs": 1000, "label": "D167 PR1+1000"}}, {"type": "Feature", "geometry": {"type": "Point", "coordinates": [3.15534497, 44.37891828]}, "properties": {"route": "D67", "pr": "9", "abs": 8935, "label": "D67 PR9+8935"}}, {"type": "Feature", "geometry": {"type": "Point", "coordinates": [3.15649619, 44.36447888]}, "properties": {"route": "D67", "pr": "7", "abs": 6972, "label": "D67 PR7+6972"}}, {"type": "Feature", "geometry": {"type": "Point", "coordinates": [3.16882737, 44.31989764]}, "properties": {"route": "D67", "pr": "1", "abs": 996, "label": "D67 PR1+996"}}, {"type": "Feature", "geometry": {"type": "Point", "coordinates": [3.15685804, 44.38775581]}, "properties": {"route": "D67", "pr": "10", "abs": 9950, "label": "D67 PR10+9950"}}, {"type": "Feature", "geometry": {"type": "Point", "coordinates": [3.16340238, 44.32696658]}, "properties": {"route": "D67", "pr": "2", "abs": 1991, "label": "D67 PR2+1991"}}, {"type": "Feature", "geometry": {"type": "Point", "coordinates": [3.15544054, 44.35657786]}, "properties": {"route": "D67", "pr": "6", "abs": 5971, "label": "D67 PR6+5971"}}, {"type": "Feature", "geometry": {"type": "Point", "coordinates": [3.16173771, 44.39969498]}, "properties": {"route": "D67", "pr": "12", "abs": 12066, "label": "D67 PR12+12066"}}, {"type": "Feature", "geometry": {"type": "Point", "coordinates": [3.14982178, 44.33978244]}, "properties": {"route": "D67", "pr": "4", "abs": 3991, "label": "D67 PR4+3991"}}, {"type": "Feature", "geometry": {"type": "Point", "coordinates": [3.15352717, 44.39359543]}, "properties": {"route": "D67", "pr": "11", "abs": 10963, "label": "D67 PR11+10963"}}, {"type": "Feature", "geometry": {"type": "Point", "coordinates": [3.15266388, 44.34814007]}, "properties": {"route": "D67", "pr": "5", "abs": 4993, "label": "D67 PR5+4993"}}, {"type": "Feature", "geometry": {"type": "Point", "coordinates": [3.15324703, 44.3318429]}, "properties": {"route": "D67", "pr": "3", "abs": 2986, "label": "D67 PR3+2986"}}, {"type": "Feature", "geometry": {"type": "Point", "coordinates": [3.15519354, 44.3703777]}, "properties": {"route": "D67", "pr": "8", "abs": 7959, "label": "D67 PR8+7959"}}, {"type": "Feature", "geometry": {"type": "Point", "coordinates": [3.16697027, 44.40710285]}, "properties": {"route": "D67", "pr": "13", "abs": 13066, "label": "D67 PR13+13066"}}, {"type": "Feature", "geometry": {"type": "Point", "coordinates": [3.73972036, 44.57756233]}, "properties": {"route": "D6", "pr": "20", "abs": 19620, "label": "D6 PR20+19620"}}, {"type": "Feature", "geometry": {"type": "Point", "coordinates": [3.62573869, 44.58917806]}, "properties": {"route": "D6", "pr": "28", "abs": 27373, "label": "D6 PR28+27373"}}, {"type": "Feature", "geometry": {"type": "Point", "coordinates": [3.8937768, 44.57791156]}, "properties": {"route": "D6", "pr": "2", "abs": 2054, "label": "D6 PR2+2054"}}, {"type": "Feature", "geometry": {"type": "Point", "coordinates": [3.72026929, 44.5885924]}, "properties": {"route": "D6", "pr": "22", "abs": 21619, "label": "D6 PR22+21619"}}, {"type": "Feature", "geometry": {"type": "Point", "coordinates": [3.60551777, 44.59982306]}, "properties": {"route": "D6", "pr": "30", "abs": 29431, "label": "D6 PR30+29431"}}, {"type": "Feature", "geometry": {"type": "Point", "coordinates": [3.82517175, 44.54858272]}, "properties": {"route": "D6", "pr": "10", "abs": 9957, "label": "D6 PR10+9957"}}, {"type": "Feature", "geometry": {"type": "Point", "coordinates": [3.76665929, 44.56141123]}, "properties": {"route": "D6", "pr": "16", "abs": 15716, "label": "D6 PR16+15716"}}, {"type": "Feature", "geometry": {"type": "Point", "coordinates": [3.75036329, 44.56557171]}, "properties": {"route": "D6", "pr": "18", "abs": 17638, "label": "D6 PR18+17638"}}, {"type": "Feature", "geometry": {"type": "Point", "coordinates": [3.69621155, 44.59024647]}, "properties": {"route": "D6", "pr": "24", "abs": 23610, "label": "D6 PR24+23610"}}, {"type": "Feature", "geometry": {"type": "Point", "coordinates": [3.63381964, 44.58225029]}, "properties": {"route": "D6", "pr": "27", "abs": 26348, "label": "D6 PR27+26348"}}, {"type": "Feature", "geometry": {"type": "Point", "coordinates": [3.68454035, 44.58767616]}, "properties": {"route": "D6", "pr": "25", "abs": 24603, "label": "D6 PR25+24603"}}, {"type": "Feature", "geometry": {"type": "Point", "coordinates": [3.8684223, 44.56903247]}, "properties": {"route": "D6", "pr": "5", "abs": 5093, "label": "D6 PR5+5093"}}, {"type": "Feature", "geometry": {"type": "Point", "coordinates": [3.79584766, 44.55079929]}, "properties": {"route": "D6", "pr": "13", "abs": 12828, "label": "D6 PR13+12828"}}, {"type": "Feature", "geometry": {"type": "Point", "coordinates": [3.67303438, 44.59105268]}, "properties": {"route": "D6", "pr": "26", "abs": 25607, "label": "D6 PR26+25607"}}, {"type": "Feature", "geometry": {"type": "Point", "coordinates": [3.77714367, 44.5582932]}, "properties": {"route": "D6", "pr": "15", "abs": 14742, "label": "D6 PR15+14742"}}, {"type": "Feature", "geometry": {"type": "Point", "coordinates": [3.90023698, 44.58490849]}, "properties": {"route": "D6", "pr": "1", "abs": 1044, "label": "D6 PR1+1044"}}, {"type": "Feature", "geometry": {"type": "Point", "coordinates": [3.84993019, 44.56218194]}, "properties": {"route": "D6", "pr": "7", "abs": 7084, "label": "D6 PR7+7084"}}, {"type": "Feature", "geometry": {"type": "Point", "coordinates": [3.8913005, 44.56954616]}, "properties": {"route": "D6", "pr": "3", "abs": 3070, "label": "D6 PR3+3070"}}, {"type": "Feature", "geometry": {"type": "Point", "coordinates": [3.81561211, 44.54847549]}, "properties": {"route": "D6", "pr": "11", "abs": 10863, "label": "D6 PR11+10863"}}, {"type": "Feature", "geometry": {"type": "Point", "coordinates": [3.7415008, 44.56878974]}, "properties": {"route": "D6", "pr": "19", "abs": 18598, "label": "D6 PR19+18598"}}, {"type": "Feature", "geometry": {"type": "Point", "coordinates": [3.88038889, 44.56762421]}, "properties": {"route": "D6", "pr": "4", "abs": 4093, "label": "D6 PR4+4093"}}, {"type": "Feature", "geometry": {"type": "Point", "coordinates": [3.73012095, 44.58301619]}, "properties": {"route": "D6", "pr": "21", "abs": 20618, "label": "D6 PR21+20618"}}, {"type": "Feature", "geometry": {"type": "Point", "coordinates": [3.80543518, 44.5466596]}, "properties": {"route": "D6", "pr": "12", "abs": 11850, "label": "D6 PR12+11850"}}, {"type": "Feature", "geometry": {"type": "Point", "coordinates": [3.84494605, 44.55461544]}, "properties": {"route": "D6", "pr": "8", "abs": 8069, "label": "D6 PR8+8069"}}, {"type": "Feature", "geometry": {"type": "Point", "coordinates": [3.75895758, 44.56664464]}, "properties": {"route": "D6", "pr": "17", "abs": 16671, "label": "D6 PR17+16671"}}, {"type": "Feature", "geometry": {"type": "Point", "coordinates": [3.61532576, 44.59388647]}, "properties": {"route": "D6", "pr": "29", "abs": 28402, "label": "D6 PR29+28402"}}, {"type": "Feature", "geometry": {"type": "Point", "coordinates": [3.78624584, 44.55437466]}, "properties": {"route": "D6", "pr": "14", "abs": 13774, "label": "D6 PR14+13774"}}, {"type": "Feature", "geometry": {"type": "Point", "coordinates": [3.70862064, 44.59058893]}, "properties": {"route": "D6", "pr": "23", "abs": 22614, "label": "D6 PR23+22614"}}, {"type": "Feature", "geometry": {"type": "Point", "coordinates": [3.85858518, 44.56632026]}, "properties": {"route": "D6", "pr": "6", "abs": 6079, "label": "D6 PR6+6079"}}, {"type": "Feature", "geometry": {"type": "Point", "coordinates": [3.8341495, 44.55182291]}, "properties": {"route": "D6", "pr": "9", "abs": 9050, "label": "D6 PR9+9050"}}, {"type": "Feature", "geometry": {"type": "Point", "coordinates": [3.59768761, 44.60422214]}, "properties": {"route": "D6", "pr": "31", "abs": 30251, "label": "D6 PR31+30251"}}, {"type": "Feature", "geometry": {"type": "Point", "coordinates": [3.74843038, 44.19709039]}, "properties": {"route": "D28", "pr": "3", "abs": 2997, "label": "D28 PR3+2997"}}, {"type": "Feature", "geometry": {"type": "Point", "coordinates": [3.74665684, 44.22217298]}, "properties": {"route": "D28", "pr": "9", "abs": 8983, "label": "D28 PR9+8983"}}, {"type": "Feature", "geometry": {"type": "Point", "coordinates": [3.76301358, 44.22043939]}, "properties": {"route": "D28", "pr": "12", "abs": 11982, "label": "D28 PR12+11982"}}, {"type": "Feature", "geometry": {"type": "Point", "coordinates": [3.7449565, 44.19074563]}, "properties": {"route": "D28", "pr": "2", "abs": 1991, "label": "D28 PR2+1991"}}, {"type": "Feature", "geometry": {"type": "Point", "coordinates": [3.75888492, 44.20896785]}, "properties": {"route": "D28", "pr": "6", "abs": 5989, "label": "D28 PR6+5989"}}, {"type": "Feature", "geometry": {"type": "Point", "coordinates": [3.75587236, 44.20668339]}, "properties": {"route": "D28", "pr": "5", "abs": 4987, "label": "D28 PR5+4987"}}, {"type": "Feature", "geometry": {"type": "Point", "coordinates": [3.75431254, 44.22275076]}, "properties": {"route": "D28", "pr": "11", "abs": 10979, "label": "D28 PR11+10979"}}, {"type": "Feature", "geometry": {"type": "Point", "coordinates": [3.74027185, 44.18636313]}, "properties": {"route": "D28", "pr": "1", "abs": 967, "label": "D28 PR1+967"}}, {"type": "Feature", "geometry": {"type": "Point", "coordinates": [3.75146772, 44.21757736]}, "properties": {"route": "D28", "pr": "8", "abs": 7982, "label": "D28 PR8+7982"}}, {"type": "Feature", "geometry": {"type": "Point", "coordinates": [3.75333149, 44.21409456]}, "properties": {"route": "D28", "pr": "7", "abs": 6984, "label": "D28 PR7+6984"}}, {"type": "Feature", "geometry": {"type": "Point", "coordinates": [3.75016776, 44.20302208]}, "properties": {"route": "D28", "pr": "4", "abs": 3981, "label": "D28 PR4+3981"}}, {"type": "Feature", "geometry": {"type": "Point", "coordinates": [3.74560038, 44.22712913]}, "properties": {"route": "D28", "pr": "10", "abs": 9994, "label": "D28 PR10+9994"}}, {"type": "Feature", "geometry": {"type": "Point", "coordinates": [3.45173537, 44.1681435]}, "properties": {"route": "D57", "pr": "3", "abs": 3028, "label": "D57 PR3+3028"}}, {"type": "Feature", "geometry": {"type": "Point", "coordinates": [3.44396085, 44.17196101]}, "properties": {"route": "D57", "pr": "2", "abs": 2025, "label": "D57 PR2+2025"}}, {"type": "Feature", "geometry": {"type": "Point", "coordinates": [3.44008099, 44.17770212]}, "properties": {"route": "D57", "pr": "1", "abs": 1022, "label": "D57 PR1+1022"}}, {"type": "Feature", "geometry": {"type": "Point", "coordinates": [3.46133735, 44.16375881]}, "properties": {"route": "D57", "pr": "4", "abs": 4027, "label": "D57 PR4+4027"}}, {"type": "Feature", "geometry": {"type": "Point", "coordinates": [3.4696976, 44.15832011]}, "properties": {"route": "D57", "pr": "5", "abs": 5023, "label": "D57 PR5+5023"}}, {"type": "Feature", "geometry": {"type": "Point", "coordinates": [3.47970868, 44.15669894]}, "properties": {"route": "D57", "pr": "6", "abs": 6023, "label": "D57 PR6+6023"}}, {"type": "Feature", "geometry": {"type": "Point", "coordinates": [3.20222621, 44.86071812]}, "properties": {"route": "D64", "pr": "9", "abs": 8798, "label": "D64 PR9+8798"}}, {"type": "Feature", "geometry": {"type": "Point", "coordinates": [3.2150055, 44.8468307]}, "properties": {"route": "D64", "pr": "7", "abs": 6803, "label": "D64 PR7+6803"}}, {"type": "Feature", "geometry": {"type": "Point", "coordinates": [3.24656153, 44.82256231]}, "properties": {"route": "D64", "pr": "3", "abs": 2797, "label": "D64 PR3+2797"}}, {"type": "Feature", "geometry": {"type": "Point", "coordinates": [3.20823603, 44.85370597]}, "properties": {"route": "D64", "pr": "8", "abs": 7801, "label": "D64 PR8+7801"}}, {"type": "Feature", "geometry": {"type": "Point", "coordinates": [3.26492596, 44.81177905]}, "properties": {"route": "D64", "pr": "1", "abs": 814, "label": "D64 PR1+814"}}, {"type": "Feature", "geometry": {"type": "Point", "coordinates": [3.23546381, 44.82630839]}, "properties": {"route": "D64", "pr": "4", "abs": 3798, "label": "D64 PR4+3798"}}, {"type": "Feature", "geometry": {"type": "Point", "coordinates": [3.19464164, 44.86421059]}, "properties": {"route": "D64", "pr": "10", "abs": 9800, "label": "D64 PR10+9800"}}, {"type": "Feature", "geometry": {"type": "Point", "coordinates": [3.22726621, 44.83267372]}, "properties": {"route": "D64", "pr": "5", "abs": 4801, "label": "D64 PR5+4801"}}, {"type": "Feature", "geometry": {"type": "Point", "coordinates": [3.22090626, 44.84021875]}, "properties": {"route": "D64", "pr": "6", "abs": 5803, "label": "D64 PR6+5803"}}, {"type": "Feature", "geometry": {"type": "Point", "coordinates": [3.25747885, 44.8186922]}, "properties": {"route": "D64", "pr": "2", "abs": 1810, "label": "D64 PR2+1810"}}, {"type": "Feature", "geometry": {"type": "Point", "coordinates": [3.73204874, 44.18281062]}, "properties": {"route": "D24", "pr": "6", "abs": 5848, "label": "D24 PR6+5848"}}, {"type": "Feature", "geometry": {"type": "Point", "coordinates": [3.73890557, 44.18201486]}, "properties": {"route": "D24", "pr": "7", "abs": 6842, "label": "D24 PR7+6842"}}, {"type": "Feature", "geometry": {"type": "Point", "coordinates": [3.70347285, 44.18461055]}, "properties": {"route": "D24", "pr": "3", "abs": 2916, "label": "D24 PR3+2916"}}, {"type": "Feature", "geometry": {"type": "Point", "coordinates": [3.68398171, 44.18462396]}, "properties": {"route": "D24", "pr": "1", "abs": 975, "label": "D24 PR1+975"}}, {"type": "Feature", "geometry": {"type": "Point", "coordinates": [3.72528419, 44.18340281]}, "properties": {"route": "D24", "pr": "5", "abs": 4914, "label": "D24 PR5+4914"}}, {"type": "Feature", "geometry": {"type": "Point", "coordinates": [3.6928145, 44.18464776]}, "properties": {"route": "D24", "pr": "2", "abs": 1971, "label": "D24 PR2+1971"}}, {"type": "Feature", "geometry": {"type": "Point", "coordinates": [3.71546518, 44.18352308]}, "properties": {"route": "D24", "pr": "4", "abs": 3920, "label": "D24 PR4+3920"}}, {"type": "Feature", "geometry": {"type": "Point", "coordinates": [3.73839929, 44.36646851]}, "properties": {"route": "D998", "pr": "45", "abs": 43502, "label": "D998 PR45+43502"}}, {"type": "Feature", "geometry": {"type": "Point", "coordinates": [3.61045152, 44.34486126]}, "properties": {"route": "D998", "pr": "30", "abs": 28649, "label": "D998 PR30+28649"}}, {"type": "Feature", "geometry": {"type": "Point", "coordinates": [3.68581339, 44.36343208]}, "properties": {"route": "D998", "pr": "39", "abs": 37535, "label": "D998 PR39+37535"}}, {"type": "Feature", "geometry": {"type": "Point", "coordinates": [3.29649024, 44.39696167]}, "properties": {"route": "D998", "pr": "11", "abs": 10819, "label": "D998 PR11+10819"}}, {"type": "Feature", "geometry": {"type": "Point", "coordinates": [3.82717693, 44.32401286]}, "properties": {"route": "D998", "pr": "56", "abs": 54398, "label": "D998 PR56+54398"}}, {"type": "Feature", "geometry": {"type": "Point", "coordinates": [3.4015392, 44.35522599]}, "properties": {"route": "D998", "pr": "26", "abs": 25558, "label": "D998 PR26+25558"}}, {"type": "Feature", "geometry": {"type": "Point", "coordinates": [3.59692561, 44.33870894]}, "properties": {"route": "D998", "pr": "28", "abs": 26878, "label": "D998 PR28+26878"}}, {"type": "Feature", "geometry": {"type": "Point", "coordinates": [3.21617254, 44.43055537]}, "properties": {"route": "D998", "pr": "2", "abs": 1948, "label": "D998 PR2+1948"}}, {"type": "Feature", "geometry": {"type": "Point", "coordinates": [3.81387979, 44.33397458]}, "properties": {"route": "D998", "pr": "54", "abs": 52410, "label": "D998 PR54+52410"}}, {"type": "Feature", "geometry": {"type": "Point", "coordinates": [3.74890066, 44.36326396]}, "properties": {"route": "D998", "pr": "46", "abs": 44505, "label": "D998 PR46+44505"}}, {"type": "Feature", "geometry": {"type": "Point", "coordinates": [3.31970501, 44.38137224]}, "properties": {"route": "D998", "pr": "14", "abs": 13627, "label": "D998 PR14+13627"}}, {"type": "Feature", "geometry": {"type": "Point", "coordinates": [3.78780946, 44.34367853]}, "properties": {"route": "D998", "pr": "51", "abs": 49412, "label": "D998 PR51+49412"}}, {"type": "Feature", "geometry": {"type": "Point", "coordinates": [3.39072723, 44.3498189]}, "properties": {"route": "D998", "pr": "23", "abs": 22548, "label": "D998 PR23+22548"}}, {"type": "Feature", "geometry": {"type": "Point", "coordinates": [3.75796392, 44.3599477]}, "properties": {"route": "D998", "pr": "47", "abs": 45468, "label": "D998 PR47+45468"}}, {"type": "Feature", "geometry": {"type": "Point", "coordinates": [3.73500344, 44.3618219]}, "properties": {"route": "D998", "pr": "44", "abs": 42490, "label": "D998 PR44+42490"}}, {"type": "Feature", "geometry": {"type": "Point", "coordinates": [3.30196251, 44.38954822]}, "properties": {"route": "D998", "pr": "12", "abs": 11812, "label": "D998 PR12+11812"}}, {"type": "Feature", "geometry": {"type": "Point", "coordinates": [3.65307482, 44.35613892]}, "properties": {"route": "D998", "pr": "35", "abs": 33559, "label": "D998 PR35+33559"}}, {"type": "Feature", "geometry": {"type": "Point", "coordinates": [3.23729574, 44.41111104]}, "properties": {"route": "D998", "pr": "5", "abs": 4838, "label": "D998 PR5+4838"}}, {"type": "Feature", "geometry": {"type": "Point", "coordinates": [3.22322801, 44.42551373]}, "properties": {"route": "D998", "pr": "3", "abs": 2854, "label": "D998 PR3+2854"}}, {"type": "Feature", "geometry": {"type": "Point", "coordinates": [3.62125578, 44.34817917]}, "properties": {"route": "D998", "pr": "31", "abs": 29634, "label": "D998 PR31+29634"}}, {"type": "Feature", "geometry": {"type": "Point", "coordinates": [3.88385775, 44.33193127]}, "properties": {"route": "D998", "pr": "63", "abs": 61301, "label": "D998 PR63+61301"}}, {"type": "Feature", "geometry": {"type": "Point", "coordinates": [3.87694487, 44.33355835]}, "properties": {"route": "D998", "pr": "62", "abs": 60304, "label": "D998 PR62+60304"}}, {"type": "Feature", "geometry": {"type": "Point", "coordinates": [3.8658496, 44.32777243]}, "properties": {"route": "D998", "pr": "60", "abs": 58325, "label": "D998 PR60+58325"}}, {"type": "Feature", "geometry": {"type": "Point", "coordinates": [3.93078088, 44.33114006]}, "properties": {"route": "D998", "pr": "69", "abs": 67376, "label": "D998 PR69+67376"}}, {"type": "Feature", "geometry": {"type": "Point", "coordinates": [3.34737686, 44.369885]}, "properties": {"route": "D998", "pr": "17", "abs": 16602, "label": "D998 PR17+16602"}}, {"type": "Feature", "geometry": {"type": "Point", "coordinates": [3.20623175, 44.43404466]}, "properties": {"route": "D998", "pr": "1", "abs": 947, "label": "D998 PR1+947"}}, {"type": "Feature", "geometry": {"type": "Point", "coordinates": [3.76748809, 44.3598907]}, "properties": {"route": "D998", "pr": "48", "abs": 46470, "label": "D998 PR48+46470"}}, {"type": "Feature", "geometry": {"type": "Point", "coordinates": [3.71493056, 44.36144101]}, "properties": {"route": "D998", "pr": "42", "abs": 40506, "label": "D998 PR42+40506"}}, {"type": "Feature", "geometry": {"type": "Point", "coordinates": [3.78267314, 44.35125165]}, "properties": {"route": "D998", "pr": "50", "abs": 48399, "label": "D998 PR50+48399"}}, {"type": "Feature", "geometry": {"type": "Point", "coordinates": [3.33681768, 44.37345369]}, "properties": {"route": "D998", "pr": "16", "abs": 15577, "label": "D998 PR16+15577"}}, {"type": "Feature", "geometry": {"type": "Point", "coordinates": [3.70604486, 44.36673571]}, "properties": {"route": "D998", "pr": "41", "abs": 39509, "label": "D998 PR41+39509"}}, {"type": "Feature", "geometry": {"type": "Point", "coordinates": [3.26922003, 44.41070638]}, "properties": {"route": "D998", "pr": "8", "abs": 7810, "label": "D998 PR8+7810"}}, {"type": "Feature", "geometry": {"type": "Point", "coordinates": [3.90471452, 44.3334199]}, "properties": {"route": "D998", "pr": "66", "abs": 64292, "label": "D998 PR66+64292"}}, {"type": "Feature", "geometry": {"type": "Point", "coordinates": [3.68113682, 44.36209192]}, "properties": {"route": "D998", "pr": "38", "abs": 36547, "label": "D998 PR38+36547"}}, {"type": "Feature", "geometry": {"type": "Point", "coordinates": [3.2897867, 44.40329609]}, "properties": {"route": "D998", "pr": "10", "abs": 9846, "label": "D998 PR10+9846"}}, {"type": "Feature", "geometry": {"type": "Point", "coordinates": [3.63747782, 44.35466854]}, "properties": {"route": "D998", "pr": "33", "abs": 31613, "label": "D998 PR33+31613"}}, {"type": "Feature", "geometry": {"type": "Point", "coordinates": [3.72466132, 44.36230998]}, "properties": {"route": "D998", "pr": "43", "abs": 41516, "label": "D998 PR43+41516"}}, {"type": "Feature", "geometry": {"type": "Point", "coordinates": [3.310246, 44.38437528]}, "properties": {"route": "D998", "pr": "13", "abs": 12757, "label": "D998 PR13+12757"}}, {"type": "Feature", "geometry": {"type": "Point", "coordinates": [3.85594403, 44.32729633]}, "properties": {"route": "D998", "pr": "59", "abs": 57345, "label": "D998 PR59+57345"}}, {"type": "Feature", "geometry": {"type": "Point", "coordinates": [3.69666639, 44.36505989]}, "properties": {"route": "D998", "pr": "40", "abs": 38523, "label": "D998 PR40+38523"}}, {"type": "Feature", "geometry": {"type": "Point", "coordinates": [3.67062833, 44.36181438]}, "properties": {"route": "D998", "pr": "37", "abs": 35545, "label": "D998 PR37+35545"}}, {"type": "Feature", "geometry": {"type": "Point", "coordinates": [3.59923697, 44.34366536]}, "properties": {"route": "D998", "pr": "29", "abs": 27686, "label": "D998 PR29+27686"}}, {"type": "Feature", "geometry": {"type": "Point", "coordinates": [3.28115497, 44.40755382]}, "properties": {"route": "D998", "pr": "9", "abs": 8869, "label": "D998 PR9+8869"}}, {"type": "Feature", "geometry": {"type": "Point", "coordinates": [3.23015015, 44.41826018]}, "properties": {"route": "D998", "pr": "4", "abs": 3844, "label": "D998 PR4+3844"}}, {"type": "Feature", "geometry": {"type": "Point", "coordinates": [3.38231833, 44.34368591]}, "properties": {"route": "D998", "pr": "22", "abs": 21541, "label": "D998 PR22+21541"}}, {"type": "Feature", "geometry": {"type": "Point", "coordinates": [3.25810355, 44.40910455]}, "properties": {"route": "D998", "pr": "7", "abs": 6820, "label": "D998 PR7+6820"}}, {"type": "Feature", "geometry": {"type": "Point", "coordinates": [3.36288315, 44.34876563]}, "properties": {"route": "D998", "pr": "20", "abs": 19559, "label": "D998 PR20+19559"}}, {"type": "Feature", "geometry": {"type": "Point", "coordinates": [3.94136913, 44.33140464]}, "properties": {"route": "D998", "pr": "70", "abs": 68295, "label": "D998 PR70+68295"}}, {"type": "Feature", "geometry": {"type": "Point", "coordinates": [3.35399474, 44.35391292]}, "properties": {"route": "D998", "pr": "19", "abs": 18583, "label": "D998 PR19+18583"}}, {"type": "Feature", "geometry": {"type": "Point", "coordinates": [3.87492276, 44.33036793]}, "properties": {"route": "D998", "pr": "61", "abs": 59330, "label": "D998 PR61+59330"}}, {"type": "Feature", "geometry": {"type": "Point", "coordinates": [3.3729132, 44.34732064]}, "properties": {"route": "D998", "pr": "21", "abs": 20542, "label": "D998 PR21+20542"}}, {"type": "Feature", "geometry": {"type": "Point", "coordinates": [3.32687486, 44.37662077]}, "properties": {"route": "D998", "pr": "15", "abs": 14652, "label": "D998 PR15+14652"}}, {"type": "Feature", "geometry": {"type": "Point", "coordinates": [3.89880378, 44.33589171]}, "properties": {"route": "D998", "pr": "65", "abs": 63295, "label": "D998 PR65+63295"}}, {"type": "Feature", "geometry": {"type": "Point", "coordinates": [3.24705557, 44.40866539]}, "properties": {"route": "D998", "pr": "6", "abs": 5817, "label": "D998 PR6+5817"}}, {"type": "Feature", "geometry": {"type": "Point", "coordinates": [3.8453085, 44.32772695]}, "properties": {"route": "D998", "pr": "58", "abs": 56355, "label": "D998 PR58+56355"}}, {"type": "Feature", "geometry": {"type": "Point", "coordinates": [3.81604697, 44.32726198]}, "properties": {"route": "D998", "pr": "55", "abs": 53385, "label": "D998 PR55+53385"}}, {"type": "Feature", "geometry": {"type": "Point", "coordinates": [3.66272773, 44.35706062]}, "properties": {"route": "D998", "pr": "36", "abs": 34553, "label": "D998 PR36+34553"}}, {"type": "Feature", "geometry": {"type": "Point", "coordinates": [3.79413052, 44.33625508]}, "properties": {"route": "D998", "pr": "52", "abs": 50412, "label": "D998 PR52+50412"}}, {"type": "Feature", "geometry": {"type": "Point", "coordinates": [3.3534774, 44.36188376]}, "properties": {"route": "D998", "pr": "18", "abs": 17667, "label": "D998 PR18+17667"}}, {"type": "Feature", "geometry": {"type": "Point", "coordinates": [3.89510669, 44.3295682]}, "properties": {"route": "D998", "pr": "64", "abs": 62305, "label": "D998 PR64+62305"}}, {"type": "Feature", "geometry": {"type": "Point", "coordinates": [3.90902692, 44.32899044]}, "properties": {"route": "D998", "pr": "67", "abs": 65293, "label": "D998 PR67+65293"}}, {"type": "Feature", "geometry": {"type": "Point", "coordinates": [3.80271604, 44.33210679]}, "properties": {"route": "D998", "pr": "53", "abs": 51409, "label": "D998 PR53+51409"}}, {"type": "Feature", "geometry": {"type": "Point", "coordinates": [3.95167629, 44.33113051]}, "properties": {"route": "D998", "pr": "71", "abs": 69286, "label": "D998 PR71+69286"}}, {"type": "Feature", "geometry": {"type": "Point", "coordinates": [3.92072758, 44.33044688]}, "properties": {"route": "D998", "pr": "68", "abs": 66296, "label": "D998 PR68+66296"}}, {"type": "Feature", "geometry": {"type": "Point", "coordinates": [3.63095011, 44.35073814]}, "properties": {"route": "D998", "pr": "32", "abs": 30619, "label": "D998 PR32+30619"}}, {"type": "Feature", "geometry": {"type": "Point", "coordinates": [3.64412617, 44.35577577]}, "properties": {"route": "D998", "pr": "34", "abs": 32617, "label": "D998 PR34+32617"}}, {"type": "Feature", "geometry": {"type": "Point", "coordinates": [3.39096501, 44.35791596]}, "properties": {"route": "D998", "pr": "24", "abs": 23551, "label": "D998 PR24+23551"}}, {"type": "Feature", "geometry": {"type": "Point", "coordinates": [3.77496423, 44.35789027]}, "properties": {"route": "D998", "pr": "49", "abs": 47421, "label": "D998 PR49+47421"}}, {"type": "Feature", "geometry": {"type": "Point", "coordinates": [3.39766927, 44.35441279]}, "properties": {"route": "D998", "pr": "25", "abs": 24557, "label": "D998 PR25+24557"}}, {"type": "Feature", "geometry": {"type": "Point", "coordinates": [3.83736125, 44.32499533]}, "properties": {"route": "D998", "pr": "57", "abs": 55368, "label": "D998 PR57+55368"}}, {"type": "Feature", "geometry": {"type": "Point", "coordinates": [3.72165914, 44.25017344]}, "properties": {"route": "D162", "pr": "2", "abs": 1991, "label": "D162 PR2+1991"}}, {"type": "Feature", "geometry": {"type": "Point", "coordinates": [3.72201625, 44.2579655]}, "properties": {"route": "D162", "pr": "1", "abs": 988, "label": "D162 PR1+988"}}, {"type": "Feature", "geometry": {"type": "Point", "coordinates": [3.7207763, 44.24268371]}, "properties": {"route": "D162", "pr": "3", "abs": 2973, "label": "D162 PR3+2973"}}, {"type": "Feature", "geometry": {"type": "Point", "coordinates": [3.28644753, 44.34665703]}, "properties": {"route": "D43", "pr": "8", "abs": 7970, "label": "D43 PR8+7970"}}, {"type": "Feature", "geometry": {"type": "Point", "coordinates": [3.32226712, 44.29738542]}, "properties": {"route": "D43", "pr": "18", "abs": 17964, "label": "D43 PR18+17964"}}, {"type": "Feature", "geometry": {"type": "Point", "coordinates": [3.33116685, 44.29949681]}, "properties": {"route": "D43", "pr": "19", "abs": 18964, "label": "D43 PR19+18964"}}, {"type": "Feature", "geometry": {"type": "Point", "coordinates": [3.31394151, 44.32324908]}, "properties": {"route": "D43", "pr": "12", "abs": 11973, "label": "D43 PR12+11973"}}, {"type": "Feature", "geometry": {"type": "Point", "coordinates": [3.25430211, 44.37330075]}, "properties": {"route": "D43", "pr": "3", "abs": 3058, "label": "D43 PR3+3058"}}, {"type": "Feature", "geometry": {"type": "Point", "coordinates": [3.27686818, 44.36810454]}, "properties": {"route": "D43", "pr": "5", "abs": 4995, "label": "D43 PR5+4995"}}, {"type": "Feature", "geometry": {"type": "Point", "coordinates": [3.32406421, 44.29998515]}, "properties": {"route": "D43", "pr": "16", "abs": 15971, "label": "D43 PR16+15971"}}, {"type": "Feature", "geometry": {"type": "Point", "coordinates": [3.29072962, 44.33946793]}, "properties": {"route": "D43", "pr": "9", "abs": 8977, "label": "D43 PR9+8977"}}, {"type": "Feature", "geometry": {"type": "Point", "coordinates": [3.32015695, 44.30212813]}, "properties": {"route": "D43", "pr": "15", "abs": 14970, "label": "D43 PR15+14970"}}, {"type": "Feature", "geometry": {"type": "Point", "coordinates": [3.35847677, 44.28580735]}, "properties": {"route": "D43", "pr": "21", "abs": 20971, "label": "D43 PR21+20971"}}, {"type": "Feature", "geometry": {"type": "Point", "coordinates": [3.28200935, 44.36076593]}, "properties": {"route": "D43", "pr": "6", "abs": 5997, "label": "D43 PR6+5997"}}, {"type": "Feature", "geometry": {"type": "Point", "coordinates": [3.3409037, 44.29458739]}, "properties": {"route": "D43", "pr": "20", "abs": 19972, "label": "D43 PR20+19972"}}, {"type": "Feature", "geometry": {"type": "Point", "coordinates": [3.32570493, 44.30020714]}, "properties": {"route": "D43", "pr": "17", "abs": 16979, "label": "D43 PR17+16979"}}, {"type": "Feature", "geometry": {"type": "Point", "coordinates": [3.2815537, 44.35290327]}, "properties": {"route": "D43", "pr": "7", "abs": 6975, "label": "D43 PR7+6975"}}, {"type": "Feature", "geometry": {"type": "Point", "coordinates": [3.25049933, 44.38945317]}, "properties": {"route": "D43", "pr": "1", "abs": 1003, "label": "D43 PR1+1003"}}, {"type": "Feature", "geometry": {"type": "Point", "coordinates": [3.31593477, 44.31507002]}, "properties": {"route": "D43", "pr": "13", "abs": 12930, "label": "D43 PR13+12930"}}, {"type": "Feature", "geometry": {"type": "Point", "coordinates": [3.27169037, 44.37383802]}, "properties": {"route": "D43", "pr": "4", "abs": 4016, "label": "D43 PR4+4016"}}, {"type": "Feature", "geometry": {"type": "Point", "coordinates": [3.29981711, 44.33479154]}, "properties": {"route": "D43", "pr": "10", "abs": 9973, "label": "D43 PR10+9973"}}, {"type": "Feature", "geometry": {"type": "Point", "coordinates": [3.3095483, 44.33045465]}, "properties": {"route": "D43", "pr": "11", "abs": 10977, "label": "D43 PR11+10977"}}, {"type": "Feature", "geometry": {"type": "Point", "coordinates": [3.31799308, 44.30942647]}, "properties": {"route": "D43", "pr": "14", "abs": 13984, "label": "D43 PR14+13984"}}, {"type": "Feature", "geometry": {"type": "Point", "coordinates": [3.25078085, 44.3810206]}, "properties": {"route": "D43", "pr": "2", "abs": 2007, "label": "D43 PR2+2007"}}, {"type": "Feature", "geometry": {"type": "Point", "coordinates": [3.50407551, 44.33811222]}, "properties": {"route": "D68", "pr": "2", "abs": 2040, "label": "D68 PR2+2040"}}, {"type": "Feature", "geometry": {"type": "Point", "coordinates": [3.50048801, 44.33622745]}, "properties": {"route": "D68", "pr": "1", "abs": 1007, "label": "D68 PR1+1007"}}, {"type": "Feature", "geometry": {"type": "Point", "coordinates": [3.4249252, 44.40488667]}, "properties": {"route": "D44", "pr": "8", "abs": 7895, "label": "D44 PR8+7895"}}, {"type": "Feature", "geometry": {"type": "Point", "coordinates": [3.38033292, 44.43922289]}, "properties": {"route": "D44", "pr": "2", "abs": 1923, "label": "D44 PR2+1923"}}, {"type": "Feature", "geometry": {"type": "Point", "coordinates": [3.41236558, 44.41369327]}, "properties": {"route": "D44", "pr": "6", "abs": 5885, "label": "D44 PR6+5885"}}, {"type": "Feature", "geometry": {"type": "Point", "coordinates": [3.40628826, 44.42122618]}, "properties": {"route": "D44", "pr": "5", "abs": 4885, "label": "D44 PR5+4885"}}, {"type": "Feature", "geometry": {"type": "Point", "coordinates": [3.41779349, 44.40652529]}, "properties": {"route": "D44", "pr": "7", "abs": 6902, "label": "D44 PR7+6902"}}, {"type": "Feature", "geometry": {"type": "Point", "coordinates": [3.38875531, 44.43321616]}, "properties": {"route": "D44", "pr": "3", "abs": 2890, "label": "D44 PR3+2890"}}, {"type": "Feature", "geometry": {"type": "Point", "coordinates": [3.37391715, 44.44642036]}, "properties": {"route": "D44", "pr": "1", "abs": 964, "label": "D44 PR1+964"}}, {"type": "Feature", "geometry": {"type": "Point", "coordinates": [3.39921617, 44.42830058]}, "properties": {"route": "D44", "pr": "4", "abs": 3907, "label": "D44 PR4+3907"}}, {"type": "Feature", "geometry": {"type": "Point", "coordinates": [3.03723558, 44.74492315]}, "properties": {"route": "D12", "pr": "10", "abs": 9909, "label": "D12 PR10+9909"}}, {"type": "Feature", "geometry": {"type": "Point", "coordinates": [3.12200795, 44.84527115]}, "properties": {"route": "D12", "pr": "28", "abs": 27005, "label": "D12 PR28+27005"}}, {"type": "Feature", "geometry": {"type": "Point", "coordinates": [3.08472268, 44.79435195]}, "properties": {"route": "D12", "pr": "19", "abs": 18681, "label": "D12 PR19+18681"}}, {"type": "Feature", "geometry": {"type": "Point", "coordinates": [3.02735082, 44.71998058]}, "properties": {"route": "D12", "pr": "7", "abs": 6838, "label": "D12 PR7+6838"}}, {"type": "Feature", "geometry": {"type": "Point", "coordinates": [3.12973868, 44.86970024]}, "properties": {"route": "D12", "pr": "31", "abs": 29975, "label": "D12 PR31+29975"}}, {"type": "Feature", "geometry": {"type": "Point", "coordinates": [3.11351879, 44.81153134]}, "properties": {"route": "D12", "pr": "23", "abs": 22481, "label": "D12 PR23+22481"}}, {"type": "Feature", "geometry": {"type": "Point", "coordinates": [3.11708904, 44.83751738]}, "properties": {"route": "D12", "pr": "27", "abs": 26019, "label": "D12 PR27+26019"}}, {"type": "Feature", "geometry": {"type": "Point", "coordinates": [3.09956517, 44.80200133]}, "properties": {"route": "D12", "pr": "21", "abs": 20655, "label": "D12 PR21+20655"}}, {"type": "Feature", "geometry": {"type": "Point", "coordinates": [3.03903873, 44.6872714]}, "properties": {"route": "D12", "pr": "3", "abs": 2893, "label": "D12 PR3+2893"}}, {"type": "Feature", "geometry": {"type": "Point", "coordinates": [3.03093034, 44.70330264]}, "properties": {"route": "D12", "pr": "5", "abs": 4862, "label": "D12 PR5+4862"}}, {"type": "Feature", "geometry": {"type": "Point", "coordinates": [3.03183566, 44.72822698]}, "properties": {"route": "D12", "pr": "8", "abs": 7827, "label": "D12 PR8+7827"}}, {"type": "Feature", "geometry": {"type": "Point", "coordinates": [3.12014357, 44.82208878]}, "properties": {"route": "D12", "pr": "25", "abs": 24033, "label": "D12 PR25+24033"}}, {"type": "Feature", "geometry": {"type": "Point", "coordinates": [3.12897648, 44.8614333]}, "properties": {"route": "D12", "pr": "30", "abs": 28985, "label": "D12 PR30+28985"}}, {"type": "Feature", "geometry": {"type": "Point", "coordinates": [3.06436083, 44.79004142]}, "properties": {"route": "D12", "pr": "17", "abs": 16755, "label": "D12 PR17+16755"}}, {"type": "Feature", "geometry": {"type": "Point", "coordinates": [3.04426299, 44.77345938]}, "properties": {"route": "D12", "pr": "14", "abs": 13968, "label": "D12 PR14+13968"}}, {"type": "Feature", "geometry": {"type": "Point", "coordinates": [3.11206233, 44.81753168]}, "properties": {"route": "D12", "pr": "24", "abs": 23163, "label": "D12 PR24+23163"}}, {"type": "Feature", "geometry": {"type": "Point", "coordinates": [3.03470223, 44.69504409]}, "properties": {"route": "D12", "pr": "4", "abs": 3873, "label": "D12 PR4+3873"}}, {"type": "Feature", "geometry": {"type": "Point", "coordinates": [3.04387818, 44.75976854]}, "properties": {"route": "D12", "pr": "12", "abs": 11936, "label": "D12 PR12+11936"}}, {"type": "Feature", "geometry": {"type": "Point", "coordinates": [3.08972288, 44.79798981]}, "properties": {"route": "D12", "pr": "20", "abs": 19702, "label": "D12 PR20+19702"}}, {"type": "Feature", "geometry": {"type": "Point", "coordinates": [3.12476719, 44.85340261]}, "properties": {"route": "D12", "pr": "29", "abs": 27999, "label": "D12 PR29+27999"}}, {"type": "Feature", "geometry": {"type": "Point", "coordinates": [3.10757955, 44.80636311]}, "properties": {"route": "D12", "pr": "22", "abs": 21676, "label": "D12 PR22+21676"}}, {"type": "Feature", "geometry": {"type": "Point", "coordinates": [3.07373355, 44.79421305]}, "properties": {"route": "D12", "pr": "18", "abs": 17715, "label": "D12 PR18+17715"}}, {"type": "Feature", "geometry": {"type": "Point", "coordinates": [3.04033932, 44.67066346]}, "properties": {"route": "D12", "pr": "1", "abs": 997, "label": "D12 PR1+997"}}, {"type": "Feature", "geometry": {"type": "Point", "coordinates": [3.02619132, 44.7111742]}, "properties": {"route": "D12", "pr": "6", "abs": 5850, "label": "D12 PR6+5850"}}, {"type": "Feature", "geometry": {"type": "Point", "coordinates": [3.04844368, 44.76565375]}, "properties": {"route": "D12", "pr": "13", "abs": 12932, "label": "D12 PR13+12932"}}, {"type": "Feature", "geometry": {"type": "Point", "coordinates": [3.11945347, 44.82951543]}, "properties": {"route": "D12", "pr": "26", "abs": 25023, "label": "D12 PR26+25023"}}, {"type": "Feature", "geometry": {"type": "Point", "coordinates": [3.04004024, 44.67943859]}, "properties": {"route": "D12", "pr": "2", "abs": 1998, "label": "D12 PR2+1998"}}, {"type": "Feature", "geometry": {"type": "Point", "coordinates": [3.03638812, 44.75305947]}, "properties": {"route": "D12", "pr": "11", "abs": 10910, "label": "D12 PR11+10910"}}, {"type": "Feature", "geometry": {"type": "Point", "coordinates": [3.05654226, 44.78366424]}, "properties": {"route": "D12", "pr": "16", "abs": 15796, "label": "D12 PR16+15796"}}, {"type": "Feature", "geometry": {"type": "Point", "coordinates": [3.03515534, 44.73749005]}, "properties": {"route": "D12", "pr": "9", "abs": 8916, "label": "D12 PR9+8916"}}, {"type": "Feature", "geometry": {"type": "Point", "coordinates": [3.05126455, 44.77970003]}, "properties": {"route": "D12", "pr": "15", "abs": 14909, "label": "D12 PR15+14909"}}, {"type": "Feature", "geometry": {"type": "Point", "coordinates": [3.58893482, 44.54306529]}, "properties": {"route": "D74", "pr": "5", "abs": 5193, "label": "D74 PR5+5193"}}, {"type": "Feature", "geometry": {"type": "Point", "coordinates": [3.61496896, 44.53999931]}, "properties": {"route": "D74", "pr": "3", "abs": 2998, "label": "D74 PR3+2998"}}, {"type": "Feature", "geometry": {"type": "Point", "coordinates": [3.56699045, 44.55828469]}, "properties": {"route": "D74", "pr": "8", "abs": 8175, "label": "D74 PR8+8175"}}, {"type": "Feature", "geometry": {"type": "Point", "coordinates": [3.58377533, 44.55040818]}, "properties": {"route": "D74", "pr": "6", "abs": 6184, "label": "D74 PR6+6184"}}, {"type": "Feature", "geometry": {"type": "Point", "coordinates": [3.61647162, 44.53420768]}, "properties": {"route": "D74", "pr": "2", "abs": 2008, "label": "D74 PR2+2008"}}, {"type": "Feature", "geometry": {"type": "Point", "coordinates": [3.59997828, 44.53618278]}, "properties": {"route": "D74", "pr": "4", "abs": 3997, "label": "D74 PR4+3997"}}, {"type": "Feature", "geometry": {"type": "Point", "coordinates": [3.57437931, 44.55310332]}, "properties": {"route": "D74", "pr": "7", "abs": 7182, "label": "D74 PR7+7182"}}, {"type": "Feature", "geometry": {"type": "Point", "coordinates": [3.62032034, 44.52651684]}, "properties": {"route": "D74", "pr": "1", "abs": 996, "label": "D74 PR1+996"}}, {"type": "Feature", "geometry": {"type": "Point", "coordinates": [3.92369857, 44.49227647]}, "properties": {"route": "D906", "pr": "16", "abs": 13085, "label": "D906 PR16+13085"}}, {"type": "Feature", "geometry": {"type": "Point", "coordinates": [3.93510946, 44.41379556]}, "properties": {"route": "D906", "pr": "2", "abs": 1709, "label": "D906 PR2+1709"}}, {"type": "Feature", "geometry": {"type": "Point", "coordinates": [3.9168582, 44.53618627]}, "properties": {"route": "D906", "pr": "24", "abs": 19452, "label": "D906 PR24+19452"}}, {"type": "Feature", "geometry": {"type": "Point", "coordinates": [3.91096746, 44.51566441]}, "properties": {"route": "D906", "pr": "21", "abs": 16523, "label": "D906 PR21+16523"}}, {"type": "Feature", "geometry": {"type": "Point", "coordinates": [3.92859068, 44.48558778]}, "properties": {"route": "D906", "pr": "14", "abs": 12130, "label": "D906 PR14+12130"}}, {"type": "Feature", "geometry": {"type": "Point", "coordinates": [3.89296212, 44.63556787]}, "properties": {"route": "D906", "pr": "40", "abs": 30091, "label": "D906 PR40+30091"}}, {"type": "Feature", "geometry": {"type": "Point", "coordinates": [3.90430419, 44.5725249]}, "properties": {"route": "D906", "pr": "30", "abs": 24320, "label": "D906 PR30+24320"}}, {"type": "Feature", "geometry": {"type": "Point", "coordinates": [3.91410216, 44.5539494]}, "properties": {"route": "D906", "pr": "27", "abs": 21964, "label": "D906 PR27+21964"}}, {"type": "Feature", "geometry": {"type": "Point", "coordinates": [3.89313516, 44.61799583]}, "properties": {"route": "D906", "pr": "38", "abs": 28093, "label": "D906 PR38+28093"}}, {"type": "Feature", "geometry": {"type": "Point", "coordinates": [3.85611892, 44.7238128]}, "properties": {"route": "D906", "pr": "54", "abs": 43720, "label": "D906 PR54+43720"}}, {"type": "Feature", "geometry": {"type": "Point", "coordinates": [3.88205814, 44.65735862]}, "properties": {"route": "D906", "pr": "43", "abs": 33092, "label": "D906 PR43+33092"}}, {"type": "Feature", "geometry": {"type": "Point", "coordinates": [3.87665698, 44.69556585]}, "properties": {"route": "D906", "pr": "49", "abs": 39021, "label": "D906 PR49+39021"}}, {"type": "Feature", "geometry": {"type": "Point", "coordinates": [3.86961312, 44.67951526]}, "properties": {"route": "D906", "pr": "46", "abs": 36090, "label": "D906 PR46+36090"}}, {"type": "Feature", "geometry": {"type": "Point", "coordinates": [3.90975992, 44.50990628]}, "properties": {"route": "D906", "pr": "20", "abs": 15553, "label": "D906 PR20+15553"}}, {"type": "Feature", "geometry": {"type": "Point", "coordinates": [3.9362157, 44.40899506]}, "properties": {"route": "D906", "pr": "1", "abs": 847, "label": "D906 PR1+847"}}, {"type": "Feature", "geometry": {"type": "Point", "coordinates": [3.93595192, 44.42448514]}, "properties": {"route": "D906", "pr": "5", "abs": 4272, "label": "D906 PR5+4272"}}, {"type": "Feature", "geometry": {"type": "Point", "coordinates": [3.93134099, 44.47741894]}, "properties": {"route": "D906", "pr": "12", "abs": 11158, "label": "D906 PR12+11158"}}, {"type": "Feature", "geometry": {"type": "Point", "coordinates": [3.93172297, 44.45642242]}, "properties": {"route": "D906", "pr": "8", "abs": 7177, "label": "D906 PR8+7177"}}, {"type": "Feature", "geometry": {"type": "Point", "coordinates": [3.86833247, 44.70482485]}, "properties": {"route": "D906", "pr": "51", "abs": 40926, "label": "D906 PR51+40926"}}, {"type": "Feature", "geometry": {"type": "Point", "coordinates": [3.87975891, 44.66578331]}, "properties": {"route": "D906", "pr": "44", "abs": 34092, "label": "D906 PR44+34092"}}, {"type": "Feature", "geometry": {"type": "Point", "coordinates": [3.87533543, 44.67380254]}, "properties": {"route": "D906", "pr": "45", "abs": 35133, "label": "D906 PR45+35133"}}, {"type": "Feature", "geometry": {"type": "Point", "coordinates": [3.90304893, 44.57940358]}, "properties": {"route": "D906", "pr": "31", "abs": 25096, "label": "D906 PR31+25096"}}, {"type": "Feature", "geometry": {"type": "Point", "coordinates": [3.86163141, 44.71630167]}, "properties": {"route": "D906", "pr": "53", "abs": 42742, "label": "D906 PR53+42742"}}, {"type": "Feature", "geometry": {"type": "Point", "coordinates": [3.94346583, 44.46353726]}, "properties": {"route": "D906", "pr": "10", "abs": 9165, "label": "D906 PR10+9165"}}, {"type": "Feature", "geometry": {"type": "Point", "coordinates": [3.8945039, 44.6441301]}, "properties": {"route": "D906", "pr": "41", "abs": 31093, "label": "D906 PR41+31093"}}, {"type": "Feature", "geometry": {"type": "Point", "coordinates": [3.91505622, 44.50265665]}, "properties": {"route": "D906", "pr": "19", "abs": 14550, "label": "D906 PR19+14550"}}, {"type": "Feature", "geometry": {"type": "Point", "coordinates": [3.89185351, 44.62678338]}, "properties": {"route": "D906", "pr": "39", "abs": 29091, "label": "D906 PR39+29091"}}, {"type": "Feature", "geometry": {"type": "Point", "coordinates": [3.91049667, 44.53103255]}, "properties": {"route": "D906", "pr": "23", "abs": 18504, "label": "D906 PR23+18504"}}, {"type": "Feature", "geometry": {"type": "Point", "coordinates": [3.90782056, 44.56624797]}, "properties": {"route": "D906", "pr": "29", "abs": 23549, "label": "D906 PR29+23549"}}, {"type": "Feature", "geometry": {"type": "Point", "coordinates": [3.92812557, 44.48981217]}, "properties": {"route": "D906", "pr": "15", "abs": 12603, "label": "D906 PR15+12603"}}, {"type": "Feature", "geometry": {"type": "Point", "coordinates": [3.91917018, 44.4949494]}, "properties": {"route": "D906", "pr": "17", "abs": 13571, "label": "D906 PR17+13571"}}, {"type": "Feature", "geometry": {"type": "Point", "coordinates": [3.93474264, 44.46945699]}, "properties": {"route": "D906", "pr": "11", "abs": 10161, "label": "D906 PR11+10161"}}, {"type": "Feature", "geometry": {"type": "Point", "coordinates": [3.93043439, 44.44892153]}, "properties": {"route": "D906", "pr": "6", "abs": 5180, "label": "D906 PR6+5180"}}, {"type": "Feature", "geometry": {"type": "Point", "coordinates": [3.91490488, 44.54427899]}, "properties": {"route": "D906", "pr": "25", "abs": 20400, "label": "D906 PR25+20400"}}, {"type": "Feature", "geometry": {"type": "Point", "coordinates": [3.9413007, 44.45898153]}, "properties": {"route": "D906", "pr": "9", "abs": 8201, "label": "D906 PR9+8201"}}, {"type": "Feature", "geometry": {"type": "Point", "coordinates": [3.91509969, 44.58908176]}, "properties": {"route": "D906", "pr": "33", "abs": 26656, "label": "D906 PR33+26656"}}, {"type": "Feature", "geometry": {"type": "Point", "coordinates": [3.93749096, 44.41850521]}, "properties": {"route": "D906", "pr": "4", "abs": 3428, "label": "D906 PR4+3428"}}, {"type": "Feature", "geometry": {"type": "Point", "coordinates": [3.87492242, 44.68726403]}, "properties": {"route": "D906", "pr": "47", "abs": 37083, "label": "D906 PR47+37083"}}, {"type": "Feature", "geometry": {"type": "Point", "coordinates": [3.88219205, 44.69331154]}, "properties": {"route": "D906", "pr": "48", "abs": 38011, "label": "D906 PR48+38011"}}, {"type": "Feature", "geometry": {"type": "Point", "coordinates": [3.89152575, 44.65270005]}, "properties": {"route": "D906", "pr": "42", "abs": 32094, "label": "D906 PR42+32094"}}, {"type": "Feature", "geometry": {"type": "Point", "coordinates": [3.91726402, 44.49917405]}, "properties": {"route": "D906", "pr": "18", "abs": 14072, "label": "D906 PR18+14072"}}, {"type": "Feature", "geometry": {"type": "Point", "coordinates": [3.91095641, 44.59082928]}, "properties": {"route": "D906", "pr": "37", "abs": 27142, "label": "D906 PR37+27142"}}, {"type": "Feature", "geometry": {"type": "Point", "coordinates": [3.90841277, 44.52291474]}, "properties": {"route": "D906", "pr": "22", "abs": 17515, "label": "D906 PR22+17515"}}, {"type": "Feature", "geometry": {"type": "Point", "coordinates": [3.92944621, 44.41784957]}, "properties": {"route": "D906", "pr": "3", "abs": 2558, "label": "D906 PR3+2558"}}, {"type": "Feature", "geometry": {"type": "Point", "coordinates": [3.90763149, 44.58519191]}, "properties": {"route": "D906", "pr": "32", "abs": 25860, "label": "D906 PR32+25860"}}, {"type": "Feature", "geometry": {"type": "Point", "coordinates": [3.90884742, 44.55978528]}, "properties": {"route": "D906", "pr": "28", "abs": 22774, "label": "D906 PR28+22774"}}, {"type": "Feature", "geometry": {"type": "Point", "coordinates": [3.91055978, 44.55149745]}, "properties": {"route": "D906", "pr": "26", "abs": 21287, "label": "D906 PR26+21287"}}, {"type": "Feature", "geometry": {"type": "Point", "coordinates": [3.86314161, 44.70905203]}, "properties": {"route": "D906", "pr": "52", "abs": 41786, "label": "D906 PR52+41786"}}, {"type": "Feature", "geometry": {"type": "Point", "coordinates": [3.86773706, 44.69813727]}, "properties": {"route": "D906", "pr": "50", "abs": 40040, "label": "D906 PR50+40040"}}, {"type": "Feature", "geometry": {"type": "Point", "coordinates": [3.92989059, 44.45666565]}, "properties": {"route": "D906", "pr": "7", "abs": 6179, "label": "D906 PR7+6179"}}, {"type": "Feature", "geometry": {"type": "Point", "coordinates": [3.92966238, 44.48132047]}, "properties": {"route": "D906", "pr": "13", "abs": 11647, "label": "D906 PR13+11647"}}, {"type": "Feature", "geometry": {"type": "Point", "coordinates": [3.61805998, 44.34823677]}, "properties": {"route": "D135", "pr": "12", "abs": 12118, "label": "D135 PR12+12118"}}, {"type": "Feature", "geometry": {"type": "Point", "coordinates": [3.61776027, 44.36332016]}, "properties": {"route": "D135", "pr": "10", "abs": 10079, "label": "D135 PR10+10079"}}, {"type": "Feature", "geometry": {"type": "Point", "coordinates": [3.61446682, 44.4001476]}, "properties": {"route": "D135", "pr": "2", "abs": 2040, "label": "D135 PR2+2040"}}, {"type": "Feature", "geometry": {"type": "Point", "coordinates": [3.6204253, 44.37155001]}, "properties": {"route": "D135", "pr": "9", "abs": 9073, "label": "D135 PR9+9073"}}, {"type": "Feature", "geometry": {"type": "Point", "coordinates": [3.61655815, 44.39144986]}, "properties": {"route": "D135", "pr": "3", "abs": 3043, "label": "D135 PR3+3043"}}, {"type": "Feature", "geometry": {"type": "Point", "coordinates": [3.62371299, 44.37766535]}, "properties": {"route": "D135", "pr": "8", "abs": 8080, "label": "D135 PR8+8080"}}, {"type": "Feature", "geometry": {"type": "Point", "coordinates": [3.63097425, 44.38084308]}, "properties": {"route": "D135", "pr": "6", "abs": 6071, "label": "D135 PR6+6071"}}, {"type": "Feature", "geometry": {"type": "Point", "coordinates": [3.61909291, 44.39248438]}, "properties": {"route": "D135", "pr": "4", "abs": 4053, "label": "D135 PR4+4053"}}, {"type": "Feature", "geometry": {"type": "Point", "coordinates": [3.60891083, 44.40775547]}, "properties": {"route": "D135", "pr": "1", "abs": 1028, "label": "D135 PR1+1028"}}, {"type": "Feature", "geometry": {"type": "Point", "coordinates": [3.6210751, 44.38422649]}, "properties": {"route": "D135", "pr": "5", "abs": 5060, "label": "D135 PR5+5060"}}, {"type": "Feature", "geometry": {"type": "Point", "coordinates": [3.62677156, 44.37991468]}, "properties": {"route": "D135", "pr": "7", "abs": 7073, "label": "D135 PR7+7073"}}, {"type": "Feature", "geometry": {"type": "Point", "coordinates": [3.61310428, 44.35642466]}, "properties": {"route": "D135", "pr": "11", "abs": 11088, "label": "D135 PR11+11088"}}, {"type": "Feature", "geometry": {"type": "Point", "coordinates": [3.61290183, 44.26615898]}, "properties": {"route": "D983", "pr": "5", "abs": 5017, "label": "D983 PR5+5017"}}, {"type": "Feature", "geometry": {"type": "Point", "coordinates": [3.84134869, 44.15880552]}, "properties": {"route": "D983", "pr": "35", "abs": 34668, "label": "D983 PR35+34668"}}, {"type": "Feature", "geometry": {"type": "Point", "coordinates": [3.82087956, 44.15751864]}, "properties": {"route": "D983", "pr": "32", "abs": 31818, "label": "D983 PR32+31818"}}, {"type": "Feature", "geometry": {"type": "Point", "coordinates": [3.79161318, 44.16538656]}, "properties": {"route": "D983", "pr": "29", "abs": 28918, "label": "D983 PR29+28918"}}, {"type": "Feature", "geometry": {"type": "Point", "coordinates": [3.65072938, 44.24752631]}, "properties": {"route": "D983", "pr": "9", "abs": 9011, "label": "D983 PR9+9011"}}, {"type": "Feature", "geometry": {"type": "Point", "coordinates": [3.87320463, 44.1355882]}, "properties": {"route": "D983", "pr": "41", "abs": 40574, "label": "D983 PR41+40574"}}, {"type": "Feature", "geometry": {"type": "Point", "coordinates": [3.59808234, 44.27800737]}, "properties": {"route": "D983", "pr": "2", "abs": 2029, "label": "D983 PR2+2029"}}, {"type": "Feature", "geometry": {"type": "Point", "coordinates": [3.59610201, 44.27651037]}, "properties": {"route": "D983", "pr": "3", "abs": 3034, "label": "D983 PR3+3034"}}, {"type": "Feature", "geometry": {"type": "Point", "coordinates": [3.85866957, 44.14778974]}, "properties": {"route": "D983", "pr": "38", "abs": 37663, "label": "D983 PR38+37663"}}, {"type": "Feature", "geometry": {"type": "Point", "coordinates": [3.71733023, 44.19154897]}, "properties": {"route": "D983", "pr": "21", "abs": 20933, "label": "D983 PR21+20933"}}, {"type": "Feature", "geometry": {"type": "Point", "coordinates": [3.60338852, 44.27129386]}, "properties": {"route": "D983", "pr": "4", "abs": 4017, "label": "D983 PR4+4017"}}, {"type": "Feature", "geometry": {"type": "Point", "coordinates": [3.7082606, 44.1953965]}, "properties": {"route": "D983", "pr": "20", "abs": 19932, "label": "D983 PR20+19932"}}, {"type": "Feature", "geometry": {"type": "Point", "coordinates": [3.59736247, 44.28246343]}, "properties": {"route": "D983", "pr": "1", "abs": 1028, "label": "D983 PR1+1028"}}, {"type": "Feature", "geometry": {"type": "Point", "coordinates": [3.62178454, 44.26090084]}, "properties": {"route": "D983", "pr": "6", "abs": 6021, "label": "D983 PR6+6021"}}, {"type": "Feature", "geometry": {"type": "Point", "coordinates": [3.67374162, 44.21993431]}, "properties": {"route": "D983", "pr": "14", "abs": 13964, "label": "D983 PR14+13964"}}, {"type": "Feature", "geometry": {"type": "Point", "coordinates": [3.82898364, 44.15414525]}, "properties": {"route": "D983", "pr": "33", "abs": 32833, "label": "D983 PR33+32833"}}, {"type": "Feature", "geometry": {"type": "Point", "coordinates": [3.86292928, 44.14552401]}, "properties": {"route": "D983", "pr": "39", "abs": 38621, "label": "D983 PR39+38621"}}, {"type": "Feature", "geometry": {"type": "Point", "coordinates": [3.80118073, 44.16450969]}, "properties": {"route": "D983", "pr": "30", "abs": 29915, "label": "D983 PR30+29915"}}, {"type": "Feature", "geometry": {"type": "Point", "coordinates": [3.64122024, 44.25201003]}, "properties": {"route": "D983", "pr": "8", "abs": 8033, "label": "D983 PR8+8033"}}, {"type": "Feature", "geometry": {"type": "Point", "coordinates": [3.76430123, 44.16991972]}, "properties": {"route": "D983", "pr": "26", "abs": 25902, "label": "D983 PR26+25902"}}, {"type": "Feature", "geometry": {"type": "Point", "coordinates": [3.67911917, 44.21850327]}, "properties": {"route": "D983", "pr": "15", "abs": 14958, "label": "D983 PR15+14958"}}, {"type": "Feature", "geometry": {"type": "Point", "coordinates": [3.69405371, 44.20550383]}, "properties": {"route": "D983", "pr": "18", "abs": 17920, "label": "D983 PR18+17920"}}, {"type": "Feature", "geometry": {"type": "Point", "coordinates": [3.75688241, 44.17364363]}, "properties": {"route": "D983", "pr": "25", "abs": 24940, "label": "D983 PR25+24940"}}, {"type": "Feature", "geometry": {"type": "Point", "coordinates": [3.74739859, 44.17857918]}, "properties": {"route": "D983", "pr": "24", "abs": 23930, "label": "D983 PR24+23930"}}, {"type": "Feature", "geometry": {"type": "Point", "coordinates": [3.66144497, 44.22850091]}, "properties": {"route": "D983", "pr": "12", "abs": 12001, "label": "D983 PR12+12001"}}, {"type": "Feature", "geometry": {"type": "Point", "coordinates": [3.68733269, 44.20518967]}, "properties": {"route": "D983", "pr": "17", "abs": 16949, "label": "D983 PR17+16949"}}, {"type": "Feature", "geometry": {"type": "Point", "coordinates": [3.81073818, 44.15952572]}, "properties": {"route": "D983", "pr": "31", "abs": 30906, "label": "D983 PR31+30906"}}, {"type": "Feature", "geometry": {"type": "Point", "coordinates": [3.72715207, 44.18694772]}, "properties": {"route": "D983", "pr": "22", "abs": 21930, "label": "D983 PR22+21930"}}, {"type": "Feature", "geometry": {"type": "Point", "coordinates": [3.68150297, 44.21209489]}, "properties": {"route": "D983", "pr": "16", "abs": 15940, "label": "D983 PR16+15940"}}, {"type": "Feature", "geometry": {"type": "Point", "coordinates": [3.63215771, 44.25759392]}, "properties": {"route": "D983", "pr": "7", "abs": 7023, "label": "D983 PR7+7023"}}, {"type": "Feature", "geometry": {"type": "Point", "coordinates": [3.65581198, 44.23470692]}, "properties": {"route": "D983", "pr": "11", "abs": 11010, "label": "D983 PR11+11010"}}, {"type": "Feature", "geometry": {"type": "Point", "coordinates": [3.77119774, 44.1648209]}, "properties": {"route": "D983", "pr": "27", "abs": 26935, "label": "D983 PR27+26935"}}, {"type": "Feature", "geometry": {"type": "Point", "coordinates": [3.65370207, 44.24163795]}, "properties": {"route": "D983", "pr": "10", "abs": 10014, "label": "D983 PR10+10014"}}, {"type": "Feature", "geometry": {"type": "Point", "coordinates": [3.73823353, 44.18381782]}, "properties": {"route": "D983", "pr": "23", "abs": 22926, "label": "D983 PR23+22926"}}, {"type": "Feature", "geometry": {"type": "Point", "coordinates": [3.66916605, 44.2248626]}, "properties": {"route": "D983", "pr": "13", "abs": 12996, "label": "D983 PR13+12996"}}, {"type": "Feature", "geometry": {"type": "Point", "coordinates": [3.84523851, 44.15468547]}, "properties": {"route": "D983", "pr": "36", "abs": 35657, "label": "D983 PR36+35657"}}, {"type": "Feature", "geometry": {"type": "Point", "coordinates": [3.78199596, 44.16521881]}, "properties": {"route": "D983", "pr": "28", "abs": 27917, "label": "D983 PR28+27917"}}, {"type": "Feature", "geometry": {"type": "Point", "coordinates": [3.85180428, 44.15014308]}, "properties": {"route": "D983", "pr": "37", "abs": 36649, "label": "D983 PR37+36649"}}, {"type": "Feature", "geometry": {"type": "Point", "coordinates": [3.87099533, 44.14018465]}, "properties": {"route": "D983", "pr": "40", "abs": 39604, "label": "D983 PR40+39604"}}, {"type": "Feature", "geometry": {"type": "Point", "coordinates": [3.69935399, 44.1990667]}, "properties": {"route": "D983", "pr": "19", "abs": 18936, "label": "D983 PR19+18936"}}, {"type": "Feature", "geometry": {"type": "Point", "coordinates": [3.83625058, 44.15766805]}, "properties": {"route": "D983", "pr": "34", "abs": 33837, "label": "D983 PR34+33837"}}, {"type": "Feature", "geometry": {"type": "Point", "coordinates": [3.15707726, 44.48443165]}, "properties": {"route": "D152", "pr": "2", "abs": 1991, "label": "D152 PR2+1991"}}, {"type": "Feature", "geometry": {"type": "Point", "coordinates": [3.14429443, 44.48370284]}, "properties": {"route": "D152", "pr": "4", "abs": 3981, "label": "D152 PR4+3981"}}, {"type": "Feature", "geometry": {"type": "Point", "coordinates": [3.13967534, 44.4738506]}, "properties": {"route": "D152", "pr": "6", "abs": 5965, "label": "D152 PR6+5965"}}, {"type": "Feature", "geometry": {"type": "Point", "coordinates": [3.15895194, 44.4798829]}, "properties": {"route": "D152", "pr": "1", "abs": 991, "label": "D152 PR1+991"}}, {"type": "Feature", "geometry": {"type": "Point", "coordinates": [3.1522427, 44.4864594]}, "properties": {"route": "D152", "pr": "3", "abs": 2990, "label": "D152 PR3+2990"}}, {"type": "Feature", "geometry": {"type": "Point", "coordinates": [3.14320463, 44.47989637]}, "properties": {"route": "D152", "pr": "5", "abs": 4970, "label": "D152 PR5+4970"}}, {"type": "Feature", "geometry": {"type": "Point", "coordinates": [3.65561653, 44.22873209]}, "properties": {"route": "D62", "pr": "11", "abs": 10923, "label": "D62 PR11+10923"}}, {"type": "Feature", "geometry": {"type": "Point", "coordinates": [3.64611286, 44.22029659]}, "properties": {"route": "D62", "pr": "6", "abs": 5934, "label": "D62 PR6+5934"}}, {"type": "Feature", "geometry": {"type": "Point", "coordinates": [3.72273161, 44.26152001]}, "properties": {"route": "D62", "pr": "21", "abs": 20877, "label": "D62 PR21+20877"}}, {"type": "Feature", "geometry": {"type": "Point", "coordinates": [3.65411737, 44.21432906]}, "properties": {"route": "D62", "pr": "4", "abs": 3955, "label": "D62 PR4+3955"}}, {"type": "Feature", "geometry": {"type": "Point", "coordinates": [3.64991111, 44.20624933]}, "properties": {"route": "D62", "pr": "2", "abs": 1990, "label": "D62 PR2+1990"}}, {"type": "Feature", "geometry": {"type": "Point", "coordinates": [3.66842224, 44.24036477]}, "properties": {"route": "D62", "pr": "14", "abs": 13924, "label": "D62 PR14+13924"}}, {"type": "Feature", "geometry": {"type": "Point", "coordinates": [3.6495382, 44.23261989]}, "properties": {"route": "D62", "pr": "9", "abs": 8914, "label": "D62 PR9+8914"}}, {"type": "Feature", "geometry": {"type": "Point", "coordinates": [3.64824228, 44.20190621]}, "properties": {"route": "D62", "pr": "1", "abs": 984, "label": "D62 PR1+984"}}, {"type": "Feature", "geometry": {"type": "Point", "coordinates": [3.70502084, 44.24303261]}, "properties": {"route": "D62", "pr": "18", "abs": 17902, "label": "D62 PR18+17902"}}, {"type": "Feature", "geometry": {"type": "Point", "coordinates": [3.68987447, 44.23972895]}, "properties": {"route": "D62", "pr": "16", "abs": 15936, "label": "D62 PR16+15936"}}, {"type": "Feature", "geometry": {"type": "Point", "coordinates": [3.72912717, 44.26687059]}, "properties": {"route": "D62", "pr": "22", "abs": 21873, "label": "D62 PR22+21873"}}, {"type": "Feature", "geometry": {"type": "Point", "coordinates": [3.6507717, 44.22434937]}, "properties": {"route": "D62", "pr": "7", "abs": 6932, "label": "D62 PR7+6932"}}, {"type": "Feature", "geometry": {"type": "Point", "coordinates": [3.66738796, 44.24227846]}, "properties": {"route": "D62", "pr": "13", "abs": 12930, "label": "D62 PR13+12930"}}, {"type": "Feature", "geometry": {"type": "Point", "coordinates": [3.74669412, 44.27060261]}, "properties": {"route": "D62", "pr": "25", "abs": 25009, "label": "D62 PR25+25009"}}, {"type": "Feature", "geometry": {"type": "Point", "coordinates": [3.64645256, 44.2146229]}, "properties": {"route": "D62", "pr": "5", "abs": 4950, "label": "D62 PR5+4950"}}, {"type": "Feature", "geometry": {"type": "Point", "coordinates": [3.71851934, 44.25460926]}, "properties": {"route": "D62", "pr": "20", "abs": 19890, "label": "D62 PR20+19890"}}, {"type": "Feature", "geometry": {"type": "Point", "coordinates": [3.7372326, 44.27114537]}, "properties": {"route": "D62", "pr": "24", "abs": 24043, "label": "D62 PR24+24043"}}, {"type": "Feature", "geometry": {"type": "Point", "coordinates": [3.71461804, 44.24655497]}, "properties": {"route": "D62", "pr": "19", "abs": 18895, "label": "D62 PR19+18895"}}, {"type": "Feature", "geometry": {"type": "Point", "coordinates": [3.65266997, 44.23289656]}, "properties": {"route": "D62", "pr": "10", "abs": 9918, "label": "D62 PR10+9918"}}, {"type": "Feature", "geometry": {"type": "Point", "coordinates": [3.69508739, 44.24262694]}, "properties": {"route": "D62", "pr": "17", "abs": 16916, "label": "D62 PR17+16916"}}, {"type": "Feature", "geometry": {"type": "Point", "coordinates": [3.65724075, 44.23180894]}, "properties": {"route": "D62", "pr": "12", "abs": 11916, "label": "D62 PR12+11916"}}, {"type": "Feature", "geometry": {"type": "Point", "coordinates": [3.73536828, 44.26997415]}, "properties": {"route": "D62", "pr": "23", "abs": 22864, "label": "D62 PR23+22864"}}, {"type": "Feature", "geometry": {"type": "Point", "coordinates": [3.67869735, 44.23850328]}, "properties": {"route": "D62", "pr": "15", "abs": 14904, "label": "D62 PR15+14904"}}, {"type": "Feature", "geometry": {"type": "Point", "coordinates": [3.65873751, 44.20737858]}, "properties": {"route": "D62", "pr": "3", "abs": 2960, "label": "D62 PR3+2960"}}, {"type": "Feature", "geometry": {"type": "Point", "coordinates": [3.64291835, 44.22955968]}, "properties": {"route": "D62", "pr": "8", "abs": 7927, "label": "D62 PR8+7927"}}, {"type": "Feature", "geometry": {"type": "Point", "coordinates": [3.08638207, 44.82594929]}, "properties": {"route": "D989B", "pr": "1", "abs": 311, "label": "D989B PR1+311"}}, {"type": "Feature", "geometry": {"type": "Point", "coordinates": [3.76521161, 44.53589843]}, "properties": {"route": "D120", "pr": "1", "abs": 1022, "label": "D120 PR1+1022"}}, {"type": "Feature", "geometry": {"type": "Point", "coordinates": [3.80559007, 44.53580922]}, "properties": {"route": "D120", "pr": "6", "abs": 6150, "label": "D120 PR6+6150"}}, {"type": "Feature", "geometry": {"type": "Point", "coordinates": [3.78284651, 44.52769394]}, "properties": {"route": "D120", "pr": "3", "abs": 3091, "label": "D120 PR3+3091"}}, {"type": "Feature", "geometry": {"type": "Point", "coordinates": [3.801643, 44.54185]}, "properties": {"route": "D120", "pr": "8", "abs": 8201, "label": "D120 PR8+8201"}}, {"type": "Feature", "geometry": {"type": "Point", "coordinates": [3.80317143, 44.53460877]}, "properties": {"route": "D120", "pr": "5", "abs": 5130, "label": "D120 PR5+5130"}}, {"type": "Feature", "geometry": {"type": "Point", "coordinates": [3.7923522, 44.53246688]}, "properties": {"route": "D120", "pr": "4", "abs": 4115, "label": "D120 PR4+4115"}}, {"type": "Feature", "geometry": {"type": "Point", "coordinates": [3.79710361, 44.54059457]}, "properties": {"route": "D120", "pr": "7", "abs": 7170, "label": "D120 PR7+7170"}}, {"type": "Feature", "geometry": {"type": "Point", "coordinates": [3.77603321, 44.53192201]}, "properties": {"route": "D120", "pr": "2", "abs": 2051, "label": "D120 PR2+2051"}}, {"type": "Feature", "geometry": {"type": "Point", "coordinates": [3.28802219, 44.80627991]}, "properties": {"route": "D75", "pr": "12", "abs": 11754, "label": "D75 PR12+11754"}}, {"type": "Feature", "geometry": {"type": "Point", "coordinates": [3.29664965, 44.87837694]}, "properties": {"route": "D75", "pr": "3", "abs": 3006, "label": "D75 PR3+3006"}}, {"type": "Feature", "geometry": {"type": "Point", "coordinates": [3.29663232, 44.79193394]}, "properties": {"route": "D75", "pr": "15", "abs": 14448, "label": "D75 PR15+14448"}}, {"type": "Feature", "geometry": {"type": "Point", "coordinates": [3.27624828, 44.84184775]}, "properties": {"route": "D75", "pr": "8", "abs": 8043, "label": "D75 PR8+8043"}}, {"type": "Feature", "geometry": {"type": "Point", "coordinates": [3.29292445, 44.8621689]}, "properties": {"route": "D75", "pr": "5", "abs": 5041, "label": "D75 PR5+5041"}}, {"type": "Feature", "geometry": {"type": "Point", "coordinates": [3.29295436, 44.87057174]}, "properties": {"route": "D75", "pr": "4", "abs": 4039, "label": "D75 PR4+4039"}}, {"type": "Feature", "geometry": {"type": "Point", "coordinates": [3.27818442, 44.83391636]}, "properties": {"route": "D75", "pr": "9", "abs": 9049, "label": "D75 PR9+9049"}}, {"type": "Feature", "geometry": {"type": "Point", "coordinates": [3.32342995, 44.77954352]}, "properties": {"route": "D75", "pr": "18", "abs": 17416, "label": "D75 PR18+17416"}}, {"type": "Feature", "geometry": {"type": "Point", "coordinates": [3.28202087, 44.84753958]}, "properties": {"route": "D75", "pr": "7", "abs": 7045, "label": "D75 PR7+7045"}}, {"type": "Feature", "geometry": {"type": "Point", "coordinates": [3.31709323, 44.78629082]}, "properties": {"route": "D75", "pr": "17", "abs": 16425, "label": "D75 PR17+16425"}}, {"type": "Feature", "geometry": {"type": "Point", "coordinates": [3.29051362, 44.85375523]}, "properties": {"route": "D75", "pr": "6", "abs": 6046, "label": "D75 PR6+6046"}}, {"type": "Feature", "geometry": {"type": "Point", "coordinates": [3.31094058, 44.88421533]}, "properties": {"route": "D75", "pr": "1", "abs": 1016, "label": "D75 PR1+1016"}}, {"type": "Feature", "geometry": {"type": "Point", "coordinates": [3.28735377, 44.79501587]}, "properties": {"route": "D75", "pr": "14", "abs": 13479, "label": "D75 PR14+13479"}}, {"type": "Feature", "geometry": {"type": "Point", "coordinates": [3.2827617, 44.81896557]}, "properties": {"route": "D75", "pr": "11", "abs": 11051, "label": "D75 PR11+11051"}}, {"type": "Feature", "geometry": {"type": "Point", "coordinates": [3.30472245, 44.88282982]}, "properties": {"route": "D75", "pr": "2", "abs": 2009, "label": "D75 PR2+2009"}}, {"type": "Feature", "geometry": {"type": "Point", "coordinates": [3.30717983, 44.79058625]}, "properties": {"route": "D75", "pr": "16", "abs": 15432, "label": "D75 PR16+15432"}}, {"type": "Feature", "geometry": {"type": "Point", "coordinates": [3.28203882, 44.82792301]}, "properties": {"route": "D75", "pr": "10", "abs": 10043, "label": "D75 PR10+10043"}}, {"type": "Feature", "geometry": {"type": "Point", "coordinates": [3.28246044, 44.80231567]}, "properties": {"route": "D75", "pr": "13", "abs": 12518, "label": "D75 PR13+12518"}}, {"type": "Feature", "geometry": {"type": "Point", "coordinates": [3.35974259, 44.57155336]}, "properties": {"route": "D1", "pr": "10", "abs": 9166, "label": "D1 PR10+9166"}}, {"type": "Feature", "geometry": {"type": "Point", "coordinates": [3.41452912, 44.60638242]}, "properties": {"route": "D1", "pr": "17", "abs": 16184, "label": "D1 PR17+16184"}}, {"type": "Feature", "geometry": {"type": "Point", "coordinates": [3.61425327, 44.61376705]}, "properties": {"route": "D1", "pr": "37", "abs": 35536, "label": "D1 PR37+35536"}}, {"type": "Feature", "geometry": {"type": "Point", "coordinates": [3.64390642, 44.62512201]}, "properties": {"route": "D1", "pr": "40", "abs": 38539, "label": "D1 PR40+38539"}}, {"type": "Feature", "geometry": {"type": "Point", "coordinates": [3.34251255, 44.55207186]}, "properties": {"route": "D1", "pr": "7", "abs": 6168, "label": "D1 PR7+6168"}}, {"type": "Feature", "geometry": {"type": "Point", "coordinates": [3.60570419, 44.61014467]}, "properties": {"route": "D1", "pr": "36", "abs": 34540, "label": "D1 PR36+34540"}}, {"type": "Feature", "geometry": {"type": "Point", "coordinates": [3.46356557, 44.6199267]}, "properties": {"route": "D1", "pr": "22", "abs": 20831, "label": "D1 PR22+20831"}}, {"type": "Feature", "geometry": {"type": "Point", "coordinates": [3.43402042, 44.61288857]}, "properties": {"route": "D1", "pr": "19", "abs": 18176, "label": "D1 PR19+18176"}}, {"type": "Feature", "geometry": {"type": "Point", "coordinates": [3.6734791, 44.63221662]}, "properties": {"route": "D1", "pr": "43", "abs": 41525, "label": "D1 PR43+41525"}}, {"type": "Feature", "geometry": {"type": "Point", "coordinates": [3.40368068, 44.603485]}, "properties": {"route": "D1", "pr": "16", "abs": 15182, "label": "D1 PR16+15182"}}, {"type": "Feature", "geometry": {"type": "Point", "coordinates": [3.58542411, 44.60670413]}, "properties": {"route": "D1", "pr": "34", "abs": 32534, "label": "D1 PR34+32534"}}, {"type": "Feature", "geometry": {"type": "Point", "coordinates": [3.47346596, 44.62386577]}, "properties": {"route": "D1", "pr": "23", "abs": 21835, "label": "D1 PR23+21835"}}, {"type": "Feature", "geometry": {"type": "Point", "coordinates": [3.33864268, 44.54833788]}, "properties": {"route": "D1", "pr": "5", "abs": 4219, "label": "D1 PR5+4219"}}, {"type": "Feature", "geometry": {"type": "Point", "coordinates": [3.45451477, 44.61895057]}, "properties": {"route": "D1", "pr": "21", "abs": 20090, "label": "D1 PR21+20090"}}, {"type": "Feature", "geometry": {"type": "Point", "coordinates": [3.38752067, 44.59927469]}, "properties": {"route": "D1", "pr": "14", "abs": 13182, "label": "D1 PR14+13182"}}, {"type": "Feature", "geometry": {"type": "Point", "coordinates": [3.32102272, 44.55116326]}, "properties": {"route": "D1", "pr": "3", "abs": 2206, "label": "D1 PR3+2206"}}, {"type": "Feature", "geometry": {"type": "Point", "coordinates": [3.37954678, 44.59285919]}, "properties": {"route": "D1", "pr": "13", "abs": 12169, "label": "D1 PR13+12169"}}, {"type": "Feature", "geometry": {"type": "Point", "coordinates": [3.62496696, 44.61618549]}, "properties": {"route": "D1", "pr": "38", "abs": 36530, "label": "D1 PR38+36530"}}, {"type": "Feature", "geometry": {"type": "Point", "coordinates": [3.30894304, 44.5518747]}, "properties": {"route": "D1", "pr": "2", "abs": 1223, "label": "D1 PR2+1223"}}, {"type": "Feature", "geometry": {"type": "Point", "coordinates": [3.56385194, 44.61179482]}, "properties": {"route": "D1", "pr": "32", "abs": 30568, "label": "D1 PR32+30568"}}, {"type": "Feature", "geometry": {"type": "Point", "coordinates": [3.55444674, 44.61481872]}, "properties": {"route": "D1", "pr": "31", "abs": 29567, "label": "D1 PR31+29567"}}, {"type": "Feature", "geometry": {"type": "Point", "coordinates": [3.42347936, 44.61296096]}, "properties": {"route": "D1", "pr": "18", "abs": 17205, "label": "D1 PR18+17205"}}, {"type": "Feature", "geometry": {"type": "Point", "coordinates": [3.50425055, 44.62520071]}, "properties": {"route": "D1", "pr": "26", "abs": 24555, "label": "D1 PR26+24555"}}, {"type": "Feature", "geometry": {"type": "Point", "coordinates": [3.3666591, 44.57810517]}, "properties": {"route": "D1", "pr": "11", "abs": 10166, "label": "D1 PR11+10166"}}, {"type": "Feature", "geometry": {"type": "Point", "coordinates": [3.35201311, 44.56725076]}, "properties": {"route": "D1", "pr": "9", "abs": 8168, "label": "D1 PR9+8168"}}, {"type": "Feature", "geometry": {"type": "Point", "coordinates": [3.53267023, 44.61384096]}, "properties": {"route": "D1", "pr": "29", "abs": 27564, "label": "D1 PR29+27564"}}, {"type": "Feature", "geometry": {"type": "Point", "coordinates": [3.54350977, 44.61752526]}, "properties": {"route": "D1", "pr": "30", "abs": 28560, "label": "D1 PR30+28560"}}, {"type": "Feature", "geometry": {"type": "Point", "coordinates": [3.57604951, 44.6106795]}, "properties": {"route": "D1", "pr": "33", "abs": 31556, "label": "D1 PR33+31556"}}, {"type": "Feature", "geometry": {"type": "Point", "coordinates": [3.51153482, 44.61814687]}, "properties": {"route": "D1", "pr": "27", "abs": 25550, "label": "D1 PR27+25550"}}, {"type": "Feature", "geometry": {"type": "Point", "coordinates": [3.59594441, 44.60514174]}, "properties": {"route": "D1", "pr": "35", "abs": 33547, "label": "D1 PR35+33547"}}, {"type": "Feature", "geometry": {"type": "Point", "coordinates": [3.63604445, 44.61948488]}, "properties": {"route": "D1", "pr": "39", "abs": 37540, "label": "D1 PR39+37540"}}, {"type": "Feature", "geometry": {"type": "Point", "coordinates": [3.34589015, 44.56004201]}, "properties": {"route": "D1", "pr": "8", "abs": 7169, "label": "D1 PR8+7169"}}, {"type": "Feature", "geometry": {"type": "Point", "coordinates": [3.52164158, 44.61367478]}, "properties": {"route": "D1", "pr": "28", "abs": 26565, "label": "D1 PR28+26565"}}, {"type": "Feature", "geometry": {"type": "Point", "coordinates": [3.49489136, 44.63106511]}, "properties": {"route": "D1", "pr": "25", "abs": 23542, "label": "D1 PR25+23542"}}, {"type": "Feature", "geometry": {"type": "Point", "coordinates": [3.3927409, 44.60667354]}, "properties": {"route": "D1", "pr": "15", "abs": 14175, "label": "D1 PR15+14175"}}, {"type": "Feature", "geometry": {"type": "Point", "coordinates": [3.37088247, 44.58635002]}, "properties": {"route": "D1", "pr": "12", "abs": 11166, "label": "D1 PR12+11166"}}, {"type": "Feature", "geometry": {"type": "Point", "coordinates": [3.65477311, 44.62923645]}, "properties": {"route": "D1", "pr": "41", "abs": 39539, "label": "D1 PR41+39539"}}, {"type": "Feature", "geometry": {"type": "Point", "coordinates": [3.29679315, 44.55030649]}, "properties": {"route": "D1", "pr": "1", "abs": 223, "label": "D1 PR1+223"}}, {"type": "Feature", "geometry": {"type": "Point", "coordinates": [3.33554636, 44.55330948]}, "properties": {"route": "D1", "pr": "6", "abs": 5194, "label": "D1 PR6+5194"}}, {"type": "Feature", "geometry": {"type": "Point", "coordinates": [3.33047818, 44.54739396]}, "properties": {"route": "D1", "pr": "4", "abs": 3164, "label": "D1 PR4+3164"}}, {"type": "Feature", "geometry": {"type": "Point", "coordinates": [3.66612376, 44.62828906]}, "properties": {"route": "D1", "pr": "42", "abs": 40541, "label": "D1 PR42+40541"}}, {"type": "Feature", "geometry": {"type": "Point", "coordinates": [3.48438377, 44.62764826]}, "properties": {"route": "D1", "pr": "24", "abs": 22609, "label": "D1 PR24+22609"}}, {"type": "Feature", "geometry": {"type": "Point", "coordinates": [3.44473402, 44.61567824]}, "properties": {"route": "D1", "pr": "20", "abs": 19174, "label": "D1 PR20+19174"}}, {"type": "Feature", "geometry": {"type": "Point", "coordinates": [3.01733143, 44.7007884]}, "properties": {"route": "D112", "pr": "2", "abs": 1991, "label": "D112 PR2+1991"}}, {"type": "Feature", "geometry": {"type": "Point", "coordinates": [3.0235805, 44.69635874]}, "properties": {"route": "D112", "pr": "1", "abs": 1012, "label": "D112 PR1+1012"}}, {"type": "Feature", "geometry": {"type": "Point", "coordinates": [3.81224568, 44.22967369]}, "properties": {"route": "D984", "pr": "14", "abs": 13548, "label": "D984 PR14+13548"}}, {"type": "Feature", "geometry": {"type": "Point", "coordinates": [3.80457821, 44.27395945]}, "properties": {"route": "D984", "pr": "2", "abs": 1930, "label": "D984 PR2+1930"}}, {"type": "Feature", "geometry": {"type": "Point", "coordinates": [3.80880503, 44.22287597]}, "properties": {"route": "D984", "pr": "15", "abs": 14536, "label": "D984 PR15+14536"}}, {"type": "Feature", "geometry": {"type": "Point", "coordinates": [3.83829646, 44.17761719]}, "properties": {"route": "D984", "pr": "24", "abs": 23005, "label": "D984 PR24+23005"}}, {"type": "Feature", "geometry": {"type": "Point", "coordinates": [3.82151722, 44.26843311]}, "properties": {"route": "D984", "pr": "4", "abs": 3888, "label": "D984 PR4+3888"}}, {"type": "Feature", "geometry": {"type": "Point", "coordinates": [3.84215065, 44.16542157]}, "properties": {"route": "D984", "pr": "26", "abs": 24992, "label": "D984 PR26+24992"}}, {"type": "Feature", "geometry": {"type": "Point", "coordinates": [3.81012696, 44.21165223]}, "properties": {"route": "D984", "pr": "17", "abs": 16328, "label": "D984 PR17+16328"}}, {"type": "Feature", "geometry": {"type": "Point", "coordinates": [3.7957468, 44.27512646]}, "properties": {"route": "D984", "pr": "1", "abs": 969, "label": "D984 PR1+969"}}, {"type": "Feature", "geometry": {"type": "Point", "coordinates": [3.81174237, 44.24823319]}, "properties": {"route": "D984", "pr": "10", "abs": 9618, "label": "D984 PR10+9618"}}, {"type": "Feature", "geometry": {"type": "Point", "coordinates": [3.8277073, 44.26441242]}, "properties": {"route": "D984", "pr": "5", "abs": 4913, "label": "D984 PR5+4913"}}, {"type": "Feature", "geometry": {"type": "Point", "coordinates": [3.83794038, 44.19528592]}, "properties": {"route": "D984", "pr": "21", "abs": 20175, "label": "D984 PR21+20175"}}, {"type": "Feature", "geometry": {"type": "Point", "coordinates": [3.82615838, 44.20320104]}, "properties": {"route": "D984", "pr": "19", "abs": 18304, "label": "D984 PR19+18304"}}, {"type": "Feature", "geometry": {"type": "Point", "coordinates": [3.80744122, 44.25865634]}, "properties": {"route": "D984", "pr": "8", "abs": 7673, "label": "D984 PR8+7673"}}, {"type": "Feature", "geometry": {"type": "Point", "coordinates": [3.81753843, 44.24226087]}, "properties": {"route": "D984", "pr": "11", "abs": 10608, "label": "D984 PR11+10608"}}, {"type": "Feature", "geometry": {"type": "Point", "coordinates": [3.81320926, 44.27221171]}, "properties": {"route": "D984", "pr": "3", "abs": 2913, "label": "D984 PR3+2913"}}, {"type": "Feature", "geometry": {"type": "Point", "coordinates": [3.81580565, 44.20646947]}, "properties": {"route": "D984", "pr": "18", "abs": 17309, "label": "D984 PR18+17309"}}, {"type": "Feature", "geometry": {"type": "Point", "coordinates": [3.81528006, 44.23114006]}, "properties": {"route": "D984", "pr": "13", "abs": 12560, "label": "D984 PR13+12560"}}, {"type": "Feature", "geometry": {"type": "Point", "coordinates": [3.83687264, 44.19040993]}, "properties": {"route": "D984", "pr": "22", "abs": 21042, "label": "D984 PR22+21042"}}, {"type": "Feature", "geometry": {"type": "Point", "coordinates": [3.83407526, 44.2001194]}, "properties": {"route": "D984", "pr": "20", "abs": 19288, "label": "D984 PR20+19288"}}, {"type": "Feature", "geometry": {"type": "Point", "coordinates": [3.80838141, 44.21756373]}, "properties": {"route": "D984", "pr": "16", "abs": 15399, "label": "D984 PR16+15399"}}, {"type": "Feature", "geometry": {"type": "Point", "coordinates": [3.80708815, 44.25355862]}, "properties": {"route": "D984", "pr": "9", "abs": 8622, "label": "D984 PR9+8622"}}, {"type": "Feature", "geometry": {"type": "Point", "coordinates": [3.81689967, 44.23668196]}, "properties": {"route": "D984", "pr": "12", "abs": 11574, "label": "D984 PR12+11574"}}, {"type": "Feature", "geometry": {"type": "Point", "coordinates": [3.83426802, 44.18530081]}, "properties": {"route": "D984", "pr": "23", "abs": 22002, "label": "D984 PR23+22002"}}, {"type": "Feature", "geometry": {"type": "Point", "coordinates": [3.84222566, 44.17191809]}, "properties": {"route": "D984", "pr": "25", "abs": 23959, "label": "D984 PR25+23959"}}, {"type": "Feature", "geometry": {"type": "Point", "coordinates": [3.82447996, 44.2580005]}, "properties": {"route": "D984", "pr": "6", "abs": 5815, "label": "D984 PR6+5815"}}, {"type": "Feature", "geometry": {"type": "Point", "coordinates": [3.81696477, 44.26008471]}, "properties": {"route": "D984", "pr": "7", "abs": 6704, "label": "D984 PR7+6704"}}, {"type": "Feature", "geometry": {"type": "Point", "coordinates": [3.44069153, 44.46256018]}, "properties": {"route": "D31", "pr": "21", "abs": 20427, "label": "D31 PR21+20427"}}, {"type": "Feature", "geometry": {"type": "Point", "coordinates": [3.40513768, 44.46280728]}, "properties": {"route": "D31", "pr": "18", "abs": 17417, "label": "D31 PR18+17417"}}, {"type": "Feature", "geometry": {"type": "Point", "coordinates": [3.5113393, 44.41210988]}, "properties": {"route": "D31", "pr": "30", "abs": 29300, "label": "D31 PR30+29300"}}, {"type": "Feature", "geometry": {"type": "Point", "coordinates": [3.47941297, 44.43712694]}, "properties": {"route": "D31", "pr": "26", "abs": 25310, "label": "D31 PR26+25310"}}, {"type": "Feature", "geometry": {"type": "Point", "coordinates": [3.36107416, 44.45860697]}, "properties": {"route": "D31", "pr": "13", "abs": 12730, "label": "D31 PR13+12730"}}, {"type": "Feature", "geometry": {"type": "Point", "coordinates": [3.47570046, 44.44522961]}, "properties": {"route": "D31", "pr": "25", "abs": 24327, "label": "D31 PR25+24327"}}, {"type": "Feature", "geometry": {"type": "Point", "coordinates": [3.28910487, 44.53532892]}, "properties": {"route": "D31", "pr": "1", "abs": 824, "label": "D31 PR1+824"}}, {"type": "Feature", "geometry": {"type": "Point", "coordinates": [3.30462074, 44.49069894]}, "properties": {"route": "D31", "pr": "8", "abs": 7745, "label": "D31 PR8+7745"}}, {"type": "Feature", "geometry": {"type": "Point", "coordinates": [3.41612192, 44.46543731]}, "properties": {"route": "D31", "pr": "19", "abs": 18419, "label": "D31 PR19+18419"}}, {"type": "Feature", "geometry": {"type": "Point", "coordinates": [3.2974986, 44.4916105]}, "properties": {"route": "D31", "pr": "7", "abs": 6753, "label": "D31 PR7+6753"}}, {"type": "Feature", "geometry": {"type": "Point", "coordinates": [3.50756112, 44.42060184]}, "properties": {"route": "D31", "pr": "29", "abs": 28289, "label": "D31 PR29+28289"}}, {"type": "Feature", "geometry": {"type": "Point", "coordinates": [3.45219259, 44.45934755]}, "properties": {"route": "D31", "pr": "22", "abs": 21418, "label": "D31 PR22+21418"}}, {"type": "Feature", "geometry": {"type": "Point", "coordinates": [3.29720408, 44.49802446]}, "properties": {"route": "D31", "pr": "6", "abs": 5756, "label": "D31 PR6+5756"}}, {"type": "Feature", "geometry": {"type": "Point", "coordinates": [3.52045651, 44.38036325]}, "properties": {"route": "D31", "pr": "36", "abs": 35263, "label": "D31 PR36+35263"}}, {"type": "Feature", "geometry": {"type": "Point", "coordinates": [3.3976739, 44.45641955]}, "properties": {"route": "D31", "pr": "17", "abs": 16415, "label": "D31 PR17+16415"}}, {"type": "Feature", "geometry": {"type": "Point", "coordinates": [3.29123012, 44.52716812]}, "properties": {"route": "D31", "pr": "2", "abs": 1813, "label": "D31 PR2+1813"}}, {"type": "Feature", "geometry": {"type": "Point", "coordinates": [3.30694091, 44.48812509]}, "properties": {"route": "D31", "pr": "9", "abs": 8726, "label": "D31 PR9+8726"}}, {"type": "Feature", "geometry": {"type": "Point", "coordinates": [3.52014919, 44.38776425]}, "properties": {"route": "D31", "pr": "34", "abs": 33274, "label": "D31 PR34+33274"}}, {"type": "Feature", "geometry": {"type": "Point", "coordinates": [3.36877718, 44.45292636]}, "properties": {"route": "D31", "pr": "14", "abs": 13717, "label": "D31 PR14+13717"}}, {"type": "Feature", "geometry": {"type": "Point", "coordinates": [3.31026939, 44.48463463]}, "properties": {"route": "D31", "pr": "10", "abs": 9718, "label": "D31 PR10+9718"}}, {"type": "Feature", "geometry": {"type": "Point", "coordinates": [3.34480437, 44.46473637]}, "properties": {"route": "D31", "pr": "11", "abs": 10751, "label": "D31 PR11+10751"}}, {"type": "Feature", "geometry": {"type": "Point", "coordinates": [3.29740693, 44.50573702]}, "properties": {"route": "D31", "pr": "5", "abs": 4768, "label": "D31 PR5+4768"}}, {"type": "Feature", "geometry": {"type": "Point", "coordinates": [3.37500454, 44.45652509]}, "properties": {"route": "D31", "pr": "15", "abs": 14416, "label": "D31 PR15+14416"}}, {"type": "Feature", "geometry": {"type": "Point", "coordinates": [3.42818272, 44.4631775]}, "properties": {"route": "D31", "pr": "20", "abs": 19423, "label": "D31 PR20+19423"}}, {"type": "Feature", "geometry": {"type": "Point", "coordinates": [3.52082115, 44.39667298]}, "properties": {"route": "D31", "pr": "32", "abs": 31293, "label": "D31 PR32+31293"}}, {"type": "Feature", "geometry": {"type": "Point", "coordinates": [3.52340194, 44.38859322]}, "properties": {"route": "D31", "pr": "35", "abs": 34258, "label": "D31 PR35+34258"}}, {"type": "Feature", "geometry": {"type": "Point", "coordinates": [3.29737449, 44.52060886]}, "properties": {"route": "D31", "pr": "3", "abs": 2781, "label": "D31 PR3+2781"}}, {"type": "Feature", "geometry": {"type": "Point", "coordinates": [3.46259752, 44.45750576]}, "properties": {"route": "D31", "pr": "23", "abs": 22433, "label": "D31 PR23+22433"}}, {"type": "Feature", "geometry": {"type": "Point", "coordinates": [3.35171316, 44.4611074]}, "properties": {"route": "D31", "pr": "12", "abs": 11734, "label": "D31 PR12+11734"}}, {"type": "Feature", "geometry": {"type": "Point", "coordinates": [3.29754905, 44.51409433]}, "properties": {"route": "D31", "pr": "4", "abs": 3752, "label": "D31 PR4+3752"}}, {"type": "Feature", "geometry": {"type": "Point", "coordinates": [3.51822517, 44.38836115]}, "properties": {"route": "D31", "pr": "33", "abs": 32267, "label": "D31 PR33+32267"}}, {"type": "Feature", "geometry": {"type": "Point", "coordinates": [3.3867407, 44.45719301]}, "properties": {"route": "D31", "pr": "16", "abs": 15413, "label": "D31 PR16+15413"}}, {"type": "Feature", "geometry": {"type": "Point", "coordinates": [3.49847873, 44.425914]}, "properties": {"route": "D31", "pr": "28", "abs": 27308, "label": "D31 PR28+27308"}}, {"type": "Feature", "geometry": {"type": "Point", "coordinates": [3.5139137, 44.40365314]}, "properties": {"route": "D31", "pr": "31", "abs": 30294, "label": "D31 PR31+30294"}}, {"type": "Feature", "geometry": {"type": "Point", "coordinates": [3.48987614, 44.43199026]}, "properties": {"route": "D31", "pr": "27", "abs": 26322, "label": "D31 PR27+26322"}}, {"type": "Feature", "geometry": {"type": "Point", "coordinates": [3.47114098, 44.45347353]}, "properties": {"route": "D31", "pr": "24", "abs": 23332, "label": "D31 PR24+23332"}}, {"type": "Feature", "geometry": {"type": "Point", "coordinates": [3.90118432, 44.41160895]}, "properties": {"route": "D66", "pr": "7", "abs": 6802, "label": "D66 PR7+6802"}}, {"type": "Feature", "geometry": {"type": "Point", "coordinates": [3.92037176, 44.43866929]}, "properties": {"route": "D66", "pr": "1", "abs": 997, "label": "D66 PR1+997"}}, {"type": "Feature", "geometry": {"type": "Point", "coordinates": [3.90911523, 44.41674898]}, "properties": {"route": "D66", "pr": "5", "abs": 4821, "label": "D66 PR5+4821"}}, {"type": "Feature", "geometry": {"type": "Point", "coordinates": [3.91003837, 44.41908829]}, "properties": {"route": "D66", "pr": "4", "abs": 3936, "label": "D66 PR4+3936"}}, {"type": "Feature", "geometry": {"type": "Point", "coordinates": [3.87461848, 44.40728049]}, "properties": {"route": "D66", "pr": "10", "abs": 9808, "label": "D66 PR10+9808"}}, {"type": "Feature", "geometry": {"type": "Point", "coordinates": [3.89117549, 44.41015547]}, "properties": {"route": "D66", "pr": "8", "abs": 7804, "label": "D66 PR8+7804"}}, {"type": "Feature", "geometry": {"type": "Point", "coordinates": [3.88095394, 44.41041234]}, "properties": {"route": "D66", "pr": "9", "abs": 8803, "label": "D66 PR9+8803"}}, {"type": "Feature", "geometry": {"type": "Point", "coordinates": [3.89299576, 44.39211624]}, "properties": {"route": "D66", "pr": "14", "abs": 13791, "label": "D66 PR14+13791"}}, {"type": "Feature", "geometry": {"type": "Point", "coordinates": [3.86885577, 44.403456]}, "properties": {"route": "D66", "pr": "11", "abs": 10805, "label": "D66 PR11+10805"}}, {"type": "Feature", "geometry": {"type": "Point", "coordinates": [3.90412005, 44.41117529]}, "properties": {"route": "D66", "pr": "6", "abs": 5806, "label": "D66 PR6+5806"}}, {"type": "Feature", "geometry": {"type": "Point", "coordinates": [3.87864998, 44.40058308]}, "properties": {"route": "D66", "pr": "12", "abs": 11812, "label": "D66 PR12+11812"}}, {"type": "Feature", "geometry": {"type": "Point", "coordinates": [3.88251645, 44.39101152]}, "properties": {"route": "D66", "pr": "15", "abs": 14796, "label": "D66 PR15+14796"}}, {"type": "Feature", "geometry": {"type": "Point", "coordinates": [3.91563422, 44.42474948]}, "properties": {"route": "D66", "pr": "3", "abs": 2941, "label": "D66 PR3+2941"}}, {"type": "Feature", "geometry": {"type": "Point", "coordinates": [3.91814897, 44.43116173]}, "properties": {"route": "D66", "pr": "2", "abs": 1988, "label": "D66 PR2+1988"}}, {"type": "Feature", "geometry": {"type": "Point", "coordinates": [3.88770077, 44.39672593]}, "properties": {"route": "D66", "pr": "13", "abs": 12793, "label": "D66 PR13+12793"}}, {"type": "Feature", "geometry": {"type": "Point", "coordinates": [3.76765307, 44.15809131]}, "properties": {"route": "D140", "pr": "2", "abs": 2026, "label": "D140 PR2+2026"}}, {"type": "Feature", "geometry": {"type": "Point", "coordinates": [3.76615861, 44.15417008]}, "properties": {"route": "D140", "pr": "3", "abs": 3002, "label": "D140 PR3+3002"}}, {"type": "Feature", "geometry": {"type": "Point", "coordinates": [3.76572511, 44.16134159]}, "properties": {"route": "D140", "pr": "1", "abs": 978, "label": "D140 PR1+978"}}, {"type": "Feature", "geometry": {"type": "Point", "coordinates": [3.59114788, 44.16155278]}, "properties": {"route": "D19", "pr": "13", "abs": 5049, "label": "D19 PR13+5049"}}, {"type": "Feature", "geometry": {"type": "Point", "coordinates": [3.54991455, 44.16438472]}, "properties": {"route": "D19", "pr": "8", "abs": 14, "label": "D19 PR8+14"}}, {"type": "Feature", "geometry": {"type": "Point", "coordinates": [3.5608199, 44.16189116]}, "properties": {"route": "D19", "pr": "9", "abs": 1020, "label": "D19 PR9+1020"}}, {"type": "Feature", "geometry": {"type": "Point", "coordinates": [3.57531065, 44.15425263]}, "properties": {"route": "D19", "pr": "11", "abs": 3067, "label": "D19 PR11+3067"}}, {"type": "Feature", "geometry": {"type": "Point", "coordinates": [3.6031016, 44.16169203]}, "properties": {"route": "D19", "pr": "14", "abs": 6071, "label": "D19 PR14+6071"}}, {"type": "Feature", "geometry": {"type": "Point", "coordinates": [3.57153998, 44.15959369]}, "properties": {"route": "D19", "pr": "10", "abs": 2036, "label": "D19 PR10+2036"}}, {"type": "Feature", "geometry": {"type": "Point", "coordinates": [3.61504642, 44.16377424]}, "properties": {"route": "D19", "pr": "16", "abs": 8078, "label": "D19 PR16+8078"}}, {"type": "Feature", "geometry": {"type": "Point", "coordinates": [3.6167253, 44.16915101]}, "properties": {"route": "D19", "pr": "17", "abs": 9082, "label": "D19 PR17+9082"}}, {"type": "Feature", "geometry": {"type": "Point", "coordinates": [3.58077303, 44.16027336]}, "properties": {"route": "D19", "pr": "12", "abs": 4051, "label": "D19 PR12+4051"}}, {"type": "Feature", "geometry": {"type": "Point", "coordinates": [3.25891345, 44.49748451]}, "properties": {"route": "D888", "pr": "3", "abs": 3027, "label": "D888 PR3+3027"}}, {"type": "Feature", "geometry": {"type": "Point", "coordinates": [3.25326964, 44.48621339]}, "properties": {"route": "D888", "pr": "1", "abs": 994, "label": "D888 PR1+994"}}, {"type": "Feature", "geometry": {"type": "Point", "coordinates": [3.25571071, 44.4918224]}, "properties": {"route": "D888", "pr": "2", "abs": 2118, "label": "D888 PR2+2118"}}, {"type": "Feature", "geometry": {"type": "Point", "coordinates": [3.4787524, 44.20912298]}, "properties": {"route": "D18", "pr": "9", "abs": 8995, "label": "D18 PR9+8995"}}, {"type": "Feature", "geometry": {"type": "Point", "coordinates": [3.43832293, 44.20175617]}, "properties": {"route": "D18", "pr": "5", "abs": 4993, "label": "D18 PR5+4993"}}, {"type": "Feature", "geometry": {"type": "Point", "coordinates": [3.51998751, 44.18603938]}, "properties": {"route": "D18", "pr": "15", "abs": 15188, "label": "D18 PR15+15188"}}, {"type": "Feature", "geometry": {"type": "Point", "coordinates": [3.54902091, 44.16416868]}, "properties": {"route": "D18", "pr": "19", "abs": 19182, "label": "D18 PR19+19182"}}, {"type": "Feature", "geometry": {"type": "Point", "coordinates": [3.55092667, 44.15140934]}, "properties": {"route": "D18", "pr": "21", "abs": 21174, "label": "D18 PR21+21174"}}, {"type": "Feature", "geometry": {"type": "Point", "coordinates": [3.56464786, 44.140426]}, "properties": {"route": "D18", "pr": "23", "abs": 23179, "label": "D18 PR23+23179"}}, {"type": "Feature", "geometry": {"type": "Point", "coordinates": [3.54488308, 44.15853853]}, "properties": {"route": "D18", "pr": "20", "abs": 20175, "label": "D18 PR20+20175"}}, {"type": "Feature", "geometry": {"type": "Point", "coordinates": [3.45984562, 44.20456195]}, "properties": {"route": "D18", "pr": "7", "abs": 7000, "label": "D18 PR7+7000"}}, {"type": "Feature", "geometry": {"type": "Point", "coordinates": [3.42296783, 44.20747536]}, "properties": {"route": "D18", "pr": "3", "abs": 3001, "label": "D18 PR3+3001"}}, {"type": "Feature", "geometry": {"type": "Point", "coordinates": [3.46859465, 44.21031894]}, "properties": {"route": "D18", "pr": "8", "abs": 8006, "label": "D18 PR8+8006"}}, {"type": "Feature", "geometry": {"type": "Point", "coordinates": [3.39972044, 44.20752287]}, "properties": {"route": "D18", "pr": "1", "abs": 999, "label": "D18 PR1+999"}}, {"type": "Feature", "geometry": {"type": "Point", "coordinates": [3.43157001, 44.20406109]}, "properties": {"route": "D18", "pr": "4", "abs": 3991, "label": "D18 PR4+3991"}}, {"type": "Feature", "geometry": {"type": "Point", "coordinates": [3.54426303, 44.17043184]}, "properties": {"route": "D18", "pr": "18", "abs": 18176, "label": "D18 PR18+18176"}}, {"type": "Feature", "geometry": {"type": "Point", "coordinates": [3.41134611, 44.20915412]}, "properties": {"route": "D18", "pr": "2", "abs": 2004, "label": "D18 PR2+2004"}}, {"type": "Feature", "geometry": {"type": "Point", "coordinates": [3.55815106, 44.14731881]}, "properties": {"route": "D18", "pr": "22", "abs": 22179, "label": "D18 PR22+22179"}}, {"type": "Feature", "geometry": {"type": "Point", "coordinates": [3.50268163, 44.2081249]}, "properties": {"route": "D18", "pr": "11", "abs": 11012, "label": "D18 PR11+11012"}}, {"type": "Feature", "geometry": {"type": "Point", "coordinates": [3.4910675, 44.20724856]}, "properties": {"route": "D18", "pr": "10", "abs": 10071, "label": "D18 PR10+10071"}}, {"type": "Feature", "geometry": {"type": "Point", "coordinates": [3.53668856, 44.17667083]}, "properties": {"route": "D18", "pr": "17", "abs": 17178, "label": "D18 PR17+17178"}}, {"type": "Feature", "geometry": {"type": "Point", "coordinates": [3.51218843, 44.20549404]}, "properties": {"route": "D18", "pr": "12", "abs": 11968, "label": "D18 PR12+11968"}}, {"type": "Feature", "geometry": {"type": "Point", "coordinates": [3.44901923, 44.20406581]}, "properties": {"route": "D18", "pr": "6", "abs": 6043, "label": "D18 PR6+6043"}}, {"type": "Feature", "geometry": {"type": "Point", "coordinates": [3.56405297, 44.1342581]}, "properties": {"route": "D18", "pr": "24", "abs": 24176, "label": "D18 PR24+24176"}}, {"type": "Feature", "geometry": {"type": "Point", "coordinates": [3.52947251, 44.18061142]}, "properties": {"route": "D18", "pr": "16", "abs": 16184, "label": "D18 PR16+16184"}}, {"type": "Feature", "geometry": {"type": "Point", "coordinates": [3.51823981, 44.18958325]}, "properties": {"route": "D18", "pr": "14", "abs": 14190, "label": "D18 PR14+14190"}}, {"type": "Feature", "geometry": {"type": "Point", "coordinates": [3.56974739, 44.12757167]}, "properties": {"route": "D18", "pr": "25", "abs": 25165, "label": "D18 PR25+25165"}}, {"type": "Feature", "geometry": {"type": "Point", "coordinates": [3.5186068, 44.19675895]}, "properties": {"route": "D18", "pr": "13", "abs": 13195, "label": "D18 PR13+13195"}}, {"type": "Feature", "geometry": {"type": "Point", "coordinates": [3.56123325, 44.12473444]}, "properties": {"route": "D18", "pr": "26", "abs": 26168, "label": "D18 PR26+26168"}}, {"type": "Feature", "geometry": {"type": "Point", "coordinates": [3.43381898, 44.72139587]}, "properties": {"route": "D5", "pr": "9", "abs": 8979, "label": "D5 PR9+8979"}}, {"type": "Feature", "geometry": {"type": "Point", "coordinates": [3.66017523, 44.80162256]}, "properties": {"route": "D5", "pr": "33", "abs": 32695, "label": "D5 PR33+32695"}}, {"type": "Feature", "geometry": {"type": "Point", "coordinates": [3.61675883, 44.77904519]}, "properties": {"route": "D5", "pr": "28", "abs": 27883, "label": "D5 PR28+27883"}}, {"type": "Feature", "geometry": {"type": "Point", "coordinates": [3.59226512, 44.77671003]}, "properties": {"route": "D5", "pr": "26", "abs": 25888, "label": "D5 PR26+25888"}}, {"type": "Feature", "geometry": {"type": "Point", "coordinates": [3.51636199, 44.7532912]}, "properties": {"route": "D5", "pr": "18", "abs": 17921, "label": "D5 PR18+17921"}}, {"type": "Feature", "geometry": {"type": "Point", "coordinates": [3.56820236, 44.77241083]}, "properties": {"route": "D5", "pr": "24", "abs": 23895, "label": "D5 PR24+23895"}}, {"type": "Feature", "geometry": {"type": "Point", "coordinates": [3.42526655, 44.71593357]}, "properties": {"route": "D5", "pr": "8", "abs": 7979, "label": "D5 PR8+7979"}}, {"type": "Feature", "geometry": {"type": "Point", "coordinates": [3.65202154, 44.79763363]}, "properties": {"route": "D5", "pr": "32", "abs": 31739, "label": "D5 PR32+31739"}}, {"type": "Feature", "geometry": {"type": "Point", "coordinates": [3.67471981, 44.80596477]}, "properties": {"route": "D5", "pr": "35", "abs": 34674, "label": "D5 PR35+34674"}}, {"type": "Feature", "geometry": {"type": "Point", "coordinates": [3.64272927, 44.79304839]}, "properties": {"route": "D5", "pr": "31", "abs": 30758, "label": "D5 PR31+30758"}}, {"type": "Feature", "geometry": {"type": "Point", "coordinates": [3.62893839, 44.78005898]}, "properties": {"route": "D5", "pr": "29", "abs": 28881, "label": "D5 PR29+28881"}}, {"type": "Feature", "geometry": {"type": "Point", "coordinates": [3.60456944, 44.77824981]}, "properties": {"route": "D5", "pr": "27", "abs": 26888, "label": "D5 PR27+26888"}}, {"type": "Feature", "geometry": {"type": "Point", "coordinates": [3.54360733, 44.76365061]}, "properties": {"route": "D5", "pr": "21", "abs": 20917, "label": "D5 PR21+20917"}}, {"type": "Feature", "geometry": {"type": "Point", "coordinates": [3.53221621, 44.76448018]}, "properties": {"route": "D5", "pr": "20", "abs": 19902, "label": "D5 PR20+19902"}}, {"type": "Feature", "geometry": {"type": "Point", "coordinates": [3.51381879, 44.7451542]}, "properties": {"route": "D5", "pr": "17", "abs": 16919, "label": "D5 PR17+16919"}}, {"type": "Feature", "geometry": {"type": "Point", "coordinates": [3.50430219, 44.74106906]}, "properties": {"route": "D5", "pr": "16", "abs": 15930, "label": "D5 PR16+15930"}}, {"type": "Feature", "geometry": {"type": "Point", "coordinates": [3.49456015, 44.73618284]}, "properties": {"route": "D5", "pr": "15", "abs": 14949, "label": "D5 PR15+14949"}}, {"type": "Feature", "geometry": {"type": "Point", "coordinates": [3.43995909, 44.72694726]}, "properties": {"route": "D5", "pr": "10", "abs": 9955, "label": "D5 PR10+9955"}}, {"type": "Feature", "geometry": {"type": "Point", "coordinates": [3.44875492, 44.73054833]}, "properties": {"route": "D5", "pr": "11", "abs": 10993, "label": "D5 PR11+10993"}}, {"type": "Feature", "geometry": {"type": "Point", "coordinates": [3.57979905, 44.77572163]}, "properties": {"route": "D5", "pr": "25", "abs": 24890, "label": "D5 PR25+24890"}}, {"type": "Feature", "geometry": {"type": "Point", "coordinates": [3.55223635, 44.76199456]}, "properties": {"route": "D5", "pr": "22", "abs": 21897, "label": "D5 PR22+21897"}}, {"type": "Feature", "geometry": {"type": "Point", "coordinates": [3.38871821, 44.70669575]}, "properties": {"route": "D5", "pr": "4", "abs": 3977, "label": "D5 PR4+3977"}}, {"type": "Feature", "geometry": {"type": "Point", "coordinates": [3.40662965, 44.70543942]}, "properties": {"route": "D5", "pr": "6", "abs": 5968, "label": "D5 PR6+5968"}}, {"type": "Feature", "geometry": {"type": "Point", "coordinates": [3.35182116, 44.68880242]}, "properties": {"route": "D5", "pr": "1", "abs": 991, "label": "D5 PR1+991"}}, {"type": "Feature", "geometry": {"type": "Point", "coordinates": [3.66327515, 44.80776248]}, "properties": {"route": "D5", "pr": "34", "abs": 33683, "label": "D5 PR34+33683"}}, {"type": "Feature", "geometry": {"type": "Point", "coordinates": [3.39569434, 44.70720942]}, "properties": {"route": "D5", "pr": "5", "abs": 4964, "label": "D5 PR5+4964"}}, {"type": "Feature", "geometry": {"type": "Point", "coordinates": [3.68628903, 44.808214]}, "properties": {"route": "D5", "pr": "36", "abs": 35669, "label": "D5 PR36+35669"}}, {"type": "Feature", "geometry": {"type": "Point", "coordinates": [3.36262684, 44.69253168]}, "properties": {"route": "D5", "pr": "2", "abs": 1980, "label": "D5 PR2+1980"}}, {"type": "Feature", "geometry": {"type": "Point", "coordinates": [3.45956495, 44.73349755]}, "properties": {"route": "D5", "pr": "12", "abs": 11952, "label": "D5 PR12+11952"}}, {"type": "Feature", "geometry": {"type": "Point", "coordinates": [3.48255867, 44.73523282]}, "properties": {"route": "D5", "pr": "14", "abs": 13957, "label": "D5 PR14+13957"}}, {"type": "Feature", "geometry": {"type": "Point", "coordinates": [3.47017232, 44.735639]}, "properties": {"route": "D5", "pr": "13", "abs": 12936, "label": "D5 PR13+12936"}}, {"type": "Feature", "geometry": {"type": "Point", "coordinates": [3.55801524, 44.76886935]}, "properties": {"route": "D5", "pr": "23", "abs": 22894, "label": "D5 PR23+22894"}}, {"type": "Feature", "geometry": {"type": "Point", "coordinates": [3.41571222, 44.71151784]}, "properties": {"route": "D5", "pr": "7", "abs": 6979, "label": "D5 PR7+6979"}}, {"type": "Feature", "geometry": {"type": "Point", "coordinates": [3.37408293, 44.69267902]}, "properties": {"route": "D5", "pr": "3", "abs": 2954, "label": "D5 PR3+2954"}}, {"type": "Feature", "geometry": {"type": "Point", "coordinates": [3.63543434, 44.78919914]}, "properties": {"route": "D5", "pr": "30", "abs": 29845, "label": "D5 PR30+29845"}}, {"type": "Feature", "geometry": {"type": "Point", "coordinates": [3.52440836, 44.7587508]}, "properties": {"route": "D5", "pr": "19", "abs": 18923, "label": "D5 PR19+18923"}}, {"type": "Feature", "geometry": {"type": "Point", "coordinates": [3.65352924, 44.1160251]}, "properties": {"route": "D10D", "pr": "2", "abs": 1985, "label": "D10D PR2+1985"}}, {"type": "Feature", "geometry": {"type": "Point", "coordinates": [3.35122332, 44.11430913]}, "properties": {"route": "D159A", "pr": "0", "abs": 0, "label": "D159A PR0"}}, {"type": "Feature", "geometry": {"type": "Point", "coordinates": [3.96235706, 44.19805781]}, "properties": {"route": "D432", "pr": "3", "abs": 3047, "label": "D432 PR3+3047"}}, {"type": "Feature", "geometry": {"type": "Point", "coordinates": [3.98236384, 44.18754588]}, "properties": {"route": "D432", "pr": "0", "abs": 0, "label": "D432 PR0"}}, {"type": "Feature", "geometry": {"type": "Point", "coordinates": [3.36039101, 44.12914567]}, "properties": {"route": "D28", "pr": "2", "abs": 1992, "label": "D28 PR2+1992"}}, {"type": "Feature", "geometry": {"type": "Point", "coordinates": [3.96547036, 44.12394194]}, "properties": {"route": "D450", "pr": "7", "abs": 6975, "label": "D450 PR7+6975"}}, {"type": "Feature", "geometry": {"type": "Point", "coordinates": [3.96313982, 44.11788844]}, "properties": {"route": "D450", "pr": "6", "abs": 6010, "label": "D450 PR6+6010"}}, {"type": "Feature", "geometry": {"type": "Point", "coordinates": [3.94228494, 44.3778131]}, "properties": {"route": "D906", "pr": "40", "abs": 38760, "label": "D906 PR40+38760"}}, {"type": "Feature", "geometry": {"type": "Point", "coordinates": [3.95328789, 44.35491651]}, "properties": {"route": "D906", "pr": "35", "abs": 33842, "label": "D906 PR35+33842"}}, {"type": "Feature", "geometry": {"type": "Point", "coordinates": [3.9753634, 44.30349364]}, "properties": {"route": "D906", "pr": "26", "abs": 24986, "label": "D906 PR26+24986"}}, {"type": "Feature", "geometry": {"type": "Point", "coordinates": [3.94643153, 44.36456038]}, "properties": {"route": "D906", "pr": "38", "abs": 36723, "label": "D906 PR38+36723"}}, {"type": "Feature", "geometry": {"type": "Point", "coordinates": [3.9463415, 44.3530878]}, "properties": {"route": "D906", "pr": "34", "abs": 32871, "label": "D906 PR34+32871"}}, {"type": "Feature", "geometry": {"type": "Point", "coordinates": [3.96558174, 44.32203421]}, "properties": {"route": "D906", "pr": "29", "abs": 27949, "label": "D906 PR29+27949"}}, {"type": "Feature", "geometry": {"type": "Point", "coordinates": [3.96761007, 44.32780295]}, "properties": {"route": "D906", "pr": "30", "abs": 28887, "label": "D906 PR30+28887"}}, {"type": "Feature", "geometry": {"type": "Point", "coordinates": [3.96744477, 44.31679663]}, "properties": {"route": "D906", "pr": "28", "abs": 26949, "label": "D906 PR28+26949"}}, {"type": "Feature", "geometry": {"type": "Point", "coordinates": [3.96948758, 44.30904226]}, "properties": {"route": "D906", "pr": "27", "abs": 25972, "label": "D906 PR27+25972"}}, {"type": "Feature", "geometry": {"type": "Point", "coordinates": [3.94095173, 44.3627682]}, "properties": {"route": "D906", "pr": "37", "abs": 35779, "label": "D906 PR37+35779"}}, {"type": "Feature", "geometry": {"type": "Point", "coordinates": [3.94013292, 44.38299253]}, "properties": {"route": "D906", "pr": "41", "abs": 39469, "label": "D906 PR41+39469"}}, {"type": "Feature", "geometry": {"type": "Point", "coordinates": [3.97834405, 44.29701001]}, "properties": {"route": "D906", "pr": "25", "abs": 24007, "label": "D906 PR25+24007"}}, {"type": "Feature", "geometry": {"type": "Point", "coordinates": [3.94986162, 44.36024666]}, "properties": {"route": "D906", "pr": "36", "abs": 34909, "label": "D906 PR36+34909"}}, {"type": "Feature", "geometry": {"type": "Point", "coordinates": [3.99675211, 44.28555252]}, "properties": {"route": "D906", "pr": "22", "abs": 21206, "label": "D906 PR22+21206"}}, {"type": "Feature", "geometry": {"type": "Point", "coordinates": [3.95236535, 44.338924]}, "properties": {"route": "D906", "pr": "32", "abs": 30871, "label": "D906 PR32+30871"}}, {"type": "Feature", "geometry": {"type": "Point", "coordinates": [3.98839614, 44.286638]}, "properties": {"route": "D906", "pr": "23", "abs": 22125, "label": "D906 PR23+22125"}}, {"type": "Feature", "geometry": {"type": "Point", "coordinates": [3.98251268, 44.29157163]}, "properties": {"route": "D906", "pr": "24", "abs": 23020, "label": "D906 PR24+23020"}}, {"type": "Feature", "geometry": {"type": "Point", "coordinates": [3.95991011, 44.33388474]}, "properties": {"route": "D906", "pr": "31", "abs": 29883, "label": "D906 PR31+29883"}}, {"type": "Feature", "geometry": {"type": "Point", "coordinates": [3.93575355, 44.39008137]}, "properties": {"route": "D906", "pr": "42", "abs": 40445, "label": "D906 PR42+40445"}}, {"type": "Feature", "geometry": {"type": "Point", "coordinates": [3.87915216, 44.13386196]}, "properties": {"route": "D983", "pr": "0", "abs": 0, "label": "D983 PR0"}}, {"type": "Feature", "geometry": {"type": "Point", "coordinates": [3.88859282, 44.1245633]}, "properties": {"route": "D983", "pr": "2", "abs": 1998, "label": "D983 PR2+1998"}}, {"type": "Feature", "geometry": {"type": "Point", "coordinates": [3.8847883, 44.12845105]}, "properties": {"route": "D983", "pr": "1", "abs": 1002, "label": "D983 PR1+1002"}}, {"type": "Feature", "geometry": {"type": "Point", "coordinates": [3.88960079, 44.11902125]}, "properties": {"route": "D983", "pr": "3", "abs": 2968, "label": "D983 PR3+2968"}}, {"type": "Feature", "geometry": {"type": "Point", "coordinates": [3.99460381, 44.21892777]}, "properties": {"route": "D454", "pr": "3", "abs": 3043, "label": "D454 PR3+3043"}}, {"type": "Feature", "geometry": {"type": "Point", "coordinates": [3.99721991, 44.21244534]}, "properties": {"route": "D454", "pr": "2", "abs": 2070, "label": "D454 PR2+2070"}}, {"type": "Feature", "geometry": {"type": "Point", "coordinates": [3.98421361, 44.24428116]}, "properties": {"route": "D357", "pr": "0", "abs": 0, "label": "D357 PR0"}}, {"type": "Feature", "geometry": {"type": "Point", "coordinates": [3.97654286, 44.23514083]}, "properties": {"route": "D357", "pr": "2", "abs": 2008, "label": "D357 PR2+2008"}}, {"type": "Feature", "geometry": {"type": "Point", "coordinates": [3.98278723, 44.23632197]}, "properties": {"route": "D357", "pr": "1", "abs": 1010, "label": "D357 PR1+1010"}}, {"type": "Feature", "geometry": {"type": "Point", "coordinates": [3.96025543, 44.27868939]}, "properties": {"route": "D52A", "pr": "0", "abs": 0, "label": "D52A PR0"}}, {"type": "Feature", "geometry": {"type": "Point", "coordinates": [3.95390773, 44.27950983]}, "properties": {"route": "D52A", "pr": "1", "abs": 1014, "label": "D52A PR1+1014"}}, {"type": "Feature", "geometry": {"type": "Point", "coordinates": [3.41298246, 44.11581293]}, "properties": {"route": "D157", "pr": "10", "abs": 9986, "label": "D157 PR10+9986"}}, {"type": "Feature", "geometry": {"type": "Point", "coordinates": [3.42126109, 44.11402271]}, "properties": {"route": "D157", "pr": "9", "abs": 8965, "label": "D157 PR9+8965"}}, {"type": "Feature", "geometry": {"type": "Point", "coordinates": [3.55031411, 44.11524903]}, "properties": {"route": "D269", "pr": "2", "abs": 1959, "label": "D269 PR2+1959"}}, {"type": "Feature", "geometry": {"type": "Point", "coordinates": [3.55719772, 44.11713411]}, "properties": {"route": "D269C", "pr": "0", "abs": 0, "label": "D269C PR0"}}, {"type": "Feature", "geometry": {"type": "Point", "coordinates": [3.6783853, 44.12124397]}, "properties": {"route": "D10", "pr": "14", "abs": 13992, "label": "D10 PR14+13992"}}, {"type": "Feature", "geometry": {"type": "Point", "coordinates": [3.66226245, 44.12837493]}, "properties": {"route": "D10", "pr": "19", "abs": 19008, "label": "D10 PR19+19008"}}, {"type": "Feature", "geometry": {"type": "Point", "coordinates": [3.67305778, 44.11662338]}, "properties": {"route": "D10", "pr": "13", "abs": 12993, "label": "D10 PR13+12993"}}, {"type": "Feature", "geometry": {"type": "Point", "coordinates": [3.95309643, 44.35233633]}, "properties": {"route": "D434A", "pr": "0", "abs": 0, "label": "D434A PR0"}}, {"type": "Feature", "geometry": {"type": "Point", "coordinates": [3.9581748, 44.34452423]}, "properties": {"route": "D434A", "pr": "1", "abs": 996, "label": "D434A PR1+996"}}, {"type": "Feature", "geometry": {"type": "Point", "coordinates": [3.95058604, 44.34538945]}, "properties": {"route": "D175", "pr": "0", "abs": 0, "label": "D175 PR0"}}, {"type": "Feature", "geometry": {"type": "Point", "coordinates": [3.97105089, 44.20166198]}, "properties": {"route": "D32", "pr": "14", "abs": 13851, "label": "D32 PR14+13851"}}, {"type": "Feature", "geometry": {"type": "Point", "coordinates": [3.96901291, 44.20821334]}, "properties": {"route": "D32", "pr": "15", "abs": 14852, "label": "D32 PR15+14852"}}, {"type": "Feature", "geometry": {"type": "Point", "coordinates": [3.97205209, 44.19567518]}, "properties": {"route": "D32", "pr": "13", "abs": 12868, "label": "D32 PR13+12868"}}, {"type": "Feature", "geometry": {"type": "Point", "coordinates": [3.95405875, 44.21078646]}, "properties": {"route": "D32", "pr": "17", "abs": 16874, "label": "D32 PR17+16874"}}, {"type": "Feature", "geometry": {"type": "Point", "coordinates": [3.97876113, 44.19285657]}, "properties": {"route": "D32", "pr": "12", "abs": 11858, "label": "D32 PR12+11858"}}, {"type": "Feature", "geometry": {"type": "Point", "coordinates": [3.96365191, 44.2119881]}, "properties": {"route": "D32", "pr": "16", "abs": 15852, "label": "D32 PR16+15852"}}, {"type": "Feature", "geometry": {"type": "Point", "coordinates": [3.98417341, 44.18649899]}, "properties": {"route": "D32", "pr": "11", "abs": 10857, "label": "D32 PR11+10857"}}, {"type": "Feature", "geometry": {"type": "Point", "coordinates": [3.55411798, 44.11572311]}, "properties": {"route": "D269B", "pr": "0", "abs": 0, "label": "D269B PR0"}}, {"type": "Feature", "geometry": {"type": "Point", "coordinates": [3.99653787, 44.28220303]}, "properties": {"route": "D52", "pr": "0", "abs": 0, "label": "D52 PR0"}}, {"type": "Feature", "geometry": {"type": "Point", "coordinates": [3.72702143, 44.11778996]}, "properties": {"route": "D20", "pr": "4", "abs": 3987, "label": "D20 PR4+3987"}}, {"type": "Feature", "geometry": {"type": "Point", "coordinates": [3.76316787, 44.12658928]}, "properties": {"route": "D20", "pr": "0", "abs": 0, "label": "D20 PR0"}}, {"type": "Feature", "geometry": {"type": "Point", "coordinates": [3.74246496, 44.12731832]}, "properties": {"route": "D20", "pr": "2", "abs": 1967, "label": "D20 PR2+1967"}}, {"type": "Feature", "geometry": {"type": "Point", "coordinates": [3.91253105, 44.37487965]}, "properties": {"route": "D362", "pr": "13", "abs": 13093, "label": "D362 PR13+13093"}}, {"type": "Feature", "geometry": {"type": "Point", "coordinates": [3.91417037, 44.76563615]}, "properties": {"route": "N102", "pr": "FS", "abs": null, "label": "N102 PRFS"}}, {"type": "Feature", "geometry": {"type": "Point", "coordinates": [3.05934119, 44.33451616]}, "properties": {"route": "N88", "pr": "FS", "abs": null, "label": "N88 PRFS"}}, {"type": "Feature", "geometry": {"type": "Point", "coordinates": [3.06192176, 44.33409346]}, "properties": {"route": "N88", "pr": "DS", "abs": null, "label": "N88 PRDS"}}, {"type": "Feature", "geometry": {"type": "Point", "coordinates": [3.99572587, 44.74295708]}, "properties": {"route": "N102", "pr": "87", "abs": 69384, "label": "N102 PR87+69384"}}, {"type": "Feature", "geometry": {"type": "Point", "coordinates": [3.89560271, 44.77655524]}, "properties": {"route": "N102", "pr": "2", "abs": 1960, "label": "N102 PR2+1960"}}, {"type": "Feature", "geometry": {"type": "Point", "coordinates": [3.95495512, 44.7521108]}, "properties": {"route": "N102", "pr": "91", "abs": 73383, "label": "N102 PR91+73383"}}, {"type": "Feature", "geometry": {"type": "Point", "coordinates": [3.90484089, 44.77146336]}, "properties": {"route": "N102", "pr": "1", "abs": 998, "label": "N102 PR1+998"}}, {"type": "Feature", "geometry": {"type": "Point", "coordinates": [3.93171236, 44.75639274]}, "properties": {"route": "N102", "pr": "93", "abs": 75381, "label": "N102 PR93+75381"}}, {"type": "Feature", "geometry": {"type": "Point", "coordinates": [3.91502746, 44.76588208]}, "properties": {"route": "N102", "pr": "95", "abs": 77335, "label": "N102 PR95+77335"}}, {"type": "Feature", "geometry": {"type": "Point", "coordinates": [3.94304117, 44.75279087]}, "properties": {"route": "N102", "pr": "92", "abs": 74387, "label": "N102 PR92+74387"}}, {"type": "Feature", "geometry": {"type": "Point", "coordinates": [3.98860648, 44.74962147]}, "properties": {"route": "N102", "pr": "88", "abs": 70377, "label": "N102 PR88+70377"}}, {"type": "Feature", "geometry": {"type": "Point", "coordinates": [3.96604581, 44.75567378]}, "properties": {"route": "N102", "pr": "90", "abs": 72386, "label": "N102 PR90+72386"}}, {"type": "Feature", "geometry": {"type": "Point", "coordinates": [3.91448121, 44.76571012]}, "properties": {"route": "N102", "pr": "0", "abs": 0, "label": "N102 PR0"}}, {"type": "Feature", "geometry": {"type": "Point", "coordinates": [3.88903274, 44.78195993]}, "properties": {"route": "N102", "pr": "2", "abs": 2771, "label": "N102 PR2+2771"}}, {"type": "Feature", "geometry": {"type": "Point", "coordinates": [3.84604914, 44.9158558]}, "properties": {"route": "N88", "pr": "80", "abs": 74367, "label": "N88 PR80+74367"}}, {"type": "Feature", "geometry": {"type": "Point", "coordinates": [3.84706064, 44.88146094]}, "properties": {"route": "N88", "pr": "84", "abs": 78303, "label": "N88 PR84+78303"}}, {"type": "Feature", "geometry": {"type": "Point", "coordinates": [3.59053125, 44.53658932]}, "properties": {"route": "N88", "pr": "40", "abs": 38247, "label": "N88 PR40+38247"}}, {"type": "Feature", "geometry": {"type": "Point", "coordinates": [3.28993418, 44.48578192]}, "properties": {"route": "N88", "pr": "77", "abs": 73869, "label": "N88 PR77+73869"}}, {"type": "Feature", "geometry": {"type": "Point", "coordinates": [3.48455492, 44.51626471]}, "properties": {"route": "N88", "pr": "53", "abs": 50615, "label": "N88 PR53+50615"}}, {"type": "Feature", "geometry": {"type": "Point", "coordinates": [3.60134081, 44.53518059]}, "properties": {"route": "N88", "pr": "39", "abs": 37362, "label": "N88 PR39+37362"}}, {"type": "Feature", "geometry": {"type": "Point", "coordinates": [3.86000085, 44.83688493]}, "properties": {"route": "N88", "pr": "89", "abs": 83593, "label": "N88 PR89+83593"}}, {"type": "Feature", "geometry": {"type": "Point", "coordinates": [3.84506179, 44.93384713]}, "properties": {"route": "N88", "pr": "78", "abs": 72322, "label": "N88 PR78+72322"}}, {"type": "Feature", "geometry": {"type": "Point", "coordinates": [3.84770485, 44.86088657]}, "properties": {"route": "N88", "pr": "86", "abs": 80605, "label": "N88 PR86+80605"}}, {"type": "Feature", "geometry": {"type": "Point", "coordinates": [3.58172662, 44.53656585]}, "properties": {"route": "N88", "pr": "41", "abs": 39205, "label": "N88 PR41+39205"}}, {"type": "Feature", "geometry": {"type": "Point", "coordinates": [3.27096023, 44.50007882]}, "properties": {"route": "N88", "pr": "81", "abs": 77776, "label": "N88 PR81+77776"}}, {"type": "Feature", "geometry": {"type": "Point", "coordinates": [3.31399154, 44.48304872]}, "properties": {"route": "N88", "pr": "75", "abs": 71868, "label": "N88 PR75+71868"}}, {"type": "Feature", "geometry": {"type": "Point", "coordinates": [3.85830488, 44.73167394]}, "properties": {"route": "N88", "pr": "1", "abs": 1518, "label": "N88 PR1+1518"}}, {"type": "Feature", "geometry": {"type": "Point", "coordinates": [3.8671375, 44.82964343]}, "properties": {"route": "N88", "pr": "90", "abs": 84583, "label": "N88 PR90+84583"}}, {"type": "Feature", "geometry": {"type": "Point", "coordinates": [3.34333575, 44.47150424]}, "properties": {"route": "N88", "pr": "72", "abs": 68883, "label": "N88 PR72+68883"}}, {"type": "Feature", "geometry": {"type": "Point", "coordinates": [3.35096315, 44.47818503]}, "properties": {"route": "N88", "pr": "71", "abs": 67885, "label": "N88 PR71+67885"}}, {"type": "Feature", "geometry": {"type": "Point", "coordinates": [3.5674083, 44.53483806]}, "properties": {"route": "N88", "pr": "43", "abs": 41106, "label": "N88 PR43+41106"}}, {"type": "Feature", "geometry": {"type": "Point", "coordinates": [3.84398386, 44.96928119]}, "properties": {"route": "N88", "pr": "74", "abs": 68279, "label": "N88 PR74+68279"}}, {"type": "Feature", "geometry": {"type": "Point", "coordinates": [3.87186982, 44.82166498]}, "properties": {"route": "N88", "pr": "91", "abs": 85585, "label": "N88 PR91+85585"}}, {"type": "Feature", "geometry": {"type": "Point", "coordinates": [3.06192176, 44.33409346]}, "properties": {"route": "N88", "pr": "2", "abs": 1794, "label": "N88 PR2+1794 (D)"}}, {"type": "Feature", "geometry": {"type": "Point", "coordinates": [3.07167921, 44.33429907]}, "properties": {"route": "N88", "pr": "2", "abs": 994, "label": "N88 PR2+994 (D)"}}, {"type": "Feature", "geometry": {"type": "Point", "coordinates": [3.87135297, 44.74786399]}, "properties": {"route": "N88", "pr": "2", "abs": 1473, "label": "N88 PR2+1473"}}, {"type": "Feature", "geometry": {"type": "Point", "coordinates": [3.06190536, 44.33400976]}, "properties": {"route": "N88", "pr": "2", "abs": 1791, "label": "N88 PR2+1791 (G)"}}, {"type": "Feature", "geometry": {"type": "Point", "coordinates": [3.07168661, 44.33420545]}, "properties": {"route": "N88", "pr": "2", "abs": 991, "label": "N88 PR2+991 (G)"}}, {"type": "Feature", "geometry": {"type": "Point", "coordinates": [3.8507281, 44.8990843]}, "properties": {"route": "N88", "pr": "82", "abs": 76310, "label": "N88 PR82+76310"}}, {"type": "Feature", "geometry": {"type": "Point", "coordinates": [3.84388156, 44.92499609]}, "properties": {"route": "N88", "pr": "79", "abs": 73315, "label": "N88 PR79+73315"}}, {"type": "Feature", "geometry": {"type": "Point", "coordinates": [3.55436502, 44.53533735]}, "properties": {"route": "N88", "pr": "45", "abs": 42816, "label": "N88 PR45+42816"}}, {"type": "Feature", "geometry": {"type": "Point", "coordinates": [3.8485315, 44.85200333]}, "properties": {"route": "N88", "pr": "87", "abs": 81601, "label": "N88 PR87+81601"}}, {"type": "Feature", "geometry": {"type": "Point", "coordinates": [3.30209589, 44.48419461]}, "properties": {"route": "N88", "pr": "76", "abs": 72866, "label": "N88 PR76+72866"}}, {"type": "Feature", "geometry": {"type": "Point", "coordinates": [3.85620252, 44.8448899]}, "properties": {"route": "N88", "pr": "88", "abs": 82599, "label": "N88 PR88+82599"}}, {"type": "Feature", "geometry": {"type": "Point", "coordinates": [3.84811639, 44.89031638]}, "properties": {"route": "N88", "pr": "83", "abs": 77312, "label": "N88 PR83+77312"}}, {"type": "Feature", "geometry": {"type": "Point", "coordinates": [3.33388766, 44.47380179]}, "properties": {"route": "N88", "pr": "73", "abs": 69875, "label": "N88 PR73+69875"}}, {"type": "Feature", "geometry": {"type": "Point", "coordinates": [3.84790594, 44.87244425]}, "properties": {"route": "N88", "pr": "85", "abs": 79312, "label": "N88 PR85+79312"}}, {"type": "Feature", "geometry": {"type": "Point", "coordinates": [3.5748117, 44.53967644]}, "properties": {"route": "N88", "pr": "42", "abs": 40098, "label": "N88 PR42+40098"}}, {"type": "Feature", "geometry": {"type": "Point", "coordinates": [3.26607263, 44.50388605]}, "properties": {"route": "N88", "pr": "81", "abs": 78524, "label": "N88 PR81+78524 (D)"}}, {"type": "Feature", "geometry": {"type": "Point", "coordinates": [3.08237057, 44.33157134]}, "properties": {"route": "N88", "pr": "1", "abs": 0, "label": "N88 PR1 (D)"}}, {"type": "Feature", "geometry": {"type": "Point", "coordinates": [3.08237057, 44.33157134]}, "properties": {"route": "N88", "pr": "1", "abs": 0, "label": "N88 PR1 (G)"}}, {"type": "Feature", "geometry": {"type": "Point", "coordinates": [3.86291211, 44.74342557]}, "properties": {"route": "N88", "pr": "0", "abs": 0, "label": "N88 PR0"}}, {"type": "Feature", "geometry": {"type": "Point", "coordinates": [3.8840833, 44.75541891]}, "properties": {"route": "N88", "pr": "0", "abs": 0, "label": "N88 PR0"}}, {"type": "Feature", "geometry": {"type": "Point", "coordinates": [3.2433441, 44.4973255]}, "properties": {"route": "N88", "pr": "83", "abs": 80569, "label": "N88 PR83+80569 (D)"}}, {"type": "Feature", "geometry": {"type": "Point", "coordinates": [3.03762487, 44.33336003]}, "properties": {"route": "N88", "pr": "4", "abs": 2111, "label": "N88 PR4+2111"}}, {"type": "Feature", "geometry": {"type": "Point", "coordinates": [2.98552893, 44.34719904]}, "properties": {"route": "N88", "pr": "9", "abs": 7013, "label": "N88 PR9+7013 (D)"}}, {"type": "Feature", "geometry": {"type": "Point", "coordinates": [3.01976476, 44.3436201]}, "properties": {"route": "N88", "pr": "6", "abs": 4110, "label": "N88 PR6+4110"}}, {"type": "Feature", "geometry": {"type": "Point", "coordinates": [2.99668946, 44.34901915]}, "properties": {"route": "N88", "pr": "8", "abs": 6096, "label": "N88 PR8+6096"}}, {"type": "Feature", "geometry": {"type": "Point", "coordinates": [3.05934119, 44.33451616]}, "properties": {"route": "N88", "pr": "3", "abs": 200, "label": "N88 PR3+200 (D)"}}, {"type": "Feature", "geometry": {"type": "Point", "coordinates": [3.02801152, 44.33738567]}, "properties": {"route": "N88", "pr": "5", "abs": 3120, "label": "N88 PR5+3120"}}, {"type": "Feature", "geometry": {"type": "Point", "coordinates": [3.00842841, 44.34661997]}, "properties": {"route": "N88", "pr": "7", "abs": 5106, "label": "N88 PR7+5106"}}, {"type": "Feature", "geometry": {"type": "Point", "coordinates": [2.99311055, 44.34835287]}, "properties": {"route": "N88", "pr": "8", "abs": 1353, "label": "N88 PR8+1353 (G)"}}, {"type": "Feature", "geometry": {"type": "Point", "coordinates": [2.99311055, 44.34835287]}, "properties": {"route": "N88", "pr": "8", "abs": 6375, "label": "N88 PR8+6375 (D)"}}, {"type": "Feature", "geometry": {"type": "Point", "coordinates": [3.06415396, 44.33394636]}, "properties": {"route": "N88", "pr": "2", "abs": 0, "label": "N88 PR2 (D)"}}, {"type": "Feature", "geometry": {"type": "Point", "coordinates": [3.06415396, 44.33394636]}, "properties": {"route": "N88", "pr": "2", "abs": 0, "label": "N88 PR2 (G)"}}, {"type": "Feature", "geometry": {"type": "Point", "coordinates": [3.04693019, 44.33152736]}, "properties": {"route": "N88", "pr": "3", "abs": 1348, "label": "N88 PR3+1348 (D)"}}, {"type": "Feature", "geometry": {"type": "Point", "coordinates": [3.04693019, 44.33152736]}, "properties": {"route": "N88", "pr": "3", "abs": 1353, "label": "N88 PR3+1353 (G)"}}, {"type": "Feature", "geometry": {"type": "Point", "coordinates": [3.0282603, 44.13204844]}, "properties": {"route": "A75", "pr": "215", "abs": 626, "label": "A75 PR215+626 (D)"}}, {"type": "Feature", "geometry": {"type": "Point", "coordinates": [3.02294446, 44.13590103]}, "properties": {"route": "A75", "pr": "215", "abs": 0, "label": "A75 PR215 (D)"}}, {"type": "Feature", "geometry": {"type": "Point", "coordinates": [3.59584132, 44.32660299]}, "properties": {"route": "N106", "pr": "46", "abs": 21257, "label": "N106 PR46+21257"}}, {"type": "Feature", "geometry": {"type": "Point", "coordinates": [3.78829636, 44.28039483]}, "properties": {"route": "N106", "pr": "23", "abs": 0, "label": "N106 PR23"}}, {"type": "Feature", "geometry": {"type": "Point", "coordinates": [3.91417037, 44.76563615]}, "properties": {"route": "N102", "pr": "FS", "abs": null, "label": "N102 PRFS"}}, {"type": "Feature", "geometry": {"type": "Point", "coordinates": [3.97763813, 44.75333378]}, "properties": {"route": "N102", "pr": "89", "abs": 71385, "label": "N102 PR89+71385"}}, {"type": "Feature", "geometry": {"type": "Point", "coordinates": [3.78828131, 44.28039404]}, "properties": {"route": "N106", "pr": "23", "abs": 21678, "label": "N106 PR23+21678"}}, {"type": "Feature", "geometry": {"type": "Point", "coordinates": [3.98943056, 44.23623981]}, "properties": {"route": "N106", "pr": "63", "abs": 62952, "label": "N106 PR63+62952"}}, {"type": "Feature", "geometry": {"type": "Point", "coordinates": [3.98311156, 44.2441326]}, "properties": {"route": "N106", "pr": "65", "abs": 64944, "label": "N106 PR65+64944"}}, {"type": "Feature", "geometry": {"type": "Point", "coordinates": [3.89250495, 44.2492477]}, "properties": {"route": "N106", "pr": "9", "abs": 8368, "label": "N106 PR9+8368"}}, {"type": "Feature", "geometry": {"type": "Point", "coordinates": [3.97851604, 44.24879426]}, "properties": {"route": "N106", "pr": "66", "abs": 65946, "label": "N106 PR66+65946"}}, {"type": "Feature", "geometry": {"type": "Point", "coordinates": [3.92440105, 44.24541114]}, "properties": {"route": "N106", "pr": "6", "abs": 5229, "label": "N106 PR6+5229"}}, {"type": "Feature", "geometry": {"type": "Point", "coordinates": [3.98631992, 44.23981449]}, "properties": {"route": "N106", "pr": "64", "abs": 63952, "label": "N106 PR64+63952"}}, {"type": "Feature", "geometry": {"type": "Point", "coordinates": [3.99550703, 44.23039407]}, "properties": {"route": "N106", "pr": "62", "abs": 61994, "label": "N106 PR62+61994"}}, {"type": "Feature", "geometry": {"type": "Point", "coordinates": [3.94784358, 44.24586848]}, "properties": {"route": "N106", "pr": "3", "abs": 2463, "label": "N106 PR3+2463"}}, {"type": "Feature", "geometry": {"type": "Point", "coordinates": [3.97187529, 44.25159966]}, "properties": {"route": "N106", "pr": "0", "abs": 0, "label": "N106 PR0"}}, {"type": "Feature", "geometry": {"type": "Point", "coordinates": [3.48570884, 44.52638015]}, "properties": {"route": "N1106", "pr": "999", "abs": 433, "label": "N1106 PR999+433"}}, {"type": "Feature", "geometry": {"type": "Point", "coordinates": [3.4819418, 44.5246916]}, "properties": {"route": "N1106", "pr": "0", "abs": 0, "label": "N1106 PR0"}}, {"type": "Feature", "geometry": {"type": "Point", "coordinates": [3.2381531, 44.88353542]}, "properties": {"route": "A75", "pr": "115", "abs": 390, "label": "A75 PR115+390 (D)"}}, {"type": "Feature", "geometry": {"type": "Point", "coordinates": [3.13874653, 44.39661353]}, "properties": {"route": "A75", "pr": "180", "abs": 0, "label": "A75 PR180 (D)"}}, {"type": "Feature", "geometry": {"type": "Point", "coordinates": [3.23573628, 44.88673591]}, "properties": {"route": "A75", "pr": "114", "abs": 0, "label": "A75 PR114 (D)"}}, {"type": "Feature", "geometry": {"type": "Point", "coordinates": [3.00288069, 44.85116242]}, "properties": {"route": "D989", "pr": "DS", "abs": null, "label": "D989 PRDS"}}, {"type": "Feature", "geometry": {"type": "Point", "coordinates": [3.10331836, 44.9086193]}, "properties": {"route": "D13", "pr": "45", "abs": 44641, "label": "D13 PR45+44641"}}, {"type": "Feature", "geometry": {"type": "Point", "coordinates": [3.24579982, 44.95962335]}, "properties": {"route": "D50", "pr": "20", "abs": 19915, "label": "D50 PR20+19915"}}, {"type": "Feature", "geometry": {"type": "Point", "coordinates": [3.25791449, 44.94890675]}, "properties": {"route": "D450", "pr": "1", "abs": 985, "label": "D450 PR1+985"}}, {"type": "Feature", "geometry": {"type": "Point", "coordinates": [3.26081175, 44.94293507]}, "properties": {"route": "D450", "pr": "2", "abs": 1979, "label": "D450 PR2+1979"}}, {"type": "Feature", "geometry": {"type": "Point", "coordinates": [3.02680751, 44.80944522]}, "properties": {"route": "D513", "pr": "1", "abs": 994, "label": "D513 PR1+994"}}, {"type": "Feature", "geometry": {"type": "Point", "coordinates": [3.02017908, 44.80971402]}, "properties": {"route": "D513", "pr": "2", "abs": 1993, "label": "D513 PR2+1993"}}, {"type": "Feature", "geometry": {"type": "Point", "coordinates": [2.99794799, 44.82588206]}, "properties": {"route": "D513", "pr": "5", "abs": 5007, "label": "D513 PR5+5007"}}, {"type": "Feature", "geometry": {"type": "Point", "coordinates": [3.09053971, 44.961296]}, "properties": {"route": "D40", "pr": "35", "abs": 34822, "label": "D40 PR35+34822"}}, {"type": "Feature", "geometry": {"type": "Point", "coordinates": [3.02686277, 44.93566841]}, "properties": {"route": "D48", "pr": "17", "abs": 16903, "label": "D48 PR17+16903"}}, {"type": "Feature", "geometry": {"type": "Point", "coordinates": [3.24039018, 44.96766467]}, "properties": {"route": "D48", "pr": "39", "abs": 38657, "label": "D48 PR39+38657"}}, {"type": "Feature", "geometry": {"type": "Point", "coordinates": [3.14511771, 44.91464905]}, "properties": {"route": "D248", "pr": "3", "abs": 2973, "label": "D248 PR3+2973"}}, {"type": "Feature", "geometry": {"type": "Point", "coordinates": [3.14495912, 44.93222691]}, "properties": {"route": "D248", "pr": "1", "abs": 986, "label": "D248 PR1+986"}}, {"type": "Feature", "geometry": {"type": "Point", "coordinates": [3.19364337, 44.92202194]}, "properties": {"route": "D348", "pr": "0", "abs": 0, "label": "D348 PR0"}}, {"type": "Feature", "geometry": {"type": "Point", "coordinates": [3.18986484, 44.90420054]}, "properties": {"route": "D348", "pr": "3", "abs": 2982, "label": "D348 PR3+2982"}}, {"type": "Feature", "geometry": {"type": "Point", "coordinates": [3.19346268, 44.91372637]}, "properties": {"route": "D348", "pr": "1", "abs": 997, "label": "D348 PR1+997"}}, {"type": "Feature", "geometry": {"type": "Point", "coordinates": [3.01725297, 44.86909583]}, "properties": {"route": "D13", "pr": "57", "abs": 56586, "label": "D13 PR57+56586"}}, {"type": "Feature", "geometry": {"type": "Point", "coordinates": [3.03425894, 44.77968138]}, "properties": {"route": "D565", "pr": "0", "abs": 0, "label": "D565 PR0"}}, {"type": "Feature", "geometry": {"type": "Point", "coordinates": [3.01120529, 44.76968635]}, "properties": {"route": "D565", "pr": "3", "abs": 2966, "label": "D565 PR3+2966"}}, {"type": "Feature", "geometry": {"type": "Point", "coordinates": [3.2033514, 44.93862613]}, "properties": {"route": "D909", "pr": "49", "abs": 48721, "label": "D909 PR49+48721"}}, {"type": "Feature", "geometry": {"type": "Point", "coordinates": [3.15346514, 44.94787907]}, "properties": {"route": "D13", "pr": "34", "abs": 33901, "label": "D13 PR34+33901"}}, {"type": "Feature", "geometry": {"type": "Point", "coordinates": [3.0329697, 44.77555474]}, "properties": {"route": "D13", "pr": "67", "abs": 66643, "label": "D13 PR67+66643"}}, {"type": "Feature", "geometry": {"type": "Point", "coordinates": [3.00905483, 44.71067727]}, "properties": {"route": "D13", "pr": "75", "abs": 74652, "label": "D13 PR75+74652"}}, {"type": "Feature", "geometry": {"type": "Point", "coordinates": [3.02946083, 44.7416718]}, "properties": {"route": "D13", "pr": "71", "abs": 70654, "label": "D13 PR71+70654"}}, {"type": "Feature", "geometry": {"type": "Point", "coordinates": [2.99603405, 44.84125333]}, "properties": {"route": "D921", "pr": "10", "abs": 9951, "label": "D921 PR10+9951"}}, {"type": "Feature", "geometry": {"type": "Point", "coordinates": [3.34110738, 44.96991255]}, "properties": {"route": "D4", "pr": "20", "abs": 19934, "label": "D4 PR20+19934"}}, {"type": "Feature", "geometry": {"type": "Point", "coordinates": [3.00867394, 44.9508928]}, "properties": {"route": "D921", "pr": "FS", "abs": null, "label": "D921 PRFS"}}, {"type": "Feature", "geometry": {"type": "Point", "coordinates": [3.00871073, 44.95102966]}, "properties": {"route": "D921", "pr": "FS", "abs": null, "label": "D921 PRFS"}}, {"type": "Feature", "geometry": {"type": "Point", "coordinates": [3.00875307, 44.85673069]}, "properties": {"route": "D13", "pr": "FS", "abs": null, "label": "D13 PRFS"}}, {"type": "Feature", "geometry": {"type": "Point", "coordinates": [2.99815589, 44.92845348]}, "properties": {"route": "D48", "pr": "FS", "abs": null, "label": "D48 PRFS"}}, {"type": "Feature", "geometry": {"type": "Point", "coordinates": [3.17873991, 44.88417813]}, "properties": {"route": "D448", "pr": "FS", "abs": null, "label": "D448 PRFS"}}, {"type": "Feature", "geometry": {"type": "Point", "coordinates": [3.07028344, 44.94426768]}, "properties": {"route": "D48", "pr": "FS", "abs": null, "label": "D48 PRFS"}}, {"type": "Feature", "geometry": {"type": "Point", "coordinates": [3.00861182, 44.95098825]}, "properties": {"route": "D921", "pr": "FS", "abs": null, "label": "D921 PRFS"}}, {"type": "Feature", "geometry": {"type": "Point", "coordinates": [3.17947271, 44.88363584]}, "properties": {"route": "D448", "pr": "FS", "abs": null, "label": "D448 PRFS"}}, {"type": "Feature", "geometry": {"type": "Point", "coordinates": [3.00861182, 44.95098825]}, "properties": {"route": "D921", "pr": "DS", "abs": null, "label": "D921 PRDS"}}, {"type": "Feature", "geometry": {"type": "Point", "coordinates": [3.00861182, 44.95098825]}, "properties": {"route": "D921", "pr": "FS", "abs": null, "label": "D921 PRFS"}}, {"type": "Feature", "geometry": {"type": "Point", "coordinates": [3.00861182, 44.95098825]}, "properties": {"route": "D921", "pr": "DS", "abs": null, "label": "D921 PRDS"}}, {"type": "Feature", "geometry": {"type": "Point", "coordinates": [3.00861182, 44.95098825]}, "properties": {"route": "D921", "pr": "FS", "abs": null, "label": "D921 PRFS"}}, {"type": "Feature", "geometry": {"type": "Point", "coordinates": [3.06935763, 44.33416914]}, "properties": {"route": "D888E2B1", "pr": "0", "abs": 0, "label": "D888E2B1 PR0"}}, {"type": "Feature", "geometry": {"type": "Point", "coordinates": [3.06446195, 44.33569247]}, "properties": {"route": "D888E2B1", "pr": "999", "abs": 368, "label": "D888E2B1 PR999+368"}}, {"type": "Feature", "geometry": {"type": "Point", "coordinates": [3.0769646, 44.3318543]}, "properties": {"route": "D888E1B4", "pr": "0", "abs": 0, "label": "D888E1B4 PR0"}}, {"type": "Feature", "geometry": {"type": "Point", "coordinates": [3.07862032, 44.33208357]}, "properties": {"route": "D888E1B4", "pr": "999", "abs": 176, "label": "D888E1B4 PR999+176"}}, {"type": "Feature", "geometry": {"type": "Point", "coordinates": [3.04346414, 44.33182763]}, "properties": {"route": "D888", "pr": "3", "abs": 3280, "label": "D888 PR3+3280"}}, {"type": "Feature", "geometry": {"type": "Point", "coordinates": [3.04400091, 44.33184992]}, "properties": {"route": "D888", "pr": "3", "abs": 3279, "label": "D888 PR3+3279"}}, {"type": "Feature", "geometry": {"type": "Point", "coordinates": [3.0716767, 44.33429908]}, "properties": {"route": "D888", "pr": "2", "abs": 930, "label": "D888 PR2+930"}}, {"type": "Feature", "geometry": {"type": "Point", "coordinates": [3.0084974, 44.34661816]}, "properties": {"route": "D888", "pr": "7", "abs": 6757, "label": "D888 PR7+6757"}}, {"type": "Feature", "geometry": {"type": "Point", "coordinates": [3.03762864, 44.33336003]}, "properties": {"route": "D888", "pr": "4", "abs": 3776, "label": "D888 PR4+3776"}}, {"type": "Feature", "geometry": {"type": "Point", "coordinates": [2.99670828, 44.34901915]}, "properties": {"route": "D888", "pr": "8", "abs": 7751, "label": "D888 PR8+7751"}}, {"type": "Feature", "geometry": {"type": "Point", "coordinates": [2.9855189, 44.34719904]}, "properties": {"route": "D888", "pr": "9", "abs": 8664, "label": "D888 PR9+8664"}}, {"type": "Feature", "geometry": {"type": "Point", "coordinates": [3.33824182, 44.97007346]}, "properties": {"route": "D48", "pr": "DS", "abs": null, "label": "D48 PRDS"}}, {"type": "Feature", "geometry": {"type": "Point", "coordinates": [3.01974218, 44.34362911]}, "properties": {"route": "D888", "pr": "6", "abs": 5774, "label": "D888 PR6+5774"}}, {"type": "Feature", "geometry": {"type": "Point", "coordinates": [3.0592973, 44.33452428]}, "properties": {"route": "D888", "pr": "3", "abs": 1923, "label": "D888 PR3+1923"}}, {"type": "Feature", "geometry": {"type": "Point", "coordinates": [3.02802154, 44.33736136]}, "properties": {"route": "D888", "pr": "5", "abs": 4779, "label": "D888 PR5+4779"}}, {"type": "Feature", "geometry": {"type": "Point", "coordinates": [3.0750272, 44.33387197]}, "properties": {"route": "D888E1B2", "pr": "999", "abs": 381, "label": "D888E1B2 PR999+381"}}, {"type": "Feature", "geometry": {"type": "Point", "coordinates": [3.07935094, 44.33171398]}, "properties": {"route": "D888E1B2", "pr": "0", "abs": 0, "label": "D888E1B2 PR0"}}, {"type": "Feature", "geometry": {"type": "Point", "coordinates": [3.07687177, 44.33183456]}, "properties": {"route": "D888E1B3", "pr": "999", "abs": 168, "label": "D888E1B3 PR999+168"}}, {"type": "Feature", "geometry": {"type": "Point", "coordinates": [3.0756713, 44.33347547]}, "properties": {"route": "D888E1B3", "pr": "0", "abs": 0, "label": "D888E1B3 PR0"}}, {"type": "Feature", "geometry": {"type": "Point", "coordinates": [3.06730348, 44.33216219]}, "properties": {"route": "D888E2B4", "pr": "0", "abs": 0, "label": "D888E2B4 PR0"}}, {"type": "Feature", "geometry": {"type": "Point", "coordinates": [3.07029568, 44.33412804]}, "properties": {"route": "D888E2B4", "pr": "999", "abs": 309, "label": "D888E2B4 PR999+309"}}, {"type": "Feature", "geometry": {"type": "Point", "coordinates": [3.06436141, 44.3355134]}, "properties": {"route": "D888E2B2", "pr": "0", "abs": 0, "label": "D888E2B2 PR0"}}, {"type": "Feature", "geometry": {"type": "Point", "coordinates": [3.06474593, 44.33396852]}, "properties": {"route": "D888E2B2", "pr": "999", "abs": 331, "label": "D888E2B2 PR999+331"}}, {"type": "Feature", "geometry": {"type": "Point", "coordinates": [3.06701135, 44.33222447]}, "properties": {"route": "D888E2B3", "pr": "999", "abs": 276, "label": "D888E2B3 PR999+276"}}, {"type": "Feature", "geometry": {"type": "Point", "coordinates": [3.06492263, 44.33384959]}, "properties": {"route": "D888E2B3", "pr": "0", "abs": 0, "label": "D888E2B3 PR0"}}, {"type": "Feature", "geometry": {"type": "Point", "coordinates": [3.0695847, 44.32912007]}, "properties": {"route": "D208", "pr": "0", "abs": 0, "label": "D208 PR0"}}, {"type": "Feature", "geometry": {"type": "Point", "coordinates": [3.05492837, 44.32858558]}, "properties": {"route": "D208", "pr": "1", "abs": 1332, "label": "D208 PR1+1332"}}, {"type": "Feature", "geometry": {"type": "Point", "coordinates": [3.07921207, 44.33195262]}, "properties": {"route": "D888E1B1", "pr": "0", "abs": 0, "label": "D888E1B1 PR0"}}, {"type": "Feature", "geometry": {"type": "Point", "coordinates": [3.07935094, 44.33171398]}, "properties": {"route": "D888E1B1", "pr": "999", "abs": 340, "label": "D888E1B1 PR999+340"}}, {"type": "Feature", "geometry": {"type": "Point", "coordinates": [3.04693019, 44.33152736]}, "properties": {"route": "D888", "pr": "DS", "abs": null, "label": "D888 PRDS"}}, {"type": "Feature", "geometry": {"type": "Point", "coordinates": [3.04693019, 44.33152736]}, "properties": {"route": "D888", "pr": "FS", "abs": null, "label": "D888 PRFS"}}, {"type": "Feature", "geometry": {"type": "Point", "coordinates": [3.08593414, 44.16415432]}, "properties": {"route": "D809", "pr": "FS", "abs": null, "label": "D809 PRFS"}}, {"type": "Feature", "geometry": {"type": "Point", "coordinates": [3.07942376, 44.33177874]}, "properties": {"route": "D888", "pr": "FS", "abs": null, "label": "D888 PRFS"}}, {"type": "Feature", "geometry": {"type": "Point", "coordinates": [3.03244554, 44.33368034]}, "properties": {"route": "D511", "pr": "FS", "abs": null, "label": "D511 PRFS"}}, {"type": "Feature", "geometry": {"type": "Point", "coordinates": [3.03212834, 44.33385416]}, "properties": {"route": "D511", "pr": "FS", "abs": null, "label": "D511 PRFS"}}, {"type": "Feature", "geometry": {"type": "Point", "coordinates": [3.06058682, 44.25498795]}, "properties": {"route": "D94", "pr": "FS", "abs": null, "label": "D94 PRFS"}}, {"type": "Feature", "geometry": {"type": "Point", "coordinates": [3.02892435, 44.83582334]}, "properties": {"route": "D13", "pr": "DS", "abs": null, "label": "D13 PRDS"}}, {"type": "Feature", "geometry": {"type": "Point", "coordinates": [3.1166634, 44.38516643]}, "properties": {"route": "D809", "pr": "FS", "abs": null, "label": "D809 PRFS"}}, {"type": "Feature", "geometry": {"type": "Point", "coordinates": [3.00618603, 44.62710388]}, "properties": {"route": "D987", "pr": "FS", "abs": null, "label": "D987 PRFS"}}, {"type": "Feature", "geometry": {"type": "Point", "coordinates": [3.0613342, 44.25587865]}, "properties": {"route": "D94", "pr": "FS", "abs": null, "label": "D94 PRFS"}}, {"type": "Feature", "geometry": {"type": "Point", "coordinates": [3.0668872, 44.33223535]}, "properties": {"route": "D809", "pr": "FS", "abs": null, "label": "D809 PRFS"}}, {"type": "Feature", "geometry": {"type": "Point", "coordinates": [3.06514854, 44.33399168]}, "properties": {"route": "D888E2B2", "pr": "FS", "abs": null, "label": "D888E2B2 PRFS"}}, {"type": "Feature", "geometry": {"type": "Point", "coordinates": [3.0440383, 44.33155016]}, "properties": {"route": "D208", "pr": "FS", "abs": null, "label": "D208 PRFS"}}, {"type": "Feature", "geometry": {"type": "Point", "coordinates": [3.07699756, 44.33303527]}, "properties": {"route": "D888E1B2", "pr": "FS", "abs": null, "label": "D888E1B2 PRFS"}}, {"type": "Feature", "geometry": {"type": "Point", "coordinates": [3.37064067, 44.1813313]}, "properties": {"route": "D584", "pr": "FS", "abs": null, "label": "D584 PRFS"}}, {"type": "Feature", "geometry": {"type": "Point", "coordinates": [3.06381307, 44.25062058]}, "properties": {"route": "D294", "pr": "FS", "abs": null, "label": "D294 PRFS"}}, {"type": "Feature", "geometry": {"type": "Point", "coordinates": [3.11813862, 44.43764814]}, "properties": {"route": "D518", "pr": "FS", "abs": null, "label": "D518 PRFS"}}, {"type": "Feature", "geometry": {"type": "Point", "coordinates": [3.03194263, 44.13342001]}, "properties": {"route": "D911", "pr": "FS", "abs": null, "label": "D911 PRFS"}}, {"type": "Feature", "geometry": {"type": "Point", "coordinates": [3.21323519, 44.16385021]}, "properties": {"route": "D110", "pr": "FS", "abs": null, "label": "D110 PRFS"}}, {"type": "Feature", "geometry": {"type": "Point", "coordinates": [3.08676446, 44.1633742]}, "properties": {"route": "D809", "pr": "FS", "abs": null, "label": "D809 PRFS"}}, {"type": "Feature", "geometry": {"type": "Point", "coordinates": [3.06924833, 44.33401438]}, "properties": {"route": "D888E2B4", "pr": "FS", "abs": null, "label": "D888E2B4 PRFS"}}, {"type": "Feature", "geometry": {"type": "Point", "coordinates": [3.11620604, 44.38495357]}, "properties": {"route": "D37", "pr": "FS", "abs": null, "label": "D37 PRFS"}}, {"type": "Feature", "geometry": {"type": "Point", "coordinates": [3.05951772, 44.20047478]}, "properties": {"route": "D153", "pr": "FS", "abs": null, "label": "D153 PRFS"}}, {"type": "Feature", "geometry": {"type": "Point", "coordinates": [3.05156395, 44.42381309]}, "properties": {"route": "D202", "pr": "FS", "abs": null, "label": "D202 PRFS"}}, {"type": "Feature", "geometry": {"type": "Point", "coordinates": [3.04409745, 44.33181928]}, "properties": {"route": "D888", "pr": "DS", "abs": null, "label": "D888 PRDS"}}, {"type": "Feature", "geometry": {"type": "Point", "coordinates": [3.08676446, 44.1633742]}, "properties": {"route": "D809", "pr": "FS", "abs": null, "label": "D809 PRFS"}}, {"type": "Feature", "geometry": {"type": "Point", "coordinates": [3.08676446, 44.1633742]}, "properties": {"route": "D809", "pr": "DS", "abs": null, "label": "D809 PRDS"}}, {"type": "Feature", "geometry": {"type": "Point", "coordinates": [3.04693019, 44.33152736]}, "properties": {"route": "D888", "pr": "DS", "abs": null, "label": "D888 PRDS"}}, {"type": "Feature", "geometry": {"type": "Point", "coordinates": [3.03212834, 44.33385416]}, "properties": {"route": "D511", "pr": "FS", "abs": null, "label": "D511 PRFS"}}, {"type": "Feature", "geometry": {"type": "Point", "coordinates": [3.03212834, 44.33385416]}, "properties": {"route": "D511", "pr": "DS", "abs": 0, "label": "D511 PRDS"}}, {"type": "Feature", "geometry": {"type": "Point", "coordinates": [3.06605635, 44.33383812]}, "properties": {"route": "D888E2B3", "pr": "DS", "abs": null, "label": "D888E2B3 PRDS"}}, {"type": "Feature", "geometry": {"type": "Point", "coordinates": [3.03131414, 44.13362811]}, "properties": {"route": "D911", "pr": "DS", "abs": null, "label": "D911 PRDS"}}, {"type": "Feature", "geometry": {"type": "Point", "coordinates": [3.09902549, 44.31332069]}, "properties": {"route": "D94", "pr": "DS", "abs": null, "label": "D94 PRDS"}}, {"type": "Feature", "geometry": {"type": "Point", "coordinates": [3.11621563, 44.38473302]}, "properties": {"route": "D809", "pr": "DS", "abs": null, "label": "D809 PRDS"}}, {"type": "Feature", "geometry": {"type": "Point", "coordinates": [3.07624527, 44.33316722]}, "properties": {"route": "D888E1B3", "pr": "DS", "abs": null, "label": "D888E1B3 PRDS"}}, {"type": "Feature", "geometry": {"type": "Point", "coordinates": [3.04403962, 44.33163837]}, "properties": {"route": "D888", "pr": "DS", "abs": null, "label": "D888 PRDS"}}, {"type": "Feature", "geometry": {"type": "Point", "coordinates": [3.03678474, 44.33356195]}, "properties": {"route": "D511A", "pr": "DS", "abs": null, "label": "D511A PRDS"}}, {"type": "Feature", "geometry": {"type": "Point", "coordinates": [3.08446335, 44.1159662]}, "properties": {"route": "D809", "pr": "DS", "abs": null, "label": "D809 PRDS"}}, {"type": "Feature", "geometry": {"type": "Point", "coordinates": [3.0789464, 44.33209864]}, "properties": {"route": "D888E1B1", "pr": "DS", "abs": null, "label": "D888E1B1 PRDS"}}, {"type": "Feature", "geometry": {"type": "Point", "coordinates": [3.11690286, 44.38502485]}, "properties": {"route": "D809", "pr": "DS", "abs": null, "label": "D809 PRDS"}}, {"type": "Feature", "geometry": {"type": "Point", "coordinates": [3.05161421, 44.42383017]}, "properties": {"route": "D202", "pr": "DS", "abs": null, "label": "D202 PRDS"}}, {"type": "Feature", "geometry": {"type": "Point", "coordinates": [2.98567301, 44.47193966]}, "properties": {"route": "D95", "pr": "DS", "abs": null, "label": "D95 PRDS"}}, {"type": "Feature", "geometry": {"type": "Point", "coordinates": [2.99573068, 44.22070604]}, "properties": {"route": "D36", "pr": "DS", "abs": null, "label": "D36 PRDS"}}, {"type": "Feature", "geometry": {"type": "Point", "coordinates": [2.98541558, 44.23686918]}, "properties": {"route": "D529", "pr": "DS", "abs": null, "label": "D529 PRDS"}}, {"type": "Feature", "geometry": {"type": "Point", "coordinates": [3.06820632, 44.33415726]}, "properties": {"route": "D888E2B1", "pr": "DS", "abs": null, "label": "D888E2B1 PRDS"}}, {"type": "Feature", "geometry": {"type": "Point", "coordinates": [3.0613342, 44.25587865]}, "properties": {"route": "D94", "pr": "DS", "abs": null, "label": "D94 PRDS"}}, {"type": "Feature", "geometry": {"type": "Point", "coordinates": [3.03163033, 44.13364422]}, "properties": {"route": "D168", "pr": "DS", "abs": null, "label": "D168 PRDS"}}, {"type": "Feature", "geometry": {"type": "Point", "coordinates": [3.06739339, 44.33184528]}, "properties": {"route": "D809", "pr": "DS", "abs": null, "label": "D809 PRDS"}}, {"type": "Feature", "geometry": {"type": "Point", "coordinates": [3.09554738, 44.43656731]}, "properties": {"route": "D45", "pr": "999", "abs": 22864, "label": "D45 PR999+22864"}}, {"type": "Feature", "geometry": {"type": "Point", "coordinates": [3.05174237, 44.42387422]}, "properties": {"route": "D45", "pr": "18", "abs": 18058, "label": "D45 PR18+18058"}}, {"type": "Feature", "geometry": {"type": "Point", "coordinates": [3.01560326, 44.4226187]}, "properties": {"route": "D45", "pr": "18", "abs": 18057, "label": "D45 PR18+18057"}}, {"type": "Feature", "geometry": {"type": "Point", "coordinates": [3.087934, 44.43605964]}, "properties": {"route": "D45", "pr": "24", "abs": 22234, "label": "D45 PR24+22234"}}, {"type": "Feature", "geometry": {"type": "Point", "coordinates": [3.05456494, 44.42783548]}, "properties": {"route": "D45", "pr": "20", "abs": 18608, "label": "D45 PR20+18608"}}, {"type": "Feature", "geometry": {"type": "Point", "coordinates": [3.00270071, 44.4246785]}, "properties": {"route": "D45", "pr": "17", "abs": 17003, "label": "D45 PR17+17003"}}, {"type": "Feature", "geometry": {"type": "Point", "coordinates": [3.07775261, 44.43638686]}, "properties": {"route": "D45", "pr": "23", "abs": 21336, "label": "D45 PR23+21336"}}, {"type": "Feature", "geometry": {"type": "Point", "coordinates": [2.99130421, 44.42145552]}, "properties": {"route": "D45", "pr": "16", "abs": 16008, "label": "D45 PR16+16008"}}, {"type": "Feature", "geometry": {"type": "Point", "coordinates": [3.05733988, 44.43523723]}, "properties": {"route": "D45", "pr": "21", "abs": 19513, "label": "D45 PR21+19513"}}, {"type": "Feature", "geometry": {"type": "Point", "coordinates": [3.06766222, 44.43412234]}, "properties": {"route": "D45", "pr": "22", "abs": 20440, "label": "D45 PR22+20440"}}, {"type": "Feature", "geometry": {"type": "Point", "coordinates": [3.01402689, 44.42274404]}, "properties": {"route": "D45", "pr": "18", "abs": 17931, "label": "D45 PR18+17931"}}, {"type": "Feature", "geometry": {"type": "Point", "coordinates": [3.00911567, 44.1819074]}, "properties": {"route": "D529", "pr": "999", "abs": 9212, "label": "D529 PR999+9212"}}, {"type": "Feature", "geometry": {"type": "Point", "coordinates": [2.98539928, 44.23694839]}, "properties": {"route": "D529", "pr": "0", "abs": 0, "label": "D529 PR0"}}, {"type": "Feature", "geometry": {"type": "Point", "coordinates": [3.0082856, 44.18497404]}, "properties": {"route": "D529", "pr": "9", "abs": 8868, "label": "D529 PR9+8868"}}, {"type": "Feature", "geometry": {"type": "Point", "coordinates": [2.98697499, 44.21205362]}, "properties": {"route": "D529", "pr": "4", "abs": 3889, "label": "D529 PR4+3889"}}, {"type": "Feature", "geometry": {"type": "Point", "coordinates": [2.99041096, 44.20755981]}, "properties": {"route": "D529", "pr": "5", "abs": 4899, "label": "D529 PR5+4899"}}, {"type": "Feature", "geometry": {"type": "Point", "coordinates": [3.00380746, 44.2019148]}, "properties": {"route": "D529", "pr": "7", "abs": 6859, "label": "D529 PR7+6859"}}, {"type": "Feature", "geometry": {"type": "Point", "coordinates": [2.98354782, 44.21887409]}, "properties": {"route": "D529", "pr": "3", "abs": 2892, "label": "D529 PR3+2892"}}, {"type": "Feature", "geometry": {"type": "Point", "coordinates": [2.99826687, 44.20828119]}, "properties": {"route": "D529", "pr": "6", "abs": 5883, "label": "D529 PR6+5883"}}, {"type": "Feature", "geometry": {"type": "Point", "coordinates": [3.00503538, 44.19315779]}, "properties": {"route": "D529", "pr": "8", "abs": 7871, "label": "D529 PR8+7871"}}, {"type": "Feature", "geometry": {"type": "Point", "coordinates": [3.05161421, 44.42383017]}, "properties": {"route": "D582", "pr": "13", "abs": 12618, "label": "D582 PR13+12618"}}, {"type": "Feature", "geometry": {"type": "Point", "coordinates": [3.0159794, 44.42016384]}, "properties": {"route": "D582", "pr": "13", "abs": 12617, "label": "D582 PR13+12617"}}, {"type": "Feature", "geometry": {"type": "Point", "coordinates": [3.0417255, 44.45043231]}, "properties": {"route": "D582", "pr": "999", "abs": 16516, "label": "D582 PR999+16516"}}, {"type": "Feature", "geometry": {"type": "Point", "coordinates": [3.00252586, 44.39103791]}, "properties": {"route": "D582", "pr": "8", "abs": 7563, "label": "D582 PR8+7563"}}, {"type": "Feature", "geometry": {"type": "Point", "coordinates": [2.98257504, 44.37892027]}, "properties": {"route": "D582", "pr": "5", "abs": 4490, "label": "D582 PR5+4490"}}, {"type": "Feature", "geometry": {"type": "Point", "coordinates": [3.05040068, 44.43217097]}, "properties": {"route": "D582", "pr": "14", "abs": 13648, "label": "D582 PR14+13648"}}, {"type": "Feature", "geometry": {"type": "Point", "coordinates": [2.99121597, 44.38301076]}, "properties": {"route": "D582", "pr": "6", "abs": 5537, "label": "D582 PR6+5537"}}, {"type": "Feature", "geometry": {"type": "Point", "coordinates": [3.01574949, 44.42000184]}, "properties": {"route": "D582", "pr": "13", "abs": 12593, "label": "D582 PR13+12593"}}, {"type": "Feature", "geometry": {"type": "Point", "coordinates": [2.99792871, 44.38774419]}, "properties": {"route": "D582", "pr": "7", "abs": 6558, "label": "D582 PR7+6558"}}, {"type": "Feature", "geometry": {"type": "Point", "coordinates": [3.00420625, 44.41690176]}, "properties": {"route": "D582", "pr": "12", "abs": 11588, "label": "D582 PR12+11588"}}, {"type": "Feature", "geometry": {"type": "Point", "coordinates": [3.0469036, 44.44488052]}, "properties": {"route": "D582", "pr": "16", "abs": 15566, "label": "D582 PR16+15566"}}, {"type": "Feature", "geometry": {"type": "Point", "coordinates": [3.00569782, 44.39923117]}, "properties": {"route": "D582", "pr": "9", "abs": 8573, "label": "D582 PR9+8573"}}, {"type": "Feature", "geometry": {"type": "Point", "coordinates": [3.04758254, 44.43786233]}, "properties": {"route": "D582", "pr": "15", "abs": 14607, "label": "D582 PR15+14607"}}, {"type": "Feature", "geometry": {"type": "Point", "coordinates": [3.00369869, 44.41468553]}, "properties": {"route": "D582", "pr": "11", "abs": 10590, "label": "D582 PR11+10590"}}, {"type": "Feature", "geometry": {"type": "Point", "coordinates": [3.00300874, 44.40625266]}, "properties": {"route": "D582", "pr": "10", "abs": 9581, "label": "D582 PR10+9581"}}, {"type": "Feature", "geometry": {"type": "Point", "coordinates": [3.19298969, 44.20310524]}, "properties": {"route": "D192", "pr": "999", "abs": 1422, "label": "D192 PR999+1422"}}, {"type": "Feature", "geometry": {"type": "Point", "coordinates": [3.1886245, 44.19870778]}, "properties": {"route": "D192", "pr": "0", "abs": 0, "label": "D192 PR0"}}, {"type": "Feature", "geometry": {"type": "Point", "coordinates": [3.19031915, 44.20485789]}, "properties": {"route": "D192", "pr": "1", "abs": 1017, "label": "D192 PR1+1017"}}, {"type": "Feature", "geometry": {"type": "Point", "coordinates": [3.21322604, 44.16374582]}, "properties": {"route": "D110", "pr": "999", "abs": 19162, "label": "D110 PR999+19162"}}, {"type": "Feature", "geometry": {"type": "Point", "coordinates": [3.10554715, 44.11805224]}, "properties": {"route": "D110", "pr": "5", "abs": 5012, "label": "D110 PR5+5012"}}, {"type": "Feature", "geometry": {"type": "Point", "coordinates": [3.12289553, 44.12246962]}, "properties": {"route": "D110", "pr": "8", "abs": 8054, "label": "D110 PR8+8054"}}, {"type": "Feature", "geometry": {"type": "Point", "coordinates": [3.14369357, 44.13110196]}, "properties": {"route": "D110", "pr": "10", "abs": 10042, "label": "D110 PR10+10042"}}, {"type": "Feature", "geometry": {"type": "Point", "coordinates": [3.18924279, 44.14732123]}, "properties": {"route": "D110", "pr": "15", "abs": 15006, "label": "D110 PR15+15006"}}, {"type": "Feature", "geometry": {"type": "Point", "coordinates": [3.16519671, 44.13288799]}, "properties": {"route": "D110", "pr": "12", "abs": 12034, "label": "D110 PR12+12034"}}, {"type": "Feature", "geometry": {"type": "Point", "coordinates": [3.10164948, 44.11616852]}, "properties": {"route": "D110", "pr": "4", "abs": 4001, "label": "D110 PR4+4001"}}, {"type": "Feature", "geometry": {"type": "Point", "coordinates": [3.13306868, 44.1267186]}, "properties": {"route": "D110", "pr": "9", "abs": 9041, "label": "D110 PR9+9041"}}, {"type": "Feature", "geometry": {"type": "Point", "coordinates": [3.11411185, 44.12003727]}, "properties": {"route": "D110", "pr": "7", "abs": 7056, "label": "D110 PR7+7056"}}, {"type": "Feature", "geometry": {"type": "Point", "coordinates": [3.16914359, 44.14097982]}, "properties": {"route": "D110", "pr": "13", "abs": 13019, "label": "D110 PR13+13019"}}, {"type": "Feature", "geometry": {"type": "Point", "coordinates": [3.20085136, 44.15323023]}, "properties": {"route": "D110", "pr": "17", "abs": 16994, "label": "D110 PR17+16994"}}, {"type": "Feature", "geometry": {"type": "Point", "coordinates": [3.17800252, 44.14649669]}, "properties": {"route": "D110", "pr": "14", "abs": 14014, "label": "D110 PR14+14014"}}, {"type": "Feature", "geometry": {"type": "Point", "coordinates": [3.21308022, 44.16320426]}, "properties": {"route": "D110", "pr": "19", "abs": 19086, "label": "D110 PR19+19086"}}, {"type": "Feature", "geometry": {"type": "Point", "coordinates": [3.15448881, 44.13180373]}, "properties": {"route": "D110", "pr": "11", "abs": 11036, "label": "D110 PR11+11036"}}, {"type": "Feature", "geometry": {"type": "Point", "coordinates": [3.10953194, 44.12157473]}, "properties": {"route": "D110", "pr": "6", "abs": 5992, "label": "D110 PR6+5992"}}, {"type": "Feature", "geometry": {"type": "Point", "coordinates": [3.20826798, 44.15649896]}, "properties": {"route": "D110", "pr": "18", "abs": 18048, "label": "D110 PR18+18048"}}, {"type": "Feature", "geometry": {"type": "Point", "coordinates": [3.19271183, 44.15181463]}, "properties": {"route": "D110", "pr": "16", "abs": 15975, "label": "D110 PR16+15975"}}, {"type": "Feature", "geometry": {"type": "Point", "coordinates": [3.13034152, 44.18807244]}, "properties": {"route": "D190", "pr": "0", "abs": 0, "label": "D190 PR0"}}, {"type": "Feature", "geometry": {"type": "Point", "coordinates": [3.12766188, 44.20023756]}, "properties": {"route": "D190", "pr": "999", "abs": 2333, "label": "D190 PR999+2333"}}, {"type": "Feature", "geometry": {"type": "Point", "coordinates": [3.12988881, 44.19304775]}, "properties": {"route": "D190", "pr": "1", "abs": 995, "label": "D190 PR1+995"}}, {"type": "Feature", "geometry": {"type": "Point", "coordinates": [3.12924735, 44.19758584]}, "properties": {"route": "D190", "pr": "2", "abs": 1967, "label": "D190 PR2+1967"}}, {"type": "Feature", "geometry": {"type": "Point", "coordinates": [3.06426385, 44.25058431]}, "properties": {"route": "D294", "pr": "999", "abs": 575, "label": "D294 PR999+575"}}, {"type": "Feature", "geometry": {"type": "Point", "coordinates": [3.06081996, 44.25517235]}, "properties": {"route": "D294", "pr": "0", "abs": 0, "label": "D294 PR0"}}, {"type": "Feature", "geometry": {"type": "Point", "coordinates": [2.98637232, 44.6219141]}, "properties": {"route": "D533", "pr": "999", "abs": 8000, "label": "D533 PR999+8000"}}, {"type": "Feature", "geometry": {"type": "Point", "coordinates": [2.98861746, 44.61505978]}, "properties": {"route": "D533", "pr": "7", "abs": 6969, "label": "D533 PR7+6969"}}, {"type": "Feature", "geometry": {"type": "Point", "coordinates": [2.98678962, 44.62166388]}, "properties": {"route": "D533", "pr": "8", "abs": 7956, "label": "D533 PR8+7956"}}, {"type": "Feature", "geometry": {"type": "Point", "coordinates": [3.10138819, 44.43994141]}, "properties": {"route": "D37", "pr": "0", "abs": 0, "label": "D37 PR0"}}, {"type": "Feature", "geometry": {"type": "Point", "coordinates": [3.11625234, 44.38488331]}, "properties": {"route": "D37", "pr": "999", "abs": 10869, "label": "D37 PR999+10869"}}, {"type": "Feature", "geometry": {"type": "Point", "coordinates": [3.10183352, 44.42627702]}, "properties": {"route": "D37", "pr": "3", "abs": 2977, "label": "D37 PR3+2977"}}, {"type": "Feature", "geometry": {"type": "Point", "coordinates": [3.09882054, 44.39641264]}, "properties": {"route": "D37", "pr": "9", "abs": 8893, "label": "D37 PR9+8893"}}, {"type": "Feature", "geometry": {"type": "Point", "coordinates": [3.10868807, 44.39139388]}, "properties": {"route": "D37", "pr": "10", "abs": 9871, "label": "D37 PR10+9871"}}, {"type": "Feature", "geometry": {"type": "Point", "coordinates": [3.11574094, 44.38524752]}, "properties": {"route": "D37", "pr": "11", "abs": 10816, "label": "D37 PR11+10816"}}, {"type": "Feature", "geometry": {"type": "Point", "coordinates": [3.10122546, 44.43185965]}, "properties": {"route": "D37", "pr": "1", "abs": 998, "label": "D37 PR1+998"}}, {"type": "Feature", "geometry": {"type": "Point", "coordinates": [3.07937023, 44.40459478]}, "properties": {"route": "D37", "pr": "7", "abs": 7050, "label": "D37 PR7+7050"}}, {"type": "Feature", "geometry": {"type": "Point", "coordinates": [3.08711844, 44.42126749]}, "properties": {"route": "D37", "pr": "5", "abs": 4948, "label": "D37 PR5+4948"}}, {"type": "Feature", "geometry": {"type": "Point", "coordinates": [3.09340424, 44.4268543]}, "properties": {"route": "D37", "pr": "4", "abs": 3960, "label": "D37 PR4+3960"}}, {"type": "Feature", "geometry": {"type": "Point", "coordinates": [3.08805662, 44.40021062]}, "properties": {"route": "D37", "pr": "8", "abs": 7930, "label": "D37 PR8+7930"}}, {"type": "Feature", "geometry": {"type": "Point", "coordinates": [3.08555447, 44.41202024]}, "properties": {"route": "D37", "pr": "6", "abs": 6049, "label": "D37 PR6+6049"}}, {"type": "Feature", "geometry": {"type": "Point", "coordinates": [3.10435465, 44.42898782]}, "properties": {"route": "D37", "pr": "2", "abs": 1973, "label": "D37 PR2+1973"}}, {"type": "Feature", "geometry": {"type": "Point", "coordinates": [2.98702438, 44.62581681]}, "properties": {"route": "D15", "pr": "999", "abs": 17836, "label": "D15 PR999+17836"}}, {"type": "Feature", "geometry": {"type": "Point", "coordinates": [3.0073671, 44.15309077]}, "properties": {"route": "D30", "pr": "0", "abs": 0, "label": "D30 PR0"}}, {"type": "Feature", "geometry": {"type": "Point", "coordinates": [2.98422301, 44.15370463]}, "properties": {"route": "D30", "pr": "2", "abs": 1992, "label": "D30 PR2+1992"}}, {"type": "Feature", "geometry": {"type": "Point", "coordinates": [2.99568331, 44.15228898]}, "properties": {"route": "D30", "pr": "1", "abs": 974, "label": "D30 PR1+974"}}, {"type": "Feature", "geometry": {"type": "Point", "coordinates": [3.15894968, 44.20361886]}, "properties": {"route": "D9", "pr": "0", "abs": 0, "label": "D9 PR0"}}, {"type": "Feature", "geometry": {"type": "Point", "coordinates": [3.15736827, 44.25020506]}, "properties": {"route": "D9", "pr": "999", "abs": 9261, "label": "D9 PR999+9261"}}, {"type": "Feature", "geometry": {"type": "Point", "coordinates": [3.14873305, 44.21695909]}, "properties": {"route": "D9", "pr": "2", "abs": 2049, "label": "D9 PR2+2049"}}, {"type": "Feature", "geometry": {"type": "Point", "coordinates": [3.14816144, 44.22045134]}, "properties": {"route": "D9", "pr": "3", "abs": 3052, "label": "D9 PR3+3052"}}, {"type": "Feature", "geometry": {"type": "Point", "coordinates": [3.15693016, 44.23487321]}, "properties": {"route": "D9", "pr": "7", "abs": 7081, "label": "D9 PR7+7081"}}, {"type": "Feature", "geometry": {"type": "Point", "coordinates": [3.1558767, 44.21186813]}, "properties": {"route": "D9", "pr": "1", "abs": 1050, "label": "D9 PR1+1050"}}, {"type": "Feature", "geometry": {"type": "Point", "coordinates": [3.15344838, 44.22880783]}, "properties": {"route": "D9", "pr": "6", "abs": 6078, "label": "D9 PR6+6078"}}, {"type": "Feature", "geometry": {"type": "Point", "coordinates": [3.15960077, 44.24028891]}, "properties": {"route": "D9", "pr": "8", "abs": 8086, "label": "D9 PR8+8086"}}, {"type": "Feature", "geometry": {"type": "Point", "coordinates": [3.1461132, 44.22801224]}, "properties": {"route": "D9", "pr": "5", "abs": 5076, "label": "D9 PR5+5076"}}, {"type": "Feature", "geometry": {"type": "Point", "coordinates": [3.15712831, 44.24902085]}, "properties": {"route": "D9", "pr": "9", "abs": 9128, "label": "D9 PR9+9128"}}, {"type": "Feature", "geometry": {"type": "Point", "coordinates": [3.14815038, 44.22340909]}, "properties": {"route": "D9", "pr": "4", "abs": 4040, "label": "D9 PR4+4040"}}, {"type": "Feature", "geometry": {"type": "Point", "coordinates": [3.0843036, 44.11607793]}, "properties": {"route": "D809", "pr": "43", "abs": 41278, "label": "D809 PR43+41278"}}, {"type": "Feature", "geometry": {"type": "Point", "coordinates": [3.08472861, 44.11623691]}, "properties": {"route": "D809", "pr": "43", "abs": 41277, "label": "D809 PR43+41277"}}, {"type": "Feature", "geometry": {"type": "Point", "coordinates": [3.06737216, 44.3319164]}, "properties": {"route": "D809", "pr": "11", "abs": 11142, "label": "D809 PR11+11142"}}, {"type": "Feature", "geometry": {"type": "Point", "coordinates": [3.06696369, 44.33222]}, "properties": {"route": "D809", "pr": "11", "abs": 11141, "label": "D809 PR11+11141"}}, {"type": "Feature", "geometry": {"type": "Point", "coordinates": [3.13869139, 44.39716721]}, "properties": {"route": "D809", "pr": "0", "abs": 0, "label": "D809 PR0"}}, {"type": "Feature", "geometry": {"type": "Point", "coordinates": [3.11658422, 44.3851206]}, "properties": {"route": "D809", "pr": "2", "abs": 2380, "label": "D809 PR2+2380"}}, {"type": "Feature", "geometry": {"type": "Point", "coordinates": [3.11644512, 44.38462566]}, "properties": {"route": "D809", "pr": "2", "abs": 2381, "label": "D809 PR2+2381"}}, {"type": "Feature", "geometry": {"type": "Point", "coordinates": [3.11653887, 44.36186396]}, "properties": {"route": "D809", "pr": "5", "abs": 5024, "label": "D809 PR5+5024"}}, {"type": "Feature", "geometry": {"type": "Point", "coordinates": [3.05938153, 44.25572221]}, "properties": {"route": "D809", "pr": "23", "abs": 21494, "label": "D809 PR23+21494"}}, {"type": "Feature", "geometry": {"type": "Point", "coordinates": [3.06572965, 44.27273803]}, "properties": {"route": "D809", "pr": "20", "abs": 19287, "label": "D809 PR20+19287"}}, {"type": "Feature", "geometry": {"type": "Point", "coordinates": [3.07322654, 44.3146731]}, "properties": {"route": "D809", "pr": "14", "abs": 13323, "label": "D809 PR14+13323"}}, {"type": "Feature", "geometry": {"type": "Point", "coordinates": [3.08542155, 44.11760444]}, "properties": {"route": "D809", "pr": "43", "abs": 41117, "label": "D809 PR43+41117"}}, {"type": "Feature", "geometry": {"type": "Point", "coordinates": [3.08171041, 44.1789989]}, "properties": {"route": "D809", "pr": "35", "abs": 33139, "label": "D809 PR35+33139"}}, {"type": "Feature", "geometry": {"type": "Point", "coordinates": [3.10316955, 44.34881241]}, "properties": {"route": "D809", "pr": "7", "abs": 7020, "label": "D809 PR7+7020"}}, {"type": "Feature", "geometry": {"type": "Point", "coordinates": [3.07653196, 44.21020863]}, "properties": {"route": "D809", "pr": "29", "abs": 27276, "label": "D809 PR29+27276"}}, {"type": "Feature", "geometry": {"type": "Point", "coordinates": [3.07041893, 44.34046502]}, "properties": {"route": "D809", "pr": "10", "abs": 9948, "label": "D809 PR10+9948"}}, {"type": "Feature", "geometry": {"type": "Point", "coordinates": [3.07423062, 44.29253809]}, "properties": {"route": "D809", "pr": "17", "abs": 16276, "label": "D809 PR17+16276"}}, {"type": "Feature", "geometry": {"type": "Point", "coordinates": [3.09793264, 44.14805913]}, "properties": {"route": "D809", "pr": "39", "abs": 37132, "label": "D809 PR39+37132"}}, {"type": "Feature", "geometry": {"type": "Point", "coordinates": [3.08806443, 44.16230118]}, "properties": {"route": "D809", "pr": "37", "abs": 35127, "label": "D809 PR37+35127"}}, {"type": "Feature", "geometry": {"type": "Point", "coordinates": [3.06932606, 44.32989166]}, "properties": {"route": "D809", "pr": "12", "abs": 11460, "label": "D809 PR12+11460"}}, {"type": "Feature", "geometry": {"type": "Point", "coordinates": [3.11327483, 44.37043602]}, "properties": {"route": "D809", "pr": "4", "abs": 4021, "label": "D809 PR4+4021"}}, {"type": "Feature", "geometry": {"type": "Point", "coordinates": [3.06404498, 44.23307104]}, "properties": {"route": "D809", "pr": "26", "abs": 24349, "label": "D809 PR26+24349"}}, {"type": "Feature", "geometry": {"type": "Point", "coordinates": [3.11465433, 44.37927333]}, "properties": {"route": "D809", "pr": "3", "abs": 3020, "label": "D809 PR3+3020"}}, {"type": "Feature", "geometry": {"type": "Point", "coordinates": [3.05715559, 44.24908775]}, "properties": {"route": "D809", "pr": "24", "abs": 22360, "label": "D809 PR24+22360"}}, {"type": "Feature", "geometry": {"type": "Point", "coordinates": [3.10744046, 44.35646776]}, "properties": {"route": "D809", "pr": "6", "abs": 6024, "label": "D809 PR6+6024"}}, {"type": "Feature", "geometry": {"type": "Point", "coordinates": [3.07027627, 44.22543256]}, "properties": {"route": "D809", "pr": "27", "abs": 25344, "label": "D809 PR27+25344"}}, {"type": "Feature", "geometry": {"type": "Point", "coordinates": [3.06609778, 44.33710293]}, "properties": {"route": "D809", "pr": "11", "abs": 10457, "label": "D809 PR11+10457"}}, {"type": "Feature", "geometry": {"type": "Point", "coordinates": [3.09827459, 44.13109988]}, "properties": {"route": "D809", "pr": "41", "abs": 39133, "label": "D809 PR41+39133"}}, {"type": "Feature", "geometry": {"type": "Point", "coordinates": [3.07167226, 44.30103614]}, "properties": {"route": "D809", "pr": "16", "abs": 15258, "label": "D809 PR16+15258"}}, {"type": "Feature", "geometry": {"type": "Point", "coordinates": [3.07612776, 44.18686512]}, "properties": {"route": "D809", "pr": "34", "abs": 32141, "label": "D809 PR34+32141"}}, {"type": "Feature", "geometry": {"type": "Point", "coordinates": [3.12692399, 44.39469331]}, "properties": {"route": "D809", "pr": "1", "abs": 1011, "label": "D809 PR1+1011"}}, {"type": "Feature", "geometry": {"type": "Point", "coordinates": [3.07943758, 44.20295092]}, "properties": {"route": "D809", "pr": "32", "abs": 30144, "label": "D809 PR32+30144"}}, {"type": "Feature", "geometry": {"type": "Point", "coordinates": [3.08351338, 44.20925214]}, "properties": {"route": "D809", "pr": "30", "abs": 28188, "label": "D809 PR30+28188"}}, {"type": "Feature", "geometry": {"type": "Point", "coordinates": [3.07624944, 44.21788574]}, "properties": {"route": "D809", "pr": "28", "abs": 26341, "label": "D809 PR28+26341"}}, {"type": "Feature", "geometry": {"type": "Point", "coordinates": [3.07852963, 44.34447151]}, "properties": {"route": "D809", "pr": "9", "abs": 9143, "label": "D809 PR9+9143"}}, {"type": "Feature", "geometry": {"type": "Point", "coordinates": [3.07357851, 44.3231162]}, "properties": {"route": "D809", "pr": "13", "abs": 12326, "label": "D809 PR13+12326"}}, {"type": "Feature", "geometry": {"type": "Point", "coordinates": [3.09430441, 44.1235591]}, "properties": {"route": "D809", "pr": "42", "abs": 40117, "label": "D809 PR42+40117"}}, {"type": "Feature", "geometry": {"type": "Point", "coordinates": [3.05770567, 44.24080106]}, "properties": {"route": "D809", "pr": "25", "abs": 23348, "label": "D809 PR25+23348"}}, {"type": "Feature", "geometry": {"type": "Point", "coordinates": [3.09001576, 44.34755834]}, "properties": {"route": "D809", "pr": "8", "abs": 8135, "label": "D809 PR8+8135"}}, {"type": "Feature", "geometry": {"type": "Point", "coordinates": [3.06333857, 44.26419279]}, "properties": {"route": "D809", "pr": "21", "abs": 20287, "label": "D809 PR21+20287"}}, {"type": "Feature", "geometry": {"type": "Point", "coordinates": [3.08680509, 44.20553401]}, "properties": {"route": "D809", "pr": "31", "abs": 29169, "label": "D809 PR31+29169"}}, {"type": "Feature", "geometry": {"type": "Point", "coordinates": [3.0762465, 44.28374516]}, "properties": {"route": "D809", "pr": "18", "abs": 17285, "label": "D809 PR18+17285"}}, {"type": "Feature", "geometry": {"type": "Point", "coordinates": [3.10051828, 44.13989232]}, "properties": {"route": "D809", "pr": "40", "abs": 38132, "label": "D809 PR40+38132"}}, {"type": "Feature", "geometry": {"type": "Point", "coordinates": [3.06675063, 44.30891003]}, "properties": {"route": "D809", "pr": "15", "abs": 14268, "label": "D809 PR15+14268"}}, {"type": "Feature", "geometry": {"type": "Point", "coordinates": [3.07523142, 44.19484049]}, "properties": {"route": "D809", "pr": "33", "abs": 31140, "label": "D809 PR33+31140"}}, {"type": "Feature", "geometry": {"type": "Point", "coordinates": [3.11913175, 44.38778508]}, "properties": {"route": "D809", "pr": "2", "abs": 2020, "label": "D809 PR2+2020"}}, {"type": "Feature", "geometry": {"type": "Point", "coordinates": [3.0577085, 44.25713088]}, "properties": {"route": "D809", "pr": "22", "abs": 21268, "label": "D809 PR22+21268"}}, {"type": "Feature", "geometry": {"type": "Point", "coordinates": [3.08478417, 44.17027841]}, "properties": {"route": "D809", "pr": "36", "abs": 34141, "label": "D809 PR36+34141"}}, {"type": "Feature", "geometry": {"type": "Point", "coordinates": [3.09780068, 44.15709232]}, "properties": {"route": "D809", "pr": "38", "abs": 36124, "label": "D809 PR38+36124"}}, {"type": "Feature", "geometry": {"type": "Point", "coordinates": [3.07024266, 44.2761719]}, "properties": {"route": "D809", "pr": "19", "abs": 18295, "label": "D809 PR19+18295"}}, {"type": "Feature", "geometry": {"type": "Point", "coordinates": [3.03648245, 44.33348734]}, "properties": {"route": "D511A", "pr": "0", "abs": 0, "label": "D511A PR0"}}, {"type": "Feature", "geometry": {"type": "Point", "coordinates": [3.03203503, 44.3351783]}, "properties": {"route": "D511A", "pr": "999", "abs": 425, "label": "D511A PR999+425"}}, {"type": "Feature", "geometry": {"type": "Point", "coordinates": [3.01631781, 44.5440181]}, "properties": {"route": "D503", "pr": "999", "abs": 14403, "label": "D503 PR999+14403"}}, {"type": "Feature", "geometry": {"type": "Point", "coordinates": [3.02211571, 44.543684]}, "properties": {"route": "D503", "pr": "14", "abs": 13802, "label": "D503 PR14+13802"}}, {"type": "Feature", "geometry": {"type": "Point", "coordinates": [3.01566171, 44.53849708]}, "properties": {"route": "D503", "pr": "13", "abs": 12893, "label": "D503 PR13+12893"}}, {"type": "Feature", "geometry": {"type": "Point", "coordinates": [3.01428969, 44.52333923]}, "properties": {"route": "D503", "pr": "11", "abs": 10867, "label": "D503 PR11+10867"}}, {"type": "Feature", "geometry": {"type": "Point", "coordinates": [3.01599957, 44.53151215]}, "properties": {"route": "D503", "pr": "12", "abs": 11912, "label": "D503 PR12+11912"}}, {"type": "Feature", "geometry": {"type": "Point", "coordinates": [2.9979055, 44.50631155]}, "properties": {"route": "D503", "pr": "8", "abs": 7894, "label": "D503 PR8+7894"}}, {"type": "Feature", "geometry": {"type": "Point", "coordinates": [3.01258401, 44.51486744]}, "properties": {"route": "D503", "pr": "10", "abs": 9881, "label": "D503 PR10+9881"}}, {"type": "Feature", "geometry": {"type": "Point", "coordinates": [2.98463421, 44.47326463]}, "properties": {"route": "D503", "pr": "2", "abs": 1989, "label": "D503 PR2+1989"}}, {"type": "Feature", "geometry": {"type": "Point", "coordinates": [3.00867243, 44.50669832]}, "properties": {"route": "D503", "pr": "9", "abs": 8885, "label": "D503 PR9+8885"}}, {"type": "Feature", "geometry": {"type": "Point", "coordinates": [2.98652782, 44.49338545]}, "properties": {"route": "D503", "pr": "5", "abs": 4934, "label": "D503 PR5+4934"}}, {"type": "Feature", "geometry": {"type": "Point", "coordinates": [2.99345995, 44.50561281]}, "properties": {"route": "D503", "pr": "7", "abs": 6912, "label": "D503 PR7+6912"}}, {"type": "Feature", "geometry": {"type": "Point", "coordinates": [2.99137887, 44.50028338]}, "properties": {"route": "D503", "pr": "6", "abs": 5928, "label": "D503 PR6+5928"}}, {"type": "Feature", "geometry": {"type": "Point", "coordinates": [2.98416433, 44.4855641]}, "properties": {"route": "D503", "pr": "4", "abs": 3944, "label": "D503 PR4+3944"}}, {"type": "Feature", "geometry": {"type": "Point", "coordinates": [2.98270665, 44.47814796]}, "properties": {"route": "D503", "pr": "3", "abs": 2964, "label": "D503 PR3+2964"}}, {"type": "Feature", "geometry": {"type": "Point", "coordinates": [2.98494969, 44.2610326]}, "properties": {"route": "D182", "pr": "999", "abs": 904, "label": "D182 PR999+904"}}, {"type": "Feature", "geometry": {"type": "Point", "coordinates": [3.01907371, 44.34391728]}, "properties": {"route": "D64", "pr": "999", "abs": 20107, "label": "D64 PR999+20107"}}, {"type": "Feature", "geometry": {"type": "Point", "coordinates": [2.98715025, 44.37775608]}, "properties": {"route": "D64", "pr": "15", "abs": 14721, "label": "D64 PR15+14721"}}, {"type": "Feature", "geometry": {"type": "Point", "coordinates": [3.01994196, 44.34815955]}, "properties": {"route": "D64", "pr": "20", "abs": 19575, "label": "D64 PR20+19575"}}, {"type": "Feature", "geometry": {"type": "Point", "coordinates": [2.9959537, 44.37561526]}, "properties": {"route": "D64", "pr": "16", "abs": 15578, "label": "D64 PR16+15578"}}, {"type": "Feature", "geometry": {"type": "Point", "coordinates": [3.01417418, 44.36387089]}, "properties": {"route": "D64", "pr": "18", "abs": 17557, "label": "D64 PR18+17557"}}, {"type": "Feature", "geometry": {"type": "Point", "coordinates": [3.01862888, 44.35678957]}, "properties": {"route": "D64", "pr": "19", "abs": 18566, "label": "D64 PR19+18566"}}, {"type": "Feature", "geometry": {"type": "Point", "coordinates": [3.00535352, 44.36974073]}, "properties": {"route": "D64", "pr": "17", "abs": 16589, "label": "D64 PR17+16589"}}, {"type": "Feature", "geometry": {"type": "Point", "coordinates": [3.02200752, 44.58583777]}, "properties": {"route": "D211", "pr": "999", "abs": 6131, "label": "D211 PR999+6131"}}, {"type": "Feature", "geometry": {"type": "Point", "coordinates": [3.00216424, 44.58648631]}, "properties": {"route": "D211", "pr": "4", "abs": 3969, "label": "D211 PR4+3969"}}, {"type": "Feature", "geometry": {"type": "Point", "coordinates": [2.98905109, 44.57584669]}, "properties": {"route": "D211", "pr": "2", "abs": 2012, "label": "D211 PR2+2012"}}, {"type": "Feature", "geometry": {"type": "Point", "coordinates": [3.01407091, 44.58463453]}, "properties": {"route": "D211", "pr": "5", "abs": 4967, "label": "D211 PR5+4967"}}, {"type": "Feature", "geometry": {"type": "Point", "coordinates": [2.99415008, 44.58321828]}, "properties": {"route": "D211", "pr": "3", "abs": 3028, "label": "D211 PR3+3028"}}, {"type": "Feature", "geometry": {"type": "Point", "coordinates": [3.06638884, 44.42282755]}, "properties": {"route": "D202E", "pr": "999", "abs": 102, "label": "D202E PR999+102"}}, {"type": "Feature", "geometry": {"type": "Point", "coordinates": [3.06533549, 44.42327918]}, "properties": {"route": "D202E", "pr": "0", "abs": 0, "label": "D202E PR0"}}, {"type": "Feature", "geometry": {"type": "Point", "coordinates": [3.07630165, 44.32101881]}, "properties": {"route": "D235", "pr": "0", "abs": 0, "label": "D235 PR0"}}, {"type": "Feature", "geometry": {"type": "Point", "coordinates": [3.15202251, 44.33258092]}, "properties": {"route": "D235", "pr": "999", "abs": 6639, "label": "D235 PR999+6639"}}, {"type": "Feature", "geometry": {"type": "Point", "coordinates": [3.14431462, 44.33104304]}, "properties": {"route": "D235", "pr": "6", "abs": 5958, "label": "D235 PR6+5958"}}, {"type": "Feature", "geometry": {"type": "Point", "coordinates": [3.1122139, 44.32520881]}, "properties": {"route": "D235", "pr": "3", "abs": 2978, "label": "D235 PR3+2978"}}, {"type": "Feature", "geometry": {"type": "Point", "coordinates": [3.13548313, 44.32566329]}, "properties": {"route": "D235", "pr": "5", "abs": 4961, "label": "D235 PR5+4961"}}, {"type": "Feature", "geometry": {"type": "Point", "coordinates": [3.08771263, 44.32406809]}, "properties": {"route": "D235", "pr": "1", "abs": 1000, "label": "D235 PR1+1000"}}, {"type": "Feature", "geometry": {"type": "Point", "coordinates": [3.12379102, 44.32382007]}, "properties": {"route": "D235", "pr": "4", "abs": 3953, "label": "D235 PR4+3953"}}, {"type": "Feature", "geometry": {"type": "Point", "coordinates": [3.10007747, 44.32476415]}, "properties": {"route": "D235", "pr": "2", "abs": 2000, "label": "D235 PR2+2000"}}, {"type": "Feature", "geometry": {"type": "Point", "coordinates": [3.18727225, 44.20978665]}, "properties": {"route": "D192E", "pr": "999", "abs": 480, "label": "D192E PR999+480"}}, {"type": "Feature", "geometry": {"type": "Point", "coordinates": [3.1893865, 44.20585321]}, "properties": {"route": "D192E", "pr": "0", "abs": 0, "label": "D192E PR0"}}, {"type": "Feature", "geometry": {"type": "Point", "coordinates": [3.00825577, 44.17769689]}, "properties": {"route": "D96", "pr": "22", "abs": 23167, "label": "D96 PR22+23167"}}, {"type": "Feature", "geometry": {"type": "Point", "coordinates": [2.99640191, 44.17565487]}, "properties": {"route": "D96", "pr": "22", "abs": 22174, "label": "D96 PR22+22174"}}, {"type": "Feature", "geometry": {"type": "Point", "coordinates": [2.98535998, 44.17572956]}, "properties": {"route": "D96", "pr": "21", "abs": 21194, "label": "D96 PR21+21194"}}, {"type": "Feature", "geometry": {"type": "Point", "coordinates": [3.06422297, 44.33508321]}, "properties": {"route": "D2", "pr": "21", "abs": 21281, "label": "D2 PR21+21281"}}, {"type": "Feature", "geometry": {"type": "Point", "coordinates": [3.05776127, 44.25729107]}, "properties": {"route": "D2", "pr": "21", "abs": 21282, "label": "D2 PR21+21282"}}, {"type": "Feature", "geometry": {"type": "Point", "coordinates": [3.01755908, 44.4147571]}, "properties": {"route": "D2", "pr": "9", "abs": 9010, "label": "D2 PR9+9010"}}, {"type": "Feature", "geometry": {"type": "Point", "coordinates": [3.05609321, 44.2562235]}, "properties": {"route": "D2", "pr": "24", "abs": 21482, "label": "D2 PR24+21482"}}, {"type": "Feature", "geometry": {"type": "Point", "coordinates": [3.0168686, 44.43255298]}, "properties": {"route": "D2", "pr": "7", "abs": 6932, "label": "D2 PR7+6932"}}, {"type": "Feature", "geometry": {"type": "Point", "coordinates": [3.04392651, 44.35235901]}, "properties": {"route": "D2", "pr": "18", "abs": 17865, "label": "D2 PR18+17865"}}, {"type": "Feature", "geometry": {"type": "Point", "coordinates": [3.05155048, 44.34836081]}, "properties": {"route": "D2", "pr": "19", "abs": 18865, "label": "D2 PR19+18865"}}, {"type": "Feature", "geometry": {"type": "Point", "coordinates": [3.0322894, 44.38541613]}, "properties": {"route": "D2", "pr": "13", "abs": 12925, "label": "D2 PR13+12925"}}, {"type": "Feature", "geometry": {"type": "Point", "coordinates": [3.03486824, 44.37197135]}, "properties": {"route": "D2", "pr": "15", "abs": 14911, "label": "D2 PR15+14911"}}, {"type": "Feature", "geometry": {"type": "Point", "coordinates": [3.0130199, 44.26073312]}, "properties": {"route": "D2", "pr": "31", "abs": 28441, "label": "D2 PR31+28441"}}, {"type": "Feature", "geometry": {"type": "Point", "coordinates": [3.02829719, 44.40210825]}, "properties": {"route": "D2", "pr": "11", "abs": 10915, "label": "D2 PR11+10915"}}, {"type": "Feature", "geometry": {"type": "Point", "coordinates": [3.03824056, 44.27560802]}, "properties": {"route": "D2", "pr": "27", "abs": 24378, "label": "D2 PR27+24378"}}, {"type": "Feature", "geometry": {"type": "Point", "coordinates": [2.98768368, 44.44695306]}, "properties": {"route": "D2", "pr": "3", "abs": 3000, "label": "D2 PR3+3000"}}, {"type": "Feature", "geometry": {"type": "Point", "coordinates": [3.02972172, 44.39374074]}, "properties": {"route": "D2", "pr": "12", "abs": 11925, "label": "D2 PR12+11925"}}, {"type": "Feature", "geometry": {"type": "Point", "coordinates": [3.02871679, 44.27383228]}, "properties": {"route": "D2", "pr": "28", "abs": 25452, "label": "D2 PR28+25452"}}, {"type": "Feature", "geometry": {"type": "Point", "coordinates": [3.0431505, 44.267434]}, "properties": {"route": "D2", "pr": "26", "abs": 23288, "label": "D2 PR26+23288"}}, {"type": "Feature", "geometry": {"type": "Point", "coordinates": [3.00321181, 44.44413429]}, "properties": {"route": "D2", "pr": "5", "abs": 5000, "label": "D2 PR5+5000"}}, {"type": "Feature", "geometry": {"type": "Point", "coordinates": [3.03364361, 44.37867887]}, "properties": {"route": "D2", "pr": "14", "abs": 13904, "label": "D2 PR14+13904"}}, {"type": "Feature", "geometry": {"type": "Point", "coordinates": [3.00209293, 44.2601488]}, "properties": {"route": "D2", "pr": "32", "abs": 29453, "label": "D2 PR32+29453"}}, {"type": "Feature", "geometry": {"type": "Point", "coordinates": [2.99080649, 44.26104315]}, "properties": {"route": "D2", "pr": "33", "abs": 30457, "label": "D2 PR33+30457"}}, {"type": "Feature", "geometry": {"type": "Point", "coordinates": [3.06042271, 44.34434432]}, "properties": {"route": "D2", "pr": "20", "abs": 19870, "label": "D2 PR20+19870"}}, {"type": "Feature", "geometry": {"type": "Point", "coordinates": [3.01568663, 44.42429124]}, "properties": {"route": "D2", "pr": "8", "abs": 7919, "label": "D2 PR8+7919"}}, {"type": "Feature", "geometry": {"type": "Point", "coordinates": [3.0388044, 44.35812735]}, "properties": {"route": "D2", "pr": "17", "abs": 16865, "label": "D2 PR17+16865"}}, {"type": "Feature", "geometry": {"type": "Point", "coordinates": [3.04892168, 44.26180314]}, "properties": {"route": "D2", "pr": "25", "abs": 22492, "label": "D2 PR25+22492"}}, {"type": "Feature", "geometry": {"type": "Point", "coordinates": [3.02399588, 44.40927829]}, "properties": {"route": "D2", "pr": "10", "abs": 9925, "label": "D2 PR10+9925"}}, {"type": "Feature", "geometry": {"type": "Point", "coordinates": [2.99434512, 44.4469482]}, "properties": {"route": "D2", "pr": "4", "abs": 4000, "label": "D2 PR4+4000"}}, {"type": "Feature", "geometry": {"type": "Point", "coordinates": [3.02587631, 44.26752223]}, "properties": {"route": "D2", "pr": "29", "abs": 26472, "label": "D2 PR29+26472"}}, {"type": "Feature", "geometry": {"type": "Point", "coordinates": [3.06160373, 44.3368778]}, "properties": {"route": "D2", "pr": "21", "abs": 20732, "label": "D2 PR21+20732"}}, {"type": "Feature", "geometry": {"type": "Point", "coordinates": [3.0182425, 44.26340483]}, "properties": {"route": "D2", "pr": "30", "abs": 27432, "label": "D2 PR30+27432"}}, {"type": "Feature", "geometry": {"type": "Point", "coordinates": [3.00796202, 44.43771928]}, "properties": {"route": "D2", "pr": "6", "abs": 5977, "label": "D2 PR6+5977"}}, {"type": "Feature", "geometry": {"type": "Point", "coordinates": [3.03233771, 44.36449987]}, "properties": {"route": "D2", "pr": "16", "abs": 15898, "label": "D2 PR16+15898"}}, {"type": "Feature", "geometry": {"type": "Point", "coordinates": [3.32950047, 44.14170969]}, "properties": {"route": "D29", "pr": "999", "abs": 61401, "label": "D29 PR999+61401"}}, {"type": "Feature", "geometry": {"type": "Point", "coordinates": [3.08585939, 44.16433169]}, "properties": {"route": "D29", "pr": "43", "abs": 42440, "label": "D29 PR43+42440"}}, {"type": "Feature", "geometry": {"type": "Point", "coordinates": [3.20953504, 44.19023692]}, "properties": {"route": "D29", "pr": "43", "abs": 42441, "label": "D29 PR43+42441"}}, {"type": "Feature", "geometry": {"type": "Point", "coordinates": [3.01644552, 44.20020706]}, "properties": {"route": "D29", "pr": "34", "abs": 34063, "label": "D29 PR34+34063"}}, {"type": "Feature", "geometry": {"type": "Point", "coordinates": [3.2099703, 44.16652253]}, "properties": {"route": "D29", "pr": "50", "abs": 48504, "label": "D29 PR50+48504"}}, {"type": "Feature", "geometry": {"type": "Point", "coordinates": [3.2049363, 44.18186221]}, "properties": {"route": "D29", "pr": "47", "abs": 45629, "label": "D29 PR47+45629"}}, {"type": "Feature", "geometry": {"type": "Point", "coordinates": [3.23188146, 44.16704366]}, "properties": {"route": "D29", "pr": "53", "abs": 51549, "label": "D29 PR53+51549"}}, {"type": "Feature", "geometry": {"type": "Point", "coordinates": [3.02429809, 44.19180419]}, "properties": {"route": "D29", "pr": "36", "abs": 35194, "label": "D29 PR36+35194"}}, {"type": "Feature", "geometry": {"type": "Point", "coordinates": [3.21033508, 44.18974484]}, "properties": {"route": "D29", "pr": "44", "abs": 42545, "label": "D29 PR44+42545"}}, {"type": "Feature", "geometry": {"type": "Point", "coordinates": [3.21769619, 44.16375234]}, "properties": {"route": "D29", "pr": "51", "abs": 49524, "label": "D29 PR51+49524"}}, {"type": "Feature", "geometry": {"type": "Point", "coordinates": [3.20571493, 44.18134771]}, "properties": {"route": "D29", "pr": "48", "abs": 46511, "label": "D29 PR48+46511"}}, {"type": "Feature", "geometry": {"type": "Point", "coordinates": [3.24169575, 44.16926907]}, "properties": {"route": "D29", "pr": "54", "abs": 52553, "label": "D29 PR54+52553"}}, {"type": "Feature", "geometry": {"type": "Point", "coordinates": [3.27288996, 44.16438679]}, "properties": {"route": "D29", "pr": "57", "abs": 55588, "label": "D29 PR57+55588"}}, {"type": "Feature", "geometry": {"type": "Point", "coordinates": [3.20810268, 44.17452689]}, "properties": {"route": "D29", "pr": "49", "abs": 47499, "label": "D29 PR49+47499"}}, {"type": "Feature", "geometry": {"type": "Point", "coordinates": [3.30519129, 44.15222626]}, "properties": {"route": "D29", "pr": "60", "abs": 58671, "label": "D29 PR60+58671"}}, {"type": "Feature", "geometry": {"type": "Point", "coordinates": [3.28508865, 44.16210107]}, "properties": {"route": "D29", "pr": "58", "abs": 56602, "label": "D29 PR58+56602"}}, {"type": "Feature", "geometry": {"type": "Point", "coordinates": [3.01808276, 44.19845793]}, "properties": {"route": "D29", "pr": "35", "abs": 34302, "label": "D29 PR35+34302"}}, {"type": "Feature", "geometry": {"type": "Point", "coordinates": [3.26067734, 44.16712122]}, "properties": {"route": "D29", "pr": "56", "abs": 54556, "label": "D29 PR56+54556"}}, {"type": "Feature", "geometry": {"type": "Point", "coordinates": [3.07727976, 44.17486445]}, "properties": {"route": "D29", "pr": "42", "abs": 40800, "label": "D29 PR42+40800"}}, {"type": "Feature", "geometry": {"type": "Point", "coordinates": [3.06715811, 44.17139141]}, "properties": {"route": "D29", "pr": "41", "abs": 39830, "label": "D29 PR41+39830"}}, {"type": "Feature", "geometry": {"type": "Point", "coordinates": [3.0826421, 44.16947088]}, "properties": {"route": "D29", "pr": "43", "abs": 41775, "label": "D29 PR43+41775"}}, {"type": "Feature", "geometry": {"type": "Point", "coordinates": [3.20513175, 44.18610934]}, "properties": {"route": "D29", "pr": "45", "abs": 43583, "label": "D29 PR45+43583"}}, {"type": "Feature", "geometry": {"type": "Point", "coordinates": [3.31442537, 44.14894191]}, "properties": {"route": "D29", "pr": "61", "abs": 59655, "label": "D29 PR61+59655"}}, {"type": "Feature", "geometry": {"type": "Point", "coordinates": [3.20892769, 44.18530291]}, "properties": {"route": "D29", "pr": "46", "abs": 44659, "label": "D29 PR46+44659"}}, {"type": "Feature", "geometry": {"type": "Point", "coordinates": [3.29679412, 44.15844811]}, "properties": {"route": "D29", "pr": "59", "abs": 57597, "label": "D29 PR59+57597"}}, {"type": "Feature", "geometry": {"type": "Point", "coordinates": [3.05734878, 44.17382538]}, "properties": {"route": "D29", "pr": "40", "abs": 38883, "label": "D29 PR40+38883"}}, {"type": "Feature", "geometry": {"type": "Point", "coordinates": [3.24960404, 44.16843409]}, "properties": {"route": "D29", "pr": "55", "abs": 53556, "label": "D29 PR55+53556"}}, {"type": "Feature", "geometry": {"type": "Point", "coordinates": [3.22355158, 44.1688008]}, "properties": {"route": "D29", "pr": "52", "abs": 50531, "label": "D29 PR52+50531"}}, {"type": "Feature", "geometry": {"type": "Point", "coordinates": [3.32216171, 44.14381425]}, "properties": {"route": "D29", "pr": "62", "abs": 60578, "label": "D29 PR62+60578"}}, {"type": "Feature", "geometry": {"type": "Point", "coordinates": [3.04552789, 44.17512614]}, "properties": {"route": "D29", "pr": "39", "abs": 37898, "label": "D29 PR39+37898"}}, {"type": "Feature", "geometry": {"type": "Point", "coordinates": [3.02740436, 44.18411675]}, "properties": {"route": "D29", "pr": "37", "abs": 36086, "label": "D29 PR37+36086"}}, {"type": "Feature", "geometry": {"type": "Point", "coordinates": [3.0352977, 44.17907765]}, "properties": {"route": "D29", "pr": "38", "abs": 36959, "label": "D29 PR38+36959"}}, {"type": "Feature", "geometry": {"type": "Point", "coordinates": [3.18331168, 44.20439006]}, "properties": {"route": "D640", "pr": "999", "abs": 2011, "label": "D640 PR999+2011"}}, {"type": "Feature", "geometry": {"type": "Point", "coordinates": [3.18933124, 44.19790729]}, "properties": {"route": "D640", "pr": "0", "abs": 0, "label": "D640 PR0"}}, {"type": "Feature", "geometry": {"type": "Point", "coordinates": [3.18534761, 44.20173587]}, "properties": {"route": "D640", "pr": "1", "abs": 1051, "label": "D640 PR1+1051"}}, {"type": "Feature", "geometry": {"type": "Point", "coordinates": [3.21391211, 44.11978443]}, "properties": {"route": "D991", "pr": "13", "abs": 12413, "label": "D991 PR13+12413"}}, {"type": "Feature", "geometry": {"type": "Point", "coordinates": [3.24334644, 44.11991655]}, "properties": {"route": "D991", "pr": "16", "abs": 15458, "label": "D991 PR16+15458"}}, {"type": "Feature", "geometry": {"type": "Point", "coordinates": [3.22420316, 44.1250733]}, "properties": {"route": "D991", "pr": "14", "abs": 13432, "label": "D991 PR14+13432"}}, {"type": "Feature", "geometry": {"type": "Point", "coordinates": [3.16968396, 44.11431481]}, "properties": {"route": "D991", "pr": "9", "abs": 8344, "label": "D991 PR9+8344"}}, {"type": "Feature", "geometry": {"type": "Point", "coordinates": [3.20284133, 44.12232293]}, "properties": {"route": "D991", "pr": "12", "abs": 11354, "label": "D991 PR12+11354"}}, {"type": "Feature", "geometry": {"type": "Point", "coordinates": [3.18046572, 44.11796529]}, "properties": {"route": "D991", "pr": "10", "abs": 9348, "label": "D991 PR10+9348"}}, {"type": "Feature", "geometry": {"type": "Point", "coordinates": [3.23311073, 44.11980469]}, "properties": {"route": "D991", "pr": "15", "abs": 14475, "label": "D991 PR15+14475"}}, {"type": "Feature", "geometry": {"type": "Point", "coordinates": [3.19127503, 44.12085413]}, "properties": {"route": "D991", "pr": "11", "abs": 10348, "label": "D991 PR11+10348"}}, {"type": "Feature", "geometry": {"type": "Point", "coordinates": [3.02429621, 44.47116284]}, "properties": {"route": "D509E", "pr": "999", "abs": 821, "label": "D509E PR999+821"}}, {"type": "Feature", "geometry": {"type": "Point", "coordinates": [3.02913742, 44.47081509]}, "properties": {"route": "D509E", "pr": "0", "abs": 0, "label": "D509E PR0"}}, {"type": "Feature", "geometry": {"type": "Point", "coordinates": [3.12895408, 44.41287546]}, "properties": {"route": "D202", "pr": "999", "abs": 11248, "label": "D202 PR999+11248"}}, {"type": "Feature", "geometry": {"type": "Point", "coordinates": [3.08776413, 44.41726116]}, "properties": {"route": "D202", "pr": "6", "abs": 6668, "label": "D202 PR6+6668"}}, {"type": "Feature", "geometry": {"type": "Point", "coordinates": [3.08847672, 44.41755405]}, "properties": {"route": "D202", "pr": "6", "abs": 6669, "label": "D202 PR6+6669"}}, {"type": "Feature", "geometry": {"type": "Point", "coordinates": [3.01560326, 44.4226187]}, "properties": {"route": "D202", "pr": "0", "abs": 0, "label": "D202 PR0"}}, {"type": "Feature", "geometry": {"type": "Point", "coordinates": [3.02846488, 44.42095529]}, "properties": {"route": "D202", "pr": "1", "abs": 1063, "label": "D202 PR1+1063"}}, {"type": "Feature", "geometry": {"type": "Point", "coordinates": [3.05189896, 44.42340695]}, "properties": {"route": "D202", "pr": "3", "abs": 3076, "label": "D202 PR3+3076"}}, {"type": "Feature", "geometry": {"type": "Point", "coordinates": [3.06352682, 44.42339546]}, "properties": {"route": "D202", "pr": "4", "abs": 4054, "label": "D202 PR4+4054"}}, {"type": "Feature", "geometry": {"type": "Point", "coordinates": [3.04048299, 44.42286802]}, "properties": {"route": "D202", "pr": "2", "abs": 2061, "label": "D202 PR2+2061"}}, {"type": "Feature", "geometry": {"type": "Point", "coordinates": [3.12808371, 44.41174585]}, "properties": {"route": "D202", "pr": "11", "abs": 11079, "label": "D202 PR11+11079"}}, {"type": "Feature", "geometry": {"type": "Point", "coordinates": [3.11059048, 44.41220049]}, "properties": {"route": "D202", "pr": "9", "abs": 9073, "label": "D202 PR9+9073"}}, {"type": "Feature", "geometry": {"type": "Point", "coordinates": [3.08177763, 44.41518364]}, "properties": {"route": "D202", "pr": "6", "abs": 6053, "label": "D202 PR6+6053"}}, {"type": "Feature", "geometry": {"type": "Point", "coordinates": [3.11724346, 44.41008448]}, "properties": {"route": "D202", "pr": "10", "abs": 10076, "label": "D202 PR10+10076"}}, {"type": "Feature", "geometry": {"type": "Point", "coordinates": [3.07341696, 44.42008653]}, "properties": {"route": "D202", "pr": "5", "abs": 5051, "label": "D202 PR5+5051"}}, {"type": "Feature", "geometry": {"type": "Point", "coordinates": [3.09345302, 44.41759855]}, "properties": {"route": "D202", "pr": "7", "abs": 7062, "label": "D202 PR7+7062"}}, {"type": "Feature", "geometry": {"type": "Point", "coordinates": [3.10401623, 44.41778893]}, "properties": {"route": "D202", "pr": "8", "abs": 8081, "label": "D202 PR8+8081"}}, {"type": "Feature", "geometry": {"type": "Point", "coordinates": [3.27700486, 44.15665472]}, "properties": {"route": "D203", "pr": "999", "abs": 1665, "label": "D203 PR999+1665"}}, {"type": "Feature", "geometry": {"type": "Point", "coordinates": [3.25884654, 44.15281437]}, "properties": {"route": "D203", "pr": "0", "abs": 0, "label": "D203 PR0"}}, {"type": "Feature", "geometry": {"type": "Point", "coordinates": [3.26973376, 44.15433536]}, "properties": {"route": "D203", "pr": "1", "abs": 961, "label": "D203 PR1+961"}}, {"type": "Feature", "geometry": {"type": "Point", "coordinates": [3.03707438, 44.51367544]}, "properties": {"route": "D95", "pr": "999", "abs": 55706, "label": "D95 PR999+55706"}}, {"type": "Feature", "geometry": {"type": "Point", "coordinates": [2.98559129, 44.47193515]}, "properties": {"route": "D95", "pr": "47", "abs": 46967, "label": "D95 PR47+46967"}}, {"type": "Feature", "geometry": {"type": "Point", "coordinates": [3.02112448, 44.48832596]}, "properties": {"route": "D95", "pr": "53", "abs": 52250, "label": "D95 PR53+52250"}}, {"type": "Feature", "geometry": {"type": "Point", "coordinates": [3.00646181, 44.48145829]}, "properties": {"route": "D95", "pr": "51", "abs": 50288, "label": "D95 PR51+50288"}}, {"type": "Feature", "geometry": {"type": "Point", "coordinates": [3.02728871, 44.4954804]}, "properties": {"route": "D95", "pr": "54", "abs": 53256, "label": "D95 PR54+53256"}}, {"type": "Feature", "geometry": {"type": "Point", "coordinates": [3.01573831, 44.48364667]}, "properties": {"route": "D95", "pr": "52", "abs": 51263, "label": "D95 PR52+51263"}}, {"type": "Feature", "geometry": {"type": "Point", "coordinates": [2.98541978, 44.47403261]}, "properties": {"route": "D95", "pr": "48", "abs": 47296, "label": "D95 PR48+47296"}}, {"type": "Feature", "geometry": {"type": "Point", "coordinates": [3.03315378, 44.50032645]}, "properties": {"route": "D95", "pr": "55", "abs": 53987, "label": "D95 PR55+53987"}}, {"type": "Feature", "geometry": {"type": "Point", "coordinates": [3.03919918, 44.50799432]}, "properties": {"route": "D95", "pr": "56", "abs": 54986, "label": "D95 PR56+54986"}}, {"type": "Feature", "geometry": {"type": "Point", "coordinates": [2.99639116, 44.48277993]}, "properties": {"route": "D95", "pr": "50", "abs": 49317, "label": "D95 PR50+49317"}}, {"type": "Feature", "geometry": {"type": "Point", "coordinates": [2.98885239, 44.47866637]}, "properties": {"route": "D95", "pr": "49", "abs": 48285, "label": "D95 PR49+48285"}}, {"type": "Feature", "geometry": {"type": "Point", "coordinates": [3.11331489, 44.44817018]}, "properties": {"route": "D509", "pr": "999", "abs": 18362, "label": "D509 PR999+18362"}}, {"type": "Feature", "geometry": {"type": "Point", "coordinates": [2.98266296, 44.46890194]}, "properties": {"route": "D509", "pr": "1", "abs": 906, "label": "D509 PR1+906"}}, {"type": "Feature", "geometry": {"type": "Point", "coordinates": [3.05225679, 44.47219287]}, "properties": {"route": "D509", "pr": "9", "abs": 8903, "label": "D509 PR9+8903"}}, {"type": "Feature", "geometry": {"type": "Point", "coordinates": [3.02011814, 44.47338449]}, "properties": {"route": "D509", "pr": "5", "abs": 4858, "label": "D509 PR5+4858"}}, {"type": "Feature", "geometry": {"type": "Point", "coordinates": [3.09480323, 44.4588523]}, "properties": {"route": "D509", "pr": "15", "abs": 14888, "label": "D509 PR15+14888"}}, {"type": "Feature", "geometry": {"type": "Point", "coordinates": [3.01018914, 44.47659149]}, "properties": {"route": "D509", "pr": "4", "abs": 3908, "label": "D509 PR4+3908"}}, {"type": "Feature", "geometry": {"type": "Point", "coordinates": [3.08449663, 44.46390991]}, "properties": {"route": "D509", "pr": "13", "abs": 12893, "label": "D509 PR13+12893"}}, {"type": "Feature", "geometry": {"type": "Point", "coordinates": [3.07931555, 44.47042403]}, "properties": {"route": "D509", "pr": "12", "abs": 11903, "label": "D509 PR12+11903"}}, {"type": "Feature", "geometry": {"type": "Point", "coordinates": [3.04316695, 44.47183132]}, "properties": {"route": "D509", "pr": "8", "abs": 7893, "label": "D509 PR8+7893"}}, {"type": "Feature", "geometry": {"type": "Point", "coordinates": [3.0345839, 44.47150487]}, "properties": {"route": "D509", "pr": "7", "abs": 6893, "label": "D509 PR7+6893"}}, {"type": "Feature", "geometry": {"type": "Point", "coordinates": [3.0969239, 44.45167407]}, "properties": {"route": "D509", "pr": "16", "abs": 15888, "label": "D509 PR16+15888"}}, {"type": "Feature", "geometry": {"type": "Point", "coordinates": [3.10383358, 44.4476187]}, "properties": {"route": "D509", "pr": "17", "abs": 16903, "label": "D509 PR17+16903"}}, {"type": "Feature", "geometry": {"type": "Point", "coordinates": [3.0723835, 44.47136051]}, "properties": {"route": "D509", "pr": "11", "abs": 10903, "label": "D509 PR11+10903"}}, {"type": "Feature", "geometry": {"type": "Point", "coordinates": [3.02545927, 44.46874463]}, "properties": {"route": "D509", "pr": "6", "abs": 5903, "label": "D509 PR6+5903"}}, {"type": "Feature", "geometry": {"type": "Point", "coordinates": [2.98999599, 44.4748217]}, "properties": {"route": "D509", "pr": "2", "abs": 1896, "label": "D509 PR2+1896"}}, {"type": "Feature", "geometry": {"type": "Point", "coordinates": [3.0921482, 44.46551875]}, "properties": {"route": "D509", "pr": "14", "abs": 13888, "label": "D509 PR14+13888"}}, {"type": "Feature", "geometry": {"type": "Point", "coordinates": [2.99918146, 44.47950683]}, "properties": {"route": "D509", "pr": "3", "abs": 2908, "label": "D509 PR3+2908"}}, {"type": "Feature", "geometry": {"type": "Point", "coordinates": [3.11176483, 44.45168883]}, "properties": {"route": "D509", "pr": "18", "abs": 17918, "label": "D509 PR18+17918"}}, {"type": "Feature", "geometry": {"type": "Point", "coordinates": [3.06193898, 44.4714938]}, "properties": {"route": "D509", "pr": "10", "abs": 9903, "label": "D509 PR10+9903"}}, {"type": "Feature", "geometry": {"type": "Point", "coordinates": [3.02268771, 44.45094018]}, "properties": {"route": "D553", "pr": "3", "abs": 3743, "label": "D553 PR3+3743"}}, {"type": "Feature", "geometry": {"type": "Point", "coordinates": [3.06869393, 44.45191133]}, "properties": {"route": "D553", "pr": "3", "abs": 3744, "label": "D553 PR3+3744"}}, {"type": "Feature", "geometry": {"type": "Point", "coordinates": [3.0768392, 44.45119209]}, "properties": {"route": "D553", "pr": "999", "abs": 4520, "label": "D553 PR999+4520"}}, {"type": "Feature", "geometry": {"type": "Point", "coordinates": [3.00673089, 44.43918127]}, "properties": {"route": "D553", "pr": "0", "abs": 0, "label": "D553 PR0"}}, {"type": "Feature", "geometry": {"type": "Point", "coordinates": [3.07046465, 44.4518796]}, "properties": {"route": "D553", "pr": "4", "abs": 3944, "label": "D553 PR4+3944"}}, {"type": "Feature", "geometry": {"type": "Point", "coordinates": [3.02334517, 44.44533182]}, "properties": {"route": "D553", "pr": "3", "abs": 2937, "label": "D553 PR3+2937"}}, {"type": "Feature", "geometry": {"type": "Point", "coordinates": [3.01202106, 44.44125036]}, "properties": {"route": "D553", "pr": "1", "abs": 1036, "label": "D553 PR1+1036"}}, {"type": "Feature", "geometry": {"type": "Point", "coordinates": [3.01493573, 44.43961886]}, "properties": {"route": "D553", "pr": "2", "abs": 1951, "label": "D553 PR2+1951"}}, {"type": "Feature", "geometry": {"type": "Point", "coordinates": [2.98547943, 44.23686919]}, "properties": {"route": "D28", "pr": "999", "abs": 41591, "label": "D28 PR999+41591"}}, {"type": "Feature", "geometry": {"type": "Point", "coordinates": [2.98538212, 44.24038319]}, "properties": {"route": "D28", "pr": "42", "abs": 41188, "label": "D28 PR42+41188"}}, {"type": "Feature", "geometry": {"type": "Point", "coordinates": [2.98516725, 44.2481313]}, "properties": {"route": "D28", "pr": "41", "abs": 40240, "label": "D28 PR41+40240"}}, {"type": "Feature", "geometry": {"type": "Point", "coordinates": [3.00650233, 44.62607036]}, "properties": {"route": "D219", "pr": "999", "abs": 12003, "label": "D219 PR999+12003"}}, {"type": "Feature", "geometry": {"type": "Point", "coordinates": [3.02016161, 44.59176356]}, "properties": {"route": "D219", "pr": "7", "abs": 6935, "label": "D219 PR7+6935"}}, {"type": "Feature", "geometry": {"type": "Point", "coordinates": [3.02218122, 44.58547583]}, "properties": {"route": "D219", "pr": "6", "abs": 5934, "label": "D219 PR6+5934"}}, {"type": "Feature", "geometry": {"type": "Point", "coordinates": [2.98326747, 44.55867387]}, "properties": {"route": "D219", "pr": "1", "abs": 952, "label": "D219 PR1+952"}}, {"type": "Feature", "geometry": {"type": "Point", "coordinates": [3.01514283, 44.57961191]}, "properties": {"route": "D219", "pr": "5", "abs": 4940, "label": "D219 PR5+4940"}}, {"type": "Feature", "geometry": {"type": "Point", "coordinates": [2.99620039, 44.57090033]}, "properties": {"route": "D219", "pr": "3", "abs": 2937, "label": "D219 PR3+2937"}}, {"type": "Feature", "geometry": {"type": "Point", "coordinates": [3.0252887, 44.5989393]}, "properties": {"route": "D219", "pr": "8", "abs": 8045, "label": "D219 PR8+8045"}}, {"type": "Feature", "geometry": {"type": "Point", "coordinates": [3.01822912, 44.6117054]}, "properties": {"route": "D219", "pr": "10", "abs": 10042, "label": "D219 PR10+10042"}}, {"type": "Feature", "geometry": {"type": "Point", "coordinates": [3.02728349, 44.60712304]}, "properties": {"route": "D219", "pr": "9", "abs": 9042, "label": "D219 PR9+9042"}}, {"type": "Feature", "geometry": {"type": "Point", "coordinates": [2.99052549, 44.56370166]}, "properties": {"route": "D219", "pr": "2", "abs": 1941, "label": "D219 PR2+1941"}}, {"type": "Feature", "geometry": {"type": "Point", "coordinates": [3.01405211, 44.62043402]}, "properties": {"route": "D219", "pr": "11", "abs": 11129, "label": "D219 PR11+11129"}}, {"type": "Feature", "geometry": {"type": "Point", "coordinates": [3.00439326, 44.57700486]}, "properties": {"route": "D219", "pr": "4", "abs": 3938, "label": "D219 PR4+3938"}}, {"type": "Feature", "geometry": {"type": "Point", "coordinates": [3.28812237, 44.16118676]}, "properties": {"route": "D41", "pr": "999", "abs": 35158, "label": "D41 PR999+35158"}}, {"type": "Feature", "geometry": {"type": "Point", "coordinates": [3.22750042, 44.125008]}, "properties": {"route": "D41", "pr": "38", "abs": 24814, "label": "D41 PR38+24814"}}, {"type": "Feature", "geometry": {"type": "Point", "coordinates": [3.27033488, 44.14981912]}, "properties": {"route": "D41", "pr": "47", "abs": 33164, "label": "D41 PR47+33164"}}, {"type": "Feature", "geometry": {"type": "Point", "coordinates": [3.25644838, 44.13693381]}, "properties": {"route": "D41", "pr": "45", "abs": 31171, "label": "D41 PR45+31171"}}, {"type": "Feature", "geometry": {"type": "Point", "coordinates": [3.24460174, 44.12447884]}, "properties": {"route": "D41", "pr": "41", "abs": 27227, "label": "D41 PR41+27227"}}, {"type": "Feature", "geometry": {"type": "Point", "coordinates": [3.24110044, 44.12061276]}, "properties": {"route": "D41", "pr": "40", "abs": 26249, "label": "D41 PR40+26249"}}, {"type": "Feature", "geometry": {"type": "Point", "coordinates": [3.25098244, 44.1226418]}, "properties": {"route": "D41", "pr": "43", "abs": 29195, "label": "D41 PR43+29195"}}, {"type": "Feature", "geometry": {"type": "Point", "coordinates": [3.27749349, 44.15686951]}, "properties": {"route": "D41", "pr": "48", "abs": 34162, "label": "D41 PR48+34162"}}, {"type": "Feature", "geometry": {"type": "Point", "coordinates": [3.26652064, 44.14150102]}, "properties": {"route": "D41", "pr": "46", "abs": 32172, "label": "D41 PR46+32172"}}, {"type": "Feature", "geometry": {"type": "Point", "coordinates": [3.25124161, 44.11851805]}, "properties": {"route": "D41", "pr": "42", "abs": 28182, "label": "D41 PR42+28182"}}, {"type": "Feature", "geometry": {"type": "Point", "coordinates": [3.2488088, 44.13046017]}, "properties": {"route": "D41", "pr": "44", "abs": 30179, "label": "D41 PR44+30179"}}, {"type": "Feature", "geometry": {"type": "Point", "coordinates": [3.23077602, 44.12237839]}, "properties": {"route": "D41", "pr": "39", "abs": 25234, "label": "D41 PR39+25234"}}, {"type": "Feature", "geometry": {"type": "Point", "coordinates": [3.09876239, 44.31341814]}, "properties": {"route": "D94", "pr": "0", "abs": 0, "label": "D94 PR0"}}, {"type": "Feature", "geometry": {"type": "Point", "coordinates": [3.06052053, 44.255069]}, "properties": {"route": "D94", "pr": "10", "abs": 10803, "label": "D94 PR10+10803"}}, {"type": "Feature", "geometry": {"type": "Point", "coordinates": [3.0613342, 44.25587865]}, "properties": {"route": "D94", "pr": "10", "abs": 10804, "label": "D94 PR10+10804"}}, {"type": "Feature", "geometry": {"type": "Point", "coordinates": [3.15911352, 44.20537831]}, "properties": {"route": "D94", "pr": "999", "abs": 23989, "label": "D94 PR999+23989"}}, {"type": "Feature", "geometry": {"type": "Point", "coordinates": [3.09991447, 44.23585079]}, "properties": {"route": "D94", "pr": "18", "abs": 17627, "label": "D94 PR18+17627"}}, {"type": "Feature", "geometry": {"type": "Point", "coordinates": [3.11012548, 44.27197161]}, "properties": {"route": "D94", "pr": "6", "abs": 5734, "label": "D94 PR6+5734"}}, {"type": "Feature", "geometry": {"type": "Point", "coordinates": [3.08480588, 44.2426602]}, "properties": {"route": "D94", "pr": "16", "abs": 15750, "label": "D94 PR16+15750"}}, {"type": "Feature", "geometry": {"type": "Point", "coordinates": [3.15700702, 44.20834265]}, "properties": {"route": "D94", "pr": "24", "abs": 23611, "label": "D94 PR24+23611"}}, {"type": "Feature", "geometry": {"type": "Point", "coordinates": [3.06885791, 44.25421889]}, "properties": {"route": "D94", "pr": "12", "abs": 11702, "label": "D94 PR12+11702"}}, {"type": "Feature", "geometry": {"type": "Point", "coordinates": [3.12071252, 44.23013044]}, "properties": {"route": "D94", "pr": "20", "abs": 19591, "label": "D94 PR20+19591"}}, {"type": "Feature", "geometry": {"type": "Point", "coordinates": [3.11128936, 44.23304503]}, "properties": {"route": "D94", "pr": "19", "abs": 18619, "label": "D94 PR19+18619"}}, {"type": "Feature", "geometry": {"type": "Point", "coordinates": [3.12984855, 44.2246951]}, "properties": {"route": "D94", "pr": "21", "abs": 20580, "label": "D94 PR21+20580"}}, {"type": "Feature", "geometry": {"type": "Point", "coordinates": [3.11586447, 44.29470652]}, "properties": {"route": "D94", "pr": "3", "abs": 2691, "label": "D94 PR3+2691"}}, {"type": "Feature", "geometry": {"type": "Point", "coordinates": [3.06931537, 44.24834356]}, "properties": {"route": "D94", "pr": "13", "abs": 12693, "label": "D94 PR13+12693"}}, {"type": "Feature", "geometry": {"type": "Point", "coordinates": [3.08995036, 44.24077849]}, "properties": {"route": "D94", "pr": "17", "abs": 16636, "label": "D94 PR17+16636"}}, {"type": "Feature", "geometry": {"type": "Point", "coordinates": [3.10083362, 44.26768245]}, "properties": {"route": "D94", "pr": "7", "abs": 6792, "label": "D94 PR7+6792"}}, {"type": "Feature", "geometry": {"type": "Point", "coordinates": [3.11115147, 44.30265597]}, "properties": {"route": "D94", "pr": "2", "abs": 1715, "label": "D94 PR2+1715"}}, {"type": "Feature", "geometry": {"type": "Point", "coordinates": [3.06151202, 44.25585695]}, "properties": {"route": "D94", "pr": "11", "abs": 10816, "label": "D94 PR11+10816"}}, {"type": "Feature", "geometry": {"type": "Point", "coordinates": [3.13909797, 44.21925437]}, "properties": {"route": "D94", "pr": "22", "abs": 21593, "label": "D94 PR22+21593"}}, {"type": "Feature", "geometry": {"type": "Point", "coordinates": [3.11765625, 44.28666375]}, "properties": {"route": "D94", "pr": "4", "abs": 3729, "label": "D94 PR4+3729"}}, {"type": "Feature", "geometry": {"type": "Point", "coordinates": [3.06851678, 44.26107708]}, "properties": {"route": "D94", "pr": "10", "abs": 9745, "label": "D94 PR10+9745"}}, {"type": "Feature", "geometry": {"type": "Point", "coordinates": [3.1114588, 44.27981484]}, "properties": {"route": "D94", "pr": "5", "abs": 4727, "label": "D94 PR5+4727"}}, {"type": "Feature", "geometry": {"type": "Point", "coordinates": [3.07850525, 44.24538772]}, "properties": {"route": "D94", "pr": "14", "abs": 13758, "label": "D94 PR14+13758"}}, {"type": "Feature", "geometry": {"type": "Point", "coordinates": [3.08499941, 44.24814172]}, "properties": {"route": "D94", "pr": "15", "abs": 14747, "label": "D94 PR15+14747"}}, {"type": "Feature", "geometry": {"type": "Point", "coordinates": [3.14809982, 44.21410033]}, "properties": {"route": "D94", "pr": "23", "abs": 22602, "label": "D94 PR23+22602"}}, {"type": "Feature", "geometry": {"type": "Point", "coordinates": [3.08962263, 44.26794059]}, "properties": {"route": "D94", "pr": "8", "abs": 7733, "label": "D94 PR8+7733"}}, {"type": "Feature", "geometry": {"type": "Point", "coordinates": [3.07965005, 44.2643487]}, "properties": {"route": "D94", "pr": "9", "abs": 8765, "label": "D94 PR9+8765"}}, {"type": "Feature", "geometry": {"type": "Point", "coordinates": [3.10618281, 44.30733349]}, "properties": {"route": "D94", "pr": "1", "abs": 1024, "label": "D94 PR1+1024"}}, {"type": "Feature", "geometry": {"type": "Point", "coordinates": [3.20952417, 44.18830896]}, "properties": {"route": "D187", "pr": "999", "abs": 19207, "label": "D187 PR999+19207"}}, {"type": "Feature", "geometry": {"type": "Point", "coordinates": [3.1444807, 44.18908713]}, "properties": {"route": "D187", "pr": "12", "abs": 12143, "label": "D187 PR12+12143"}}, {"type": "Feature", "geometry": {"type": "Point", "coordinates": [3.12675468, 44.16823888]}, "properties": {"route": "D187", "pr": "9", "abs": 9069, "label": "D187 PR9+9069"}}, {"type": "Feature", "geometry": {"type": "Point", "coordinates": [3.20067769, 44.1925703]}, "properties": {"route": "D187", "pr": "18", "abs": 18108, "label": "D187 PR18+18108"}}, {"type": "Feature", "geometry": {"type": "Point", "coordinates": [3.10143814, 44.1342679]}, "properties": {"route": "D187", "pr": "4", "abs": 4008, "label": "D187 PR4+4008"}}, {"type": "Feature", "geometry": {"type": "Point", "coordinates": [3.1781744, 44.19775405]}, "properties": {"route": "D187", "pr": "16", "abs": 16115, "label": "D187 PR16+16115"}}, {"type": "Feature", "geometry": {"type": "Point", "coordinates": [3.13367427, 44.18501174]}, "properties": {"route": "D187", "pr": "11", "abs": 11144, "label": "D187 PR11+11144"}}, {"type": "Feature", "geometry": {"type": "Point", "coordinates": [3.18904727, 44.1941616]}, "properties": {"route": "D187", "pr": "17", "abs": 17110, "label": "D187 PR17+17110"}}, {"type": "Feature", "geometry": {"type": "Point", "coordinates": [3.1177791, 44.16297715]}, "properties": {"route": "D187", "pr": "8", "abs": 8076, "label": "D187 PR8+8076"}}, {"type": "Feature", "geometry": {"type": "Point", "coordinates": [3.16654776, 44.19992532]}, "properties": {"route": "D187", "pr": "15", "abs": 15123, "label": "D187 PR15+15123"}}, {"type": "Feature", "geometry": {"type": "Point", "coordinates": [3.10054296, 44.12557688]}, "properties": {"route": "D187", "pr": "3", "abs": 2997, "label": "D187 PR3+2997"}}, {"type": "Feature", "geometry": {"type": "Point", "coordinates": [3.10346208, 44.14285439]}, "properties": {"route": "D187", "pr": "5", "abs": 5008, "label": "D187 PR5+5008"}}, {"type": "Feature", "geometry": {"type": "Point", "coordinates": [3.15609294, 44.18763919]}, "properties": {"route": "D187", "pr": "13", "abs": 13136, "label": "D187 PR13+13136"}}, {"type": "Feature", "geometry": {"type": "Point", "coordinates": [3.15780594, 44.1954783]}, "properties": {"route": "D187", "pr": "14", "abs": 14128, "label": "D187 PR14+14128"}}, {"type": "Feature", "geometry": {"type": "Point", "coordinates": [3.1307166, 44.17711349]}, "properties": {"route": "D187", "pr": "10", "abs": 10149, "label": "D187 PR10+10149"}}, {"type": "Feature", "geometry": {"type": "Point", "coordinates": [3.09144657, 44.11952119]}, "properties": {"route": "D187", "pr": "2", "abs": 1967, "label": "D187 PR2+1967"}}, {"type": "Feature", "geometry": {"type": "Point", "coordinates": [3.2098068, 44.18930391]}, "properties": {"route": "D187", "pr": "19", "abs": 19047, "label": "D187 PR19+19047"}}, {"type": "Feature", "geometry": {"type": "Point", "coordinates": [3.10253544, 44.15161649]}, "properties": {"route": "D187", "pr": "6", "abs": 6059, "label": "D187 PR6+6059"}}, {"type": "Feature", "geometry": {"type": "Point", "coordinates": [3.11169999, 44.15669562]}, "properties": {"route": "D187", "pr": "7", "abs": 7089, "label": "D187 PR7+7089"}}, {"type": "Feature", "geometry": {"type": "Point", "coordinates": [3.03131036, 44.13357411]}, "properties": {"route": "D911", "pr": "6", "abs": 5889, "label": "D911 PR6+5889"}}, {"type": "Feature", "geometry": {"type": "Point", "coordinates": [3.03182383, 44.13327424]}, "properties": {"route": "D911", "pr": "6", "abs": 5888, "label": "D911 PR6+5888"}}, {"type": "Feature", "geometry": {"type": "Point", "coordinates": [3.06995537, 44.11838225]}, "properties": {"route": "D911", "pr": "2", "abs": 1491, "label": "D911 PR2+1491"}}, {"type": "Feature", "geometry": {"type": "Point", "coordinates": [3.07021124, 44.11817867]}, "properties": {"route": "D911", "pr": "2", "abs": 1490, "label": "D911 PR2+1490"}}, {"type": "Feature", "geometry": {"type": "Point", "coordinates": [3.06678255, 44.11677854]}, "properties": {"route": "D911", "pr": "2", "abs": 1877, "label": "D911 PR2+1877"}}, {"type": "Feature", "geometry": {"type": "Point", "coordinates": [3.06650373, 44.1165906]}, "properties": {"route": "D911", "pr": "2", "abs": 1878, "label": "D911 PR2+1878"}}, {"type": "Feature", "geometry": {"type": "Point", "coordinates": [3.08428255, 44.11620215]}, "properties": {"route": "D911", "pr": "0", "abs": 0, "label": "D911 PR0"}}, {"type": "Feature", "geometry": {"type": "Point", "coordinates": [3.03931024, 44.13422407]}, "properties": {"route": "D911", "pr": "6", "abs": 5253, "label": "D911 PR6+5253"}}, {"type": "Feature", "geometry": {"type": "Point", "coordinates": [3.0097256, 44.21581996]}, "properties": {"route": "D911", "pr": "17", "abs": 16115, "label": "D911 PR17+16115"}}, {"type": "Feature", "geometry": {"type": "Point", "coordinates": [2.98763255, 44.23251745]}, "properties": {"route": "D911", "pr": "20", "abs": 19049, "label": "D911 PR20+19049"}}, {"type": "Feature", "geometry": {"type": "Point", "coordinates": [3.02030572, 44.14155392]}, "properties": {"route": "D911", "pr": "8", "abs": 7164, "label": "D911 PR8+7164"}}, {"type": "Feature", "geometry": {"type": "Point", "coordinates": [3.0055968, 44.16480618]}, "properties": {"route": "D911", "pr": "11", "abs": 10181, "label": "D911 PR11+10181"}}, {"type": "Feature", "geometry": {"type": "Point", "coordinates": [3.0630841, 44.1198067]}, "properties": {"route": "D911", "pr": "3", "abs": 2372, "label": "D911 PR3+2372"}}, {"type": "Feature", "geometry": {"type": "Point", "coordinates": [3.01443935, 44.20795712]}, "properties": {"route": "D911", "pr": "16", "abs": 15135, "label": "D911 PR16+15135"}}, {"type": "Feature", "geometry": {"type": "Point", "coordinates": [2.99090859, 44.22568329]}, "properties": {"route": "D911", "pr": "19", "abs": 18088, "label": "D911 PR19+18088"}}, {"type": "Feature", "geometry": {"type": "Point", "coordinates": [2.99833161, 44.21960889]}, "properties": {"route": "D911", "pr": "18", "abs": 17117, "label": "D911 PR18+17117"}}, {"type": "Feature", "geometry": {"type": "Point", "coordinates": [3.00671986, 44.15592513]}, "properties": {"route": "D911", "pr": "10", "abs": 9183, "label": "D911 PR10+9183"}}, {"type": "Feature", "geometry": {"type": "Point", "coordinates": [3.03003434, 44.13582191]}, "properties": {"route": "D911", "pr": "7", "abs": 6156, "label": "D911 PR7+6156"}}, {"type": "Feature", "geometry": {"type": "Point", "coordinates": [3.01134381, 44.19067309]}, "properties": {"route": "D911", "pr": "14", "abs": 13094, "label": "D911 PR14+13094"}}, {"type": "Feature", "geometry": {"type": "Point", "coordinates": [3.04771875, 44.12865929]}, "properties": {"route": "D911", "pr": "5", "abs": 4291, "label": "D911 PR5+4291"}}, {"type": "Feature", "geometry": {"type": "Point", "coordinates": [3.01069891, 44.14740749]}, "properties": {"route": "D911", "pr": "9", "abs": 8177, "label": "D911 PR9+8177"}}, {"type": "Feature", "geometry": {"type": "Point", "coordinates": [2.98321567, 44.23741163]}, "properties": {"route": "D911", "pr": "21", "abs": 19787, "label": "D911 PR21+19787"}}, {"type": "Feature", "geometry": {"type": "Point", "coordinates": [3.07044222, 44.11805522]}, "properties": {"route": "D911", "pr": "2", "abs": 1472, "label": "D911 PR2+1472"}}, {"type": "Feature", "geometry": {"type": "Point", "coordinates": [3.00744481, 44.17373571]}, "properties": {"route": "D911", "pr": "12", "abs": 11183, "label": "D911 PR12+11183"}}, {"type": "Feature", "geometry": {"type": "Point", "coordinates": [3.07923069, 44.11383339]}, "properties": {"route": "D911", "pr": "1", "abs": 515, "label": "D911 PR1+515"}}, {"type": "Feature", "geometry": {"type": "Point", "coordinates": [3.00925336, 44.18256984]}, "properties": {"route": "D911", "pr": "13", "abs": 12175, "label": "D911 PR13+12175"}}, {"type": "Feature", "geometry": {"type": "Point", "coordinates": [3.05634454, 44.12462925]}, "properties": {"route": "D911", "pr": "4", "abs": 3325, "label": "D911 PR4+3325"}}, {"type": "Feature", "geometry": {"type": "Point", "coordinates": [3.00612428, 44.62727223]}, "properties": {"route": "D987", "pr": "999", "abs": 27831, "label": "D987 PR999+27831"}}, {"type": "Feature", "geometry": {"type": "Point", "coordinates": [3.0062377, 44.62696883]}, "properties": {"route": "D987", "pr": "29", "abs": 27811, "label": "D987 PR29+27811"}}, {"type": "Feature", "geometry": {"type": "Point", "coordinates": [2.98674841, 44.62537205]}, "properties": {"route": "D987", "pr": "27", "abs": 25843, "label": "D987 PR27+25843"}}, {"type": "Feature", "geometry": {"type": "Point", "coordinates": [2.99869655, 44.62430153]}, "properties": {"route": "D987", "pr": "28", "abs": 26965, "label": "D987 PR28+26965"}}, {"type": "Feature", "geometry": {"type": "Point", "coordinates": [2.98872008, 44.21545528]}, "properties": {"route": "D36", "pr": "0", "abs": 976, "label": "D36 PR0+976"}}, {"type": "Feature", "geometry": {"type": "Point", "coordinates": [2.98656916, 44.21359544]}, "properties": {"route": "D36", "pr": "0", "abs": 1260, "label": "D36 PR0+1260"}}, {"type": "Feature", "geometry": {"type": "Point", "coordinates": [2.99558047, 44.22084825]}, "properties": {"route": "D36", "pr": "0", "abs": 0, "label": "D36 PR0"}}, {"type": "Feature", "geometry": {"type": "Point", "coordinates": [2.98879764, 44.2155957]}, "properties": {"route": "D36", "pr": "0", "abs": 975, "label": "D36 PR0+975"}}, {"type": "Feature", "geometry": {"type": "Point", "coordinates": [3.01429209, 44.1448995]}, "properties": {"route": "D515", "pr": "999", "abs": 15846, "label": "D515 PR999+15846"}}, {"type": "Feature", "geometry": {"type": "Point", "coordinates": [3.01429209, 44.1448995]}, "properties": {"route": "D515", "pr": "16", "abs": 15845, "label": "D515 PR16+15845"}}, {"type": "Feature", "geometry": {"type": "Point", "coordinates": [2.98406051, 44.14026036]}, "properties": {"route": "D515", "pr": "13", "abs": 12954, "label": "D515 PR13+12954"}}, {"type": "Feature", "geometry": {"type": "Point", "coordinates": [3.00607191, 44.1410552]}, "properties": {"route": "D515", "pr": "15", "abs": 14955, "label": "D515 PR15+14955"}}, {"type": "Feature", "geometry": {"type": "Point", "coordinates": [2.9949328, 44.14311819]}, "properties": {"route": "D515", "pr": "14", "abs": 13955, "label": "D515 PR14+13955"}}, {"type": "Feature", "geometry": {"type": "Point", "coordinates": [3.09812981, 44.15510468]}, "properties": {"route": "D907", "pr": "0", "abs": 0, "label": "D907 PR0"}}, {"type": "Feature", "geometry": {"type": "Point", "coordinates": [3.13044524, 44.18802281]}, "properties": {"route": "D907", "pr": "5", "abs": 5157, "label": "D907 PR5+5157"}}, {"type": "Feature", "geometry": {"type": "Point", "coordinates": [3.13033271, 44.18804724]}, "properties": {"route": "D907", "pr": "5", "abs": 5156, "label": "D907 PR5+5156"}}, {"type": "Feature", "geometry": {"type": "Point", "coordinates": [3.22991782, 44.23030894]}, "properties": {"route": "D907", "pr": "999", "abs": 18504, "label": "D907 PR999+18504"}}, {"type": "Feature", "geometry": {"type": "Point", "coordinates": [3.22794299, 44.22453258]}, "properties": {"route": "D907", "pr": "18", "abs": 17827, "label": "D907 PR18+17827"}}, {"type": "Feature", "geometry": {"type": "Point", "coordinates": [3.1870454, 44.19638195]}, "properties": {"route": "D907", "pr": "12", "abs": 11831, "label": "D907 PR12+11831"}}, {"type": "Feature", "geometry": {"type": "Point", "coordinates": [3.14026445, 44.19036982]}, "properties": {"route": "D907", "pr": "6", "abs": 5980, "label": "D907 PR6+5980"}}, {"type": "Feature", "geometry": {"type": "Point", "coordinates": [3.21479014, 44.20209625]}, "properties": {"route": "D907", "pr": "15", "abs": 14828, "label": "D907 PR15+14828"}}, {"type": "Feature", "geometry": {"type": "Point", "coordinates": [3.22159023, 44.2093861]}, "properties": {"route": "D907", "pr": "16", "abs": 15837, "label": "D907 PR16+15837"}}, {"type": "Feature", "geometry": {"type": "Point", "coordinates": [3.1132614, 44.16542021]}, "properties": {"route": "D907", "pr": "2", "abs": 1995, "label": "D907 PR2+1995"}}, {"type": "Feature", "geometry": {"type": "Point", "coordinates": [3.12858193, 44.18605742]}, "properties": {"route": "D907", "pr": "5", "abs": 4900, "label": "D907 PR5+4900"}}, {"type": "Feature", "geometry": {"type": "Point", "coordinates": [3.10694118, 44.15911075]}, "properties": {"route": "D907", "pr": "1", "abs": 945, "label": "D907 PR1+945"}}, {"type": "Feature", "geometry": {"type": "Point", "coordinates": [3.19792451, 44.19697044]}, "properties": {"route": "D907", "pr": "13", "abs": 12870, "label": "D907 PR13+12870"}}, {"type": "Feature", "geometry": {"type": "Point", "coordinates": [3.20865078, 44.19471384]}, "properties": {"route": "D907", "pr": "14", "abs": 13808, "label": "D907 PR14+13808"}}, {"type": "Feature", "geometry": {"type": "Point", "coordinates": [3.15396678, 44.19516512]}, "properties": {"route": "D907", "pr": "8", "abs": 7957, "label": "D907 PR8+7957"}}, {"type": "Feature", "geometry": {"type": "Point", "coordinates": [3.12287253, 44.16966362]}, "properties": {"route": "D907", "pr": "3", "abs": 2947, "label": "D907 PR3+2947"}}, {"type": "Feature", "geometry": {"type": "Point", "coordinates": [3.12431772, 44.17806061]}, "properties": {"route": "D907", "pr": "4", "abs": 3928, "label": "D907 PR4+3928"}}, {"type": "Feature", "geometry": {"type": "Point", "coordinates": [3.16679679, 44.20122017]}, "properties": {"route": "D907", "pr": "10", "abs": 9963, "label": "D907 PR10+9963"}}, {"type": "Feature", "geometry": {"type": "Point", "coordinates": [3.15698579, 44.20156588]}, "properties": {"route": "D907", "pr": "9", "abs": 8803, "label": "D907 PR9+8803"}}, {"type": "Feature", "geometry": {"type": "Point", "coordinates": [3.17606894, 44.20104728]}, "properties": {"route": "D907", "pr": "11", "abs": 10734, "label": "D907 PR11+10734"}}, {"type": "Feature", "geometry": {"type": "Point", "coordinates": [3.22285533, 44.21766625]}, "properties": {"route": "D907", "pr": "17", "abs": 16832, "label": "D907 PR17+16832"}}, {"type": "Feature", "geometry": {"type": "Point", "coordinates": [3.15176495, 44.19003769]}, "properties": {"route": "D907", "pr": "7", "abs": 6945, "label": "D907 PR7+6945"}}, {"type": "Feature", "geometry": {"type": "Point", "coordinates": [3.13505076, 44.44260679]}, "properties": {"route": "D988", "pr": "0", "abs": 0, "label": "D988 PR0"}}, {"type": "Feature", "geometry": {"type": "Point", "coordinates": [3.12440715, 44.44744346]}, "properties": {"route": "D988", "pr": "1", "abs": 1014, "label": "D988 PR1+1014"}}, {"type": "Feature", "geometry": {"type": "Point", "coordinates": [3.01909565, 44.45369186]}, "properties": {"route": "D988", "pr": "14", "abs": 13995, "label": "D988 PR14+13995"}}, {"type": "Feature", "geometry": {"type": "Point", "coordinates": [3.03559953, 44.45125994]}, "properties": {"route": "D988", "pr": "12", "abs": 12003, "label": "D988 PR12+12003"}}, {"type": "Feature", "geometry": {"type": "Point", "coordinates": [3.0690919, 44.451569]}, "properties": {"route": "D988", "pr": "8", "abs": 8072, "label": "D988 PR8+8072"}}, {"type": "Feature", "geometry": {"type": "Point", "coordinates": [3.04515569, 44.45118712]}, "properties": {"route": "D988", "pr": "11", "abs": 11018, "label": "D988 PR11+11018"}}, {"type": "Feature", "geometry": {"type": "Point", "coordinates": [3.10231512, 44.44043746]}, "properties": {"route": "D988", "pr": "4", "abs": 4003, "label": "D988 PR4+4003"}}, {"type": "Feature", "geometry": {"type": "Point", "coordinates": [3.10939214, 44.44651508]}, "properties": {"route": "D988", "pr": "3", "abs": 3020, "label": "D988 PR3+3020"}}, {"type": "Feature", "geometry": {"type": "Point", "coordinates": [3.00102692, 44.46055213]}, "properties": {"route": "D988", "pr": "16", "abs": 15963, "label": "D988 PR16+15963"}}, {"type": "Feature", "geometry": {"type": "Point", "coordinates": [3.11294795, 44.44817146]}, "properties": {"route": "D988", "pr": "2", "abs": 2008, "label": "D988 PR2+2008"}}, {"type": "Feature", "geometry": {"type": "Point", "coordinates": [3.00851121, 44.45525233]}, "properties": {"route": "D988", "pr": "15", "abs": 14990, "label": "D988 PR15+14990"}}, {"type": "Feature", "geometry": {"type": "Point", "coordinates": [2.9831872, 44.46463326]}, "properties": {"route": "D988", "pr": "18", "abs": 17860, "label": "D988 PR18+17860"}}, {"type": "Feature", "geometry": {"type": "Point", "coordinates": [3.0520935, 44.45461651]}, "properties": {"route": "D988", "pr": "10", "abs": 10042, "label": "D988 PR10+10042"}}, {"type": "Feature", "geometry": {"type": "Point", "coordinates": [2.99149262, 44.4632182]}, "properties": {"route": "D988", "pr": "17", "abs": 16896, "label": "D988 PR17+16896"}}, {"type": "Feature", "geometry": {"type": "Point", "coordinates": [3.02777249, 44.44849768]}, "properties": {"route": "D988", "pr": "13", "abs": 12989, "label": "D988 PR13+12989"}}, {"type": "Feature", "geometry": {"type": "Point", "coordinates": [3.09210218, 44.43803216]}, "properties": {"route": "D988", "pr": "5", "abs": 5059, "label": "D988 PR5+5059"}}, {"type": "Feature", "geometry": {"type": "Point", "coordinates": [3.08277176, 44.4405556]}, "properties": {"route": "D988", "pr": "6", "abs": 6052, "label": "D988 PR6+6052"}}, {"type": "Feature", "geometry": {"type": "Point", "coordinates": [3.0763256, 44.4468337]}, "properties": {"route": "D988", "pr": "7", "abs": 7047, "label": "D988 PR7+7047"}}, {"type": "Feature", "geometry": {"type": "Point", "coordinates": [3.11486087, 44.16736901]}, "properties": {"route": "D547", "pr": "999", "abs": 3243, "label": "D547 PR999+3243"}}, {"type": "Feature", "geometry": {"type": "Point", "coordinates": [3.08974708, 44.16130794]}, "properties": {"route": "D547", "pr": "0", "abs": 0, "label": "D547 PR0"}}, {"type": "Feature", "geometry": {"type": "Point", "coordinates": [3.10578167, 44.16354473]}, "properties": {"route": "D547", "pr": "2", "abs": 1987, "label": "D547 PR2+1987"}}, {"type": "Feature", "geometry": {"type": "Point", "coordinates": [3.11253857, 44.1660042]}, "properties": {"route": "D547", "pr": "3", "abs": 2987, "label": "D547 PR3+2987"}}, {"type": "Feature", "geometry": {"type": "Point", "coordinates": [3.09796911, 44.16196875]}, "properties": {"route": "D547", "pr": "1", "abs": 987, "label": "D547 PR1+987"}}, {"type": "Feature", "geometry": {"type": "Point", "coordinates": [3.07305701, 44.19187257]}, "properties": {"route": "D153", "pr": "0", "abs": 0, "label": "D153 PR0"}}, {"type": "Feature", "geometry": {"type": "Point", "coordinates": [3.05923263, 44.20065046]}, "properties": {"route": "D153", "pr": "999", "abs": 1564, "label": "D153 PR999+1564"}}, {"type": "Feature", "geometry": {"type": "Point", "coordinates": [3.01324066, 44.58421422]}, "properties": {"route": "D211E", "pr": "999", "abs": 354, "label": "D211E PR999+354"}}, {"type": "Feature", "geometry": {"type": "Point", "coordinates": [3.0097327, 44.58589084]}, "properties": {"route": "D211E", "pr": "0", "abs": 0, "label": "D211E PR0"}}, {"type": "Feature", "geometry": {"type": "Point", "coordinates": [3.04345393, 44.3316026]}, "properties": {"route": "D511F", "pr": "0", "abs": 0, "label": "D511F PR0"}}, {"type": "Feature", "geometry": {"type": "Point", "coordinates": [3.03571418, 44.3323057]}, "properties": {"route": "D511F", "pr": "999", "abs": 746, "label": "D511F PR999+746"}}, {"type": "Feature", "geometry": {"type": "Point", "coordinates": [3.03184272, 44.13353075]}, "properties": {"route": "D168", "pr": "0", "abs": 0, "label": "D168 PR0"}}, {"type": "Feature", "geometry": {"type": "Point", "coordinates": [3.09733661, 44.15768768]}, "properties": {"route": "D168", "pr": "999", "abs": 9010, "label": "D168 PR999+9010"}}, {"type": "Feature", "geometry": {"type": "Point", "coordinates": [3.07445422, 44.15261842]}, "properties": {"route": "D168", "pr": "6", "abs": 5935, "label": "D168 PR6+5935"}}, {"type": "Feature", "geometry": {"type": "Point", "coordinates": [3.08267903, 44.15273763]}, "properties": {"route": "D168", "pr": "7", "abs": 6914, "label": "D168 PR7+6914"}}, {"type": "Feature", "geometry": {"type": "Point", "coordinates": [3.03913738, 44.13727623]}, "properties": {"route": "D168", "pr": "1", "abs": 981, "label": "D168 PR1+981"}}, {"type": "Feature", "geometry": {"type": "Point", "coordinates": [3.08782801, 44.15818265]}, "properties": {"route": "D168", "pr": "8", "abs": 7902, "label": "D168 PR8+7902"}}, {"type": "Feature", "geometry": {"type": "Point", "coordinates": [3.06113547, 44.14929371]}, "properties": {"route": "D168", "pr": "4", "abs": 3953, "label": "D168 PR4+3953"}}, {"type": "Feature", "geometry": {"type": "Point", "coordinates": [3.06645508, 44.14980725]}, "properties": {"route": "D168", "pr": "5", "abs": 4939, "label": "D168 PR5+4939"}}, {"type": "Feature", "geometry": {"type": "Point", "coordinates": [3.04497542, 44.14390564]}, "properties": {"route": "D168", "pr": "2", "abs": 1982, "label": "D168 PR2+1982"}}, {"type": "Feature", "geometry": {"type": "Point", "coordinates": [3.05177157, 44.14688545]}, "properties": {"route": "D168", "pr": "3", "abs": 2965, "label": "D168 PR3+2965"}}, {"type": "Feature", "geometry": {"type": "Point", "coordinates": [3.10255946, 44.15107372]}, "properties": {"route": "D506", "pr": "999", "abs": 1012, "label": "D506 PR999+1012"}}, {"type": "Feature", "geometry": {"type": "Point", "coordinates": [3.0978841, 44.15326156]}, "properties": {"route": "D506", "pr": "0", "abs": 0, "label": "D506 PR0"}}, {"type": "Feature", "geometry": {"type": "Point", "coordinates": [3.05604103, 44.32766687]}, "properties": {"route": "D208", "pr": "0", "abs": 1184, "label": "D208 PR0+1184"}}, {"type": "Feature", "geometry": {"type": "Point", "coordinates": [3.05612249, 44.32761642]}, "properties": {"route": "D208", "pr": "0", "abs": 1183, "label": "D208 PR0+1183"}}, {"type": "Feature", "geometry": {"type": "Point", "coordinates": [3.13076676, 44.17771199]}, "properties": {"route": "D512", "pr": "999", "abs": 807, "label": "D512 PR999+807"}}, {"type": "Feature", "geometry": {"type": "Point", "coordinates": [3.12443588, 44.1760452]}, "properties": {"route": "D512", "pr": "0", "abs": 0, "label": "D512 PR0"}}, {"type": "Feature", "geometry": {"type": "Point", "coordinates": [3.37080485, 44.18138115]}, "properties": {"route": "D584", "pr": "999", "abs": 9842, "label": "D584 PR999+9842"}}, {"type": "Feature", "geometry": {"type": "Point", "coordinates": [3.28812237, 44.16118676]}, "properties": {"route": "D584", "pr": "0", "abs": 0, "label": "D584 PR0"}}, {"type": "Feature", "geometry": {"type": "Point", "coordinates": [3.35257858, 44.18764555]}, "properties": {"route": "D584", "pr": "8", "abs": 7989, "label": "D584 PR8+7989"}}, {"type": "Feature", "geometry": {"type": "Point", "coordinates": [3.3176056, 44.18766684]}, "properties": {"route": "D584", "pr": "5", "abs": 4983, "label": "D584 PR5+4983"}}, {"type": "Feature", "geometry": {"type": "Point", "coordinates": [3.29250573, 44.16866021]}, "properties": {"route": "D584", "pr": "1", "abs": 980, "label": "D584 PR1+980"}}, {"type": "Feature", "geometry": {"type": "Point", "coordinates": [3.29728423, 44.18450775]}, "properties": {"route": "D584", "pr": "3", "abs": 2883, "label": "D584 PR3+2883"}}, {"type": "Feature", "geometry": {"type": "Point", "coordinates": [3.30640935, 44.18779408]}, "properties": {"route": "D584", "pr": "4", "abs": 3993, "label": "D584 PR4+3993"}}, {"type": "Feature", "geometry": {"type": "Point", "coordinates": [3.34097102, 44.1873852]}, "properties": {"route": "D584", "pr": "7", "abs": 6981, "label": "D584 PR7+6981"}}, {"type": "Feature", "geometry": {"type": "Point", "coordinates": [3.32924858, 44.18757401]}, "properties": {"route": "D584", "pr": "6", "abs": 5985, "label": "D584 PR6+5985"}}, {"type": "Feature", "geometry": {"type": "Point", "coordinates": [3.29504335, 44.17692157]}, "properties": {"route": "D584", "pr": "2", "abs": 1968, "label": "D584 PR2+1968"}}, {"type": "Feature", "geometry": {"type": "Point", "coordinates": [3.36083859, 44.18117765]}, "properties": {"route": "D584", "pr": "9", "abs": 8983, "label": "D584 PR9+8983"}}, {"type": "Feature", "geometry": {"type": "Point", "coordinates": [3.10695628, 44.44291849]}, "properties": {"route": "D518", "pr": "0", "abs": 0, "label": "D518 PR0"}}, {"type": "Feature", "geometry": {"type": "Point", "coordinates": [3.1182036, 44.43747794]}, "properties": {"route": "D518", "pr": "999", "abs": 1297, "label": "D518 PR999+1297"}}, {"type": "Feature", "geometry": {"type": "Point", "coordinates": [3.11894094, 44.43858528]}, "properties": {"route": "D518", "pr": "1", "abs": 723, "label": "D518 PR1+723"}}, {"type": "Feature", "geometry": {"type": "Point", "coordinates": [3.25248799, 44.1673816]}, "properties": {"route": "D124", "pr": "999", "abs": 3519, "label": "D124 PR999+3519"}}, {"type": "Feature", "geometry": {"type": "Point", "coordinates": [3.2662496, 44.14100574]}, "properties": {"route": "D124", "pr": "0", "abs": 0, "label": "D124 PR0"}}, {"type": "Feature", "geometry": {"type": "Point", "coordinates": [3.26179625, 44.14914858]}, "properties": {"route": "D124", "pr": "1", "abs": 989, "label": "D124 PR1+989"}}, {"type": "Feature", "geometry": {"type": "Point", "coordinates": [3.254762, 44.15553495]}, "properties": {"route": "D124", "pr": "2", "abs": 1984, "label": "D124 PR2+1984"}}, {"type": "Feature", "geometry": {"type": "Point", "coordinates": [3.25460176, 44.16330296]}, "properties": {"route": "D124", "pr": "3", "abs": 2974, "label": "D124 PR3+2974"}}, {"type": "Feature", "geometry": {"type": "Point", "coordinates": [3.03203503, 44.3351783]}, "properties": {"route": "D511", "pr": "0", "abs": 0, "label": "D511 PR0"}}, {"type": "Feature", "geometry": {"type": "Point", "coordinates": [2.99252695, 44.32190106]}, "properties": {"route": "D511", "pr": "6", "abs": 6000, "label": "D511 PR6+6000"}}, {"type": "Feature", "geometry": {"type": "Point", "coordinates": [3.00289826, 44.30853239]}, "properties": {"route": "D511", "pr": "4", "abs": 4060, "label": "D511 PR4+4060"}}, {"type": "Feature", "geometry": {"type": "Point", "coordinates": [3.02100283, 44.32002791]}, "properties": {"route": "D511", "pr": "2", "abs": 2016, "label": "D511 PR2+2016"}}, {"type": "Feature", "geometry": {"type": "Point", "coordinates": [2.98204679, 44.32694516]}, "properties": {"route": "D511", "pr": "7", "abs": 7032, "label": "D511 PR7+7032"}}, {"type": "Feature", "geometry": {"type": "Point", "coordinates": [2.9973171, 44.31386302]}, "properties": {"route": "D511", "pr": "5", "abs": 4992, "label": "D511 PR5+4992"}}, {"type": "Feature", "geometry": {"type": "Point", "coordinates": [3.01001238, 44.31620746]}, "properties": {"route": "D511", "pr": "3", "abs": 3019, "label": "D511 PR3+3019"}}, {"type": "Feature", "geometry": {"type": "Point", "coordinates": [3.02784332, 44.32688819]}, "properties": {"route": "D511", "pr": "1", "abs": 1012, "label": "D511 PR1+1012"}}, {"type": "Feature", "geometry": {"type": "Point", "coordinates": [3.15294518, 44.3073567]}, "properties": {"route": "D995", "pr": "999", "abs": 6987, "label": "D995 PR999+6987"}}, {"type": "Feature", "geometry": {"type": "Point", "coordinates": [3.0745957, 44.32047449]}, "properties": {"route": "D995", "pr": "0", "abs": 0, "label": "D995 PR0"}}, {"type": "Feature", "geometry": {"type": "Point", "coordinates": [3.13227043, 44.31219656]}, "properties": {"route": "D995", "pr": "5", "abs": 5223, "label": "D995 PR5+5223"}}, {"type": "Feature", "geometry": {"type": "Point", "coordinates": [3.12146707, 44.31366185]}, "properties": {"route": "D995", "pr": "4", "abs": 4335, "label": "D995 PR4+4335"}}, {"type": "Feature", "geometry": {"type": "Point", "coordinates": [3.08963278, 44.31956493]}, "properties": {"route": "D995", "pr": "1", "abs": 1299, "label": "D995 PR1+1299"}}, {"type": "Feature", "geometry": {"type": "Point", "coordinates": [3.09886887, 44.31337034]}, "properties": {"route": "D995", "pr": "2", "abs": 2315, "label": "D995 PR2+2315"}}, {"type": "Feature", "geometry": {"type": "Point", "coordinates": [3.10955021, 44.31531352]}, "properties": {"route": "D995", "pr": "3", "abs": 3299, "label": "D995 PR3+3299"}}, {"type": "Feature", "geometry": {"type": "Point", "coordinates": [3.14364285, 44.30894089]}, "properties": {"route": "D995", "pr": "6", "abs": 6213, "label": "D995 PR6+6213"}}, {"type": "Feature", "geometry": {"type": "Point", "coordinates": [2.98509264, 44.5608329]}, "properties": {"route": "D122", "pr": "0", "abs": 0, "label": "D122 PR0"}}, {"type": "Feature", "geometry": {"type": "Point", "coordinates": [2.9929384, 44.55197265]}, "properties": {"route": "D122", "pr": "2", "abs": 2020, "label": "D122 PR2+2020"}}, {"type": "Feature", "geometry": {"type": "Point", "coordinates": [2.98303301, 44.53440894]}, "properties": {"route": "D122", "pr": "5", "abs": 4834, "label": "D122 PR5+4834"}}, {"type": "Feature", "geometry": {"type": "Point", "coordinates": [2.99103258, 44.55822105]}, "properties": {"route": "D122", "pr": "1", "abs": 1017, "label": "D122 PR1+1017"}}, {"type": "Feature", "geometry": {"type": "Point", "coordinates": [2.98965877, 44.5450892]}, "properties": {"route": "D122", "pr": "3", "abs": 2903, "label": "D122 PR3+2903"}}, {"type": "Feature", "geometry": {"type": "Point", "coordinates": [2.98806494, 44.53986949]}, "properties": {"route": "D122", "pr": "4", "abs": 3868, "label": "D122 PR4+3868"}}, {"type": "Feature", "geometry": {"type": "Point", "coordinates": [3.08237057, 44.33157134]}, "properties": {"route": "D888", "pr": "1", "abs": 0, "label": "D888 PR1"}}, {"type": "Feature", "geometry": {"type": "Point", "coordinates": [3.04402831, 44.33161497]}, "properties": {"route": "D208", "pr": "999", "abs": 2282, "label": "D208 PR999+2282"}}, {"type": "Feature", "geometry": {"type": "Point", "coordinates": [3.91758026, 44.73976119]}, "properties": {"route": "D108", "pr": "9", "abs": 8870, "label": "D108 PR9+8870"}}, {"type": "Feature", "geometry": {"type": "Point", "coordinates": [3.96302071, 44.73832748]}, "properties": {"route": "D108", "pr": "5", "abs": 4867, "label": "D108 PR5+4867"}}, {"type": "Feature", "geometry": {"type": "Point", "coordinates": [3.88383218, 44.74273124]}, "properties": {"route": "D108", "pr": "13", "abs": 12822, "label": "D108 PR13+12822"}}, {"type": "Feature", "geometry": {"type": "Point", "coordinates": [3.96920184, 44.74002029]}, "properties": {"route": "D108", "pr": "4", "abs": 3884, "label": "D108 PR4+3884"}}, {"type": "Feature", "geometry": {"type": "Point", "coordinates": [3.98913805, 44.73278248]}, "properties": {"route": "D108", "pr": "2", "abs": 1870, "label": "D108 PR2+1870"}}, {"type": "Feature", "geometry": {"type": "Point", "coordinates": [3.89206594, 44.73719558]}, "properties": {"route": "D108", "pr": "12", "abs": 11833, "label": "D108 PR12+11833"}}, {"type": "Feature", "geometry": {"type": "Point", "coordinates": [3.93883879, 44.7396281]}, "properties": {"route": "D108", "pr": "7", "abs": 6894, "label": "D108 PR7+6894"}}, {"type": "Feature", "geometry": {"type": "Point", "coordinates": [3.90988801, 44.73505814]}, "properties": {"route": "D108", "pr": "10", "abs": 9848, "label": "D108 PR10+9848"}}, {"type": "Feature", "geometry": {"type": "Point", "coordinates": [3.89897782, 44.73408929]}, "properties": {"route": "D108", "pr": "11", "abs": 10838, "label": "D108 PR11+10838"}}, {"type": "Feature", "geometry": {"type": "Point", "coordinates": [3.95118406, 44.7390681]}, "properties": {"route": "D108", "pr": "6", "abs": 5855, "label": "D108 PR6+5855"}}, {"type": "Feature", "geometry": {"type": "Point", "coordinates": [3.98022664, 44.73763545]}, "properties": {"route": "D108", "pr": "3", "abs": 2877, "label": "D108 PR3+2877"}}, {"type": "Feature", "geometry": {"type": "Point", "coordinates": [3.92805537, 44.74122436]}, "properties": {"route": "D108", "pr": "8", "abs": 7882, "label": "D108 PR8+7882"}}, {"type": "Feature", "geometry": {"type": "Point", "coordinates": [3.86559705, 44.72554433]}, "properties": {"route": "D392", "pr": "1", "abs": 1009, "label": "D392 PR1+1009"}}, {"type": "Feature", "geometry": {"type": "Point", "coordinates": [3.90698771, 44.7085593]}, "properties": {"route": "D392", "pr": "7", "abs": 6814, "label": "D392 PR7+6814"}}, {"type": "Feature", "geometry": {"type": "Point", "coordinates": [3.9123052, 44.70697512]}, "properties": {"route": "D392", "pr": "8", "abs": 7691, "label": "D392 PR8+7691"}}, {"type": "Feature", "geometry": {"type": "Point", "coordinates": [3.8709092, 44.72058047]}, "properties": {"route": "D392", "pr": "2", "abs": 1852, "label": "D392 PR2+1852"}}, {"type": "Feature", "geometry": {"type": "Point", "coordinates": [3.9293365, 44.70833976]}, "properties": {"route": "D392", "pr": "10", "abs": 9676, "label": "D392 PR10+9676"}}, {"type": "Feature", "geometry": {"type": "Point", "coordinates": [3.89753889, 44.71403569]}, "properties": {"route": "D392", "pr": "5", "abs": 4826, "label": "D392 PR5+4826"}}, {"type": "Feature", "geometry": {"type": "Point", "coordinates": [3.9060919, 44.71518781]}, "properties": {"route": "D392", "pr": "6", "abs": 5843, "label": "D392 PR6+5843"}}, {"type": "Feature", "geometry": {"type": "Point", "coordinates": [3.87827749, 44.71465291]}, "properties": {"route": "D392", "pr": "3", "abs": 2868, "label": "D392 PR3+2868"}}, {"type": "Feature", "geometry": {"type": "Point", "coordinates": [3.93479853, 44.70302762]}, "properties": {"route": "D392", "pr": "11", "abs": 10664, "label": "D392 PR11+10664"}}, {"type": "Feature", "geometry": {"type": "Point", "coordinates": [3.92106859, 44.70845297]}, "properties": {"route": "D392", "pr": "9", "abs": 8691, "label": "D392 PR9+8691"}}, {"type": "Feature", "geometry": {"type": "Point", "coordinates": [3.89009241, 44.71264983]}, "properties": {"route": "D392", "pr": "4", "abs": 3833, "label": "D392 PR4+3833"}}, {"type": "Feature", "geometry": {"type": "Point", "coordinates": [3.92960264, 44.69157572]}, "properties": {"route": "D292", "pr": "6", "abs": 5999, "label": "D292 PR6+5999"}}, {"type": "Feature", "geometry": {"type": "Point", "coordinates": [3.89677715, 44.68143318]}, "properties": {"route": "D292", "pr": "2", "abs": 2022, "label": "D292 PR2+2022"}}, {"type": "Feature", "geometry": {"type": "Point", "coordinates": [3.91483081, 44.68571691]}, "properties": {"route": "D292", "pr": "4", "abs": 4020, "label": "D292 PR4+4020"}}, {"type": "Feature", "geometry": {"type": "Point", "coordinates": [3.92442599, 44.68731992]}, "properties": {"route": "D292", "pr": "5", "abs": 4999, "label": "D292 PR5+4999"}}, {"type": "Feature", "geometry": {"type": "Point", "coordinates": [3.88534876, 44.68318902]}, "properties": {"route": "D292", "pr": "1", "abs": 1021, "label": "D292 PR1+1021"}}, {"type": "Feature", "geometry": {"type": "Point", "coordinates": [3.90697381, 44.68308415]}, "properties": {"route": "D292", "pr": "3", "abs": 3021, "label": "D292 PR3+3021"}}, {"type": "Feature", "geometry": {"type": "Point", "coordinates": [3.97194639, 44.80099055]}, "properties": {"route": "D298", "pr": "0", "abs": 0, "label": "D298 PR0"}}, {"type": "Feature", "geometry": {"type": "Point", "coordinates": [3.96160055, 44.82200129]}, "properties": {"route": "D298", "pr": "3", "abs": 2985, "label": "D298 PR3+2985"}}, {"type": "Feature", "geometry": {"type": "Point", "coordinates": [3.95894256, 44.81399641]}, "properties": {"route": "D298", "pr": "2", "abs": 1992, "label": "D298 PR2+1992"}}, {"type": "Feature", "geometry": {"type": "Point", "coordinates": [3.96385425, 44.80698483]}, "properties": {"route": "D298", "pr": "1", "abs": 998, "label": "D298 PR1+998"}}, {"type": "Feature", "geometry": {"type": "Point", "coordinates": [3.99528042, 44.467999]}, "properties": {"route": "D113", "pr": "17", "abs": 17043, "label": "D113 PR17+17043"}}, {"type": "Feature", "geometry": {"type": "Point", "coordinates": [3.95829258, 44.73863409]}, "properties": {"route": "D300", "pr": "0", "abs": 0, "label": "D300 PR0"}}, {"type": "Feature", "geometry": {"type": "Point", "coordinates": [3.95455121, 44.74185819]}, "properties": {"route": "D300", "pr": "1", "abs": 970, "label": "D300 PR1+970"}}, {"type": "Feature", "geometry": {"type": "Point", "coordinates": [3.95259385, 44.74421779]}, "properties": {"route": "D300", "pr": "2", "abs": 1970, "label": "D300 PR2+1970"}}, {"type": "Feature", "geometry": {"type": "Point", "coordinates": [3.89781885, 44.73254198]}, "properties": {"route": "D492", "pr": "0", "abs": 0, "label": "D492 PR0"}}, {"type": "Feature", "geometry": {"type": "Point", "coordinates": [3.9002237, 44.72392857]}, "properties": {"route": "D492", "pr": "1", "abs": 1005, "label": "D492 PR1+1005"}}, {"type": "Feature", "geometry": {"type": "Point", "coordinates": [3.98677893, 44.76716989]}, "properties": {"route": "D117", "pr": "8", "abs": 7974, "label": "D117 PR8+7974"}}, {"type": "Feature", "geometry": {"type": "Point", "coordinates": [3.91510673, 44.58951565]}, "properties": {"route": "D573", "pr": "0", "abs": 0, "label": "D573 PR0"}}, {"type": "Feature", "geometry": {"type": "Point", "coordinates": [3.92565105, 44.58760919]}, "properties": {"route": "D573", "pr": "2", "abs": 1988, "label": "D573 PR2+1988"}}, {"type": "Feature", "geometry": {"type": "Point", "coordinates": [3.92130263, 44.58718368]}, "properties": {"route": "D573", "pr": "1", "abs": 1043, "label": "D573 PR1+1043"}}, {"type": "Feature", "geometry": {"type": "Point", "coordinates": [3.92841424, 44.57392293]}, "properties": {"route": "D573", "pr": "5", "abs": 4978, "label": "D573 PR5+4978"}}, {"type": "Feature", "geometry": {"type": "Point", "coordinates": [3.91903505, 44.58332493]}, "properties": {"route": "D573", "pr": "3", "abs": 3024, "label": "D573 PR3+3024"}}, {"type": "Feature", "geometry": {"type": "Point", "coordinates": [3.92169307, 44.57753542]}, "properties": {"route": "D573", "pr": "4", "abs": 4055, "label": "D573 PR4+4055"}}, {"type": "Feature", "geometry": {"type": "Point", "coordinates": [3.94500628, 44.57414416]}, "properties": {"route": "D573", "pr": "8", "abs": 7971, "label": "D573 PR8+7971"}}, {"type": "Feature", "geometry": {"type": "Point", "coordinates": [3.94208103, 44.57501634]}, "properties": {"route": "D573", "pr": "7", "abs": 6973, "label": "D573 PR7+6973"}}, {"type": "Feature", "geometry": {"type": "Point", "coordinates": [3.9531169, 44.57028328]}, "properties": {"route": "D573", "pr": "9", "abs": 8968, "label": "D573 PR9+8968"}}, {"type": "Feature", "geometry": {"type": "Point", "coordinates": [3.93550192, 44.57666849]}, "properties": {"route": "D573", "pr": "6", "abs": 5976, "label": "D573 PR6+5976"}}, {"type": "Feature", "geometry": {"type": "Point", "coordinates": [3.94566206, 44.76791729]}, "properties": {"route": "D106", "pr": "0", "abs": 0, "label": "D106 PR0"}}, {"type": "Feature", "geometry": {"type": "Point", "coordinates": [3.93849896, 44.77439693]}, "properties": {"route": "D106", "pr": "1", "abs": 984, "label": "D106 PR1+984"}}, {"type": "Feature", "geometry": {"type": "Point", "coordinates": [3.9326601, 44.78192923]}, "properties": {"route": "D106", "pr": "2", "abs": 1955, "label": "D106 PR2+1955"}}, {"type": "Feature", "geometry": {"type": "Point", "coordinates": [3.89480165, 44.63476342]}, "properties": {"route": "D154", "pr": "0", "abs": 0, "label": "D154 PR0"}}, {"type": "Feature", "geometry": {"type": "Point", "coordinates": [3.89508104, 44.62607305]}, "properties": {"route": "D154", "pr": "1", "abs": 991, "label": "D154 PR1+991"}}, {"type": "Feature", "geometry": {"type": "Point", "coordinates": [3.98418383, 44.59538176]}, "properties": {"route": "D4", "pr": "70", "abs": 70418, "label": "D4 PR70+70418"}}, {"type": "Feature", "geometry": {"type": "Point", "coordinates": [3.92729221, 44.59425234]}, "properties": {"route": "D4", "pr": "80", "abs": 80299, "label": "D4 PR80+80299"}}, {"type": "Feature", "geometry": {"type": "Point", "coordinates": [3.99093183, 44.59160583]}, "properties": {"route": "D4", "pr": "69", "abs": 69426, "label": "D4 PR69+69426"}}, {"type": "Feature", "geometry": {"type": "Point", "coordinates": [3.97778255, 44.5999465]}, "properties": {"route": "D4", "pr": "72", "abs": 72393, "label": "D4 PR72+72393"}}, {"type": "Feature", "geometry": {"type": "Point", "coordinates": [3.96803651, 44.59568195]}, "properties": {"route": "D4", "pr": "76", "abs": 76305, "label": "D4 PR76+76305"}}, {"type": "Feature", "geometry": {"type": "Point", "coordinates": [3.99652646, 44.59184272]}, "properties": {"route": "D4", "pr": "68", "abs": 68435, "label": "D4 PR68+68435"}}, {"type": "Feature", "geometry": {"type": "Point", "coordinates": [3.96766903, 44.59989596]}, "properties": {"route": "D4", "pr": "75", "abs": 75334, "label": "D4 PR75+75334"}}, {"type": "Feature", "geometry": {"type": "Point", "coordinates": [3.98185147, 44.59914515]}, "properties": {"route": "D4", "pr": "71", "abs": 71404, "label": "D4 PR71+71404"}}, {"type": "Feature", "geometry": {"type": "Point", "coordinates": [3.9501955, 44.59448272]}, "properties": {"route": "D4", "pr": "78", "abs": 78289, "label": "D4 PR78+78289"}}, {"type": "Feature", "geometry": {"type": "Point", "coordinates": [3.95592735, 44.59545154]}, "properties": {"route": "D4", "pr": "77", "abs": 77302, "label": "D4 PR77+77302"}}, {"type": "Feature", "geometry": {"type": "Point", "coordinates": [3.93965917, 44.59599081]}, "properties": {"route": "D4", "pr": "79", "abs": 79288, "label": "D4 PR79+79288"}}, {"type": "Feature", "geometry": {"type": "Point", "coordinates": [3.96862549, 44.6038598]}, "properties": {"route": "D4", "pr": "74", "abs": 74324, "label": "D4 PR74+74324"}}, {"type": "Feature", "geometry": {"type": "Point", "coordinates": [3.97219247, 44.60330539]}, "properties": {"route": "D4", "pr": "73", "abs": 73379, "label": "D4 PR73+73379"}}, {"type": "Feature", "geometry": {"type": "Point", "coordinates": [3.97191326, 44.80090261]}, "properties": {"route": "D16", "pr": "FS", "abs": 6221, "label": "D16 PRFS+6221"}}, {"type": "Feature", "geometry": {"type": "Point", "coordinates": [3.96361672, 44.82935442]}, "properties": {"route": "D298", "pr": "FS", "abs": null, "label": "D298 PRFS"}}, {"type": "Feature", "geometry": {"type": "Point", "coordinates": [3.92650368, 44.79107826]}, "properties": {"route": "D106", "pr": "FS", "abs": null, "label": "D106 PRFS"}}, {"type": "Feature", "geometry": {"type": "Point", "coordinates": [3.89354188, 44.61383128]}, "properties": {"route": "D906", "pr": "FS", "abs": null, "label": "D906 PRFS"}}, {"type": "Feature", "geometry": {"type": "Point", "coordinates": [3.98781834, 44.47588229]}, "properties": {"route": "D613", "pr": "FS", "abs": null, "label": "D613 PRFS"}}, {"type": "Feature", "geometry": {"type": "Point", "coordinates": [3.9277598, 44.76413846]}, "properties": {"route": "D110", "pr": "FS", "abs": null, "label": "D110 PRFS"}}, {"type": "Feature", "geometry": {"type": "Point", "coordinates": [3.91530589, 44.59076453]}, "properties": {"route": "D4", "pr": "FS", "abs": null, "label": "D4 PRFS"}}, {"type": "Feature", "geometry": {"type": "Point", "coordinates": [3.97191326, 44.80090261]}, "properties": {"route": "D16", "pr": "DS", "abs": null, "label": "D16 PRDS"}}, {"type": "Feature", "geometry": {"type": "Point", "coordinates": [3.93609074, 44.59956204]}, "properties": {"route": "D4A", "pr": "DS", "abs": null, "label": "D4A PRDS"}}, {"type": "Feature", "geometry": {"type": "Point", "coordinates": [3.87698461, 44.68604576]}, "properties": {"route": "D292", "pr": "DS", "abs": null, "label": "D292 PRDS"}}, {"type": "Feature", "geometry": {"type": "Point", "coordinates": [3.90586, 44.59231978]}, "properties": {"route": "D906", "pr": "DS", "abs": null, "label": "D906 PRDS"}}, {"type": "Feature", "geometry": {"type": "Point", "coordinates": [3.9277598, 44.76413846]}, "properties": {"route": "D110", "pr": "DS", "abs": null, "label": "D110 PRDS"}}, {"type": "Feature", "geometry": {"type": "Point", "coordinates": [3.97247544, 44.80079594]}, "properties": {"route": "D16", "pr": "DS", "abs": null, "label": "D16 PRDS"}}, {"type": "Feature", "geometry": {"type": "Point", "coordinates": [3.86549026, 44.72558028]}, "properties": {"route": "D392", "pr": "DS", "abs": null, "label": "D392 PRDS"}}, {"type": "Feature", "geometry": {"type": "Point", "coordinates": [3.97191326, 44.80090261]}, "properties": {"route": "D16", "pr": "DS", "abs": null, "label": "D16 PRDS"}}, {"type": "Feature", "geometry": {"type": "Point", "coordinates": [3.90102479, 44.68032278]}, "properties": {"route": "D192", "pr": "0", "abs": 0, "label": "D192 PR0"}}, {"type": "Feature", "geometry": {"type": "Point", "coordinates": [3.9081004, 44.67421557]}, "properties": {"route": "D192", "pr": "1", "abs": 1011, "label": "D192 PR1+1011"}}, {"type": "Feature", "geometry": {"type": "Point", "coordinates": [3.891729, 44.66562626]}, "properties": {"route": "D192", "pr": "4", "abs": 4032, "label": "D192 PR4+4032"}}, {"type": "Feature", "geometry": {"type": "Point", "coordinates": [3.89421409, 44.67077773]}, "properties": {"route": "D192", "pr": "3", "abs": 3036, "label": "D192 PR3+3036"}}, {"type": "Feature", "geometry": {"type": "Point", "coordinates": [3.90483251, 44.66833253]}, "properties": {"route": "D192", "pr": "2", "abs": 2022, "label": "D192 PR2+2022"}}, {"type": "Feature", "geometry": {"type": "Point", "coordinates": [3.92576847, 44.76332047]}, "properties": {"route": "D110", "pr": "21", "abs": 20549, "label": "D110 PR21+20549"}}, {"type": "Feature", "geometry": {"type": "Point", "coordinates": [3.94545088, 44.76783535]}, "properties": {"route": "D110", "pr": "19", "abs": 18561, "label": "D110 PR19+18561"}}, {"type": "Feature", "geometry": {"type": "Point", "coordinates": [3.95410194, 44.77236124]}, "properties": {"route": "D110", "pr": "18", "abs": 17669, "label": "D110 PR18+17669"}}, {"type": "Feature", "geometry": {"type": "Point", "coordinates": [3.95777945, 44.7808543]}, "properties": {"route": "D110", "pr": "17", "abs": 16682, "label": "D110 PR17+16682"}}, {"type": "Feature", "geometry": {"type": "Point", "coordinates": [3.93384708, 44.7659349]}, "properties": {"route": "D110", "pr": "20", "abs": 19554, "label": "D110 PR20+19554"}}, {"type": "Feature", "geometry": {"type": "Point", "coordinates": [3.97201556, 44.75540188]}, "properties": {"route": "D16", "pr": "0", "abs": 0, "label": "D16 PR0"}}, {"type": "Feature", "geometry": {"type": "Point", "coordinates": [3.96264744, 44.7910945]}, "properties": {"route": "D16", "pr": "5", "abs": 4814, "label": "D16 PR5+4814"}}, {"type": "Feature", "geometry": {"type": "Point", "coordinates": [3.97230765, 44.80081902]}, "properties": {"route": "D16", "pr": "7", "abs": 6221, "label": "D16 PR7+6221"}}, {"type": "Feature", "geometry": {"type": "Point", "coordinates": [3.96827292, 44.79675126]}, "properties": {"route": "D16", "pr": "6", "abs": 5631, "label": "D16 PR6+5631"}}, {"type": "Feature", "geometry": {"type": "Point", "coordinates": [3.96369911, 44.77757514]}, "properties": {"route": "D16", "pr": "3", "abs": 2986, "label": "D16 PR3+2986"}}, {"type": "Feature", "geometry": {"type": "Point", "coordinates": [3.98433196, 44.79872759]}, "properties": {"route": "D16", "pr": "8", "abs": 7222, "label": "D16 PR8+7222"}}, {"type": "Feature", "geometry": {"type": "Point", "coordinates": [3.99387842, 44.80173078]}, "properties": {"route": "D16", "pr": "9", "abs": 8079, "label": "D16 PR9+8079"}}, {"type": "Feature", "geometry": {"type": "Point", "coordinates": [3.95926648, 44.78487605]}, "properties": {"route": "D16", "pr": "4", "abs": 3931, "label": "D16 PR4+3931"}}, {"type": "Feature", "geometry": {"type": "Point", "coordinates": [3.972493, 44.7716918]}, "properties": {"route": "D16", "pr": "2", "abs": 1995, "label": "D16 PR2+1995"}}, {"type": "Feature", "geometry": {"type": "Point", "coordinates": [3.97502346, 44.76330416]}, "properties": {"route": "D16", "pr": "1", "abs": 1003, "label": "D16 PR1+1003"}}, {"type": "Feature", "geometry": {"type": "Point", "coordinates": [3.98349662, 44.64052948]}, "properties": {"route": "D301", "pr": "0", "abs": 0, "label": "D301 PR0"}}, {"type": "Feature", "geometry": {"type": "Point", "coordinates": [3.99469901, 44.62354619]}, "properties": {"route": "D301", "pr": "3", "abs": 2980, "label": "D301 PR3+2980"}}, {"type": "Feature", "geometry": {"type": "Point", "coordinates": [3.98880418, 44.62901457]}, "properties": {"route": "D301", "pr": "2", "abs": 2007, "label": "D301 PR2+2007"}}, {"type": "Feature", "geometry": {"type": "Point", "coordinates": [3.98791239, 44.63597133]}, "properties": {"route": "D301", "pr": "1", "abs": 1001, "label": "D301 PR1+1001"}}, {"type": "Feature", "geometry": {"type": "Point", "coordinates": [3.90582223, 44.59240022]}, "properties": {"route": "D906", "pr": "34", "abs": 0, "label": "D906 PR34"}}, {"type": "Feature", "geometry": {"type": "Point", "coordinates": [3.90663886, 44.60072229]}, "properties": {"route": "D906", "pr": "35", "abs": 1051, "label": "D906 PR35+1051"}}, {"type": "Feature", "geometry": {"type": "Point", "coordinates": [3.90791423, 44.60957632]}, "properties": {"route": "D906", "pr": "36", "abs": 2065, "label": "D906 PR36+2065"}}, {"type": "Feature", "geometry": {"type": "Point", "coordinates": [3.93717202, 44.65289265]}, "properties": {"route": "D19", "pr": "42", "abs": 41510, "label": "D19 PR42+41510"}}, {"type": "Feature", "geometry": {"type": "Point", "coordinates": [3.94751431, 44.65091024]}, "properties": {"route": "D19", "pr": "41", "abs": 40530, "label": "D19 PR41+40530"}}, {"type": "Feature", "geometry": {"type": "Point", "coordinates": [3.97042889, 44.64744695]}, "properties": {"route": "D19", "pr": "39", "abs": 38524, "label": "D19 PR39+38524"}}, {"type": "Feature", "geometry": {"type": "Point", "coordinates": [3.92662105, 44.64813415]}, "properties": {"route": "D19", "pr": "43", "abs": 42508, "label": "D19 PR43+42508"}}, {"type": "Feature", "geometry": {"type": "Point", "coordinates": [3.91550421, 44.64577152]}, "properties": {"route": "D19", "pr": "44", "abs": 43492, "label": "D19 PR44+43492"}}, {"type": "Feature", "geometry": {"type": "Point", "coordinates": [3.98032812, 44.64208278]}, "properties": {"route": "D19", "pr": "38", "abs": 37524, "label": "D19 PR38+37524"}}, {"type": "Feature", "geometry": {"type": "Point", "coordinates": [3.95969033, 44.65148142]}, "properties": {"route": "D19", "pr": "40", "abs": 39529, "label": "D19 PR40+39529"}}, {"type": "Feature", "geometry": {"type": "Point", "coordinates": [3.99220059, 44.64032478]}, "properties": {"route": "D19", "pr": "37", "abs": 36523, "label": "D19 PR37+36523"}}, {"type": "Feature", "geometry": {"type": "Point", "coordinates": [3.90469543, 44.6470651]}, "properties": {"route": "D19", "pr": "45", "abs": 44489, "label": "D19 PR45+44489"}}, {"type": "Feature", "geometry": {"type": "Point", "coordinates": [3.89551613, 44.65061147]}, "properties": {"route": "D19", "pr": "46", "abs": 45418, "label": "D19 PR46+45418"}}, {"type": "Feature", "geometry": {"type": "Point", "coordinates": [3.14829775, 44.93989717]}, "properties": {"route": "D48", "pr": "DS", "abs": null, "label": "D48 PRDS"}}, {"type": "Feature", "geometry": {"type": "Point", "coordinates": [3.16436615, 44.8786308]}, "properties": {"route": "D448", "pr": "DS", "abs": null, "label": "D448 PRDS"}}, {"type": "Feature", "geometry": {"type": "Point", "coordinates": [3.001076, 44.92591539]}, "properties": {"route": "D48", "pr": "DS", "abs": null, "label": "D48 PRDS"}}, {"type": "Feature", "geometry": {"type": "Point", "coordinates": [3.88652255, 44.65681515]}, "properties": {"route": "D192", "pr": "5", "abs": 5443, "label": "D192 PR5+5443"}}, {"type": "Feature", "geometry": {"type": "Point", "coordinates": [3.88392396, 44.6588995]}, "properties": {"route": "D192", "pr": "5", "abs": 5032, "label": "D192 PR5+5032"}}, {"type": "Feature", "geometry": {"type": "Point", "coordinates": [3.91530187, 44.76596895]}, "properties": {"route": "D110", "pr": "22", "abs": 21586, "label": "D110 PR22+21586"}}, {"type": "Feature", "geometry": {"type": "Point", "coordinates": [3.91527538, 44.76643826]}, "properties": {"route": "D110", "pr": "22", "abs": 21538, "label": "D110 PR22+21538"}}, {"type": "Feature", "geometry": {"type": "Point", "coordinates": [3.98804336, 44.47796622]}, "properties": {"route": "D613", "pr": "0", "abs": 1040, "label": "D613 PR0+1040"}}, {"type": "Feature", "geometry": {"type": "Point", "coordinates": [3.98781411, 44.47592824]}, "properties": {"route": "D613", "pr": "0", "abs": 0, "label": "D613 PR0"}}, {"type": "Feature", "geometry": {"type": "Point", "coordinates": [3.89370589, 44.61376153]}, "properties": {"route": "D906", "pr": "37", "abs": 3510, "label": "D906 PR37+3510"}}, {"type": "Feature", "geometry": {"type": "Point", "coordinates": [3.89840577, 44.61374324]}, "properties": {"route": "D906", "pr": "37", "abs": 3052, "label": "D906 PR37+3052"}}, {"type": "Feature", "geometry": {"type": "Point", "coordinates": [3.88666206, 44.65670329]}, "properties": {"route": "D19", "pr": "47", "abs": 46650, "label": "D19 PR47+46650"}}, {"type": "Feature", "geometry": {"type": "Point", "coordinates": [3.88798851, 44.65746964]}, "properties": {"route": "D19", "pr": "47", "abs": 46481, "label": "D19 PR47+46481"}}, {"type": "Feature", "geometry": {"type": "Point", "coordinates": [3.87956409, 44.75190835]}, "properties": {"route": "D108", "pr": "14", "abs": 14196, "label": "D108 PR14+14196"}}, {"type": "Feature", "geometry": {"type": "Point", "coordinates": [3.88177048, 44.7493455]}, "properties": {"route": "D108", "pr": "14", "abs": 13807, "label": "D108 PR14+13807"}}, {"type": "Feature", "geometry": {"type": "Point", "coordinates": [3.94598774, 44.69717663]}, "properties": {"route": "D392", "pr": "12", "abs": 11793, "label": "D392 PR12+11793"}}, {"type": "Feature", "geometry": {"type": "Point", "coordinates": [3.94510641, 44.69798998]}, "properties": {"route": "D392", "pr": "12", "abs": 11665, "label": "D392 PR12+11665"}}, {"type": "Feature", "geometry": {"type": "Point", "coordinates": [3.94598774, 44.69717663]}, "properties": {"route": "D292", "pr": "7", "abs": 7723, "label": "D292 PR7+7723"}}, {"type": "Feature", "geometry": {"type": "Point", "coordinates": [3.94044303, 44.69358556]}, "properties": {"route": "D292", "pr": "7", "abs": 7000, "label": "D292 PR7+7000"}}, {"type": "Feature", "geometry": {"type": "Point", "coordinates": [3.98684459, 44.47880521]}, "properties": {"route": "D113", "pr": "18", "abs": 18635, "label": "D113 PR18+18635"}}, {"type": "Feature", "geometry": {"type": "Point", "coordinates": [3.98864698, 44.47394287]}, "properties": {"route": "D113", "pr": "18", "abs": 18017, "label": "D113 PR18+18017"}}, {"type": "Feature", "geometry": {"type": "Point", "coordinates": [3.95978906, 44.75431006]}, "properties": {"route": "D300", "pr": "3", "abs": 3411, "label": "D300 PR3+3411"}}, {"type": "Feature", "geometry": {"type": "Point", "coordinates": [3.95955588, 44.75026942]}, "properties": {"route": "D300", "pr": "3", "abs": 2950, "label": "D300 PR3+2950"}}, {"type": "Feature", "geometry": {"type": "Point", "coordinates": [3.89482099, 44.71161414]}, "properties": {"route": "D492", "pr": "2", "abs": 2483, "label": "D492 PR2+2483"}}, {"type": "Feature", "geometry": {"type": "Point", "coordinates": [3.89679276, 44.71562815]}, "properties": {"route": "D492", "pr": "2", "abs": 1993, "label": "D492 PR2+1993"}}, {"type": "Feature", "geometry": {"type": "Point", "coordinates": [3.97466832, 44.76731486]}, "properties": {"route": "D117", "pr": "9", "abs": 9587, "label": "D117 PR9+9587"}}, {"type": "Feature", "geometry": {"type": "Point", "coordinates": [3.9812491, 44.76968782]}, "properties": {"route": "D117", "pr": "9", "abs": 8971, "label": "D117 PR9+8971"}}, {"type": "Feature", "geometry": {"type": "Point", "coordinates": [3.9620816, 44.56258356]}, "properties": {"route": "D573", "pr": "10", "abs": 10136, "label": "D573 PR10+10136"}}, {"type": "Feature", "geometry": {"type": "Point", "coordinates": [3.96117613, 44.56398692]}, "properties": {"route": "D573", "pr": "10", "abs": 9966, "label": "D573 PR10+9966"}}, {"type": "Feature", "geometry": {"type": "Point", "coordinates": [3.92618284, 44.79117458]}, "properties": {"route": "D106", "pr": "3", "abs": 3120, "label": "D106 PR3+3120"}}, {"type": "Feature", "geometry": {"type": "Point", "coordinates": [3.92825454, 44.78990753]}, "properties": {"route": "D106", "pr": "3", "abs": 2928, "label": "D106 PR3+2928"}}, {"type": "Feature", "geometry": {"type": "Point", "coordinates": [3.89955497, 44.61396077]}, "properties": {"route": "D154", "pr": "2", "abs": 2472, "label": "D154 PR2+2472"}}, {"type": "Feature", "geometry": {"type": "Point", "coordinates": [3.89773823, 44.61765424]}, "properties": {"route": "D154", "pr": "2", "abs": 1982, "label": "D154 PR2+1982"}}, {"type": "Feature", "geometry": {"type": "Point", "coordinates": [3.91512693, 44.59052833]}, "properties": {"route": "D4", "pr": "81", "abs": 81379, "label": "D4 PR81+81379"}}, {"type": "Feature", "geometry": {"type": "Point", "coordinates": [3.91594954, 44.5910644]}, "properties": {"route": "D4", "pr": "81", "abs": 81276, "label": "D4 PR81+81276"}}, {"type": "Feature", "geometry": {"type": "Point", "coordinates": [3.93614913, 44.59966328]}, "properties": {"route": "D4A", "pr": "0", "abs": 697, "label": "D4A PR0+697"}}, {"type": "Feature", "geometry": {"type": "Point", "coordinates": [3.93026174, 44.59492152]}, "properties": {"route": "D4A", "pr": "0", "abs": 0, "label": "D4A PR0"}}, {"type": "Feature", "geometry": {"type": "Point", "coordinates": [3.01128395, 44.81526757]}, "properties": {"route": "D513", "pr": "3", "abs": 2998, "label": "D513 PR3+2998"}}, {"type": "Feature", "geometry": {"type": "Point", "coordinates": [3.04331084, 44.77293758]}, "properties": {"route": "D613", "pr": "1", "abs": 1554, "label": "D613 PR1+1554"}}, {"type": "Feature", "geometry": {"type": "Point", "coordinates": [3.03829154, 44.77626968]}, "properties": {"route": "D613", "pr": "1", "abs": 991, "label": "D613 PR1+991"}}, {"type": "Feature", "geometry": {"type": "Point", "coordinates": [3.1644119, 44.87868835]}, "properties": {"route": "D448", "pr": "8", "abs": 8310, "label": "D448 PR8+8310"}}, {"type": "Feature", "geometry": {"type": "Point", "coordinates": [3.17103598, 44.88160627]}, "properties": {"route": "D448", "pr": "8", "abs": 7481, "label": "D448 PR8+7481"}}, {"type": "Feature", "geometry": {"type": "Point", "coordinates": [3.46918911, 44.5196737]}, "properties": {"route": "N7", "pr": "DS", "abs": null, "label": "N7 PRDS"}}, {"type": "Feature", "geometry": {"type": "Point", "coordinates": [3.88881468, 44.78176089]}, "properties": {"route": "N88", "pr": "96", "abs": 90578, "label": "N88 PR96+90578"}}, {"type": "Feature", "geometry": {"type": "Point", "coordinates": [3.8885424, 44.75604771]}, "properties": {"route": "N88", "pr": "100", "abs": 94415, "label": "N88 PR100+94415"}}, {"type": "Feature", "geometry": {"type": "Point", "coordinates": [3.8862969, 44.76936047]}, "properties": {"route": "N88", "pr": "98", "abs": 92513, "label": "N88 PR98+92513"}}, {"type": "Feature", "geometry": {"type": "Point", "coordinates": [3.88146124, 44.78912701]}, "properties": {"route": "N88", "pr": "95", "abs": 89556, "label": "N88 PR95+89556"}}, {"type": "Feature", "geometry": {"type": "Point", "coordinates": [3.88638037, 44.76110255]}, "properties": {"route": "N88", "pr": "99", "abs": 93492, "label": "N88 PR99+93492"}}, {"type": "Feature", "geometry": {"type": "Point", "coordinates": [3.88504494, 44.77453858]}, "properties": {"route": "N88", "pr": "97", "abs": 91578, "label": "N88 PR97+91578"}}, {"type": "Feature", "geometry": {"type": "Point", "coordinates": [3.88411556, 44.79775756]}, "properties": {"route": "N88", "pr": "94", "abs": 88565, "label": "N88 PR94+88565"}}, {"type": "Feature", "geometry": {"type": "Point", "coordinates": [3.88362087, 44.80602876]}, "properties": {"route": "N88", "pr": "93", "abs": 87579, "label": "N88 PR93+87579"}}, {"type": "Feature", "geometry": {"type": "Point", "coordinates": [3.87687524, 44.81368328]}, "properties": {"route": "N88", "pr": "92", "abs": 86579, "label": "N88 PR92+86579"}}, {"type": "Feature", "geometry": {"type": "Point", "coordinates": [3.02282709, 44.13616477]}, "properties": {"route": "A75", "pr": "215", "abs": 0, "label": "A75 PR215 (G)"}}, {"type": "Feature", "geometry": {"type": "Point", "coordinates": [3.02837405, 44.13210601]}, "properties": {"route": "A75", "pr": "215", "abs": 626, "label": "A75 PR215+626 (G)"}}, {"type": "Feature", "geometry": {"type": "Point", "coordinates": [3.1387551, 44.3965208]}, "properties": {"route": "A75", "pr": "180", "abs": 0, "label": "A75 PR180 (G)"}}, {"type": "Feature", "geometry": {"type": "Point", "coordinates": [3.23824952, 44.88357663]}, "properties": {"route": "A75", "pr": "115", "abs": 384, "label": "A75 PR115+384 (G)"}}, {"type": "Feature", "geometry": {"type": "Point", "coordinates": [3.23581006, 44.88681408]}, "properties": {"route": "A75", "pr": "114", "abs": 0, "label": "A75 PR114 (G)"}}, {"type": "Feature", "geometry": {"type": "Point", "coordinates": [3.92193278, 44.76092505]}, "properties": {"route": "N102", "pr": "94", "abs": 76340, "label": "N102 PR94+76340"}}, {"type": "Feature", "geometry": {"type": "Point", "coordinates": [3.26607263, 44.50388605]}, "properties": {"route": "N88", "pr": "81", "abs": 0, "label": "N88 PR81 (G)"}}, {"type": "Feature", "geometry": {"type": "Point", "coordinates": [3.2433441, 44.4973255]}, "properties": {"route": "N88", "pr": "83", "abs": 1989, "label": "N88 PR83+1989 (G)"}}, {"type": "Feature", "geometry": {"type": "Point", "coordinates": [3.29602655, 44.93816319]}, "properties": {"route": "D50", "pr": "27", "abs": 26870, "label": "D50 PR27+26870"}}, {"type": "Feature", "geometry": {"type": "Point", "coordinates": [3.29230093, 44.93111239]}, "properties": {"route": "D50", "pr": "27", "abs": 27855, "label": "D50 PR27+27855"}}, {"type": "Feature", "geometry": {"type": "Point", "coordinates": [3.26645679, 44.9372665]}, "properties": {"route": "D450", "pr": "4", "abs": 3977, "label": "D450 PR4+3977"}}, {"type": "Feature", "geometry": {"type": "Point", "coordinates": [3.26568559, 44.93850454]}, "properties": {"route": "D450", "pr": "4", "abs": 4225, "label": "D450 PR4+4225"}}, {"type": "Feature", "geometry": {"type": "Point", "coordinates": [2.9911947, 44.83462752]}, "properties": {"route": "D211", "pr": "3", "abs": 3330, "label": "D211 PR3+3330"}}, {"type": "Feature", "geometry": {"type": "Point", "coordinates": [2.9884157, 44.83649725]}, "properties": {"route": "D211", "pr": "3", "abs": 3025, "label": "D211 PR3+3025"}}, {"type": "Feature", "geometry": {"type": "Point", "coordinates": [2.99086324, 44.83431868]}, "properties": {"route": "D921", "pr": "9", "abs": 8957, "label": "D921 PR9+8957"}}, {"type": "Feature", "geometry": {"type": "Point", "coordinates": [3.00114542, 44.84984167]}, "properties": {"route": "D921", "pr": "12", "abs": 11937, "label": "D921 PR12+11937"}}, {"type": "Feature", "geometry": {"type": "Point", "coordinates": [3.00503152, 44.89837713]}, "properties": {"route": "D921", "pr": "19", "abs": 18897, "label": "D921 PR19+18897"}}, {"type": "Feature", "geometry": {"type": "Point", "coordinates": [3.00790935, 44.90577333]}, "properties": {"route": "D921", "pr": "20", "abs": 19887, "label": "D921 PR20+19887"}}, {"type": "Feature", "geometry": {"type": "Point", "coordinates": [2.98455007, 44.82720089]}, "properties": {"route": "D921", "pr": "8", "abs": 7969, "label": "D921 PR8+7969"}}, {"type": "Feature", "geometry": {"type": "Point", "coordinates": [3.00344465, 44.84229233]}, "properties": {"route": "D921", "pr": "11", "abs": 10940, "label": "D921 PR11+10940"}}, {"type": "Feature", "geometry": {"type": "Point", "coordinates": [2.99821281, 44.89230259]}, "properties": {"route": "D921", "pr": "18", "abs": 17902, "label": "D921 PR18+17902"}}, {"type": "Feature", "geometry": {"type": "Point", "coordinates": [3.0041415, 44.9223247]}, "properties": {"route": "D921", "pr": "22", "abs": 21864, "label": "D921 PR22+21864"}}, {"type": "Feature", "geometry": {"type": "Point", "coordinates": [3.01211913, 44.96359841]}, "properties": {"route": "D921", "pr": "27", "abs": 26833, "label": "D921 PR27+26833"}}, {"type": "Feature", "geometry": {"type": "Point", "coordinates": [3.00622782, 44.91422683]}, "properties": {"route": "D921", "pr": "21", "abs": 20874, "label": "D921 PR21+20874"}}, {"type": "Feature", "geometry": {"type": "Point", "coordinates": [3.00141469, 44.93814313]}, "properties": {"route": "D921", "pr": "24", "abs": 23852, "label": "D921 PR24+23852"}}, {"type": "Feature", "geometry": {"type": "Point", "coordinates": [2.99987211, 44.87672486]}, "properties": {"route": "D921", "pr": "16", "abs": 15907, "label": "D921 PR16+15907"}}, {"type": "Feature", "geometry": {"type": "Point", "coordinates": [3.01141895, 44.86338484]}, "properties": {"route": "D921", "pr": "14", "abs": 13927, "label": "D921 PR14+13927"}}, {"type": "Feature", "geometry": {"type": "Point", "coordinates": [3.00618486, 44.869359]}, "properties": {"route": "D921", "pr": "15", "abs": 14915, "label": "D921 PR15+14915"}}, {"type": "Feature", "geometry": {"type": "Point", "coordinates": [3.00728365, 44.94604086]}, "properties": {"route": "D921", "pr": "25", "abs": 24845, "label": "D921 PR25+24845"}}, {"type": "Feature", "geometry": {"type": "Point", "coordinates": [2.99580303, 44.88460278]}, "properties": {"route": "D921", "pr": "17", "abs": 16909, "label": "D921 PR17+16909"}}, {"type": "Feature", "geometry": {"type": "Point", "coordinates": [3.00714927, 44.85662817]}, "properties": {"route": "D921", "pr": "13", "abs": 12932, "label": "D921 PR13+12932"}}, {"type": "Feature", "geometry": {"type": "Point", "coordinates": [3.00970037, 44.9548084]}, "properties": {"route": "D921", "pr": "26", "abs": 25837, "label": "D921 PR26+25837"}}, {"type": "Feature", "geometry": {"type": "Point", "coordinates": [2.99788208, 44.92973558]}, "properties": {"route": "D921", "pr": "23", "abs": 22856, "label": "D921 PR23+22856"}}, {"type": "Feature", "geometry": {"type": "Point", "coordinates": [3.27286527, 44.95276246]}, "properties": {"route": "D50", "pr": "23", "abs": 22890, "label": "D50 PR23+22890"}}, {"type": "Feature", "geometry": {"type": "Point", "coordinates": [3.29931296, 44.94398426]}, "properties": {"route": "D50", "pr": "26", "abs": 25875, "label": "D50 PR26+25875"}}, {"type": "Feature", "geometry": {"type": "Point", "coordinates": [3.28185975, 44.94885944]}, "properties": {"route": "D50", "pr": "24", "abs": 23890, "label": "D50 PR24+23890"}}, {"type": "Feature", "geometry": {"type": "Point", "coordinates": [3.23548127, 44.96995671]}, "properties": {"route": "D50", "pr": "18", "abs": 17929, "label": "D50 PR18+17929"}}, {"type": "Feature", "geometry": {"type": "Point", "coordinates": [3.24012383, 44.96233506]}, "properties": {"route": "D50", "pr": "19", "abs": 18921, "label": "D50 PR19+18921"}}, {"type": "Feature", "geometry": {"type": "Point", "coordinates": [3.29178155, 44.94408441]}, "properties": {"route": "D50", "pr": "25", "abs": 24885, "label": "D50 PR25+24885"}}, {"type": "Feature", "geometry": {"type": "Point", "coordinates": [3.26899359, 44.95820291]}, "properties": {"route": "D50", "pr": "22", "abs": 21900, "label": "D50 PR22+21900"}}, {"type": "Feature", "geometry": {"type": "Point", "coordinates": [3.25656084, 44.95676649]}, "properties": {"route": "D50", "pr": "21", "abs": 20892, "label": "D50 PR21+20892"}}, {"type": "Feature", "geometry": {"type": "Point", "coordinates": [3.03676378, 44.7846305]}, "properties": {"route": "D613", "pr": "0", "abs": 0, "label": "D613 PR0"}}, {"type": "Feature", "geometry": {"type": "Point", "coordinates": [3.22689998, 44.89864253]}, "properties": {"route": "D448", "pr": "0", "abs": 0, "label": "D448 PR0"}}, {"type": "Feature", "geometry": {"type": "Point", "coordinates": [3.18822965, 44.88882175]}, "properties": {"route": "D448", "pr": "6", "abs": 5450, "label": "D448 PR6+5450"}}, {"type": "Feature", "geometry": {"type": "Point", "coordinates": [3.20953268, 44.8908301]}, "properties": {"route": "D448", "pr": "4", "abs": 3460, "label": "D448 PR4+3460"}}, {"type": "Feature", "geometry": {"type": "Point", "coordinates": [3.21161378, 44.90496706]}, "properties": {"route": "D448", "pr": "2", "abs": 1477, "label": "D448 PR2+1477"}}, {"type": "Feature", "geometry": {"type": "Point", "coordinates": [3.2131259, 44.89781538]}, "properties": {"route": "D448", "pr": "3", "abs": 2472, "label": "D448 PR3+2472"}}, {"type": "Feature", "geometry": {"type": "Point", "coordinates": [3.19814533, 44.88809593]}, "properties": {"route": "D448", "pr": "5", "abs": 4455, "label": "D448 PR5+4455"}}, {"type": "Feature", "geometry": {"type": "Point", "coordinates": [3.18189674, 44.88406046]}, "properties": {"route": "D448", "pr": "7", "abs": 6440, "label": "D448 PR7+6440"}}, {"type": "Feature", "geometry": {"type": "Point", "coordinates": [3.22117007, 44.90015857]}, "properties": {"route": "D448", "pr": "1", "abs": 483, "label": "D448 PR1+483"}}, {"type": "Feature", "geometry": {"type": "Point", "coordinates": [2.9850443, 44.92870279]}, "properties": {"route": "D16", "pr": "0", "abs": 0, "label": "D16 PR0"}}, {"type": "Feature", "geometry": {"type": "Point", "coordinates": [2.99228261, 44.96552559]}, "properties": {"route": "D16", "pr": "5", "abs": 5005, "label": "D16 PR5+5005"}}, {"type": "Feature", "geometry": {"type": "Point", "coordinates": [2.98802928, 44.95754798]}, "properties": {"route": "D16", "pr": "4", "abs": 4000, "label": "D16 PR4+4000"}}, {"type": "Feature", "geometry": {"type": "Point", "coordinates": [3.25259592, 44.95684309]}, "properties": {"route": "D450", "pr": "0", "abs": 0, "label": "D450 PR0"}}, {"type": "Feature", "geometry": {"type": "Point", "coordinates": [3.27291276, 44.94219924]}, "properties": {"route": "D450", "pr": "3", "abs": 2978, "label": "D450 PR3+2978"}}, {"type": "Feature", "geometry": {"type": "Point", "coordinates": [3.03397711, 44.81324892]}, "properties": {"route": "D513", "pr": "0", "abs": 0, "label": "D513 PR0"}}, {"type": "Feature", "geometry": {"type": "Point", "coordinates": [3.00596943, 44.81981372]}, "properties": {"route": "D513", "pr": "4", "abs": 4001, "label": "D513 PR4+4001"}}, {"type": "Feature", "geometry": {"type": "Point", "coordinates": [3.07257787, 44.9205571]}, "properties": {"route": "D40", "pr": "46", "abs": 46023, "label": "D40 PR46+46023"}}, {"type": "Feature", "geometry": {"type": "Point", "coordinates": [3.08581761, 44.96001132]}, "properties": {"route": "D40", "pr": "37", "abs": 36878, "label": "D40 PR37+36878"}}, {"type": "Feature", "geometry": {"type": "Point", "coordinates": [3.07656103, 44.92998835]}, "properties": {"route": "D40", "pr": "44", "abs": 44032, "label": "D40 PR44+44032"}}, {"type": "Feature", "geometry": {"type": "Point", "coordinates": [3.0777559, 44.92607727]}, "properties": {"route": "D40", "pr": "45", "abs": 45024, "label": "D40 PR45+45024"}}, {"type": "Feature", "geometry": {"type": "Point", "coordinates": [3.10005248, 44.96568254]}, "properties": {"route": "D40", "pr": "34", "abs": 33799, "label": "D40 PR34+33799"}}, {"type": "Feature", "geometry": {"type": "Point", "coordinates": [3.07150912, 44.94405712]}, "properties": {"route": "D40", "pr": "42", "abs": 42017, "label": "D40 PR42+42017"}}, {"type": "Feature", "geometry": {"type": "Point", "coordinates": [3.08593638, 44.95807185]}, "properties": {"route": "D40", "pr": "38", "abs": 37904, "label": "D40 PR38+37904"}}, {"type": "Feature", "geometry": {"type": "Point", "coordinates": [3.11095211, 44.96766831]}, "properties": {"route": "D40", "pr": "33", "abs": 32781, "label": "D40 PR33+32781"}}, {"type": "Feature", "geometry": {"type": "Point", "coordinates": [3.08336033, 44.94234898]}, "properties": {"route": "D40", "pr": "41", "abs": 41000, "label": "D40 PR41+41000"}}, {"type": "Feature", "geometry": {"type": "Point", "coordinates": [3.08983615, 44.94959545]}, "properties": {"route": "D40", "pr": "40", "abs": 39957, "label": "D40 PR40+39957"}}, {"type": "Feature", "geometry": {"type": "Point", "coordinates": [3.07498059, 44.93763346]}, "properties": {"route": "D40", "pr": "43", "abs": 43038, "label": "D40 PR43+43038"}}, {"type": "Feature", "geometry": {"type": "Point", "coordinates": [3.07275782, 44.90785571]}, "properties": {"route": "D40", "pr": "48", "abs": 48022, "label": "D40 PR48+48022"}}, {"type": "Feature", "geometry": {"type": "Point", "coordinates": [3.08201286, 44.961516]}, "properties": {"route": "D40", "pr": "36", "abs": 35850, "label": "D40 PR36+35850"}}, {"type": "Feature", "geometry": {"type": "Point", "coordinates": [3.09133193, 44.95405012]}, "properties": {"route": "D40", "pr": "39", "abs": 38931, "label": "D40 PR39+38931"}}, {"type": "Feature", "geometry": {"type": "Point", "coordinates": [3.06944364, 44.91313209]}, "properties": {"route": "D40", "pr": "47", "abs": 47023, "label": "D40 PR47+47023"}}, {"type": "Feature", "geometry": {"type": "Point", "coordinates": [3.30376674, 44.96786619]}, "properties": {"route": "D504", "pr": "5", "abs": 4983, "label": "D504 PR5+4983"}}, {"type": "Feature", "geometry": {"type": "Point", "coordinates": [3.17625992, 44.93409315]}, "properties": {"route": "D48", "pr": "25", "abs": 24610, "label": "D48 PR25+24610"}}, {"type": "Feature", "geometry": {"type": "Point", "coordinates": [2.99704818, 44.92803479]}, "properties": {"route": "D48", "pr": "14", "abs": 13935, "label": "D48 PR14+13935"}}, {"type": "Feature", "geometry": {"type": "Point", "coordinates": [3.18395408, 44.93025416]}, "properties": {"route": "D48", "pr": "26", "abs": 25610, "label": "D48 PR26+25610"}}, {"type": "Feature", "geometry": {"type": "Point", "coordinates": [3.16779756, 44.93488866]}, "properties": {"route": "D48", "pr": "24", "abs": 23640, "label": "D48 PR24+23640"}}, {"type": "Feature", "geometry": {"type": "Point", "coordinates": [3.23256487, 44.95335014]}, "properties": {"route": "D48", "pr": "36", "abs": 35581, "label": "D48 PR36+35581"}}, {"type": "Feature", "geometry": {"type": "Point", "coordinates": [2.98739367, 44.93069917]}, "properties": {"route": "D48", "pr": "13", "abs": 12928, "label": "D48 PR13+12928"}}, {"type": "Feature", "geometry": {"type": "Point", "coordinates": [3.23381544, 44.94613109]}, "properties": {"route": "D48", "pr": "35", "abs": 34616, "label": "D48 PR35+34616"}}, {"type": "Feature", "geometry": {"type": "Point", "coordinates": [3.23015255, 44.93466991]}, "properties": {"route": "D48", "pr": "33", "abs": 32618, "label": "D48 PR33+32618"}}, {"type": "Feature", "geometry": {"type": "Point", "coordinates": [3.15962397, 44.93435058]}, "properties": {"route": "D48", "pr": "23", "abs": 22628, "label": "D48 PR23+22628"}}, {"type": "Feature", "geometry": {"type": "Point", "coordinates": [3.00848289, 44.92849009]}, "properties": {"route": "D48", "pr": "15", "abs": 14921, "label": "D48 PR15+14921"}}, {"type": "Feature", "geometry": {"type": "Point", "coordinates": [3.23158993, 44.95676277]}, "properties": {"route": "D48", "pr": "37", "abs": 36568, "label": "D48 PR37+36568"}}, {"type": "Feature", "geometry": {"type": "Point", "coordinates": [3.20070583, 44.92340586]}, "properties": {"route": "D48", "pr": "29", "abs": 28598, "label": "D48 PR29+28598"}}, {"type": "Feature", "geometry": {"type": "Point", "coordinates": [3.33864284, 44.97136878]}, "properties": {"route": "D48", "pr": "42", "abs": 41658, "label": "D48 PR42+41658"}}, {"type": "Feature", "geometry": {"type": "Point", "coordinates": [3.04466236, 44.9341933]}, "properties": {"route": "D48", "pr": "19", "abs": 18915, "label": "D48 PR19+18915"}}, {"type": "Feature", "geometry": {"type": "Point", "coordinates": [3.19444108, 44.92402114]}, "properties": {"route": "D48", "pr": "28", "abs": 27588, "label": "D48 PR28+27588"}}, {"type": "Feature", "geometry": {"type": "Point", "coordinates": [3.01895096, 44.92960524]}, "properties": {"route": "D48", "pr": "16", "abs": 15911, "label": "D48 PR16+15911"}}, {"type": "Feature", "geometry": {"type": "Point", "coordinates": [3.19140963, 44.92922056]}, "properties": {"route": "D48", "pr": "27", "abs": 26598, "label": "D48 PR27+26598"}}, {"type": "Feature", "geometry": {"type": "Point", "coordinates": [3.15147066, 44.93938509]}, "properties": {"route": "D48", "pr": "22", "abs": 21658, "label": "D48 PR22+21658"}}, {"type": "Feature", "geometry": {"type": "Point", "coordinates": [3.0358929, 44.93736214]}, "properties": {"route": "D48", "pr": "18", "abs": 17889, "label": "D48 PR18+17889"}}, {"type": "Feature", "geometry": {"type": "Point", "coordinates": [3.22737937, 44.92848474]}, "properties": {"route": "D48", "pr": "32", "abs": 31628, "label": "D48 PR32+31628"}}, {"type": "Feature", "geometry": {"type": "Point", "coordinates": [3.05415874, 44.93796428]}, "properties": {"route": "D48", "pr": "20", "abs": 19917, "label": "D48 PR20+19917"}}, {"type": "Feature", "geometry": {"type": "Point", "coordinates": [3.22025723, 44.92546757]}, "properties": {"route": "D48", "pr": "31", "abs": 30638, "label": "D48 PR31+30638"}}, {"type": "Feature", "geometry": {"type": "Point", "coordinates": [3.23156213, 44.93775072]}, "properties": {"route": "D48", "pr": "34", "abs": 33611, "label": "D48 PR34+33611"}}, {"type": "Feature", "geometry": {"type": "Point", "coordinates": [3.20790577, 44.92520054]}, "properties": {"route": "D48", "pr": "30", "abs": 29548, "label": "D48 PR30+29548"}}, {"type": "Feature", "geometry": {"type": "Point", "coordinates": [3.2324777, 44.96321385]}, "properties": {"route": "D48", "pr": "38", "abs": 37577, "label": "D48 PR38+37577"}}, {"type": "Feature", "geometry": {"type": "Point", "coordinates": [3.06475809, 44.94287098]}, "properties": {"route": "D48", "pr": "21", "abs": 20923, "label": "D48 PR21+20923"}}, {"type": "Feature", "geometry": {"type": "Point", "coordinates": [3.03643654, 44.87075862]}, "properties": {"route": "D913", "pr": "0", "abs": 0, "label": "D913 PR0"}}, {"type": "Feature", "geometry": {"type": "Point", "coordinates": [3.14674389, 44.94050608]}, "properties": {"route": "D248", "pr": "0", "abs": 0, "label": "D248 PR0"}}, {"type": "Feature", "geometry": {"type": "Point", "coordinates": [3.14340032, 44.92339913]}, "properties": {"route": "D248", "pr": "2", "abs": 1979, "label": "D248 PR2+1979"}}, {"type": "Feature", "geometry": {"type": "Point", "coordinates": [3.15890829, 44.90052527]}, "properties": {"route": "D248", "pr": "5", "abs": 4960, "label": "D248 PR5+4960"}}, {"type": "Feature", "geometry": {"type": "Point", "coordinates": [3.15200837, 44.90766121]}, "properties": {"route": "D248", "pr": "4", "abs": 3967, "label": "D248 PR4+3967"}}, {"type": "Feature", "geometry": {"type": "Point", "coordinates": [3.18170567, 44.87980484]}, "properties": {"route": "D248", "pr": "8", "abs": 7949, "label": "D248 PR8+7949"}}, {"type": "Feature", "geometry": {"type": "Point", "coordinates": [3.16781946, 44.89433758]}, "properties": {"route": "D248", "pr": "6", "abs": 5954, "label": "D248 PR6+5954"}}, {"type": "Feature", "geometry": {"type": "Point", "coordinates": [3.17515787, 44.88724231]}, "properties": {"route": "D248", "pr": "7", "abs": 6955, "label": "D248 PR7+6955"}}, {"type": "Feature", "geometry": {"type": "Point", "coordinates": [2.98500804, 44.7229197]}, "properties": {"route": "D65", "pr": "48", "abs": 47460, "label": "D65 PR48+47460"}}, {"type": "Feature", "geometry": {"type": "Point", "coordinates": [2.99920962, 44.71341632]}, "properties": {"route": "D65", "pr": "50", "abs": 49433, "label": "D65 PR50+49433"}}, {"type": "Feature", "geometry": {"type": "Point", "coordinates": [2.99243108, 44.72064361]}, "properties": {"route": "D65", "pr": "49", "abs": 48443, "label": "D65 PR49+48443"}}, {"type": "Feature", "geometry": {"type": "Point", "coordinates": [2.9909599, 44.85482826]}, "properties": {"route": "D11", "pr": "15", "abs": 14990, "label": "D11 PR15+14990"}}, {"type": "Feature", "geometry": {"type": "Point", "coordinates": [2.9993304, 44.85543095]}, "properties": {"route": "D11", "pr": "16", "abs": 15982, "label": "D11 PR16+15982"}}, {"type": "Feature", "geometry": {"type": "Point", "coordinates": [3.18812987, 44.91119923]}, "properties": {"route": "D348", "pr": "2", "abs": 1986, "label": "D348 PR2+1986"}}, {"type": "Feature", "geometry": {"type": "Point", "coordinates": [3.00270223, 44.85109941]}, "properties": {"route": "D989", "pr": "0", "abs": 0, "label": "D989 PR0"}}, {"type": "Feature", "geometry": {"type": "Point", "coordinates": [3.01395393, 44.84514916]}, "properties": {"route": "D989", "pr": "3", "abs": 2964, "label": "D989 PR3+2964"}}, {"type": "Feature", "geometry": {"type": "Point", "coordinates": [3.03150834, 44.83386622]}, "properties": {"route": "D989", "pr": "5", "abs": 4950, "label": "D989 PR5+4950"}}, {"type": "Feature", "geometry": {"type": "Point", "coordinates": [3.02347521, 44.84046493]}, "properties": {"route": "D989", "pr": "4", "abs": 3959, "label": "D989 PR4+3959"}}, {"type": "Feature", "geometry": {"type": "Point", "coordinates": [3.03986477, 44.82734966]}, "properties": {"route": "D989", "pr": "6", "abs": 5947, "label": "D989 PR6+5947"}}, {"type": "Feature", "geometry": {"type": "Point", "coordinates": [3.06323408, 44.82579204]}, "properties": {"route": "D989", "pr": "8", "abs": 7959, "label": "D989 PR8+7959"}}, {"type": "Feature", "geometry": {"type": "Point", "coordinates": [3.05099789, 44.82437492]}, "properties": {"route": "D989", "pr": "7", "abs": 6939, "label": "D989 PR7+6939"}}, {"type": "Feature", "geometry": {"type": "Point", "coordinates": [3.0056422, 44.84901592]}, "properties": {"route": "D989", "pr": "2", "abs": 1972, "label": "D989 PR2+1972"}}, {"type": "Feature", "geometry": {"type": "Point", "coordinates": [3.0070325, 44.85409463]}, "properties": {"route": "D989", "pr": "1", "abs": 984, "label": "D989 PR1+984"}}, {"type": "Feature", "geometry": {"type": "Point", "coordinates": [3.09427717, 44.90483236]}, "properties": {"route": "D13", "pr": "46", "abs": 45586, "label": "D13 PR46+45586"}}, {"type": "Feature", "geometry": {"type": "Point", "coordinates": [3.11598873, 44.926667]}, "properties": {"route": "D13", "pr": "40", "abs": 39711, "label": "D13 PR40+39711"}}, {"type": "Feature", "geometry": {"type": "Point", "coordinates": [3.08882011, 44.89808694]}, "properties": {"route": "D13", "pr": "47", "abs": 46596, "label": "D13 PR47+46596"}}, {"type": "Feature", "geometry": {"type": "Point", "coordinates": [3.08683487, 44.88072894]}, "properties": {"route": "D13", "pr": "49", "abs": 48581, "label": "D13 PR49+48581"}}, {"type": "Feature", "geometry": {"type": "Point", "coordinates": [2.99822057, 44.68761587]}, "properties": {"route": "D13", "pr": "78", "abs": 77628, "label": "D13 PR78+77628"}}, {"type": "Feature", "geometry": {"type": "Point", "coordinates": [3.10915201, 44.91146874]}, "properties": {"route": "D13", "pr": "44", "abs": 43686, "label": "D13 PR44+43686"}}, {"type": "Feature", "geometry": {"type": "Point", "coordinates": [3.15893856, 44.95594225]}, "properties": {"route": "D13", "pr": "33", "abs": 32901, "label": "D13 PR33+32901"}}, {"type": "Feature", "geometry": {"type": "Point", "coordinates": [3.13189897, 44.93559791]}, "properties": {"route": "D13", "pr": "37", "abs": 36846, "label": "D13 PR37+36846"}}, {"type": "Feature", "geometry": {"type": "Point", "coordinates": [3.00409639, 44.70378044]}, "properties": {"route": "D13", "pr": "76", "abs": 75644, "label": "D13 PR76+75644"}}, {"type": "Feature", "geometry": {"type": "Point", "coordinates": [3.01638264, 44.86728988]}, "properties": {"route": "D13", "pr": "58", "abs": 57581, "label": "D13 PR58+57581"}}, {"type": "Feature", "geometry": {"type": "Point", "coordinates": [3.02928974, 44.83283325]}, "properties": {"route": "D13", "pr": "60", "abs": 59624, "label": "D13 PR60+59624"}}, {"type": "Feature", "geometry": {"type": "Point", "coordinates": [3.11470443, 44.90847938]}, "properties": {"route": "D13", "pr": "43", "abs": 42696, "label": "D13 PR43+42696"}}, {"type": "Feature", "geometry": {"type": "Point", "coordinates": [2.98283165, 44.67516187]}, "properties": {"route": "D13", "pr": "80", "abs": 79610, "label": "D13 PR80+79610"}}, {"type": "Feature", "geometry": {"type": "Point", "coordinates": [3.1197356, 44.9215436]}, "properties": {"route": "D13", "pr": "41", "abs": 40741, "label": "D13 PR41+40741"}}, {"type": "Feature", "geometry": {"type": "Point", "coordinates": [3.01219449, 44.86113211]}, "properties": {"route": "D13", "pr": "59", "abs": 58586, "label": "D13 PR59+58586"}}, {"type": "Feature", "geometry": {"type": "Point", "coordinates": [3.12684683, 44.93188351]}, "properties": {"route": "D13", "pr": "38", "abs": 37786, "label": "D13 PR38+37786"}}, {"type": "Feature", "geometry": {"type": "Point", "coordinates": [3.03636011, 44.78402562]}, "properties": {"route": "D13", "pr": "66", "abs": 65660, "label": "D13 PR66+65660"}}, {"type": "Feature", "geometry": {"type": "Point", "coordinates": [3.036435, 44.80985933]}, "properties": {"route": "D13", "pr": "63", "abs": 62639, "label": "D13 PR63+62639"}}, {"type": "Feature", "geometry": {"type": "Point", "coordinates": [3.05751368, 44.86454007]}, "properties": {"route": "D13", "pr": "53", "abs": 52589, "label": "D13 PR53+52589"}}, {"type": "Feature", "geometry": {"type": "Point", "coordinates": [3.14825947, 44.94028348]}, "properties": {"route": "D13", "pr": "35", "abs": 34901, "label": "D13 PR35+34901"}}, {"type": "Feature", "geometry": {"type": "Point", "coordinates": [3.04818598, 44.86905701]}, "properties": {"route": "D13", "pr": "54", "abs": 53591, "label": "D13 PR54+53591"}}, {"type": "Feature", "geometry": {"type": "Point", "coordinates": [3.07895249, 44.87398946]}, "properties": {"route": "D13", "pr": "50", "abs": 49581, "label": "D13 PR50+49581"}}, {"type": "Feature", "geometry": {"type": "Point", "coordinates": [3.02367572, 44.72470347]}, "properties": {"route": "D13", "pr": "73", "abs": 72659, "label": "D13 PR73+72659"}}, {"type": "Feature", "geometry": {"type": "Point", "coordinates": [3.02511276, 44.86891606]}, "properties": {"route": "D13", "pr": "56", "abs": 55590, "label": "D13 PR56+55590"}}, {"type": "Feature", "geometry": {"type": "Point", "coordinates": [3.16398267, 44.97061631]}, "properties": {"route": "D13", "pr": "31", "abs": 30901, "label": "D13 PR31+30901"}}, {"type": "Feature", "geometry": {"type": "Point", "coordinates": [3.03641299, 44.80125407]}, "properties": {"route": "D13", "pr": "64", "abs": 63646, "label": "D13 PR64+63646"}}, {"type": "Feature", "geometry": {"type": "Point", "coordinates": [3.0269348, 44.75045399]}, "properties": {"route": "D13", "pr": "70", "abs": 69656, "label": "D13 PR70+69656"}}, {"type": "Feature", "geometry": {"type": "Point", "coordinates": [3.06730741, 44.86565818]}, "properties": {"route": "D13", "pr": "52", "abs": 51584, "label": "D13 PR52+51584"}}, {"type": "Feature", "geometry": {"type": "Point", "coordinates": [3.02853795, 44.73276178]}, "properties": {"route": "D13", "pr": "72", "abs": 71657, "label": "D13 PR72+71657"}}, {"type": "Feature", "geometry": {"type": "Point", "coordinates": [3.03811698, 44.79285533]}, "properties": {"route": "D13", "pr": "65", "abs": 64655, "label": "D13 PR65+64655"}}, {"type": "Feature", "geometry": {"type": "Point", "coordinates": [3.02882106, 44.8244]}, "properties": {"route": "D13", "pr": "61", "abs": 60629, "label": "D13 PR61+60629"}}, {"type": "Feature", "geometry": {"type": "Point", "coordinates": [3.02454194, 44.75926223]}, "properties": {"route": "D13", "pr": "69", "abs": 68646, "label": "D13 PR69+68646"}}, {"type": "Feature", "geometry": {"type": "Point", "coordinates": [3.01706379, 44.71737269]}, "properties": {"route": "D13", "pr": "74", "abs": 73661, "label": "D13 PR74+73661"}}, {"type": "Feature", "geometry": {"type": "Point", "coordinates": [3.08795412, 44.88948662]}, "properties": {"route": "D13", "pr": "48", "abs": 47586, "label": "D13 PR48+47586"}}, {"type": "Feature", "geometry": {"type": "Point", "coordinates": [3.12191007, 44.91505058]}, "properties": {"route": "D13", "pr": "42", "abs": 41706, "label": "D13 PR42+41706"}}, {"type": "Feature", "geometry": {"type": "Point", "coordinates": [3.03678074, 44.87048301]}, "properties": {"route": "D13", "pr": "55", "abs": 54589, "label": "D13 PR55+54589"}}, {"type": "Feature", "geometry": {"type": "Point", "coordinates": [3.11715714, 44.93085603]}, "properties": {"route": "D13", "pr": "39", "abs": 38731, "label": "D13 PR39+38731"}}, {"type": "Feature", "geometry": {"type": "Point", "coordinates": [3.13937682, 44.94032288]}, "properties": {"route": "D13", "pr": "36", "abs": 35901, "label": "D13 PR36+35901"}}, {"type": "Feature", "geometry": {"type": "Point", "coordinates": [3.06759266, 44.87019212]}, "properties": {"route": "D13", "pr": "51", "abs": 50582, "label": "D13 PR51+50582"}}, {"type": "Feature", "geometry": {"type": "Point", "coordinates": [3.16340983, 44.96294692]}, "properties": {"route": "D13", "pr": "32", "abs": 31906, "label": "D13 PR32+31906"}}, {"type": "Feature", "geometry": {"type": "Point", "coordinates": [2.99289713, 44.67991915]}, "properties": {"route": "D13", "pr": "79", "abs": 78619, "label": "D13 PR79+78619"}}, {"type": "Feature", "geometry": {"type": "Point", "coordinates": [3.0349591, 44.81809596]}, "properties": {"route": "D13", "pr": "62", "abs": 61634, "label": "D13 PR62+61634"}}, {"type": "Feature", "geometry": {"type": "Point", "coordinates": [3.02748783, 44.76784868]}, "properties": {"route": "D13", "pr": "68", "abs": 67641, "label": "D13 PR68+67641"}}, {"type": "Feature", "geometry": {"type": "Point", "coordinates": [3.00216214, 44.69582826]}, "properties": {"route": "D13", "pr": "77", "abs": 76620, "label": "D13 PR77+76620"}}, {"type": "Feature", "geometry": {"type": "Point", "coordinates": [3.00871073, 44.95102966]}, "properties": {"route": "D10", "pr": "0", "abs": 0, "label": "D10 PR0"}}, {"type": "Feature", "geometry": {"type": "Point", "coordinates": [3.02085354, 44.9504167]}, "properties": {"route": "D10", "pr": "1", "abs": 997, "label": "D10 PR1+997"}}, {"type": "Feature", "geometry": {"type": "Point", "coordinates": [3.04367132, 44.95233775]}, "properties": {"route": "D10", "pr": "6", "abs": 6005, "label": "D10 PR6+6005"}}, {"type": "Feature", "geometry": {"type": "Point", "coordinates": [3.04773384, 44.93590631]}, "properties": {"route": "D10", "pr": "4", "abs": 4007, "label": "D10 PR4+4007"}}, {"type": "Feature", "geometry": {"type": "Point", "coordinates": [3.04514802, 44.94386656]}, "properties": {"route": "D10", "pr": "5", "abs": 5007, "label": "D10 PR5+5007"}}, {"type": "Feature", "geometry": {"type": "Point", "coordinates": [3.04185657, 44.96215241]}, "properties": {"route": "D10", "pr": "8", "abs": 7927, "label": "D10 PR8+7927"}}, {"type": "Feature", "geometry": {"type": "Point", "coordinates": [3.03206107, 44.9466064]}, "properties": {"route": "D10", "pr": "2", "abs": 1988, "label": "D10 PR2+1988"}}, {"type": "Feature", "geometry": {"type": "Point", "coordinates": [3.03985328, 44.93959188]}, "properties": {"route": "D10", "pr": "3", "abs": 2976, "label": "D10 PR3+2976"}}, {"type": "Feature", "geometry": {"type": "Point", "coordinates": [3.0388814, 44.97129311]}, "properties": {"route": "D10", "pr": "9", "abs": 8994, "label": "D10 PR9+8994"}}, {"type": "Feature", "geometry": {"type": "Point", "coordinates": [3.04546129, 44.9549823]}, "properties": {"route": "D10", "pr": "7", "abs": 7005, "label": "D10 PR7+7005"}}, {"type": "Feature", "geometry": {"type": "Point", "coordinates": [3.08003059, 44.87438484]}, "properties": {"route": "D413", "pr": "0", "abs": 0, "label": "D413 PR0"}}, {"type": "Feature", "geometry": {"type": "Point", "coordinates": [3.10010616, 44.87785018]}, "properties": {"route": "D413", "pr": "3", "abs": 2680, "label": "D413 PR3+2680"}}, {"type": "Feature", "geometry": {"type": "Point", "coordinates": [3.09114132, 44.87579612]}, "properties": {"route": "D413", "pr": "2", "abs": 1701, "label": "D413 PR2+1701"}}, {"type": "Feature", "geometry": {"type": "Point", "coordinates": [3.08528101, 44.87068954]}, "properties": {"route": "D413", "pr": "1", "abs": 711, "label": "D413 PR1+711"}}, {"type": "Feature", "geometry": {"type": "Point", "coordinates": [3.02768611, 44.7727022]}, "properties": {"route": "D565", "pr": "1", "abs": 994, "label": "D565 PR1+994"}}, {"type": "Feature", "geometry": {"type": "Point", "coordinates": [3.00353337, 44.76405453]}, "properties": {"route": "D565", "pr": "4", "abs": 3951, "label": "D565 PR4+3951"}}, {"type": "Feature", "geometry": {"type": "Point", "coordinates": [3.01696539, 44.77212726]}, "properties": {"route": "D565", "pr": "2", "abs": 1982, "label": "D565 PR2+1982"}}, {"type": "Feature", "geometry": {"type": "Point", "coordinates": [2.99329356, 44.7629272]}, "properties": {"route": "D565", "pr": "5", "abs": 4929, "label": "D565 PR5+4929"}}, {"type": "Feature", "geometry": {"type": "Point", "coordinates": [2.9842688, 44.76088168]}, "properties": {"route": "D565", "pr": "6", "abs": 5909, "label": "D565 PR6+5909"}}, {"type": "Feature", "geometry": {"type": "Point", "coordinates": [3.22079105, 44.9158741]}, "properties": {"route": "D909", "pr": "52", "abs": 51713, "label": "D909 PR52+51713"}}, {"type": "Feature", "geometry": {"type": "Point", "coordinates": [3.17930135, 44.96955545]}, "properties": {"route": "D909", "pr": "45", "abs": 44731, "label": "D909 PR45+44731"}}, {"type": "Feature", "geometry": {"type": "Point", "coordinates": [3.21185253, 44.92189958]}, "properties": {"route": "D909", "pr": "51", "abs": 50716, "label": "D909 PR51+50716"}}, {"type": "Feature", "geometry": {"type": "Point", "coordinates": [3.22737681, 44.9000236]}, "properties": {"route": "D909", "pr": "54", "abs": 53704, "label": "D909 PR54+53704"}}, {"type": "Feature", "geometry": {"type": "Point", "coordinates": [3.19913328, 44.94702245]}, "properties": {"route": "D909", "pr": "48", "abs": 47723, "label": "D909 PR48+47723"}}, {"type": "Feature", "geometry": {"type": "Point", "coordinates": [3.22739381, 44.90859762]}, "properties": {"route": "D909", "pr": "53", "abs": 52708, "label": "D909 PR53+52708"}}, {"type": "Feature", "geometry": {"type": "Point", "coordinates": [3.18663731, 44.96224949]}, "properties": {"route": "D909", "pr": "46", "abs": 45729, "label": "D909 PR46+45729"}}, {"type": "Feature", "geometry": {"type": "Point", "coordinates": [3.20680328, 44.93004293]}, "properties": {"route": "D909", "pr": "50", "abs": 49718, "label": "D909 PR50+49718"}}, {"type": "Feature", "geometry": {"type": "Point", "coordinates": [3.19298709, 44.9544928]}, "properties": {"route": "D909", "pr": "47", "abs": 46726, "label": "D909 PR47+46726"}}, {"type": "Feature", "geometry": {"type": "Point", "coordinates": [3.00106919, 44.70179898]}, "properties": {"route": "D665", "pr": "0", "abs": 0, "label": "D665 PR0"}}, {"type": "Feature", "geometry": {"type": "Point", "coordinates": [2.99144072, 44.69813628]}, "properties": {"route": "D665", "pr": "1", "abs": 993, "label": "D665 PR1+993"}}, {"type": "Feature", "geometry": {"type": "Point", "coordinates": [3.04173663, 44.82659719]}, "properties": {"route": "D311", "pr": "0", "abs": 0, "label": "D311 PR0"}}, {"type": "Feature", "geometry": {"type": "Point", "coordinates": [3.04571759, 44.87275304]}, "properties": {"route": "D913", "pr": "1", "abs": 988, "label": "D913 PR1+988"}}, {"type": "Feature", "geometry": {"type": "Point", "coordinates": [3.04539015, 44.87336541]}, "properties": {"route": "D913", "pr": "1", "abs": 1062, "label": "D913 PR1+1062"}}, {"type": "Feature", "geometry": {"type": "Point", "coordinates": [3.08651363, 44.9015416]}, "properties": {"route": "D440", "pr": "0", "abs": 0, "label": "D440 PR0"}}, {"type": "Feature", "geometry": {"type": "Point", "coordinates": [3.08775939, 44.899414]}, "properties": {"route": "D440", "pr": "0", "abs": 254, "label": "D440 PR0+254"}}, {"type": "Feature", "geometry": {"type": "Point", "coordinates": [3.08548708, 44.96196807]}, "properties": {"route": "D116", "pr": "13", "abs": 13665, "label": "D116 PR13+13665"}}, {"type": "Feature", "geometry": {"type": "Point", "coordinates": [3.08141821, 44.96684661]}, "properties": {"route": "D116", "pr": "13", "abs": 13012, "label": "D116 PR13+13012"}}, {"type": "Feature", "geometry": {"type": "Point", "coordinates": [3.19357582, 44.86608696]}, "properties": {"route": "D248", "pr": "9", "abs": 9484, "label": "D248 PR9+9484"}}, {"type": "Feature", "geometry": {"type": "Point", "coordinates": [3.18873418, 44.87351232]}, "properties": {"route": "D248", "pr": "9", "abs": 8942, "label": "D248 PR9+8942"}}, {"type": "Feature", "geometry": {"type": "Point", "coordinates": [3.00222912, 44.69797454]}, "properties": {"route": "D65", "pr": "51", "abs": 51208, "label": "D65 PR51+51208"}}, {"type": "Feature", "geometry": {"type": "Point", "coordinates": [3.00008458, 44.70479424]}, "properties": {"route": "D65", "pr": "51", "abs": 50423, "label": "D65 PR51+50423"}}, {"type": "Feature", "geometry": {"type": "Point", "coordinates": [3.00235783, 44.84799956]}, "properties": {"route": "D11", "pr": "17", "abs": 17009, "label": "D11 PR17+17009"}}, {"type": "Feature", "geometry": {"type": "Point", "coordinates": [3.00225153, 44.84828047]}, "properties": {"route": "D11", "pr": "17", "abs": 16973, "label": "D11 PR17+16973"}}, {"type": "Feature", "geometry": {"type": "Point", "coordinates": [3.17771301, 44.90183471]}, "properties": {"route": "D348", "pr": "4", "abs": 4642, "label": "D348 PR4+4642"}}, {"type": "Feature", "geometry": {"type": "Point", "coordinates": [3.18349758, 44.90035683]}, "properties": {"route": "D348", "pr": "4", "abs": 3979, "label": "D348 PR4+3979"}}, {"type": "Feature", "geometry": {"type": "Point", "coordinates": [3.07670626, 44.82487151]}, "properties": {"route": "D989", "pr": "9", "abs": 9167, "label": "D989 PR9+9167"}}, {"type": "Feature", "geometry": {"type": "Point", "coordinates": [3.07456146, 44.82451734]}, "properties": {"route": "D989", "pr": "9", "abs": 8967, "label": "D989 PR9+8967"}}, {"type": "Feature", "geometry": {"type": "Point", "coordinates": [3.02659434, 44.75184594]}, "properties": {"route": "D713", "pr": "0", "abs": 0, "label": "D713 PR0"}}, {"type": "Feature", "geometry": {"type": "Point", "coordinates": [3.03515229, 44.75485508]}, "properties": {"route": "D713", "pr": "0", "abs": 887, "label": "D713 PR0+887"}}, {"type": "Feature", "geometry": {"type": "Point", "coordinates": [3.10749518, 44.86739842]}, "properties": {"route": "D413", "pr": "4", "abs": 4321, "label": "D413 PR4+4321"}}, {"type": "Feature", "geometry": {"type": "Point", "coordinates": [3.10158737, 44.87066231]}, "properties": {"route": "D413", "pr": "4", "abs": 3668, "label": "D413 PR4+3668"}}, {"type": "Feature", "geometry": {"type": "Point", "coordinates": [3.23803751, 44.88674001]}, "properties": {"route": "D909", "pr": "55", "abs": 55569, "label": "D909 PR55+55569"}}, {"type": "Feature", "geometry": {"type": "Point", "coordinates": [3.23175788, 44.89217249]}, "properties": {"route": "D909", "pr": "55", "abs": 54704, "label": "D909 PR55+54704"}}, {"type": "Feature", "geometry": {"type": "Point", "coordinates": [3.2103147, 44.93457956]}, "properties": {"route": "D548", "pr": "0", "abs": 0, "label": "D548 PR0"}}, {"type": "Feature", "geometry": {"type": "Point", "coordinates": [3.2058339, 44.93252432]}, "properties": {"route": "D548", "pr": "0", "abs": 500, "label": "D548 PR0+500"}}, {"type": "Feature", "geometry": {"type": "Point", "coordinates": [3.00207252, 44.69570312]}, "properties": {"route": "D813", "pr": "0", "abs": 0, "label": "D813 PR0"}}, {"type": "Feature", "geometry": {"type": "Point", "coordinates": [3.00786108, 44.69689934]}, "properties": {"route": "D813", "pr": "0", "abs": 788, "label": "D813 PR0+788"}}, {"type": "Feature", "geometry": {"type": "Point", "coordinates": [3.04417769, 44.83543477]}, "properties": {"route": "D311", "pr": "1", "abs": 1010, "label": "D311 PR1+1010"}}, {"type": "Feature", "geometry": {"type": "Point", "coordinates": [3.04451119, 44.83474499]}, "properties": {"route": "D311", "pr": "1", "abs": 984, "label": "D311 PR1+984"}}, {"type": "Feature", "geometry": {"type": "Point", "coordinates": [3.3476362, 44.96303778]}, "properties": {"route": "D4", "pr": "21", "abs": 20943, "label": "D4 PR21+20943"}}, {"type": "Feature", "geometry": {"type": "Point", "coordinates": [3.3553833, 44.96016452]}, "properties": {"route": "D4", "pr": "21", "abs": 21646, "label": "D4 PR21+21646"}}, {"type": "Feature", "geometry": {"type": "Point", "coordinates": [3.70734206, 44.8424666]}, "properties": {"route": "D32", "pr": "4", "abs": 3973, "label": "D32 PR4+3973"}}, {"type": "Feature", "geometry": {"type": "Point", "coordinates": [3.4561638, 44.82906434]}, "properties": {"route": "D587", "pr": "0", "abs": 5, "label": "D587 PR0+5"}}, {"type": "Feature", "geometry": {"type": "Point", "coordinates": [3.52665159, 44.89620065]}, "properties": {"route": "D587", "pr": "11", "abs": 9945, "label": "D587 PR11+9945"}}, {"type": "Feature", "geometry": {"type": "Point", "coordinates": [3.49995705, 44.88103313]}, "properties": {"route": "D587", "pr": "8", "abs": 6946, "label": "D587 PR8+6946"}}, {"type": "Feature", "geometry": {"type": "Point", "coordinates": [3.50572727, 44.88812707]}, "properties": {"route": "D587", "pr": "9", "abs": 7920, "label": "D587 PR9+7920"}}, {"type": "Feature", "geometry": {"type": "Point", "coordinates": [3.54716225, 44.90410581]}, "properties": {"route": "D587", "pr": "13", "abs": 11000, "label": "D587 PR13+11000"}}, {"type": "Feature", "geometry": {"type": "Point", "coordinates": [3.48643169, 44.85102492]}, "properties": {"route": "D587", "pr": "4", "abs": 4090, "label": "D587 PR4+4090"}}, {"type": "Feature", "geometry": {"type": "Point", "coordinates": [3.48730034, 44.85996701]}, "properties": {"route": "D587", "pr": "5", "abs": 4561, "label": "D587 PR5+4561"}}, {"type": "Feature", "geometry": {"type": "Point", "coordinates": [3.49323333, 44.87391344]}, "properties": {"route": "D587", "pr": "7", "abs": 6581, "label": "D587 PR7+6581"}}, {"type": "Feature", "geometry": {"type": "Point", "coordinates": [3.51444352, 44.89392051]}, "properties": {"route": "D587", "pr": "10", "abs": 8933, "label": "D587 PR10+8933"}}, {"type": "Feature", "geometry": {"type": "Point", "coordinates": [3.47251535, 44.83974784]}, "properties": {"route": "D587", "pr": "2", "abs": 2012, "label": "D587 PR2+2012"}}, {"type": "Feature", "geometry": {"type": "Point", "coordinates": [3.53769845, 44.89894878]}, "properties": {"route": "D587", "pr": "12", "abs": 10918, "label": "D587 PR12+10918"}}, {"type": "Feature", "geometry": {"type": "Point", "coordinates": [3.49104756, 44.86519507]}, "properties": {"route": "D587", "pr": "6", "abs": 5569, "label": "D587 PR6+5569"}}, {"type": "Feature", "geometry": {"type": "Point", "coordinates": [3.48164148, 44.84443814]}, "properties": {"route": "D587", "pr": "3", "abs": 3048, "label": "D587 PR3+3048"}}, {"type": "Feature", "geometry": {"type": "Point", "coordinates": [3.46676348, 44.83299708]}, "properties": {"route": "D587", "pr": "1", "abs": 994, "label": "D587 PR1+994"}}, {"type": "Feature", "geometry": {"type": "Point", "coordinates": [3.79856388, 44.92696156]}, "properties": {"route": "D333", "pr": "0", "abs": 5, "label": "D333 PR0+5"}}, {"type": "Feature", "geometry": {"type": "Point", "coordinates": [3.75235733, 44.93592144]}, "properties": {"route": "D333", "pr": "4", "abs": 4002, "label": "D333 PR4+4002"}}, {"type": "Feature", "geometry": {"type": "Point", "coordinates": [3.73262571, 44.94528681]}, "properties": {"route": "D333", "pr": "6", "abs": 5998, "label": "D333 PR6+5998"}}, {"type": "Feature", "geometry": {"type": "Point", "coordinates": [3.78664918, 44.92872577]}, "properties": {"route": "D333", "pr": "1", "abs": 996, "label": "D333 PR1+996"}}, {"type": "Feature", "geometry": {"type": "Point", "coordinates": [3.76328622, 44.93269374]}, "properties": {"route": "D333", "pr": "3", "abs": 3002, "label": "D333 PR3+3002"}}, {"type": "Feature", "geometry": {"type": "Point", "coordinates": [3.77533987, 44.93151633]}, "properties": {"route": "D333", "pr": "2", "abs": 2004, "label": "D333 PR2+2004"}}, {"type": "Feature", "geometry": {"type": "Point", "coordinates": [3.7409644, 44.93971841]}, "properties": {"route": "D333", "pr": "5", "abs": 5004, "label": "D333 PR5+5004"}}, {"type": "Feature", "geometry": {"type": "Point", "coordinates": [3.72402284, 44.95114534]}, "properties": {"route": "D333", "pr": "7", "abs": 6182, "label": "D333 PR7+6182"}}, {"type": "Feature", "geometry": {"type": "Point", "coordinates": [3.88733719, 44.83650584]}, "properties": {"route": "D531", "pr": "0", "abs": 5, "label": "D531 PR0+5"}}, {"type": "Feature", "geometry": {"type": "Point", "coordinates": [3.8766631, 44.8319528]}, "properties": {"route": "D531", "pr": "1", "abs": 923, "label": "D531 PR1+923"}}, {"type": "Feature", "geometry": {"type": "Point", "coordinates": [3.98183583, 44.92719368]}, "properties": {"route": "D281", "pr": "0", "abs": 5, "label": "D281 PR0+5"}}, {"type": "Feature", "geometry": {"type": "Point", "coordinates": [3.99399071, 44.90192151]}, "properties": {"route": "D281", "pr": "4", "abs": 4000, "label": "D281 PR4+4000"}}, {"type": "Feature", "geometry": {"type": "Point", "coordinates": [3.99043086, 44.89353529]}, "properties": {"route": "D281", "pr": "5", "abs": 4995, "label": "D281 PR5+4995"}}, {"type": "Feature", "geometry": {"type": "Point", "coordinates": [3.98301418, 44.88956101]}, "properties": {"route": "D281", "pr": "6", "abs": 5973, "label": "D281 PR6+5973"}}, {"type": "Feature", "geometry": {"type": "Point", "coordinates": [3.98203274, 44.91549094]}, "properties": {"route": "D281", "pr": "2", "abs": 2004, "label": "D281 PR2+2004"}}, {"type": "Feature", "geometry": {"type": "Point", "coordinates": [3.97345478, 44.88605435]}, "properties": {"route": "D281", "pr": "7", "abs": 6419, "label": "D281 PR7+6419"}}, {"type": "Feature", "geometry": {"type": "Point", "coordinates": [3.98072314, 44.92220165]}, "properties": {"route": "D281", "pr": "1", "abs": 1029, "label": "D281 PR1+1029"}}, {"type": "Feature", "geometry": {"type": "Point", "coordinates": [3.98972269, 44.90998146]}, "properties": {"route": "D281", "pr": "3", "abs": 3001, "label": "D281 PR3+3001"}}, {"type": "Feature", "geometry": {"type": "Point", "coordinates": [3.84788284, 44.78195183]}, "properties": {"route": "D401", "pr": "0", "abs": 5, "label": "D401 PR0+5"}}, {"type": "Feature", "geometry": {"type": "Point", "coordinates": [3.83660104, 44.77956514]}, "properties": {"route": "D401", "pr": "1", "abs": 1033, "label": "D401 PR1+1033"}}, {"type": "Feature", "geometry": {"type": "Point", "coordinates": [3.81127151, 44.78587855]}, "properties": {"route": "D401", "pr": "4", "abs": 3997, "label": "D401 PR4+3997"}}, {"type": "Feature", "geometry": {"type": "Point", "coordinates": [3.81876706, 44.78724242]}, "properties": {"route": "D401", "pr": "3", "abs": 3003, "label": "D401 PR3+3003"}}, {"type": "Feature", "geometry": {"type": "Point", "coordinates": [3.82401508, 44.78093432]}, "properties": {"route": "D401", "pr": "2", "abs": 2017, "label": "D401 PR2+2017"}}, {"type": "Feature", "geometry": {"type": "Point", "coordinates": [3.80240784, 44.79085362]}, "properties": {"route": "D401", "pr": "5", "abs": 4196, "label": "D401 PR5+4196"}}, {"type": "Feature", "geometry": {"type": "Point", "coordinates": [3.79209787, 44.79093406]}, "properties": {"route": "D401", "pr": "6", "abs": 5141, "label": "D401 PR6+5141"}}, {"type": "Feature", "geometry": {"type": "Point", "coordinates": [3.64772521, 44.96813459]}, "properties": {"route": "D789", "pr": "0", "abs": 5, "label": "D789 PR0+5"}}, {"type": "Feature", "geometry": {"type": "Point", "coordinates": [3.9322502, 44.86922903]}, "properties": {"route": "D37", "pr": "25", "abs": 22156, "label": "D37 PR25+22156"}}, {"type": "Feature", "geometry": {"type": "Point", "coordinates": [3.96155368, 44.86488138]}, "properties": {"route": "D37", "pr": "28", "abs": 25068, "label": "D37 PR28+25068"}}, {"type": "Feature", "geometry": {"type": "Point", "coordinates": [3.96868682, 44.86312031]}, "properties": {"route": "D37", "pr": "29", "abs": 25444, "label": "D37 PR29+25444"}}, {"type": "Feature", "geometry": {"type": "Point", "coordinates": [3.93380111, 44.91200791]}, "properties": {"route": "D37", "pr": "20", "abs": 18118, "label": "D37 PR20+18118"}}, {"type": "Feature", "geometry": {"type": "Point", "coordinates": [3.95377056, 44.86671601]}, "properties": {"route": "D37", "pr": "27", "abs": 24091, "label": "D37 PR27+24091"}}, {"type": "Feature", "geometry": {"type": "Point", "coordinates": [3.92660706, 44.87484345]}, "properties": {"route": "D37", "pr": "24", "abs": 21176, "label": "D37 PR24+21176"}}, {"type": "Feature", "geometry": {"type": "Point", "coordinates": [3.98638491, 44.86261512]}, "properties": {"route": "D37", "pr": "30", "abs": 26426, "label": "D37 PR30+26426"}}, {"type": "Feature", "geometry": {"type": "Point", "coordinates": [3.93600077, 44.92088821]}, "properties": {"route": "D37", "pr": "19", "abs": 17273, "label": "D37 PR19+17273"}}, {"type": "Feature", "geometry": {"type": "Point", "coordinates": [3.9344063, 44.96150978]}, "properties": {"route": "D37", "pr": "13", "abs": 11278, "label": "D37 PR13+11278"}}, {"type": "Feature", "geometry": {"type": "Point", "coordinates": [3.93606764, 44.95520092]}, "properties": {"route": "D37", "pr": "14", "abs": 12279, "label": "D37 PR14+12279"}}, {"type": "Feature", "geometry": {"type": "Point", "coordinates": [3.93275847, 44.96964457]}, "properties": {"route": "D37", "pr": "12", "abs": 11085, "label": "D37 PR12+11085"}}, {"type": "Feature", "geometry": {"type": "Point", "coordinates": [3.92261127, 44.88513232]}, "properties": {"route": "D37", "pr": "22", "abs": 19224, "label": "D37 PR22+19224"}}, {"type": "Feature", "geometry": {"type": "Point", "coordinates": [3.93207696, 44.95024879]}, "properties": {"route": "D37", "pr": "15", "abs": 13273, "label": "D37 PR15+13273"}}, {"type": "Feature", "geometry": {"type": "Point", "coordinates": [3.94244157, 44.86703515]}, "properties": {"route": "D37", "pr": "26", "abs": 23123, "label": "D37 PR26+23123"}}, {"type": "Feature", "geometry": {"type": "Point", "coordinates": [3.92637156, 44.93547462]}, "properties": {"route": "D37", "pr": "17", "abs": 15257, "label": "D37 PR17+15257"}}, {"type": "Feature", "geometry": {"type": "Point", "coordinates": [3.92167049, 44.88059669]}, "properties": {"route": "D37", "pr": "23", "abs": 20186, "label": "D37 PR23+20186"}}, {"type": "Feature", "geometry": {"type": "Point", "coordinates": [3.93191019, 44.92884716]}, "properties": {"route": "D37", "pr": "18", "abs": 16255, "label": "D37 PR18+16255"}}, {"type": "Feature", "geometry": {"type": "Point", "coordinates": [3.92925091, 44.88776108]}, "properties": {"route": "D37", "pr": "21", "abs": 18243, "label": "D37 PR21+18243"}}, {"type": "Feature", "geometry": {"type": "Point", "coordinates": [3.92919428, 44.94333245]}, "properties": {"route": "D37", "pr": "16", "abs": 14267, "label": "D37 PR16+14267"}}, {"type": "Feature", "geometry": {"type": "Point", "coordinates": [3.99326931, 44.85558189]}, "properties": {"route": "D37", "pr": "31", "abs": 27418, "label": "D37 PR31+27418"}}, {"type": "Feature", "geometry": {"type": "Point", "coordinates": [3.73356566, 44.83764776]}, "properties": {"route": "D321", "pr": "0", "abs": 5, "label": "D321 PR0+5"}}, {"type": "Feature", "geometry": {"type": "Point", "coordinates": [3.72547502, 44.85003691]}, "properties": {"route": "D321", "pr": "2", "abs": 1974, "label": "D321 PR2+1974"}}, {"type": "Feature", "geometry": {"type": "Point", "coordinates": [3.73268658, 44.84476199]}, "properties": {"route": "D321", "pr": "1", "abs": 997, "label": "D321 PR1+997"}}, {"type": "Feature", "geometry": {"type": "Point", "coordinates": [3.69686451, 44.85632833]}, "properties": {"route": "D321", "pr": "6", "abs": 5464, "label": "D321 PR6+5464"}}, {"type": "Feature", "geometry": {"type": "Point", "coordinates": [3.71711236, 44.85171372]}, "properties": {"route": "D321", "pr": "3", "abs": 2975, "label": "D321 PR3+2975"}}, {"type": "Feature", "geometry": {"type": "Point", "coordinates": [3.70991317, 44.85464749]}, "properties": {"route": "D321", "pr": "4", "abs": 4002, "label": "D321 PR4+4002"}}, {"type": "Feature", "geometry": {"type": "Point", "coordinates": [3.70413955, 44.85886829]}, "properties": {"route": "D321", "pr": "5", "abs": 4995, "label": "D321 PR5+4995"}}, {"type": "Feature", "geometry": {"type": "Point", "coordinates": [3.41341269, 44.97095846]}, "properties": {"route": "D30", "pr": "37", "abs": 31799, "label": "D30 PR37+31799"}}, {"type": "Feature", "geometry": {"type": "Point", "coordinates": [3.42047347, 44.96650393]}, "properties": {"route": "D30", "pr": "38", "abs": 32492, "label": "D30 PR38+32492"}}, {"type": "Feature", "geometry": {"type": "Point", "coordinates": [3.77531813, 44.9679991]}, "properties": {"route": "D621", "pr": "5", "abs": 4985, "label": "D621 PR5+4985"}}, {"type": "Feature", "geometry": {"type": "Point", "coordinates": [3.65118795, 44.92207018]}, "properties": {"route": "D336", "pr": "0", "abs": 5, "label": "D336 PR0+5"}}, {"type": "Feature", "geometry": {"type": "Point", "coordinates": [3.6515973, 44.91356005]}, "properties": {"route": "D336", "pr": "1", "abs": 997, "label": "D336 PR1+997"}}, {"type": "Feature", "geometry": {"type": "Point", "coordinates": [3.65913515, 44.89692158]}, "properties": {"route": "D336", "pr": "3", "abs": 2732, "label": "D336 PR3+2732"}}, {"type": "Feature", "geometry": {"type": "Point", "coordinates": [3.65590048, 44.90532145]}, "properties": {"route": "D336", "pr": "2", "abs": 1977, "label": "D336 PR2+1977"}}, {"type": "Feature", "geometry": {"type": "Point", "coordinates": [3.68699932, 44.90182551]}, "properties": {"route": "D40", "pr": "42", "abs": 36325, "label": "D40 PR42+36325"}}, {"type": "Feature", "geometry": {"type": "Point", "coordinates": [3.68307645, 44.93362254]}, "properties": {"route": "D40", "pr": "37", "abs": 32226, "label": "D40 PR37+32226"}}, {"type": "Feature", "geometry": {"type": "Point", "coordinates": [3.70117447, 44.89869005]}, "properties": {"route": "D40", "pr": "44", "abs": 38321, "label": "D40 PR44+38321"}}, {"type": "Feature", "geometry": {"type": "Point", "coordinates": [3.85067759, 44.78150815]}, "properties": {"route": "D40", "pr": "68", "abs": 58737, "label": "D40 PR68+58737"}}, {"type": "Feature", "geometry": {"type": "Point", "coordinates": [3.84349972, 44.78640876]}, "properties": {"route": "D40", "pr": "67", "abs": 57742, "label": "D40 PR67+57742"}}, {"type": "Feature", "geometry": {"type": "Point", "coordinates": [3.69971943, 44.95603702]}, "properties": {"route": "D40", "pr": "32", "abs": 27248, "label": "D40 PR32+27248"}}, {"type": "Feature", "geometry": {"type": "Point", "coordinates": [3.70925919, 44.89558013]}, "properties": {"route": "D40", "pr": "45", "abs": 39327, "label": "D40 PR45+39327"}}, {"type": "Feature", "geometry": {"type": "Point", "coordinates": [3.69311241, 44.96689219]}, "properties": {"route": "D40", "pr": "30", "abs": 25344, "label": "D40 PR30+25344"}}, {"type": "Feature", "geometry": {"type": "Point", "coordinates": [3.68582703, 44.94875022]}, "properties": {"route": "D40", "pr": "34", "abs": 29202, "label": "D40 PR34+29202"}}, {"type": "Feature", "geometry": {"type": "Point", "coordinates": [3.80506634, 44.81024534]}, "properties": {"route": "D40", "pr": "61", "abs": 52900, "label": "D40 PR61+52900"}}, {"type": "Feature", "geometry": {"type": "Point", "coordinates": [3.71546924, 44.8896581]}, "properties": {"route": "D40", "pr": "46", "abs": 40327, "label": "D40 PR46+40327"}}, {"type": "Feature", "geometry": {"type": "Point", "coordinates": [3.73752422, 44.87333578]}, "properties": {"route": "D40", "pr": "50", "abs": 44464, "label": "D40 PR50+44464"}}, {"type": "Feature", "geometry": {"type": "Point", "coordinates": [3.81705465, 44.79947391]}, "properties": {"route": "D40", "pr": "63", "abs": 54884, "label": "D40 PR63+54884"}}, {"type": "Feature", "geometry": {"type": "Point", "coordinates": [3.86942827, 44.77391666]}, "properties": {"route": "D40", "pr": "70", "abs": 60711, "label": "D40 PR70+60711"}}, {"type": "Feature", "geometry": {"type": "Point", "coordinates": [3.68241061, 44.92557174]}, "properties": {"route": "D40", "pr": "38", "abs": 33231, "label": "D40 PR38+33231"}}, {"type": "Feature", "geometry": {"type": "Point", "coordinates": [3.78713275, 44.83438694]}, "properties": {"route": "D40", "pr": "57", "abs": 50291, "label": "D40 PR57+50291"}}, {"type": "Feature", "geometry": {"type": "Point", "coordinates": [3.7993164, 44.81620145]}, "properties": {"route": "D40", "pr": "60", "abs": 51907, "label": "D40 PR60+51907"}}, {"type": "Feature", "geometry": {"type": "Point", "coordinates": [3.83415952, 44.7901025]}, "properties": {"route": "D40", "pr": "66", "abs": 57109, "label": "D40 PR66+57109"}}, {"type": "Feature", "geometry": {"type": "Point", "coordinates": [3.69414514, 44.9518599]}, "properties": {"route": "D40", "pr": "33", "abs": 28184, "label": "D40 PR33+28184"}}, {"type": "Feature", "geometry": {"type": "Point", "coordinates": [3.68431421, 44.90613961]}, "properties": {"route": "D40", "pr": "41", "abs": 35332, "label": "D40 PR41+35332"}}, {"type": "Feature", "geometry": {"type": "Point", "coordinates": [3.67713563, 44.91275999]}, "properties": {"route": "D40", "pr": "40", "abs": 34317, "label": "D40 PR40+34317"}}, {"type": "Feature", "geometry": {"type": "Point", "coordinates": [3.77482216, 44.8444002]}, "properties": {"route": "D40", "pr": "55", "abs": 48310, "label": "D40 PR55+48310"}}, {"type": "Feature", "geometry": {"type": "Point", "coordinates": [3.76394119, 44.84434958]}, "properties": {"route": "D40", "pr": "54", "abs": 47317, "label": "D40 PR54+47317"}}, {"type": "Feature", "geometry": {"type": "Point", "coordinates": [3.745057, 44.87256699]}, "properties": {"route": "D40", "pr": "51", "abs": 45325, "label": "D40 PR51+45325"}}, {"type": "Feature", "geometry": {"type": "Point", "coordinates": [3.80086505, 44.82421439]}, "properties": {"route": "D40", "pr": "59", "abs": 50912, "label": "D40 PR59+50912"}}, {"type": "Feature", "geometry": {"type": "Point", "coordinates": [3.79497383, 44.82818779]}, "properties": {"route": "D40", "pr": "58", "abs": 50603, "label": "D40 PR58+50603"}}, {"type": "Feature", "geometry": {"type": "Point", "coordinates": [3.73737255, 44.87798546]}, "properties": {"route": "D40", "pr": "49", "abs": 43468, "label": "D40 PR49+43468"}}, {"type": "Feature", "geometry": {"type": "Point", "coordinates": [3.75303622, 44.8695077]}, "properties": {"route": "D40", "pr": "52", "abs": 46201, "label": "D40 PR52+46201"}}, {"type": "Feature", "geometry": {"type": "Point", "coordinates": [3.69194839, 44.90187943]}, "properties": {"route": "D40", "pr": "43", "abs": 37321, "label": "D40 PR43+37321"}}, {"type": "Feature", "geometry": {"type": "Point", "coordinates": [3.73041297, 44.88228575]}, "properties": {"route": "D40", "pr": "48", "abs": 42416, "label": "D40 PR48+42416"}}, {"type": "Feature", "geometry": {"type": "Point", "coordinates": [3.67834004, 44.94781922]}, "properties": {"route": "D40", "pr": "35", "abs": 30214, "label": "D40 PR35+30214"}}, {"type": "Feature", "geometry": {"type": "Point", "coordinates": [3.87710138, 44.77767737]}, "properties": {"route": "D40", "pr": "71", "abs": 61699, "label": "D40 PR71+61699"}}, {"type": "Feature", "geometry": {"type": "Point", "coordinates": [3.67881958, 44.9405105]}, "properties": {"route": "D40", "pr": "36", "abs": 31232, "label": "D40 PR36+31232"}}, {"type": "Feature", "geometry": {"type": "Point", "coordinates": [3.69611021, 44.961535]}, "properties": {"route": "D40", "pr": "31", "abs": 26340, "label": "D40 PR31+26340"}}, {"type": "Feature", "geometry": {"type": "Point", "coordinates": [3.82234382, 44.79926015]}, "properties": {"route": "D40", "pr": "64", "abs": 55884, "label": "D40 PR64+55884"}}, {"type": "Feature", "geometry": {"type": "Point", "coordinates": [3.80853547, 44.80503669]}, "properties": {"route": "D40", "pr": "62", "abs": 53893, "label": "D40 PR62+53893"}}, {"type": "Feature", "geometry": {"type": "Point", "coordinates": [3.75694735, 44.86293174]}, "properties": {"route": "D40", "pr": "53", "abs": 46321, "label": "D40 PR53+46321"}}, {"type": "Feature", "geometry": {"type": "Point", "coordinates": [3.67548692, 44.92032246]}, "properties": {"route": "D40", "pr": "39", "abs": 33312, "label": "D40 PR39+33312"}}, {"type": "Feature", "geometry": {"type": "Point", "coordinates": [3.86023188, 44.77850284]}, "properties": {"route": "D40", "pr": "69", "abs": 59724, "label": "D40 PR69+59724"}}, {"type": "Feature", "geometry": {"type": "Point", "coordinates": [3.72338146, 44.88786912]}, "properties": {"route": "D40", "pr": "47", "abs": 41398, "label": "D40 PR47+41398"}}, {"type": "Feature", "geometry": {"type": "Point", "coordinates": [3.8832314, 44.77262896]}, "properties": {"route": "D40", "pr": "72", "abs": 61800, "label": "D40 PR72+61800"}}, {"type": "Feature", "geometry": {"type": "Point", "coordinates": [3.78379761, 44.84212315]}, "properties": {"route": "D40", "pr": "56", "abs": 49302, "label": "D40 PR56+49302"}}, {"type": "Feature", "geometry": {"type": "Point", "coordinates": [3.83019457, 44.79670583]}, "properties": {"route": "D40", "pr": "65", "abs": 56875, "label": "D40 PR65+56875"}}, {"type": "Feature", "geometry": {"type": "Point", "coordinates": [3.6841684, 44.83391075]}, "properties": {"route": "D45A", "pr": "5", "abs": 1002, "label": "D45A PR5+1002"}}, {"type": "Feature", "geometry": {"type": "Point", "coordinates": [3.67186433, 44.84524227]}, "properties": {"route": "D45A", "pr": "7", "abs": 1858, "label": "D45A PR7+1858"}}, {"type": "Feature", "geometry": {"type": "Point", "coordinates": [3.67701698, 44.83992042]}, "properties": {"route": "D45A", "pr": "6", "abs": 1806, "label": "D45A PR6+1806"}}, {"type": "Feature", "geometry": {"type": "Point", "coordinates": [3.95647457, 44.83688409]}, "properties": {"route": "D504", "pr": "0", "abs": 5, "label": "D504 PR0+5"}}, {"type": "Feature", "geometry": {"type": "Point", "coordinates": [3.96521345, 44.83089732]}, "properties": {"route": "D504", "pr": "1", "abs": 285, "label": "D504 PR1+285"}}, {"type": "Feature", "geometry": {"type": "Point", "coordinates": [3.9243424, 44.82274205]}, "properties": {"route": "D532", "pr": "0", "abs": 5, "label": "D532 PR0+5"}}, {"type": "Feature", "geometry": {"type": "Point", "coordinates": [3.92321478, 44.83003378]}, "properties": {"route": "D532", "pr": "1", "abs": 1008, "label": "D532 PR1+1008"}}, {"type": "Feature", "geometry": {"type": "Point", "coordinates": [3.92155447, 44.83750191]}, "properties": {"route": "D532", "pr": "2", "abs": 1270, "label": "D532 PR2+1270"}}, {"type": "Feature", "geometry": {"type": "Point", "coordinates": [3.63079819, 44.89752007]}, "properties": {"route": "D322", "pr": "0", "abs": 5, "label": "D322 PR0+5"}}, {"type": "Feature", "geometry": {"type": "Point", "coordinates": [3.64083003, 44.88567494]}, "properties": {"route": "D322", "pr": "2", "abs": 2005, "label": "D322 PR2+2005"}}, {"type": "Feature", "geometry": {"type": "Point", "coordinates": [3.6435881, 44.87956707]}, "properties": {"route": "D322", "pr": "3", "abs": 2161, "label": "D322 PR3+2161"}}, {"type": "Feature", "geometry": {"type": "Point", "coordinates": [3.63699508, 44.89203834]}, "properties": {"route": "D322", "pr": "1", "abs": 1003, "label": "D322 PR1+1003"}}, {"type": "Feature", "geometry": {"type": "Point", "coordinates": [3.60217903, 44.89854955]}, "properties": {"route": "D34", "pr": "13", "abs": 11501, "label": "D34 PR13+11501"}}, {"type": "Feature", "geometry": {"type": "Point", "coordinates": [3.71177607, 44.9275332]}, "properties": {"route": "D34", "pr": "8", "abs": 6957, "label": "D34 PR8+6957"}}, {"type": "Feature", "geometry": {"type": "Point", "coordinates": [3.52140616, 44.85584961]}, "properties": {"route": "D34", "pr": "24", "abs": 16001, "label": "D34 PR24+16001"}}, {"type": "Feature", "geometry": {"type": "Point", "coordinates": [3.63209047, 44.90990823]}, "properties": {"route": "D34", "pr": "9", "abs": 7958, "label": "D34 PR9+7958"}}, {"type": "Feature", "geometry": {"type": "Point", "coordinates": [3.71907873, 44.95656722]}, "properties": {"route": "D34", "pr": "4", "abs": 3629, "label": "D34 PR4+3629"}}, {"type": "Feature", "geometry": {"type": "Point", "coordinates": [3.63255658, 44.90191382]}, "properties": {"route": "D34", "pr": "10", "abs": 8410, "label": "D34 PR10+8410"}}, {"type": "Feature", "geometry": {"type": "Point", "coordinates": [3.62592351, 44.89682464]}, "properties": {"route": "D34", "pr": "11", "abs": 9401, "label": "D34 PR11+9401"}}, {"type": "Feature", "geometry": {"type": "Point", "coordinates": [3.71893921, 44.95082897]}, "properties": {"route": "D34", "pr": "5", "abs": 4630, "label": "D34 PR5+4630"}}, {"type": "Feature", "geometry": {"type": "Point", "coordinates": [3.5856706, 44.88814308]}, "properties": {"route": "D34", "pr": "15", "abs": 12898, "label": "D34 PR15+12898"}}, {"type": "Feature", "geometry": {"type": "Point", "coordinates": [3.71540167, 44.93484003]}, "properties": {"route": "D34", "pr": "7", "abs": 6616, "label": "D34 PR7+6616"}}, {"type": "Feature", "geometry": {"type": "Point", "coordinates": [3.49986088, 44.85629445]}, "properties": {"route": "D34", "pr": "26", "abs": 17998, "label": "D34 PR26+17998"}}, {"type": "Feature", "geometry": {"type": "Point", "coordinates": [3.5898557, 44.89601629]}, "properties": {"route": "D34", "pr": "14", "abs": 11904, "label": "D34 PR14+11904"}}, {"type": "Feature", "geometry": {"type": "Point", "coordinates": [3.71516616, 44.9427146]}, "properties": {"route": "D34", "pr": "6", "abs": 5618, "label": "D34 PR6+5618"}}, {"type": "Feature", "geometry": {"type": "Point", "coordinates": [3.72325102, 44.96464198]}, "properties": {"route": "D34", "pr": "3", "abs": 2991, "label": "D34 PR3+2991"}}, {"type": "Feature", "geometry": {"type": "Point", "coordinates": [3.58325068, 44.88002009]}, "properties": {"route": "D34", "pr": "16", "abs": 13413, "label": "D34 PR16+13413"}}, {"type": "Feature", "geometry": {"type": "Point", "coordinates": [3.51030888, 44.85892817]}, "properties": {"route": "D34", "pr": "25", "abs": 17009, "label": "D34 PR25+17009"}}, {"type": "Feature", "geometry": {"type": "Point", "coordinates": [3.61432098, 44.89922318]}, "properties": {"route": "D34", "pr": "12", "abs": 10398, "label": "D34 PR12+10398"}}, {"type": "Feature", "geometry": {"type": "Point", "coordinates": [3.56950799, 44.86815348]}, "properties": {"route": "D34", "pr": "18", "abs": 14996, "label": "D34 PR18+14996"}}, {"type": "Feature", "geometry": {"type": "Point", "coordinates": [3.49213001, 44.85594994]}, "properties": {"route": "D34", "pr": "27", "abs": 18498, "label": "D34 PR27+18498"}}, {"type": "Feature", "geometry": {"type": "Point", "coordinates": [3.57454039, 44.87554476]}, "properties": {"route": "D34", "pr": "17", "abs": 14411, "label": "D34 PR17+14411"}}, {"type": "Feature", "geometry": {"type": "Point", "coordinates": [3.84458343, 44.96285756]}, "properties": {"route": "D33", "pr": "0", "abs": 5, "label": "D33 PR0+5"}}, {"type": "Feature", "geometry": {"type": "Point", "coordinates": [3.72230049, 44.92059982]}, "properties": {"route": "D33", "pr": "13", "abs": 11184, "label": "D33 PR13+11184"}}, {"type": "Feature", "geometry": {"type": "Point", "coordinates": [3.45584535, 44.91176953]}, "properties": {"route": "D33", "pr": "41", "abs": 35420, "label": "D33 PR41+35420"}}, {"type": "Feature", "geometry": {"type": "Point", "coordinates": [3.47624855, 44.91873204]}, "properties": {"route": "D33", "pr": "39", "abs": 33398, "label": "D33 PR39+33398"}}, {"type": "Feature", "geometry": {"type": "Point", "coordinates": [3.76640535, 44.9175447]}, "properties": {"route": "D33", "pr": "9", "abs": 7444, "label": "D33 PR9+7444"}}, {"type": "Feature", "geometry": {"type": "Point", "coordinates": [3.43202028, 44.90777436]}, "properties": {"route": "D33", "pr": "44", "abs": 38381, "label": "D33 PR44+38381"}}, {"type": "Feature", "geometry": {"type": "Point", "coordinates": [3.81405569, 44.935584]}, "properties": {"route": "D33", "pr": "4", "abs": 3953, "label": "D33 PR4+3953"}}, {"type": "Feature", "geometry": {"type": "Point", "coordinates": [3.73409309, 44.91801135]}, "properties": {"route": "D33", "pr": "12", "abs": 10202, "label": "D33 PR12+10202"}}, {"type": "Feature", "geometry": {"type": "Point", "coordinates": [3.64579774, 44.92259684]}, "properties": {"route": "D33", "pr": "26", "abs": 22427, "label": "D33 PR26+22427"}}, {"type": "Feature", "geometry": {"type": "Point", "coordinates": [3.69020485, 44.91617128]}, "properties": {"route": "D33", "pr": "17", "abs": 14414, "label": "D33 PR17+14414"}}, {"type": "Feature", "geometry": {"type": "Point", "coordinates": [3.44767226, 44.91155066]}, "properties": {"route": "D33", "pr": "42", "abs": 36391, "label": "D33 PR42+36391"}}, {"type": "Feature", "geometry": {"type": "Point", "coordinates": [3.66712478, 44.92538992]}, "properties": {"route": "D33", "pr": "24", "abs": 20886, "label": "D33 PR24+20886"}}, {"type": "Feature", "geometry": {"type": "Point", "coordinates": [3.71313364, 44.92445236]}, "properties": {"route": "D33", "pr": "14", "abs": 11481, "label": "D33 PR14+11481"}}, {"type": "Feature", "geometry": {"type": "Point", "coordinates": [3.50955361, 44.94241366]}, "properties": {"route": "D33", "pr": "35", "abs": 30126, "label": "D33 PR35+30126"}}, {"type": "Feature", "geometry": {"type": "Point", "coordinates": [3.43681896, 44.91127332]}, "properties": {"route": "D33", "pr": "43", "abs": 37401, "label": "D33 PR43+37401"}}, {"type": "Feature", "geometry": {"type": "Point", "coordinates": [3.59586859, 44.91830181]}, "properties": {"route": "D33", "pr": "32", "abs": 27123, "label": "D33 PR32+27123"}}, {"type": "Feature", "geometry": {"type": "Point", "coordinates": [3.46774516, 44.91216306]}, "properties": {"route": "D33", "pr": "40", "abs": 34399, "label": "D33 PR40+34399"}}, {"type": "Feature", "geometry": {"type": "Point", "coordinates": [3.52950571, 44.95274594]}, "properties": {"route": "D33", "pr": "33", "abs": 28121, "label": "D33 PR33+28121"}}, {"type": "Feature", "geometry": {"type": "Point", "coordinates": [3.49520778, 44.9283705]}, "properties": {"route": "D33", "pr": "37", "abs": 31376, "label": "D33 PR37+31376"}}, {"type": "Feature", "geometry": {"type": "Point", "coordinates": [3.82525474, 44.9513018]}, "properties": {"route": "D33", "pr": "2", "abs": 1999, "label": "D33 PR2+1999"}}, {"type": "Feature", "geometry": {"type": "Point", "coordinates": [3.67542265, 44.91645749]}, "properties": {"route": "D33", "pr": "20", "abs": 16896, "label": "D33 PR20+16896"}}, {"type": "Feature", "geometry": {"type": "Point", "coordinates": [3.78824441, 44.92372625]}, "properties": {"route": "D33", "pr": "7", "abs": 5443, "label": "D33 PR7+5443"}}, {"type": "Feature", "geometry": {"type": "Point", "coordinates": [3.60678931, 44.92061703]}, "properties": {"route": "D33", "pr": "31", "abs": 26583, "label": "D33 PR31+26583"}}, {"type": "Feature", "geometry": {"type": "Point", "coordinates": [3.63811572, 44.91897035]}, "properties": {"route": "D33", "pr": "27", "abs": 23406, "label": "D33 PR27+23406"}}, {"type": "Feature", "geometry": {"type": "Point", "coordinates": [3.61586963, 44.92248219]}, "properties": {"route": "D33", "pr": "30", "abs": 25582, "label": "D33 PR30+25582"}}, {"type": "Feature", "geometry": {"type": "Point", "coordinates": [3.79985474, 44.9270027]}, "properties": {"route": "D33", "pr": "6", "abs": 4440, "label": "D33 PR6+4440"}}, {"type": "Feature", "geometry": {"type": "Point", "coordinates": [3.80857867, 44.92805788]}, "properties": {"route": "D33", "pr": "5", "abs": 4338, "label": "D33 PR5+4338"}}, {"type": "Feature", "geometry": {"type": "Point", "coordinates": [3.50359555, 44.93469937]}, "properties": {"route": "D33", "pr": "36", "abs": 31122, "label": "D33 PR36+31122"}}, {"type": "Feature", "geometry": {"type": "Point", "coordinates": [3.51904879, 44.94798541]}, "properties": {"route": "D33", "pr": "34", "abs": 29124, "label": "D33 PR34+29124"}}, {"type": "Feature", "geometry": {"type": "Point", "coordinates": [3.67846694, 44.9277091]}, "properties": {"route": "D33", "pr": "22", "abs": 18921, "label": "D33 PR22+18921"}}, {"type": "Feature", "geometry": {"type": "Point", "coordinates": [3.74423138, 44.91488259]}, "properties": {"route": "D33", "pr": "11", "abs": 9206, "label": "D33 PR11+9206"}}, {"type": "Feature", "geometry": {"type": "Point", "coordinates": [3.48627769, 44.92358753]}, "properties": {"route": "D33", "pr": "38", "abs": 32393, "label": "D33 PR38+32393"}}, {"type": "Feature", "geometry": {"type": "Point", "coordinates": [3.68207894, 44.91757744]}, "properties": {"route": "D33", "pr": "19", "abs": 16365, "label": "D33 PR19+16365"}}, {"type": "Feature", "geometry": {"type": "Point", "coordinates": [3.75416579, 44.91674875]}, "properties": {"route": "D33", "pr": "10", "abs": 8219, "label": "D33 PR10+8219"}}, {"type": "Feature", "geometry": {"type": "Point", "coordinates": [3.67212176, 44.93117543]}, "properties": {"route": "D33", "pr": "23", "abs": 19888, "label": "D33 PR23+19888"}}, {"type": "Feature", "geometry": {"type": "Point", "coordinates": [3.62129902, 44.91711721]}, "properties": {"route": "D33", "pr": "29", "abs": 24580, "label": "D33 PR29+24580"}}, {"type": "Feature", "geometry": {"type": "Point", "coordinates": [3.83386808, 44.9576782]}, "properties": {"route": "D33", "pr": "1", "abs": 999, "label": "D33 PR1+999"}}, {"type": "Feature", "geometry": {"type": "Point", "coordinates": [3.6570595, 44.9231548]}, "properties": {"route": "D33", "pr": "25", "abs": 21450, "label": "D33 PR25+21450"}}, {"type": "Feature", "geometry": {"type": "Point", "coordinates": [3.42135159, 44.90463975]}, "properties": {"route": "D33", "pr": "45", "abs": 38778, "label": "D33 PR45+38778"}}, {"type": "Feature", "geometry": {"type": "Point", "coordinates": [3.70676463, 44.92140381]}, "properties": {"route": "D33", "pr": "15", "abs": 12524, "label": "D33 PR15+12524"}}, {"type": "Feature", "geometry": {"type": "Point", "coordinates": [3.77758935, 44.92133602]}, "properties": {"route": "D33", "pr": "8", "abs": 6445, "label": "D33 PR8+6445"}}, {"type": "Feature", "geometry": {"type": "Point", "coordinates": [3.67174716, 44.92053511]}, "properties": {"route": "D33", "pr": "21", "abs": 17885, "label": "D33 PR21+17885"}}, {"type": "Feature", "geometry": {"type": "Point", "coordinates": [3.68841743, 44.91425734]}, "properties": {"route": "D33", "pr": "18", "abs": 15373, "label": "D33 PR18+15373"}}, {"type": "Feature", "geometry": {"type": "Point", "coordinates": [3.70031984, 44.91557857]}, "properties": {"route": "D33", "pr": "16", "abs": 13425, "label": "D33 PR16+13425"}}, {"type": "Feature", "geometry": {"type": "Point", "coordinates": [3.81904579, 44.94352405]}, "properties": {"route": "D33", "pr": "3", "abs": 2970, "label": "D33 PR3+2970"}}, {"type": "Feature", "geometry": {"type": "Point", "coordinates": [3.62941859, 44.91422902]}, "properties": {"route": "D33", "pr": "28", "abs": 23581, "label": "D33 PR28+23581"}}, {"type": "Feature", "geometry": {"type": "Point", "coordinates": [3.4000837, 44.95737009]}, "properties": {"route": "D589", "pr": "0", "abs": 5, "label": "D589 PR0+5"}}, {"type": "Feature", "geometry": {"type": "Point", "coordinates": [3.55468042, 44.95323008]}, "properties": {"route": "D589", "pr": "15", "abs": 12771, "label": "D589 PR15+12771"}}, {"type": "Feature", "geometry": {"type": "Point", "coordinates": [3.62671371, 44.96974511]}, "properties": {"route": "D589", "pr": "25", "abs": 22753, "label": "D589 PR25+22753"}}, {"type": "Feature", "geometry": {"type": "Point", "coordinates": [3.5131407, 44.95688519]}, "properties": {"route": "D589", "pr": "11", "abs": 10635, "label": "D589 PR11+10635"}}, {"type": "Feature", "geometry": {"type": "Point", "coordinates": [3.59490624, 44.96533858]}, "properties": {"route": "D589", "pr": "19", "abs": 16768, "label": "D589 PR19+16768"}}, {"type": "Feature", "geometry": {"type": "Point", "coordinates": [3.48313353, 44.96465753]}, "properties": {"route": "D589", "pr": "8", "abs": 7646, "label": "D589 PR8+7646"}}, {"type": "Feature", "geometry": {"type": "Point", "coordinates": [3.44962163, 44.9649151]}, "properties": {"route": "D589", "pr": "5", "abs": 4777, "label": "D589 PR5+4777"}}, {"type": "Feature", "geometry": {"type": "Point", "coordinates": [3.62727077, 44.96319161]}, "properties": {"route": "D589", "pr": "26", "abs": 23750, "label": "D589 PR26+23750"}}, {"type": "Feature", "geometry": {"type": "Point", "coordinates": [3.63758279, 44.96630146]}, "properties": {"route": "D589", "pr": "29", "abs": 25914, "label": "D589 PR29+25914"}}, {"type": "Feature", "geometry": {"type": "Point", "coordinates": [3.5616891, 44.9583271]}, "properties": {"route": "D589", "pr": "16", "abs": 13772, "label": "D589 PR16+13772"}}, {"type": "Feature", "geometry": {"type": "Point", "coordinates": [3.4723058, 44.96564944]}, "properties": {"route": "D589", "pr": "7", "abs": 6647, "label": "D589 PR7+6647"}}, {"type": "Feature", "geometry": {"type": "Point", "coordinates": [3.60685488, 44.96475361]}, "properties": {"route": "D589", "pr": "20", "abs": 17767, "label": "D589 PR20+17767"}}, {"type": "Feature", "geometry": {"type": "Point", "coordinates": [3.40728846, 44.95938599]}, "properties": {"route": "D589", "pr": "1", "abs": 1007, "label": "D589 PR1+1007"}}, {"type": "Feature", "geometry": {"type": "Point", "coordinates": [3.5249842, 44.95506876]}, "properties": {"route": "D589", "pr": "12", "abs": 11395, "label": "D589 PR12+11395"}}, {"type": "Feature", "geometry": {"type": "Point", "coordinates": [3.4936254, 44.96243704]}, "properties": {"route": "D589", "pr": "9", "abs": 8651, "label": "D589 PR9+8651"}}, {"type": "Feature", "geometry": {"type": "Point", "coordinates": [3.64802326, 44.96890179]}, "properties": {"route": "D589", "pr": "30", "abs": 26785, "label": "D589 PR30+26785"}}, {"type": "Feature", "geometry": {"type": "Point", "coordinates": [3.58425059, 44.96125597]}, "properties": {"route": "D589", "pr": "18", "abs": 15772, "label": "D589 PR18+15772"}}, {"type": "Feature", "geometry": {"type": "Point", "coordinates": [3.65800534, 44.97029643]}, "properties": {"route": "D589", "pr": "31", "abs": 27859, "label": "D589 PR31+27859"}}, {"type": "Feature", "geometry": {"type": "Point", "coordinates": [3.46073566, 44.96709446]}, "properties": {"route": "D589", "pr": "6", "abs": 5779, "label": "D589 PR6+5779"}}, {"type": "Feature", "geometry": {"type": "Point", "coordinates": [3.4384133, 44.96386319]}, "properties": {"route": "D589", "pr": "4", "abs": 3781, "label": "D589 PR4+3781"}}, {"type": "Feature", "geometry": {"type": "Point", "coordinates": [3.62932586, 44.95589492]}, "properties": {"route": "D589", "pr": "27", "abs": 23962, "label": "D589 PR27+23962"}}, {"type": "Feature", "geometry": {"type": "Point", "coordinates": [3.41570371, 44.96022192]}, "properties": {"route": "D589", "pr": "2", "abs": 1767, "label": "D589 PR2+1767"}}, {"type": "Feature", "geometry": {"type": "Point", "coordinates": [3.54742087, 44.95957865]}, "properties": {"route": "D589", "pr": "14", "abs": 12769, "label": "D589 PR14+12769"}}, {"type": "Feature", "geometry": {"type": "Point", "coordinates": [3.53650242, 44.95498407]}, "properties": {"route": "D589", "pr": "13", "abs": 11785, "label": "D589 PR13+11785"}}, {"type": "Feature", "geometry": {"type": "Point", "coordinates": [3.57317393, 44.95875741]}, "properties": {"route": "D589", "pr": "17", "abs": 14771, "label": "D589 PR17+14771"}}, {"type": "Feature", "geometry": {"type": "Point", "coordinates": [3.42595522, 44.96218197]}, "properties": {"route": "D589", "pr": "3", "abs": 2777, "label": "D589 PR3+2777"}}, {"type": "Feature", "geometry": {"type": "Point", "coordinates": [3.5027976, 44.95895019]}, "properties": {"route": "D589", "pr": "10", "abs": 9640, "label": "D589 PR10+9640"}}, {"type": "Feature", "geometry": {"type": "Point", "coordinates": [3.63005182, 44.96080155]}, "properties": {"route": "D589", "pr": "28", "abs": 24979, "label": "D589 PR28+24979"}}, {"type": "Feature", "geometry": {"type": "Point", "coordinates": [3.97457432, 44.9658563]}, "properties": {"route": "D28", "pr": "0", "abs": 5, "label": "D28 PR0+5"}}, {"type": "Feature", "geometry": {"type": "Point", "coordinates": [3.3747085, 44.96126527]}, "properties": {"route": "D41", "pr": "43", "abs": 38115, "label": "D41 PR43+38115"}}, {"type": "Feature", "geometry": {"type": "Point", "coordinates": [3.38441159, 44.96425652]}, "properties": {"route": "D41", "pr": "42", "abs": 37712, "label": "D41 PR42+37712"}}, {"type": "Feature", "geometry": {"type": "Point", "coordinates": [3.39489563, 44.96885223]}, "properties": {"route": "D41", "pr": "41", "abs": 36703, "label": "D41 PR41+36703"}}, {"type": "Feature", "geometry": {"type": "Point", "coordinates": [3.87857998, 44.93423016]}, "properties": {"route": "D541", "pr": "0", "abs": 5, "label": "D541 PR0+5"}}, {"type": "Feature", "geometry": {"type": "Point", "coordinates": [3.8646099, 44.93738849]}, "properties": {"route": "D541", "pr": "2", "abs": 1991, "label": "D541 PR2+1991"}}, {"type": "Feature", "geometry": {"type": "Point", "coordinates": [3.86981392, 44.92987448]}, "properties": {"route": "D541", "pr": "1", "abs": 996, "label": "D541 PR1+996"}}, {"type": "Feature", "geometry": {"type": "Point", "coordinates": [3.85579391, 44.94367766]}, "properties": {"route": "D541", "pr": "3", "abs": 2634, "label": "D541 PR3+2634"}}, {"type": "Feature", "geometry": {"type": "Point", "coordinates": [3.98887244, 44.94736664]}, "properties": {"route": "D27", "pr": "0", "abs": 5, "label": "D27 PR0+5"}}, {"type": "Feature", "geometry": {"type": "Point", "coordinates": [3.92248859, 44.96560356]}, "properties": {"route": "D27", "pr": "8", "abs": 7965, "label": "D27 PR8+7965"}}, {"type": "Feature", "geometry": {"type": "Point", "coordinates": [3.95798917, 44.94017969]}, "properties": {"route": "D27", "pr": "3", "abs": 3008, "label": "D27 PR3+3008"}}, {"type": "Feature", "geometry": {"type": "Point", "coordinates": [3.96909418, 44.94248128]}, "properties": {"route": "D27", "pr": "2", "abs": 2008, "label": "D27 PR2+2008"}}, {"type": "Feature", "geometry": {"type": "Point", "coordinates": [3.88911043, 44.96678752]}, "properties": {"route": "D27", "pr": "12", "abs": 11941, "label": "D27 PR12+11941"}}, {"type": "Feature", "geometry": {"type": "Point", "coordinates": [3.93883295, 44.95782396]}, "properties": {"route": "D27", "pr": "6", "abs": 5990, "label": "D27 PR6+5990"}}, {"type": "Feature", "geometry": {"type": "Point", "coordinates": [3.92870669, 44.96020598]}, "properties": {"route": "D27", "pr": "7", "abs": 7013, "label": "D27 PR7+7013"}}, {"type": "Feature", "geometry": {"type": "Point", "coordinates": [3.91353779, 44.96505705]}, "properties": {"route": "D27", "pr": "9", "abs": 8954, "label": "D27 PR9+8954"}}, {"type": "Feature", "geometry": {"type": "Point", "coordinates": [3.94616573, 44.95377562]}, "properties": {"route": "D27", "pr": "5", "abs": 5008, "label": "D27 PR5+5008"}}, {"type": "Feature", "geometry": {"type": "Point", "coordinates": [3.95063269, 44.94648999]}, "properties": {"route": "D27", "pr": "4", "abs": 4004, "label": "D27 PR4+4004"}}, {"type": "Feature", "geometry": {"type": "Point", "coordinates": [3.98114734, 44.9422522]}, "properties": {"route": "D27", "pr": "1", "abs": 1010, "label": "D27 PR1+1010"}}, {"type": "Feature", "geometry": {"type": "Point", "coordinates": [3.89869276, 44.96780092]}, "properties": {"route": "D27", "pr": "11", "abs": 10941, "label": "D27 PR11+10941"}}, {"type": "Feature", "geometry": {"type": "Point", "coordinates": [3.90850759, 44.97108428]}, "properties": {"route": "D27", "pr": "10", "abs": 9949, "label": "D27 PR10+9949"}}, {"type": "Feature", "geometry": {"type": "Point", "coordinates": [3.87842541, 44.97057586]}, "properties": {"route": "D27", "pr": "13", "abs": 12926, "label": "D27 PR13+12926"}}, {"type": "Feature", "geometry": {"type": "Point", "coordinates": [3.93391071, 44.90542226]}, "properties": {"route": "D371", "pr": "0", "abs": 5, "label": "D371 PR0+5"}}, {"type": "Feature", "geometry": {"type": "Point", "coordinates": [3.94560982, 44.89156861]}, "properties": {"route": "D371", "pr": "2", "abs": 1981, "label": "D371 PR2+1981"}}, {"type": "Feature", "geometry": {"type": "Point", "coordinates": [3.94077561, 44.8989417]}, "properties": {"route": "D371", "pr": "1", "abs": 992, "label": "D371 PR1+992"}}, {"type": "Feature", "geometry": {"type": "Point", "coordinates": [3.95722696, 44.89196073]}, "properties": {"route": "D371", "pr": "3", "abs": 2411, "label": "D371 PR3+2411"}}, {"type": "Feature", "geometry": {"type": "Point", "coordinates": [3.90132842, 44.8009693]}, "properties": {"route": "D284", "pr": "0", "abs": 5, "label": "D284 PR0+5"}}, {"type": "Feature", "geometry": {"type": "Point", "coordinates": [3.86647892, 44.80408503]}, "properties": {"route": "D284", "pr": "3", "abs": 2315, "label": "D284 PR3+2315"}}, {"type": "Feature", "geometry": {"type": "Point", "coordinates": [3.84865654, 44.79644453]}, "properties": {"route": "D284", "pr": "5", "abs": 4281, "label": "D284 PR5+4281"}}, {"type": "Feature", "geometry": {"type": "Point", "coordinates": [3.88964304, 44.80135898]}, "properties": {"route": "D284", "pr": "1", "abs": 331, "label": "D284 PR1+331"}}, {"type": "Feature", "geometry": {"type": "Point", "coordinates": [3.83969486, 44.7924656]}, "properties": {"route": "D284", "pr": "6", "abs": 5098, "label": "D284 PR6+5098"}}, {"type": "Feature", "geometry": {"type": "Point", "coordinates": [3.85438219, 44.80334333]}, "properties": {"route": "D284", "pr": "4", "abs": 3304, "label": "D284 PR4+3304"}}, {"type": "Feature", "geometry": {"type": "Point", "coordinates": [3.87735854, 44.80113001]}, "properties": {"route": "D284", "pr": "2", "abs": 1330, "label": "D284 PR2+1330"}}, {"type": "Feature", "geometry": {"type": "Point", "coordinates": [3.93290704, 44.81617046]}, "properties": {"route": "D53", "pr": "0", "abs": 5, "label": "D53 PR0+5"}}, {"type": "Feature", "geometry": {"type": "Point", "coordinates": [3.8325766, 44.8657632]}, "properties": {"route": "D53", "pr": "12", "abs": 9848, "label": "D53 PR12+9848"}}, {"type": "Feature", "geometry": {"type": "Point", "coordinates": [3.91419067, 44.82528782]}, "properties": {"route": "D53", "pr": "2", "abs": 1136, "label": "D53 PR2+1136"}}, {"type": "Feature", "geometry": {"type": "Point", "coordinates": [3.86901185, 44.84611841]}, "properties": {"route": "D53", "pr": "7", "abs": 5983, "label": "D53 PR7+5983"}}, {"type": "Feature", "geometry": {"type": "Point", "coordinates": [3.79255865, 44.88551703]}, "properties": {"route": "D53", "pr": "16", "abs": 13230, "label": "D53 PR16+13230"}}, {"type": "Feature", "geometry": {"type": "Point", "coordinates": [3.81146474, 44.87478922]}, "properties": {"route": "D53", "pr": "14", "abs": 11859, "label": "D53 PR14+11859"}}, {"type": "Feature", "geometry": {"type": "Point", "coordinates": [3.82189585, 44.86999537]}, "properties": {"route": "D53", "pr": "13", "abs": 10846, "label": "D53 PR13+10846"}}, {"type": "Feature", "geometry": {"type": "Point", "coordinates": [3.88015488, 44.84217785]}, "properties": {"route": "D53", "pr": "6", "abs": 4989, "label": "D53 PR6+4989"}}, {"type": "Feature", "geometry": {"type": "Point", "coordinates": [3.84074739, 44.85980949]}, "properties": {"route": "D53", "pr": "11", "abs": 8848, "label": "D53 PR11+8848"}}, {"type": "Feature", "geometry": {"type": "Point", "coordinates": [3.83534074, 44.84152658]}, "properties": {"route": "D53", "pr": "10", "abs": 7854, "label": "D53 PR10+7854"}}, {"type": "Feature", "geometry": {"type": "Point", "coordinates": [3.89584971, 44.83404242]}, "properties": {"route": "D53", "pr": "4", "abs": 3013, "label": "D53 PR4+3013"}}, {"type": "Feature", "geometry": {"type": "Point", "coordinates": [3.92577809, 44.82234381]}, "properties": {"route": "D53", "pr": "1", "abs": 128, "label": "D53 PR1+128"}}, {"type": "Feature", "geometry": {"type": "Point", "coordinates": [3.84615746, 44.84397381]}, "properties": {"route": "D53", "pr": "9", "abs": 7248, "label": "D53 PR9+7248"}}, {"type": "Feature", "geometry": {"type": "Point", "coordinates": [3.80017213, 44.87870502]}, "properties": {"route": "D53", "pr": "15", "abs": 12845, "label": "D53 PR15+12845"}}, {"type": "Feature", "geometry": {"type": "Point", "coordinates": [3.9062829, 44.82997168]}, "properties": {"route": "D53", "pr": "3", "abs": 2118, "label": "D53 PR3+2118"}}, {"type": "Feature", "geometry": {"type": "Point", "coordinates": [3.85654231, 44.84717066]}, "properties": {"route": "D53", "pr": "8", "abs": 6279, "label": "D53 PR8+6279"}}, {"type": "Feature", "geometry": {"type": "Point", "coordinates": [3.88836861, 44.8369919]}, "properties": {"route": "D53", "pr": "5", "abs": 3991, "label": "D53 PR5+3991"}}, {"type": "Feature", "geometry": {"type": "Point", "coordinates": [3.54158577, 44.9305375]}, "properties": {"route": "D585", "pr": "55", "abs": 44063, "label": "D585 PR55+44063"}}, {"type": "Feature", "geometry": {"type": "Point", "coordinates": [3.55746068, 44.89362112]}, "properties": {"route": "D585", "pr": "60", "abs": 48592, "label": "D585 PR60+48592"}}, {"type": "Feature", "geometry": {"type": "Point", "coordinates": [3.56625603, 44.88717592]}, "properties": {"route": "D585", "pr": "61", "abs": 49593, "label": "D585 PR61+49593"}}, {"type": "Feature", "geometry": {"type": "Point", "coordinates": [3.54923586, 44.90782672]}, "properties": {"route": "D585", "pr": "58", "abs": 46592, "label": "D585 PR58+46592"}}, {"type": "Feature", "geometry": {"type": "Point", "coordinates": [3.59163925, 44.85840478]}, "properties": {"route": "D585", "pr": "65", "abs": 53053, "label": "D585 PR65+53053"}}, {"type": "Feature", "geometry": {"type": "Point", "coordinates": [3.54150136, 44.93912483]}, "properties": {"route": "D585", "pr": "54", "abs": 43102, "label": "D585 PR54+43102"}}, {"type": "Feature", "geometry": {"type": "Point", "coordinates": [3.55135418, 44.90111296]}, "properties": {"route": "D585", "pr": "59", "abs": 47597, "label": "D585 PR59+47597"}}, {"type": "Feature", "geometry": {"type": "Point", "coordinates": [3.54688963, 44.91344131]}, "properties": {"route": "D585", "pr": "57", "abs": 45992, "label": "D585 PR57+45992"}}, {"type": "Feature", "geometry": {"type": "Point", "coordinates": [3.54362213, 44.92211444]}, "properties": {"route": "D585", "pr": "56", "abs": 45087, "label": "D585 PR56+45087"}}, {"type": "Feature", "geometry": {"type": "Point", "coordinates": [3.54123671, 44.95570665]}, "properties": {"route": "D585", "pr": "52", "abs": 41095, "label": "D585 PR52+41095"}}, {"type": "Feature", "geometry": {"type": "Point", "coordinates": [3.54269295, 44.963749]}, "properties": {"route": "D585", "pr": "51", "abs": 40203, "label": "D585 PR51+40203"}}, {"type": "Feature", "geometry": {"type": "Point", "coordinates": [3.58146923, 44.87467225]}, "properties": {"route": "D585", "pr": "63", "abs": 51333, "label": "D585 PR63+51333"}}, {"type": "Feature", "geometry": {"type": "Point", "coordinates": [3.53960687, 44.94789474]}, "properties": {"route": "D585", "pr": "53", "abs": 42097, "label": "D585 PR53+42097"}}, {"type": "Feature", "geometry": {"type": "Point", "coordinates": [3.58636143, 44.86649283]}, "properties": {"route": "D585", "pr": "64", "abs": 52334, "label": "D585 PR64+52334"}}, {"type": "Feature", "geometry": {"type": "Point", "coordinates": [3.57591668, 44.88256679]}, "properties": {"route": "D585", "pr": "62", "abs": 50329, "label": "D585 PR62+50329"}}, {"type": "Feature", "geometry": {"type": "Point", "coordinates": [3.67838446, 44.85559915]}, "properties": {"route": "D59", "pr": "31", "abs": 291, "label": "D59 PR31+291"}}, {"type": "Feature", "geometry": {"type": "Point", "coordinates": [3.84815188, 44.86341055]}, "properties": {"route": "D88", "pr": "0", "abs": 5, "label": "D88 PR0+5"}}, {"type": "Feature", "geometry": {"type": "Point", "coordinates": [3.79931572, 44.82771631]}, "properties": {"route": "D88", "pr": "6", "abs": 4869, "label": "D88 PR6+4869"}}, {"type": "Feature", "geometry": {"type": "Point", "coordinates": [3.7831034, 44.82110255]}, "properties": {"route": "D88", "pr": "8", "abs": 6880, "label": "D88 PR8+6880"}}, {"type": "Feature", "geometry": {"type": "Point", "coordinates": [3.81686006, 44.838475]}, "properties": {"route": "D88", "pr": "4", "abs": 3768, "label": "D88 PR4+3768"}}, {"type": "Feature", "geometry": {"type": "Point", "coordinates": [3.84232894, 44.85544593]}, "properties": {"route": "D88", "pr": "1", "abs": 1004, "label": "D88 PR1+1004"}}, {"type": "Feature", "geometry": {"type": "Point", "coordinates": [3.77570396, 44.81816531]}, "properties": {"route": "D88", "pr": "9", "abs": 7866, "label": "D88 PR9+7866"}}, {"type": "Feature", "geometry": {"type": "Point", "coordinates": [3.75915488, 44.81851389]}, "properties": {"route": "D88", "pr": "11", "abs": 9870, "label": "D88 PR11+9870"}}, {"type": "Feature", "geometry": {"type": "Point", "coordinates": [3.83676182, 44.84738097]}, "properties": {"route": "D88", "pr": "2", "abs": 1766, "label": "D88 PR2+1766"}}, {"type": "Feature", "geometry": {"type": "Point", "coordinates": [3.76609465, 44.82110786]}, "properties": {"route": "D88", "pr": "10", "abs": 8875, "label": "D88 PR10+8875"}}, {"type": "Feature", "geometry": {"type": "Point", "coordinates": [3.79125469, 44.82400963]}, "properties": {"route": "D88", "pr": "7", "abs": 5873, "label": "D88 PR7+5873"}}, {"type": "Feature", "geometry": {"type": "Point", "coordinates": [3.74704337, 44.83028827]}, "properties": {"route": "D88", "pr": "13", "abs": 11867, "label": "D88 PR13+11867"}}, {"type": "Feature", "geometry": {"type": "Point", "coordinates": [3.82766491, 44.84236112]}, "properties": {"route": "D88", "pr": "3", "abs": 2767, "label": "D88 PR3+2767"}}, {"type": "Feature", "geometry": {"type": "Point", "coordinates": [3.80603977, 44.83473111]}, "properties": {"route": "D88", "pr": "5", "abs": 4754, "label": "D88 PR5+4754"}}, {"type": "Feature", "geometry": {"type": "Point", "coordinates": [3.7441334, 44.83851559]}, "properties": {"route": "D88", "pr": "14", "abs": 12516, "label": "D88 PR14+12516"}}, {"type": "Feature", "geometry": {"type": "Point", "coordinates": [3.75157105, 44.82427475]}, "properties": {"route": "D88", "pr": "12", "abs": 10866, "label": "D88 PR12+10866"}}, {"type": "Feature", "geometry": {"type": "Point", "coordinates": [3.80667002, 44.90647745]}, "properties": {"route": "D312", "pr": "0", "abs": 5, "label": "D312 PR0+5"}}, {"type": "Feature", "geometry": {"type": "Point", "coordinates": [3.79595696, 44.91072175]}, "properties": {"route": "D312", "pr": "1", "abs": 305, "label": "D312 PR1+305"}}, {"type": "Feature", "geometry": {"type": "Point", "coordinates": [3.48687797, 44.97011824]}, "properties": {"route": "D323", "pr": "6", "abs": 4764, "label": "D323 PR6+4764"}}, {"type": "Feature", "geometry": {"type": "Point", "coordinates": [3.97649782, 44.96239886]}, "properties": {"route": "D535", "pr": "12", "abs": 11605, "label": "D535 PR12+11605"}}, {"type": "Feature", "geometry": {"type": "Point", "coordinates": [3.97320789, 44.96605285]}, "properties": {"route": "D535", "pr": "11", "abs": 10632, "label": "D535 PR11+10632"}}, {"type": "Feature", "geometry": {"type": "Point", "coordinates": [3.99465489, 44.94232397]}, "properties": {"route": "D535", "pr": "15", "abs": 14597, "label": "D535 PR15+14597"}}, {"type": "Feature", "geometry": {"type": "Point", "coordinates": [3.9873066, 44.94945965]}, "properties": {"route": "D535", "pr": "14", "abs": 13598, "label": "D535 PR14+13598"}}, {"type": "Feature", "geometry": {"type": "Point", "coordinates": [3.98198353, 44.95713345]}, "properties": {"route": "D535", "pr": "13", "abs": 12608, "label": "D535 PR13+12608"}}, {"type": "Feature", "geometry": {"type": "Point", "coordinates": [3.88127781, 44.8875398]}, "properties": {"route": "D491", "pr": "0", "abs": 5, "label": "D491 PR0+5"}}, {"type": "Feature", "geometry": {"type": "Point", "coordinates": [3.87254434, 44.88140321]}, "properties": {"route": "D491", "pr": "1", "abs": 996, "label": "D491 PR1+996"}}, {"type": "Feature", "geometry": {"type": "Point", "coordinates": [3.85847904, 44.86855345]}, "properties": {"route": "D491", "pr": "3", "abs": 2936, "label": "D491 PR3+2936"}}, {"type": "Feature", "geometry": {"type": "Point", "coordinates": [3.86498217, 44.87464727]}, "properties": {"route": "D491", "pr": "2", "abs": 1993, "label": "D491 PR2+1993"}}, {"type": "Feature", "geometry": {"type": "Point", "coordinates": [3.74645629, 44.91372056]}, "properties": {"route": "D334", "pr": "0", "abs": 5, "label": "D334 PR0+5"}}, {"type": "Feature", "geometry": {"type": "Point", "coordinates": [3.75058941, 44.8745772]}, "properties": {"route": "D334", "pr": "3", "abs": 2088, "label": "D334 PR3+2088"}}, {"type": "Feature", "geometry": {"type": "Point", "coordinates": [3.74963193, 44.88139236]}, "properties": {"route": "D334", "pr": "2", "abs": 1498, "label": "D334 PR2+1498"}}, {"type": "Feature", "geometry": {"type": "Point", "coordinates": [3.74083463, 44.90638308]}, "properties": {"route": "D334", "pr": "1", "abs": 718, "label": "D334 PR1+718"}}, {"type": "Feature", "geometry": {"type": "Point", "coordinates": [3.67612973, 44.8663003]}, "properties": {"route": "D325", "pr": "0", "abs": 0, "label": "D325 PR0"}}, {"type": "Feature", "geometry": {"type": "Point", "coordinates": [3.88989303, 44.88657611]}, "properties": {"route": "D54", "pr": "17", "abs": 10542, "label": "D54 PR17+10542"}}, {"type": "Feature", "geometry": {"type": "Point", "coordinates": [3.88908362, 44.97141411]}, "properties": {"route": "D54", "pr": "6", "abs": 5593, "label": "D54 PR6+5593"}}, {"type": "Feature", "geometry": {"type": "Point", "coordinates": [3.9455721, 44.86173577]}, "properties": {"route": "D54", "pr": "25", "abs": 18503, "label": "D54 PR25+18503"}}, {"type": "Feature", "geometry": {"type": "Point", "coordinates": [3.92532535, 44.8639971]}, "properties": {"route": "D54", "pr": "23", "abs": 16515, "label": "D54 PR23+16515"}}, {"type": "Feature", "geometry": {"type": "Point", "coordinates": [3.95471782, 44.85764261]}, "properties": {"route": "D54", "pr": "26", "abs": 19498, "label": "D54 PR26+19498"}}, {"type": "Feature", "geometry": {"type": "Point", "coordinates": [3.88745471, 44.96515387]}, "properties": {"route": "D54", "pr": "7", "abs": 6608, "label": "D54 PR7+6608"}}, {"type": "Feature", "geometry": {"type": "Point", "coordinates": [3.88372607, 44.94264517]}, "properties": {"route": "D54", "pr": "10", "abs": 9591, "label": "D54 PR10+9591"}}, {"type": "Feature", "geometry": {"type": "Point", "coordinates": [3.88353205, 44.9382968]}, "properties": {"route": "D54", "pr": "11", "abs": 10242, "label": "D54 PR11+10242"}}, {"type": "Feature", "geometry": {"type": "Point", "coordinates": [3.95710876, 44.85108331]}, "properties": {"route": "D54", "pr": "27", "abs": 20498, "label": "D54 PR27+20498"}}, {"type": "Feature", "geometry": {"type": "Point", "coordinates": [3.89040527, 44.94785302]}, "properties": {"route": "D54", "pr": "9", "abs": 8589, "label": "D54 PR9+8589"}}, {"type": "Feature", "geometry": {"type": "Point", "coordinates": [3.97755056, 44.84756467]}, "properties": {"route": "D54", "pr": "30", "abs": 23167, "label": "D54 PR30+23167"}}, {"type": "Feature", "geometry": {"type": "Point", "coordinates": [3.90253682, 44.87489853]}, "properties": {"route": "D54", "pr": "20", "abs": 13533, "label": "D54 PR20+13533"}}, {"type": "Feature", "geometry": {"type": "Point", "coordinates": [3.91668026, 44.86366003]}, "properties": {"route": "D54", "pr": "22", "abs": 15518, "label": "D54 PR22+15518"}}, {"type": "Feature", "geometry": {"type": "Point", "coordinates": [3.88869503, 44.95626671]}, "properties": {"route": "D54", "pr": "8", "abs": 7590, "label": "D54 PR8+7590"}}, {"type": "Feature", "geometry": {"type": "Point", "coordinates": [3.98328426, 44.83744663]}, "properties": {"route": "D54", "pr": "32", "abs": 25139, "label": "D54 PR32+25139"}}, {"type": "Feature", "geometry": {"type": "Point", "coordinates": [3.89017395, 44.88400412]}, "properties": {"route": "D54", "pr": "18", "abs": 11537, "label": "D54 PR18+11537"}}, {"type": "Feature", "geometry": {"type": "Point", "coordinates": [3.93523469, 44.86148209]}, "properties": {"route": "D54", "pr": "24", "abs": 17509, "label": "D54 PR24+17509"}}, {"type": "Feature", "geometry": {"type": "Point", "coordinates": [3.96162636, 44.84332333]}, "properties": {"route": "D54", "pr": "28", "abs": 21240, "label": "D54 PR28+21240"}}, {"type": "Feature", "geometry": {"type": "Point", "coordinates": [3.9081325, 44.86698522]}, "properties": {"route": "D54", "pr": "21", "abs": 14524, "label": "D54 PR21+14524"}}, {"type": "Feature", "geometry": {"type": "Point", "coordinates": [3.98998046, 44.83927524]}, "properties": {"route": "D54", "pr": "33", "abs": 25508, "label": "D54 PR33+25508"}}, {"type": "Feature", "geometry": {"type": "Point", "coordinates": [3.89598691, 44.8820017]}, "properties": {"route": "D54", "pr": "19", "abs": 12532, "label": "D54 PR19+12532"}}, {"type": "Feature", "geometry": {"type": "Point", "coordinates": [3.97063766, 44.85410283]}, "properties": {"route": "D54", "pr": "29", "abs": 22228, "label": "D54 PR29+22228"}}, {"type": "Feature", "geometry": {"type": "Point", "coordinates": [3.98133769, 44.84054593]}, "properties": {"route": "D54", "pr": "31", "abs": 24150, "label": "D54 PR31+24150"}}, {"type": "Feature", "geometry": {"type": "Point", "coordinates": [3.93006375, 44.88682506]}, "properties": {"route": "D492", "pr": "0", "abs": 5, "label": "D492 PR0+5"}}, {"type": "Feature", "geometry": {"type": "Point", "coordinates": [3.88499657, 44.96852123]}, "properties": {"route": "D276", "pr": "0", "abs": 5, "label": "D276 PR0+5"}}, {"type": "Feature", "geometry": {"type": "Point", "coordinates": [3.85576556, 44.95918392]}, "properties": {"route": "D276", "pr": "3", "abs": 3020, "label": "D276 PR3+3020"}}, {"type": "Feature", "geometry": {"type": "Point", "coordinates": [3.84506874, 44.95559293]}, "properties": {"route": "D276", "pr": "4", "abs": 3129, "label": "D276 PR4+3129"}}, {"type": "Feature", "geometry": {"type": "Point", "coordinates": [3.86826297, 44.95881243]}, "properties": {"route": "D276", "pr": "2", "abs": 2023, "label": "D276 PR2+2023"}}, {"type": "Feature", "geometry": {"type": "Point", "coordinates": [3.87790022, 44.96377011]}, "properties": {"route": "D276", "pr": "1", "abs": 1031, "label": "D276 PR1+1031"}}, {"type": "Feature", "geometry": {"type": "Point", "coordinates": [3.7371887, 44.83524497]}, "properties": {"route": "D32", "pr": "0", "abs": 5, "label": "D32 PR0+5"}}, {"type": "Feature", "geometry": {"type": "Point", "coordinates": [3.59037976, 44.91585147]}, "properties": {"route": "D32", "pr": "19", "abs": 11746, "label": "D32 PR19+11746"}}, {"type": "Feature", "geometry": {"type": "Point", "coordinates": [3.54009518, 44.96844816]}, "properties": {"route": "D32", "pr": "26", "abs": 17892, "label": "D32 PR26+17892"}}, {"type": "Feature", "geometry": {"type": "Point", "coordinates": [3.73317633, 44.83448103]}, "properties": {"route": "D32", "pr": "1", "abs": 993, "label": "D32 PR1+993"}}, {"type": "Feature", "geometry": {"type": "Point", "coordinates": [3.63881548, 44.89717804]}, "properties": {"route": "D32", "pr": "14", "abs": 10760, "label": "D32 PR14+10760"}}, {"type": "Feature", "geometry": {"type": "Point", "coordinates": [3.67355888, 44.86993362]}, "properties": {"route": "D32", "pr": "9", "abs": 6559, "label": "D32 PR9+6559"}}, {"type": "Feature", "geometry": {"type": "Point", "coordinates": [3.64502535, 44.89377835]}, "properties": {"route": "D32", "pr": "13", "abs": 10121, "label": "D32 PR13+10121"}}, {"type": "Feature", "geometry": {"type": "Point", "coordinates": [3.67977624, 44.86234431]}, "properties": {"route": "D32", "pr": "8", "abs": 5564, "label": "D32 PR8+5564"}}, {"type": "Feature", "geometry": {"type": "Point", "coordinates": [3.72256978, 44.83121114]}, "properties": {"route": "D32", "pr": "2", "abs": 1983, "label": "D32 PR2+1983"}}, {"type": "Feature", "geometry": {"type": "Point", "coordinates": [3.5837589, 44.92171009]}, "properties": {"route": "D32", "pr": "20", "abs": 12746, "label": "D32 PR20+12746"}}, {"type": "Feature", "geometry": {"type": "Point", "coordinates": [3.68175634, 44.85390651]}, "properties": {"route": "D32", "pr": "7", "abs": 5030, "label": "D32 PR7+5030"}}, {"type": "Feature", "geometry": {"type": "Point", "coordinates": [3.65586533, 44.89277488]}, "properties": {"route": "D32", "pr": "12", "abs": 9143, "label": "D32 PR12+9143"}}, {"type": "Feature", "geometry": {"type": "Point", "coordinates": [3.69237152, 44.8538237]}, "properties": {"route": "D32", "pr": "6", "abs": 4959, "label": "D32 PR6+4959"}}, {"type": "Feature", "geometry": {"type": "Point", "coordinates": [3.55306721, 44.94973022]}, "properties": {"route": "D32", "pr": "25", "abs": 17151, "label": "D32 PR25+17151"}}, {"type": "Feature", "geometry": {"type": "Point", "coordinates": [3.56991634, 44.93795185]}, "properties": {"route": "D32", "pr": "23", "abs": 15704, "label": "D32 PR23+15704"}}, {"type": "Feature", "geometry": {"type": "Point", "coordinates": [3.66264334, 44.88580806]}, "properties": {"route": "D32", "pr": "11", "abs": 8139, "label": "D32 PR11+8139"}}, {"type": "Feature", "geometry": {"type": "Point", "coordinates": [3.70234197, 44.84955634]}, "properties": {"route": "D32", "pr": "5", "abs": 4918, "label": "D32 PR5+4918"}}, {"type": "Feature", "geometry": {"type": "Point", "coordinates": [3.576609, 44.92642038]}, "properties": {"route": "D32", "pr": "21", "abs": 13727, "label": "D32 PR21+13727"}}, {"type": "Feature", "geometry": {"type": "Point", "coordinates": [3.56274935, 44.94481776]}, "properties": {"route": "D32", "pr": "24", "abs": 16708, "label": "D32 PR24+16708"}}, {"type": "Feature", "geometry": {"type": "Point", "coordinates": [3.66696939, 44.8774654]}, "properties": {"route": "D32", "pr": "10", "abs": 7555, "label": "D32 PR10+7555"}}, {"type": "Feature", "geometry": {"type": "Point", "coordinates": [3.57218645, 44.93084069]}, "properties": {"route": "D32", "pr": "22", "abs": 14720, "label": "D32 PR22+14720"}}, {"type": "Feature", "geometry": {"type": "Point", "coordinates": [3.715259, 44.83747644]}, "properties": {"route": "D32", "pr": "3", "abs": 2976, "label": "D32 PR3+2976"}}, {"type": "Feature", "geometry": {"type": "Point", "coordinates": [3.91476265, 44.79956996]}, "properties": {"route": "D505", "pr": "0", "abs": 5, "label": "D505 PR0+5"}}, {"type": "Feature", "geometry": {"type": "Point", "coordinates": [3.92026426, 44.79365668]}, "properties": {"route": "D505", "pr": "1", "abs": 564, "label": "D505 PR1+564"}}, {"type": "Feature", "geometry": {"type": "Point", "coordinates": [3.93413629, 44.90489272]}, "properties": {"route": "D49", "pr": "21", "abs": 19286, "label": "D49 PR21+19286"}}, {"type": "Feature", "geometry": {"type": "Point", "coordinates": [3.81235463, 44.91660154]}, "properties": {"route": "D49", "pr": "36", "abs": 31152, "label": "D49 PR36+31152"}}, {"type": "Feature", "geometry": {"type": "Point", "coordinates": [3.88810598, 44.88706043]}, "properties": {"route": "D49", "pr": "28", "abs": 24784, "label": "D49 PR28+24784"}}, {"type": "Feature", "geometry": {"type": "Point", "coordinates": [3.85528135, 44.89120326]}, "properties": {"route": "D49", "pr": "31", "abs": 27344, "label": "D49 PR31+27344"}}, {"type": "Feature", "geometry": {"type": "Point", "coordinates": [3.95073927, 44.9149374]}, "properties": {"route": "D49", "pr": "19", "abs": 17369, "label": "D49 PR19+17369"}}, {"type": "Feature", "geometry": {"type": "Point", "coordinates": [3.91962932, 44.89004806]}, "properties": {"route": "D49", "pr": "25", "abs": 22369, "label": "D49 PR25+22369"}}, {"type": "Feature", "geometry": {"type": "Point", "coordinates": [3.87637426, 44.88920382]}, "properties": {"route": "D49", "pr": "29", "abs": 25754, "label": "D49 PR29+25754"}}, {"type": "Feature", "geometry": {"type": "Point", "coordinates": [3.94060744, 44.91135713]}, "properties": {"route": "D49", "pr": "20", "abs": 18270, "label": "D49 PR20+18270"}}, {"type": "Feature", "geometry": {"type": "Point", "coordinates": [3.81791704, 44.9088164]}, "properties": {"route": "D49", "pr": "35", "abs": 30515, "label": "D49 PR35+30515"}}, {"type": "Feature", "geometry": {"type": "Point", "coordinates": [3.95866125, 44.91831074]}, "properties": {"route": "D49", "pr": "18", "abs": 16356, "label": "D49 PR18+16356"}}, {"type": "Feature", "geometry": {"type": "Point", "coordinates": [3.92483258, 44.89557568]}, "properties": {"route": "D49", "pr": "23", "abs": 21274, "label": "D49 PR23+21274"}}, {"type": "Feature", "geometry": {"type": "Point", "coordinates": [3.84623682, 44.89561695]}, "properties": {"route": "D49", "pr": "32", "abs": 28348, "label": "D49 PR32+28348"}}, {"type": "Feature", "geometry": {"type": "Point", "coordinates": [3.89863957, 44.89019374]}, "properties": {"route": "D49", "pr": "27", "abs": 24221, "label": "D49 PR27+24221"}}, {"type": "Feature", "geometry": {"type": "Point", "coordinates": [3.9903701, 44.94723445]}, "properties": {"route": "D49", "pr": "17", "abs": 15334, "label": "D49 PR17+15334"}}, {"type": "Feature", "geometry": {"type": "Point", "coordinates": [3.9240867, 44.90051433]}, "properties": {"route": "D49", "pr": "22", "abs": 20288, "label": "D49 PR22+20288"}}, {"type": "Feature", "geometry": {"type": "Point", "coordinates": [3.82499865, 44.90218483]}, "properties": {"route": "D49", "pr": "34", "abs": 29511, "label": "D49 PR34+29511"}}, {"type": "Feature", "geometry": {"type": "Point", "coordinates": [3.83708778, 44.90033863]}, "properties": {"route": "D49", "pr": "33", "abs": 29351, "label": "D49 PR33+29351"}}, {"type": "Feature", "geometry": {"type": "Point", "coordinates": [3.9280853, 44.88934924]}, "properties": {"route": "D49", "pr": "24", "abs": 21390, "label": "D49 PR24+21390"}}, {"type": "Feature", "geometry": {"type": "Point", "coordinates": [3.90783858, 44.89219077]}, "properties": {"route": "D49", "pr": "26", "abs": 23353, "label": "D49 PR26+23353"}}, {"type": "Feature", "geometry": {"type": "Point", "coordinates": [3.86691213, 44.89031984]}, "properties": {"route": "D49", "pr": "30", "abs": 26745, "label": "D49 PR30+26745"}}, {"type": "Feature", "geometry": {"type": "Point", "coordinates": [3.49279014, 44.92685871]}, "properties": {"route": "D337", "pr": "0", "abs": 5, "label": "D337 PR0+5"}}, {"type": "Feature", "geometry": {"type": "Point", "coordinates": [3.79825639, 44.82225958]}, "properties": {"route": "D404", "pr": "0", "abs": 5, "label": "D404 PR0+5"}}, {"type": "Feature", "geometry": {"type": "Point", "coordinates": [3.78813349, 44.81011035]}, "properties": {"route": "D404", "pr": "2", "abs": 2014, "label": "D404 PR2+2014"}}, {"type": "Feature", "geometry": {"type": "Point", "coordinates": [3.79027499, 44.81659847]}, "properties": {"route": "D404", "pr": "1", "abs": 1005, "label": "D404 PR1+1005"}}, {"type": "Feature", "geometry": {"type": "Point", "coordinates": [3.78407428, 44.80255624]}, "properties": {"route": "D404", "pr": "3", "abs": 3014, "label": "D404 PR3+3014"}}, {"type": "Feature", "geometry": {"type": "Point", "coordinates": [3.79511169, 44.8001088]}, "properties": {"route": "D404", "pr": "4", "abs": 4001, "label": "D404 PR4+4001"}}, {"type": "Feature", "geometry": {"type": "Point", "coordinates": [3.79942213, 44.79491062]}, "properties": {"route": "D404", "pr": "5", "abs": 4439, "label": "D404 PR5+4439"}}, {"type": "Feature", "geometry": {"type": "Point", "coordinates": [3.74013131, 44.84114982]}, "properties": {"route": "D31", "pr": "33", "abs": 28046, "label": "D31 PR33+28046"}}, {"type": "Feature", "geometry": {"type": "Point", "coordinates": [3.74796077, 44.83656756]}, "properties": {"route": "D31", "pr": "32", "abs": 27387, "label": "D31 PR32+27387"}}, {"type": "Feature", "geometry": {"type": "Point", "coordinates": [3.80648215, 44.89913609]}, "properties": {"route": "D31", "pr": "22", "abs": 18549, "label": "D31 PR22+18549"}}, {"type": "Feature", "geometry": {"type": "Point", "coordinates": [3.79244503, 44.94735807]}, "properties": {"route": "D31", "pr": "16", "abs": 14845, "label": "D31 PR16+14845"}}, {"type": "Feature", "geometry": {"type": "Point", "coordinates": [3.80101206, 44.94085788]}, "properties": {"route": "D31", "pr": "17", "abs": 15846, "label": "D31 PR17+15846"}}, {"type": "Feature", "geometry": {"type": "Point", "coordinates": [3.78874236, 44.88766191]}, "properties": {"route": "D31", "pr": "24", "abs": 20391, "label": "D31 PR24+20391"}}, {"type": "Feature", "geometry": {"type": "Point", "coordinates": [3.75618352, 44.85406192]}, "properties": {"route": "D31", "pr": "29", "abs": 24437, "label": "D31 PR29+24437"}}, {"type": "Feature", "geometry": {"type": "Point", "coordinates": [3.80668766, 44.90779281]}, "properties": {"route": "D31", "pr": "21", "abs": 18201, "label": "D31 PR21+18201"}}, {"type": "Feature", "geometry": {"type": "Point", "coordinates": [3.78415543, 44.9616865]}, "properties": {"route": "D31", "pr": "14", "abs": 12851, "label": "D31 PR14+12851"}}, {"type": "Feature", "geometry": {"type": "Point", "coordinates": [3.76850812, 44.87816602]}, "properties": {"route": "D31", "pr": "26", "abs": 22381, "label": "D31 PR26+22381"}}, {"type": "Feature", "geometry": {"type": "Point", "coordinates": [3.75872292, 44.84817325]}, "properties": {"route": "D31", "pr": "30", "abs": 25404, "label": "D31 PR30+25404"}}, {"type": "Feature", "geometry": {"type": "Point", "coordinates": [3.79893026, 44.89235127]}, "properties": {"route": "D31", "pr": "23", "abs": 19382, "label": "D31 PR23+19382"}}, {"type": "Feature", "geometry": {"type": "Point", "coordinates": [3.77861567, 44.88233194]}, "properties": {"route": "D31", "pr": "25", "abs": 21382, "label": "D31 PR25+21382"}}, {"type": "Feature", "geometry": {"type": "Point", "coordinates": [3.78674719, 44.95487101]}, "properties": {"route": "D31", "pr": "15", "abs": 13846, "label": "D31 PR15+13846"}}, {"type": "Feature", "geometry": {"type": "Point", "coordinates": [3.76090366, 44.8714367]}, "properties": {"route": "D31", "pr": "27", "abs": 23369, "label": "D31 PR27+23369"}}, {"type": "Feature", "geometry": {"type": "Point", "coordinates": [3.8062657, 44.93318537]}, "properties": {"route": "D31", "pr": "18", "abs": 16684, "label": "D31 PR18+16684"}}, {"type": "Feature", "geometry": {"type": "Point", "coordinates": [3.80630026, 44.91636741]}, "properties": {"route": "D31", "pr": "20", "abs": 18055, "label": "D31 PR20+18055"}}, {"type": "Feature", "geometry": {"type": "Point", "coordinates": [3.75365493, 44.84211855]}, "properties": {"route": "D31", "pr": "31", "abs": 26388, "label": "D31 PR31+26388"}}, {"type": "Feature", "geometry": {"type": "Point", "coordinates": [3.79121162, 44.96885332]}, "properties": {"route": "D31", "pr": "13", "abs": 12617, "label": "D31 PR13+12617"}}, {"type": "Feature", "geometry": {"type": "Point", "coordinates": [3.7576513, 44.8628414]}, "properties": {"route": "D31", "pr": "28", "abs": 23468, "label": "D31 PR28+23468"}}, {"type": "Feature", "geometry": {"type": "Point", "coordinates": [3.80836422, 44.92461089]}, "properties": {"route": "D31", "pr": "19", "abs": 17058, "label": "D31 PR19+17058"}}, {"type": "Feature", "geometry": {"type": "Point", "coordinates": [3.97308543, 44.84012698]}, "properties": {"route": "D500", "pr": "102", "abs": 100456, "label": "D500 PR102+100456"}}, {"type": "Feature", "geometry": {"type": "Point", "coordinates": [3.94137553, 44.82142292]}, "properties": {"route": "D500", "pr": "107", "abs": 105438, "label": "D500 PR107+105438"}}, {"type": "Feature", "geometry": {"type": "Point", "coordinates": [3.98445043, 44.86059467]}, "properties": {"route": "D500", "pr": "98", "abs": 96465, "label": "D500 PR98+96465"}}, {"type": "Feature", "geometry": {"type": "Point", "coordinates": [3.96444656, 44.87379373]}, "properties": {"route": "D500", "pr": "95", "abs": 93469, "label": "D500 PR95+93469"}}, {"type": "Feature", "geometry": {"type": "Point", "coordinates": [3.98095468, 44.85470455]}, "properties": {"route": "D500", "pr": "99", "abs": 97488, "label": "D500 PR99+97488"}}, {"type": "Feature", "geometry": {"type": "Point", "coordinates": [3.89312512, 44.78204858]}, "properties": {"route": "D500", "pr": "115", "abs": 112642, "label": "D500 PR115+112642"}}, {"type": "Feature", "geometry": {"type": "Point", "coordinates": [3.94552547, 44.82851422]}, "properties": {"route": "D500", "pr": "106", "abs": 104441, "label": "D500 PR106+104441"}}, {"type": "Feature", "geometry": {"type": "Point", "coordinates": [3.90859669, 44.80310692]}, "properties": {"route": "D500", "pr": "112", "abs": 110422, "label": "D500 PR112+110422"}}, {"type": "Feature", "geometry": {"type": "Point", "coordinates": [3.98470233, 44.92911054]}, "properties": {"route": "D500", "pr": "86", "abs": 84501, "label": "D500 PR86+84501"}}, {"type": "Feature", "geometry": {"type": "Point", "coordinates": [3.92801769, 44.80374835]}, "properties": {"route": "D500", "pr": "110", "abs": 108426, "label": "D500 PR110+108426"}}, {"type": "Feature", "geometry": {"type": "Point", "coordinates": [3.9192394, 44.79903144]}, "properties": {"route": "D500", "pr": "111", "abs": 109424, "label": "D500 PR111+109424"}}, {"type": "Feature", "geometry": {"type": "Point", "coordinates": [3.90155252, 44.79830417]}, "properties": {"route": "D500", "pr": "113", "abs": 111417, "label": "D500 PR113+111417"}}, {"type": "Feature", "geometry": {"type": "Point", "coordinates": [3.94608947, 44.83638606]}, "properties": {"route": "D500", "pr": "105", "abs": 103445, "label": "D500 PR105+103445"}}, {"type": "Feature", "geometry": {"type": "Point", "coordinates": [3.96221843, 44.91749213]}, "properties": {"route": "D500", "pr": "89", "abs": 87474, "label": "D500 PR89+87474"}}, {"type": "Feature", "geometry": {"type": "Point", "coordinates": [3.95663893, 44.90034234]}, "properties": {"route": "D500", "pr": "91", "abs": 89479, "label": "D500 PR91+89479"}}, {"type": "Feature", "geometry": {"type": "Point", "coordinates": [3.97030265, 44.8546415]}, "properties": {"route": "D500", "pr": "100", "abs": 98458, "label": "D500 PR100+98458"}}, {"type": "Feature", "geometry": {"type": "Point", "coordinates": [3.97653125, 44.86515854]}, "properties": {"route": "D500", "pr": "97", "abs": 95467, "label": "D500 PR97+95467"}}, {"type": "Feature", "geometry": {"type": "Point", "coordinates": [3.97777283, 44.92606435]}, "properties": {"route": "D500", "pr": "87", "abs": 85491, "label": "D500 PR87+85491"}}, {"type": "Feature", "geometry": {"type": "Point", "coordinates": [3.9552768, 44.83773898]}, "properties": {"route": "D500", "pr": "104", "abs": 102447, "label": "D500 PR104+102447"}}, {"type": "Feature", "geometry": {"type": "Point", "coordinates": [3.89748135, 44.79043099]}, "properties": {"route": "D500", "pr": "114", "abs": 112415, "label": "D500 PR114+112415"}}, {"type": "Feature", "geometry": {"type": "Point", "coordinates": [3.95717613, 44.90918339]}, "properties": {"route": "D500", "pr": "90", "abs": 88471, "label": "D500 PR90+88471"}}, {"type": "Feature", "geometry": {"type": "Point", "coordinates": [3.9628305, 44.84077107]}, "properties": {"route": "D500", "pr": "103", "abs": 101455, "label": "D500 PR103+101455"}}, {"type": "Feature", "geometry": {"type": "Point", "coordinates": [3.95989547, 44.8917144]}, "properties": {"route": "D500", "pr": "92", "abs": 90455, "label": "D500 PR92+90455"}}, {"type": "Feature", "geometry": {"type": "Point", "coordinates": [3.96930317, 44.88797252]}, "properties": {"route": "D500", "pr": "93", "abs": 91472, "label": "D500 PR93+91472"}}, {"type": "Feature", "geometry": {"type": "Point", "coordinates": [3.96636276, 44.86535106]}, "properties": {"route": "D500", "pr": "96", "abs": 94466, "label": "D500 PR96+94466"}}, {"type": "Feature", "geometry": {"type": "Point", "coordinates": [3.92987458, 44.81156524]}, "properties": {"route": "D500", "pr": "109", "abs": 107433, "label": "D500 PR109+107433"}}, {"type": "Feature", "geometry": {"type": "Point", "coordinates": [3.96225946, 44.88249894]}, "properties": {"route": "D500", "pr": "94", "abs": 92473, "label": "D500 PR94+92473"}}, {"type": "Feature", "geometry": {"type": "Point", "coordinates": [3.99544539, 44.92664672]}, "properties": {"route": "D500", "pr": "85", "abs": 83505, "label": "D500 PR85+83505"}}, {"type": "Feature", "geometry": {"type": "Point", "coordinates": [3.96984604, 44.84865151]}, "properties": {"route": "D500", "pr": "101", "abs": 99456, "label": "D500 PR101+99456"}}, {"type": "Feature", "geometry": {"type": "Point", "coordinates": [3.96992986, 44.92350654]}, "properties": {"route": "D500", "pr": "88", "abs": 86458, "label": "D500 PR88+86458"}}, {"type": "Feature", "geometry": {"type": "Point", "coordinates": [3.93313881, 44.81900653]}, "properties": {"route": "D500", "pr": "108", "abs": 106435, "label": "D500 PR108+106435"}}, {"type": "Feature", "geometry": {"type": "Point", "coordinates": [3.67113905, 44.91991572]}, "properties": {"route": "D331", "pr": "0", "abs": 5, "label": "D331 PR0+5"}}, {"type": "Feature", "geometry": {"type": "Point", "coordinates": [3.67153427, 44.90709095]}, "properties": {"route": "D331", "pr": "2", "abs": 1104, "label": "D331 PR2+1104"}}, {"type": "Feature", "geometry": {"type": "Point", "coordinates": [3.66622317, 44.91350394]}, "properties": {"route": "D331", "pr": "1", "abs": 927, "label": "D331 PR1+927"}}, {"type": "Feature", "geometry": {"type": "Point", "coordinates": [3.98424969, 44.9525068]}, "properties": {"route": "D38", "pr": "9", "abs": 7433, "label": "D38 PR9+7433"}}, {"type": "Feature", "geometry": {"type": "Point", "coordinates": [3.96419001, 44.96105295]}, "properties": {"route": "D38", "pr": "7", "abs": 5687, "label": "D38 PR7+5687"}}, {"type": "Feature", "geometry": {"type": "Point", "coordinates": [3.97343419, 44.95563916]}, "properties": {"route": "D38", "pr": "8", "abs": 6690, "label": "D38 PR8+6690"}}, {"type": "Feature", "geometry": {"type": "Point", "coordinates": [3.95691867, 44.96689833]}, "properties": {"route": "D38", "pr": "6", "abs": 4692, "label": "D38 PR6+4692"}}, {"type": "Feature", "geometry": {"type": "Point", "coordinates": [3.94700285, 44.97120352]}, "properties": {"route": "D38", "pr": "5", "abs": 3714, "label": "D38 PR5+3714"}}, {"type": "Feature", "geometry": {"type": "Point", "coordinates": [3.6256787, 44.91588523]}, "properties": {"route": "D332", "pr": "0", "abs": 5, "label": "D332 PR0+5"}}, {"type": "Feature", "geometry": {"type": "Point", "coordinates": [3.62846827, 44.93550055]}, "properties": {"route": "D332", "pr": "3", "abs": 3008, "label": "D332 PR3+3008"}}, {"type": "Feature", "geometry": {"type": "Point", "coordinates": [3.62063461, 44.92922386]}, "properties": {"route": "D332", "pr": "2", "abs": 2009, "label": "D332 PR2+2009"}}, {"type": "Feature", "geometry": {"type": "Point", "coordinates": [3.63188294, 44.95201144]}, "properties": {"route": "D332", "pr": "5", "abs": 4315, "label": "D332 PR5+4315"}}, {"type": "Feature", "geometry": {"type": "Point", "coordinates": [3.62960184, 44.9437714]}, "properties": {"route": "D332", "pr": "4", "abs": 4001, "label": "D332 PR4+4001"}}, {"type": "Feature", "geometry": {"type": "Point", "coordinates": [3.62095444, 44.92067564]}, "properties": {"route": "D332", "pr": "1", "abs": 1017, "label": "D332 PR1+1017"}}, {"type": "Feature", "geometry": {"type": "Point", "coordinates": [3.80542759, 44.8960959]}, "properties": {"route": "D311", "pr": "0", "abs": 5, "label": "D311 PR0+5"}}, {"type": "Feature", "geometry": {"type": "Point", "coordinates": [3.81690723, 44.89863583]}, "properties": {"route": "D311", "pr": "1", "abs": 664, "label": "D311 PR1+664"}}, {"type": "Feature", "geometry": {"type": "Point", "coordinates": [3.48153043, 44.96495081]}, "properties": {"route": "D335", "pr": "0", "abs": 5, "label": "D335 PR0+5"}}, {"type": "Feature", "geometry": {"type": "Point", "coordinates": [3.50083596, 44.91269322]}, "properties": {"route": "D335", "pr": "9", "abs": 7813, "label": "D335 PR9+7813"}}, {"type": "Feature", "geometry": {"type": "Point", "coordinates": [3.46879546, 44.94521038]}, "properties": {"route": "D335", "pr": "3", "abs": 2978, "label": "D335 PR3+2978"}}, {"type": "Feature", "geometry": {"type": "Point", "coordinates": [3.47441877, 44.95111281]}, "properties": {"route": "D335", "pr": "2", "abs": 1990, "label": "D335 PR2+1990"}}, {"type": "Feature", "geometry": {"type": "Point", "coordinates": [3.50092739, 44.89880643]}, "properties": {"route": "D335", "pr": "11", "abs": 9824, "label": "D335 PR11+9824"}}, {"type": "Feature", "geometry": {"type": "Point", "coordinates": [3.49089997, 44.91579971]}, "properties": {"route": "D335", "pr": "8", "abs": 6882, "label": "D335 PR8+6882"}}, {"type": "Feature", "geometry": {"type": "Point", "coordinates": [3.4761888, 44.95827407]}, "properties": {"route": "D335", "pr": "1", "abs": 995, "label": "D335 PR1+995"}}, {"type": "Feature", "geometry": {"type": "Point", "coordinates": [3.49538963, 44.89155632]}, "properties": {"route": "D335", "pr": "12", "abs": 10791, "label": "D335 PR12+10791"}}, {"type": "Feature", "geometry": {"type": "Point", "coordinates": [3.50197253, 44.90773426]}, "properties": {"route": "D335", "pr": "10", "abs": 8841, "label": "D335 PR10+8841"}}, {"type": "Feature", "geometry": {"type": "Point", "coordinates": [3.4791725, 44.93911022]}, "properties": {"route": "D335", "pr": "5", "abs": 4960, "label": "D335 PR5+4960"}}, {"type": "Feature", "geometry": {"type": "Point", "coordinates": [3.47892623, 44.9463449]}, "properties": {"route": "D335", "pr": "4", "abs": 3967, "label": "D335 PR4+3967"}}, {"type": "Feature", "geometry": {"type": "Point", "coordinates": [3.48804296, 44.92400927]}, "properties": {"route": "D335", "pr": "7", "abs": 5885, "label": "D335 PR7+5885"}}, {"type": "Feature", "geometry": {"type": "Point", "coordinates": [3.48583616, 44.932604]}, "properties": {"route": "D335", "pr": "6", "abs": 5734, "label": "D335 PR6+5734"}}, {"type": "Feature", "geometry": {"type": "Point", "coordinates": [3.49984625, 44.88650963]}, "properties": {"route": "D335", "pr": "13", "abs": 11127, "label": "D335 PR13+11127"}}, {"type": "Feature", "geometry": {"type": "Point", "coordinates": [3.58763704, 44.89293257]}, "properties": {"route": "D341", "pr": "0", "abs": 5, "label": "D341 PR0+5"}}, {"type": "Feature", "geometry": {"type": "Point", "coordinates": [3.68438201, 44.82942563]}, "properties": {"route": "D45A", "pr": "0", "abs": 0, "label": "D45A PR0"}}, {"type": "Feature", "geometry": {"type": "Point", "coordinates": [3.67343623, 44.85485136]}, "properties": {"route": "D59", "pr": "0", "abs": 0, "label": "D59 PR0"}}, {"type": "Feature", "geometry": {"type": "Point", "coordinates": [3.54119729, 44.95622096]}, "properties": {"route": "D585", "pr": "FS", "abs": null, "label": "D585 PRFS"}}, {"type": "Feature", "geometry": {"type": "Point", "coordinates": [3.54119729, 44.95622096]}, "properties": {"route": "D585", "pr": "FS", "abs": null, "label": "D585 PRFS"}}, {"type": "Feature", "geometry": {"type": "Point", "coordinates": [3.54107034, 44.95620627]}, "properties": {"route": "D585", "pr": "FS", "abs": null, "label": "D585 PRFS"}}, {"type": "Feature", "geometry": {"type": "Point", "coordinates": [3.54110058, 44.95605486]}, "properties": {"route": "D585", "pr": "FS", "abs": null, "label": "D585 PRFS"}}, {"type": "Feature", "geometry": {"type": "Point", "coordinates": [3.5412296, 44.95654584]}, "properties": {"route": "D585", "pr": "FS", "abs": null, "label": "D585 PRFS"}}, {"type": "Feature", "geometry": {"type": "Point", "coordinates": [3.5412296, 44.95654584]}, "properties": {"route": "D585", "pr": "DS", "abs": null, "label": "D585 PRDS"}}, {"type": "Feature", "geometry": {"type": "Point", "coordinates": [3.48789176, 44.92265398]}, "properties": {"route": "D337", "pr": "FS", "abs": null, "label": "D337 PRFS"}}, {"type": "Feature", "geometry": {"type": "Point", "coordinates": [3.64224408, 44.96886418]}, "properties": {"route": "D789", "pr": "FS", "abs": null, "label": "D789 PRFS"}}, {"type": "Feature", "geometry": {"type": "Point", "coordinates": [3.92248262, 44.88886467]}, "properties": {"route": "D492", "pr": "FS", "abs": null, "label": "D492 PRFS"}}, {"type": "Feature", "geometry": {"type": "Point", "coordinates": [3.6815951, 44.86638303]}, "properties": {"route": "D325", "pr": "FS", "abs": null, "label": "D325 PRFS"}}, {"type": "Feature", "geometry": {"type": "Point", "coordinates": [3.64382785, 44.8781665]}, "properties": {"route": "D322", "pr": "FS", "abs": null, "label": "D322 PRFS"}}, {"type": "Feature", "geometry": {"type": "Point", "coordinates": [3.73469839, 44.90423589]}, "properties": {"route": "D334", "pr": "FS", "abs": null, "label": "D334 PRFS"}}, {"type": "Feature", "geometry": {"type": "Point", "coordinates": [3.65951187, 44.89017191]}, "properties": {"route": "D336", "pr": "FS", "abs": null, "label": "D336 PRFS"}}, {"type": "Feature", "geometry": {"type": "Point", "coordinates": [3.80018665, 44.79158817]}, "properties": {"route": "D404", "pr": "FS", "abs": null, "label": "D404 PRFS"}}, {"type": "Feature", "geometry": {"type": "Point", "coordinates": [3.63046815, 44.9546315]}, "properties": {"route": "D332", "pr": "FS", "abs": null, "label": "D332 PRFS"}}, {"type": "Feature", "geometry": {"type": "Point", "coordinates": [3.59037976, 44.91585147]}, "properties": {"route": "D33", "pr": "FS", "abs": null, "label": "D33 PRFS"}}, {"type": "Feature", "geometry": {"type": "Point", "coordinates": [3.92386702, 44.83907458]}, "properties": {"route": "D532", "pr": "FS", "abs": null, "label": "D532 PRFS"}}, {"type": "Feature", "geometry": {"type": "Point", "coordinates": [3.78749039, 44.79300709]}, "properties": {"route": "D401", "pr": "FS", "abs": null, "label": "D401 PRFS"}}, {"type": "Feature", "geometry": {"type": "Point", "coordinates": [3.63253275, 44.89800092]}, "properties": {"route": "D32", "pr": "FS", "abs": null, "label": "D32 PRFS"}}, {"type": "Feature", "geometry": {"type": "Point", "coordinates": [3.75754942, 44.86195252]}, "properties": {"route": "D40", "pr": "FS", "abs": null, "label": "D40 PRFS"}}, {"type": "Feature", "geometry": {"type": "Point", "coordinates": [3.99047599, 44.94626644]}, "properties": {"route": "D535", "pr": "FS", "abs": null, "label": "D535 PRFS"}}, {"type": "Feature", "geometry": {"type": "Point", "coordinates": [3.84825276, 44.89104196]}, "properties": {"route": "D49", "pr": "FS", "abs": null, "label": "D49 PRFS"}}, {"type": "Feature", "geometry": {"type": "Point", "coordinates": [3.6748027, 44.91991064]}, "properties": {"route": "D40", "pr": "FS", "abs": null, "label": "D40 PRFS"}}, {"type": "Feature", "geometry": {"type": "Point", "coordinates": [3.73938221, 44.84000234]}, "properties": {"route": "D31", "pr": "FS", "abs": null, "label": "D31 PRFS"}}, {"type": "Feature", "geometry": {"type": "Point", "coordinates": [3.84363197, 44.95559303]}, "properties": {"route": "D276", "pr": "FS", "abs": null, "label": "D276 PRFS"}}, {"type": "Feature", "geometry": {"type": "Point", "coordinates": [3.96029132, 44.83733644]}, "properties": {"route": "D54", "pr": "FS", "abs": null, "label": "D54 PRFS"}}, {"type": "Feature", "geometry": {"type": "Point", "coordinates": [3.73855649, 44.83860776]}, "properties": {"route": "D88", "pr": "FS", "abs": null, "label": "D88 PRFS"}}, {"type": "Feature", "geometry": {"type": "Point", "coordinates": [3.96361672, 44.82935442]}, "properties": {"route": "D504", "pr": "FS", "abs": null, "label": "D504 PRFS"}}, {"type": "Feature", "geometry": {"type": "Point", "coordinates": [3.4169739, 44.90627421]}, "properties": {"route": "D33", "pr": "FS", "abs": null, "label": "D33 PRFS"}}, {"type": "Feature", "geometry": {"type": "Point", "coordinates": [3.92618284, 44.79117458]}, "properties": {"route": "D505", "pr": "FS", "abs": null, "label": "D505 PRFS"}}, {"type": "Feature", "geometry": {"type": "Point", "coordinates": [3.99061482, 44.94472277]}, "properties": {"route": "D49", "pr": "FS", "abs": null, "label": "D49 PRFS"}}, {"type": "Feature", "geometry": {"type": "Point", "coordinates": [3.7095512, 44.92509026]}, "properties": {"route": "D34", "pr": "FS", "abs": null, "label": "D34 PRFS"}}, {"type": "Feature", "geometry": {"type": "Point", "coordinates": [3.82300564, 44.90243192]}, "properties": {"route": "D311", "pr": "FS", "abs": null, "label": "D311 PRFS"}}, {"type": "Feature", "geometry": {"type": "Point", "coordinates": [3.96787253, 44.88631924]}, "properties": {"route": "D281", "pr": "FS", "abs": null, "label": "D281 PRFS"}}, {"type": "Feature", "geometry": {"type": "Point", "coordinates": [3.54802922, 44.90453642]}, "properties": {"route": "D587", "pr": "FS", "abs": null, "label": "D587 PRFS"}}, {"type": "Feature", "geometry": {"type": "Point", "coordinates": [3.988666, 44.94702001]}, "properties": {"route": "D38", "pr": "FS", "abs": null, "label": "D38 PRFS"}}, {"type": "Feature", "geometry": {"type": "Point", "coordinates": [3.93500617, 44.96006405]}, "properties": {"route": "D37", "pr": "FS", "abs": null, "label": "D37 PRFS"}}, {"type": "Feature", "geometry": {"type": "Point", "coordinates": [3.67161696, 44.84561742]}, "properties": {"route": "D45A", "pr": "FS", "abs": null, "label": "D45A PRFS"}}, {"type": "Feature", "geometry": {"type": "Point", "coordinates": [3.87857998, 44.93423016]}, "properties": {"route": "D54", "pr": "FS", "abs": null, "label": "D54 PRFS"}}, {"type": "Feature", "geometry": {"type": "Point", "coordinates": [3.88367301, 44.77177459]}, "properties": {"route": "D40", "pr": "FS", "abs": null, "label": "D40 PRFS"}}, {"type": "Feature", "geometry": {"type": "Point", "coordinates": [3.56370267, 44.86547932]}, "properties": {"route": "D34", "pr": "FS", "abs": null, "label": "D34 PRFS"}}, {"type": "Feature", "geometry": {"type": "Point", "coordinates": [3.84833415, 44.86441399]}, "properties": {"route": "D491", "pr": "FS", "abs": null, "label": "D491 PRFS"}}, {"type": "Feature", "geometry": {"type": "Point", "coordinates": [3.79270845, 44.91208926]}, "properties": {"route": "D312", "pr": "FS", "abs": null, "label": "D312 PRFS"}}, {"type": "Feature", "geometry": {"type": "Point", "coordinates": [3.79736441, 44.82778167]}, "properties": {"route": "D40", "pr": "FS", "abs": null, "label": "D40 PRFS"}}, {"type": "Feature", "geometry": {"type": "Point", "coordinates": [3.5958458, 44.85279914]}, "properties": {"route": "D585", "pr": "FS", "abs": null, "label": "D585 PRFS"}}, {"type": "Feature", "geometry": {"type": "Point", "coordinates": [3.72276894, 44.95253381]}, "properties": {"route": "D333", "pr": "FS", "abs": null, "label": "D333 PRFS"}}, {"type": "Feature", "geometry": {"type": "Point", "coordinates": [3.80829794, 44.9246726]}, "properties": {"route": "D33", "pr": "FS", "abs": null, "label": "D33 PRFS"}}, {"type": "Feature", "geometry": {"type": "Point", "coordinates": [3.87122082, 44.82484662]}, "properties": {"route": "D531", "pr": "FS", "abs": null, "label": "D531 PRFS"}}, {"type": "Feature", "geometry": {"type": "Point", "coordinates": [3.54050875, 44.9559605]}, "properties": {"route": "D589", "pr": "FS", "abs": null, "label": "D589 PRFS"}}, {"type": "Feature", "geometry": {"type": "Point", "coordinates": [3.67208276, 44.90560021]}, "properties": {"route": "D331", "pr": "FS", "abs": null, "label": "D331 PRFS"}}, {"type": "Feature", "geometry": {"type": "Point", "coordinates": [3.37343847, 44.95908433]}, "properties": {"route": "D41", "pr": "FS", "abs": null, "label": "D41 PRFS"}}, {"type": "Feature", "geometry": {"type": "Point", "coordinates": [3.75219659, 44.8702508]}, "properties": {"route": "D334", "pr": "FS", "abs": null, "label": "D334 PRFS"}}, {"type": "Feature", "geometry": {"type": "Point", "coordinates": [3.80848529, 44.92149102]}, "properties": {"route": "D49", "pr": "FS", "abs": null, "label": "D49 PRFS"}}, {"type": "Feature", "geometry": {"type": "Point", "coordinates": [3.99012374, 44.84230651]}, "properties": {"route": "D54", "pr": "FS", "abs": null, "label": "D54 PRFS"}}, {"type": "Feature", "geometry": {"type": "Point", "coordinates": [3.50187125, 44.88380301]}, "properties": {"route": "D335", "pr": "FS", "abs": null, "label": "D335 PRFS"}}, {"type": "Feature", "geometry": {"type": "Point", "coordinates": [3.79022211, 44.8885896]}, "properties": {"route": "D53", "pr": "FS", "abs": null, "label": "D53 PRFS"}}, {"type": "Feature", "geometry": {"type": "Point", "coordinates": [3.88585843, 44.80259218]}, "properties": {"route": "D284", "pr": "FS", "abs": null, "label": "D284 PRFS"}}, {"type": "Feature", "geometry": {"type": "Point", "coordinates": [3.89216981, 44.78008356]}, "properties": {"route": "D500", "pr": "FS", "abs": null, "label": "D500 PRFS"}}, {"type": "Feature", "geometry": {"type": "Point", "coordinates": [3.42327217, 44.96140528]}, "properties": {"route": "D30", "pr": "FS", "abs": null, "label": "D30 PRFS"}}, {"type": "Feature", "geometry": {"type": "Point", "coordinates": [3.68145219, 44.85450262]}, "properties": {"route": "D59", "pr": "FS", "abs": null, "label": "D59 PRFS"}}, {"type": "Feature", "geometry": {"type": "Point", "coordinates": [3.55468042, 44.95323008]}, "properties": {"route": "D32", "pr": "FS", "abs": null, "label": "D32 PRFS"}}, {"type": "Feature", "geometry": {"type": "Point", "coordinates": [3.92801159, 44.8883387]}, "properties": {"route": "D49", "pr": "FS", "abs": null, "label": "D49 PRFS"}}, {"type": "Feature", "geometry": {"type": "Point", "coordinates": [3.93391071, 44.90542226]}, "properties": {"route": "D37", "pr": "FS", "abs": null, "label": "D37 PRFS"}}, {"type": "Feature", "geometry": {"type": "Point", "coordinates": [3.88989344, 44.966015]}, "properties": {"route": "D54", "pr": "FS", "abs": null, "label": "D54 PRFS"}}, {"type": "Feature", "geometry": {"type": "Point", "coordinates": [3.84803953, 44.94441689]}, "properties": {"route": "D541", "pr": "FS", "abs": null, "label": "D541 PRFS"}}, {"type": "Feature", "geometry": {"type": "Point", "coordinates": [3.57944155, 44.87647188]}, "properties": {"route": "D34", "pr": "FS", "abs": null, "label": "D34 PRFS"}}, {"type": "Feature", "geometry": {"type": "Point", "coordinates": [3.69188826, 44.85394826]}, "properties": {"route": "D321", "pr": "FS", "abs": null, "label": "D321 PRFS"}}, {"type": "Feature", "geometry": {"type": "Point", "coordinates": [3.49076188, 44.86032091]}, "properties": {"route": "D34", "pr": "FS", "abs": null, "label": "D34 PRFS"}}, {"type": "Feature", "geometry": {"type": "Point", "coordinates": [3.48153043, 44.96495081]}, "properties": {"route": "D323", "pr": "FS", "abs": null, "label": "D323 PRFS"}}, {"type": "Feature", "geometry": {"type": "Point", "coordinates": [3.83689344, 44.7893598]}, "properties": {"route": "D284", "pr": "FS", "abs": null, "label": "D284 PRFS"}}, {"type": "Feature", "geometry": {"type": "Point", "coordinates": [3.96119467, 44.89080185]}, "properties": {"route": "D371", "pr": "FS", "abs": null, "label": "D371 PRFS"}}, {"type": "Feature", "geometry": {"type": "Point", "coordinates": [3.971698, 44.86439418]}, "properties": {"route": "D37", "pr": "FS", "abs": null, "label": "D37 PRFS"}}, {"type": "Feature", "geometry": {"type": "Point", "coordinates": [3.7816439, 44.9606561]}, "properties": {"route": "D621", "pr": "FS", "abs": null, "label": "D621 PRFS"}}, {"type": "Feature", "geometry": {"type": "Point", "coordinates": [3.83031579, 44.84318677]}, "properties": {"route": "D53", "pr": "FS", "abs": null, "label": "D53 PRFS"}}, {"type": "Feature", "geometry": {"type": "Point", "coordinates": [3.54110058, 44.95605486]}, "properties": {"route": "D585", "pr": "DS", "abs": null, "label": "D585 PRDS"}}, {"type": "Feature", "geometry": {"type": "Point", "coordinates": [3.54110058, 44.95605486]}, "properties": {"route": "D585", "pr": "FS", "abs": null, "label": "D585 PRFS"}}, {"type": "Feature", "geometry": {"type": "Point", "coordinates": [3.54107034, 44.95620627]}, "properties": {"route": "D585", "pr": "DS", "abs": null, "label": "D585 PRDS"}}, {"type": "Feature", "geometry": {"type": "Point", "coordinates": [3.5412296, 44.95654584]}, "properties": {"route": "D585", "pr": "DS", "abs": null, "label": "D585 PRDS"}}, {"type": "Feature", "geometry": {"type": "Point", "coordinates": [3.54107034, 44.95620627]}, "properties": {"route": "D585", "pr": "DS", "abs": null, "label": "D585 PRDS"}}, {"type": "Feature", "geometry": {"type": "Point", "coordinates": [3.54119729, 44.95622096]}, "properties": {"route": "D585", "pr": "DS", "abs": null, "label": "D585 PRDS"}}, {"type": "Feature", "geometry": {"type": "Point", "coordinates": [3.58754316, 44.89739621]}, "properties": {"route": "D341", "pr": "DS", "abs": null, "label": "D341 PRDS"}}, {"type": "Feature", "geometry": {"type": "Point", "coordinates": [3.84475577, 44.96293189]}, "properties": {"route": "D33", "pr": "DS", "abs": null, "label": "D33 PRDS"}}, {"type": "Feature", "geometry": {"type": "Point", "coordinates": [3.64796579, 44.96809987]}, "properties": {"route": "D789", "pr": "DS", "abs": null, "label": "D789 PRDS"}}, {"type": "Feature", "geometry": {"type": "Point", "coordinates": [3.79814561, 44.82220905]}, "properties": {"route": "D404", "pr": "DS", "abs": null, "label": "D404 PRDS"}}, {"type": "Feature", "geometry": {"type": "Point", "coordinates": [3.97986386, 44.86379387]}, "properties": {"route": "D37", "pr": "DS", "abs": null, "label": "D37 PRDS"}}, {"type": "Feature", "geometry": {"type": "Point", "coordinates": [3.80688818, 44.92587858]}, "properties": {"route": "D33", "pr": "DS", "abs": null, "label": "D33 PRDS"}}, {"type": "Feature", "geometry": {"type": "Point", "coordinates": [3.73728617, 44.83524793]}, "properties": {"route": "D32", "pr": "DS", "abs": null, "label": "D32 PRDS"}}, {"type": "Feature", "geometry": {"type": "Point", "coordinates": [3.67306504, 44.91894156]}, "properties": {"route": "D40", "pr": "DS", "abs": null, "label": "D40 PRDS"}}, {"type": "Feature", "geometry": {"type": "Point", "coordinates": [3.92248262, 44.88886467]}, "properties": {"route": "D49", "pr": "DS", "abs": null, "label": "D49 PRDS"}}, {"type": "Feature", "geometry": {"type": "Point", "coordinates": [3.84833415, 44.86441399]}, "properties": {"route": "D88", "pr": "DS", "abs": null, "label": "D88 PRDS"}}, {"type": "Feature", "geometry": {"type": "Point", "coordinates": [3.95632262, 44.83710149]}, "properties": {"route": "D504", "pr": "DS", "abs": null, "label": "D504 PRDS"}}, {"type": "Feature", "geometry": {"type": "Point", "coordinates": [3.53439689, 44.95452601]}, "properties": {"route": "D33", "pr": "DS", "abs": null, "label": "D33 PRDS"}}, {"type": "Feature", "geometry": {"type": "Point", "coordinates": [3.80520905, 44.89613891]}, "properties": {"route": "D311", "pr": "DS", "abs": null, "label": "D311 PRDS"}}, {"type": "Feature", "geometry": {"type": "Point", "coordinates": [3.88739259, 44.96836077]}, "properties": {"route": "D54", "pr": "DS", "abs": null, "label": "D54 PRDS"}}, {"type": "Feature", "geometry": {"type": "Point", "coordinates": [3.7981453, 44.82726465]}, "properties": {"route": "D40", "pr": "DS", "abs": null, "label": "D40 PRDS"}}, {"type": "Feature", "geometry": {"type": "Point", "coordinates": [3.58035516, 44.87567388]}, "properties": {"route": "D34", "pr": "DS", "abs": null, "label": "D34 PRDS"}}, {"type": "Feature", "geometry": {"type": "Point", "coordinates": [3.75911746, 44.84824078]}, "properties": {"route": "D40", "pr": "DS", "abs": null, "label": "D40 PRDS"}}, {"type": "Feature", "geometry": {"type": "Point", "coordinates": [3.54126831, 44.95609006]}, "properties": {"route": "D589", "pr": "DS", "abs": null, "label": "D589 PRDS"}}, {"type": "Feature", "geometry": {"type": "Point", "coordinates": [3.84458371, 44.96296021]}, "properties": {"route": "D33", "pr": "DS", "abs": null, "label": "D33 PRDS"}}, {"type": "Feature", "geometry": {"type": "Point", "coordinates": [3.74960173, 44.88292412]}, "properties": {"route": "D334", "pr": "DS", "abs": null, "label": "D334 PRDS"}}, {"type": "Feature", "geometry": {"type": "Point", "coordinates": [3.84909546, 44.8932442]}, "properties": {"route": "D49", "pr": "DS", "abs": null, "label": "D49 PRDS"}}, {"type": "Feature", "geometry": {"type": "Point", "coordinates": [3.96742124, 44.85447576]}, "properties": {"route": "D54", "pr": "DS", "abs": null, "label": "D54 PRDS"}}, {"type": "Feature", "geometry": {"type": "Point", "coordinates": [3.84366037, 44.85736805]}, "properties": {"route": "D53", "pr": "DS", "abs": null, "label": "D53 PRDS"}}, {"type": "Feature", "geometry": {"type": "Point", "coordinates": [3.9659894, 44.92092603]}, "properties": {"route": "D49", "pr": "DS", "abs": null, "label": "D49 PRDS"}}, {"type": "Feature", "geometry": {"type": "Point", "coordinates": [3.93419527, 44.96049046]}, "properties": {"route": "D37", "pr": "DS", "abs": null, "label": "D37 PRDS"}}, {"type": "Feature", "geometry": {"type": "Point", "coordinates": [3.62746451, 44.914783]}, "properties": {"route": "D34", "pr": "DS", "abs": null, "label": "D34 PRDS"}}, {"type": "Feature", "geometry": {"type": "Point", "coordinates": [3.52532364, 44.86083352]}, "properties": {"route": "D34", "pr": "DS", "abs": null, "label": "D34 PRDS"}}, {"type": "Feature", "geometry": {"type": "Point", "coordinates": [3.99090876, 44.94571513]}, "properties": {"route": "D535", "pr": "DS", "abs": null, "label": "D535 PRDS"}}, {"type": "Feature", "geometry": {"type": "Point", "coordinates": [3.88576864, 44.80138819]}, "properties": {"route": "D284", "pr": "DS", "abs": null, "label": "D284 PRDS"}}, {"type": "Feature", "geometry": {"type": "Point", "coordinates": [3.92801159, 44.8883387]}, "properties": {"route": "D37", "pr": "DS", "abs": null, "label": "D37 PRDS"}}, {"type": "Feature", "geometry": {"type": "Point", "coordinates": [3.78618959, 44.67846114]}, "properties": {"route": "N88", "pr": "11", "abs": 10413, "label": "N88 PR11+10413"}}, {"type": "Feature", "geometry": {"type": "Point", "coordinates": [3.26293144, 44.49438545]}, "properties": {"route": "N88", "pr": "80", "abs": 76776, "label": "N88 PR80+76776"}}, {"type": "Feature", "geometry": {"type": "Point", "coordinates": [3.59066249, 44.53662193]}, "properties": {"route": "N88", "pr": "40", "abs": 39469, "label": "N88 PR40+39469"}}, {"type": "Feature", "geometry": {"type": "Point", "coordinates": [3.29014414, 44.48577417]}, "properties": {"route": "N88", "pr": "77", "abs": 71322, "label": "N88 PR77+71322"}}, {"type": "Feature", "geometry": {"type": "Point", "coordinates": [3.48445156, 44.51624266]}, "properties": {"route": "N88", "pr": "53", "abs": 52400, "label": "N88 PR53+52400 (D)"}}, {"type": "Feature", "geometry": {"type": "Point", "coordinates": [3.60143252, 44.53516478]}, "properties": {"route": "N88", "pr": "39", "abs": 38487, "label": "N88 PR39+38487"}}, {"type": "Feature", "geometry": {"type": "Point", "coordinates": [3.63239598, 44.57818561]}, "properties": {"route": "N88", "pr": "32", "abs": 30807, "label": "N88 PR32+30807"}}, {"type": "Feature", "geometry": {"type": "Point", "coordinates": [3.7031477, 44.64023008]}, "properties": {"route": "N88", "pr": "20", "abs": 19145, "label": "N88 PR20+19145"}}, {"type": "Feature", "geometry": {"type": "Point", "coordinates": [3.83610343, 44.71514594]}, "properties": {"route": "N88", "pr": "4", "abs": 4282, "label": "N88 PR4+4282"}}, {"type": "Feature", "geometry": {"type": "Point", "coordinates": [3.40821553, 44.5010382]}, "properties": {"route": "N88", "pr": "65", "abs": 62069, "label": "N88 PR65+62069"}}, {"type": "Feature", "geometry": {"type": "Point", "coordinates": [3.56256147, 44.53700097]}, "properties": {"route": "N88", "pr": "44", "abs": 41817, "label": "N88 PR44+41817"}}, {"type": "Feature", "geometry": {"type": "Point", "coordinates": [3.61350887, 44.54487063]}, "properties": {"route": "N88", "pr": "37", "abs": 35677, "label": "N88 PR37+35677"}}, {"type": "Feature", "geometry": {"type": "Point", "coordinates": [3.27848151, 44.48337995]}, "properties": {"route": "N88", "pr": "78", "abs": 74847, "label": "N88 PR78+74847"}}, {"type": "Feature", "geometry": {"type": "Point", "coordinates": [3.76096302, 44.66524072]}, "properties": {"route": "N88", "pr": "14", "abs": 13303, "label": "N88 PR14+13303"}}, {"type": "Feature", "geometry": {"type": "Point", "coordinates": [3.80487667, 44.6849145]}, "properties": {"route": "N88", "pr": "9", "abs": 8699, "label": "N88 PR9+8699"}}, {"type": "Feature", "geometry": {"type": "Point", "coordinates": [3.58165121, 44.53645371]}, "properties": {"route": "N88", "pr": "41", "abs": 40469, "label": "N88 PR41+40469"}}, {"type": "Feature", "geometry": {"type": "Point", "coordinates": [3.27098303, 44.50011117]}, "properties": {"route": "N88", "pr": "81", "abs": 75322, "label": "N88 PR81+75322"}}, {"type": "Feature", "geometry": {"type": "Point", "coordinates": [3.73208353, 44.6510801]}, "properties": {"route": "N88", "pr": "17", "abs": 16217, "label": "N88 PR17+16217"}}, {"type": "Feature", "geometry": {"type": "Point", "coordinates": [3.81905566, 44.70333305]}, "properties": {"route": "N88", "pr": "6", "abs": 6278, "label": "N88 PR6+6278"}}, {"type": "Feature", "geometry": {"type": "Point", "coordinates": [3.46267148, 44.5005001]}, "properties": {"route": "N88", "pr": "56", "abs": 53568, "label": "N88 PR56+53568"}}, {"type": "Feature", "geometry": {"type": "Point", "coordinates": [3.45958757, 44.48754969]}, "properties": {"route": "N88", "pr": "58", "abs": 55465, "label": "N88 PR58+55465"}}, {"type": "Feature", "geometry": {"type": "Point", "coordinates": [3.62754674, 44.5707293]}, "properties": {"route": "N88", "pr": "33", "abs": 31793, "label": "N88 PR33+31793"}}, {"type": "Feature", "geometry": {"type": "Point", "coordinates": [3.66913492, 44.59072705]}, "properties": {"route": "N88", "pr": "28", "abs": 26926, "label": "N88 PR28+26926"}}, {"type": "Feature", "geometry": {"type": "Point", "coordinates": [3.46268561, 44.50744893]}, "properties": {"route": "N88", "pr": "55", "abs": 52615, "label": "N88 PR55+52615"}}, {"type": "Feature", "geometry": {"type": "Point", "coordinates": [3.43640534, 44.47952564]}, "properties": {"route": "N88", "pr": "61", "abs": 58290, "label": "N88 PR61+58290"}}, {"type": "Feature", "geometry": {"type": "Point", "coordinates": [3.3140754, 44.48297917]}, "properties": {"route": "N88", "pr": "75", "abs": 69322, "label": "N88 PR75+69322"}}, {"type": "Feature", "geometry": {"type": "Point", "coordinates": [3.85830531, 44.73170184]}, "properties": {"route": "N88", "pr": "1", "abs": 555, "label": "N88 PR1+555"}}, {"type": "Feature", "geometry": {"type": "Point", "coordinates": [3.62286589, 44.55776132]}, "properties": {"route": "N88", "pr": "35", "abs": 33741, "label": "N88 PR35+33741"}}, {"type": "Feature", "geometry": {"type": "Point", "coordinates": [3.64034143, 44.58394752]}, "properties": {"route": "N88", "pr": "31", "abs": 29848, "label": "N88 PR31+29848"}}, {"type": "Feature", "geometry": {"type": "Point", "coordinates": [3.75292112, 44.65943018]}, "properties": {"route": "N88", "pr": "15", "abs": 14228, "label": "N88 PR15+14228"}}, {"type": "Feature", "geometry": {"type": "Point", "coordinates": [3.34342787, 44.47156067]}, "properties": {"route": "N88", "pr": "72", "abs": 66273, "label": "N88 PR72+66273"}}, {"type": "Feature", "geometry": {"type": "Point", "coordinates": [3.41866485, 44.48902153]}, "properties": {"route": "N88", "pr": "63", "abs": 60278, "label": "N88 PR63+60278"}}, {"type": "Feature", "geometry": {"type": "Point", "coordinates": [3.53365296, 44.53694103]}, "properties": {"route": "N88", "pr": "47", "abs": 44629, "label": "N88 PR47+44629"}}, {"type": "Feature", "geometry": {"type": "Point", "coordinates": [3.35100348, 44.4782002]}, "properties": {"route": "N88", "pr": "71", "abs": 65371, "label": "N88 PR71+65371"}}, {"type": "Feature", "geometry": {"type": "Point", "coordinates": [3.56725942, 44.53492795]}, "properties": {"route": "N88", "pr": "43", "abs": 42468, "label": "N88 PR43+42468"}}, {"type": "Feature", "geometry": {"type": "Point", "coordinates": [3.32448365, 44.47931216]}, "properties": {"route": "N88", "pr": "74", "abs": 70873, "label": "N88 PR74+70873"}}, {"type": "Feature", "geometry": {"type": "Point", "coordinates": [3.51081058, 44.52468871]}, "properties": {"route": "N88", "pr": "50", "abs": 47594, "label": "N88 PR50+47594"}}, {"type": "Feature", "geometry": {"type": "Point", "coordinates": [3.36087231, 44.4833086]}, "properties": {"route": "N88", "pr": "70", "abs": 66873, "label": "N88 PR70+66873"}}, {"type": "Feature", "geometry": {"type": "Point", "coordinates": [3.81138859, 44.6904292]}, "properties": {"route": "N88", "pr": "8", "abs": 7877, "label": "N88 PR8+7877"}}, {"type": "Feature", "geometry": {"type": "Point", "coordinates": [3.66770389, 44.59904802]}, "properties": {"route": "N88", "pr": "27", "abs": 25954, "label": "N88 PR27+25954"}}, {"type": "Feature", "geometry": {"type": "Point", "coordinates": [3.68004951, 44.63527343]}, "properties": {"route": "N88", "pr": "22", "abs": 21093, "label": "N88 PR22+21093"}}, {"type": "Feature", "geometry": {"type": "Point", "coordinates": [3.79711481, 44.68131355]}, "properties": {"route": "N88", "pr": "10", "abs": 9475, "label": "N88 PR10+9475"}}, {"type": "Feature", "geometry": {"type": "Point", "coordinates": [3.52056603, 44.52390943]}, "properties": {"route": "N88", "pr": "49", "abs": 46630, "label": "N88 PR49+46630"}}, {"type": "Feature", "geometry": {"type": "Point", "coordinates": [3.72608904, 44.64394866]}, "properties": {"route": "N88", "pr": "18", "abs": 17196, "label": "N88 PR18+17196"}}, {"type": "Feature", "geometry": {"type": "Point", "coordinates": [3.41143076, 44.4948381]}, "properties": {"route": "N88", "pr": "64", "abs": 61246, "label": "N88 PR64+61246"}}, {"type": "Feature", "geometry": {"type": "Point", "coordinates": [3.85452814, 44.7256735]}, "properties": {"route": "N88", "pr": "2", "abs": 2292, "label": "N88 PR2+2292"}}, {"type": "Feature", "geometry": {"type": "Point", "coordinates": [3.6216072, 44.55002615]}, "properties": {"route": "N88", "pr": "36", "abs": 34710, "label": "N88 PR36+34710"}}, {"type": "Feature", "geometry": {"type": "Point", "coordinates": [3.26319517, 44.50321418]}, "properties": {"route": "N88", "pr": "82", "abs": 78776, "label": "N88 PR82+78776 (D)"}}, {"type": "Feature", "geometry": {"type": "Point", "coordinates": [3.76476863, 44.673474]}, "properties": {"route": "N88", "pr": "13", "abs": 12327, "label": "N88 PR13+12327"}}, {"type": "Feature", "geometry": {"type": "Point", "coordinates": [3.42590971, 44.48282817]}, "properties": {"route": "N88", "pr": "62", "abs": 59286, "label": "N88 PR62+59286"}}, {"type": "Feature", "geometry": {"type": "Point", "coordinates": [3.26982921, 44.48922945]}, "properties": {"route": "N88", "pr": "79", "abs": 75858, "label": "N88 PR79+75858"}}, {"type": "Feature", "geometry": {"type": "Point", "coordinates": [3.5063689, 44.51758016]}, "properties": {"route": "N88", "pr": "51", "abs": 48596, "label": "N88 PR51+48596"}}, {"type": "Feature", "geometry": {"type": "Point", "coordinates": [3.7416257, 44.6558422]}, "properties": {"route": "N88", "pr": "16", "abs": 15228, "label": "N88 PR16+15228"}}, {"type": "Feature", "geometry": {"type": "Point", "coordinates": [3.39854845, 44.5000833]}, "properties": {"route": "N88", "pr": "66", "abs": 62895, "label": "N88 PR66+62895"}}, {"type": "Feature", "geometry": {"type": "Point", "coordinates": [3.55441635, 44.53531009]}, "properties": {"route": "N88", "pr": "45", "abs": 44453, "label": "N88 PR45+44453"}}, {"type": "Feature", "geometry": {"type": "Point", "coordinates": [3.44465161, 44.48388669]}, "properties": {"route": "N88", "pr": "60", "abs": 57283, "label": "N88 PR60+57283"}}, {"type": "Feature", "geometry": {"type": "Point", "coordinates": [3.67626277, 44.61348792]}, "properties": {"route": "N88", "pr": "25", "abs": 24006, "label": "N88 PR25+24006"}}, {"type": "Feature", "geometry": {"type": "Point", "coordinates": [3.45909674, 44.4957096]}, "properties": {"route": "N88", "pr": "57", "abs": 54470, "label": "N88 PR57+54470"}}, {"type": "Feature", "geometry": {"type": "Point", "coordinates": [3.67468117, 44.60507538]}, "properties": {"route": "N88", "pr": "26", "abs": 24978, "label": "N88 PR26+24978"}}, {"type": "Feature", "geometry": {"type": "Point", "coordinates": [3.61995798, 44.56527961]}, "properties": {"route": "N88", "pr": "34", "abs": 32759, "label": "N88 PR34+32759"}}, {"type": "Feature", "geometry": {"type": "Point", "coordinates": [3.67504892, 44.62864457]}, "properties": {"route": "N88", "pr": "23", "abs": 22064, "label": "N88 PR23+22064"}}, {"type": "Feature", "geometry": {"type": "Point", "coordinates": [3.49583921, 44.51777921]}, "properties": {"route": "N88", "pr": "52", "abs": 49606, "label": "N88 PR52+49606"}}, {"type": "Feature", "geometry": {"type": "Point", "coordinates": [3.52583504, 44.53149964]}, "properties": {"route": "N88", "pr": "48", "abs": 45620, "label": "N88 PR48+45620"}}, {"type": "Feature", "geometry": {"type": "Point", "coordinates": [3.45441764, 44.4819078]}, "properties": {"route": "N88", "pr": "59", "abs": 56339, "label": "N88 PR59+56339"}}, {"type": "Feature", "geometry": {"type": "Point", "coordinates": [3.69153021, 44.63776899]}, "properties": {"route": "N88", "pr": "21", "abs": 20118, "label": "N88 PR21+20118"}}, {"type": "Feature", "geometry": {"type": "Point", "coordinates": [3.30227328, 44.48421033]}, "properties": {"route": "N88", "pr": "76", "abs": 70322, "label": "N88 PR76+70322"}}, {"type": "Feature", "geometry": {"type": "Point", "coordinates": [3.47318035, 44.51231071]}, "properties": {"route": "N88", "pr": "54", "abs": 51617, "label": "N88 PR54+51617"}}, {"type": "Feature", "geometry": {"type": "Point", "coordinates": [3.84401607, 44.7218385]}, "properties": {"route": "N88", "pr": "3", "abs": 3280, "label": "N88 PR3+3280"}}, {"type": "Feature", "geometry": {"type": "Point", "coordinates": [3.65889024, 44.58787441]}, "properties": {"route": "N88", "pr": "29", "abs": 27899, "label": "N88 PR29+27899"}}, {"type": "Feature", "geometry": {"type": "Point", "coordinates": [3.6089835, 44.53975431]}, "properties": {"route": "N88", "pr": "38", "abs": 36415, "label": "N88 PR38+36415"}}, {"type": "Feature", "geometry": {"type": "Point", "coordinates": [3.54232607, 44.53545927]}, "properties": {"route": "N88", "pr": "46", "abs": 43812, "label": "N88 PR46+43812"}}, {"type": "Feature", "geometry": {"type": "Point", "coordinates": [3.774887, 44.67652953]}, "properties": {"route": "N88", "pr": "12", "abs": 11355, "label": "N88 PR12+11355"}}, {"type": "Feature", "geometry": {"type": "Point", "coordinates": [3.82486059, 44.71110849]}, "properties": {"route": "N88", "pr": "5", "abs": 5281, "label": "N88 PR5+5281"}}, {"type": "Feature", "geometry": {"type": "Point", "coordinates": [3.25207702, 44.49907392]}, "properties": {"route": "N88", "pr": "83", "abs": 79776, "label": "N88 PR83+79776 (D)"}}, {"type": "Feature", "geometry": {"type": "Point", "coordinates": [3.71509485, 44.64125995]}, "properties": {"route": "N88", "pr": "19", "abs": 18171, "label": "N88 PR19+18171"}}, {"type": "Feature", "geometry": {"type": "Point", "coordinates": [3.33384525, 44.47385953]}, "properties": {"route": "N88", "pr": "73", "abs": 67310, "label": "N88 PR73+67310"}}, {"type": "Feature", "geometry": {"type": "Point", "coordinates": [3.81615893, 44.69648938]}, "properties": {"route": "N88", "pr": "7", "abs": 7079, "label": "N88 PR7+7079"}}, {"type": "Feature", "geometry": {"type": "Point", "coordinates": [3.6492229, 44.58474465]}, "properties": {"route": "N88", "pr": "30", "abs": 28870, "label": "N88 PR30+28870"}}, {"type": "Feature", "geometry": {"type": "Point", "coordinates": [3.6741573, 44.62071302]}, "properties": {"route": "N88", "pr": "24", "abs": 23036, "label": "N88 PR24+23036"}}, {"type": "Feature", "geometry": {"type": "Point", "coordinates": [3.57490826, 44.53964082]}, "properties": {"route": "N88", "pr": "42", "abs": 41477, "label": "N88 PR42+41477"}}, {"type": "Feature", "geometry": {"type": "Point", "coordinates": [3.64015609, 44.30711287]}, "properties": {"route": "N106", "pr": "40", "abs": 15686, "label": "N106 PR40+15686"}}, {"type": "Feature", "geometry": {"type": "Point", "coordinates": [3.7175363, 44.27839241]}, "properties": {"route": "N106", "pr": "31", "abs": 7153, "label": "N106 PR31+7153"}}, {"type": "Feature", "geometry": {"type": "Point", "coordinates": [3.77375393, 44.26992392]}, "properties": {"route": "N106", "pr": "25", "abs": 1891, "label": "N106 PR25+1891"}}, {"type": "Feature", "geometry": {"type": "Point", "coordinates": [3.55880224, 44.37104199]}, "properties": {"route": "N106", "pr": "53", "abs": 28003, "label": "N106 PR53+28003"}}, {"type": "Feature", "geometry": {"type": "Point", "coordinates": [3.55893317, 44.41076152]}, "properties": {"route": "N106", "pr": "61", "abs": 35968, "label": "N106 PR61+35968"}}, {"type": "Feature", "geometry": {"type": "Point", "coordinates": [3.54647382, 44.41649532]}, "properties": {"route": "N106", "pr": "63", "abs": 37969, "label": "N106 PR63+37969"}}, {"type": "Feature", "geometry": {"type": "Point", "coordinates": [3.68838476, 44.28776499]}, "properties": {"route": "N106", "pr": "34", "abs": 10038, "label": "N106 PR34+10038"}}, {"type": "Feature", "geometry": {"type": "Point", "coordinates": [3.56313554, 44.38819104]}, "properties": {"route": "N106", "pr": "56", "abs": 31002, "label": "N106 PR56+31002"}}, {"type": "Feature", "geometry": {"type": "Point", "coordinates": [3.60544038, 44.31741205]}, "properties": {"route": "N106", "pr": "44", "abs": 19542, "label": "N106 PR44+19542"}}, {"type": "Feature", "geometry": {"type": "Point", "coordinates": [3.72785417, 44.27544404]}, "properties": {"route": "N106", "pr": "30", "abs": 6159, "label": "N106 PR30+6159"}}, {"type": "Feature", "geometry": {"type": "Point", "coordinates": [3.65064363, 44.30515286]}, "properties": {"route": "N106", "pr": "39", "abs": 14769, "label": "N106 PR39+14769"}}, {"type": "Feature", "geometry": {"type": "Point", "coordinates": [3.56550043, 44.39105955]}, "properties": {"route": "N106", "pr": "57", "abs": 31988, "label": "N106 PR57+31988"}}, {"type": "Feature", "geometry": {"type": "Point", "coordinates": [3.55769914, 44.38277075]}, "properties": {"route": "N106", "pr": "55", "abs": 30005, "label": "N106 PR55+30005"}}, {"type": "Feature", "geometry": {"type": "Point", "coordinates": [3.55239932, 44.42804783]}, "properties": {"route": "N106", "pr": "65", "abs": 39599, "label": "N106 PR65+39599"}}, {"type": "Feature", "geometry": {"type": "Point", "coordinates": [3.6002461, 44.31885468]}, "properties": {"route": "N106", "pr": "45", "abs": 20261, "label": "N106 PR45+20261"}}, {"type": "Feature", "geometry": {"type": "Point", "coordinates": [3.69650197, 44.28106977]}, "properties": {"route": "N106", "pr": "33", "abs": 9046, "label": "N106 PR33+9046"}}, {"type": "Feature", "geometry": {"type": "Point", "coordinates": [3.57689279, 44.34725316]}, "properties": {"route": "N106", "pr": "49", "abs": 24139, "label": "N106 PR49+24139"}}, {"type": "Feature", "geometry": {"type": "Point", "coordinates": [3.56692567, 44.40576146]}, "properties": {"route": "N106", "pr": "60", "abs": 34967, "label": "N106 PR60+34967"}}, {"type": "Feature", "geometry": {"type": "Point", "coordinates": [3.55571094, 44.4366318]}, "properties": {"route": "N106", "pr": "66", "abs": 40599, "label": "N106 PR66+40599"}}, {"type": "Feature", "geometry": {"type": "Point", "coordinates": [3.778758, 44.27735094]}, "properties": {"route": "N106", "pr": "24", "abs": 959, "label": "N106 PR24+959"}}, {"type": "Feature", "geometry": {"type": "Point", "coordinates": [3.73346062, 44.27154868]}, "properties": {"route": "N106", "pr": "29", "abs": 5509, "label": "N106 PR29+5509"}}, {"type": "Feature", "geometry": {"type": "Point", "coordinates": [3.66011829, 44.30400359]}, "properties": {"route": "N106", "pr": "38", "abs": 13845, "label": "N106 PR38+13845"}}, {"type": "Feature", "geometry": {"type": "Point", "coordinates": [3.56263143, 44.39721628]}, "properties": {"route": "N106", "pr": "58", "abs": 32985, "label": "N106 PR58+32985"}}, {"type": "Feature", "geometry": {"type": "Point", "coordinates": [3.70739887, 44.2783114]}, "properties": {"route": "N106", "pr": "32", "abs": 8080, "label": "N106 PR32+8080"}}, {"type": "Feature", "geometry": {"type": "Point", "coordinates": [3.55962083, 44.36243927]}, "properties": {"route": "N106", "pr": "52", "abs": 27003, "label": "N106 PR52+27003"}}, {"type": "Feature", "geometry": {"type": "Point", "coordinates": [3.68289397, 44.29395186]}, "properties": {"route": "N106", "pr": "35", "abs": 11051, "label": "N106 PR35+11051"}}, {"type": "Feature", "geometry": {"type": "Point", "coordinates": [3.66522564, 44.29710364]}, "properties": {"route": "N106", "pr": "37", "abs": 12867, "label": "N106 PR37+12867"}}, {"type": "Feature", "geometry": {"type": "Point", "coordinates": [3.54867875, 44.42329982]}, "properties": {"route": "N106", "pr": "64", "abs": 38969, "label": "N106 PR64+38969"}}, {"type": "Feature", "geometry": {"type": "Point", "coordinates": [3.67531284, 44.29806113]}, "properties": {"route": "N106", "pr": "36", "abs": 11995, "label": "N106 PR36+11995"}}, {"type": "Feature", "geometry": {"type": "Point", "coordinates": [3.62385897, 44.31640354]}, "properties": {"route": "N106", "pr": "42", "abs": 17607, "label": "N106 PR42+17607"}}, {"type": "Feature", "geometry": {"type": "Point", "coordinates": [3.56860553, 44.36085031]}, "properties": {"route": "N106", "pr": "51", "abs": 26111, "label": "N106 PR51+26111"}}, {"type": "Feature", "geometry": {"type": "Point", "coordinates": [3.55247854, 44.41403121]}, "properties": {"route": "N106", "pr": "62", "abs": 36989, "label": "N106 PR62+36989"}}, {"type": "Feature", "geometry": {"type": "Point", "coordinates": [3.76265312, 44.26862337]}, "properties": {"route": "N106", "pr": "26", "abs": 2828, "label": "N106 PR26+2828"}}, {"type": "Feature", "geometry": {"type": "Point", "coordinates": [3.57077084, 44.40028639]}, "properties": {"route": "N106", "pr": "59", "abs": 33973, "label": "N106 PR59+33973"}}, {"type": "Feature", "geometry": {"type": "Point", "coordinates": [3.63286176, 44.31230225]}, "properties": {"route": "N106", "pr": "41", "abs": 16579, "label": "N106 PR41+16579"}}, {"type": "Feature", "geometry": {"type": "Point", "coordinates": [3.61401422, 44.31605207]}, "properties": {"route": "N106", "pr": "43", "abs": 18568, "label": "N106 PR43+18568"}}, {"type": "Feature", "geometry": {"type": "Point", "coordinates": [3.58515553, 44.34089749]}, "properties": {"route": "N106", "pr": "48", "abs": 23153, "label": "N106 PR48+23153"}}, {"type": "Feature", "geometry": {"type": "Point", "coordinates": [3.7413685, 44.26877983]}, "properties": {"route": "N106", "pr": "28", "abs": 4714, "label": "N106 PR28+4714"}}, {"type": "Feature", "geometry": {"type": "Point", "coordinates": [3.58735817, 44.33327837]}, "properties": {"route": "N106", "pr": "47", "abs": 22258, "label": "N106 PR47+22258"}}, {"type": "Feature", "geometry": {"type": "Point", "coordinates": [3.57658767, 44.3559775]}, "properties": {"route": "N106", "pr": "50", "abs": 25124, "label": "N106 PR50+25124"}}, {"type": "Feature", "geometry": {"type": "Point", "coordinates": [3.55180779, 44.37756943]}, "properties": {"route": "N106", "pr": "54", "abs": 29001, "label": "N106 PR54+29001"}}, {"type": "Feature", "geometry": {"type": "Point", "coordinates": [3.75167706, 44.26894564]}, "properties": {"route": "N106", "pr": "27", "abs": 3791, "label": "N106 PR27+3791"}}, {"type": "Feature", "geometry": {"type": "Point", "coordinates": [3.87258802, 44.26466199]}, "properties": {"route": "N106", "pr": "12", "abs": 11351, "label": "N106 PR12+11351"}}, {"type": "Feature", "geometry": {"type": "Point", "coordinates": [3.90365857, 44.24824104]}, "properties": {"route": "N106", "pr": "8", "abs": 7343, "label": "N106 PR8+7343"}}, {"type": "Feature", "geometry": {"type": "Point", "coordinates": [3.86785123, 44.26881149]}, "properties": {"route": "N106", "pr": "13", "abs": 12230, "label": "N106 PR13+12230"}}, {"type": "Feature", "geometry": {"type": "Point", "coordinates": [3.96626171, 44.25180311]}, "properties": {"route": "N106", "pr": "1", "abs": 500, "label": "N106 PR1+500"}}, {"type": "Feature", "geometry": {"type": "Point", "coordinates": [3.85085065, 44.27520965]}, "properties": {"route": "N106", "pr": "15", "abs": 14197, "label": "N106 PR15+14197"}}, {"type": "Feature", "geometry": {"type": "Point", "coordinates": [3.88376899, 44.25482106]}, "properties": {"route": "N106", "pr": "10", "abs": 9429, "label": "N106 PR10+9429"}}, {"type": "Feature", "geometry": {"type": "Point", "coordinates": [3.95629156, 44.2506319]}, "properties": {"route": "N106", "pr": "2", "abs": 1493, "label": "N106 PR2+1493"}}, {"type": "Feature", "geometry": {"type": "Point", "coordinates": [3.83789871, 44.27609951]}, "properties": {"route": "N106", "pr": "17", "abs": 16143, "label": "N106 PR17+16143"}}, {"type": "Feature", "geometry": {"type": "Point", "coordinates": [3.84833585, 44.27226302]}, "properties": {"route": "N106", "pr": "16", "abs": 15100, "label": "N106 PR16+15100"}}, {"type": "Feature", "geometry": {"type": "Point", "coordinates": [3.94114107, 44.24161968]}, "properties": {"route": "N106", "pr": "4", "abs": 3475, "label": "N106 PR4+3475"}}, {"type": "Feature", "geometry": {"type": "Point", "coordinates": [3.82907911, 44.28096793]}, "properties": {"route": "N106", "pr": "18", "abs": 17130, "label": "N106 PR18+17130"}}, {"type": "Feature", "geometry": {"type": "Point", "coordinates": [3.80732864, 44.28490247]}, "properties": {"route": "N106", "pr": "21", "abs": 19713, "label": "N106 PR21+19713"}}, {"type": "Feature", "geometry": {"type": "Point", "coordinates": [3.81292654, 44.28806674]}, "properties": {"route": "N106", "pr": "20", "abs": 18857, "label": "N106 PR20+18857"}}, {"type": "Feature", "geometry": {"type": "Point", "coordinates": [3.87486776, 44.25839757]}, "properties": {"route": "N106", "pr": "11", "abs": 10393, "label": "N106 PR11+10393"}}, {"type": "Feature", "geometry": {"type": "Point", "coordinates": [3.79893739, 44.2824721]}, "properties": {"route": "N106", "pr": "22", "abs": 20683, "label": "N106 PR22+20683"}}, {"type": "Feature", "geometry": {"type": "Point", "coordinates": [3.93104367, 44.2456773]}, "properties": {"route": "N106", "pr": "5", "abs": 4462, "label": "N106 PR5+4462"}}, {"type": "Feature", "geometry": {"type": "Point", "coordinates": [3.85811055, 44.27002761]}, "properties": {"route": "N106", "pr": "14", "abs": 13210, "label": "N106 PR14+13210"}}, {"type": "Feature", "geometry": {"type": "Point", "coordinates": [3.81952181, 44.28215222]}, "properties": {"route": "N106", "pr": "19", "abs": 17953, "label": "N106 PR19+17953"}}, {"type": "Feature", "geometry": {"type": "Point", "coordinates": [3.91277127, 44.24961497]}, "properties": {"route": "N106", "pr": "7", "abs": 6366, "label": "N106 PR7+6366"}}, {"type": "Feature", "geometry": {"type": "Point", "coordinates": [3.24196512, 44.63176827]}, "properties": {"route": "A75", "pr": "147", "abs": 32446, "label": "A75 PR147+32446 (D)"}}, {"type": "Feature", "geometry": {"type": "Point", "coordinates": [3.03113614, 44.17144625]}, "properties": {"route": "A75", "pr": "211", "abs": 31354, "label": "A75 PR211+31354 (D)"}}, {"type": "Feature", "geometry": {"type": "Point", "coordinates": [3.26473177, 44.82586788]}, "properties": {"route": "A75", "pr": "122", "abs": 7412, "label": "A75 PR122+7412 (D)"}}, {"type": "Feature", "geometry": {"type": "Point", "coordinates": [3.11716966, 44.36109095]}, "properties": {"route": "A75", "pr": "185", "abs": 4973, "label": "A75 PR185+4973 (D)"}}, {"type": "Feature", "geometry": {"type": "Point", "coordinates": [3.25417833, 44.65614096]}, "properties": {"route": "A75", "pr": "144", "abs": 29433, "label": "A75 PR144+29433 (D)"}}, {"type": "Feature", "geometry": {"type": "Point", "coordinates": [3.25654287, 44.54715207]}, "properties": {"route": "A75", "pr": "157", "abs": 42408, "label": "A75 PR157+42408 (D)"}}, {"type": "Feature", "geometry": {"type": "Point", "coordinates": [3.25456675, 44.59971852]}, "properties": {"route": "A75", "pr": "151", "abs": 36440, "label": "A75 PR151+36440 (D)"}}, {"type": "Feature", "geometry": {"type": "Point", "coordinates": [3.0202371, 44.13838032]}, "properties": {"route": "A75", "pr": "215", "abs": 35354, "label": "A75 PR215+35354 (D)"}}, {"type": "Feature", "geometry": {"type": "Point", "coordinates": [3.28866799, 44.73969711]}, "properties": {"route": "A75", "pr": "133", "abs": 18424, "label": "A75 PR133+18424 (D)"}}, {"type": "Feature", "geometry": {"type": "Point", "coordinates": [3.19418759, 44.95586557]}, "properties": {"route": "A75", "pr": "106", "abs": 41881, "label": "A75 PR106+41881 (D)"}}, {"type": "Feature", "geometry": {"type": "Point", "coordinates": [3.28010208, 44.69345547]}, "properties": {"route": "A75", "pr": "139", "abs": 24443, "label": "A75 PR139+24443 (D)"}}, {"type": "Feature", "geometry": {"type": "Point", "coordinates": [3.23863129, 44.49852498]}, "properties": {"route": "A75", "pr": "163", "abs": 48429, "label": "A75 PR163+48429 (D)"}}, {"type": "Feature", "geometry": {"type": "Point", "coordinates": [3.11560707, 44.37870252]}, "properties": {"route": "A75", "pr": "183", "abs": 2973, "label": "A75 PR183+2973 (D)"}}, {"type": "Feature", "geometry": {"type": "Point", "coordinates": [3.06567544, 44.23023745]}, "properties": {"route": "A75", "pr": "203", "abs": 23365, "label": "A75 PR203+23365 (D)"}}, {"type": "Feature", "geometry": {"type": "Point", "coordinates": [3.12694432, 44.3942414]}, "properties": {"route": "A75", "pr": "181", "abs": 984, "label": "A75 PR181+984 (D)"}}, {"type": "Feature", "geometry": {"type": "Point", "coordinates": [3.21963064, 44.91595113]}, "properties": {"route": "A75", "pr": "111", "abs": 46881, "label": "A75 PR111+46881 (D)"}}, {"type": "Feature", "geometry": {"type": "Point", "coordinates": [3.25773805, 44.84294117]}, "properties": {"route": "A75", "pr": "120", "abs": 5402, "label": "A75 PR120+5402 (D)"}}, {"type": "Feature", "geometry": {"type": "Point", "coordinates": [3.28665403, 44.75721965]}, "properties": {"route": "A75", "pr": "131", "abs": 16424, "label": "A75 PR131+16424 (D)"}}, {"type": "Feature", "geometry": {"type": "Point", "coordinates": [3.24887509, 44.57315153]}, "properties": {"route": "A75", "pr": "154", "abs": 39425, "label": "A75 PR154+39425 (D)"}}, {"type": "Feature", "geometry": {"type": "Point", "coordinates": [3.10029203, 44.29932961]}, "properties": {"route": "A75", "pr": "194", "abs": 13953, "label": "A75 PR194+13953 (D)"}}, {"type": "Feature", "geometry": {"type": "Point", "coordinates": [3.25246434, 44.86876875]}, "properties": {"route": "A75", "pr": "117", "abs": 2406, "label": "A75 PR117+2406 (D)"}}, {"type": "Feature", "geometry": {"type": "Point", "coordinates": [3.24388621, 44.50636522]}, "properties": {"route": "A75", "pr": "162", "abs": 47429, "label": "A75 PR162+47429 (D)"}}, {"type": "Feature", "geometry": {"type": "Point", "coordinates": [3.02062948, 44.15544006]}, "properties": {"route": "A75", "pr": "213", "abs": 33354, "label": "A75 PR213+33354 (D)"}}, {"type": "Feature", "geometry": {"type": "Point", "coordinates": [3.09728712, 44.31506311]}, "properties": {"route": "A75", "pr": "192", "abs": 11953, "label": "A75 PR192+11953 (D)"}}, {"type": "Feature", "geometry": {"type": "Point", "coordinates": [3.05890332, 44.23781837]}, "properties": {"route": "A75", "pr": "202", "abs": 22354, "label": "A75 PR202+22354 (D)"}}, {"type": "Feature", "geometry": {"type": "Point", "coordinates": [3.25956766, 44.83410912]}, "properties": {"route": "A75", "pr": "121", "abs": 6407, "label": "A75 PR121+6407 (D)"}}, {"type": "Feature", "geometry": {"type": "Point", "coordinates": [3.07051333, 44.21372303]}, "properties": {"route": "A75", "pr": "205", "abs": 25354, "label": "A75 PR205+25354 (D)"}}, {"type": "Feature", "geometry": {"type": "Point", "coordinates": [3.10881091, 44.35471471]}, "properties": {"route": "A75", "pr": "186", "abs": 5973, "label": "A75 PR186+5973 (D)"}}, {"type": "Feature", "geometry": {"type": "Point", "coordinates": [3.25661266, 44.85172748]}, "properties": {"route": "A75", "pr": "119", "abs": 4402, "label": "A75 PR119+4402 (D)"}}, {"type": "Feature", "geometry": {"type": "Point", "coordinates": [3.20645266, 44.48804206]}, "properties": {"route": "A75", "pr": "166", "abs": 51429, "label": "A75 PR166+51429 (D)"}}, {"type": "Feature", "geometry": {"type": "Point", "coordinates": [3.06459914, 44.19638821]}, "properties": {"route": "A75", "pr": "207", "abs": 27354, "label": "A75 PR207+27354 (D)"}}, {"type": "Feature", "geometry": {"type": "Point", "coordinates": [3.29339227, 44.80874894]}, "properties": {"route": "A75", "pr": "125", "abs": 10417, "label": "A75 PR125+10417 (D)"}}, {"type": "Feature", "geometry": {"type": "Point", "coordinates": [3.21094276, 44.92227316]}, "properties": {"route": "A75", "pr": "110", "abs": 45881, "label": "A75 PR110+45881 (D)"}}, {"type": "Feature", "geometry": {"type": "Point", "coordinates": [3.05484613, 44.24618608]}, "properties": {"route": "A75", "pr": "201", "abs": 21343, "label": "A75 PR201+21343 (D)"}}, {"type": "Feature", "geometry": {"type": "Point", "coordinates": [3.02703664, 44.16312886]}, "properties": {"route": "A75", "pr": "212", "abs": 32354, "label": "A75 PR212+32354 (D)"}}, {"type": "Feature", "geometry": {"type": "Point", "coordinates": [3.24773, 44.62388447]}, "properties": {"route": "A75", "pr": "148", "abs": 33440, "label": "A75 PR148+33440 (D)"}}, {"type": "Feature", "geometry": {"type": "Point", "coordinates": [3.08574399, 44.33070282]}, "properties": {"route": "A75", "pr": "190", "abs": 9963, "label": "A75 PR190+9963 (D)"}}, {"type": "Feature", "geometry": {"type": "Point", "coordinates": [3.20485691, 44.93016718]}, "properties": {"route": "A75", "pr": "109", "abs": 44881, "label": "A75 PR109+44881 (D)"}}, {"type": "Feature", "geometry": {"type": "Point", "coordinates": [3.19115843, 44.45537049]}, "properties": {"route": "A75", "pr": "170", "abs": 55441, "label": "A75 PR170+55441 (D)"}}, {"type": "Feature", "geometry": {"type": "Point", "coordinates": [3.10173751, 44.34772816]}, "properties": {"route": "A75", "pr": "187", "abs": 6973, "label": "A75 PR187+6973 (D)"}}, {"type": "Feature", "geometry": {"type": "Point", "coordinates": [3.02933524, 44.11550789]}, "properties": {"route": "A75", "pr": "217", "abs": 37586, "label": "A75 PR217+37586 (D)"}}, {"type": "Feature", "geometry": {"type": "Point", "coordinates": [3.28406319, 44.81468027]}, "properties": {"route": "A75", "pr": "124", "abs": 9414, "label": "A75 PR124+9414 (D)"}}, {"type": "Feature", "geometry": {"type": "Point", "coordinates": [3.08289983, 44.33931493]}, "properties": {"route": "A75", "pr": "189", "abs": 8963, "label": "A75 PR189+8963 (D)"}}, {"type": "Feature", "geometry": {"type": "Point", "coordinates": [3.25519561, 44.53845981]}, "properties": {"route": "A75", "pr": "158", "abs": 43408, "label": "A75 PR158+43408 (D)"}}, {"type": "Feature", "geometry": {"type": "Point", "coordinates": [3.22672584, 44.90884479]}, "properties": {"route": "A75", "pr": "112", "abs": 47881, "label": "A75 PR112+47881 (D)"}}, {"type": "Feature", "geometry": {"type": "Point", "coordinates": [3.2010291, 44.93864296]}, "properties": {"route": "A75", "pr": "108", "abs": 43881, "label": "A75 PR108+43881 (D)"}}, {"type": "Feature", "geometry": {"type": "Point", "coordinates": [3.22951591, 44.90021097]}, "properties": {"route": "A75", "pr": "113", "abs": 48881, "label": "A75 PR113+48881 (D)"}}, {"type": "Feature", "geometry": {"type": "Point", "coordinates": [3.25615439, 44.86031238]}, "properties": {"route": "A75", "pr": "118", "abs": 3401, "label": "A75 PR118+3401 (D)"}}, {"type": "Feature", "geometry": {"type": "Point", "coordinates": [3.24973937, 44.58204134]}, "properties": {"route": "A75", "pr": "153", "abs": 38440, "label": "A75 PR153+38440 (D)"}}, {"type": "Feature", "geometry": {"type": "Point", "coordinates": [3.0305806, 44.12441715]}, "properties": {"route": "A75", "pr": "216", "abs": 36586, "label": "A75 PR216+36586 (D)"}}, {"type": "Feature", "geometry": {"type": "Point", "coordinates": [3.2617872, 44.68180646]}, "properties": {"route": "A75", "pr": "141", "abs": 26443, "label": "A75 PR141+26443 (D)"}}, {"type": "Feature", "geometry": {"type": "Point", "coordinates": [3.24933682, 44.53056105]}, "properties": {"route": "A75", "pr": "159", "abs": 44420, "label": "A75 PR159+44420 (D)"}}, {"type": "Feature", "geometry": {"type": "Point", "coordinates": [3.09546269, 44.2910716]}, "properties": {"route": "A75", "pr": "195", "abs": 14953, "label": "A75 PR195+14953 (D)"}}, {"type": "Feature", "geometry": {"type": "Point", "coordinates": [3.05696037, 44.18932767]}, "properties": {"route": "A75", "pr": "208", "abs": 28354, "label": "A75 PR208+28354 (D)"}}, {"type": "Feature", "geometry": {"type": "Point", "coordinates": [3.28060427, 44.72458823]}, "properties": {"route": "A75", "pr": "135", "abs": 20428, "label": "A75 PR135+20428 (D)"}}, {"type": "Feature", "geometry": {"type": "Point", "coordinates": [3.06058372, 44.25795023]}, "properties": {"route": "A75", "pr": "200", "abs": 19953, "label": "A75 PR200+19953 (D)"}}, {"type": "Feature", "geometry": {"type": "Point", "coordinates": [3.11533311, 44.36990279]}, "properties": {"route": "A75", "pr": "184", "abs": 3973, "label": "A75 PR184+3973 (D)"}}, {"type": "Feature", "geometry": {"type": "Point", "coordinates": [3.18135032, 44.41623587]}, "properties": {"route": "A75", "pr": "175", "abs": 60278, "label": "A75 PR175+60278 (D)"}}, {"type": "Feature", "geometry": {"type": "Point", "coordinates": [3.24098316, 44.51558809]}, "properties": {"route": "A75", "pr": "161", "abs": 46372, "label": "A75 PR161+46372 (D)"}}, {"type": "Feature", "geometry": {"type": "Point", "coordinates": [3.24096142, 44.52435456]}, "properties": {"route": "A75", "pr": "160", "abs": 45394, "label": "A75 PR160+45394 (D)"}}, {"type": "Feature", "geometry": {"type": "Point", "coordinates": [3.1553433, 44.40027129]}, "properties": {"route": "A75", "pr": "178", "abs": 63272, "label": "A75 PR178+63272 (D)"}}, {"type": "Feature", "geometry": {"type": "Point", "coordinates": [3.22707241, 44.49513845]}, "properties": {"route": "A75", "pr": "164", "abs": 49429, "label": "A75 PR164+49429 (D)"}}, {"type": "Feature", "geometry": {"type": "Point", "coordinates": [3.19315345, 44.46432853]}, "properties": {"route": "A75", "pr": "169", "abs": 54429, "label": "A75 PR169+54429 (D)"}}, {"type": "Feature", "geometry": {"type": "Point", "coordinates": [3.18491094, 44.42429833]}, "properties": {"route": "A75", "pr": "174", "abs": 59276, "label": "A75 PR174+59276 (D)"}}, {"type": "Feature", "geometry": {"type": "Point", "coordinates": [3.25508148, 44.55610655]}, "properties": {"route": "A75", "pr": "156", "abs": 41408, "label": "A75 PR156+41408 (D)"}}, {"type": "Feature", "geometry": {"type": "Point", "coordinates": [3.07125374, 44.22232658]}, "properties": {"route": "A75", "pr": "204", "abs": 24365, "label": "A75 PR204+24365 (D)"}}, {"type": "Feature", "geometry": {"type": "Point", "coordinates": [3.08943389, 44.27376903]}, "properties": {"route": "A75", "pr": "197", "abs": 16953, "label": "A75 PR197+16953 (D)"}}, {"type": "Feature", "geometry": {"type": "Point", "coordinates": [3.01687763, 44.14695938]}, "properties": {"route": "A75", "pr": "214", "abs": 34354, "label": "A75 PR214+34354 (D)"}}, {"type": "Feature", "geometry": {"type": "Point", "coordinates": [3.1744485, 44.40920308]}, "properties": {"route": "A75", "pr": "176", "abs": 61279, "label": "A75 PR176+61279 (D)"}}, {"type": "Feature", "geometry": {"type": "Point", "coordinates": [3.19836568, 44.4816978]}, "properties": {"route": "A75", "pr": "167", "abs": 52429, "label": "A75 PR167+52429 (D)"}}, {"type": "Feature", "geometry": {"type": "Point", "coordinates": [3.08160036, 44.26697742]}, "properties": {"route": "A75", "pr": "198", "abs": 17953, "label": "A75 PR198+17953 (D)"}}, {"type": "Feature", "geometry": {"type": "Point", "coordinates": [3.24223173, 44.64129704]}, "properties": {"route": "A75", "pr": "146", "abs": 31366, "label": "A75 PR146+31366 (D)"}}, {"type": "Feature", "geometry": {"type": "Point", "coordinates": [3.27179671, 44.68708682]}, "properties": {"route": "A75", "pr": "140", "abs": 25443, "label": "A75 PR140+25443 (D)"}}, {"type": "Feature", "geometry": {"type": "Point", "coordinates": [3.19514284, 44.43905463]}, "properties": {"route": "A75", "pr": "172", "abs": 57330, "label": "A75 PR172+57330 (D)"}}, {"type": "Feature", "geometry": {"type": "Point", "coordinates": [3.27192728, 44.71831768]}, "properties": {"route": "A75", "pr": "136", "abs": 21429, "label": "A75 PR136+21429 (D)"}}, {"type": "Feature", "geometry": {"type": "Point", "coordinates": [3.29406236, 44.79105847]}, "properties": {"route": "A75", "pr": "127", "abs": 12421, "label": "A75 PR127+12421 (D)"}}, {"type": "Feature", "geometry": {"type": "Point", "coordinates": [3.27392272, 44.70956908]}, "properties": {"route": "A75", "pr": "137", "abs": 22442, "label": "A75 PR137+22442 (D)"}}, {"type": "Feature", "geometry": {"type": "Point", "coordinates": [3.28007572, 44.70186067]}, "properties": {"route": "A75", "pr": "138", "abs": 23430, "label": "A75 PR138+23430 (D)"}}, {"type": "Feature", "geometry": {"type": "Point", "coordinates": [3.23306656, 44.89162594]}, "properties": {"route": "A75", "pr": "114", "abs": 49881, "label": "A75 PR114+49881 (D)"}}, {"type": "Feature", "geometry": {"type": "Point", "coordinates": [3.25792905, 44.60837031]}, "properties": {"route": "A75", "pr": "150", "abs": 35440, "label": "A75 PR150+35440 (D)"}}, {"type": "Feature", "geometry": {"type": "Point", "coordinates": [3.25564598, 44.61709736]}, "properties": {"route": "A75", "pr": "149", "abs": 34440, "label": "A75 PR149+34440 (D)"}}, {"type": "Feature", "geometry": {"type": "Point", "coordinates": [3.1670535, 44.40254241]}, "properties": {"route": "A75", "pr": "177", "abs": 62277, "label": "A75 PR177+62277 (D)"}}, {"type": "Feature", "geometry": {"type": "Point", "coordinates": [3.25243652, 44.59082348]}, "properties": {"route": "A75", "pr": "152", "abs": 37440, "label": "A75 PR152+37440 (D)"}}, {"type": "Feature", "geometry": {"type": "Point", "coordinates": [3.28905091, 44.74858665]}, "properties": {"route": "A75", "pr": "132", "abs": 17420, "label": "A75 PR132+17420 (D)"}}, {"type": "Feature", "geometry": {"type": "Point", "coordinates": [3.07080707, 44.26262203]}, "properties": {"route": "A75", "pr": "199", "abs": 18953, "label": "A75 PR199+18953 (D)"}}, {"type": "Feature", "geometry": {"type": "Point", "coordinates": [3.27318349, 44.81924886]}, "properties": {"route": "A75", "pr": "123", "abs": 8409, "label": "A75 PR123+8409 (D)"}}, {"type": "Feature", "geometry": {"type": "Point", "coordinates": [3.19782243, 44.47270118]}, "properties": {"route": "A75", "pr": "168", "abs": 53429, "label": "A75 PR168+53429 (D)"}}, {"type": "Feature", "geometry": {"type": "Point", "coordinates": [3.09055649, 44.32248423]}, "properties": {"route": "A75", "pr": "191", "abs": 10963, "label": "A75 PR191+10963 (D)"}}, {"type": "Feature", "geometry": {"type": "Point", "coordinates": [3.14384427, 44.39722721]}, "properties": {"route": "A75", "pr": "179", "abs": 64275, "label": "A75 PR179+64275 (D)"}}, {"type": "Feature", "geometry": {"type": "Point", "coordinates": [3.28964442, 44.73086077]}, "properties": {"route": "A75", "pr": "134", "abs": 19424, "label": "A75 PR134+19424 (D)"}}, {"type": "Feature", "geometry": {"type": "Point", "coordinates": [3.03638356, 44.17944633]}, "properties": {"route": "A75", "pr": "210", "abs": 30354, "label": "A75 PR210+30354 (D)"}}, {"type": "Feature", "geometry": {"type": "Point", "coordinates": [3.25919111, 44.66416702]}, "properties": {"route": "A75", "pr": "143", "abs": 28445, "label": "A75 PR143+28445 (D)"}}, {"type": "Feature", "geometry": {"type": "Point", "coordinates": [3.25281312, 44.56493234]}, "properties": {"route": "A75", "pr": "155", "abs": 40408, "label": "A75 PR155+40408 (D)"}}, {"type": "Feature", "geometry": {"type": "Point", "coordinates": [3.29332736, 44.79994662]}, "properties": {"route": "A75", "pr": "126", "abs": 11413, "label": "A75 PR126+11413 (D)"}}, {"type": "Feature", "geometry": {"type": "Point", "coordinates": [3.11981171, 44.3869922]}, "properties": {"route": "A75", "pr": "182", "abs": 1973, "label": "A75 PR182+1973 (D)"}}, {"type": "Feature", "geometry": {"type": "Point", "coordinates": [3.04715854, 44.18396153]}, "properties": {"route": "A75", "pr": "209", "abs": 29354, "label": "A75 PR209+29354 (D)"}}, {"type": "Feature", "geometry": {"type": "Point", "coordinates": [3.10375556, 44.30780568]}, "properties": {"route": "A75", "pr": "193", "abs": 12953, "label": "A75 PR193+12953 (D)"}}, {"type": "Feature", "geometry": {"type": "Point", "coordinates": [3.2463632, 44.87658934]}, "properties": {"route": "A75", "pr": "116", "abs": 1402, "label": "A75 PR116+1402 (D)"}}, {"type": "Feature", "geometry": {"type": "Point", "coordinates": [3.08957733, 44.34636959]}, "properties": {"route": "A75", "pr": "188", "abs": 7973, "label": "A75 PR188+7973 (D)"}}, {"type": "Feature", "geometry": {"type": "Point", "coordinates": [3.19818503, 44.9474113]}, "properties": {"route": "A75", "pr": "107", "abs": 42881, "label": "A75 PR107+42881 (D)"}}, {"type": "Feature", "geometry": {"type": "Point", "coordinates": [3.19422099, 44.44685645]}, "properties": {"route": "A75", "pr": "171", "abs": 56433, "label": "A75 PR171+56433 (D)"}}, {"type": "Feature", "geometry": {"type": "Point", "coordinates": [3.19206876, 44.96477208]}, "properties": {"route": "A75", "pr": "105", "abs": 40881, "label": "A75 PR105+40881 (D)"}}, {"type": "Feature", "geometry": {"type": "Point", "coordinates": [3.28295071, 44.76580645]}, "properties": {"route": "A75", "pr": "130", "abs": 15420, "label": "A75 PR130+15420 (D)"}}, {"type": "Feature", "geometry": {"type": "Point", "coordinates": [3.28591713, 44.77457692]}, "properties": {"route": "A75", "pr": "129", "abs": 14414, "label": "A75 PR129+14414 (D)"}}, {"type": "Feature", "geometry": {"type": "Point", "coordinates": [3.09256246, 44.28241034]}, "properties": {"route": "A75", "pr": "196", "abs": 15953, "label": "A75 PR196+15953 (D)"}}, {"type": "Feature", "geometry": {"type": "Point", "coordinates": [3.1923555, 44.43114953]}, "properties": {"route": "A75", "pr": "173", "abs": 58274, "label": "A75 PR173+58274 (D)"}}, {"type": "Feature", "geometry": {"type": "Point", "coordinates": [3.21872331, 44.48853873]}, "properties": {"route": "A75", "pr": "165", "abs": 50429, "label": "A75 PR165+50429 (D)"}}, {"type": "Feature", "geometry": {"type": "Point", "coordinates": [3.2912819, 44.78272704]}, "properties": {"route": "A75", "pr": "128", "abs": 13409, "label": "A75 PR128+13409 (D)"}}, {"type": "Feature", "geometry": {"type": "Point", "coordinates": [3.06734433, 44.20506162]}, "properties": {"route": "A75", "pr": "206", "abs": 26354, "label": "A75 PR206+26354 (D)"}}, {"type": "Feature", "geometry": {"type": "Point", "coordinates": [3.25982495, 44.67304771]}, "properties": {"route": "A75", "pr": "142", "abs": 27454, "label": "A75 PR142+27454 (D)"}}, {"type": "Feature", "geometry": {"type": "Point", "coordinates": [3.4792673, 44.47643908]}, "properties": {"route": "N106", "pr": "75", "abs": 49549, "label": "N106 PR75+49549"}}, {"type": "Feature", "geometry": {"type": "Point", "coordinates": [3.4711512, 44.47295599]}, "properties": {"route": "N106", "pr": "76", "abs": 50548, "label": "N106 PR76+50548"}}, {"type": "Feature", "geometry": {"type": "Point", "coordinates": [3.50187348, 44.47412667]}, "properties": {"route": "N106", "pr": "73", "abs": 47549, "label": "N106 PR73+47549"}}, {"type": "Feature", "geometry": {"type": "Point", "coordinates": [3.54071756, 44.45500686]}, "properties": {"route": "N106", "pr": "69", "abs": 43596, "label": "N106 PR69+43596"}}, {"type": "Feature", "geometry": {"type": "Point", "coordinates": [3.52876586, 44.45618021]}, "properties": {"route": "N106", "pr": "70", "abs": 44593, "label": "N106 PR70+44593"}}, {"type": "Feature", "geometry": {"type": "Point", "coordinates": [3.51108077, 44.46845799]}, "properties": {"route": "N106", "pr": "72", "abs": 46584, "label": "N106 PR72+46584"}}, {"type": "Feature", "geometry": {"type": "Point", "coordinates": [3.46415715, 44.47601489]}, "properties": {"route": "N106", "pr": "77", "abs": 51547, "label": "N106 PR77+51547"}}, {"type": "Feature", "geometry": {"type": "Point", "coordinates": [3.55194709, 44.45251882]}, "properties": {"route": "N106", "pr": "68", "abs": 42598, "label": "N106 PR68+42598"}}, {"type": "Feature", "geometry": {"type": "Point", "coordinates": [3.51946179, 44.46212538]}, "properties": {"route": "N106", "pr": "71", "abs": 45592, "label": "N106 PR71+45592"}}, {"type": "Feature", "geometry": {"type": "Point", "coordinates": [3.55733694, 44.44544929]}, "properties": {"route": "N106", "pr": "67", "abs": 41596, "label": "N106 PR67+41596"}}, {"type": "Feature", "geometry": {"type": "Point", "coordinates": [3.45641158, 44.48061765]}, "properties": {"route": "N106", "pr": "78", "abs": 52546, "label": "N106 PR78+52546"}}, {"type": "Feature", "geometry": {"type": "Point", "coordinates": [3.49146554, 44.47771053]}, "properties": {"route": "N106", "pr": "74", "abs": 48546, "label": "N106 PR74+48546"}}, {"type": "Feature", "geometry": {"type": "Point", "coordinates": [3.38349668, 44.488332]}, "properties": {"route": "N88", "pr": "68", "abs": 64891, "label": "N88 PR68+64891"}}, {"type": "Feature", "geometry": {"type": "Point", "coordinates": [3.26324133, 44.50313215]}, "properties": {"route": "N88", "pr": "82", "abs": 252, "label": "N88 PR82+252 (G)"}}, {"type": "Feature", "geometry": {"type": "Point", "coordinates": [3.25210437, 44.49900274]}, "properties": {"route": "N88", "pr": "83", "abs": 1252, "label": "N88 PR83+1252 (G)"}}, {"type": "Feature", "geometry": {"type": "Point", "coordinates": [3.37163892, 44.48736074]}, "properties": {"route": "N88", "pr": "69", "abs": 65889, "label": "N88 PR69+65889"}}, {"type": "Feature", "geometry": {"type": "Point", "coordinates": [3.39247758, 44.49276012]}, "properties": {"route": "N88", "pr": "67", "abs": 63892, "label": "N88 PR67+63892"}}, {"type": "Feature", "geometry": {"type": "Point", "coordinates": [3.24209641, 44.63180759]}, "properties": {"route": "A75", "pr": "147", "abs": 32432, "label": "A75 PR147+32432 (G)"}}, {"type": "Feature", "geometry": {"type": "Point", "coordinates": [3.03126995, 44.17144801]}, "properties": {"route": "A75", "pr": "211", "abs": 31313, "label": "A75 PR211+31313 (G)"}}, {"type": "Feature", "geometry": {"type": "Point", "coordinates": [3.26486238, 44.82593149]}, "properties": {"route": "A75", "pr": "122", "abs": 7392, "label": "A75 PR122+7392 (G)"}}, {"type": "Feature", "geometry": {"type": "Point", "coordinates": [3.11729008, 44.36107282]}, "properties": {"route": "A75", "pr": "185", "abs": 4968, "label": "A75 PR185+4968 (G)"}}, {"type": "Feature", "geometry": {"type": "Point", "coordinates": [3.25433058, 44.65605959]}, "properties": {"route": "A75", "pr": "144", "abs": 29438, "label": "A75 PR144+29438 (G)"}}, {"type": "Feature", "geometry": {"type": "Point", "coordinates": [3.25668506, 44.54713734]}, "properties": {"route": "A75", "pr": "157", "abs": 42388, "label": "A75 PR157+42388 (G)"}}, {"type": "Feature", "geometry": {"type": "Point", "coordinates": [3.25472162, 44.59969476]}, "properties": {"route": "A75", "pr": "151", "abs": 36421, "label": "A75 PR151+36421 (G)"}}, {"type": "Feature", "geometry": {"type": "Point", "coordinates": [3.02035335, 44.13844151]}, "properties": {"route": "A75", "pr": "215", "abs": 35313, "label": "A75 PR215+35313 (G)"}}, {"type": "Feature", "geometry": {"type": "Point", "coordinates": [3.28881331, 44.73970934]}, "properties": {"route": "A75", "pr": "133", "abs": 18414, "label": "A75 PR133+18414 (G)"}}, {"type": "Feature", "geometry": {"type": "Point", "coordinates": [3.19430055, 44.95589419]}, "properties": {"route": "A75", "pr": "106", "abs": 41850, "label": "A75 PR106+41850 (G)"}}, {"type": "Feature", "geometry": {"type": "Point", "coordinates": [3.2802672, 44.69341094]}, "properties": {"route": "A75", "pr": "139", "abs": 24438, "label": "A75 PR139+24438 (G)"}}, {"type": "Feature", "geometry": {"type": "Point", "coordinates": [3.23870515, 44.4984429]}, "properties": {"route": "A75", "pr": "163", "abs": 48414, "label": "A75 PR163+48414 (G)"}}, {"type": "Feature", "geometry": {"type": "Point", "coordinates": [3.11572627, 44.3786826]}, "properties": {"route": "A75", "pr": "183", "abs": 2967, "label": "A75 PR183+2967 (G)"}}, {"type": "Feature", "geometry": {"type": "Point", "coordinates": [3.06584074, 44.23029226]}, "properties": {"route": "A75", "pr": "203", "abs": 23313, "label": "A75 PR203+23313 (G)"}}, {"type": "Feature", "geometry": {"type": "Point", "coordinates": [3.12702448, 44.39416029]}, "properties": {"route": "A75", "pr": "181", "abs": 978, "label": "A75 PR181+978 (G)"}}, {"type": "Feature", "geometry": {"type": "Point", "coordinates": [3.21969178, 44.91603024]}, "properties": {"route": "A75", "pr": "111", "abs": 46850, "label": "A75 PR111+46850 (G)"}}, {"type": "Feature", "geometry": {"type": "Point", "coordinates": [3.2578584, 44.8429679]}, "properties": {"route": "A75", "pr": "120", "abs": 5388, "label": "A75 PR120+5388 (G)"}}, {"type": "Feature", "geometry": {"type": "Point", "coordinates": [3.28677296, 44.75724996]}, "properties": {"route": "A75", "pr": "131", "abs": 16405, "label": "A75 PR131+16405 (G)"}}, {"type": "Feature", "geometry": {"type": "Point", "coordinates": [3.24899356, 44.57317017]}, "properties": {"route": "A75", "pr": "154", "abs": 39406, "label": "A75 PR154+39406 (G)"}}, {"type": "Feature", "geometry": {"type": "Point", "coordinates": [3.1004411, 44.29928447]}, "properties": {"route": "A75", "pr": "194", "abs": 13933, "label": "A75 PR194+13933 (G)"}}, {"type": "Feature", "geometry": {"type": "Point", "coordinates": [3.25256461, 44.86882434]}, "properties": {"route": "A75", "pr": "117", "abs": 2395, "label": "A75 PR117+2395 (G)"}}, {"type": "Feature", "geometry": {"type": "Point", "coordinates": [3.24402207, 44.50636402]}, "properties": {"route": "A75", "pr": "162", "abs": 47414, "label": "A75 PR162+47414 (G)"}}, {"type": "Feature", "geometry": {"type": "Point", "coordinates": [3.02074698, 44.15539053]}, "properties": {"route": "A75", "pr": "213", "abs": 33313, "label": "A75 PR213+33313 (G)"}}, {"type": "Feature", "geometry": {"type": "Point", "coordinates": [3.09737376, 44.31514135]}, "properties": {"route": "A75", "pr": "192", "abs": 11925, "label": "A75 PR192+11925 (G)"}}, {"type": "Feature", "geometry": {"type": "Point", "coordinates": [3.0590536, 44.23786149]}, "properties": {"route": "A75", "pr": "202", "abs": 22303, "label": "A75 PR202+22303 (G)"}}, {"type": "Feature", "geometry": {"type": "Point", "coordinates": [3.25971455, 44.83413399]}, "properties": {"route": "A75", "pr": "121", "abs": 6389, "label": "A75 PR121+6389 (G)"}}, {"type": "Feature", "geometry": {"type": "Point", "coordinates": [3.07067096, 44.21367612]}, "properties": {"route": "A75", "pr": "205", "abs": 25313, "label": "A75 PR205+25313 (G)"}}, {"type": "Feature", "geometry": {"type": "Point", "coordinates": [3.10894377, 44.35464796]}, "properties": {"route": "A75", "pr": "186", "abs": 5967, "label": "A75 PR186+5967 (G)"}}, {"type": "Feature", "geometry": {"type": "Point", "coordinates": [3.25672896, 44.8516957]}, "properties": {"route": "A75", "pr": "119", "abs": 4391, "label": "A75 PR119+4391 (G)"}}, {"type": "Feature", "geometry": {"type": "Point", "coordinates": [3.20654744, 44.48782493]}, "properties": {"route": "A75", "pr": "166", "abs": 51418, "label": "A75 PR166+51418 (G)"}}, {"type": "Feature", "geometry": {"type": "Point", "coordinates": [3.06469794, 44.19634855]}, "properties": {"route": "A75", "pr": "207", "abs": 27313, "label": "A75 PR207+27313 (G)"}}, {"type": "Feature", "geometry": {"type": "Point", "coordinates": [3.29353794, 44.80879267]}, "properties": {"route": "A75", "pr": "125", "abs": 10406, "label": "A75 PR125+10406 (G)"}}, {"type": "Feature", "geometry": {"type": "Point", "coordinates": [3.2110456, 44.92232248]}, "properties": {"route": "A75", "pr": "110", "abs": 45850, "label": "A75 PR110+45850 (G)"}}, {"type": "Feature", "geometry": {"type": "Point", "coordinates": [3.05500264, 44.2461761]}, "properties": {"route": "A75", "pr": "201", "abs": 21303, "label": "A75 PR201+21303 (G)"}}, {"type": "Feature", "geometry": {"type": "Point", "coordinates": [3.02715165, 44.16307843]}, "properties": {"route": "A75", "pr": "212", "abs": 32313, "label": "A75 PR212+32313 (G)"}}, {"type": "Feature", "geometry": {"type": "Point", "coordinates": [3.24784253, 44.62396254]}, "properties": {"route": "A75", "pr": "148", "abs": 33421, "label": "A75 PR148+33421 (G)"}}, {"type": "Feature", "geometry": {"type": "Point", "coordinates": [3.08586191, 44.33073063]}, "properties": {"route": "A75", "pr": "190", "abs": 9938, "label": "A75 PR190+9938 (G)"}}, {"type": "Feature", "geometry": {"type": "Point", "coordinates": [3.2049724, 44.93021019]}, "properties": {"route": "A75", "pr": "109", "abs": 44850, "label": "A75 PR109+44850 (G)"}}, {"type": "Feature", "geometry": {"type": "Point", "coordinates": [3.19127402, 44.45535859]}, "properties": {"route": "A75", "pr": "170", "abs": 55401, "label": "A75 PR170+55401 (G)"}}, {"type": "Feature", "geometry": {"type": "Point", "coordinates": [3.10182005, 44.34758496]}, "properties": {"route": "A75", "pr": "187", "abs": 6984, "label": "A75 PR187+6984 (G)"}}, {"type": "Feature", "geometry": {"type": "Point", "coordinates": [3.02947142, 44.11551775]}, "properties": {"route": "A75", "pr": "217", "abs": 37545, "label": "A75 PR217+37545 (G)"}}, {"type": "Feature", "geometry": {"type": "Point", "coordinates": [3.28415225, 44.81478178]}, "properties": {"route": "A75", "pr": "124", "abs": 9392, "label": "A75 PR124+9392 (G)"}}, {"type": "Feature", "geometry": {"type": "Point", "coordinates": [3.08308419, 44.33930939]}, "properties": {"route": "A75", "pr": "189", "abs": 8947, "label": "A75 PR189+8947 (G)"}}, {"type": "Feature", "geometry": {"type": "Point", "coordinates": [3.25530983, 44.53838843]}, "properties": {"route": "A75", "pr": "158", "abs": 43400, "label": "A75 PR158+43400 (G)"}}, {"type": "Feature", "geometry": {"type": "Point", "coordinates": [3.22681972, 44.90887431]}, "properties": {"route": "A75", "pr": "112", "abs": 47850, "label": "A75 PR112+47850 (G)"}}, {"type": "Feature", "geometry": {"type": "Point", "coordinates": [3.20115842, 44.93864723]}, "properties": {"route": "A75", "pr": "108", "abs": 43850, "label": "A75 PR108+43850 (G)"}}, {"type": "Feature", "geometry": {"type": "Point", "coordinates": [3.22964007, 44.90021342]}, "properties": {"route": "A75", "pr": "113", "abs": 48850, "label": "A75 PR113+48850 (G)"}}, {"type": "Feature", "geometry": {"type": "Point", "coordinates": [3.25627477, 44.86033821]}, "properties": {"route": "A75", "pr": "118", "abs": 3393, "label": "A75 PR118+3393 (G)"}}, {"type": "Feature", "geometry": {"type": "Point", "coordinates": [3.24987536, 44.58202933]}, "properties": {"route": "A75", "pr": "153", "abs": 38421, "label": "A75 PR153+38421 (G)"}}, {"type": "Feature", "geometry": {"type": "Point", "coordinates": [3.03058185, 44.12441895]}, "properties": {"route": "A75", "pr": "216", "abs": 36545, "label": "A75 PR216+36545 (G)"}}, {"type": "Feature", "geometry": {"type": "Point", "coordinates": [3.26191815, 44.68174403]}, "properties": {"route": "A75", "pr": "141", "abs": 26438, "label": "A75 PR141+26438 (G)"}}, {"type": "Feature", "geometry": {"type": "Point", "coordinates": [3.24944983, 44.53050318]}, "properties": {"route": "A75", "pr": "159", "abs": 44412, "label": "A75 PR159+44412 (G)"}}, {"type": "Feature", "geometry": {"type": "Point", "coordinates": [3.09561675, 44.29102646]}, "properties": {"route": "A75", "pr": "195", "abs": 14933, "label": "A75 PR195+14933 (G)"}}, {"type": "Feature", "geometry": {"type": "Point", "coordinates": [3.05708039, 44.1892565]}, "properties": {"route": "A75", "pr": "208", "abs": 28313, "label": "A75 PR208+28313 (G)"}}, {"type": "Feature", "geometry": {"type": "Point", "coordinates": [3.28072264, 44.72451951]}, "properties": {"route": "A75", "pr": "135", "abs": 20429, "label": "A75 PR135+20429 (G)"}}, {"type": "Feature", "geometry": {"type": "Point", "coordinates": [3.0606726, 44.25790698]}, "properties": {"route": "A75", "pr": "200", "abs": 19892, "label": "A75 PR200+19892 (G)"}}, {"type": "Feature", "geometry": {"type": "Point", "coordinates": [3.11544608, 44.36991977]}, "properties": {"route": "A75", "pr": "184", "abs": 3960, "label": "A75 PR184+3960 (G)"}}, {"type": "Feature", "geometry": {"type": "Point", "coordinates": [3.18144933, 44.4161682]}, "properties": {"route": "A75", "pr": "175", "abs": 60245, "label": "A75 PR175+60245 (G)"}}, {"type": "Feature", "geometry": {"type": "Point", "coordinates": [3.24113039, 44.51559227]}, "properties": {"route": "A75", "pr": "161", "abs": 46355, "label": "A75 PR161+46355 (G)"}}, {"type": "Feature", "geometry": {"type": "Point", "coordinates": [3.24110097, 44.52432544]}, "properties": {"route": "A75", "pr": "160", "abs": 45382, "label": "A75 PR160+45382 (G)"}}, {"type": "Feature", "geometry": {"type": "Point", "coordinates": [3.15534675, 44.40015697]}, "properties": {"route": "A75", "pr": "178", "abs": 63250, "label": "A75 PR178+63250 (G)"}}, {"type": "Feature", "geometry": {"type": "Point", "coordinates": [3.2272127, 44.49499593]}, "properties": {"route": "A75", "pr": "164", "abs": 49414, "label": "A75 PR164+49414 (G)"}}, {"type": "Feature", "geometry": {"type": "Point", "coordinates": [3.19325643, 44.46430045]}, "properties": {"route": "A75", "pr": "169", "abs": 54392, "label": "A75 PR169+54392 (G)"}}, {"type": "Feature", "geometry": {"type": "Point", "coordinates": [3.18498109, 44.4242397]}, "properties": {"route": "A75", "pr": "174", "abs": 59247, "label": "A75 PR174+59247 (G)"}}, {"type": "Feature", "geometry": {"type": "Point", "coordinates": [3.25539256, 44.55612473]}, "properties": {"route": "A75", "pr": "156", "abs": 41388, "label": "A75 PR156+41388 (G)"}}, {"type": "Feature", "geometry": {"type": "Point", "coordinates": [3.07142277, 44.22236968]}, "properties": {"route": "A75", "pr": "204", "abs": 24313, "label": "A75 PR204+24313 (G)"}}, {"type": "Feature", "geometry": {"type": "Point", "coordinates": [3.08956288, 44.27373472]}, "properties": {"route": "A75", "pr": "197", "abs": 16922, "label": "A75 PR197+16922 (G)"}}, {"type": "Feature", "geometry": {"type": "Point", "coordinates": [3.01701388, 44.14695756]}, "properties": {"route": "A75", "pr": "214", "abs": 34313, "label": "A75 PR214+34313 (G)"}}, {"type": "Feature", "geometry": {"type": "Point", "coordinates": [3.17456132, 44.40913809]}, "properties": {"route": "A75", "pr": "176", "abs": 61244, "label": "A75 PR176+61244 (G)"}}, {"type": "Feature", "geometry": {"type": "Point", "coordinates": [3.19875925, 44.48169799]}, "properties": {"route": "A75", "pr": "167", "abs": 52383, "label": "A75 PR167+52383 (G)"}}, {"type": "Feature", "geometry": {"type": "Point", "coordinates": [3.08167917, 44.26690445]}, "properties": {"route": "A75", "pr": "198", "abs": 17929, "label": "A75 PR198+17929 (G)"}}, {"type": "Feature", "geometry": {"type": "Point", "coordinates": [3.24238422, 44.641276]}, "properties": {"route": "A75", "pr": "146", "abs": 31363, "label": "A75 PR146+31363 (G)"}}, {"type": "Feature", "geometry": {"type": "Point", "coordinates": [3.27187197, 44.68699031]}, "properties": {"route": "A75", "pr": "140", "abs": 25449, "label": "A75 PR140+25449 (G)"}}, {"type": "Feature", "geometry": {"type": "Point", "coordinates": [3.19526609, 44.43908862]}, "properties": {"route": "A75", "pr": "172", "abs": 57286, "label": "A75 PR172+57286 (G)"}}, {"type": "Feature", "geometry": {"type": "Point", "coordinates": [3.27206097, 44.71828494]}, "properties": {"route": "A75", "pr": "136", "abs": 21426, "label": "A75 PR136+21426 (G)"}}, {"type": "Feature", "geometry": {"type": "Point", "coordinates": [3.29421173, 44.79109229]}, "properties": {"route": "A75", "pr": "127", "abs": 12406, "label": "A75 PR127+12406 (G)"}}, {"type": "Feature", "geometry": {"type": "Point", "coordinates": [3.27407326, 44.70963082]}, "properties": {"route": "A75", "pr": "137", "abs": 22423, "label": "A75 PR137+22423 (G)"}}, {"type": "Feature", "geometry": {"type": "Point", "coordinates": [3.28021493, 44.70193054]}, "properties": {"route": "A75", "pr": "138", "abs": 23415, "label": "A75 PR138+23415 (G)"}}, {"type": "Feature", "geometry": {"type": "Point", "coordinates": [3.23318956, 44.89165989]}, "properties": {"route": "A75", "pr": "114", "abs": 49850, "label": "A75 PR114+49850 (G)"}}, {"type": "Feature", "geometry": {"type": "Point", "coordinates": [3.25808148, 44.60835645]}, "properties": {"route": "A75", "pr": "150", "abs": 35421, "label": "A75 PR150+35421 (G)"}}, {"type": "Feature", "geometry": {"type": "Point", "coordinates": [3.25579739, 44.61713302]}, "properties": {"route": "A75", "pr": "149", "abs": 34421, "label": "A75 PR149+34421 (G)"}}, {"type": "Feature", "geometry": {"type": "Point", "coordinates": [3.16713229, 44.40243427]}, "properties": {"route": "A75", "pr": "177", "abs": 62247, "label": "A75 PR177+62247 (G)"}}, {"type": "Feature", "geometry": {"type": "Point", "coordinates": [3.25259137, 44.59079882]}, "properties": {"route": "A75", "pr": "152", "abs": 37421, "label": "A75 PR152+37421 (G)"}}, {"type": "Feature", "geometry": {"type": "Point", "coordinates": [3.28917338, 44.74857103]}, "properties": {"route": "A75", "pr": "132", "abs": 17412, "label": "A75 PR132+17412 (G)"}}, {"type": "Feature", "geometry": {"type": "Point", "coordinates": [3.07086082, 44.26253198]}, "properties": {"route": "A75", "pr": "199", "abs": 18934, "label": "A75 PR199+18934 (G)"}}, {"type": "Feature", "geometry": {"type": "Point", "coordinates": [3.27326354, 44.81932159]}, "properties": {"route": "A75", "pr": "123", "abs": 8387, "label": "A75 PR123+8387 (G)"}}, {"type": "Feature", "geometry": {"type": "Point", "coordinates": [3.19792798, 44.47268388]}, "properties": {"route": "A75", "pr": "168", "abs": 53388, "label": "A75 PR168+53388 (G)"}}, {"type": "Feature", "geometry": {"type": "Point", "coordinates": [3.14387293, 44.39714256]}, "properties": {"route": "A75", "pr": "179", "abs": 64250, "label": "A75 PR179+64250 (G)"}}, {"type": "Feature", "geometry": {"type": "Point", "coordinates": [3.09066941, 44.32252735]}, "properties": {"route": "A75", "pr": "191", "abs": 10934, "label": "A75 PR191+10934 (G)"}}, {"type": "Feature", "geometry": {"type": "Point", "coordinates": [3.28975659, 44.73081457]}, "properties": {"route": "A75", "pr": "134", "abs": 19427, "label": "A75 PR134+19427 (G)"}}, {"type": "Feature", "geometry": {"type": "Point", "coordinates": [3.03648982, 44.17936078]}, "properties": {"route": "A75", "pr": "210", "abs": 30313, "label": "A75 PR210+30313 (G)"}}, {"type": "Feature", "geometry": {"type": "Point", "coordinates": [3.2593878, 44.66414495]}, "properties": {"route": "A75", "pr": "143", "abs": 28438, "label": "A75 PR143+28438 (G)"}}, {"type": "Feature", "geometry": {"type": "Point", "coordinates": [3.25309162, 44.56497762]}, "properties": {"route": "A75", "pr": "155", "abs": 40388, "label": "A75 PR155+40388 (G)"}}, {"type": "Feature", "geometry": {"type": "Point", "coordinates": [3.29348663, 44.79993449]}, "properties": {"route": "A75", "pr": "126", "abs": 11405, "label": "A75 PR126+11405 (G)"}}, {"type": "Feature", "geometry": {"type": "Point", "coordinates": [3.11993339, 44.38695336]}, "properties": {"route": "A75", "pr": "182", "abs": 1971, "label": "A75 PR182+1971 (G)"}}, {"type": "Feature", "geometry": {"type": "Point", "coordinates": [3.04722351, 44.18387509]}, "properties": {"route": "A75", "pr": "209", "abs": 29313, "label": "A75 PR209+29313 (G)"}}, {"type": "Feature", "geometry": {"type": "Point", "coordinates": [3.10387967, 44.30781186]}, "properties": {"route": "A75", "pr": "193", "abs": 12930, "label": "A75 PR193+12930 (G)"}}, {"type": "Feature", "geometry": {"type": "Point", "coordinates": [3.24645076, 44.87663146]}, "properties": {"route": "A75", "pr": "116", "abs": 1388, "label": "A75 PR116+1388 (G)"}}, {"type": "Feature", "geometry": {"type": "Point", "coordinates": [3.08966996, 44.3462453]}, "properties": {"route": "A75", "pr": "188", "abs": 7981, "label": "A75 PR188+7981 (G)"}}, {"type": "Feature", "geometry": {"type": "Point", "coordinates": [3.19831065, 44.94743988]}, "properties": {"route": "A75", "pr": "107", "abs": 42850, "label": "A75 PR107+42850 (G)"}}, {"type": "Feature", "geometry": {"type": "Point", "coordinates": [3.19433543, 44.44688146]}, "properties": {"route": "A75", "pr": "171", "abs": 56389, "label": "A75 PR171+56389 (G)"}}, {"type": "Feature", "geometry": {"type": "Point", "coordinates": [3.19219439, 44.96479437]}, "properties": {"route": "A75", "pr": "105", "abs": 40850, "label": "A75 PR105+40850 (G)"}}, {"type": "Feature", "geometry": {"type": "Point", "coordinates": [3.28310614, 44.76580425]}, "properties": {"route": "A75", "pr": "130", "abs": 15408, "label": "A75 PR130+15408 (G)"}}, {"type": "Feature", "geometry": {"type": "Point", "coordinates": [3.28605089, 44.77453426]}, "properties": {"route": "A75", "pr": "129", "abs": 14409, "label": "A75 PR129+14409 (G)"}}, {"type": "Feature", "geometry": {"type": "Point", "coordinates": [3.09275789, 44.28238857]}, "properties": {"route": "A75", "pr": "196", "abs": 15927, "label": "A75 PR196+15927 (G)"}}, {"type": "Feature", "geometry": {"type": "Point", "coordinates": [3.19247719, 44.43109801]}, "properties": {"route": "A75", "pr": "173", "abs": 58241, "label": "A75 PR173+58241 (G)"}}, {"type": "Feature", "geometry": {"type": "Point", "coordinates": [3.2188472, 44.48838275]}, "properties": {"route": "A75", "pr": "165", "abs": 50416, "label": "A75 PR165+50416 (G)"}}, {"type": "Feature", "geometry": {"type": "Point", "coordinates": [3.29140681, 44.78267989]}, "properties": {"route": "A75", "pr": "128", "abs": 13404, "label": "A75 PR128+13404 (G)"}}, {"type": "Feature", "geometry": {"type": "Point", "coordinates": [3.06750324, 44.20506422]}, "properties": {"route": "A75", "pr": "206", "abs": 26313, "label": "A75 PR206+26313 (G)"}}, {"type": "Feature", "geometry": {"type": "Point", "coordinates": [3.26000796, 44.67306169]}, "properties": {"route": "A75", "pr": "142", "abs": 27438, "label": "A75 PR142+27438 (G)"}}, {"type": "Feature", "geometry": {"type": "Point", "coordinates": [3.24689327, 44.64900297]}, "properties": {"route": "A75", "pr": "145", "abs": 30463, "label": "A75 PR145+30463 (G)"}}, {"type": "Feature", "geometry": {"type": "Point", "coordinates": [3.24676367, 44.64907168]}, "properties": {"route": "A75", "pr": "145", "abs": 30414, "label": "A75 PR145+30414 (D)"}}, {"type": "Feature", "geometry": {"type": "Point", "coordinates": [3.45751469, 44.48252695]}, "properties": {"route": "N106", "pr": "999", "abs": 52792, "label": "N106 PR999+52792"}}]}