{"type": "FeatureCollection", "features": [{"type": "Feature", "geometry": {"type": "Point", "coordinates": [2.5866496, 48.83431276]}, "properties": {"route": "A4", "pr": "FS", "abs": null, "label": "A4 PRFS"}}, {"type": "Feature", "geometry": {"type": "Point", "coordinates": [2.54787966, 48.83646404]}, "properties": {"route": "A4", "pr": "DS", "abs": null, "label": "A4 PRDS"}}, {"type": "Feature", "geometry": {"type": "Point", "coordinates": [2.54790005, 48.8366269]}, "properties": {"route": "A4", "pr": "FS", "abs": null, "label": "A4 PRFS"}}, {"type": "Feature", "geometry": {"type": "Point", "coordinates": [2.57854497, 48.97367427]}, "properties": {"route": "N2", "pr": "DS", "abs": null, "label": "N2 PRDS"}}, {"type": "Feature", "geometry": {"type": "Point", "coordinates": [2.52474079, 48.95691081]}, "properties": {"route": "N2", "pr": "FS", "abs": null, "label": "N2 PRFS"}}, {"type": "Feature", "geometry": {"type": "Point", "coordinates": [2.51123235, 48.95449595]}, "properties": {"route": "N2", "pr": "DS", "abs": null, "label": "N2 PRDS"}}, {"type": "Feature", "geometry": {"type": "Point", "coordinates": [2.5212624, 48.95650489]}, "properties": {"route": "N2", "pr": "DS", "abs": null, "label": "N2 PRDS"}}, {"type": "Feature", "geometry": {"type": "Point", "coordinates": [2.52169326, 48.95657496]}, "properties": {"route": "N2", "pr": "FS", "abs": null, "label": "N2 PRFS"}}, {"type": "Feature", "geometry": {"type": "Point", "coordinates": [2.52467376, 48.95707241]}, "properties": {"route": "N2", "pr": "DS", "abs": null, "label": "N2 PRDS"}}, {"type": "Feature", "geometry": {"type": "Point", "coordinates": [2.29616145, 48.93790288]}, "properties": {"route": "A901501", "pr": "FS", "abs": null, "label": "A901501 PRFS"}}, {"type": "Feature", "geometry": {"type": "Point", "coordinates": [2.29697425, 48.93806143]}, "properties": {"route": "A901501", "pr": "DS", "abs": null, "label": "A901501 PRDS"}}, {"type": "Feature", "geometry": {"type": "Point", "coordinates": [2.29525394, 48.93758099]}, "properties": {"route": "A901501", "pr": "FS", "abs": null, "label": "A901501 PRFS"}}, {"type": "Feature", "geometry": {"type": "Point", "coordinates": [2.2959532, 48.93775687]}, "properties": {"route": "A901501", "pr": "DS", "abs": null, "label": "A901501 PRDS"}}, {"type": "Feature", "geometry": {"type": "Point", "coordinates": [2.45788206, 48.955245]}, "properties": {"route": "A1", "pr": "DS", "abs": null, "label": "A1 PRDS"}}, {"type": "Feature", "geometry": {"type": "Point", "coordinates": [2.45788206, 48.955245]}, "properties": {"route": "A1", "pr": "FS", "abs": null, "label": "A1 PRFS"}}, {"type": "Feature", "geometry": {"type": "Point", "coordinates": [2.47922558, 48.96867103]}, "properties": {"route": "A1", "pr": "DS", "abs": null, "label": "A1 PRDS"}}, {"type": "Feature", "geometry": {"type": "Point", "coordinates": [2.45788206, 48.955245]}, "properties": {"route": "A1", "pr": "FS", "abs": null, "label": "A1 PRFS"}}, {"type": "Feature", "geometry": {"type": "Point", "coordinates": [2.48159901, 48.9695347]}, "properties": {"route": "A1", "pr": "DS", "abs": null, "label": "A1 PRDS"}}, {"type": "Feature", "geometry": {"type": "Point", "coordinates": [2.45770807, 48.8191155]}, "properties": {"route": "A86", "pr": "DS", "abs": null, "label": "A86 PRDS"}}, {"type": "Feature", "geometry": {"type": "Point", "coordinates": [2.48383368, 48.86125701]}, "properties": {"route": "A86", "pr": "FS", "abs": null, "label": "A86 PRFS"}}, {"type": "Feature", "geometry": {"type": "Point", "coordinates": [2.47272529, 48.88600213]}, "properties": {"route": "A86", "pr": "DS", "abs": null, "label": "A86 PRDS"}}, {"type": "Feature", "geometry": {"type": "Point", "coordinates": [2.48398289, 48.8613296]}, "properties": {"route": "A86", "pr": "DS", "abs": null, "label": "A86 PRDS"}}, {"type": "Feature", "geometry": {"type": "Point", "coordinates": [2.45723668, 48.8184766]}, "properties": {"route": "A86", "pr": "FS", "abs": null, "label": "A86 PRFS"}}, {"type": "Feature", "geometry": {"type": "Point", "coordinates": [2.469283, 48.89901526]}, "properties": {"route": "A86", "pr": "FS", "abs": null, "label": "A86 PRFS"}}, {"type": "Feature", "geometry": {"type": "Point", "coordinates": [2.33343895, 48.92733619]}, "properties": {"route": "A86", "pr": "DS", "abs": null, "label": "A86 PRDS"}}, {"type": "Feature", "geometry": {"type": "Point", "coordinates": [2.57058229, 48.9702514]}, "properties": {"route": "A104", "pr": "FS", "abs": null, "label": "A104 PRFS"}}, {"type": "Feature", "geometry": {"type": "Point", "coordinates": [2.57047617, 48.97036702]}, "properties": {"route": "A104", "pr": "FS", "abs": null, "label": "A104 PRFS"}}, {"type": "Feature", "geometry": {"type": "Point", "coordinates": [2.48395139, 48.97156455]}, "properties": {"route": "A104", "pr": "FS", "abs": null, "label": "A104 PRFS"}}, {"type": "Feature", "geometry": {"type": "Point", "coordinates": [2.33250797, 48.92745781]}, "properties": {"route": "A908607", "pr": "FS", "abs": null, "label": "A908607 PRFS"}}, {"type": "Feature", "geometry": {"type": "Point", "coordinates": [2.33253108, 48.9278905]}, "properties": {"route": "A908607", "pr": "FS", "abs": null, "label": "A908607 PRFS"}}, {"type": "Feature", "geometry": {"type": "Point", "coordinates": [2.3323911, 48.92795087]}, "properties": {"route": "A908607", "pr": "DS", "abs": null, "label": "A908607 PRDS"}}, {"type": "Feature", "geometry": {"type": "Point", "coordinates": [2.33250797, 48.92745781]}, "properties": {"route": "A908607", "pr": "FS", "abs": null, "label": "A908607 PRFS"}}, {"type": "Feature", "geometry": {"type": "Point", "coordinates": [2.33045597, 48.92539237]}, "properties": {"route": "A908607", "pr": "DS", "abs": null, "label": "A908607 PRDS"}}, {"type": "Feature", "geometry": {"type": "Point", "coordinates": [2.47365817, 48.88733902]}, "properties": {"route": "A103", "pr": "DS", "abs": null, "label": "A103 PRDS"}}, {"type": "Feature", "geometry": {"type": "Point", "coordinates": [2.4736363, 48.88734432]}, "properties": {"route": "A103", "pr": "FS", "abs": null, "label": "A103 PRFS"}}, {"type": "Feature", "geometry": {"type": "Point", "coordinates": [2.4756824, 48.88688656]}, "properties": {"route": "A103", "pr": "FS", "abs": null, "label": "A103 PRFS"}}, {"type": "Feature", "geometry": {"type": "Point", "coordinates": [2.41293377, 48.86440166]}, "properties": {"route": "A3", "pr": "FS", "abs": null, "label": "A3 PRFS"}}, {"type": "Feature", "geometry": {"type": "Point", "coordinates": [2.41280045, 48.86461955]}, "properties": {"route": "A3", "pr": "DS", "abs": null, "label": "A3 PRDS"}}, {"type": "Feature", "geometry": {"type": "Point", "coordinates": [2.48179677, 48.96942765]}, "properties": {"route": "A3", "pr": "FS", "abs": null, "label": "A3 PRFS"}}, {"type": "Feature", "geometry": {"type": "Point", "coordinates": [2.41348623, 48.86448801]}, "properties": {"route": "A3", "pr": "DS", "abs": null, "label": "A3 PRDS"}}, {"type": "Feature", "geometry": {"type": "Point", "coordinates": [2.48122547, 48.96973722]}, "properties": {"route": "A3", "pr": "FS", "abs": null, "label": "A3 PRFS"}}, {"type": "Feature", "geometry": {"type": "Point", "coordinates": [2.46628375, 48.90564329]}, "properties": {"route": "N186", "pr": "FS", "abs": null, "label": "N186 PRFS"}}, {"type": "Feature", "geometry": {"type": "Point", "coordinates": [2.46643785, 48.90578157]}, "properties": {"route": "N186", "pr": "FS", "abs": null, "label": "N186 PRFS"}}, {"type": "Feature", "geometry": {"type": "Point", "coordinates": [2.46628233, 48.90578178]}, "properties": {"route": "N186", "pr": "DS", "abs": null, "label": "N186 PRDS"}}, {"type": "Feature", "geometry": {"type": "Point", "coordinates": [2.29818194, 48.93778793]}, "properties": {"route": "A15", "pr": "FS", "abs": null, "label": "A15 PRFS"}}, {"type": "Feature", "geometry": {"type": "Point", "coordinates": [2.2978475, 48.93778777]}, "properties": {"route": "A15", "pr": "FS", "abs": null, "label": "A15 PRFS"}}, {"type": "Feature", "geometry": {"type": "Point", "coordinates": [2.29793828, 48.93773704]}, "properties": {"route": "A15", "pr": "DS", "abs": null, "label": "A15 PRDS"}}, {"type": "Feature", "geometry": {"type": "Point", "coordinates": [2.29811, 48.93785855]}, "properties": {"route": "A15", "pr": "DS", "abs": null, "label": "A15 PRDS"}}, {"type": "Feature", "geometry": {"type": "Point", "coordinates": [2.32313269, 48.93148532]}, "properties": {"route": "A908606", "pr": "FS", "abs": null, "label": "A908606 PRFS"}}, {"type": "Feature", "geometry": {"type": "Point", "coordinates": [2.32230763, 48.93164073]}, "properties": {"route": "A908606", "pr": "FS", "abs": null, "label": "A908606 PRFS"}}, {"type": "Feature", "geometry": {"type": "Point", "coordinates": [2.31749016, 48.93731489]}, "properties": {"route": "A908606", "pr": "DS", "abs": null, "label": "A908606 PRDS"}}, {"type": "Feature", "geometry": {"type": "Point", "coordinates": [2.31752834, 48.93690144]}, "properties": {"route": "A908606", "pr": "FS", "abs": null, "label": "A908606 PRFS"}}, {"type": "Feature", "geometry": {"type": "Point", "coordinates": [2.5407434, 48.83601236]}, "properties": {"route": "A4", "pr": "FS", "abs": null, "label": "A4 PRFS"}}, {"type": "Feature", "geometry": {"type": "Point", "coordinates": [2.53849351, 48.83515921]}, "properties": {"route": "A4", "pr": "DS", "abs": null, "label": "A4 PRDS"}}, {"type": "Feature", "geometry": {"type": "Point", "coordinates": [2.47636117, 48.82847201]}, "properties": {"route": "A4", "pr": "DS", "abs": null, "label": "A4 PRDS"}}, {"type": "Feature", "geometry": {"type": "Point", "coordinates": [2.4637081, 48.82513955]}, "properties": {"route": "A4", "pr": "DS", "abs": null, "label": "A4 PRDS"}}, {"type": "Feature", "geometry": {"type": "Point", "coordinates": [2.53833978, 48.83528812]}, "properties": {"route": "A4", "pr": "DS", "abs": null, "label": "A4 PRDS"}}, {"type": "Feature", "geometry": {"type": "Point", "coordinates": [2.46396695, 48.82513442]}, "properties": {"route": "A4", "pr": "DS", "abs": null, "label": "A4 PRDS"}}, {"type": "Feature", "geometry": {"type": "Point", "coordinates": [2.47627663, 48.82861554]}, "properties": {"route": "A4", "pr": "DS", "abs": null, "label": "A4 PRDS"}}, {"type": "Feature", "geometry": {"type": "Point", "coordinates": [2.51581566, 48.82667225]}, "properties": {"route": "A4", "pr": "DS", "abs": null, "label": "A4 PRDS"}}, {"type": "Feature", "geometry": {"type": "Point", "coordinates": [2.54042515, 48.83610467]}, "properties": {"route": "A4", "pr": "DS", "abs": null, "label": "A4 PRDS"}}, {"type": "Feature", "geometry": {"type": "Point", "coordinates": [2.49313837, 48.8300912]}, "properties": {"route": "N486", "pr": "DS", "abs": null, "label": "N486 PRDS"}}, {"type": "Feature", "geometry": {"type": "Point", "coordinates": [2.35983785, 48.81608542]}, "properties": {"route": "A6B", "pr": "FS", "abs": null, "label": "A6B PRFS"}}, {"type": "Feature", "geometry": {"type": "Point", "coordinates": [2.33329905, 48.81842719]}, "properties": {"route": "A6A", "pr": "FS", "abs": null, "label": "A6A PRFS"}}, {"type": "Feature", "geometry": {"type": "Point", "coordinates": [2.33304763, 48.81817216]}, "properties": {"route": "A6A", "pr": "DS", "abs": null, "label": "A6A PRDS"}}, {"type": "Feature", "geometry": {"type": "Point", "coordinates": [2.52725884, 49.00722746]}, "properties": {"route": "A1", "pr": "18", "abs": 0, "label": "A1 PR18 (D)"}}, {"type": "Feature", "geometry": {"type": "Point", "coordinates": [2.52703015, 49.00727422]}, "properties": {"route": "A1", "pr": "18", "abs": 0, "label": "A1 PR18 (G)"}}, {"type": "Feature", "geometry": {"type": "Point", "coordinates": [2.58683519, 48.83444471]}, "properties": {"route": "A4", "pr": "FS", "abs": null, "label": "A4 PRFS"}}, {"type": "Feature", "geometry": {"type": "Point", "coordinates": [2.57608984, 48.97272771]}, "properties": {"route": "N2", "pr": "FS", "abs": null, "label": "N2 PRFS"}}, {"type": "Feature", "geometry": {"type": "Point", "coordinates": [2.29607296, 48.93788527]}, "properties": {"route": "A901501", "pr": "FS", "abs": null, "label": "A901501 PRFS"}}, {"type": "Feature", "geometry": {"type": "Point", "coordinates": [2.29978709, 48.93810397]}, "properties": {"route": "A901501", "pr": "FS", "abs": null, "label": "A901501 PRFS"}}, {"type": "Feature", "geometry": {"type": "Point", "coordinates": [2.30043549, 48.93820668]}, "properties": {"route": "A901501", "pr": "DS", "abs": null, "label": "A901501 PRDS"}}, {"type": "Feature", "geometry": {"type": "Point", "coordinates": [2.29611655, 48.9377911]}, "properties": {"route": "A901501", "pr": "FS", "abs": null, "label": "A901501 PRFS"}}, {"type": "Feature", "geometry": {"type": "Point", "coordinates": [2.29980413, 48.93805551]}, "properties": {"route": "A901501", "pr": "FS", "abs": null, "label": "A901501 PRFS"}}, {"type": "Feature", "geometry": {"type": "Point", "coordinates": [2.30045509, 48.93816992]}, "properties": {"route": "A901501", "pr": "DS", "abs": null, "label": "A901501 PRDS"}}, {"type": "Feature", "geometry": {"type": "Point", "coordinates": [2.33354627, 48.92748157]}, "properties": {"route": "A86", "pr": "DS", "abs": null, "label": "A86 PRDS"}}, {"type": "Feature", "geometry": {"type": "Point", "coordinates": [2.48398289, 48.8613296]}, "properties": {"route": "A86", "pr": "FS", "abs": null, "label": "A86 PRFS"}}, {"type": "Feature", "geometry": {"type": "Point", "coordinates": [2.48003993, 48.82893055]}, "properties": {"route": "A86", "pr": "DS", "abs": null, "label": "A86 PRDS"}}, {"type": "Feature", "geometry": {"type": "Point", "coordinates": [2.48151014, 48.82943788]}, "properties": {"route": "A86", "pr": "FS", "abs": null, "label": "A86 PRFS"}}, {"type": "Feature", "geometry": {"type": "Point", "coordinates": [2.48383368, 48.86125701]}, "properties": {"route": "A86", "pr": "DS", "abs": null, "label": "A86 PRDS"}}, {"type": "Feature", "geometry": {"type": "Point", "coordinates": [2.33392477, 48.92712666]}, "properties": {"route": "A908607", "pr": "FS", "abs": null, "label": "A908607 PRFS"}}, {"type": "Feature", "geometry": {"type": "Point", "coordinates": [2.33250797, 48.92745781]}, "properties": {"route": "A908607", "pr": "DS", "abs": null, "label": "A908607 PRDS"}}, {"type": "Feature", "geometry": {"type": "Point", "coordinates": [2.33250797, 48.92745781]}, "properties": {"route": "A908607", "pr": "DS", "abs": null, "label": "A908607 PRDS"}}, {"type": "Feature", "geometry": {"type": "Point", "coordinates": [2.33245673, 48.92783523]}, "properties": {"route": "A908607", "pr": "DS", "abs": null, "label": "A908607 PRDS"}}, {"type": "Feature", "geometry": {"type": "Point", "coordinates": [2.40322165, 48.93280658]}, "properties": {"route": "A16", "pr": "1", "abs": 1021, "label": "A16 PR1+1021 (D)"}}, {"type": "Feature", "geometry": {"type": "Point", "coordinates": [2.3980449, 48.92569431]}, "properties": {"route": "A16", "pr": "0", "abs": 0, "label": "A16 PR0 (D)"}}, {"type": "Feature", "geometry": {"type": "Point", "coordinates": [2.54697469, 48.83650469]}, "properties": {"route": "A4", "pr": "12", "abs": 0, "label": "A4 PR12 (D)"}}, {"type": "Feature", "geometry": {"type": "Point", "coordinates": [2.58676686, 48.83430057]}, "properties": {"route": "A4", "pr": "15", "abs": 0, "label": "A4 PR15 (D)"}}, {"type": "Feature", "geometry": {"type": "Point", "coordinates": [2.52262732, 48.95657059]}, "properties": {"route": "N2", "pr": "19", "abs": 855, "label": "N2 PR19+855 (D)"}}, {"type": "Feature", "geometry": {"type": "Point", "coordinates": [2.59007899, 48.97873107]}, "properties": {"route": "N2", "pr": "1", "abs": 1017, "label": "N2 PR1+1017 (D)"}}, {"type": "Feature", "geometry": {"type": "Point", "coordinates": [2.5245906, 48.95705769]}, "properties": {"route": "N2", "pr": "19", "abs": 998, "label": "N2 PR19+998 (D)"}}, {"type": "Feature", "geometry": {"type": "Point", "coordinates": [2.29884519, 48.93790152]}, "properties": {"route": "A901501", "pr": "11", "abs": 0, "label": "A901501 PR11"}}, {"type": "Feature", "geometry": {"type": "Point", "coordinates": [2.30416286, 48.93835787]}, "properties": {"route": "A901501", "pr": "11", "abs": 374, "label": "A901501 PR11+374"}}, {"type": "Feature", "geometry": {"type": "Point", "coordinates": [2.30416286, 48.93835787]}, "properties": {"route": "A901501", "pr": "1", "abs": 606, "label": "A901501 PR1+606"}}, {"type": "Feature", "geometry": {"type": "Point", "coordinates": [2.29674839, 48.93820848]}, "properties": {"route": "A901501", "pr": "6", "abs": 545, "label": "A901501 PR6+545"}}, {"type": "Feature", "geometry": {"type": "Point", "coordinates": [2.30316962, 48.9397442]}, "properties": {"route": "A901501", "pr": "6", "abs": 0, "label": "A901501 PR6"}}, {"type": "Feature", "geometry": {"type": "Point", "coordinates": [2.30095349, 48.93826096]}, "properties": {"route": "A901501", "pr": "4", "abs": 1080, "label": "A901501 PR4+1080"}}, {"type": "Feature", "geometry": {"type": "Point", "coordinates": [2.29517242, 48.93755264]}, "properties": {"route": "A901501", "pr": "9", "abs": 181, "label": "A901501 PR9+181"}}, {"type": "Feature", "geometry": {"type": "Point", "coordinates": [2.3026756, 48.9395291]}, "properties": {"route": "A901501", "pr": "7", "abs": 0, "label": "A901501 PR7"}}, {"type": "Feature", "geometry": {"type": "Point", "coordinates": [2.29854235, 48.93940516]}, "properties": {"route": "A901501", "pr": "7", "abs": 294, "label": "A901501 PR7+294"}}, {"type": "Feature", "geometry": {"type": "Point", "coordinates": [2.29743876, 48.93813429]}, "properties": {"route": "A901501", "pr": "5", "abs": 0, "label": "A901501 PR5"}}, {"type": "Feature", "geometry": {"type": "Point", "coordinates": [2.30416286, 48.93835787]}, "properties": {"route": "A901501", "pr": "3", "abs": 0, "label": "A901501 PR3"}}, {"type": "Feature", "geometry": {"type": "Point", "coordinates": [2.29517242, 48.93755264]}, "properties": {"route": "A901501", "pr": "12", "abs": 0, "label": "A901501 PR12"}}, {"type": "Feature", "geometry": {"type": "Point", "coordinates": [2.29935468, 48.9367633]}, "properties": {"route": "A901501", "pr": "12", "abs": 346, "label": "A901501 PR12+346"}}, {"type": "Feature", "geometry": {"type": "Point", "coordinates": [2.29839868, 48.9379115]}, "properties": {"route": "A901501", "pr": "2", "abs": 347, "label": "A901501 PR2+347"}}, {"type": "Feature", "geometry": {"type": "Point", "coordinates": [2.29884519, 48.93790152]}, "properties": {"route": "A901501", "pr": "2", "abs": 0, "label": "A901501 PR2"}}, {"type": "Feature", "geometry": {"type": "Point", "coordinates": [2.30095349, 48.93826096]}, "properties": {"route": "A901501", "pr": "10", "abs": 405, "label": "A901501 PR10+405"}}, {"type": "Feature", "geometry": {"type": "Point", "coordinates": [2.29517242, 48.93755264]}, "properties": {"route": "A901501", "pr": "10", "abs": 0, "label": "A901501 PR10"}}, {"type": "Feature", "geometry": {"type": "Point", "coordinates": [2.52730717, 49.00732297]}, "properties": {"route": "A1", "pr": "18", "abs": 5400, "label": "A1 PR18+5400 (D)"}}, {"type": "Feature", "geometry": {"type": "Point", "coordinates": [2.52708117, 49.00737513]}, "properties": {"route": "A1", "pr": "18", "abs": 5428, "label": "A1 PR18+5428 (G)"}}, {"type": "Feature", "geometry": {"type": "Point", "coordinates": [2.48159901, 48.9695347]}, "properties": {"route": "A1", "pr": "0", "abs": 0, "label": "A1 PR0 (D)"}}, {"type": "Feature", "geometry": {"type": "Point", "coordinates": [2.4818324, 48.82949593]}, "properties": {"route": "A86", "pr": "33", "abs": 4247, "label": "A86 PR33+4247 (D)"}}, {"type": "Feature", "geometry": {"type": "Point", "coordinates": [2.46931306, 48.898608]}, "properties": {"route": "A86", "pr": "23", "abs": 11853, "label": "A86 PR23+11853 (D)"}}, {"type": "Feature", "geometry": {"type": "Point", "coordinates": [2.48394163, 48.8613672]}, "properties": {"route": "A86", "pr": "29", "abs": 0, "label": "A86 PR29 (D)"}}, {"type": "Feature", "geometry": {"type": "Point", "coordinates": [2.45850384, 48.81920904]}, "properties": {"route": "A86", "pr": "35", "abs": 4247, "label": "A86 PR35+4247 (D)"}}, {"type": "Feature", "geometry": {"type": "Point", "coordinates": [2.33343346, 48.92733886]}, "properties": {"route": "A86", "pr": "12", "abs": 0, "label": "A86 PR12 (D)"}}, {"type": "Feature", "geometry": {"type": "Point", "coordinates": [2.47419426, 48.88894576]}, "properties": {"route": "A86", "pr": "25", "abs": 11853, "label": "A86 PR25+11853 (D)"}}, {"type": "Feature", "geometry": {"type": "Point", "coordinates": [2.57058229, 48.9702514]}, "properties": {"route": "A104", "pr": "8", "abs": 0, "label": "A104 PR8 (D)"}}, {"type": "Feature", "geometry": {"type": "Point", "coordinates": [2.33134191, 48.92611855]}, "properties": {"route": "A908607", "pr": "3", "abs": 0, "label": "A908607 PR3"}}, {"type": "Feature", "geometry": {"type": "Point", "coordinates": [2.32875336, 48.92947374]}, "properties": {"route": "A908607", "pr": "3", "abs": 637, "label": "A908607 PR3+637"}}, {"type": "Feature", "geometry": {"type": "Point", "coordinates": [2.33421335, 48.9270788]}, "properties": {"route": "A908607", "pr": "1", "abs": 378, "label": "A908607 PR1+378"}}, {"type": "Feature", "geometry": {"type": "Point", "coordinates": [2.33018971, 48.92508512]}, "properties": {"route": "A908607", "pr": "1", "abs": 0, "label": "A908607 PR1"}}, {"type": "Feature", "geometry": {"type": "Point", "coordinates": [2.33229225, 48.92799618]}, "properties": {"route": "A908607", "pr": "2", "abs": 0, "label": "A908607 PR2"}}, {"type": "Feature", "geometry": {"type": "Point", "coordinates": [2.33226069, 48.92769025]}, "properties": {"route": "A908607", "pr": "2", "abs": 275, "label": "A908607 PR2+275"}}, {"type": "Feature", "geometry": {"type": "Point", "coordinates": [2.49192103, 48.88301396]}, "properties": {"route": "A103", "pr": "999", "abs": 1967, "label": "A103 PR999+1967 (D)"}}, {"type": "Feature", "geometry": {"type": "Point", "coordinates": [2.48179677, 48.96942765]}, "properties": {"route": "A3", "pr": "0", "abs": 0, "label": "A3 PR0 (D)"}}, {"type": "Feature", "geometry": {"type": "Point", "coordinates": [2.51228563, 48.99098519]}, "properties": {"route": "A3", "pr": "999", "abs": 3300, "label": "A3 PR999+3300 (D)"}}, {"type": "Feature", "geometry": {"type": "Point", "coordinates": [2.51477033, 48.99502739]}, "properties": {"route": "A3", "pr": "999", "abs": 3760, "label": "A3 PR999+3760 (G)"}}, {"type": "Feature", "geometry": {"type": "Point", "coordinates": [2.46726995, 48.90578797]}, "properties": {"route": "N186", "pr": "40", "abs": 0, "label": "N186 PR40 (D)"}}, {"type": "Feature", "geometry": {"type": "Point", "coordinates": [2.32244428, 48.93152369]}, "properties": {"route": "A908606", "pr": "2", "abs": 302, "label": "A908606 PR2+302"}}, {"type": "Feature", "geometry": {"type": "Point", "coordinates": [2.32026062, 48.93401765]}, "properties": {"route": "A908606", "pr": "2", "abs": 0, "label": "A908606 PR2"}}, {"type": "Feature", "geometry": {"type": "Point", "coordinates": [2.3170521, 48.93720178]}, "properties": {"route": "A908606", "pr": "1", "abs": 0, "label": "A908606 PR1"}}, {"type": "Feature", "geometry": {"type": "Point", "coordinates": [2.31965755, 48.93472917]}, "properties": {"route": "A908606", "pr": "1", "abs": 297, "label": "A908606 PR1+297"}}, {"type": "Feature", "geometry": {"type": "Point", "coordinates": [2.3170521, 48.93720178]}, "properties": {"route": "A908606", "pr": "4", "abs": 361, "label": "A908606 PR4+361"}}, {"type": "Feature", "geometry": {"type": "Point", "coordinates": [2.32068944, 48.93483664]}, "properties": {"route": "A908606", "pr": "4", "abs": 0, "label": "A908606 PR4"}}, {"type": "Feature", "geometry": {"type": "Point", "coordinates": [2.32283875, 48.93173276]}, "properties": {"route": "A908606", "pr": "3", "abs": 0, "label": "A908606 PR3"}}, {"type": "Feature", "geometry": {"type": "Point", "coordinates": [2.32121768, 48.9340006]}, "properties": {"route": "A908606", "pr": "3", "abs": 320, "label": "A908606 PR3+320"}}, {"type": "Feature", "geometry": {"type": "Point", "coordinates": [2.39005935, 48.82700804]}, "properties": {"route": "C01", "pr": "0", "abs": 0, "label": "C01 PR0 (D)"}}, {"type": "Feature", "geometry": {"type": "Point", "coordinates": [2.37912895, 48.82178669]}, "properties": {"route": "C01", "pr": "1", "abs": 1000, "label": "C01 PR1+1000 (D)"}}, {"type": "Feature", "geometry": {"type": "Point", "coordinates": [2.36708286, 48.81766823]}, "properties": {"route": "C01", "pr": "2", "abs": 2000, "label": "C01 PR2+2000 (D)"}}, {"type": "Feature", "geometry": {"type": "Point", "coordinates": [2.35463206, 48.81746407]}, "properties": {"route": "C01", "pr": "3", "abs": 3000, "label": "C01 PR3+3000 (D)"}}, {"type": "Feature", "geometry": {"type": "Point", "coordinates": [2.34181313, 48.8166522]}, "properties": {"route": "C01", "pr": "4", "abs": 4000, "label": "C01 PR4+4000 (D)"}}, {"type": "Feature", "geometry": {"type": "Point", "coordinates": [2.32933698, 48.81929002]}, "properties": {"route": "C01", "pr": "5", "abs": 5000, "label": "C01 PR5+5000 (D)"}}, {"type": "Feature", "geometry": {"type": "Point", "coordinates": [2.31644723, 48.82210675]}, "properties": {"route": "C01", "pr": "6", "abs": 6000, "label": "C01 PR6+6000 (D)"}}, {"type": "Feature", "geometry": {"type": "Point", "coordinates": [2.30359842, 48.82501676]}, "properties": {"route": "C01", "pr": "7", "abs": 7000, "label": "C01 PR7+7000 (D)"}}, {"type": "Feature", "geometry": {"type": "Point", "coordinates": [2.29601008, 48.88917197]}, "properties": {"route": "C01", "pr": "18", "abs": 18000, "label": "C01 PR18+18000 (D)"}}, {"type": "Feature", "geometry": {"type": "Point", "coordinates": [2.30638528, 48.89494505]}, "properties": {"route": "C01", "pr": "19", "abs": 19000, "label": "C01 PR19+19000 (D)"}}, {"type": "Feature", "geometry": {"type": "Point", "coordinates": [2.3182916, 48.89928339]}, "properties": {"route": "C01", "pr": "20", "abs": 20000, "label": "C01 PR20+20000 (D)"}}, {"type": "Feature", "geometry": {"type": "Point", "coordinates": [2.33157232, 48.90064068]}, "properties": {"route": "C01", "pr": "21", "abs": 21000, "label": "C01 PR21+21000 (D)"}}, {"type": "Feature", "geometry": {"type": "Point", "coordinates": [2.34519885, 48.90091201]}, "properties": {"route": "C01", "pr": "22", "abs": 22000, "label": "C01 PR22+22000 (D)"}}, {"type": "Feature", "geometry": {"type": "Point", "coordinates": [2.35880176, 48.90078596]}, "properties": {"route": "C01", "pr": "23", "abs": 23000, "label": "C01 PR23+23000 (D)"}}, {"type": "Feature", "geometry": {"type": "Point", "coordinates": [2.3724299, 48.90059644]}, "properties": {"route": "C01", "pr": "24", "abs": 24000, "label": "C01 PR24+24000 (D)"}}, {"type": "Feature", "geometry": {"type": "Point", "coordinates": [2.38600841, 48.90044199]}, "properties": {"route": "C01", "pr": "25", "abs": 25000, "label": "C01 PR25+25000 (D)"}}, {"type": "Feature", "geometry": {"type": "Point", "coordinates": [2.39450602, 48.89521348]}, "properties": {"route": "C01", "pr": "26", "abs": 26000, "label": "C01 PR26+26000 (D)"}}, {"type": "Feature", "geometry": {"type": "Point", "coordinates": [2.39702928, 48.8863823]}, "properties": {"route": "C01", "pr": "27", "abs": 27000, "label": "C01 PR27+27000 (D)"}}, {"type": "Feature", "geometry": {"type": "Point", "coordinates": [2.40624503, 48.88017715]}, "properties": {"route": "C01", "pr": "28", "abs": 28000, "label": "C01 PR28+28000 (D)"}}, {"type": "Feature", "geometry": {"type": "Point", "coordinates": [2.41253119, 48.87229946]}, "properties": {"route": "C01", "pr": "29", "abs": 29000, "label": "C01 PR29+29000 (D)"}}, {"type": "Feature", "geometry": {"type": "Point", "coordinates": [2.41335419, 48.86338208]}, "properties": {"route": "C01", "pr": "30", "abs": 30000, "label": "C01 PR30+30000 (D)"}}, {"type": "Feature", "geometry": {"type": "Point", "coordinates": [2.41381064, 48.85443404]}, "properties": {"route": "C01", "pr": "31", "abs": 31000, "label": "C01 PR31+31000 (D)"}}, {"type": "Feature", "geometry": {"type": "Point", "coordinates": [2.41417808, 48.8456321]}, "properties": {"route": "C01", "pr": "32", "abs": 32000, "label": "C01 PR32+32000 (D)"}}, {"type": "Feature", "geometry": {"type": "Point", "coordinates": [2.41233656, 48.8367437]}, "properties": {"route": "C01", "pr": "33", "abs": 33000, "label": "C01 PR33+33000 (D)"}}, {"type": "Feature", "geometry": {"type": "Point", "coordinates": [2.40269671, 48.83075295]}, "properties": {"route": "C01", "pr": "34", "abs": 34000, "label": "C01 PR34+34000 (D)"}}, {"type": "Feature", "geometry": {"type": "Point", "coordinates": [2.39055755, 48.82715358]}, "properties": {"route": "C01", "pr": "35", "abs": 35000, "label": "C01 PR35+35000 (D)"}}, {"type": "Feature", "geometry": {"type": "Point", "coordinates": [2.39005935, 48.82700804]}, "properties": {"route": "C01", "pr": "999", "abs": 35040, "label": "C01 PR999+35040 (D)"}}, {"type": "Feature", "geometry": {"type": "Point", "coordinates": [2.39014171, 48.82683758]}, "properties": {"route": "C02", "pr": "0", "abs": 0, "label": "C02 PR0 (G)"}}, {"type": "Feature", "geometry": {"type": "Point", "coordinates": [2.37917191, 48.82161063]}, "properties": {"route": "C02", "pr": "1", "abs": 1000, "label": "C02 PR1+1000 (G)"}}, {"type": "Feature", "geometry": {"type": "Point", "coordinates": [2.36709064, 48.81747581]}, "properties": {"route": "C02", "pr": "2", "abs": 2000, "label": "C02 PR2+2000 (G)"}}, {"type": "Feature", "geometry": {"type": "Point", "coordinates": [2.35453714, 48.81732056]}, "properties": {"route": "C02", "pr": "3", "abs": 3000, "label": "C02 PR3+3000 (G)"}}, {"type": "Feature", "geometry": {"type": "Point", "coordinates": [2.34170508, 48.81647263]}, "properties": {"route": "C02", "pr": "4", "abs": 4000, "label": "C02 PR4+4000 (G)"}}, {"type": "Feature", "geometry": {"type": "Point", "coordinates": [2.32918035, 48.81918392]}, "properties": {"route": "C02", "pr": "5", "abs": 5000, "label": "C02 PR5+5000 (G)"}}, {"type": "Feature", "geometry": {"type": "Point", "coordinates": [2.31625631, 48.82202112]}, "properties": {"route": "C02", "pr": "6", "abs": 6000, "label": "C02 PR6+6000 (G)"}}, {"type": "Feature", "geometry": {"type": "Point", "coordinates": [2.30336931, 48.82493538]}, "properties": {"route": "C02", "pr": "7", "abs": 7000, "label": "C02 PR7+7000 (G)"}}, {"type": "Feature", "geometry": {"type": "Point", "coordinates": [2.29581084, 48.88928232]}, "properties": {"route": "C02", "pr": "18", "abs": 18000, "label": "C02 PR18+18000 (G)"}}, {"type": "Feature", "geometry": {"type": "Point", "coordinates": [2.30622541, 48.89506913]}, "properties": {"route": "C02", "pr": "19", "abs": 19000, "label": "C02 PR19+19000 (G)"}}, {"type": "Feature", "geometry": {"type": "Point", "coordinates": [2.31817649, 48.89942753]}, "properties": {"route": "C02", "pr": "20", "abs": 20000, "label": "C02 PR20+20000 (G)"}}, {"type": "Feature", "geometry": {"type": "Point", "coordinates": [2.33150485, 48.90079589]}, "properties": {"route": "C02", "pr": "21", "abs": 21000, "label": "C02 PR21+21000 (G)"}}, {"type": "Feature", "geometry": {"type": "Point", "coordinates": [2.34518303, 48.90108549]}, "properties": {"route": "C02", "pr": "22", "abs": 22000, "label": "C02 PR22+22000 (G)"}}, {"type": "Feature", "geometry": {"type": "Point", "coordinates": [2.35884103, 48.90092016]}, "properties": {"route": "C02", "pr": "23", "abs": 23000, "label": "C02 PR23+23000 (G)"}}, {"type": "Feature", "geometry": {"type": "Point", "coordinates": [2.3725237, 48.90073633]}, "properties": {"route": "C02", "pr": "24", "abs": 24000, "label": "C02 PR24+24000 (G)"}}, {"type": "Feature", "geometry": {"type": "Point", "coordinates": [2.38615137, 48.90058032]}, "properties": {"route": "C02", "pr": "25", "abs": 25000, "label": "C02 PR25+25000 (G)"}}, {"type": "Feature", "geometry": {"type": "Point", "coordinates": [2.39478647, 48.89537497]}, "properties": {"route": "C02", "pr": "26", "abs": 26000, "label": "C02 PR26+26000 (G)"}}, {"type": "Feature", "geometry": {"type": "Point", "coordinates": [2.39724203, 48.88649939]}, "properties": {"route": "C02", "pr": "27", "abs": 27000, "label": "C02 PR27+27000 (G)"}}, {"type": "Feature", "geometry": {"type": "Point", "coordinates": [2.40644312, 48.88026447]}, "properties": {"route": "C02", "pr": "28", "abs": 28000, "label": "C02 PR28+28000 (G)"}}, {"type": "Feature", "geometry": {"type": "Point", "coordinates": [2.41274606, 48.87234728]}, "properties": {"route": "C02", "pr": "29", "abs": 29000, "label": "C02 PR29+29000 (G)"}}, {"type": "Feature", "geometry": {"type": "Point", "coordinates": [2.41364165, 48.86339607]}, "properties": {"route": "C02", "pr": "30", "abs": 30000, "label": "C02 PR30+30000 (G)"}}, {"type": "Feature", "geometry": {"type": "Point", "coordinates": [2.41403996, 48.85440189]}, "properties": {"route": "C02", "pr": "31", "abs": 31000, "label": "C02 PR31+31000 (G)"}}, {"type": "Feature", "geometry": {"type": "Point", "coordinates": [2.4143956, 48.84555582]}, "properties": {"route": "C02", "pr": "32", "abs": 32000, "label": "C02 PR32+32000 (G)"}}, {"type": "Feature", "geometry": {"type": "Point", "coordinates": [2.41252443, 48.8366349]}, "properties": {"route": "C02", "pr": "33", "abs": 33000, "label": "C02 PR33+33000 (G)"}}, {"type": "Feature", "geometry": {"type": "Point", "coordinates": [2.40285222, 48.83061522]}, "properties": {"route": "C02", "pr": "34", "abs": 34000, "label": "C02 PR34+34000 (G)"}}, {"type": "Feature", "geometry": {"type": "Point", "coordinates": [2.39062189, 48.82701001]}, "properties": {"route": "C02", "pr": "35", "abs": 35000, "label": "C02 PR35+35000 (G)"}}, {"type": "Feature", "geometry": {"type": "Point", "coordinates": [2.39014171, 48.82683758]}, "properties": {"route": "C02", "pr": "999", "abs": 35040, "label": "C02 PR999+35040 (G)"}}, {"type": "Feature", "geometry": {"type": "Point", "coordinates": [2.59108903, 48.87465059]}, "properties": {"route": "D934", "pr": "2", "abs": 2138, "label": "D934 PR2+2138"}}, {"type": "Feature", "geometry": {"type": "Point", "coordinates": [2.57373698, 48.96698132]}, "properties": {"route": "D9", "pr": "999", "abs": 28497, "label": "D9 PR999+28497"}}, {"type": "Feature", "geometry": {"type": "Point", "coordinates": [2.58350746, 48.96976463]}, "properties": {"route": "D9", "pr": "28", "abs": 27728, "label": "D9 PR28+27728"}}, {"type": "Feature", "geometry": {"type": "Point", "coordinates": [2.59039448, 48.91581284]}, "properties": {"route": "D86", "pr": "999", "abs": 8444, "label": "D86 PR999+8444"}}, {"type": "Feature", "geometry": {"type": "Point", "coordinates": [2.57678418, 48.8500222]}, "properties": {"route": "D199", "pr": "0", "abs": 0, "label": "D199 PR0 (G)"}}, {"type": "Feature", "geometry": {"type": "Point", "coordinates": [2.59082324, 48.84895676]}, "properties": {"route": "D199", "pr": "1", "abs": 1045, "label": "D199 PR1+1045 (G)"}}, {"type": "Feature", "geometry": {"type": "Point", "coordinates": [2.58397775, 48.88795301]}, "properties": {"route": "D224", "pr": "2", "abs": 1793, "label": "D224 PR2+1793"}}, {"type": "Feature", "geometry": {"type": "Point", "coordinates": [2.57735608, 48.86973576]}, "properties": {"route": "D934", "pr": "0", "abs": 0, "label": "D934 PR0 (G)"}}, {"type": "Feature", "geometry": {"type": "Point", "coordinates": [2.5921836, 48.87554914]}, "properties": {"route": "D934", "pr": "2", "abs": 2138, "label": "D934 PR2+2138 (G)"}}, {"type": "Feature", "geometry": {"type": "Point", "coordinates": [2.58181678, 48.8700572]}, "properties": {"route": "D934", "pr": "1", "abs": 1135, "label": "D934 PR1+1135 (G)"}}, {"type": "Feature", "geometry": {"type": "Point", "coordinates": [2.59223191, 48.88836091]}, "properties": {"route": "D34A", "pr": "0", "abs": 0, "label": "D34A PR0 (G)"}}, {"type": "Feature", "geometry": {"type": "Point", "coordinates": [2.58600613, 48.83059621]}, "properties": {"route": "D406", "pr": "0", "abs": 0, "label": "D406 PR0"}}, {"type": "Feature", "geometry": {"type": "Point", "coordinates": [2.58641137, 48.97095718]}, "properties": {"route": "D309", "pr": "0", "abs": 0, "label": "D309 PR0"}}, {"type": "Feature", "geometry": {"type": "Point", "coordinates": [2.57357786, 48.86881764]}, "properties": {"route": "D226", "pr": "999", "abs": 1863, "label": "D226 PR999+1863"}}, {"type": "Feature", "geometry": {"type": "Point", "coordinates": [2.58977005, 48.88320845]}, "properties": {"route": "D224", "pr": "1", "abs": 840, "label": "D224 PR1+840 (G)"}}, {"type": "Feature", "geometry": {"type": "Point", "coordinates": [2.58529212, 48.8866167]}, "properties": {"route": "D224", "pr": "999", "abs": 1645, "label": "D224 PR999+1645 (G)"}}, {"type": "Feature", "geometry": {"type": "Point", "coordinates": [2.58931901, 48.83129473]}, "properties": {"route": "D1011X", "pr": "0", "abs": 0, "label": "D1011X PR0"}}, {"type": "Feature", "geometry": {"type": "Point", "coordinates": [2.57946576, 48.85005684]}, "properties": {"route": "D199", "pr": "FS", "abs": null, "label": "D199 PRFS"}}, {"type": "Feature", "geometry": {"type": "Point", "coordinates": [2.58159903, 48.85863948]}, "properties": {"route": "D226", "pr": "FS", "abs": null, "label": "D226 PRFS"}}, {"type": "Feature", "geometry": {"type": "Point", "coordinates": [2.58655307, 48.97117348]}, "properties": {"route": "D9", "pr": "FS", "abs": null, "label": "D9 PRFS"}}, {"type": "Feature", "geometry": {"type": "Point", "coordinates": [2.58559922, 48.84871124]}, "properties": {"route": "D199", "pr": "FS", "abs": null, "label": "D199 PRFS"}}, {"type": "Feature", "geometry": {"type": "Point", "coordinates": [2.58514507, 48.84978528]}, "properties": {"route": "D199", "pr": "FS", "abs": null, "label": "D199 PRFS"}}, {"type": "Feature", "geometry": {"type": "Point", "coordinates": [2.58653845, 48.88576756]}, "properties": {"route": "D224", "pr": "FS", "abs": null, "label": "D224 PRFS"}}, {"type": "Feature", "geometry": {"type": "Point", "coordinates": [2.58903566, 48.83094931]}, "properties": {"route": "D406", "pr": "FS", "abs": null, "label": "D406 PRFS"}}, {"type": "Feature", "geometry": {"type": "Point", "coordinates": [2.58618119, 48.84869887]}, "properties": {"route": "D199", "pr": "FS", "abs": null, "label": "D199 PRFS"}}, {"type": "Feature", "geometry": {"type": "Point", "coordinates": [2.58666379, 48.88561062]}, "properties": {"route": "D224", "pr": "DS", "abs": null, "label": "D224 PRDS"}}, {"type": "Feature", "geometry": {"type": "Point", "coordinates": [2.58666379, 48.88561062]}, "properties": {"route": "D224", "pr": "FS", "abs": null, "label": "D224 PRFS"}}, {"type": "Feature", "geometry": {"type": "Point", "coordinates": [2.59000235, 48.85612705]}, "properties": {"route": "D226", "pr": "FS", "abs": null, "label": "D226 PRFS"}}, {"type": "Feature", "geometry": {"type": "Point", "coordinates": [2.5887774, 48.83105005]}, "properties": {"route": "D406", "pr": "FS", "abs": null, "label": "D406 PRFS"}}, {"type": "Feature", "geometry": {"type": "Point", "coordinates": [2.59028926, 48.8560372]}, "properties": {"route": "D226", "pr": "DS", "abs": null, "label": "D226 PRDS"}}, {"type": "Feature", "geometry": {"type": "Point", "coordinates": [2.59028926, 48.8560372]}, "properties": {"route": "D226", "pr": "FS", "abs": null, "label": "D226 PRFS"}}, {"type": "Feature", "geometry": {"type": "Point", "coordinates": [2.57710671, 48.84974095]}, "properties": {"route": "D370", "pr": "FS", "abs": null, "label": "D370 PRFS"}}, {"type": "Feature", "geometry": {"type": "Point", "coordinates": [2.57946576, 48.85005684]}, "properties": {"route": "D199", "pr": "FS", "abs": null, "label": "D199 PRFS (G)"}}, {"type": "Feature", "geometry": {"type": "Point", "coordinates": [2.57714242, 48.85004235]}, "properties": {"route": "D370", "pr": "FS", "abs": null, "label": "D370 PRFS (D)"}}, {"type": "Feature", "geometry": {"type": "Point", "coordinates": [2.58819036, 48.87018362]}, "properties": {"route": "D934", "pr": "FS", "abs": null, "label": "D934 PRFS (G)"}}, {"type": "Feature", "geometry": {"type": "Point", "coordinates": [2.59144451, 48.87487033]}, "properties": {"route": "D934", "pr": "DS", "abs": null, "label": "D934 PRDS"}}, {"type": "Feature", "geometry": {"type": "Point", "coordinates": [2.59144451, 48.87487033]}, "properties": {"route": "D934", "pr": "FS", "abs": null, "label": "D934 PRFS"}}, {"type": "Feature", "geometry": {"type": "Point", "coordinates": [2.5881064, 48.85045922]}, "properties": {"route": "D199", "pr": "FS", "abs": null, "label": "D199 PRFS"}}, {"type": "Feature", "geometry": {"type": "Point", "coordinates": [2.58930508, 48.8840702]}, "properties": {"route": "D224", "pr": "FS", "abs": null, "label": "D224 PRFS (G)"}}, {"type": "Feature", "geometry": {"type": "Point", "coordinates": [2.58645071, 48.97133499]}, "properties": {"route": "D9", "pr": "FS", "abs": null, "label": "D9 PRFS"}}, {"type": "Feature", "geometry": {"type": "Point", "coordinates": [2.57387316, 48.96703036]}, "properties": {"route": "D9", "pr": "FS", "abs": null, "label": "D9 PRFS"}}, {"type": "Feature", "geometry": {"type": "Point", "coordinates": [2.58311957, 48.8701175]}, "properties": {"route": "D934", "pr": "FS", "abs": null, "label": "D934 PRFS (G)"}}, {"type": "Feature", "geometry": {"type": "Point", "coordinates": [2.58813019, 48.87003502]}, "properties": {"route": "D934", "pr": "FS", "abs": null, "label": "D934 PRFS (D)"}}, {"type": "Feature", "geometry": {"type": "Point", "coordinates": [2.57796306, 48.84950295]}, "properties": {"route": "D199", "pr": "DS", "abs": null, "label": "D199 PRDS"}}, {"type": "Feature", "geometry": {"type": "Point", "coordinates": [2.59000235, 48.85612705]}, "properties": {"route": "D226", "pr": "DS", "abs": null, "label": "D226 PRDS"}}, {"type": "Feature", "geometry": {"type": "Point", "coordinates": [2.58614657, 48.97093468]}, "properties": {"route": "D9", "pr": "DS", "abs": null, "label": "D9 PRDS"}}, {"type": "Feature", "geometry": {"type": "Point", "coordinates": [2.59165766, 48.84872578]}, "properties": {"route": "D199", "pr": "DS", "abs": null, "label": "D199 PRDS"}}, {"type": "Feature", "geometry": {"type": "Point", "coordinates": [2.58668517, 48.85027265]}, "properties": {"route": "D199", "pr": "DS", "abs": null, "label": "D199 PRDS"}}, {"type": "Feature", "geometry": {"type": "Point", "coordinates": [2.58666379, 48.88561062]}, "properties": {"route": "D224", "pr": "DS", "abs": null, "label": "D224 PRDS"}}, {"type": "Feature", "geometry": {"type": "Point", "coordinates": [2.5887774, 48.83105005]}, "properties": {"route": "D406", "pr": "FS", "abs": null, "label": "D406 PRFS"}}, {"type": "Feature", "geometry": {"type": "Point", "coordinates": [2.5887774, 48.83105005]}, "properties": {"route": "D406", "pr": "DS", "abs": null, "label": "D406 PRDS"}}, {"type": "Feature", "geometry": {"type": "Point", "coordinates": [2.58463854, 48.84973406]}, "properties": {"route": "D199", "pr": "DS", "abs": null, "label": "D199 PRDS"}}, {"type": "Feature", "geometry": {"type": "Point", "coordinates": [2.58653845, 48.88576756]}, "properties": {"route": "D224", "pr": "FS", "abs": null, "label": "D224 PRFS"}}, {"type": "Feature", "geometry": {"type": "Point", "coordinates": [2.58653845, 48.88576756]}, "properties": {"route": "D224", "pr": "DS", "abs": null, "label": "D224 PRDS"}}, {"type": "Feature", "geometry": {"type": "Point", "coordinates": [2.59028926, 48.8560372]}, "properties": {"route": "D226", "pr": "DS", "abs": null, "label": "D226 PRDS"}}, {"type": "Feature", "geometry": {"type": "Point", "coordinates": [2.58903566, 48.83094931]}, "properties": {"route": "D406", "pr": "FS", "abs": null, "label": "D406 PRFS"}}, {"type": "Feature", "geometry": {"type": "Point", "coordinates": [2.58903566, 48.83094931]}, "properties": {"route": "D406", "pr": "DS", "abs": null, "label": "D406 PRDS"}}, {"type": "Feature", "geometry": {"type": "Point", "coordinates": [2.59000235, 48.85612705]}, "properties": {"route": "D226", "pr": "DS", "abs": null, "label": "D226 PRDS"}}, {"type": "Feature", "geometry": {"type": "Point", "coordinates": [2.58853156, 48.86996266]}, "properties": {"route": "D34A", "pr": "DS", "abs": null, "label": "D34A PRDS"}}, {"type": "Feature", "geometry": {"type": "Point", "coordinates": [2.57788149, 48.84998381]}, "properties": {"route": "D370", "pr": "DS", "abs": null, "label": "D370 PRDS"}}, {"type": "Feature", "geometry": {"type": "Point", "coordinates": [2.57681232, 48.84991348]}, "properties": {"route": "D199", "pr": "FS", "abs": null, "label": "D199 PRFS (G)"}}, {"type": "Feature", "geometry": {"type": "Point", "coordinates": [2.57681232, 48.84991348]}, "properties": {"route": "D199", "pr": "DS", "abs": null, "label": "D199 PRDS (D)"}}, {"type": "Feature", "geometry": {"type": "Point", "coordinates": [2.57822566, 48.84887973]}, "properties": {"route": "D370", "pr": "FS", "abs": null, "label": "D370 PRFS (D)"}}, {"type": "Feature", "geometry": {"type": "Point", "coordinates": [2.57822566, 48.84887973]}, "properties": {"route": "D370", "pr": "DS", "abs": null, "label": "D370 PRDS (D)"}}, {"type": "Feature", "geometry": {"type": "Point", "coordinates": [2.5862587, 48.87017426]}, "properties": {"route": "D934", "pr": "DS", "abs": null, "label": "D934 PRDS (G)"}}, {"type": "Feature", "geometry": {"type": "Point", "coordinates": [2.59144451, 48.87487033]}, "properties": {"route": "D934", "pr": "DS", "abs": null, "label": "D934 PRDS"}}, {"type": "Feature", "geometry": {"type": "Point", "coordinates": [2.59146976, 48.84888072]}, "properties": {"route": "D199", "pr": "DS", "abs": null, "label": "D199 PRDS"}}, {"type": "Feature", "geometry": {"type": "Point", "coordinates": [2.59211405, 48.87537803]}, "properties": {"route": "D934", "pr": "DS", "abs": null, "label": "D934 PRDS (D)"}}, {"type": "Feature", "geometry": {"type": "Point", "coordinates": [2.57543089, 48.86609118]}, "properties": {"route": "D226", "pr": "DS", "abs": null, "label": "D226 PRDS"}}, {"type": "Feature", "geometry": {"type": "Point", "coordinates": [2.58641645, 48.88567631]}, "properties": {"route": "D224", "pr": "DS", "abs": null, "label": "D224 PRDS (G)"}}, {"type": "Feature", "geometry": {"type": "Point", "coordinates": [2.58819036, 48.87018362]}, "properties": {"route": "D934", "pr": "DS", "abs": null, "label": "D934 PRDS"}}, {"type": "Feature", "geometry": {"type": "Point", "coordinates": [2.58606749, 48.97091642]}, "properties": {"route": "D9", "pr": "DS", "abs": null, "label": "D9 PRDS"}}, {"type": "Feature", "geometry": {"type": "Point", "coordinates": [2.58524154, 48.88680268]}, "properties": {"route": "D34A", "pr": "DS", "abs": null, "label": "D34A PRDS (D)"}}, {"type": "Feature", "geometry": {"type": "Point", "coordinates": [2.58661954, 48.97105951]}, "properties": {"route": "D309", "pr": "DS", "abs": null, "label": "D309 PRDS"}}, {"type": "Feature", "geometry": {"type": "Point", "coordinates": [2.57698424, 48.85005439]}, "properties": {"route": "D370", "pr": "0", "abs": 0, "label": "D370 PR0 (D)"}}, {"type": "Feature", "geometry": {"type": "Point", "coordinates": [2.57691993, 48.84991926]}, "properties": {"route": "D199", "pr": "0", "abs": 0, "label": "D199 PR0 (D)"}}, {"type": "Feature", "geometry": {"type": "Point", "coordinates": [2.59079137, 48.84885052]}, "properties": {"route": "D199", "pr": "1", "abs": 1041, "label": "D199 PR1+1041 (D)"}}, {"type": "Feature", "geometry": {"type": "Point", "coordinates": [2.57839015, 48.89339495]}, "properties": {"route": "D224", "pr": "999", "abs": 2520, "label": "D224 PR999+2520"}}, {"type": "Feature", "geometry": {"type": "Point", "coordinates": [2.59244274, 48.88111319]}, "properties": {"route": "D224", "pr": "1", "abs": 830, "label": "D224 PR1+830"}}, {"type": "Feature", "geometry": {"type": "Point", "coordinates": [2.58182631, 48.87005813]}, "properties": {"route": "D934", "pr": "1", "abs": 1136, "label": "D934 PR1+1136 (D)"}}, {"type": "Feature", "geometry": {"type": "Point", "coordinates": [2.57984279, 48.84470438]}, "properties": {"route": "D370", "pr": "999", "abs": 682, "label": "D370 PR999+682"}}, {"type": "Feature", "geometry": {"type": "Point", "coordinates": [2.58537453, 48.88671321]}, "properties": {"route": "D34A", "pr": "0", "abs": 0, "label": "D34A PR0"}}, {"type": "Feature", "geometry": {"type": "Point", "coordinates": [2.56840864, 48.86600401]}, "properties": {"route": "D934", "pr": "0", "abs": 0, "label": "D934 PR0"}}, {"type": "Feature", "geometry": {"type": "Point", "coordinates": [2.38965548, 49.00134794]}, "properties": {"route": "D209", "pr": "0", "abs": 0, "label": "D209 PR0"}}, {"type": "Feature", "geometry": {"type": "Point", "coordinates": [2.41245748, 48.86578071]}, "properties": {"route": "A3", "pr": "0", "abs": 0, "label": "A3 PR0 (G)"}}, {"type": "Feature", "geometry": {"type": "Point", "coordinates": [2.48122547, 48.96973722]}, "properties": {"route": "A3", "pr": "0", "abs": 0, "label": "A3 PR0 (G)"}}, {"type": "Feature", "geometry": {"type": "Point", "coordinates": [2.54789323, 48.83662778]}, "properties": {"route": "A4", "pr": "12", "abs": 0, "label": "A4 PR12 (G)"}}, {"type": "Feature", "geometry": {"type": "Point", "coordinates": [2.58668519, 48.83446397]}, "properties": {"route": "A4", "pr": "15", "abs": 0, "label": "A4 PR15 (G)"}}, {"type": "Feature", "geometry": {"type": "Point", "coordinates": [2.33356273, 48.92747537]}, "properties": {"route": "A86", "pr": "11", "abs": 0, "label": "A86 PR11 (G)"}}, {"type": "Feature", "geometry": {"type": "Point", "coordinates": [2.48409704, 48.86122757]}, "properties": {"route": "A86", "pr": "29", "abs": 0, "label": "A86 PR29 (G)"}}, {"type": "Feature", "geometry": {"type": "Point", "coordinates": [2.35965266, 48.81608353]}, "properties": {"route": "A6B", "pr": "0", "abs": 0, "label": "A6B PR0 (G)"}}, {"type": "Feature", "geometry": {"type": "Point", "coordinates": [2.49516754, 48.88289639]}, "properties": {"route": "A103", "pr": "999", "abs": 2120, "label": "A103 PR999+2120 (G)"}}, {"type": "Feature", "geometry": {"type": "Point", "coordinates": [2.47359773, 48.88724793]}, "properties": {"route": "A103", "pr": "0", "abs": 0, "label": "A103 PR0 (G)"}}, {"type": "Feature", "geometry": {"type": "Point", "coordinates": [2.48395139, 48.97156455]}, "properties": {"route": "A104", "pr": "0", "abs": 0, "label": "A104 PR0 (G)"}}, {"type": "Feature", "geometry": {"type": "Point", "coordinates": [2.57048297, 48.97036974]}, "properties": {"route": "A104", "pr": "8", "abs": 0, "label": "A104 PR8 (G)"}}, {"type": "Feature", "geometry": {"type": "Point", "coordinates": [2.59007116, 48.97885783]}, "properties": {"route": "N2", "pr": "1", "abs": 1229, "label": "N2 PR1+1229 (G)"}}, {"type": "Feature", "geometry": {"type": "Point", "coordinates": [2.4030081, 48.93309869]}, "properties": {"route": "A16", "pr": "1", "abs": 1028, "label": "A16 PR1+1028 (G)"}}, {"type": "Feature", "geometry": {"type": "Point", "coordinates": [2.5245906, 48.95705769]}, "properties": {"route": "N2", "pr": "19", "abs": 998, "label": "N2 PR19+998 (G)"}}, {"type": "Feature", "geometry": {"type": "Point", "coordinates": [2.46664794, 48.90578161]}, "properties": {"route": "N186", "pr": "40", "abs": 0, "label": "N186 PR40 (G)"}}, {"type": "Feature", "geometry": {"type": "Point", "coordinates": [2.48022902, 48.82895655]}, "properties": {"route": "A86", "pr": "33", "abs": 4449, "label": "A86 PR33+4449 (G)"}}, {"type": "Feature", "geometry": {"type": "Point", "coordinates": [2.46964569, 48.89809148]}, "properties": {"route": "A86", "pr": "23", "abs": 12047, "label": "A86 PR23+12047 (G)"}}, {"type": "Feature", "geometry": {"type": "Point", "coordinates": [2.45850384, 48.81920904]}, "properties": {"route": "A86", "pr": "35", "abs": 4449, "label": "A86 PR35+4449 (G)"}}, {"type": "Feature", "geometry": {"type": "Point", "coordinates": [2.47350658, 48.89059747]}, "properties": {"route": "A86", "pr": "25", "abs": 12047, "label": "A86 PR25+12047 (G)"}}, {"type": "Feature", "geometry": {"type": "Point", "coordinates": [2.3980449, 48.92569431]}, "properties": {"route": "A16", "pr": "0", "abs": 0, "label": "A16 PR0 (G)"}}, {"type": "Feature", "geometry": {"type": "Point", "coordinates": [2.412999, 48.93796998]}, "properties": {"route": "A16", "pr": "1", "abs": 2080, "label": "A16 PR1+2080 (D)"}}, {"type": "Feature", "geometry": {"type": "Point", "coordinates": [2.41228905, 48.93786039]}, "properties": {"route": "A16", "pr": "1", "abs": 1999, "label": "A16 PR1+1999 (G)"}}, {"type": "Feature", "geometry": {"type": "Point", "coordinates": [2.35871238, 48.90161914]}, "properties": {"route": "A1", "pr": "0", "abs": 0, "label": "A1 PR0 (G)"}}, {"type": "Feature", "geometry": {"type": "Point", "coordinates": [2.35966909, 48.98508275]}, "properties": {"route": "D311", "pr": "DS", "abs": null, "label": "D311 PRDS"}}, {"type": "Feature", "geometry": {"type": "Point", "coordinates": [2.4299391, 49.00163957]}, "properties": {"route": "D970", "pr": "DS", "abs": null, "label": "D970 PRDS (G)"}}, {"type": "Feature", "geometry": {"type": "Point", "coordinates": [2.40973266, 48.95876036]}, "properties": {"route": "D84A", "pr": "0", "abs": 0, "label": "D84A PR0 (G)"}}, {"type": "Feature", "geometry": {"type": "Point", "coordinates": [2.43654082, 48.98345232]}, "properties": {"route": "D84", "pr": "4", "abs": 2219, "label": "D84 PR4+2219 (G)"}}, {"type": "Feature", "geometry": {"type": "Point", "coordinates": [2.42397605, 48.98043954]}, "properties": {"route": "D84", "pr": "3", "abs": 1227, "label": "D84 PR3+1227 (G)"}}, {"type": "Feature", "geometry": {"type": "Point", "coordinates": [2.44030274, 48.98428104]}, "properties": {"route": "D84", "pr": "4", "abs": 2508, "label": "D84 PR4+2508 (G)"}}, {"type": "Feature", "geometry": {"type": "Point", "coordinates": [2.42033994, 48.97487099]}, "properties": {"route": "D84", "pr": "2", "abs": 1222, "label": "D84 PR2+1222 (G)"}}, {"type": "Feature", "geometry": {"type": "Point", "coordinates": [2.33336294, 48.95531787]}, "properties": {"route": "D928", "pr": "0", "abs": 0, "label": "D928 PR0"}}, {"type": "Feature", "geometry": {"type": "Point", "coordinates": [2.30719664, 48.97705674]}, "properties": {"route": "D928", "pr": "3", "abs": 3133, "label": "D928 PR3+3133"}}, {"type": "Feature", "geometry": {"type": "Point", "coordinates": [2.31400136, 48.96948543]}, "properties": {"route": "D928", "pr": "2", "abs": 2141, "label": "D928 PR2+2141"}}, {"type": "Feature", "geometry": {"type": "Point", "coordinates": [2.32333309, 48.96277508]}, "properties": {"route": "D928", "pr": "1", "abs": 1129, "label": "D928 PR1+1129"}}, {"type": "Feature", "geometry": {"type": "Point", "coordinates": [2.51730084, 48.9932976]}, "properties": {"route": "D902A", "pr": "2", "abs": 3117, "label": "D902A PR2+3117 (G)"}}, {"type": "Feature", "geometry": {"type": "Point", "coordinates": [2.50899963, 48.99833104]}, "properties": {"route": "D902A", "pr": "2", "abs": 2269, "label": "D902A PR2+2269 (G)"}}, {"type": "Feature", "geometry": {"type": "Point", "coordinates": [2.50342171, 49.00655481]}, "properties": {"route": "D902A", "pr": "1", "abs": 1170, "label": "D902A PR1+1170"}}, {"type": "Feature", "geometry": {"type": "Point", "coordinates": [2.459486, 48.9954943]}, "properties": {"route": "D47", "pr": "1", "abs": 0, "label": "D47 PR1 (G)"}}, {"type": "Feature", "geometry": {"type": "Point", "coordinates": [2.46488253, 48.99987433]}, "properties": {"route": "D47", "pr": "1", "abs": 658, "label": "D47 PR1+658 (G)"}}, {"type": "Feature", "geometry": {"type": "Point", "coordinates": [2.30094905, 48.98785558]}, "properties": {"route": "D109P", "pr": "0", "abs": 0, "label": "D109P PR0"}}, {"type": "Feature", "geometry": {"type": "Point", "coordinates": [2.30260628, 48.99581094]}, "properties": {"route": "D109P", "pr": "1", "abs": 1011, "label": "D109P PR1+1011"}}, {"type": "Feature", "geometry": {"type": "Point", "coordinates": [2.30469486, 49.00425521]}, "properties": {"route": "D109P", "pr": "2", "abs": 2007, "label": "D109P PR2+2007"}}, {"type": "Feature", "geometry": {"type": "Point", "coordinates": [2.30088527, 48.9660878]}, "properties": {"route": "D15", "pr": "0", "abs": 0, "label": "D15 PR0"}}, {"type": "Feature", "geometry": {"type": "Point", "coordinates": [2.42630405, 48.97474229]}, "properties": {"route": "D84A", "pr": "3", "abs": 1295, "label": "D84A PR3+1295 (G)"}}, {"type": "Feature", "geometry": {"type": "Point", "coordinates": [2.41569283, 48.95979313]}, "properties": {"route": "D84A", "pr": "1", "abs": 389, "label": "D84A PR1+389 (G)"}}, {"type": "Feature", "geometry": {"type": "Point", "coordinates": [2.41835013, 48.96164323]}, "properties": {"route": "D84A", "pr": "1", "abs": 687, "label": "D84A PR1+687 (G)"}}, {"type": "Feature", "geometry": {"type": "Point", "coordinates": [2.4219599, 48.97058399]}, "properties": {"route": "D84A", "pr": "1", "abs": 687, "label": "D84A PR1+687 (G)"}}, {"type": "Feature", "geometry": {"type": "Point", "coordinates": [2.42367172, 48.97141594]}, "properties": {"route": "D84A", "pr": "3", "abs": 842, "label": "D84A PR3+842 (G)"}}, {"type": "Feature", "geometry": {"type": "Point", "coordinates": [2.41468984, 48.95948429]}, "properties": {"route": "D84A", "pr": "1", "abs": 360, "label": "D84A PR1+360 (G)"}}, {"type": "Feature", "geometry": {"type": "Point", "coordinates": [2.41501679, 48.95955512]}, "properties": {"route": "D84A", "pr": "1", "abs": 389, "label": "D84A PR1+389 (G)"}}, {"type": "Feature", "geometry": {"type": "Point", "coordinates": [2.38546667, 49.00190836]}, "properties": {"route": "D10", "pr": "0", "abs": 0, "label": "D10 PR0 (G)"}}, {"type": "Feature", "geometry": {"type": "Point", "coordinates": [2.39975248, 49.00409834]}, "properties": {"route": "D10", "pr": "3", "abs": 1496, "label": "D10 PR3+1496 (G)"}}, {"type": "Feature", "geometry": {"type": "Point", "coordinates": [2.39255215, 49.00083029]}, "properties": {"route": "D10", "pr": "3", "abs": 593, "label": "D10 PR3+593 (G)"}}, {"type": "Feature", "geometry": {"type": "Point", "coordinates": [2.29653761, 48.98609515]}, "properties": {"route": "D109", "pr": "3", "abs": 2574, "label": "D109 PR3+2574 (G)"}}, {"type": "Feature", "geometry": {"type": "Point", "coordinates": [2.29157768, 48.97568047]}, "properties": {"route": "D109", "pr": "1", "abs": 1306, "label": "D109 PR1+1306 (G)"}}, {"type": "Feature", "geometry": {"type": "Point", "coordinates": [2.29238254, 48.98067969]}, "properties": {"route": "D109", "pr": "3", "abs": 1890, "label": "D109 PR3+1890 (G)"}}, {"type": "Feature", "geometry": {"type": "Point", "coordinates": [2.36464847, 48.97732355]}, "properties": {"route": "D193E", "pr": "0", "abs": 0, "label": "D193E PR0"}}, {"type": "Feature", "geometry": {"type": "Point", "coordinates": [2.45244291, 48.97926896]}, "properties": {"route": "D970", "pr": "0", "abs": 0, "label": "D970 PR0 (G)"}}, {"type": "Feature", "geometry": {"type": "Point", "coordinates": [2.42947662, 49.00193591]}, "properties": {"route": "D970", "pr": "4", "abs": 3421, "label": "D970 PR4+3421 (G)"}}, {"type": "Feature", "geometry": {"type": "Point", "coordinates": [2.45325107, 48.99387082]}, "properties": {"route": "D970", "pr": "2", "abs": 1989, "label": "D970 PR2+1989 (G)"}}, {"type": "Feature", "geometry": {"type": "Point", "coordinates": [2.4330252, 48.99963273]}, "properties": {"route": "D970", "pr": "4", "abs": 3055, "label": "D970 PR4+3055 (G)"}}, {"type": "Feature", "geometry": {"type": "Point", "coordinates": [2.45956607, 48.98648167]}, "properties": {"route": "D970", "pr": "1", "abs": 1007, "label": "D970 PR1+1007 (G)"}}, {"type": "Feature", "geometry": {"type": "Point", "coordinates": [2.44302313, 48.99319072]}, "properties": {"route": "D970", "pr": "2", "abs": 2828, "label": "D970 PR2+2828 (G)"}}, {"type": "Feature", "geometry": {"type": "Point", "coordinates": [2.43522058, 48.99820342]}, "properties": {"route": "D970", "pr": "2", "abs": 2828, "label": "D970 PR2+2828 (G)"}}, {"type": "Feature", "geometry": {"type": "Point", "coordinates": [2.37235543, 48.99117021]}, "properties": {"route": "D125", "pr": "4", "abs": 4050, "label": "D125 PR4+4050"}}, {"type": "Feature", "geometry": {"type": "Point", "coordinates": [2.38769411, 48.97909352]}, "properties": {"route": "D125", "pr": "6", "abs": 6112, "label": "D125 PR6+6112"}}, {"type": "Feature", "geometry": {"type": "Point", "coordinates": [2.40674714, 48.96824359]}, "properties": {"route": "D125", "pr": "8", "abs": 8080, "label": "D125 PR8+8080"}}, {"type": "Feature", "geometry": {"type": "Point", "coordinates": [2.34994099, 48.99611807]}, "properties": {"route": "D125", "pr": "2", "abs": 2034, "label": "D125 PR2+2034"}}, {"type": "Feature", "geometry": {"type": "Point", "coordinates": [2.39789487, 48.97498163]}, "properties": {"route": "D125", "pr": "7", "abs": 7080, "label": "D125 PR7+7080"}}, {"type": "Feature", "geometry": {"type": "Point", "coordinates": [2.36058371, 48.99147764]}, "properties": {"route": "D125", "pr": "3", "abs": 3028, "label": "D125 PR3+3028"}}, {"type": "Feature", "geometry": {"type": "Point", "coordinates": [2.38231412, 48.98508188]}, "properties": {"route": "D125", "pr": "5", "abs": 5096, "label": "D125 PR5+5096"}}, {"type": "Feature", "geometry": {"type": "Point", "coordinates": [2.33682595, 48.99385846]}, "properties": {"route": "D125", "pr": "1", "abs": 1000, "label": "D125 PR1+1000"}}, {"type": "Feature", "geometry": {"type": "Point", "coordinates": [2.48186844, 48.97607787]}, "properties": {"route": "D170", "pr": "18", "abs": 7574, "label": "D170 PR18+7574 (G)"}}, {"type": "Feature", "geometry": {"type": "Point", "coordinates": [2.4998531, 48.97089813]}, "properties": {"route": "D170", "pr": "18", "abs": 9014, "label": "D170 PR18+9014 (G)"}}, {"type": "Feature", "geometry": {"type": "Point", "coordinates": [2.44085502, 48.97815709]}, "properties": {"route": "D170", "pr": "15", "abs": 4550, "label": "D170 PR15+4550 (G)"}}, {"type": "Feature", "geometry": {"type": "Point", "coordinates": [2.46854854, 48.97750514]}, "properties": {"route": "D170", "pr": "17", "abs": 6581, "label": "D170 PR17+6581 (G)"}}, {"type": "Feature", "geometry": {"type": "Point", "coordinates": [2.29130228, 48.97844586]}, "properties": {"route": "D170", "pr": "13", "abs": 3373, "label": "D170 PR13+3373 (G)"}}, {"type": "Feature", "geometry": {"type": "Point", "coordinates": [2.42635286, 48.974899]}, "properties": {"route": "D170", "pr": "13", "abs": 3373, "label": "D170 PR13+3373 (G)"}}, {"type": "Feature", "geometry": {"type": "Point", "coordinates": [2.45452203, 48.97811031]}, "properties": {"route": "D170", "pr": "16", "abs": 5552, "label": "D170 PR16+5552 (G)"}}, {"type": "Feature", "geometry": {"type": "Point", "coordinates": [2.42763341, 48.97620992]}, "properties": {"route": "D170", "pr": "14", "abs": 3550, "label": "D170 PR14+3550 (G)"}}, {"type": "Feature", "geometry": {"type": "Point", "coordinates": [2.44810569, 48.9596886]}, "properties": {"route": "D317", "pr": "0", "abs": 0, "label": "D317 PR0 (G)"}}, {"type": "Feature", "geometry": {"type": "Point", "coordinates": [2.47984759, 48.99523539]}, "properties": {"route": "D317", "pr": "5", "abs": 4593, "label": "D317 PR5+4593 (G)"}}, {"type": "Feature", "geometry": {"type": "Point", "coordinates": [2.4661359, 48.97991159]}, "properties": {"route": "D317", "pr": "3", "abs": 2615, "label": "D317 PR3+2615 (G)"}}, {"type": "Feature", "geometry": {"type": "Point", "coordinates": [2.45927198, 48.97220041]}, "properties": {"route": "D317", "pr": "2", "abs": 1621, "label": "D317 PR2+1621 (G)"}}, {"type": "Feature", "geometry": {"type": "Point", "coordinates": [2.45236804, 48.96446251]}, "properties": {"route": "D317", "pr": "1", "abs": 623, "label": "D317 PR1+623 (G)"}}, {"type": "Feature", "geometry": {"type": "Point", "coordinates": [2.48763054, 49.0030894]}, "properties": {"route": "D317", "pr": "6", "abs": 5637, "label": "D317 PR6+5637 (G)"}}, {"type": "Feature", "geometry": {"type": "Point", "coordinates": [2.47306286, 48.98766934]}, "properties": {"route": "D317", "pr": "4", "abs": 3616, "label": "D317 PR4+3616 (G)"}}, {"type": "Feature", "geometry": {"type": "Point", "coordinates": [2.36586503, 48.97401624]}, "properties": {"route": "D301", "pr": "0", "abs": 0, "label": "D301 PR0 (G)"}}, {"type": "Feature", "geometry": {"type": "Point", "coordinates": [2.36007758, 48.9914102]}, "properties": {"route": "D301", "pr": "2", "abs": 2008, "label": "D301 PR2+2008 (G)"}}, {"type": "Feature", "geometry": {"type": "Point", "coordinates": [2.35350246, 49.00807909]}, "properties": {"route": "D301", "pr": "4", "abs": 4001, "label": "D301 PR4+4001 (G)"}}, {"type": "Feature", "geometry": {"type": "Point", "coordinates": [2.35964637, 49.00023299]}, "properties": {"route": "D301", "pr": "3", "abs": 3006, "label": "D301 PR3+3006 (G)"}}, {"type": "Feature", "geometry": {"type": "Point", "coordinates": [2.36255922, 48.98259914]}, "properties": {"route": "D301", "pr": "1", "abs": 985, "label": "D301 PR1+985 (G)"}}, {"type": "Feature", "geometry": {"type": "Point", "coordinates": [2.36595574, 48.97441869]}, "properties": {"route": "D316", "pr": "0", "abs": 0, "label": "D316 PR0 (G)"}}, {"type": "Feature", "geometry": {"type": "Point", "coordinates": [2.37009287, 48.98269199]}, "properties": {"route": "D316", "pr": "4", "abs": 967, "label": "D316 PR4+967 (G)"}}, {"type": "Feature", "geometry": {"type": "Point", "coordinates": [2.38354135, 49.00498373]}, "properties": {"route": "D316", "pr": "4", "abs": 967, "label": "D316 PR4+967 (G)"}}, {"type": "Feature", "geometry": {"type": "Point", "coordinates": [2.32846583, 48.98452817]}, "properties": {"route": "D144", "pr": "7", "abs": 7047, "label": "D144 PR7+7047"}}, {"type": "Feature", "geometry": {"type": "Point", "coordinates": [2.31137529, 48.99254159]}, "properties": {"route": "D144", "pr": "5", "abs": 5023, "label": "D144 PR5+5023"}}, {"type": "Feature", "geometry": {"type": "Point", "coordinates": [2.39930904, 48.97388984]}, "properties": {"route": "D125", "pr": "0", "abs": 0, "label": "D125 PR0 (G)"}}, {"type": "Feature", "geometry": {"type": "Point", "coordinates": [2.40306422, 48.97055438]}, "properties": {"route": "D125", "pr": "0", "abs": 678, "label": "D125 PR0+678 (G)"}}, {"type": "Feature", "geometry": {"type": "Point", "coordinates": [2.37042614, 48.98258673]}, "properties": {"route": "D316", "pr": "1", "abs": 1025, "label": "D316 PR1+1025"}}, {"type": "Feature", "geometry": {"type": "Point", "coordinates": [2.38720704, 48.99537626]}, "properties": {"route": "D316", "pr": "3", "abs": 3062, "label": "D316 PR3+3062"}}, {"type": "Feature", "geometry": {"type": "Point", "coordinates": [2.38147187, 48.98765926]}, "properties": {"route": "D316", "pr": "2", "abs": 2062, "label": "D316 PR2+2062"}}, {"type": "Feature", "geometry": {"type": "Point", "coordinates": [2.29552868, 48.98734638]}, "properties": {"route": "D109", "pr": "4", "abs": 3770, "label": "D109 PR4+3770"}}, {"type": "Feature", "geometry": {"type": "Point", "coordinates": [2.39930904, 48.97388984]}, "properties": {"route": "D125E", "pr": "0", "abs": 0, "label": "D125E PR0"}}, {"type": "Feature", "geometry": {"type": "Point", "coordinates": [2.47049759, 48.96386139]}, "properties": {"route": "D370", "pr": "12", "abs": 3672, "label": "D370 PR12+3672 (G)"}}, {"type": "Feature", "geometry": {"type": "Point", "coordinates": [2.43786584, 48.98600068]}, "properties": {"route": "D370", "pr": "9", "abs": 0, "label": "D370 PR9 (G)"}}, {"type": "Feature", "geometry": {"type": "Point", "coordinates": [2.44251232, 48.98233998]}, "properties": {"route": "D370", "pr": "10", "abs": 537, "label": "D370 PR10+537 (G)"}}, {"type": "Feature", "geometry": {"type": "Point", "coordinates": [2.45311514, 48.97770195]}, "properties": {"route": "D370", "pr": "11", "abs": 1526, "label": "D370 PR11+1526 (G)"}}, {"type": "Feature", "geometry": {"type": "Point", "coordinates": [2.46297971, 48.97135469]}, "properties": {"route": "D370", "pr": "12", "abs": 2654, "label": "D370 PR12+2654 (G)"}}, {"type": "Feature", "geometry": {"type": "Point", "coordinates": [2.45503426, 48.9931002]}, "properties": {"route": "D47", "pr": "0", "abs": 0, "label": "D47 PR0"}}, {"type": "Feature", "geometry": {"type": "Point", "coordinates": [2.46461673, 49.00086678]}, "properties": {"route": "D47", "pr": "2", "abs": 1208, "label": "D47 PR2+1208"}}, {"type": "Feature", "geometry": {"type": "Point", "coordinates": [2.4663179, 49.00941783]}, "properties": {"route": "D47", "pr": "3", "abs": 2233, "label": "D47 PR3+2233"}}, {"type": "Feature", "geometry": {"type": "Point", "coordinates": [2.44197019, 48.99364084]}, "properties": {"route": "D970", "pr": "3", "abs": 2941, "label": "D970 PR3+2941"}}, {"type": "Feature", "geometry": {"type": "Point", "coordinates": [2.42502991, 49.00805277]}, "properties": {"route": "D970", "pr": "5", "abs": 5041, "label": "D970 PR5+5041"}}, {"type": "Feature", "geometry": {"type": "Point", "coordinates": [2.4702265, 48.9834961]}, "properties": {"route": "D902", "pr": "0", "abs": 0, "label": "D902 PR0"}}, {"type": "Feature", "geometry": {"type": "Point", "coordinates": [2.48749403, 48.99032614]}, "properties": {"route": "D902", "pr": "2", "abs": 1488, "label": "D902 PR2+1488"}}, {"type": "Feature", "geometry": {"type": "Point", "coordinates": [2.47581543, 48.98583618]}, "properties": {"route": "D902", "pr": "1", "abs": 498, "label": "D902 PR1+498"}}, {"type": "Feature", "geometry": {"type": "Point", "coordinates": [2.31669868, 48.97959049]}, "properties": {"route": "D144E", "pr": "0", "abs": 0, "label": "D144E PR0"}}, {"type": "Feature", "geometry": {"type": "Point", "coordinates": [2.41237178, 48.99965387]}, "properties": {"route": "D370", "pr": "7", "abs": 6623, "label": "D370 PR7+6623"}}, {"type": "Feature", "geometry": {"type": "Point", "coordinates": [2.40015709, 49.00373977]}, "properties": {"route": "D370", "pr": "6", "abs": 5602, "label": "D370 PR6+5602"}}, {"type": "Feature", "geometry": {"type": "Point", "coordinates": [2.42332105, 48.99453103]}, "properties": {"route": "D370", "pr": "8", "abs": 7650, "label": "D370 PR8+7650"}}, {"type": "Feature", "geometry": {"type": "Point", "coordinates": [2.48038922, 48.99272799]}, "properties": {"route": "D317B5", "pr": "0", "abs": 0, "label": "D317B5 PR0 (G)"}}, {"type": "Feature", "geometry": {"type": "Point", "coordinates": [2.47685736, 48.99389962]}, "properties": {"route": "D317B5", "pr": "0", "abs": 287, "label": "D317B5 PR0+287 (G)"}}, {"type": "Feature", "geometry": {"type": "Point", "coordinates": [2.39006394, 48.98785972]}, "properties": {"route": "D208", "pr": "1", "abs": 0, "label": "D208 PR1"}}, {"type": "Feature", "geometry": {"type": "Point", "coordinates": [2.39930934, 48.98473834]}, "properties": {"route": "D208", "pr": "2", "abs": 810, "label": "D208 PR2+810"}}, {"type": "Feature", "geometry": {"type": "Point", "coordinates": [2.41214494, 48.9861238]}, "properties": {"route": "D208", "pr": "3", "abs": 1809, "label": "D208 PR3+1809"}}, {"type": "Feature", "geometry": {"type": "Point", "coordinates": [2.2973657, 48.98588598]}, "properties": {"route": "D928", "pr": "4", "abs": 0, "label": "D928 PR4 (G)"}}, {"type": "Feature", "geometry": {"type": "Point", "coordinates": [2.35491038, 48.98529376]}, "properties": {"route": "D193", "pr": "0", "abs": 0, "label": "D193 PR0"}}, {"type": "Feature", "geometry": {"type": "Point", "coordinates": [2.34105186, 48.96967487]}, "properties": {"route": "D193", "pr": "3", "abs": 2932, "label": "D193 PR3+2932"}}, {"type": "Feature", "geometry": {"type": "Point", "coordinates": [2.34284401, 48.98619946]}, "properties": {"route": "D193", "pr": "1", "abs": 991, "label": "D193 PR1+991"}}, {"type": "Feature", "geometry": {"type": "Point", "coordinates": [2.34436474, 48.97786006]}, "properties": {"route": "D193", "pr": "2", "abs": 1947, "label": "D193 PR2+1947"}}, {"type": "Feature", "geometry": {"type": "Point", "coordinates": [2.29218914, 48.96277875]}, "properties": {"route": "D14", "pr": "0", "abs": 0, "label": "D14 PR0 (G)"}}, {"type": "Feature", "geometry": {"type": "Point", "coordinates": [2.32129553, 48.99049209]}, "properties": {"route": "D124", "pr": "0", "abs": 0, "label": "D124 PR0"}}, {"type": "Feature", "geometry": {"type": "Point", "coordinates": [2.32697718, 48.99534762]}, "properties": {"route": "D124", "pr": "1", "abs": 747, "label": "D124 PR1+747"}}, {"type": "Feature", "geometry": {"type": "Point", "coordinates": [2.31944169, 49.00162315]}, "properties": {"route": "D124", "pr": "2", "abs": 1740, "label": "D124 PR2+1740"}}, {"type": "Feature", "geometry": {"type": "Point", "coordinates": [2.31282402, 49.00926218]}, "properties": {"route": "D124", "pr": "3", "abs": 2760, "label": "D124 PR3+2760"}}, {"type": "Feature", "geometry": {"type": "Point", "coordinates": [2.39890316, 48.95961122]}, "properties": {"route": "D84", "pr": "0", "abs": 0, "label": "D84 PR0"}}, {"type": "Feature", "geometry": {"type": "Point", "coordinates": [2.30975205, 48.97041156]}, "properties": {"route": "D311", "pr": "9", "abs": 8229, "label": "D311 PR9+8229"}}, {"type": "Feature", "geometry": {"type": "Point", "coordinates": [2.31971749, 48.97534158]}, "properties": {"route": "D311", "pr": "10", "abs": 9515, "label": "D311 PR10+9515"}}, {"type": "Feature", "geometry": {"type": "Point", "coordinates": [2.33297161, 48.97539174]}, "properties": {"route": "D311", "pr": "11", "abs": 10506, "label": "D311 PR11+10506"}}, {"type": "Feature", "geometry": {"type": "Point", "coordinates": [2.34629197, 48.97452086]}, "properties": {"route": "D311", "pr": "12", "abs": 11502, "label": "D311 PR12+11502"}}, {"type": "Feature", "geometry": {"type": "Point", "coordinates": [2.35879604, 48.99227921]}, "properties": {"route": "D11", "pr": "0", "abs": 0, "label": "D11 PR0"}}, {"type": "Feature", "geometry": {"type": "Point", "coordinates": [2.35240893, 49.00928535]}, "properties": {"route": "D11", "pr": "2", "abs": 1991, "label": "D11 PR2+1991"}}, {"type": "Feature", "geometry": {"type": "Point", "coordinates": [2.35537431, 49.00076404]}, "properties": {"route": "D11", "pr": "1", "abs": 973, "label": "D11 PR1+973"}}, {"type": "Feature", "geometry": {"type": "Point", "coordinates": [2.41807045, 48.96662016]}, "properties": {"route": "D84A", "pr": "2", "abs": 1931, "label": "D84A PR2+1931"}}, {"type": "Feature", "geometry": {"type": "Point", "coordinates": [2.46426818, 49.00736568]}, "properties": {"route": "D47", "pr": "DS", "abs": null, "label": "D47 PRDS"}}, {"type": "Feature", "geometry": {"type": "Point", "coordinates": [2.48941124, 49.00588906]}, "properties": {"route": "D317H1", "pr": "FS", "abs": null, "label": "D317H1 PRFS (G)"}}, {"type": "Feature", "geometry": {"type": "Point", "coordinates": [2.38789633, 48.97827803]}, "properties": {"route": "D125", "pr": "DS", "abs": null, "label": "D125 PRDS"}}, {"type": "Feature", "geometry": {"type": "Point", "coordinates": [2.38789633, 48.97827803]}, "properties": {"route": "D125", "pr": "FS", "abs": null, "label": "D125 PRFS"}}, {"type": "Feature", "geometry": {"type": "Point", "coordinates": [2.34544187, 48.99592545]}, "properties": {"route": "D125", "pr": "DS", "abs": null, "label": "D125 PRDS"}}, {"type": "Feature", "geometry": {"type": "Point", "coordinates": [2.34544187, 48.99592545]}, "properties": {"route": "D125", "pr": "FS", "abs": null, "label": "D125 PRFS"}}, {"type": "Feature", "geometry": {"type": "Point", "coordinates": [2.29141373, 48.97528113]}, "properties": {"route": "D109", "pr": "FS", "abs": null, "label": "D109 PRFS"}}, {"type": "Feature", "geometry": {"type": "Point", "coordinates": [2.45183113, 48.96357249]}, "properties": {"route": "D317", "pr": "FS", "abs": null, "label": "D317 PRFS"}}, {"type": "Feature", "geometry": {"type": "Point", "coordinates": [2.29251104, 48.98137648]}, "properties": {"route": "D109", "pr": "FS", "abs": null, "label": "D109 PRFS (G)"}}, {"type": "Feature", "geometry": {"type": "Point", "coordinates": [2.43035198, 49.00150305]}, "properties": {"route": "D970", "pr": "FS", "abs": null, "label": "D970 PRFS (G)"}}, {"type": "Feature", "geometry": {"type": "Point", "coordinates": [2.37394559, 48.98496566]}, "properties": {"route": "D316", "pr": "FS", "abs": null, "label": "D316 PRFS"}}, {"type": "Feature", "geometry": {"type": "Point", "coordinates": [2.44386635, 48.98156393]}, "properties": {"route": "D370", "pr": "FS", "abs": null, "label": "D370 PRFS (D)"}}, {"type": "Feature", "geometry": {"type": "Point", "coordinates": [2.42151913, 48.9703013]}, "properties": {"route": "D84A", "pr": "FS", "abs": null, "label": "D84A PRFS (D)"}}, {"type": "Feature", "geometry": {"type": "Point", "coordinates": [2.46478854, 49.00820157]}, "properties": {"route": "D47", "pr": "FS", "abs": null, "label": "D47 PRFS"}}, {"type": "Feature", "geometry": {"type": "Point", "coordinates": [2.36023971, 48.99189305]}, "properties": {"route": "D125", "pr": "FS", "abs": null, "label": "D125 PRFS"}}, {"type": "Feature", "geometry": {"type": "Point", "coordinates": [2.44335416, 48.98180615]}, "properties": {"route": "D370", "pr": "FS", "abs": null, "label": "D370 PRFS (D)"}}, {"type": "Feature", "geometry": {"type": "Point", "coordinates": [2.47685736, 48.99389962]}, "properties": {"route": "D317B5", "pr": "FS", "abs": null, "label": "D317B5 PRFS"}}, {"type": "Feature", "geometry": {"type": "Point", "coordinates": [2.48038922, 48.99272799]}, "properties": {"route": "D317B5", "pr": "DS", "abs": null, "label": "D317B5 PRDS"}}, {"type": "Feature", "geometry": {"type": "Point", "coordinates": [2.48038922, 48.99272799]}, "properties": {"route": "D317B5", "pr": "FS", "abs": null, "label": "D317B5 PRFS (G)"}}, {"type": "Feature", "geometry": {"type": "Point", "coordinates": [2.43102026, 48.98203964]}, "properties": {"route": "D84", "pr": "FS", "abs": null, "label": "D84 PRFS (G)"}}, {"type": "Feature", "geometry": {"type": "Point", "coordinates": [2.46521277, 48.96858779]}, "properties": {"route": "D370", "pr": "DS", "abs": null, "label": "D370 PRDS"}}, {"type": "Feature", "geometry": {"type": "Point", "coordinates": [2.46521277, 48.96858779]}, "properties": {"route": "D370", "pr": "FS", "abs": null, "label": "D370 PRFS (G)"}}, {"type": "Feature", "geometry": {"type": "Point", "coordinates": [2.45156381, 48.96327901]}, "properties": {"route": "D317", "pr": "FS", "abs": null, "label": "D317 PRFS (D)"}}, {"type": "Feature", "geometry": {"type": "Point", "coordinates": [2.42233689, 48.97808194]}, "properties": {"route": "D84", "pr": "DS", "abs": null, "label": "D84 PRDS (G)"}}, {"type": "Feature", "geometry": {"type": "Point", "coordinates": [2.42233689, 48.97808194]}, "properties": {"route": "D84", "pr": "FS", "abs": null, "label": "D84 PRFS"}}, {"type": "Feature", "geometry": {"type": "Point", "coordinates": [2.41523069, 48.95984213]}, "properties": {"route": "D125", "pr": "FS", "abs": null, "label": "D125 PRFS"}}, {"type": "Feature", "geometry": {"type": "Point", "coordinates": [2.34649137, 48.99592848]}, "properties": {"route": "D125", "pr": "FS", "abs": null, "label": "D125 PRFS"}}, {"type": "Feature", "geometry": {"type": "Point", "coordinates": [2.39571198, 48.97592026]}, "properties": {"route": "D125", "pr": "DS", "abs": null, "label": "D125 PRDS"}}, {"type": "Feature", "geometry": {"type": "Point", "coordinates": [2.39571198, 48.97592026]}, "properties": {"route": "D125", "pr": "FS", "abs": null, "label": "D125 PRFS"}}, {"type": "Feature", "geometry": {"type": "Point", "coordinates": [2.48043567, 48.99300246]}, "properties": {"route": "D317B5", "pr": "FS", "abs": null, "label": "D317B5 PRFS (G)"}}, {"type": "Feature", "geometry": {"type": "Point", "coordinates": [2.39975248, 49.00409834]}, "properties": {"route": "D10", "pr": "FS", "abs": null, "label": "D10 PRFS"}}, {"type": "Feature", "geometry": {"type": "Point", "coordinates": [2.42802809, 49.00365552]}, "properties": {"route": "D970", "pr": "FS", "abs": null, "label": "D970 PRFS"}}, {"type": "Feature", "geometry": {"type": "Point", "coordinates": [2.29167379, 48.97865219]}, "properties": {"route": "D109", "pr": "DS", "abs": null, "label": "D109 PRDS"}}, {"type": "Feature", "geometry": {"type": "Point", "coordinates": [2.29167379, 48.97865219]}, "properties": {"route": "D109", "pr": "FS", "abs": null, "label": "D109 PRFS (G)"}}, {"type": "Feature", "geometry": {"type": "Point", "coordinates": [2.3619869, 48.98470303]}, "properties": {"route": "D301", "pr": "DS", "abs": null, "label": "D301 PRDS"}}, {"type": "Feature", "geometry": {"type": "Point", "coordinates": [2.3619869, 48.98470303]}, "properties": {"route": "D301", "pr": "FS", "abs": null, "label": "D301 PRFS (D)"}}, {"type": "Feature", "geometry": {"type": "Point", "coordinates": [2.5108499, 48.99646012]}, "properties": {"route": "D902A", "pr": "FS", "abs": null, "label": "D902A PRFS"}}, {"type": "Feature", "geometry": {"type": "Point", "coordinates": [2.44398208, 48.98172903]}, "properties": {"route": "D370", "pr": "FS", "abs": null, "label": "D370 PRFS (D)"}}, {"type": "Feature", "geometry": {"type": "Point", "coordinates": [2.45966655, 48.98522859]}, "properties": {"route": "D970", "pr": "FS", "abs": null, "label": "D970 PRFS (D)"}}, {"type": "Feature", "geometry": {"type": "Point", "coordinates": [2.36326733, 48.99193344]}, "properties": {"route": "D125", "pr": "FS", "abs": null, "label": "D125 PRFS"}}, {"type": "Feature", "geometry": {"type": "Point", "coordinates": [2.42787125, 49.00461694]}, "properties": {"route": "D970", "pr": "FS", "abs": null, "label": "D970 PRFS"}}, {"type": "Feature", "geometry": {"type": "Point", "coordinates": [2.50551848, 49.00569123]}, "properties": {"route": "D902A", "pr": "DS", "abs": null, "label": "D902A PRDS (G)"}}, {"type": "Feature", "geometry": {"type": "Point", "coordinates": [2.50551848, 49.00569123]}, "properties": {"route": "D902A", "pr": "FS", "abs": null, "label": "D902A PRFS"}}, {"type": "Feature", "geometry": {"type": "Point", "coordinates": [2.37213996, 48.98412353]}, "properties": {"route": "D316", "pr": "FS", "abs": null, "label": "D316 PRFS"}}, {"type": "Feature", "geometry": {"type": "Point", "coordinates": [2.45149934, 48.99463346]}, "properties": {"route": "D970", "pr": "FS", "abs": null, "label": "D970 PRFS"}}, {"type": "Feature", "geometry": {"type": "Point", "coordinates": [2.4942653, 49.00949387]}, "properties": {"route": "D902A", "pr": "FS", "abs": null, "label": "D902A PRFS (G)"}}, {"type": "Feature", "geometry": {"type": "Point", "coordinates": [2.29313737, 48.98956874]}, "properties": {"route": "D109E", "pr": "DS", "abs": null, "label": "D109E PRDS"}}, {"type": "Feature", "geometry": {"type": "Point", "coordinates": [2.29313737, 48.98956874]}, "properties": {"route": "D109E", "pr": "FS", "abs": null, "label": "D109E PRFS"}}, {"type": "Feature", "geometry": {"type": "Point", "coordinates": [2.29281253, 48.98954165]}, "properties": {"route": "D109E", "pr": "DS", "abs": null, "label": "D109E PRDS"}}, {"type": "Feature", "geometry": {"type": "Point", "coordinates": [2.29281253, 48.98954165]}, "properties": {"route": "D109E", "pr": "FS", "abs": null, "label": "D109E PRFS"}}, {"type": "Feature", "geometry": {"type": "Point", "coordinates": [2.39756863, 48.99983046]}, "properties": {"route": "D10", "pr": "FS", "abs": null, "label": "D10 PRFS"}}, {"type": "Feature", "geometry": {"type": "Point", "coordinates": [2.42186459, 48.97018876]}, "properties": {"route": "D84A", "pr": "FS", "abs": null, "label": "D84A PRFS (D)"}}, {"type": "Feature", "geometry": {"type": "Point", "coordinates": [2.37077434, 48.98327918]}, "properties": {"route": "D316", "pr": "DS", "abs": null, "label": "D316 PRDS"}}, {"type": "Feature", "geometry": {"type": "Point", "coordinates": [2.37077434, 48.98327918]}, "properties": {"route": "D316", "pr": "FS", "abs": null, "label": "D316 PRFS"}}, {"type": "Feature", "geometry": {"type": "Point", "coordinates": [2.36145235, 48.98506348]}, "properties": {"route": "D311", "pr": "FS", "abs": null, "label": "D311 PRFS"}}, {"type": "Feature", "geometry": {"type": "Point", "coordinates": [2.50865754, 48.99823252]}, "properties": {"route": "D902A", "pr": "DS", "abs": null, "label": "D902A PRDS (G)"}}, {"type": "Feature", "geometry": {"type": "Point", "coordinates": [2.50865754, 48.99823252]}, "properties": {"route": "D902A", "pr": "FS", "abs": null, "label": "D902A PRFS"}}, {"type": "Feature", "geometry": {"type": "Point", "coordinates": [2.42215975, 48.97042309]}, "properties": {"route": "D84A", "pr": "DS", "abs": null, "label": "D84A PRDS"}}, {"type": "Feature", "geometry": {"type": "Point", "coordinates": [2.42215975, 48.97042309]}, "properties": {"route": "D84A", "pr": "FS", "abs": null, "label": "D84A PRFS (D)"}}, {"type": "Feature", "geometry": {"type": "Point", "coordinates": [2.37394559, 48.98496566]}, "properties": {"route": "D316", "pr": "FS", "abs": null, "label": "D316 PRFS"}}, {"type": "Feature", "geometry": {"type": "Point", "coordinates": [2.45211492, 48.97902107]}, "properties": {"route": "D370", "pr": "FS", "abs": null, "label": "D370 PRFS"}}, {"type": "Feature", "geometry": {"type": "Point", "coordinates": [2.48824146, 49.00503342]}, "properties": {"route": "D317H2", "pr": "FS", "abs": null, "label": "D317H2 PRFS (G)"}}, {"type": "Feature", "geometry": {"type": "Point", "coordinates": [2.29692103, 48.98613336]}, "properties": {"route": "D928", "pr": "FS", "abs": null, "label": "D928 PRFS (D)"}}, {"type": "Feature", "geometry": {"type": "Point", "coordinates": [2.44334093, 48.98176652]}, "properties": {"route": "D370", "pr": "FS", "abs": null, "label": "D370 PRFS"}}, {"type": "Feature", "geometry": {"type": "Point", "coordinates": [2.45716062, 48.97726441]}, "properties": {"route": "D370", "pr": "DS", "abs": null, "label": "D370 PRDS"}}, {"type": "Feature", "geometry": {"type": "Point", "coordinates": [2.45716062, 48.97726441]}, "properties": {"route": "D370", "pr": "FS", "abs": null, "label": "D370 PRFS (G)"}}, {"type": "Feature", "geometry": {"type": "Point", "coordinates": [2.43778984, 48.98595357]}, "properties": {"route": "D370", "pr": "FS", "abs": null, "label": "D370 PRFS (D)"}}, {"type": "Feature", "geometry": {"type": "Point", "coordinates": [2.51172277, 48.99606352]}, "properties": {"route": "D902A", "pr": "FS", "abs": null, "label": "D902A PRFS (G)"}}, {"type": "Feature", "geometry": {"type": "Point", "coordinates": [2.45158082, 48.99481098]}, "properties": {"route": "D970", "pr": "FS", "abs": null, "label": "D970 PRFS (D)"}}, {"type": "Feature", "geometry": {"type": "Point", "coordinates": [2.50489237, 49.00613196]}, "properties": {"route": "D902A", "pr": "FS", "abs": null, "label": "D902A PRFS (G)"}}, {"type": "Feature", "geometry": {"type": "Point", "coordinates": [2.39965438, 49.00383527]}, "properties": {"route": "D10", "pr": "FS", "abs": null, "label": "D10 PRFS (D)"}}, {"type": "Feature", "geometry": {"type": "Point", "coordinates": [2.50512401, 49.00563385]}, "properties": {"route": "D902A", "pr": "FS", "abs": null, "label": "D902A PRFS (G)"}}, {"type": "Feature", "geometry": {"type": "Point", "coordinates": [2.29128809, 48.97507806]}, "properties": {"route": "D109", "pr": "FS", "abs": null, "label": "D109 PRFS (G)"}}, {"type": "Feature", "geometry": {"type": "Point", "coordinates": [2.51730084, 48.9932976]}, "properties": {"route": "D902A", "pr": "FS", "abs": null, "label": "D902A PRFS"}}, {"type": "Feature", "geometry": {"type": "Point", "coordinates": [2.36145235, 48.98506348]}, "properties": {"route": "D311", "pr": "FS", "abs": null, "label": "D311 PRFS (G)"}}, {"type": "Feature", "geometry": {"type": "Point", "coordinates": [2.49440169, 49.00980558]}, "properties": {"route": "D902A", "pr": "FS", "abs": null, "label": "D902A PRFS"}}, {"type": "Feature", "geometry": {"type": "Point", "coordinates": [2.45936255, 48.98529376]}, "properties": {"route": "D970", "pr": "FS", "abs": null, "label": "D970 PRFS (G)"}}, {"type": "Feature", "geometry": {"type": "Point", "coordinates": [2.46426818, 49.00736568]}, "properties": {"route": "D47", "pr": "DS", "abs": null, "label": "D47 PRDS"}}, {"type": "Feature", "geometry": {"type": "Point", "coordinates": [2.46426818, 49.00736568]}, "properties": {"route": "D47", "pr": "FS", "abs": null, "label": "D47 PRFS"}}, {"type": "Feature", "geometry": {"type": "Point", "coordinates": [2.36178263, 48.99143456]}, "properties": {"route": "D125", "pr": "FS", "abs": null, "label": "D125 PRFS"}}, {"type": "Feature", "geometry": {"type": "Point", "coordinates": [2.42992126, 49.00177077]}, "properties": {"route": "D970", "pr": "FS", "abs": null, "label": "D970 PRFS (G)"}}, {"type": "Feature", "geometry": {"type": "Point", "coordinates": [2.35966909, 48.98508275]}, "properties": {"route": "D311", "pr": "FS", "abs": null, "label": "D311 PRFS"}}, {"type": "Feature", "geometry": {"type": "Point", "coordinates": [2.42357591, 48.98017954]}, "properties": {"route": "D84", "pr": "FS", "abs": null, "label": "D84 PRFS (G)"}}, {"type": "Feature", "geometry": {"type": "Point", "coordinates": [2.35392301, 49.0055878]}, "properties": {"route": "D11", "pr": "DS", "abs": null, "label": "D11 PRDS"}}, {"type": "Feature", "geometry": {"type": "Point", "coordinates": [2.35392301, 49.0055878]}, "properties": {"route": "D11", "pr": "FS", "abs": null, "label": "D11 PRFS (D)"}}, {"type": "Feature", "geometry": {"type": "Point", "coordinates": [2.43102026, 48.98203964]}, "properties": {"route": "D84", "pr": "FS", "abs": null, "label": "D84 PRFS"}}, {"type": "Feature", "geometry": {"type": "Point", "coordinates": [2.29658642, 48.98622402]}, "properties": {"route": "D928", "pr": "DS", "abs": null, "label": "D928 PRDS"}}, {"type": "Feature", "geometry": {"type": "Point", "coordinates": [2.29658642, 48.98622402]}, "properties": {"route": "D928", "pr": "FS", "abs": null, "label": "D928 PRFS (G)"}}, {"type": "Feature", "geometry": {"type": "Point", "coordinates": [2.45619772, 48.98194689]}, "properties": {"route": "D970", "pr": "FS", "abs": null, "label": "D970 PRFS"}}, {"type": "Feature", "geometry": {"type": "Point", "coordinates": [2.45513127, 48.99283986]}, "properties": {"route": "D970", "pr": "DS", "abs": null, "label": "D970 PRDS"}}, {"type": "Feature", "geometry": {"type": "Point", "coordinates": [2.45513127, 48.99283986]}, "properties": {"route": "D970", "pr": "FS", "abs": null, "label": "D970 PRFS (D)"}}, {"type": "Feature", "geometry": {"type": "Point", "coordinates": [2.45946461, 48.98559637]}, "properties": {"route": "D970", "pr": "FS", "abs": null, "label": "D970 PRFS"}}, {"type": "Feature", "geometry": {"type": "Point", "coordinates": [2.42391882, 48.98042578]}, "properties": {"route": "D84", "pr": "FS", "abs": null, "label": "D84 PRFS"}}, {"type": "Feature", "geometry": {"type": "Point", "coordinates": [2.43774043, 48.98610081]}, "properties": {"route": "D208", "pr": "FS", "abs": null, "label": "D208 PRFS"}}, {"type": "Feature", "geometry": {"type": "Point", "coordinates": [2.42304054, 48.97671937]}, "properties": {"route": "D84", "pr": "FS", "abs": null, "label": "D84 PRFS"}}, {"type": "Feature", "geometry": {"type": "Point", "coordinates": [2.40995395, 48.95875516]}, "properties": {"route": "D84A", "pr": "FS", "abs": null, "label": "D84A PRFS"}}, {"type": "Feature", "geometry": {"type": "Point", "coordinates": [2.40517477, 48.96922318]}, "properties": {"route": "D125", "pr": "FS", "abs": 8080, "label": "D125 PRFS+8080 (G)"}}, {"type": "Feature", "geometry": {"type": "Point", "coordinates": [2.45595948, 48.98173538]}, "properties": {"route": "D970", "pr": "FS", "abs": null, "label": "D970 PRFS (G)"}}, {"type": "Feature", "geometry": {"type": "Point", "coordinates": [2.3592179, 48.99208903]}, "properties": {"route": "D125", "pr": "FS", "abs": null, "label": "D125 PRFS"}}, {"type": "Feature", "geometry": {"type": "Point", "coordinates": [2.45490725, 48.99270216]}, "properties": {"route": "D970", "pr": "FS", "abs": null, "label": "D970 PRFS (G)"}}, {"type": "Feature", "geometry": {"type": "Point", "coordinates": [2.44048553, 48.98430797]}, "properties": {"route": "D84", "pr": "FS", "abs": null, "label": "D84 PRFS (G)"}}, {"type": "Feature", "geometry": {"type": "Point", "coordinates": [2.44298393, 48.99315097]}, "properties": {"route": "D970", "pr": "FS", "abs": 2941, "label": "D970 PRFS+2941 (G)"}}, {"type": "Feature", "geometry": {"type": "Point", "coordinates": [2.42054005, 48.9695412]}, "properties": {"route": "D84A", "pr": "FS", "abs": null, "label": "D84A PRFS (D)"}}, {"type": "Feature", "geometry": {"type": "Point", "coordinates": [2.41583194, 48.95895839]}, "properties": {"route": "D125", "pr": "FS", "abs": null, "label": "D125 PRFS"}}, {"type": "Feature", "geometry": {"type": "Point", "coordinates": [2.46985562, 48.98329033]}, "properties": {"route": "D84", "pr": "FS", "abs": null, "label": "D84 PRFS"}}, {"type": "Feature", "geometry": {"type": "Point", "coordinates": [2.45218039, 48.97890087]}, "properties": {"route": "D370", "pr": "FS", "abs": null, "label": "D370 PRFS (D)"}}, {"type": "Feature", "geometry": {"type": "Point", "coordinates": [2.51135145, 48.99674902]}, "properties": {"route": "D902A", "pr": "FS", "abs": null, "label": "D902A PRFS (G)"}}, {"type": "Feature", "geometry": {"type": "Point", "coordinates": [2.45615953, 48.98167964]}, "properties": {"route": "D970", "pr": "FS", "abs": null, "label": "D970 PRFS (D)"}}, {"type": "Feature", "geometry": {"type": "Point", "coordinates": [2.45665697, 48.97761463]}, "properties": {"route": "D370", "pr": "FS", "abs": null, "label": "D370 PRFS (G)"}}, {"type": "Feature", "geometry": {"type": "Point", "coordinates": [2.42947662, 49.00193591]}, "properties": {"route": "D970", "pr": "FS", "abs": null, "label": "D970 PRFS (D)"}}, {"type": "Feature", "geometry": {"type": "Point", "coordinates": [2.38525717, 49.00182636]}, "properties": {"route": "D10", "pr": "FS", "abs": null, "label": "D10 PRFS"}}, {"type": "Feature", "geometry": {"type": "Point", "coordinates": [2.45684658, 48.97711821]}, "properties": {"route": "D370", "pr": "FS", "abs": null, "label": "D370 PRFS (D)"}}, {"type": "Feature", "geometry": {"type": "Point", "coordinates": [2.46985562, 48.98329033]}, "properties": {"route": "D84", "pr": "FS", "abs": null, "label": "D84 PRFS"}}, {"type": "Feature", "geometry": {"type": "Point", "coordinates": [2.36136862, 48.98476089]}, "properties": {"route": "D311", "pr": "FS", "abs": null, "label": "D311 PRFS"}}, {"type": "Feature", "geometry": {"type": "Point", "coordinates": [2.44810569, 48.9596886]}, "properties": {"route": "D317", "pr": "FS", "abs": null, "label": "D317 PRFS"}}, {"type": "Feature", "geometry": {"type": "Point", "coordinates": [2.38578193, 49.00194684]}, "properties": {"route": "D10", "pr": "FS", "abs": null, "label": "D10 PRFS (D)"}}, {"type": "Feature", "geometry": {"type": "Point", "coordinates": [2.44038489, 48.98439203]}, "properties": {"route": "D84", "pr": "FS", "abs": null, "label": "D84 PRFS (G)"}}, {"type": "Feature", "geometry": {"type": "Point", "coordinates": [2.44032999, 48.98428747]}, "properties": {"route": "D370", "pr": "FS", "abs": null, "label": "D370 PRFS (D)"}}, {"type": "Feature", "geometry": {"type": "Point", "coordinates": [2.41545277, 48.95988818]}, "properties": {"route": "D125", "pr": "FS", "abs": null, "label": "D125 PRFS"}}, {"type": "Feature", "geometry": {"type": "Point", "coordinates": [2.42042116, 48.97481473]}, "properties": {"route": "D84", "pr": "FS", "abs": null, "label": "D84 PRFS (D)"}}, {"type": "Feature", "geometry": {"type": "Point", "coordinates": [2.29684182, 48.98602949]}, "properties": {"route": "D928", "pr": "FS", "abs": null, "label": "D928 PRFS (G)"}}, {"type": "Feature", "geometry": {"type": "Point", "coordinates": [2.3592179, 48.99208903]}, "properties": {"route": "D125", "pr": "FS", "abs": null, "label": "D125 PRFS"}}, {"type": "Feature", "geometry": {"type": "Point", "coordinates": [2.46487237, 48.96848465]}, "properties": {"route": "D370", "pr": "FS", "abs": null, "label": "D370 PRFS (D)"}}, {"type": "Feature", "geometry": {"type": "Point", "coordinates": [2.43086854, 48.98217111]}, "properties": {"route": "D84", "pr": "FS", "abs": null, "label": "D84 PRFS (G)"}}, {"type": "Feature", "geometry": {"type": "Point", "coordinates": [2.38354135, 49.00498373]}, "properties": {"route": "D316", "pr": "FS", "abs": null, "label": "D316 PRFS"}}, {"type": "Feature", "geometry": {"type": "Point", "coordinates": [2.45202227, 48.99467632]}, "properties": {"route": "D970", "pr": "FS", "abs": null, "label": "D970 PRFS (D)"}}, {"type": "Feature", "geometry": {"type": "Point", "coordinates": [2.29159538, 48.97819041]}, "properties": {"route": "D109", "pr": "FS", "abs": null, "label": "D109 PRFS (G)"}}, {"type": "Feature", "geometry": {"type": "Point", "coordinates": [2.45128926, 48.96341264]}, "properties": {"route": "D317", "pr": "FS", "abs": null, "label": "D317 PRFS (G)"}}, {"type": "Feature", "geometry": {"type": "Point", "coordinates": [2.5119453, 48.99637825]}, "properties": {"route": "D902A", "pr": "FS", "abs": null, "label": "D902A PRFS (G)"}}, {"type": "Feature", "geometry": {"type": "Point", "coordinates": [2.41835013, 48.96164323]}, "properties": {"route": "D84A", "pr": "FS", "abs": null, "label": "D84A PRFS"}}, {"type": "Feature", "geometry": {"type": "Point", "coordinates": [2.39945548, 49.00389722]}, "properties": {"route": "D10", "pr": "FS", "abs": null, "label": "D10 PRFS (G)"}}, {"type": "Feature", "geometry": {"type": "Point", "coordinates": [2.46715209, 48.97740183]}, "properties": {"route": "D170D2", "pr": "FS", "abs": null, "label": "D170D2 PRFS"}}, {"type": "Feature", "geometry": {"type": "Point", "coordinates": [2.39747325, 48.9998057]}, "properties": {"route": "D10", "pr": "FS", "abs": null, "label": "D10 PRFS (G)"}}, {"type": "Feature", "geometry": {"type": "Point", "coordinates": [2.41793277, 48.97379372]}, "properties": {"route": "D84A3", "pr": "FS", "abs": null, "label": "D84A3 PRFS"}}, {"type": "Feature", "geometry": {"type": "Point", "coordinates": [2.49064225, 49.00831048]}, "properties": {"route": "D317D1", "pr": "FS", "abs": null, "label": "D317D1 PRFS"}}, {"type": "Feature", "geometry": {"type": "Point", "coordinates": [2.45907917, 48.97208983]}, "properties": {"route": "D317A8", "pr": "FS", "abs": null, "label": "D317A8 PRFS"}}, {"type": "Feature", "geometry": {"type": "Point", "coordinates": [2.46231892, 48.97753043]}, "properties": {"route": "D170E1", "pr": "FS", "abs": null, "label": "D170E1 PRFS"}}, {"type": "Feature", "geometry": {"type": "Point", "coordinates": [2.36693483, 48.97635365]}, "properties": {"route": "D316A4", "pr": "FS", "abs": null, "label": "D316A4 PRFS"}}, {"type": "Feature", "geometry": {"type": "Point", "coordinates": [2.4594333, 48.9955678]}, "properties": {"route": "D47", "pr": "FS", "abs": null, "label": "D47 PRFS (G)"}}, {"type": "Feature", "geometry": {"type": "Point", "coordinates": [2.37744326, 48.98622392]}, "properties": {"route": "D316B4", "pr": "FS", "abs": null, "label": "D316B4 PRFS"}}, {"type": "Feature", "geometry": {"type": "Point", "coordinates": [2.4095084, 48.96660349]}, "properties": {"route": "D84", "pr": "FS", "abs": null, "label": "D84 PRFS"}}, {"type": "Feature", "geometry": {"type": "Point", "coordinates": [2.46045474, 48.9737947]}, "properties": {"route": "D317A7", "pr": "FS", "abs": null, "label": "D317A7 PRFS"}}, {"type": "Feature", "geometry": {"type": "Point", "coordinates": [2.46185982, 48.97793483]}, "properties": {"route": "D170E4", "pr": "FS", "abs": null, "label": "D170E4 PRFS"}}, {"type": "Feature", "geometry": {"type": "Point", "coordinates": [2.43784657, 48.98601408]}, "properties": {"route": "D208", "pr": "FS", "abs": null, "label": "D208 PRFS"}}, {"type": "Feature", "geometry": {"type": "Point", "coordinates": [2.46127043, 48.9736437]}, "properties": {"route": "D317A3", "pr": "FS", "abs": null, "label": "D317A3 PRFS"}}, {"type": "Feature", "geometry": {"type": "Point", "coordinates": [2.37008937, 48.98286822]}, "properties": {"route": "D311", "pr": "FS", "abs": null, "label": "D311 PRFS"}}, {"type": "Feature", "geometry": {"type": "Point", "coordinates": [2.45555659, 48.97820044]}, "properties": {"route": "D170D4", "pr": "FS", "abs": null, "label": "D170D4 PRFS"}}, {"type": "Feature", "geometry": {"type": "Point", "coordinates": [2.50859319, 48.99824485]}, "properties": {"route": "D902", "pr": "FS", "abs": null, "label": "D902 PRFS"}}, {"type": "Feature", "geometry": {"type": "Point", "coordinates": [2.35782879, 49.00376084]}, "properties": {"route": "D301A4", "pr": "FS", "abs": null, "label": "D301A4 PRFS"}}, {"type": "Feature", "geometry": {"type": "Point", "coordinates": [2.42290967, 48.97644807]}, "properties": {"route": "D84", "pr": "FS", "abs": null, "label": "D84 PRFS (G)"}}, {"type": "Feature", "geometry": {"type": "Point", "coordinates": [2.46775379, 48.97760773]}, "properties": {"route": "D170E3", "pr": "FS", "abs": null, "label": "D170E3 PRFS"}}, {"type": "Feature", "geometry": {"type": "Point", "coordinates": [2.39810251, 49.00647931]}, "properties": {"route": "D370", "pr": "FS", "abs": null, "label": "D370 PRFS"}}, {"type": "Feature", "geometry": {"type": "Point", "coordinates": [2.30225582, 48.99555172]}, "properties": {"route": "D144", "pr": "FS", "abs": null, "label": "D144 PRFS"}}, {"type": "Feature", "geometry": {"type": "Point", "coordinates": [2.48645062, 48.974648]}, "properties": {"route": "D170", "pr": "FS", "abs": null, "label": "D170 PRFS (D)"}}, {"type": "Feature", "geometry": {"type": "Point", "coordinates": [2.4299391, 49.00163957]}, "properties": {"route": "D970", "pr": "FS", "abs": null, "label": "D970 PRFS (G)"}}, {"type": "Feature", "geometry": {"type": "Point", "coordinates": [2.44347191, 48.98191011]}, "properties": {"route": "D370", "pr": "FS", "abs": null, "label": "D370 PRFS (G)"}}, {"type": "Feature", "geometry": {"type": "Point", "coordinates": [2.4496293, 48.97779032]}, "properties": {"route": "D170D1", "pr": "FS", "abs": null, "label": "D170D1 PRFS"}}, {"type": "Feature", "geometry": {"type": "Point", "coordinates": [2.37772662, 48.98617953]}, "properties": {"route": "D316B1", "pr": "FS", "abs": null, "label": "D316B1 PRFS"}}, {"type": "Feature", "geometry": {"type": "Point", "coordinates": [2.38560511, 48.99991008]}, "properties": {"route": "D316C4", "pr": "FS", "abs": null, "label": "D316C4 PRFS"}}, {"type": "Feature", "geometry": {"type": "Point", "coordinates": [2.4636484, 48.97684127]}, "properties": {"route": "D170E2", "pr": "FS", "abs": null, "label": "D170E2 PRFS"}}, {"type": "Feature", "geometry": {"type": "Point", "coordinates": [2.46112405, 48.97326985]}, "properties": {"route": "D317A2", "pr": "FS", "abs": null, "label": "D317A2 PRFS"}}, {"type": "Feature", "geometry": {"type": "Point", "coordinates": [2.48285669, 48.97560554]}, "properties": {"route": "D170F1", "pr": "FS", "abs": null, "label": "D170F1 PRFS"}}, {"type": "Feature", "geometry": {"type": "Point", "coordinates": [2.2973657, 48.98588598]}, "properties": {"route": "D928", "pr": "FS", "abs": null, "label": "D928 PRFS"}}, {"type": "Feature", "geometry": {"type": "Point", "coordinates": [2.46065089, 48.9743747]}, "properties": {"route": "D317A6", "pr": "FS", "abs": null, "label": "D317A6 PRFS"}}, {"type": "Feature", "geometry": {"type": "Point", "coordinates": [2.48515886, 48.97308227]}, "properties": {"route": "D170F2", "pr": "FS", "abs": null, "label": "D170F2 PRFS"}}, {"type": "Feature", "geometry": {"type": "Point", "coordinates": [2.4771095, 48.99233607]}, "properties": {"route": "D317B4", "pr": "FS", "abs": null, "label": "D317B4 PRFS"}}, {"type": "Feature", "geometry": {"type": "Point", "coordinates": [2.38684571, 48.99716029]}, "properties": {"route": "D316", "pr": "FS", "abs": null, "label": "D316 PRFS"}}, {"type": "Feature", "geometry": {"type": "Point", "coordinates": [2.38684571, 48.99716029]}, "properties": {"route": "D316", "pr": "FS", "abs": null, "label": "D316 PRFS"}}, {"type": "Feature", "geometry": {"type": "Point", "coordinates": [2.47733919, 48.9921878]}, "properties": {"route": "D317B1", "pr": "FS", "abs": null, "label": "D317B1 PRFS"}}, {"type": "Feature", "geometry": {"type": "Point", "coordinates": [2.36151888, 48.98465288]}, "properties": {"route": "D301", "pr": "FS", "abs": null, "label": "D301 PRFS (G)"}}, {"type": "Feature", "geometry": {"type": "Point", "coordinates": [2.36745059, 48.97685366]}, "properties": {"route": "D316A1", "pr": "FS", "abs": null, "label": "D316A1 PRFS"}}, {"type": "Feature", "geometry": {"type": "Point", "coordinates": [2.40995138, 48.95874075]}, "properties": {"route": "D84A", "pr": "FS", "abs": null, "label": "D84A PRFS"}}, {"type": "Feature", "geometry": {"type": "Point", "coordinates": [2.4853797, 48.97505886]}, "properties": {"route": "D170F4", "pr": "FS", "abs": null, "label": "D170F4 PRFS"}}, {"type": "Feature", "geometry": {"type": "Point", "coordinates": [2.49002423, 48.97379997]}, "properties": {"route": "D170F3", "pr": "FS", "abs": null, "label": "D170F3 PRFS"}}, {"type": "Feature", "geometry": {"type": "Point", "coordinates": [2.49046042, 49.00873144]}, "properties": {"route": "D317D4", "pr": "FS", "abs": null, "label": "D317D4 PRFS"}}, {"type": "Feature", "geometry": {"type": "Point", "coordinates": [2.35465488, 48.98364407]}, "properties": {"route": "D311", "pr": "FS", "abs": null, "label": "D311 PRFS"}}, {"type": "Feature", "geometry": {"type": "Point", "coordinates": [2.45925157, 48.97193054]}, "properties": {"route": "D317A1", "pr": "FS", "abs": null, "label": "D317A1 PRFS"}}, {"type": "Feature", "geometry": {"type": "Point", "coordinates": [2.38670138, 48.9978106]}, "properties": {"route": "D316C1", "pr": "FS", "abs": null, "label": "D316C1 PRFS"}}, {"type": "Feature", "geometry": {"type": "Point", "coordinates": [2.48825741, 49.00507934]}, "properties": {"route": "D317H1", "pr": "DS", "abs": null, "label": "D317H1 PRDS (G)"}}, {"type": "Feature", "geometry": {"type": "Point", "coordinates": [2.39571198, 48.97592026]}, "properties": {"route": "D125", "pr": "DS", "abs": null, "label": "D125 PRDS"}}, {"type": "Feature", "geometry": {"type": "Point", "coordinates": [2.34649137, 48.99592848]}, "properties": {"route": "D125", "pr": "FS", "abs": null, "label": "D125 PRFS"}}, {"type": "Feature", "geometry": {"type": "Point", "coordinates": [2.34649137, 48.99592848]}, "properties": {"route": "D125", "pr": "DS", "abs": null, "label": "D125 PRDS"}}, {"type": "Feature", "geometry": {"type": "Point", "coordinates": [2.29151306, 48.97520978]}, "properties": {"route": "D109", "pr": "DS", "abs": null, "label": "D109 PRDS"}}, {"type": "Feature", "geometry": {"type": "Point", "coordinates": [2.45183113, 48.96357249]}, "properties": {"route": "D317", "pr": "FS", "abs": null, "label": "D317 PRFS"}}, {"type": "Feature", "geometry": {"type": "Point", "coordinates": [2.45183113, 48.96357249]}, "properties": {"route": "D317", "pr": "DS", "abs": null, "label": "D317 PRDS (D)"}}, {"type": "Feature", "geometry": {"type": "Point", "coordinates": [2.29180525, 48.97862958]}, "properties": {"route": "D109", "pr": "DS", "abs": null, "label": "D109 PRDS (G)"}}, {"type": "Feature", "geometry": {"type": "Point", "coordinates": [2.4299391, 49.00163957]}, "properties": {"route": "D970", "pr": "FS", "abs": null, "label": "D970 PRFS (G)"}}, {"type": "Feature", "geometry": {"type": "Point", "coordinates": [2.4299391, 49.00163957]}, "properties": {"route": "D970", "pr": "DS", "abs": null, "label": "D970 PRDS (G)"}}, {"type": "Feature", "geometry": {"type": "Point", "coordinates": [2.37394559, 48.98496566]}, "properties": {"route": "D316", "pr": "DS", "abs": null, "label": "D316 PRDS"}}, {"type": "Feature", "geometry": {"type": "Point", "coordinates": [2.45211492, 48.97902107]}, "properties": {"route": "D370", "pr": "DS", "abs": null, "label": "D370 PRDS (D)"}}, {"type": "Feature", "geometry": {"type": "Point", "coordinates": [2.42054005, 48.9695412]}, "properties": {"route": "D84A", "pr": "DS", "abs": null, "label": "D84A PRDS (D)"}}, {"type": "Feature", "geometry": {"type": "Point", "coordinates": [2.3592179, 48.99208903]}, "properties": {"route": "D125", "pr": "DS", "abs": null, "label": "D125 PRDS"}}, {"type": "Feature", "geometry": {"type": "Point", "coordinates": [2.44032999, 48.98428747]}, "properties": {"route": "D370", "pr": "DS", "abs": null, "label": "D370 PRDS (D)"}}, {"type": "Feature", "geometry": {"type": "Point", "coordinates": [2.42394417, 48.98035756]}, "properties": {"route": "D84", "pr": "DS", "abs": null, "label": "D84 PRDS (G)"}}, {"type": "Feature", "geometry": {"type": "Point", "coordinates": [2.46521277, 48.96858779]}, "properties": {"route": "D370", "pr": "DS", "abs": null, "label": "D370 PRDS"}}, {"type": "Feature", "geometry": {"type": "Point", "coordinates": [2.44810569, 48.9596886]}, "properties": {"route": "D317", "pr": "DS", "abs": null, "label": "D317 PRDS (D)"}}, {"type": "Feature", "geometry": {"type": "Point", "coordinates": [2.42304054, 48.97671937]}, "properties": {"route": "D84", "pr": "DS", "abs": null, "label": "D84 PRDS (G)"}}, {"type": "Feature", "geometry": {"type": "Point", "coordinates": [2.41266593, 48.96323689]}, "properties": {"route": "D125", "pr": "FS", "abs": null, "label": "D125 PRFS"}}, {"type": "Feature", "geometry": {"type": "Point", "coordinates": [2.41266593, 48.96323689]}, "properties": {"route": "D125", "pr": "DS", "abs": null, "label": "D125 PRDS"}}, {"type": "Feature", "geometry": {"type": "Point", "coordinates": [2.34544187, 48.99592545]}, "properties": {"route": "D125", "pr": "DS", "abs": null, "label": "D125 PRDS"}}, {"type": "Feature", "geometry": {"type": "Point", "coordinates": [2.38789633, 48.97827803]}, "properties": {"route": "D125", "pr": "DS", "abs": null, "label": "D125 PRDS"}}, {"type": "Feature", "geometry": {"type": "Point", "coordinates": [2.47700804, 48.99413498]}, "properties": {"route": "D317B5", "pr": "DS", "abs": null, "label": "D317B5 PRDS (G)"}}, {"type": "Feature", "geometry": {"type": "Point", "coordinates": [2.4282836, 49.00366214]}, "properties": {"route": "D970", "pr": "DS", "abs": null, "label": "D970 PRDS"}}, {"type": "Feature", "geometry": {"type": "Point", "coordinates": [2.4934773, 49.00970007]}, "properties": {"route": "D902A", "pr": "DS", "abs": null, "label": "D902A PRDS (G)"}}, {"type": "Feature", "geometry": {"type": "Point", "coordinates": [2.29167379, 48.97865219]}, "properties": {"route": "D109", "pr": "DS", "abs": null, "label": "D109 PRDS"}}, {"type": "Feature", "geometry": {"type": "Point", "coordinates": [2.36184953, 48.98509707]}, "properties": {"route": "D301", "pr": "FS", "abs": null, "label": "D301 PRFS"}}, {"type": "Feature", "geometry": {"type": "Point", "coordinates": [2.36184953, 48.98509707]}, "properties": {"route": "D301", "pr": "DS", "abs": null, "label": "D301 PRDS (D)"}}, {"type": "Feature", "geometry": {"type": "Point", "coordinates": [2.51171297, 48.99608866]}, "properties": {"route": "D902A", "pr": "DS", "abs": null, "label": "D902A PRDS"}}, {"type": "Feature", "geometry": {"type": "Point", "coordinates": [2.45235559, 48.97925867]}, "properties": {"route": "D370", "pr": "DS", "abs": null, "label": "D370 PRDS (D)"}}, {"type": "Feature", "geometry": {"type": "Point", "coordinates": [2.45632553, 48.98187463]}, "properties": {"route": "D970", "pr": "DS", "abs": null, "label": "D970 PRDS (D)"}}, {"type": "Feature", "geometry": {"type": "Point", "coordinates": [2.36178263, 48.99143456]}, "properties": {"route": "D125", "pr": "FS", "abs": null, "label": "D125 PRFS"}}, {"type": "Feature", "geometry": {"type": "Point", "coordinates": [2.36178263, 48.99143456]}, "properties": {"route": "D125", "pr": "DS", "abs": null, "label": "D125 PRDS"}}, {"type": "Feature", "geometry": {"type": "Point", "coordinates": [2.42787125, 49.00461694]}, "properties": {"route": "D970", "pr": "FS", "abs": null, "label": "D970 PRFS"}}, {"type": "Feature", "geometry": {"type": "Point", "coordinates": [2.42787125, 49.00461694]}, "properties": {"route": "D970", "pr": "DS", "abs": null, "label": "D970 PRDS"}}, {"type": "Feature", "geometry": {"type": "Point", "coordinates": [2.50880254, 48.99865215]}, "properties": {"route": "D902A", "pr": "DS", "abs": null, "label": "D902A PRDS (G)"}}, {"type": "Feature", "geometry": {"type": "Point", "coordinates": [2.37077434, 48.98327918]}, "properties": {"route": "D316", "pr": "DS", "abs": null, "label": "D316 PRDS"}}, {"type": "Feature", "geometry": {"type": "Point", "coordinates": [2.45191582, 48.99453375]}, "properties": {"route": "D970", "pr": "DS", "abs": null, "label": "D970 PRDS"}}, {"type": "Feature", "geometry": {"type": "Point", "coordinates": [2.50478843, 49.00585188]}, "properties": {"route": "D902A", "pr": "DS", "abs": null, "label": "D902A PRDS (G)"}}, {"type": "Feature", "geometry": {"type": "Point", "coordinates": [2.29281253, 48.98954165]}, "properties": {"route": "D109E", "pr": "DS", "abs": null, "label": "D109E PRDS"}}, {"type": "Feature", "geometry": {"type": "Point", "coordinates": [2.29313737, 48.98956874]}, "properties": {"route": "D109E", "pr": "DS", "abs": null, "label": "D109E PRDS"}}, {"type": "Feature", "geometry": {"type": "Point", "coordinates": [2.39756863, 48.99983046]}, "properties": {"route": "D10", "pr": "FS", "abs": null, "label": "D10 PRFS"}}, {"type": "Feature", "geometry": {"type": "Point", "coordinates": [2.39756863, 48.99983046]}, "properties": {"route": "D10", "pr": "DS", "abs": null, "label": "D10 PRDS (G)"}}, {"type": "Feature", "geometry": {"type": "Point", "coordinates": [2.42054005, 48.9695412]}, "properties": {"route": "D84A", "pr": "DS", "abs": null, "label": "D84A PRDS (D)"}}, {"type": "Feature", "geometry": {"type": "Point", "coordinates": [2.37213996, 48.98412353]}, "properties": {"route": "D316", "pr": "DS", "abs": null, "label": "D316 PRDS"}}, {"type": "Feature", "geometry": {"type": "Point", "coordinates": [2.35966909, 48.98508275]}, "properties": {"route": "D311", "pr": "FS", "abs": null, "label": "D311 PRFS"}}, {"type": "Feature", "geometry": {"type": "Point", "coordinates": [2.35966909, 48.98508275]}, "properties": {"route": "D311", "pr": "DS", "abs": null, "label": "D311 PRDS"}}, {"type": "Feature", "geometry": {"type": "Point", "coordinates": [2.5108499, 48.99646012]}, "properties": {"route": "D902A", "pr": "DS", "abs": null, "label": "D902A PRDS (G)"}}, {"type": "Feature", "geometry": {"type": "Point", "coordinates": [2.42215975, 48.97042309]}, "properties": {"route": "D84A", "pr": "DS", "abs": null, "label": "D84A PRDS"}}, {"type": "Feature", "geometry": {"type": "Point", "coordinates": [2.37213996, 48.98412353]}, "properties": {"route": "D316", "pr": "DS", "abs": null, "label": "D316 PRDS"}}, {"type": "Feature", "geometry": {"type": "Point", "coordinates": [2.45218039, 48.97890087]}, "properties": {"route": "D370", "pr": "DS", "abs": null, "label": "D370 PRDS"}}, {"type": "Feature", "geometry": {"type": "Point", "coordinates": [2.48858169, 49.00435056]}, "properties": {"route": "D317H2", "pr": "DS", "abs": null, "label": "D317H2 PRDS (G)"}}, {"type": "Feature", "geometry": {"type": "Point", "coordinates": [2.44334093, 48.98176652]}, "properties": {"route": "D370", "pr": "FS", "abs": null, "label": "D370 PRFS"}}, {"type": "Feature", "geometry": {"type": "Point", "coordinates": [2.44334093, 48.98176652]}, "properties": {"route": "D370", "pr": "DS", "abs": null, "label": "D370 PRDS (D)"}}, {"type": "Feature", "geometry": {"type": "Point", "coordinates": [2.45665697, 48.97761463]}, "properties": {"route": "D370", "pr": "DS", "abs": null, "label": "D370 PRDS"}}, {"type": "Feature", "geometry": {"type": "Point", "coordinates": [2.44032999, 48.98428747]}, "properties": {"route": "D370", "pr": "DS", "abs": null, "label": "D370 PRDS (D)"}}, {"type": "Feature", "geometry": {"type": "Point", "coordinates": [2.51673036, 48.99322067]}, "properties": {"route": "D902A", "pr": "DS", "abs": null, "label": "D902A PRDS (G)"}}, {"type": "Feature", "geometry": {"type": "Point", "coordinates": [2.4427513, 48.99330816]}, "properties": {"route": "D970", "pr": "DS", "abs": null, "label": "D970 PRDS (D)"}}, {"type": "Feature", "geometry": {"type": "Point", "coordinates": [2.49440169, 49.00980558]}, "properties": {"route": "D902A", "pr": "DS", "abs": null, "label": "D902A PRDS (G)"}}, {"type": "Feature", "geometry": {"type": "Point", "coordinates": [2.39774284, 48.99977468]}, "properties": {"route": "D10", "pr": "DS", "abs": null, "label": "D10 PRDS (D)"}}, {"type": "Feature", "geometry": {"type": "Point", "coordinates": [2.50845071, 48.99857158]}, "properties": {"route": "D902A", "pr": "DS", "abs": null, "label": "D902A PRDS (G)"}}, {"type": "Feature", "geometry": {"type": "Point", "coordinates": [2.35966909, 48.98508275]}, "properties": {"route": "D311", "pr": "FS", "abs": null, "label": "D311 PRFS (G)"}}, {"type": "Feature", "geometry": {"type": "Point", "coordinates": [2.45619772, 48.98194689]}, "properties": {"route": "D970", "pr": "DS", "abs": null, "label": "D970 PRDS (G)"}}, {"type": "Feature", "geometry": {"type": "Point", "coordinates": [2.46478854, 49.00820157]}, "properties": {"route": "D47", "pr": "FS", "abs": null, "label": "D47 PRFS"}}, {"type": "Feature", "geometry": {"type": "Point", "coordinates": [2.46478854, 49.00820157]}, "properties": {"route": "D47", "pr": "DS", "abs": null, "label": "D47 PRDS"}}, {"type": "Feature", "geometry": {"type": "Point", "coordinates": [2.36326733, 48.99193344]}, "properties": {"route": "D125", "pr": "FS", "abs": null, "label": "D125 PRFS"}}, {"type": "Feature", "geometry": {"type": "Point", "coordinates": [2.36326733, 48.99193344]}, "properties": {"route": "D125", "pr": "DS", "abs": null, "label": "D125 PRDS"}}, {"type": "Feature", "geometry": {"type": "Point", "coordinates": [2.4299391, 49.00163957]}, "properties": {"route": "D970", "pr": "FS", "abs": null, "label": "D970 PRFS (G)"}}, {"type": "Feature", "geometry": {"type": "Point", "coordinates": [2.35447348, 48.98361881]}, "properties": {"route": "D311", "pr": "DS", "abs": null, "label": "D311 PRDS"}}, {"type": "Feature", "geometry": {"type": "Point", "coordinates": [2.42239365, 48.97838346]}, "properties": {"route": "D84", "pr": "DS", "abs": null, "label": "D84 PRDS (G)"}}, {"type": "Feature", "geometry": {"type": "Point", "coordinates": [2.35392301, 49.0055878]}, "properties": {"route": "D11", "pr": "DS", "abs": null, "label": "D11 PRDS"}}, {"type": "Feature", "geometry": {"type": "Point", "coordinates": [2.43102026, 48.98203964]}, "properties": {"route": "D84", "pr": "DS", "abs": null, "label": "D84 PRDS"}}, {"type": "Feature", "geometry": {"type": "Point", "coordinates": [2.29658642, 48.98622402]}, "properties": {"route": "D928", "pr": "DS", "abs": null, "label": "D928 PRDS"}}, {"type": "Feature", "geometry": {"type": "Point", "coordinates": [2.45619772, 48.98194689]}, "properties": {"route": "D970", "pr": "DS", "abs": null, "label": "D970 PRDS"}}, {"type": "Feature", "geometry": {"type": "Point", "coordinates": [2.45474262, 48.99315463]}, "properties": {"route": "D970", "pr": "FS", "abs": null, "label": "D970 PRFS"}}, {"type": "Feature", "geometry": {"type": "Point", "coordinates": [2.45474262, 48.99315463]}, "properties": {"route": "D970", "pr": "DS", "abs": null, "label": "D970 PRDS (D)"}}, {"type": "Feature", "geometry": {"type": "Point", "coordinates": [2.45966655, 48.98522859]}, "properties": {"route": "D970", "pr": "DS", "abs": null, "label": "D970 PRDS"}}, {"type": "Feature", "geometry": {"type": "Point", "coordinates": [2.43729941, 48.98607266]}, "properties": {"route": "D208", "pr": "DS", "abs": null, "label": "D208 PRDS"}}, {"type": "Feature", "geometry": {"type": "Point", "coordinates": [2.42304054, 48.97671937]}, "properties": {"route": "D84", "pr": "DS", "abs": null, "label": "D84 PRDS"}}, {"type": "Feature", "geometry": {"type": "Point", "coordinates": [2.41266593, 48.96323689]}, "properties": {"route": "D125", "pr": "DS", "abs": null, "label": "D125 PRDS"}}, {"type": "Feature", "geometry": {"type": "Point", "coordinates": [2.39944281, 49.00404733]}, "properties": {"route": "D370", "pr": "DS", "abs": null, "label": "D370 PRDS"}}, {"type": "Feature", "geometry": {"type": "Point", "coordinates": [2.45946461, 48.98559637]}, "properties": {"route": "D970", "pr": "DS", "abs": null, "label": "D970 PRDS (G)"}}, {"type": "Feature", "geometry": {"type": "Point", "coordinates": [2.43123387, 48.98212068]}, "properties": {"route": "D84", "pr": "DS", "abs": null, "label": "D84 PRDS (G)"}}, {"type": "Feature", "geometry": {"type": "Point", "coordinates": [2.44298393, 48.99315097]}, "properties": {"route": "D970", "pr": "DS", "abs": null, "label": "D970 PRDS"}}, {"type": "Feature", "geometry": {"type": "Point", "coordinates": [2.41520822, 48.95977638]}, "properties": {"route": "D125", "pr": "DS", "abs": null, "label": "D125 PRDS"}}, {"type": "Feature", "geometry": {"type": "Point", "coordinates": [2.45979866, 48.98526875]}, "properties": {"route": "D84", "pr": "DS", "abs": null, "label": "D84 PRDS"}}, {"type": "Feature", "geometry": {"type": "Point", "coordinates": [2.29885467, 48.9920878]}, "properties": {"route": "D109E", "pr": "DS", "abs": null, "label": "D109E PRDS"}}, {"type": "Feature", "geometry": {"type": "Point", "coordinates": [2.45641653, 48.97735366]}, "properties": {"route": "D370", "pr": "DS", "abs": null, "label": "D370 PRDS (D)"}}, {"type": "Feature", "geometry": {"type": "Point", "coordinates": [2.50551848, 49.00569123]}, "properties": {"route": "D902A", "pr": "DS", "abs": null, "label": "D902A PRDS"}}, {"type": "Feature", "geometry": {"type": "Point", "coordinates": [2.4525554, 48.97883514]}, "properties": {"route": "D370", "pr": "DS", "abs": null, "label": "D370 PRDS (G)"}}, {"type": "Feature", "geometry": {"type": "Point", "coordinates": [2.44254142, 48.99325593]}, "properties": {"route": "D970", "pr": "DS", "abs": null, "label": "D970 PRDS (D)"}}, {"type": "Feature", "geometry": {"type": "Point", "coordinates": [2.38525717, 49.00182636]}, "properties": {"route": "D10", "pr": "DS", "abs": null, "label": "D10 PRDS"}}, {"type": "Feature", "geometry": {"type": "Point", "coordinates": [2.46455395, 48.96889958]}, "properties": {"route": "D370", "pr": "DS", "abs": null, "label": "D370 PRDS (D)"}}, {"type": "Feature", "geometry": {"type": "Point", "coordinates": [2.46985562, 48.98329033]}, "properties": {"route": "D84", "pr": "DS", "abs": null, "label": "D84 PRDS"}}, {"type": "Feature", "geometry": {"type": "Point", "coordinates": [2.40995395, 48.95875516]}, "properties": {"route": "D84A", "pr": "DS", "abs": 0, "label": "D84A PRDS (G)"}}, {"type": "Feature", "geometry": {"type": "Point", "coordinates": [2.29251104, 48.98137648]}, "properties": {"route": "D109", "pr": "DS", "abs": null, "label": "D109 PRDS (G)"}}, {"type": "Feature", "geometry": {"type": "Point", "coordinates": [2.39741183, 48.9996804]}, "properties": {"route": "D10", "pr": "DS", "abs": null, "label": "D10 PRDS (D)"}}, {"type": "Feature", "geometry": {"type": "Point", "coordinates": [2.43112156, 48.98227122]}, "properties": {"route": "D84", "pr": "DS", "abs": null, "label": "D84 PRDS (G)"}}, {"type": "Feature", "geometry": {"type": "Point", "coordinates": [2.50865754, 48.99823252]}, "properties": {"route": "D902A", "pr": "DS", "abs": null, "label": "D902A PRDS"}}, {"type": "Feature", "geometry": {"type": "Point", "coordinates": [2.45980514, 48.98556553]}, "properties": {"route": "D970", "pr": "DS", "abs": null, "label": "D970 PRDS (D)"}}, {"type": "Feature", "geometry": {"type": "Point", "coordinates": [2.40507991, 48.96915707]}, "properties": {"route": "D125", "pr": "DS", "abs": null, "label": "D125 PRDS"}}, {"type": "Feature", "geometry": {"type": "Point", "coordinates": [2.4095084, 48.96660349]}, "properties": {"route": "D84", "pr": "DS", "abs": null, "label": "D84 PRDS (D)"}}, {"type": "Feature", "geometry": {"type": "Point", "coordinates": [2.29731559, 48.98585331]}, "properties": {"route": "D928", "pr": "DS", "abs": null, "label": "D928 PRDS (G)"}}, {"type": "Feature", "geometry": {"type": "Point", "coordinates": [2.29676493, 48.98625924]}, "properties": {"route": "D928", "pr": "DS", "abs": null, "label": "D928 PRDS (D)"}}, {"type": "Feature", "geometry": {"type": "Point", "coordinates": [2.35383277, 49.00592002]}, "properties": {"route": "D11", "pr": "DS", "abs": null, "label": "D11 PRDS (D)"}}, {"type": "Feature", "geometry": {"type": "Point", "coordinates": [2.46494332, 48.96902272]}, "properties": {"route": "D370", "pr": "DS", "abs": null, "label": "D370 PRDS (G)"}}, {"type": "Feature", "geometry": {"type": "Point", "coordinates": [2.38684571, 48.99716029]}, "properties": {"route": "D316", "pr": "DS", "abs": null, "label": "D316 PRDS"}}, {"type": "Feature", "geometry": {"type": "Point", "coordinates": [2.51730084, 48.9932976]}, "properties": {"route": "D902A", "pr": "DS", "abs": null, "label": "D902A PRDS (G)"}}, {"type": "Feature", "geometry": {"type": "Point", "coordinates": [2.29251104, 48.98137648]}, "properties": {"route": "D109", "pr": "DS", "abs": null, "label": "D109 PRDS (G)"}}, {"type": "Feature", "geometry": {"type": "Point", "coordinates": [2.38587766, 49.00217394]}, "properties": {"route": "D10", "pr": "DS", "abs": null, "label": "D10 PRDS (G)"}}, {"type": "Feature", "geometry": {"type": "Point", "coordinates": [2.41926735, 48.97428309]}, "properties": {"route": "D84A3", "pr": "DS", "abs": null, "label": "D84A3 PRDS"}}, {"type": "Feature", "geometry": {"type": "Point", "coordinates": [2.47944602, 48.9949423]}, "properties": {"route": "D317B3", "pr": "DS", "abs": null, "label": "D317B3 PRDS"}}, {"type": "Feature", "geometry": {"type": "Point", "coordinates": [2.46596588, 48.97983889]}, "properties": {"route": "D170E1", "pr": "DS", "abs": null, "label": "D170E1 PRDS"}}, {"type": "Feature", "geometry": {"type": "Point", "coordinates": [2.4647459, 48.99987102]}, "properties": {"route": "D47", "pr": "DS", "abs": null, "label": "D47 PRDS (G)"}}, {"type": "Feature", "geometry": {"type": "Point", "coordinates": [2.45149934, 48.99463346]}, "properties": {"route": "D970", "pr": "DS", "abs": null, "label": "D970 PRDS (G)"}}, {"type": "Feature", "geometry": {"type": "Point", "coordinates": [2.38364367, 49.00499954]}, "properties": {"route": "D316", "pr": "DS", "abs": null, "label": "D316 PRDS (D)"}}, {"type": "Feature", "geometry": {"type": "Point", "coordinates": [2.47685736, 48.99389962]}, "properties": {"route": "D317B5", "pr": "DS", "abs": null, "label": "D317B5 PRDS (G)"}}, {"type": "Feature", "geometry": {"type": "Point", "coordinates": [2.46045568, 48.97409865]}, "properties": {"route": "D317A7", "pr": "DS", "abs": null, "label": "D317A7 PRDS"}}, {"type": "Feature", "geometry": {"type": "Point", "coordinates": [2.35500764, 49.00663044]}, "properties": {"route": "D301A2", "pr": "DS", "abs": null, "label": "D301A2 PRDS"}}, {"type": "Feature", "geometry": {"type": "Point", "coordinates": [2.36871736, 48.97940611]}, "properties": {"route": "D316A2", "pr": "DS", "abs": null, "label": "D316A2 PRDS"}}, {"type": "Feature", "geometry": {"type": "Point", "coordinates": [2.39977021, 49.00386463]}, "properties": {"route": "D370", "pr": "DS", "abs": null, "label": "D370 PRDS"}}, {"type": "Feature", "geometry": {"type": "Point", "coordinates": [2.4551379, 48.99299006]}, "properties": {"route": "D47", "pr": "DS", "abs": null, "label": "D47 PRDS"}}, {"type": "Feature", "geometry": {"type": "Point", "coordinates": [2.46462411, 48.97853351]}, "properties": {"route": "D170E4", "pr": "DS", "abs": null, "label": "D170E4 PRDS"}}, {"type": "Feature", "geometry": {"type": "Point", "coordinates": [2.35320882, 49.00838864]}, "properties": {"route": "D301A3", "pr": "DS", "abs": null, "label": "D301A3 PRDS"}}, {"type": "Feature", "geometry": {"type": "Point", "coordinates": [2.46129482, 48.97392617]}, "properties": {"route": "D317A3", "pr": "DS", "abs": null, "label": "D317A3 PRDS"}}, {"type": "Feature", "geometry": {"type": "Point", "coordinates": [2.36843387, 48.97946396]}, "properties": {"route": "D316A3", "pr": "DS", "abs": null, "label": "D316A3 PRDS"}}, {"type": "Feature", "geometry": {"type": "Point", "coordinates": [2.36600907, 48.97430207]}, "properties": {"route": "D301", "pr": "DS", "abs": null, "label": "D301 PRDS (D)"}}, {"type": "Feature", "geometry": {"type": "Point", "coordinates": [2.39942749, 48.97392371]}, "properties": {"route": "D125", "pr": "DS", "abs": null, "label": "D125 PRDS (G)"}}, {"type": "Feature", "geometry": {"type": "Point", "coordinates": [2.47016435, 48.98342748]}, "properties": {"route": "D902", "pr": "DS", "abs": null, "label": "D902 PRDS"}}, {"type": "Feature", "geometry": {"type": "Point", "coordinates": [2.35496885, 49.00579125]}, "properties": {"route": "D301A4", "pr": "DS", "abs": null, "label": "D301A4 PRDS"}}, {"type": "Feature", "geometry": {"type": "Point", "coordinates": [2.46635219, 48.97986849]}, "properties": {"route": "D170E3", "pr": "DS", "abs": null, "label": "D170E3 PRDS"}}, {"type": "Feature", "geometry": {"type": "Point", "coordinates": [2.46240869, 48.97585105]}, "properties": {"route": "D317A5", "pr": "DS", "abs": null, "label": "D317A5 PRDS"}}, {"type": "Feature", "geometry": {"type": "Point", "coordinates": [2.43516763, 48.9981708]}, "properties": {"route": "D970", "pr": "DS", "abs": null, "label": "D970 PRDS (G)"}}, {"type": "Feature", "geometry": {"type": "Point", "coordinates": [2.37423507, 48.99088058]}, "properties": {"route": "D10", "pr": "DS", "abs": null, "label": "D10 PRDS"}}, {"type": "Feature", "geometry": {"type": "Point", "coordinates": [2.41835013, 48.96164323]}, "properties": {"route": "D84A", "pr": "DS", "abs": null, "label": "D84A PRDS (G)"}}, {"type": "Feature", "geometry": {"type": "Point", "coordinates": [2.36145235, 48.98506348]}, "properties": {"route": "D301", "pr": "DS", "abs": null, "label": "D301 PRDS (G)"}}, {"type": "Feature", "geometry": {"type": "Point", "coordinates": [2.47979062, 48.99491951]}, "properties": {"route": "D317B2", "pr": "DS", "abs": null, "label": "D317B2 PRDS"}}, {"type": "Feature", "geometry": {"type": "Point", "coordinates": [2.42018335, 48.97458067]}, "properties": {"route": "D84A2", "pr": "DS", "abs": null, "label": "D84A2 PRDS"}}, {"type": "Feature", "geometry": {"type": "Point", "coordinates": [2.38092409, 48.98730393]}, "properties": {"route": "D316B2", "pr": "DS", "abs": null, "label": "D316B2 PRDS"}}, {"type": "Feature", "geometry": {"type": "Point", "coordinates": [2.45898896, 48.97773847]}, "properties": {"route": "D170D3", "pr": "DS", "abs": null, "label": "D170D3 PRDS"}}, {"type": "Feature", "geometry": {"type": "Point", "coordinates": [2.43786584, 48.98600068]}, "properties": {"route": "D370", "pr": "DS", "abs": null, "label": "D370 PRDS (G)"}}, {"type": "Feature", "geometry": {"type": "Point", "coordinates": [2.46304271, 48.97623067]}, "properties": {"route": "D317A4", "pr": "DS", "abs": null, "label": "D317A4 PRDS"}}, {"type": "Feature", "geometry": {"type": "Point", "coordinates": [2.39909651, 48.97407672]}, "properties": {"route": "D125E", "pr": "DS", "abs": null, "label": "D125E PRDS"}}, {"type": "Feature", "geometry": {"type": "Point", "coordinates": [2.39975248, 49.00409834]}, "properties": {"route": "D10", "pr": "DS", "abs": null, "label": "D10 PRDS"}}, {"type": "Feature", "geometry": {"type": "Point", "coordinates": [2.45159375, 48.96367752]}, "properties": {"route": "D317", "pr": "DS", "abs": null, "label": "D317 PRDS (G)"}}, {"type": "Feature", "geometry": {"type": "Point", "coordinates": [2.46562531, 48.97735277]}, "properties": {"route": "D170E2", "pr": "DS", "abs": null, "label": "D170E2 PRDS"}}, {"type": "Feature", "geometry": {"type": "Point", "coordinates": [2.46069215, 48.97329399]}, "properties": {"route": "D317A2", "pr": "DS", "abs": null, "label": "D317A2 PRDS"}}, {"type": "Feature", "geometry": {"type": "Point", "coordinates": [2.49108088, 48.97525853]}, "properties": {"route": "D170F1", "pr": "DS", "abs": null, "label": "D170F1 PRDS"}}, {"type": "Feature", "geometry": {"type": "Point", "coordinates": [2.46098699, 48.97436811]}, "properties": {"route": "D317A6", "pr": "DS", "abs": null, "label": "D317A6 PRDS"}}, {"type": "Feature", "geometry": {"type": "Point", "coordinates": [2.4895468, 48.97540129]}, "properties": {"route": "D170F4", "pr": "DS", "abs": null, "label": "D170F4 PRDS"}}, {"type": "Feature", "geometry": {"type": "Point", "coordinates": [2.41765222, 48.97371862]}, "properties": {"route": "D84A4", "pr": "DS", "abs": null, "label": "D84A4 PRDS"}}, {"type": "Feature", "geometry": {"type": "Point", "coordinates": [2.48970063, 48.9746205]}, "properties": {"route": "D170F3", "pr": "DS", "abs": null, "label": "D170F3 PRDS"}}, {"type": "Feature", "geometry": {"type": "Point", "coordinates": [2.35631185, 49.00606104]}, "properties": {"route": "D301A1", "pr": "DS", "abs": null, "label": "D301A1 PRDS"}}, {"type": "Feature", "geometry": {"type": "Point", "coordinates": [2.38088947, 48.98745753]}, "properties": {"route": "D316B3", "pr": "DS", "abs": null, "label": "D316B3 PRDS"}}, {"type": "Feature", "geometry": {"type": "Point", "coordinates": [2.40517477, 48.96922318]}, "properties": {"route": "D125", "pr": "DS", "abs": null, "label": "D125 PRDS"}}, {"type": "Feature", "geometry": {"type": "Point", "coordinates": [2.44298393, 48.99315097]}, "properties": {"route": "D970", "pr": "DS", "abs": null, "label": "D970 PRDS"}}, {"type": "Feature", "geometry": {"type": "Point", "coordinates": [2.49017682, 49.00740479]}, "properties": {"route": "D317D1", "pr": "0", "abs": 0, "label": "D317D1 PR0"}}, {"type": "Feature", "geometry": {"type": "Point", "coordinates": [2.49364624, 49.00947778]}, "properties": {"route": "D317D1", "pr": "0", "abs": 331, "label": "D317D1 PR0+331"}}, {"type": "Feature", "geometry": {"type": "Point", "coordinates": [2.40943426, 48.9666373]}, "properties": {"route": "D84", "pr": "1", "abs": 0, "label": "D84 PR1 (G)"}}, {"type": "Feature", "geometry": {"type": "Point", "coordinates": [2.41788914, 48.97329892]}, "properties": {"route": "D84", "pr": "2", "abs": 970, "label": "D84 PR2+970 (G)"}}, {"type": "Feature", "geometry": {"type": "Point", "coordinates": [2.4173581, 48.97400046]}, "properties": {"route": "D84A4", "pr": "0", "abs": 0, "label": "D84A4 PR0"}}, {"type": "Feature", "geometry": {"type": "Point", "coordinates": [2.4170822, 48.97277973]}, "properties": {"route": "D84A4", "pr": "0", "abs": 126, "label": "D84A4 PR0+126"}}, {"type": "Feature", "geometry": {"type": "Point", "coordinates": [2.38536548, 49.00225944]}, "properties": {"route": "D316C2", "pr": "0", "abs": 0, "label": "D316C2 PR0"}}, {"type": "Feature", "geometry": {"type": "Point", "coordinates": [2.3834137, 49.00571954]}, "properties": {"route": "D316C2", "pr": "0", "abs": 414, "label": "D316C2 PR0+414"}}, {"type": "Feature", "geometry": {"type": "Point", "coordinates": [2.29842611, 48.98496506]}, "properties": {"route": "D928", "pr": "4", "abs": 4228, "label": "D928 PR4+4228"}}, {"type": "Feature", "geometry": {"type": "Point", "coordinates": [2.32568419, 48.95840349]}, "properties": {"route": "D23BIS", "pr": "0", "abs": 0, "label": "D23BIS PR0"}}, {"type": "Feature", "geometry": {"type": "Point", "coordinates": [2.32269267, 48.95752513]}, "properties": {"route": "D23BIS", "pr": "0", "abs": 235, "label": "D23BIS PR0+235"}}, {"type": "Feature", "geometry": {"type": "Point", "coordinates": [2.36773423, 48.97813029]}, "properties": {"route": "D316A4", "pr": "0", "abs": 0, "label": "D316A4 PR0"}}, {"type": "Feature", "geometry": {"type": "Point", "coordinates": [2.36683804, 48.97611304]}, "properties": {"route": "D316A4", "pr": "0", "abs": 202, "label": "D316A4 PR0+202"}}, {"type": "Feature", "geometry": {"type": "Point", "coordinates": [2.38149361, 48.98766926]}, "properties": {"route": "D316B3", "pr": "0", "abs": 0, "label": "D316B3 PR0"}}, {"type": "Feature", "geometry": {"type": "Point", "coordinates": [2.37935656, 48.9872167]}, "properties": {"route": "D316B3", "pr": "0", "abs": 117, "label": "D316B3 PR0+117"}}, {"type": "Feature", "geometry": {"type": "Point", "coordinates": [2.48468518, 48.97456669]}, "properties": {"route": "D170F2", "pr": "0", "abs": 0, "label": "D170F2 PR0"}}, {"type": "Feature", "geometry": {"type": "Point", "coordinates": [2.48485362, 48.97245689]}, "properties": {"route": "D170F2", "pr": "0", "abs": 191, "label": "D170F2 PR0+191"}}, {"type": "Feature", "geometry": {"type": "Point", "coordinates": [2.50920906, 48.99771683]}, "properties": {"route": "D902A", "pr": "2", "abs": 2277, "label": "D902A PR2+2277"}}, {"type": "Feature", "geometry": {"type": "Point", "coordinates": [2.37796804, 48.98621495]}, "properties": {"route": "D316B1", "pr": "0", "abs": 0, "label": "D316B1 PR0"}}, {"type": "Feature", "geometry": {"type": "Point", "coordinates": [2.37984928, 48.98657449]}, "properties": {"route": "D316B1", "pr": "0", "abs": 171, "label": "D316B1 PR0+171"}}, {"type": "Feature", "geometry": {"type": "Point", "coordinates": [2.47036895, 48.96375292]}, "properties": {"route": "D370", "pr": "12", "abs": 12782, "label": "D370 PR12+12782 (D)"}}, {"type": "Feature", "geometry": {"type": "Point", "coordinates": [2.44240126, 48.98224954]}, "properties": {"route": "D370", "pr": "10", "abs": 9663, "label": "D370 PR10+9663 (D)"}}, {"type": "Feature", "geometry": {"type": "Point", "coordinates": [2.45302567, 48.97763679]}, "properties": {"route": "D370", "pr": "11", "abs": 10657, "label": "D370 PR11+10657 (D)"}}, {"type": "Feature", "geometry": {"type": "Point", "coordinates": [2.46274105, 48.97131765]}, "properties": {"route": "D370", "pr": "12", "abs": 11753, "label": "D370 PR12+11753 (D)"}}, {"type": "Feature", "geometry": {"type": "Point", "coordinates": [2.38728922, 48.98423603]}, "properties": {"route": "D209", "pr": "1", "abs": 2030, "label": "D209 PR1+2030"}}, {"type": "Feature", "geometry": {"type": "Point", "coordinates": [2.38876862, 48.99285558]}, "properties": {"route": "D209", "pr": "1", "abs": 992, "label": "D209 PR1+992"}}, {"type": "Feature", "geometry": {"type": "Point", "coordinates": [2.41742218, 48.97291448]}, "properties": {"route": "D84A1", "pr": "0", "abs": 0, "label": "D84A1 PR0"}}, {"type": "Feature", "geometry": {"type": "Point", "coordinates": [2.41869055, 48.97284779]}, "properties": {"route": "D84A1", "pr": "0", "abs": 108, "label": "D84A1 PR0+108"}}, {"type": "Feature", "geometry": {"type": "Point", "coordinates": [2.29227179, 48.96282689]}, "properties": {"route": "D14", "pr": "0", "abs": 0, "label": "D14 PR0 (D)"}}, {"type": "Feature", "geometry": {"type": "Point", "coordinates": [2.29544712, 49.00676589]}, "properties": {"route": "D109P", "pr": "3", "abs": 3048, "label": "D109P PR3+3048"}}, {"type": "Feature", "geometry": {"type": "Point", "coordinates": [2.41969835, 48.97446412]}, "properties": {"route": "D84A3", "pr": "0", "abs": 0, "label": "D84A3 PR0"}}, {"type": "Feature", "geometry": {"type": "Point", "coordinates": [2.41748343, 48.97403164]}, "properties": {"route": "D84A3", "pr": "0", "abs": 119, "label": "D84A3 PR0+119"}}, {"type": "Feature", "geometry": {"type": "Point", "coordinates": [2.41802026, 48.97329956]}, "properties": {"route": "D84", "pr": "2", "abs": 2169, "label": "D84 PR2+2169 (D)"}}, {"type": "Feature", "geometry": {"type": "Point", "coordinates": [2.29163725, 48.97521861]}, "properties": {"route": "D15", "pr": "1", "abs": 1421, "label": "D15 PR1+1421"}}, {"type": "Feature", "geometry": {"type": "Point", "coordinates": [2.29438307, 48.97239673]}, "properties": {"route": "D15", "pr": "1", "abs": 1011, "label": "D15 PR1+1011"}}, {"type": "Feature", "geometry": {"type": "Point", "coordinates": [2.44546062, 48.95673043]}, "properties": {"route": "D317", "pr": "0", "abs": 0, "label": "D317 PR0"}}, {"type": "Feature", "geometry": {"type": "Point", "coordinates": [2.45272953, 48.97890517]}, "properties": {"route": "D170D5", "pr": "0", "abs": 0, "label": "D170D5 PR0"}}, {"type": "Feature", "geometry": {"type": "Point", "coordinates": [2.4520751, 48.97800384]}, "properties": {"route": "D170D5", "pr": "0", "abs": 256, "label": "D170D5 PR0+256"}}, {"type": "Feature", "geometry": {"type": "Point", "coordinates": [2.4903014, 49.00808153]}, "properties": {"route": "D317D4", "pr": "0", "abs": 285, "label": "D317D4 PR0+285"}}, {"type": "Feature", "geometry": {"type": "Point", "coordinates": [2.35303093, 49.00884268]}, "properties": {"route": "D301A3", "pr": "0", "abs": 0, "label": "D301A3 PR0"}}, {"type": "Feature", "geometry": {"type": "Point", "coordinates": [2.35526144, 49.00589444]}, "properties": {"route": "D301A3", "pr": "0", "abs": 312, "label": "D301A3 PR0+312"}}, {"type": "Feature", "geometry": {"type": "Point", "coordinates": [2.46149468, 48.97322655]}, "properties": {"route": "D317A3", "pr": "0", "abs": 0, "label": "D317A3 PR0"}}, {"type": "Feature", "geometry": {"type": "Point", "coordinates": [2.46146092, 48.97424345]}, "properties": {"route": "D317A3", "pr": "0", "abs": 38, "label": "D317A3 PR0+38"}}, {"type": "Feature", "geometry": {"type": "Point", "coordinates": [2.34918705, 48.97382799]}, "properties": {"route": "D193E", "pr": "1", "abs": 1310, "label": "D193E PR1+1310"}}, {"type": "Feature", "geometry": {"type": "Point", "coordinates": [2.35206255, 48.97601525]}, "properties": {"route": "D193E", "pr": "1", "abs": 985, "label": "D193E PR1+985"}}, {"type": "Feature", "geometry": {"type": "Point", "coordinates": [2.48447028, 49.0011929]}, "properties": {"route": "D317C1", "pr": "0", "abs": 0, "label": "D317C1 PR0"}}, {"type": "Feature", "geometry": {"type": "Point", "coordinates": [2.48598304, 49.00162652]}, "properties": {"route": "D317C1", "pr": "0", "abs": 129, "label": "D317C1 PR0+129"}}, {"type": "Feature", "geometry": {"type": "Point", "coordinates": [2.38380228, 49.00418836]}, "properties": {"route": "D316C3", "pr": "0", "abs": 0, "label": "D316C3 PR0"}}, {"type": "Feature", "geometry": {"type": "Point", "coordinates": [2.38457863, 49.00164933]}, "properties": {"route": "D316C3", "pr": "0", "abs": 302, "label": "D316C3 PR0+302"}}, {"type": "Feature", "geometry": {"type": "Point", "coordinates": [2.47994766, 48.99520435]}, "properties": {"route": "D317", "pr": "5", "abs": 4981, "label": "D317 PR5+4981 (D)"}}, {"type": "Feature", "geometry": {"type": "Point", "coordinates": [2.46624428, 48.97986711]}, "properties": {"route": "D317", "pr": "3", "abs": 3002, "label": "D317 PR3+3002 (D)"}}, {"type": "Feature", "geometry": {"type": "Point", "coordinates": [2.45935582, 48.97215043]}, "properties": {"route": "D317", "pr": "2", "abs": 2006, "label": "D317 PR2+2006 (D)"}}, {"type": "Feature", "geometry": {"type": "Point", "coordinates": [2.45244376, 48.9644053]}, "properties": {"route": "D317", "pr": "1", "abs": 1007, "label": "D317 PR1+1007 (D)"}}, {"type": "Feature", "geometry": {"type": "Point", "coordinates": [2.48772385, 49.00305113]}, "properties": {"route": "D317", "pr": "6", "abs": 6024, "label": "D317 PR6+6024 (D)"}}, {"type": "Feature", "geometry": {"type": "Point", "coordinates": [2.47313454, 48.98760761]}, "properties": {"route": "D317", "pr": "4", "abs": 4000, "label": "D317 PR4+4000 (D)"}}, {"type": "Feature", "geometry": {"type": "Point", "coordinates": [2.3681419, 48.97819629]}, "properties": {"route": "D316A2", "pr": "0", "abs": 0, "label": "D316A2 PR0"}}, {"type": "Feature", "geometry": {"type": "Point", "coordinates": [2.36877666, 48.97969778]}, "properties": {"route": "D316A2", "pr": "0", "abs": 141, "label": "D316A2 PR0+141"}}, {"type": "Feature", "geometry": {"type": "Point", "coordinates": [2.32344322, 48.9932487]}, "properties": {"route": "D125", "pr": "0", "abs": 0, "label": "D125 PR0"}}, {"type": "Feature", "geometry": {"type": "Point", "coordinates": [2.41578926, 48.95874596]}, "properties": {"route": "D125", "pr": "9", "abs": 9402, "label": "D125 PR9+9402"}}, {"type": "Feature", "geometry": {"type": "Point", "coordinates": [2.41472415, 48.96104647]}, "properties": {"route": "D125", "pr": "9", "abs": 9099, "label": "D125 PR9+9099"}}, {"type": "Feature", "geometry": {"type": "Point", "coordinates": [2.46043956, 48.97315077]}, "properties": {"route": "D317A2", "pr": "0", "abs": 0, "label": "D317A2 PR0"}}, {"type": "Feature", "geometry": {"type": "Point", "coordinates": [2.46142355, 48.97297175]}, "properties": {"route": "D317A2", "pr": "0", "abs": 42, "label": "D317A2 PR0+42"}}, {"type": "Feature", "geometry": {"type": "Point", "coordinates": [2.35429511, 49.00369243]}, "properties": {"route": "D123", "pr": "3", "abs": 3628, "label": "D123 PR3+3628"}}, {"type": "Feature", "geometry": {"type": "Point", "coordinates": [2.34814625, 49.0073703]}, "properties": {"route": "D123", "pr": "3", "abs": 2991, "label": "D123 PR3+2991"}}, {"type": "Feature", "geometry": {"type": "Point", "coordinates": [2.48175086, 48.97595057]}, "properties": {"route": "D170", "pr": "18", "abs": 7544, "label": "D170 PR18+7544 (D)"}}, {"type": "Feature", "geometry": {"type": "Point", "coordinates": [2.44085805, 48.97800244]}, "properties": {"route": "D170", "pr": "15", "abs": 4529, "label": "D170 PR15+4529 (D)"}}, {"type": "Feature", "geometry": {"type": "Point", "coordinates": [2.46845959, 48.97738605]}, "properties": {"route": "D170", "pr": "17", "abs": 6553, "label": "D170 PR17+6553 (D)"}}, {"type": "Feature", "geometry": {"type": "Point", "coordinates": [2.42648284, 48.97487983]}, "properties": {"route": "D170", "pr": "13", "abs": 3365, "label": "D170 PR13+3365 (D)"}}, {"type": "Feature", "geometry": {"type": "Point", "coordinates": [2.45457552, 48.97796038]}, "properties": {"route": "D170", "pr": "16", "abs": 5533, "label": "D170 PR16+5533 (D)"}}, {"type": "Feature", "geometry": {"type": "Point", "coordinates": [2.42771088, 48.97612216]}, "properties": {"route": "D170", "pr": "14", "abs": 3534, "label": "D170 PR14+3534 (D)"}}, {"type": "Feature", "geometry": {"type": "Point", "coordinates": [2.44930663, 48.97781581]}, "properties": {"route": "D170D1", "pr": "0", "abs": 0, "label": "D170D1 PR0"}}, {"type": "Feature", "geometry": {"type": "Point", "coordinates": [2.45647388, 48.97722623]}, "properties": {"route": "D170D1", "pr": "0", "abs": 517, "label": "D170D1 PR0+517"}}, {"type": "Feature", "geometry": {"type": "Point", "coordinates": [2.38465422, 49.00149865]}, "properties": {"route": "D316C4", "pr": "0", "abs": 0, "label": "D316C4 PR0"}}, {"type": "Feature", "geometry": {"type": "Point", "coordinates": [2.38592715, 48.99937399]}, "properties": {"route": "D316C4", "pr": "0", "abs": 189, "label": "D316C4 PR0+189"}}, {"type": "Feature", "geometry": {"type": "Point", "coordinates": [2.36586828, 48.97397399]}, "properties": {"route": "D301", "pr": "0", "abs": 0, "label": "D301 PR0 (D)"}}, {"type": "Feature", "geometry": {"type": "Point", "coordinates": [2.3602014, 48.99134251]}, "properties": {"route": "D301", "pr": "2", "abs": 2009, "label": "D301 PR2+2009 (D)"}}, {"type": "Feature", "geometry": {"type": "Point", "coordinates": [2.35362678, 49.00808425]}, "properties": {"route": "D301", "pr": "4", "abs": 4008, "label": "D301 PR4+4008 (D)"}}, {"type": "Feature", "geometry": {"type": "Point", "coordinates": [2.35976385, 49.00023721]}, "properties": {"route": "D301", "pr": "3", "abs": 3013, "label": "D301 PR3+3013 (D)"}}, {"type": "Feature", "geometry": {"type": "Point", "coordinates": [2.36266843, 48.98260602]}, "properties": {"route": "D301", "pr": "1", "abs": 995, "label": "D301 PR1+995 (D)"}}, {"type": "Feature", "geometry": {"type": "Point", "coordinates": [2.42643417, 48.97471054]}, "properties": {"route": "D84A", "pr": "3", "abs": 3092, "label": "D84A PR3+3092 (D)"}}, {"type": "Feature", "geometry": {"type": "Point", "coordinates": [2.42370817, 48.97133159]}, "properties": {"route": "D84A", "pr": "3", "abs": 2629, "label": "D84A PR3+2629 (D)"}}, {"type": "Feature", "geometry": {"type": "Point", "coordinates": [2.31391263, 49.00798071]}, "properties": {"route": "D124E", "pr": "1", "abs": 1624, "label": "D124E PR1+1624"}}, {"type": "Feature", "geometry": {"type": "Point", "coordinates": [2.36714112, 48.97646535]}, "properties": {"route": "D316A1", "pr": "0", "abs": 0, "label": "D316A1 PR0"}}, {"type": "Feature", "geometry": {"type": "Point", "coordinates": [2.36808197, 48.97806918]}, "properties": {"route": "D316A1", "pr": "0", "abs": 143, "label": "D316A1 PR0+143"}}, {"type": "Feature", "geometry": {"type": "Point", "coordinates": [2.45273763, 48.97917408]}, "properties": {"route": "D970", "pr": "0", "abs": 0, "label": "D970 PR0 (D)"}}, {"type": "Feature", "geometry": {"type": "Point", "coordinates": [2.43306529, 48.99971565]}, "properties": {"route": "D970", "pr": "4", "abs": 3881, "label": "D970 PR4+3881 (D)"}}, {"type": "Feature", "geometry": {"type": "Point", "coordinates": [2.45975857, 48.98649692]}, "properties": {"route": "D970", "pr": "1", "abs": 1012, "label": "D970 PR1+1012 (D)"}}, {"type": "Feature", "geometry": {"type": "Point", "coordinates": [2.45323298, 48.9940308]}, "properties": {"route": "D970", "pr": "2", "abs": 2010, "label": "D970 PR2+2010 (D)"}}, {"type": "Feature", "geometry": {"type": "Point", "coordinates": [2.31269222, 48.97593731]}, "properties": {"route": "D144", "pr": "8", "abs": 8622, "label": "D144 PR8+8622"}}, {"type": "Feature", "geometry": {"type": "Point", "coordinates": [2.32129553, 48.99049209]}, "properties": {"route": "D144", "pr": "6", "abs": 6031, "label": "D144 PR6+6031"}}, {"type": "Feature", "geometry": {"type": "Point", "coordinates": [2.32344322, 48.9932487]}, "properties": {"route": "D144", "pr": "6", "abs": 6031, "label": "D144 PR6+6031"}}, {"type": "Feature", "geometry": {"type": "Point", "coordinates": [2.31713432, 48.97981059]}, "properties": {"route": "D144", "pr": "8", "abs": 8057, "label": "D144 PR8+8057"}}, {"type": "Feature", "geometry": {"type": "Point", "coordinates": [2.32322848, 48.99326368]}, "properties": {"route": "D144", "pr": "6", "abs": 6015, "label": "D144 PR6+6015"}}, {"type": "Feature", "geometry": {"type": "Point", "coordinates": [2.29960079, 48.996547]}, "properties": {"route": "D144", "pr": "4", "abs": 4074, "label": "D144 PR4+4074"}}, {"type": "Feature", "geometry": {"type": "Point", "coordinates": [2.30209267, 48.99548873]}, "properties": {"route": "D144", "pr": "4", "abs": 4293, "label": "D144 PR4+4293"}}, {"type": "Feature", "geometry": {"type": "Point", "coordinates": [2.30252696, 48.99540852]}, "properties": {"route": "D144", "pr": "4", "abs": 4293, "label": "D144 PR4+4293"}}, {"type": "Feature", "geometry": {"type": "Point", "coordinates": [2.41870212, 48.97315719]}, "properties": {"route": "D84A2", "pr": "0", "abs": 0, "label": "D84A2 PR0"}}, {"type": "Feature", "geometry": {"type": "Point", "coordinates": [2.42065719, 48.97496334]}, "properties": {"route": "D84A2", "pr": "0", "abs": 210, "label": "D84A2 PR0+210"}}, {"type": "Feature", "geometry": {"type": "Point", "coordinates": [2.45599185, 48.9779902]}, "properties": {"route": "D170D2", "pr": "0", "abs": 0, "label": "D170D2 PR0"}}, {"type": "Feature", "geometry": {"type": "Point", "coordinates": [2.46904054, 48.97735085]}, "properties": {"route": "D170D2", "pr": "0", "abs": 838, "label": "D170D2 PR0+838"}}, {"type": "Feature", "geometry": {"type": "Point", "coordinates": [2.36586037, 48.97406208]}, "properties": {"route": "D316", "pr": "0", "abs": 0, "label": "D316 PR0"}}, {"type": "Feature", "geometry": {"type": "Point", "coordinates": [2.38403749, 49.00394767]}, "properties": {"route": "D316", "pr": "4", "abs": 4045, "label": "D316 PR4+4045"}}, {"type": "Feature", "geometry": {"type": "Point", "coordinates": [2.30973339, 48.99311037]}, "properties": {"route": "D109", "pr": "5", "abs": 5114, "label": "D109 PR5+5114"}}, {"type": "Feature", "geometry": {"type": "Point", "coordinates": [2.29529283, 48.98730722]}, "properties": {"route": "D109", "pr": "3", "abs": 3752, "label": "D109 PR3+3752"}}, {"type": "Feature", "geometry": {"type": "Point", "coordinates": [2.30898632, 48.9923597]}, "properties": {"route": "D109", "pr": "5", "abs": 5014, "label": "D109 PR5+5014"}}, {"type": "Feature", "geometry": {"type": "Point", "coordinates": [2.48073925, 48.99626257]}, "properties": {"route": "D317B3", "pr": "0", "abs": 0, "label": "D317B3 PR0"}}, {"type": "Feature", "geometry": {"type": "Point", "coordinates": [2.47695383, 48.99422557]}, "properties": {"route": "D317B3", "pr": "0", "abs": 223, "label": "D317B3 PR0+223"}}, {"type": "Feature", "geometry": {"type": "Point", "coordinates": [2.46070048, 48.97393968]}, "properties": {"route": "D317A8", "pr": "0", "abs": 0, "label": "D317A8 PR0"}}, {"type": "Feature", "geometry": {"type": "Point", "coordinates": [2.45882908, 48.97170742]}, "properties": {"route": "D317A8", "pr": "0", "abs": 239, "label": "D317A8 PR0+239"}}, {"type": "Feature", "geometry": {"type": "Point", "coordinates": [2.45890208, 48.9716493]}, "properties": {"route": "D317A1", "pr": "0", "abs": 0, "label": "D317A1 PR0"}}, {"type": "Feature", "geometry": {"type": "Point", "coordinates": [2.46091386, 48.97364839]}, "properties": {"route": "D317A1", "pr": "0", "abs": 229, "label": "D317A1 PR0+229"}}, {"type": "Feature", "geometry": {"type": "Point", "coordinates": [2.48990807, 48.97561415]}, "properties": {"route": "D170F4", "pr": "0", "abs": 0, "label": "D170F4 PR0"}}, {"type": "Feature", "geometry": {"type": "Point", "coordinates": [2.48517842, 48.97510745]}, "properties": {"route": "D170F4", "pr": "0", "abs": 345, "label": "D170F4 PR0+345"}}, {"type": "Feature", "geometry": {"type": "Point", "coordinates": [2.46498414, 48.97885884]}, "properties": {"route": "D170E4", "pr": "0", "abs": 0, "label": "D170E4 PR0"}}, {"type": "Feature", "geometry": {"type": "Point", "coordinates": [2.46001644, 48.977985]}, "properties": {"route": "D170E4", "pr": "0", "abs": 233, "label": "D170E4 PR0+233"}}, {"type": "Feature", "geometry": {"type": "Point", "coordinates": [2.39024223, 48.96556196]}, "properties": {"route": "D125E", "pr": "1", "abs": 1172, "label": "D125E PR1+1172"}}, {"type": "Feature", "geometry": {"type": "Point", "coordinates": [2.39156201, 48.96680874]}, "properties": {"route": "D125E", "pr": "1", "abs": 1001, "label": "D125E PR1+1001"}}, {"type": "Feature", "geometry": {"type": "Point", "coordinates": [2.46994816, 48.9774313]}, "properties": {"route": "D170E3", "pr": "0", "abs": 0, "label": "D170E3 PR0"}}, {"type": "Feature", "geometry": {"type": "Point", "coordinates": [2.46776022, 48.98164894]}, "properties": {"route": "D170E3", "pr": "0", "abs": 336, "label": "D170E3 PR0+336"}}, {"type": "Feature", "geometry": {"type": "Point", "coordinates": [2.37068835, 48.98327243]}, "properties": {"route": "D10", "pr": "0", "abs": 0, "label": "D10 PR0"}}, {"type": "Feature", "geometry": {"type": "Point", "coordinates": [2.37419735, 48.99083542]}, "properties": {"route": "D10", "pr": "0", "abs": 893, "label": "D10 PR0+893"}}, {"type": "Feature", "geometry": {"type": "Point", "coordinates": [2.38469129, 49.00159955]}, "properties": {"route": "D10", "pr": "0", "abs": 893, "label": "D10 PR0+893"}}, {"type": "Feature", "geometry": {"type": "Point", "coordinates": [2.4570735, 48.99449785]}, "properties": {"route": "D47", "pr": "1", "abs": 216, "label": "D47 PR1+216"}}, {"type": "Feature", "geometry": {"type": "Point", "coordinates": [2.46106407, 48.97378485]}, "properties": {"route": "D317A4", "pr": "0", "abs": 0, "label": "D317A4 PR0"}}, {"type": "Feature", "geometry": {"type": "Point", "coordinates": [2.46312305, 48.9763875]}, "properties": {"route": "D317A4", "pr": "0", "abs": 308, "label": "D317A4 PR0+308"}}, {"type": "Feature", "geometry": {"type": "Point", "coordinates": [2.50827386, 48.99834065]}, "properties": {"route": "D902", "pr": "3", "abs": 3262, "label": "D902 PR3+3262"}}, {"type": "Feature", "geometry": {"type": "Point", "coordinates": [2.49913269, 48.9947743]}, "properties": {"route": "D902", "pr": "3", "abs": 2473, "label": "D902 PR3+2473"}}, {"type": "Feature", "geometry": {"type": "Point", "coordinates": [2.31736094, 48.96713324]}, "properties": {"route": "D144E", "pr": "1", "abs": 1402, "label": "D144E PR1+1402"}}, {"type": "Feature", "geometry": {"type": "Point", "coordinates": [2.31654053, 48.97073461]}, "properties": {"route": "D144E", "pr": "1", "abs": 992, "label": "D144E PR1+992"}}, {"type": "Feature", "geometry": {"type": "Point", "coordinates": [2.48059085, 48.99306248]}, "properties": {"route": "D317B2", "pr": "0", "abs": 0, "label": "D317B2 PR0"}}, {"type": "Feature", "geometry": {"type": "Point", "coordinates": [2.48083407, 48.99620992]}, "properties": {"route": "D317B2", "pr": "0", "abs": 250, "label": "D317B2 PR0+250"}}, {"type": "Feature", "geometry": {"type": "Point", "coordinates": [2.46684226, 48.98070426]}, "properties": {"route": "D170E1", "pr": "0", "abs": 0, "label": "D170E1 PR0"}}, {"type": "Feature", "geometry": {"type": "Point", "coordinates": [2.46354335, 48.97749006]}, "properties": {"route": "D170E1", "pr": "0", "abs": 605, "label": "D170E1 PR0+605"}}, {"type": "Feature", "geometry": {"type": "Point", "coordinates": [2.39243552, 49.00075237]}, "properties": {"route": "D10", "pr": "3", "abs": 1504, "label": "D10 PR3+1504 (D)"}}, {"type": "Feature", "geometry": {"type": "Point", "coordinates": [2.42176866, 48.97058487]}, "properties": {"route": "D84B", "pr": "0", "abs": 0, "label": "D84B PR0"}}, {"type": "Feature", "geometry": {"type": "Point", "coordinates": [2.41828049, 48.97348247]}, "properties": {"route": "D84B", "pr": "0", "abs": 440, "label": "D84B PR0+440"}}, {"type": "Feature", "geometry": {"type": "Point", "coordinates": [2.38668607, 48.998181]}, "properties": {"route": "D316C1", "pr": "0", "abs": 0, "label": "D316C1 PR0"}}, {"type": "Feature", "geometry": {"type": "Point", "coordinates": [2.38555836, 49.00189894]}, "properties": {"route": "D316C1", "pr": "0", "abs": 476, "label": "D316C1 PR0+476"}}, {"type": "Feature", "geometry": {"type": "Point", "coordinates": [2.43498728, 48.9889933]}, "properties": {"route": "D370", "pr": "9", "abs": 8724, "label": "D370 PR9+8724"}}, {"type": "Feature", "geometry": {"type": "Point", "coordinates": [2.38653798, 49.00933424]}, "properties": {"route": "D370", "pr": "5", "abs": 4450, "label": "D370 PR5+4450"}}, {"type": "Feature", "geometry": {"type": "Point", "coordinates": [2.39804271, 49.00644934]}, "properties": {"route": "D370", "pr": "5", "abs": 5400, "label": "D370 PR5+5400"}}, {"type": "Feature", "geometry": {"type": "Point", "coordinates": [2.39780839, 49.00508494]}, "properties": {"route": "D370", "pr": "5", "abs": 5400, "label": "D370 PR5+5400"}}, {"type": "Feature", "geometry": {"type": "Point", "coordinates": [2.35483153, 49.00584267]}, "properties": {"route": "D301A4", "pr": "0", "abs": 0, "label": "D301A4 PR0"}}, {"type": "Feature", "geometry": {"type": "Point", "coordinates": [2.35825632, 49.00334049]}, "properties": {"route": "D301A4", "pr": "0", "abs": 312, "label": "D301A4 PR0+312"}}, {"type": "Feature", "geometry": {"type": "Point", "coordinates": [2.36866693, 48.97973407]}, "properties": {"route": "D316A3", "pr": "0", "abs": 0, "label": "D316A3 PR0"}}, {"type": "Feature", "geometry": {"type": "Point", "coordinates": [2.3677793, 48.97824383]}, "properties": {"route": "D316A3", "pr": "0", "abs": 146, "label": "D316A3 PR0+146"}}, {"type": "Feature", "geometry": {"type": "Point", "coordinates": [2.46124231, 48.97451224]}, "properties": {"route": "D317A6", "pr": "0", "abs": 0, "label": "D317A6 PR0"}}, {"type": "Feature", "geometry": {"type": "Point", "coordinates": [2.46036093, 48.97454155]}, "properties": {"route": "D317A6", "pr": "0", "abs": 33, "label": "D317A6 PR0+33"}}, {"type": "Feature", "geometry": {"type": "Point", "coordinates": [2.37935656, 48.9872167]}, "properties": {"route": "D316B4", "pr": "0", "abs": 0, "label": "D316B4 PR0"}}, {"type": "Feature", "geometry": {"type": "Point", "coordinates": [2.37679601, 48.98596338]}, "properties": {"route": "D316B4", "pr": "0", "abs": 185, "label": "D316B4 PR0+185"}}, {"type": "Feature", "geometry": {"type": "Point", "coordinates": [2.43772237, 48.98600181]}, "properties": {"route": "D208", "pr": "4", "abs": 3735, "label": "D208 PR4+3735"}}, {"type": "Feature", "geometry": {"type": "Point", "coordinates": [2.42531836, 48.98543946]}, "properties": {"route": "D208", "pr": "4", "abs": 2821, "label": "D208 PR4+2821"}}, {"type": "Feature", "geometry": {"type": "Point", "coordinates": [2.45771749, 48.97809693]}, "properties": {"route": "D170D4", "pr": "0", "abs": 0, "label": "D170D4 PR0"}}, {"type": "Feature", "geometry": {"type": "Point", "coordinates": [2.45280016, 48.97907365]}, "properties": {"route": "D170D4", "pr": "0", "abs": 229, "label": "D170D4 PR0+229"}}, {"type": "Feature", "geometry": {"type": "Point", "coordinates": [2.46017166, 48.97448315]}, "properties": {"route": "D317A7", "pr": "0", "abs": 0, "label": "D317A7 PR0"}}, {"type": "Feature", "geometry": {"type": "Point", "coordinates": [2.46028832, 48.97350889]}, "properties": {"route": "D317A7", "pr": "0", "abs": 39, "label": "D317A7 PR0+39"}}, {"type": "Feature", "geometry": {"type": "Point", "coordinates": [2.47629613, 48.99114734]}, "properties": {"route": "D317B1", "pr": "0", "abs": 0, "label": "D317B1 PR0"}}, {"type": "Feature", "geometry": {"type": "Point", "coordinates": [2.48053626, 48.992645]}, "properties": {"route": "D317B1", "pr": "0", "abs": 278, "label": "D317B1 PR0+278"}}, {"type": "Feature", "geometry": {"type": "Point", "coordinates": [2.32811754, 48.95957811]}, "properties": {"route": "D193", "pr": "4", "abs": 4429, "label": "D193 PR4+4429"}}, {"type": "Feature", "geometry": {"type": "Point", "coordinates": [2.33331191, 48.96238673]}, "properties": {"route": "D193", "pr": "4", "abs": 3929, "label": "D193 PR4+3929"}}, {"type": "Feature", "geometry": {"type": "Point", "coordinates": [2.46292711, 48.97631289]}, "properties": {"route": "D317A5", "pr": "0", "abs": 0, "label": "D317A5 PR0"}}, {"type": "Feature", "geometry": {"type": "Point", "coordinates": [2.46083299, 48.97407067]}, "properties": {"route": "D317A5", "pr": "0", "abs": 231, "label": "D317A5 PR0+231"}}, {"type": "Feature", "geometry": {"type": "Point", "coordinates": [2.40193435, 48.96107958]}, "properties": {"route": "D84A", "pr": "0", "abs": 0, "label": "D84A PR0"}}, {"type": "Feature", "geometry": {"type": "Point", "coordinates": [2.41528964, 48.95909334]}, "properties": {"route": "D84A", "pr": "1", "abs": 1044, "label": "D84A PR1+1044"}}, {"type": "Feature", "geometry": {"type": "Point", "coordinates": [2.41612026, 48.95930781]}, "properties": {"route": "D84A", "pr": "1", "abs": 1044, "label": "D84A PR1+1044"}}, {"type": "Feature", "geometry": {"type": "Point", "coordinates": [2.41482918, 48.95899487]}, "properties": {"route": "D84A", "pr": "1", "abs": 1007, "label": "D84A PR1+1007"}}, {"type": "Feature", "geometry": {"type": "Point", "coordinates": [2.47650349, 48.99389359]}, "properties": {"route": "D317B4", "pr": "0", "abs": 0, "label": "D317B4 PR0"}}, {"type": "Feature", "geometry": {"type": "Point", "coordinates": [2.47619471, 48.99117747]}, "properties": {"route": "D317B4", "pr": "0", "abs": 196, "label": "D317B4 PR0+196"}}, {"type": "Feature", "geometry": {"type": "Point", "coordinates": [2.48259746, 48.97571143]}, "properties": {"route": "D170F1", "pr": "0", "abs": 0, "label": "D170F1 PR0"}}, {"type": "Feature", "geometry": {"type": "Point", "coordinates": [2.49128493, 48.97548601]}, "properties": {"route": "D170F1", "pr": "0", "abs": 719, "label": "D170F1 PR0+719"}}, {"type": "Feature", "geometry": {"type": "Point", "coordinates": [2.47010365, 48.98335078]}, "properties": {"route": "D84", "pr": "6", "abs": 5298, "label": "D84 PR6+5298"}}, {"type": "Feature", "geometry": {"type": "Point", "coordinates": [2.42233689, 48.97808194]}, "properties": {"route": "D84", "pr": "2", "abs": 2910, "label": "D84 PR2+2910"}}, {"type": "Feature", "geometry": {"type": "Point", "coordinates": [2.40863536, 48.96590856]}, "properties": {"route": "D84", "pr": "1", "abs": 1092, "label": "D84 PR1+1092"}}, {"type": "Feature", "geometry": {"type": "Point", "coordinates": [2.46297821, 48.9847219]}, "properties": {"route": "D84", "pr": "6", "abs": 4730, "label": "D84 PR6+4730"}}, {"type": "Feature", "geometry": {"type": "Point", "coordinates": [2.48928611, 48.97440562]}, "properties": {"route": "D170F3", "pr": "0", "abs": 0, "label": "D170F3 PR0"}}, {"type": "Feature", "geometry": {"type": "Point", "coordinates": [2.48955465, 48.97390588]}, "properties": {"route": "D170F3", "pr": "0", "abs": 264, "label": "D170F3 PR0+264"}}, {"type": "Feature", "geometry": {"type": "Point", "coordinates": [2.29245405, 48.98917534]}, "properties": {"route": "D109E", "pr": "0", "abs": 0, "label": "D109E PR0"}}, {"type": "Feature", "geometry": {"type": "Point", "coordinates": [2.29894524, 48.99216117]}, "properties": {"route": "D109E", "pr": "0", "abs": 620, "label": "D109E PR0+620"}}, {"type": "Feature", "geometry": {"type": "Point", "coordinates": [2.35574088, 49.00603099]}, "properties": {"route": "D301A1", "pr": "0", "abs": 0, "label": "D301A1 PR0"}}, {"type": "Feature", "geometry": {"type": "Point", "coordinates": [2.35619649, 49.00599477]}, "properties": {"route": "D301A1", "pr": "0", "abs": 172, "label": "D301A1 PR0+172"}}, {"type": "Feature", "geometry": {"type": "Point", "coordinates": [2.45717394, 48.97742723]}, "properties": {"route": "D170D3", "pr": "0", "abs": 0, "label": "D170D3 PR0"}}, {"type": "Feature", "geometry": {"type": "Point", "coordinates": [2.4592295, 48.97772877]}, "properties": {"route": "D170D3", "pr": "0", "abs": 147, "label": "D170D3 PR0+147"}}, {"type": "Feature", "geometry": {"type": "Point", "coordinates": [2.37009037, 48.9827855]}, "properties": {"route": "D311", "pr": "14", "abs": 14097, "label": "D311 PR14+14097"}}, {"type": "Feature", "geometry": {"type": "Point", "coordinates": [2.30049669, 48.96573303]}, "properties": {"route": "D311", "pr": "8", "abs": 7265, "label": "D311 PR8+7265"}}, {"type": "Feature", "geometry": {"type": "Point", "coordinates": [2.35315206, 48.98188155]}, "properties": {"route": "D311", "pr": "13", "abs": 12521, "label": "D311 PR13+12521"}}, {"type": "Feature", "geometry": {"type": "Point", "coordinates": [2.36126045, 48.9848916]}, "properties": {"route": "D311", "pr": "13", "abs": 13432, "label": "D311 PR13+13432"}}, {"type": "Feature", "geometry": {"type": "Point", "coordinates": [2.36212709, 48.98496905]}, "properties": {"route": "D311", "pr": "13", "abs": 13433, "label": "D311 PR13+13433"}}, {"type": "Feature", "geometry": {"type": "Point", "coordinates": [2.36324462, 48.98486618]}, "properties": {"route": "D311", "pr": "14", "abs": 13517, "label": "D311 PR14+13517"}}, {"type": "Feature", "geometry": {"type": "Point", "coordinates": [2.35664567, 49.00603585]}, "properties": {"route": "D301A2", "pr": "0", "abs": 0, "label": "D301A2 PR0"}}, {"type": "Feature", "geometry": {"type": "Point", "coordinates": [2.35668783, 49.00627437]}, "properties": {"route": "D301A2", "pr": "0", "abs": 172, "label": "D301A2 PR0+172"}}, {"type": "Feature", "geometry": {"type": "Point", "coordinates": [2.37984928, 48.98657449]}, "properties": {"route": "D316B2", "pr": "0", "abs": 0, "label": "D316B2 PR0"}}, {"type": "Feature", "geometry": {"type": "Point", "coordinates": [2.38150945, 48.987601]}, "properties": {"route": "D316B2", "pr": "0", "abs": 117, "label": "D316B2 PR0+117"}}, {"type": "Feature", "geometry": {"type": "Point", "coordinates": [2.46462724, 48.97743375]}, "properties": {"route": "D170E2", "pr": "0", "abs": 0, "label": "D170E2 PR0"}}, {"type": "Feature", "geometry": {"type": "Point", "coordinates": [2.46394682, 48.97731201]}, "properties": {"route": "D170E2", "pr": "0", "abs": 383, "label": "D170E2 PR0+383"}}, {"type": "Feature", "geometry": {"type": "Point", "coordinates": [2.48724321, 48.97447963]}, "properties": {"route": "D170", "pr": "18", "abs": 7919, "label": "D170 PR18+7919"}}, {"type": "Feature", "geometry": {"type": "Point", "coordinates": [2.29134103, 48.9783094]}, "properties": {"route": "D170", "pr": "3", "abs": 3365, "label": "D170 PR3+3365"}}, {"type": "Feature", "geometry": {"type": "Point", "coordinates": [2.52816249, 49.00901595]}, "properties": {"route": "A1", "pr": "19", "abs": 70, "label": "A1 PR19+70 (D)"}}, {"type": "Feature", "geometry": {"type": "Point", "coordinates": [2.45633755, 48.81811007]}, "properties": {"route": "A4", "pr": "5", "abs": 5043, "label": "A4 PR5+5043 (D)"}}, {"type": "Feature", "geometry": {"type": "Point", "coordinates": [2.44339714, 48.81704413]}, "properties": {"route": "A4", "pr": "4", "abs": 4024, "label": "A4 PR4+4024 (D)"}}, {"type": "Feature", "geometry": {"type": "Point", "coordinates": [2.42989462, 48.81724043]}, "properties": {"route": "A4", "pr": "3", "abs": 3022, "label": "A4 PR3+3022 (D)"}}, {"type": "Feature", "geometry": {"type": "Point", "coordinates": [2.50260545, 48.82827196]}, "properties": {"route": "A4", "pr": "9", "abs": 9050, "label": "A4 PR9+9050 (D)"}}, {"type": "Feature", "geometry": {"type": "Point", "coordinates": [2.48961074, 48.83017692]}, "properties": {"route": "A4", "pr": "8", "abs": 8051, "label": "A4 PR8+8051 (D)"}}, {"type": "Feature", "geometry": {"type": "Point", "coordinates": [2.41619016, 48.81733799]}, "properties": {"route": "A4", "pr": "2", "abs": 2018, "label": "A4 PR2+2018 (D)"}}, {"type": "Feature", "geometry": {"type": "Point", "coordinates": [2.53847314, 48.83515104]}, "properties": {"route": "A4", "pr": "12", "abs": 12081, "label": "A4 PR12+12081 (D)"}}, {"type": "Feature", "geometry": {"type": "Point", "coordinates": [2.40336614, 48.81987209]}, "properties": {"route": "A4", "pr": "1", "abs": 1000, "label": "A4 PR1+1000 (D)"}}, {"type": "Feature", "geometry": {"type": "Point", "coordinates": [2.46389012, 48.82505583]}, "properties": {"route": "A4", "pr": "6", "abs": 6048, "label": "A4 PR6+6048 (D)"}}, {"type": "Feature", "geometry": {"type": "Point", "coordinates": [2.51579269, 48.82650488]}, "properties": {"route": "A4", "pr": "10", "abs": 10059, "label": "A4 PR10+10059 (D)"}}, {"type": "Feature", "geometry": {"type": "Point", "coordinates": [2.47632716, 48.82846737]}, "properties": {"route": "A4", "pr": "7", "abs": 7047, "label": "A4 PR7+7047 (D)"}}, {"type": "Feature", "geometry": {"type": "Point", "coordinates": [2.5281064, 48.82905072]}, "properties": {"route": "A4", "pr": "11", "abs": 11081, "label": "A4 PR11+11081 (D)"}}, {"type": "Feature", "geometry": {"type": "Point", "coordinates": [2.36128321, 48.81627393]}, "properties": {"route": "A6B", "pr": "0", "abs": 0, "label": "A6B PR0 (D)"}}, {"type": "Feature", "geometry": {"type": "Point", "coordinates": [2.34739242, 48.80797582]}, "properties": {"route": "A6B", "pr": "1", "abs": 1475, "label": "A6B PR1+1475 (D)"}}, {"type": "Feature", "geometry": {"type": "Point", "coordinates": [2.34012611, 48.80822913]}, "properties": {"route": "A6A", "pr": "1", "abs": 1340, "label": "A6A PR1+1340 (D)"}}, {"type": "Feature", "geometry": {"type": "Point", "coordinates": [2.33287765, 48.81825845]}, "properties": {"route": "A6A", "pr": "0", "abs": 0, "label": "A6A PR0 (D)"}}, {"type": "Feature", "geometry": {"type": "Point", "coordinates": [2.59200147, 48.83353071]}, "properties": {"route": "A4", "pr": "16", "abs": 400, "label": "A4 PR16+400 (D)"}}, {"type": "Feature", "geometry": {"type": "Point", "coordinates": [2.55189097, 48.8362525]}, "properties": {"route": "A4", "pr": "13", "abs": 300, "label": "A4 PR13+300 (D)"}}, {"type": "Feature", "geometry": {"type": "Point", "coordinates": [2.56528481, 48.83555817]}, "properties": {"route": "A4", "pr": "14", "abs": 1300, "label": "A4 PR14+1300 (D)"}}, {"type": "Feature", "geometry": {"type": "Point", "coordinates": [2.57875325, 48.8348599]}, "properties": {"route": "A4", "pr": "15", "abs": 2300, "label": "A4 PR15+2300 (D)"}}, {"type": "Feature", "geometry": {"type": "Point", "coordinates": [2.51013485, 48.9544591]}, "properties": {"route": "N2", "pr": "18", "abs": 0, "label": "N2 PR18 (D)"}}, {"type": "Feature", "geometry": {"type": "Point", "coordinates": [2.46802628, 48.96059336]}, "properties": {"route": "A1", "pr": "12", "abs": 12003, "label": "A1 PR12+12003 (D)"}}, {"type": "Feature", "geometry": {"type": "Point", "coordinates": [2.43606057, 48.94360315]}, "properties": {"route": "A1", "pr": "9", "abs": 8995, "label": "A1 PR9+8995 (D)"}}, {"type": "Feature", "geometry": {"type": "Point", "coordinates": [2.45747399, 48.95483219]}, "properties": {"route": "A1", "pr": "11", "abs": 11012, "label": "A1 PR11+11012 (D)"}}, {"type": "Feature", "geometry": {"type": "Point", "coordinates": [2.3575296, 48.91953238]}, "properties": {"route": "A1", "pr": "2", "abs": 1980, "label": "A1 PR2+1980 (D)"}}, {"type": "Feature", "geometry": {"type": "Point", "coordinates": [2.41060484, 48.93723431]}, "properties": {"route": "A1", "pr": "7", "abs": 7007, "label": "A1 PR7+7007 (D)"}}, {"type": "Feature", "geometry": {"type": "Point", "coordinates": [2.51456002, 48.99340344]}, "properties": {"route": "A1", "pr": "17", "abs": 3617, "label": "A1 PR17+3617 (D)"}}, {"type": "Feature", "geometry": {"type": "Point", "coordinates": [2.37088487, 48.93171043]}, "properties": {"route": "A1", "pr": "4", "abs": 3987, "label": "A1 PR4+3987 (D)"}}, {"type": "Feature", "geometry": {"type": "Point", "coordinates": [2.50654814, 48.9862192]}, "properties": {"route": "A1", "pr": "16", "abs": 2620, "label": "A1 PR16+2620 (D)"}}, {"type": "Feature", "geometry": {"type": "Point", "coordinates": [2.39769755, 48.93447949]}, "properties": {"route": "A1", "pr": "6", "abs": 6005, "label": "A1 PR6+6005 (D)"}}, {"type": "Feature", "geometry": {"type": "Point", "coordinates": [2.35813316, 48.9282381]}, "properties": {"route": "A1", "pr": "3", "abs": 2977, "label": "A1 PR3+2977 (D)"}}, {"type": "Feature", "geometry": {"type": "Point", "coordinates": [2.48720074, 48.97324569]}, "properties": {"route": "A1", "pr": "14", "abs": 580, "label": "A1 PR14+580 (D)"}}, {"type": "Feature", "geometry": {"type": "Point", "coordinates": [2.42354358, 48.94022888]}, "properties": {"route": "A1", "pr": "8", "abs": 8007, "label": "A1 PR8+8007 (D)"}}, {"type": "Feature", "geometry": {"type": "Point", "coordinates": [2.52227273, 49.00051666]}, "properties": {"route": "A1", "pr": "18", "abs": 4590, "label": "A1 PR18+4590 (D)"}}, {"type": "Feature", "geometry": {"type": "Point", "coordinates": [2.44690136, 48.9491473]}, "properties": {"route": "A1", "pr": "10", "abs": 10012, "label": "A1 PR10+10012 (D)"}}, {"type": "Feature", "geometry": {"type": "Point", "coordinates": [2.49686048, 48.97963883]}, "properties": {"route": "A1", "pr": "15", "abs": 1580, "label": "A1 PR15+1580 (D)"}}, {"type": "Feature", "geometry": {"type": "Point", "coordinates": [2.47772926, 48.96697394]}, "properties": {"route": "A1", "pr": "13", "abs": 13004, "label": "A1 PR13+13004 (D)"}}, {"type": "Feature", "geometry": {"type": "Point", "coordinates": [2.3582033, 48.91093506]}, "properties": {"route": "A1", "pr": "1", "abs": 974, "label": "A1 PR1+974 (D)"}}, {"type": "Feature", "geometry": {"type": "Point", "coordinates": [2.38401079, 48.93380831]}, "properties": {"route": "A1", "pr": "5", "abs": 5000, "label": "A1 PR5+5000 (D)"}}, {"type": "Feature", "geometry": {"type": "Point", "coordinates": [2.35897698, 48.90162236]}, "properties": {"route": "A1", "pr": "0", "abs": 0, "label": "A1 PR0 (D)"}}, {"type": "Feature", "geometry": {"type": "Point", "coordinates": [2.45077327, 48.90831245]}, "properties": {"route": "A86", "pr": "22", "abs": 9976, "label": "A86 PR22+9976 (D)"}}, {"type": "Feature", "geometry": {"type": "Point", "coordinates": [2.42362785, 48.92572477]}, "properties": {"route": "A86", "pr": "19", "abs": 6976, "label": "A86 PR19+6976 (D)"}}, {"type": "Feature", "geometry": {"type": "Point", "coordinates": [2.48323025, 48.82974841]}, "properties": {"route": "A86", "pr": "33", "abs": 4138, "label": "A86 PR33+4138 (D)"}}, {"type": "Feature", "geometry": {"type": "Point", "coordinates": [2.47703042, 48.87772119]}, "properties": {"route": "A86", "pr": "27", "abs": 13498, "label": "A86 PR27+13498 (D)"}}, {"type": "Feature", "geometry": {"type": "Point", "coordinates": [2.47020404, 48.88477513]}, "properties": {"route": "A86", "pr": "26", "abs": 12472, "label": "A86 PR26+12472 (D)"}}, {"type": "Feature", "geometry": {"type": "Point", "coordinates": [2.48243032, 48.86970648]}, "properties": {"route": "A86", "pr": "28", "abs": 14487, "label": "A86 PR28+14487 (D)"}}, {"type": "Feature", "geometry": {"type": "Point", "coordinates": [2.44875238, 48.80773969]}, "properties": {"route": "A86", "pr": "37", "abs": 5827, "label": "A86 PR37+5827 (D)"}}, {"type": "Feature", "geometry": {"type": "Point", "coordinates": [2.4510807, 48.8161569]}, "properties": {"route": "A86", "pr": "36", "abs": 4837, "label": "A86 PR36+4837 (D)"}}, {"type": "Feature", "geometry": {"type": "Point", "coordinates": [2.46366885, 48.90548412]}, "properties": {"route": "A86", "pr": "23", "abs": 10976, "label": "A86 PR23+10976 (D)"}}, {"type": "Feature", "geometry": {"type": "Point", "coordinates": [2.49324712, 48.83445894]}, "properties": {"route": "A86", "pr": "32", "abs": 3138, "label": "A86 PR32+3138 (D)"}}, {"type": "Feature", "geometry": {"type": "Point", "coordinates": [2.36020681, 48.92198201]}, "properties": {"route": "A86", "pr": "14", "abs": 2118, "label": "A86 PR14+2118 (D)"}}, {"type": "Feature", "geometry": {"type": "Point", "coordinates": [2.48969778, 48.85203965]}, "properties": {"route": "A86", "pr": "30", "abs": 1133, "label": "A86 PR30+1133 (D)"}}, {"type": "Feature", "geometry": {"type": "Point", "coordinates": [2.34665736, 48.92262653]}, "properties": {"route": "A86", "pr": "13", "abs": 1121, "label": "A86 PR13+1121 (D)"}}, {"type": "Feature", "geometry": {"type": "Point", "coordinates": [2.3978759, 48.92567457]}, "properties": {"route": "A86", "pr": "17", "abs": 4968, "label": "A86 PR17+4968 (D)"}}, {"type": "Feature", "geometry": {"type": "Point", "coordinates": [2.38521521, 48.92371458]}, "properties": {"route": "A86", "pr": "16", "abs": 4020, "label": "A86 PR16+4020 (D)"}}, {"type": "Feature", "geometry": {"type": "Point", "coordinates": [2.30156567, 48.93862065]}, "properties": {"route": "A86", "pr": "9", "abs": 8940, "label": "A86 PR9+8940 (D)"}}, {"type": "Feature", "geometry": {"type": "Point", "coordinates": [2.4926641, 48.84313164]}, "properties": {"route": "A86", "pr": "31", "abs": 2137, "label": "A86 PR31+2137 (D)"}}, {"type": "Feature", "geometry": {"type": "Point", "coordinates": [2.32311034, 48.93110479]}, "properties": {"route": "A86", "pr": "11", "abs": 10928, "label": "A86 PR11+10928 (D)"}}, {"type": "Feature", "geometry": {"type": "Point", "coordinates": [2.42885575, 48.91792777]}, "properties": {"route": "A86", "pr": "20", "abs": 7967, "label": "A86 PR20+7967 (D)"}}, {"type": "Feature", "geometry": {"type": "Point", "coordinates": [2.41115066, 48.92796628]}, "properties": {"route": "A86", "pr": "18", "abs": 5978, "label": "A86 PR18+5978 (D)"}}, {"type": "Feature", "geometry": {"type": "Point", "coordinates": [2.37315853, 48.92096951]}, "properties": {"route": "A86", "pr": "15", "abs": 3079, "label": "A86 PR15+3079 (D)"}}, {"type": "Feature", "geometry": {"type": "Point", "coordinates": [2.43825098, 48.91207011]}, "properties": {"route": "A86", "pr": "21", "abs": 8975, "label": "A86 PR21+8975 (D)"}}, {"type": "Feature", "geometry": {"type": "Point", "coordinates": [2.33260823, 48.92762114]}, "properties": {"route": "A86", "pr": "12", "abs": 11733, "label": "A86 PR12+11733 (D)"}}, {"type": "Feature", "geometry": {"type": "Point", "coordinates": [2.31499839, 48.93787532]}, "properties": {"route": "A86", "pr": "10", "abs": 9935, "label": "A86 PR10+9935 (D)"}}, {"type": "Feature", "geometry": {"type": "Point", "coordinates": [2.49844935, 48.97113956]}, "properties": {"route": "A104", "pr": "1", "abs": 984, "label": "A104 PR1+984 (D)"}}, {"type": "Feature", "geometry": {"type": "Point", "coordinates": [2.56922765, 48.96971869]}, "properties": {"route": "A104", "pr": "7", "abs": 6994, "label": "A104 PR7+6994 (D)"}}, {"type": "Feature", "geometry": {"type": "Point", "coordinates": [2.48608381, 48.97223465]}, "properties": {"route": "A104", "pr": "0", "abs": 0, "label": "A104 PR0 (D)"}}, {"type": "Feature", "geometry": {"type": "Point", "coordinates": [2.54514279, 48.96165165]}, "properties": {"route": "A104", "pr": "5", "abs": 4959, "label": "A104 PR5+4959 (D)"}}, {"type": "Feature", "geometry": {"type": "Point", "coordinates": [2.52217647, 48.96283658]}, "properties": {"route": "A104", "pr": "3", "abs": 2952, "label": "A104 PR3+2952 (D)"}}, {"type": "Feature", "geometry": {"type": "Point", "coordinates": [2.53364258, 48.95845021]}, "properties": {"route": "A104", "pr": "4", "abs": 4064, "label": "A104 PR4+4064 (D)"}}, {"type": "Feature", "geometry": {"type": "Point", "coordinates": [2.55712698, 48.96559924]}, "properties": {"route": "A104", "pr": "6", "abs": 5969, "label": "A104 PR6+5969 (D)"}}, {"type": "Feature", "geometry": {"type": "Point", "coordinates": [2.59043447, 48.97314624]}, "properties": {"route": "A104", "pr": "10", "abs": 1690, "label": "A104 PR10+1690 (D)"}}, {"type": "Feature", "geometry": {"type": "Point", "coordinates": [2.51070255, 48.96741155]}, "properties": {"route": "A104", "pr": "2", "abs": 1966, "label": "A104 PR2+1966 (D)"}}, {"type": "Feature", "geometry": {"type": "Point", "coordinates": [2.57726598, 48.97305559]}, "properties": {"route": "A104", "pr": "9", "abs": 600, "label": "A104 PR9+600 (D)"}}, {"type": "Feature", "geometry": {"type": "Point", "coordinates": [2.47692879, 48.88675441]}, "properties": {"route": "A103", "pr": "1", "abs": 723, "label": "A103 PR1+723 (D)"}}, {"type": "Feature", "geometry": {"type": "Point", "coordinates": [2.47302209, 48.89090111]}, "properties": {"route": "A103", "pr": "0", "abs": 0, "label": "A103 PR0 (D)"}}, {"type": "Feature", "geometry": {"type": "Point", "coordinates": [2.48836329, 48.9737893]}, "properties": {"route": "A3", "pr": "16", "abs": 685, "label": "A3 PR16+685 (D)"}}, {"type": "Feature", "geometry": {"type": "Point", "coordinates": [2.50802349, 48.98624684]}, "properties": {"route": "A3", "pr": "18", "abs": 2685, "label": "A3 PR18+2685 (D)"}}, {"type": "Feature", "geometry": {"type": "Point", "coordinates": [2.47744909, 48.91426822]}, "properties": {"route": "A3", "pr": "9", "abs": 8633, "label": "A3 PR9+8633 (D)"}}, {"type": "Feature", "geometry": {"type": "Point", "coordinates": [2.48126638, 48.93073185]}, "properties": {"route": "A3", "pr": "11", "abs": 10526, "label": "A3 PR11+10526 (D)"}}, {"type": "Feature", "geometry": {"type": "Point", "coordinates": [2.41258694, 48.86457533]}, "properties": {"route": "A3", "pr": "0", "abs": 0, "label": "A3 PR0 (D)"}}, {"type": "Feature", "geometry": {"type": "Point", "coordinates": [2.43561069, 48.87296089]}, "properties": {"route": "A3", "pr": "2", "abs": 2057, "label": "A3 PR2+2057 (D)"}}, {"type": "Feature", "geometry": {"type": "Point", "coordinates": [2.46992474, 48.89720959]}, "properties": {"route": "A3", "pr": "7", "abs": 6593, "label": "A3 PR7+6593 (D)"}}, {"type": "Feature", "geometry": {"type": "Point", "coordinates": [2.47483732, 48.95012453]}, "properties": {"route": "A3", "pr": "13", "abs": 12742, "label": "A3 PR13+12742 (D)"}}, {"type": "Feature", "geometry": {"type": "Point", "coordinates": [2.47859895, 48.94167704]}, "properties": {"route": "A3", "pr": "12", "abs": 11762, "label": "A3 PR12+11762 (D)"}}, {"type": "Feature", "geometry": {"type": "Point", "coordinates": [2.49889708, 48.98066349]}, "properties": {"route": "A3", "pr": "17", "abs": 1685, "label": "A3 PR17+1685 (D)"}}, {"type": "Feature", "geometry": {"type": "Point", "coordinates": [2.42552732, 48.86678397]}, "properties": {"route": "A3", "pr": "1", "abs": 1013, "label": "A3 PR1+1013 (D)"}}, {"type": "Feature", "geometry": {"type": "Point", "coordinates": [2.47864981, 48.96738351]}, "properties": {"route": "A3", "pr": "15", "abs": 14769, "label": "A3 PR15+14769 (D)"}}, {"type": "Feature", "geometry": {"type": "Point", "coordinates": [2.45783934, 48.88311539]}, "properties": {"route": "A3", "pr": "4", "abs": 4069, "label": "A3 PR4+4069 (D)"}}, {"type": "Feature", "geometry": {"type": "Point", "coordinates": [2.47227573, 48.90600618]}, "properties": {"route": "A3", "pr": "8", "abs": 7633, "label": "A3 PR8+7633 (D)"}}, {"type": "Feature", "geometry": {"type": "Point", "coordinates": [2.46596181, 48.88383538]}, "properties": {"route": "A3", "pr": "5", "abs": 4683, "label": "A3 PR5+4683 (D)"}}, {"type": "Feature", "geometry": {"type": "Point", "coordinates": [2.47343162, 48.95936725]}, "properties": {"route": "A3", "pr": "14", "abs": 13776, "label": "A3 PR14+13776 (D)"}}, {"type": "Feature", "geometry": {"type": "Point", "coordinates": [2.48049951, 48.92278606]}, "properties": {"route": "A3", "pr": "10", "abs": 9633, "label": "A3 PR10+9633 (D)"}}, {"type": "Feature", "geometry": {"type": "Point", "coordinates": [2.4465397, 48.87818216]}, "properties": {"route": "A3", "pr": "3", "abs": 3067, "label": "A3 PR3+3067 (D)"}}, {"type": "Feature", "geometry": {"type": "Point", "coordinates": [2.47404916, 48.88872929]}, "properties": {"route": "A3", "pr": "6", "abs": 5623, "label": "A3 PR6+5623 (D)"}}, {"type": "Feature", "geometry": {"type": "Point", "coordinates": [2.46726995, 48.90578797]}, "properties": {"route": "N186", "pr": "40", "abs": 471, "label": "N186 PR40+471 (D)"}}, {"type": "Feature", "geometry": {"type": "Point", "coordinates": [2.29797248, 48.93793328]}, "properties": {"route": "A15", "pr": "4", "abs": 50, "label": "A15 PR4+50 (D)"}}, {"type": "Feature", "geometry": {"type": "Point", "coordinates": [2.29842134, 48.93764814]}, "properties": {"route": "A15", "pr": "0", "abs": 0, "label": "A15 PR0 (D)"}}, {"type": "Feature", "geometry": {"type": "Point", "coordinates": [2.30616474, 48.92142046]}, "properties": {"route": "N315", "pr": "2", "abs": 730, "label": "N315 PR2+730 (D)"}}, {"type": "Feature", "geometry": {"type": "Point", "coordinates": [2.3022911, 48.92992782]}, "properties": {"route": "N315", "pr": "3", "abs": 1730, "label": "N315 PR3+1730 (D)"}}, {"type": "Feature", "geometry": {"type": "Point", "coordinates": [2.30971864, 48.91501365]}, "properties": {"route": "N315", "pr": "1", "abs": 0, "label": "N315 PR1 (D)"}}, {"type": "Feature", "geometry": {"type": "Point", "coordinates": [2.29842134, 48.93764814]}, "properties": {"route": "N315", "pr": "999", "abs": 2680, "label": "N315 PR999+2680 (D)"}}, {"type": "Feature", "geometry": {"type": "Point", "coordinates": [2.49410592, 48.83552742]}, "properties": {"route": "N486", "pr": "999", "abs": 599, "label": "N486 PR999+599 (D)"}}, {"type": "Feature", "geometry": {"type": "Point", "coordinates": [2.49331074, 48.83015668]}, "properties": {"route": "N486", "pr": "0", "abs": 0, "label": "N486 PR0 (D)"}}, {"type": "Feature", "geometry": {"type": "Point", "coordinates": [2.48639469, 48.97311994]}, "properties": {"route": "A3", "pr": "16", "abs": 545, "label": "A3 PR16+545 (G)"}}, {"type": "Feature", "geometry": {"type": "Point", "coordinates": [2.50497111, 48.98696806]}, "properties": {"route": "A3", "pr": "18", "abs": 2610, "label": "A3 PR18+2610 (G)"}}, {"type": "Feature", "geometry": {"type": "Point", "coordinates": [2.47723312, 48.91430684]}, "properties": {"route": "A3", "pr": "9", "abs": 8581, "label": "A3 PR9+8581 (G)"}}, {"type": "Feature", "geometry": {"type": "Point", "coordinates": [2.48105359, 48.93071924]}, "properties": {"route": "A3", "pr": "11", "abs": 10463, "label": "A3 PR11+10463 (G)"}}, {"type": "Feature", "geometry": {"type": "Point", "coordinates": [2.43546469, 48.8730978]}, "properties": {"route": "A3", "pr": "2", "abs": 2026, "label": "A3 PR2+2026 (G)"}}, {"type": "Feature", "geometry": {"type": "Point", "coordinates": [2.46961569, 48.89715337]}, "properties": {"route": "A3", "pr": "7", "abs": 6531, "label": "A3 PR7+6531 (G)"}}, {"type": "Feature", "geometry": {"type": "Point", "coordinates": [2.47463288, 48.95008856]}, "properties": {"route": "A3", "pr": "13", "abs": 12676, "label": "A3 PR13+12676 (G)"}}, {"type": "Feature", "geometry": {"type": "Point", "coordinates": [2.47839594, 48.94163749]}, "properties": {"route": "A3", "pr": "12", "abs": 11696, "label": "A3 PR12+11696 (G)"}}, {"type": "Feature", "geometry": {"type": "Point", "coordinates": [2.49655711, 48.97992981]}, "properties": {"route": "A3", "pr": "17", "abs": 1610, "label": "A3 PR17+1610 (G)"}}, {"type": "Feature", "geometry": {"type": "Point", "coordinates": [2.4254125, 48.8669363]}, "properties": {"route": "A3", "pr": "1", "abs": 1023, "label": "A3 PR1+1023 (G)"}}, {"type": "Feature", "geometry": {"type": "Point", "coordinates": [2.47649972, 48.96727612]}, "properties": {"route": "A3", "pr": "15", "abs": 14640, "label": "A3 PR15+14640 (G)"}}, {"type": "Feature", "geometry": {"type": "Point", "coordinates": [2.45770291, 48.88325327]}, "properties": {"route": "A3", "pr": "4", "abs": 4041, "label": "A3 PR4+4041 (G)"}}, {"type": "Feature", "geometry": {"type": "Point", "coordinates": [2.4720612, 48.9060412]}, "properties": {"route": "A3", "pr": "8", "abs": 7581, "label": "A3 PR8+7581 (G)"}}, {"type": "Feature", "geometry": {"type": "Point", "coordinates": [2.46597157, 48.88394784]}, "properties": {"route": "A3", "pr": "5", "abs": 4671, "label": "A3 PR5+4671 (G)"}}, {"type": "Feature", "geometry": {"type": "Point", "coordinates": [2.47322257, 48.95937802]}, "properties": {"route": "A3", "pr": "14", "abs": 13717, "label": "A3 PR14+13717 (G)"}}, {"type": "Feature", "geometry": {"type": "Point", "coordinates": [2.48029579, 48.92282475]}, "properties": {"route": "A3", "pr": "10", "abs": 9581, "label": "A3 PR10+9581 (G)"}}, {"type": "Feature", "geometry": {"type": "Point", "coordinates": [2.44640051, 48.87832181]}, "properties": {"route": "A3", "pr": "3", "abs": 3036, "label": "A3 PR3+3036 (G)"}}, {"type": "Feature", "geometry": {"type": "Point", "coordinates": [2.47383529, 48.88870496]}, "properties": {"route": "A3", "pr": "6", "abs": 5571, "label": "A3 PR6+5571 (G)"}}, {"type": "Feature", "geometry": {"type": "Point", "coordinates": [2.3403185, 48.80830574]}, "properties": {"route": "A6A", "pr": "1", "abs": 1340, "label": "A6A PR1+1340 (G)"}}, {"type": "Feature", "geometry": {"type": "Point", "coordinates": [2.45627327, 48.81826627]}, "properties": {"route": "A4", "pr": "5", "abs": 4998, "label": "A4 PR5+4998 (G)"}}, {"type": "Feature", "geometry": {"type": "Point", "coordinates": [2.44351514, 48.81721736]}, "properties": {"route": "A4", "pr": "4", "abs": 4006, "label": "A4 PR4+4006 (G)"}}, {"type": "Feature", "geometry": {"type": "Point", "coordinates": [2.4299214, 48.81740695]}, "properties": {"route": "A4", "pr": "3", "abs": 3000, "label": "A4 PR3+3000 (G)"}}, {"type": "Feature", "geometry": {"type": "Point", "coordinates": [2.59206167, 48.83367122]}, "properties": {"route": "A4", "pr": "16", "abs": 400, "label": "A4 PR16+400 (G)"}}, {"type": "Feature", "geometry": {"type": "Point", "coordinates": [2.50281516, 48.82842123]}, "properties": {"route": "A4", "pr": "9", "abs": 9035, "label": "A4 PR9+9035 (G)"}}, {"type": "Feature", "geometry": {"type": "Point", "coordinates": [2.55189354, 48.83642878]}, "properties": {"route": "A4", "pr": "13", "abs": 300, "label": "A4 PR13+300 (G)"}}, {"type": "Feature", "geometry": {"type": "Point", "coordinates": [2.48969079, 48.83034904]}, "properties": {"route": "A4", "pr": "8", "abs": 8025, "label": "A4 PR8+8025 (G)"}}, {"type": "Feature", "geometry": {"type": "Point", "coordinates": [2.56524534, 48.83571721]}, "properties": {"route": "A4", "pr": "14", "abs": 1300, "label": "A4 PR14+1300 (G)"}}, {"type": "Feature", "geometry": {"type": "Point", "coordinates": [2.41621541, 48.81763671]}, "properties": {"route": "A4", "pr": "2", "abs": 1994, "label": "A4 PR2+1994 (G)"}}, {"type": "Feature", "geometry": {"type": "Point", "coordinates": [2.53836285, 48.83529811]}, "properties": {"route": "A4", "pr": "12", "abs": 12032, "label": "A4 PR12+12032 (G)"}}, {"type": "Feature", "geometry": {"type": "Point", "coordinates": [2.40351837, 48.82001855]}, "properties": {"route": "A4", "pr": "1", "abs": 997, "label": "A4 PR1+997 (G)"}}, {"type": "Feature", "geometry": {"type": "Point", "coordinates": [2.46378903, 48.82521726]}, "properties": {"route": "A4", "pr": "6", "abs": 5999, "label": "A4 PR6+5999 (G)"}}, {"type": "Feature", "geometry": {"type": "Point", "coordinates": [2.51611821, 48.82665459]}, "properties": {"route": "A4", "pr": "10", "abs": 10035, "label": "A4 PR10+10035 (G)"}}, {"type": "Feature", "geometry": {"type": "Point", "coordinates": [2.47631608, 48.82862111]}, "properties": {"route": "A4", "pr": "7", "abs": 7019, "label": "A4 PR7+7019 (G)"}}, {"type": "Feature", "geometry": {"type": "Point", "coordinates": [2.52795783, 48.82921202]}, "properties": {"route": "A4", "pr": "11", "abs": 11022, "label": "A4 PR11+11022 (G)"}}, {"type": "Feature", "geometry": {"type": "Point", "coordinates": [2.57867844, 48.83501432]}, "properties": {"route": "A4", "pr": "15", "abs": 2300, "label": "A4 PR15+2300 (G)"}}, {"type": "Feature", "geometry": {"type": "Point", "coordinates": [2.45085503, 48.90845041]}, "properties": {"route": "A86", "pr": "22", "abs": 9979, "label": "A86 PR22+9979 (G)"}}, {"type": "Feature", "geometry": {"type": "Point", "coordinates": [2.42369186, 48.92585997]}, "properties": {"route": "A86", "pr": "19", "abs": 6977, "label": "A86 PR19+6977 (G)"}}, {"type": "Feature", "geometry": {"type": "Point", "coordinates": [2.48429439, 48.82944722]}, "properties": {"route": "A86", "pr": "33", "abs": 4157, "label": "A86 PR33+4157 (G)"}}, {"type": "Feature", "geometry": {"type": "Point", "coordinates": [2.47723708, 48.87777965]}, "properties": {"route": "A86", "pr": "27", "abs": 13814, "label": "A86 PR27+13814 (G)"}}, {"type": "Feature", "geometry": {"type": "Point", "coordinates": [2.47257177, 48.88540611]}, "properties": {"route": "A86", "pr": "26", "abs": 12810, "label": "A86 PR26+12810 (G)"}}, {"type": "Feature", "geometry": {"type": "Point", "coordinates": [2.48261988, 48.8697001]}, "properties": {"route": "A86", "pr": "28", "abs": 14812, "label": "A86 PR28+14812 (G)"}}, {"type": "Feature", "geometry": {"type": "Point", "coordinates": [2.44901114, 48.80773549]}, "properties": {"route": "A86", "pr": "37", "abs": 5924, "label": "A86 PR37+5924 (G)"}}, {"type": "Feature", "geometry": {"type": "Point", "coordinates": [2.45195238, 48.81601969]}, "properties": {"route": "A86", "pr": "36", "abs": 4927, "label": "A86 PR36+4927 (G)"}}, {"type": "Feature", "geometry": {"type": "Point", "coordinates": [2.46375373, 48.90558792]}, "properties": {"route": "A86", "pr": "23", "abs": 10973, "label": "A86 PR23+10973 (G)"}}, {"type": "Feature", "geometry": {"type": "Point", "coordinates": [2.49342741, 48.83441114]}, "properties": {"route": "A86", "pr": "32", "abs": 3157, "label": "A86 PR32+3157 (G)"}}, {"type": "Feature", "geometry": {"type": "Point", "coordinates": [2.36023831, 48.92219441]}, "properties": {"route": "A86", "pr": "14", "abs": 2112, "label": "A86 PR14+2112 (G)"}}, {"type": "Feature", "geometry": {"type": "Point", "coordinates": [2.49024937, 48.85221377]}, "properties": {"route": "A86", "pr": "30", "abs": 1140, "label": "A86 PR30+1140 (G)"}}, {"type": "Feature", "geometry": {"type": "Point", "coordinates": [2.34666621, 48.92279115]}, "properties": {"route": "A86", "pr": "13", "abs": 1116, "label": "A86 PR13+1116 (G)"}}, {"type": "Feature", "geometry": {"type": "Point", "coordinates": [2.39782203, 48.92584876]}, "properties": {"route": "A86", "pr": "17", "abs": 4962, "label": "A86 PR17+4962 (G)"}}, {"type": "Feature", "geometry": {"type": "Point", "coordinates": [2.3851873, 48.9238826]}, "properties": {"route": "A86", "pr": "16", "abs": 4010, "label": "A86 PR16+4010 (G)"}}, {"type": "Feature", "geometry": {"type": "Point", "coordinates": [2.30151794, 48.93882091]}, "properties": {"route": "A86", "pr": "9", "abs": 8951, "label": "A86 PR9+8951 (G)"}}, {"type": "Feature", "geometry": {"type": "Point", "coordinates": [2.49314841, 48.84348984]}, "properties": {"route": "A86", "pr": "31", "abs": 2148, "label": "A86 PR31+2148 (G)"}}, {"type": "Feature", "geometry": {"type": "Point", "coordinates": [2.3233337, 48.93124724]}, "properties": {"route": "A86", "pr": "11", "abs": 10963, "label": "A86 PR11+10963 (G)"}}, {"type": "Feature", "geometry": {"type": "Point", "coordinates": [2.42908049, 48.91796481]}, "properties": {"route": "A86", "pr": "20", "abs": 7986, "label": "A86 PR20+7986 (G)"}}, {"type": "Feature", "geometry": {"type": "Point", "coordinates": [2.41109581, 48.9281099]}, "properties": {"route": "A86", "pr": "18", "abs": 5973, "label": "A86 PR18+5973 (G)"}}, {"type": "Feature", "geometry": {"type": "Point", "coordinates": [2.37324105, 48.92114351]}, "properties": {"route": "A86", "pr": "15", "abs": 3079, "label": "A86 PR15+3079 (G)"}}, {"type": "Feature", "geometry": {"type": "Point", "coordinates": [2.43834776, 48.91220456]}, "properties": {"route": "A86", "pr": "21", "abs": 8980, "label": "A86 PR21+8980 (G)"}}, {"type": "Feature", "geometry": {"type": "Point", "coordinates": [2.33511543, 48.92708201]}, "properties": {"route": "A86", "pr": "12", "abs": 122, "label": "A86 PR12+122 (G)"}}, {"type": "Feature", "geometry": {"type": "Point", "coordinates": [2.3151078, 48.9380666]}, "properties": {"route": "A86", "pr": "10", "abs": 9961, "label": "A86 PR10+9961 (G)"}}, {"type": "Feature", "geometry": {"type": "Point", "coordinates": [2.34749509, 48.80793231]}, "properties": {"route": "A6B", "pr": "1", "abs": 1295, "label": "A6B PR1+1295 (G)"}}, {"type": "Feature", "geometry": {"type": "Point", "coordinates": [2.29778009, 48.93782604]}, "properties": {"route": "A15", "pr": "4", "abs": 50, "label": "A15 PR4+50 (G)"}}, {"type": "Feature", "geometry": {"type": "Point", "coordinates": [2.30608851, 48.92140653]}, "properties": {"route": "N315", "pr": "2", "abs": 730, "label": "N315 PR2+730 (G)"}}, {"type": "Feature", "geometry": {"type": "Point", "coordinates": [2.30211658, 48.92991421]}, "properties": {"route": "N315", "pr": "3", "abs": 1730, "label": "N315 PR3+1730 (G)"}}, {"type": "Feature", "geometry": {"type": "Point", "coordinates": [2.47572763, 48.88699917]}, "properties": {"route": "A103", "pr": "1", "abs": 544, "label": "A103 PR1+544 (G)"}}, {"type": "Feature", "geometry": {"type": "Point", "coordinates": [2.49859199, 48.97136138]}, "properties": {"route": "A104", "pr": "1", "abs": 1299, "label": "A104 PR1+1299 (G)"}}, {"type": "Feature", "geometry": {"type": "Point", "coordinates": [2.56912286, 48.96983791]}, "properties": {"route": "A104", "pr": "7", "abs": 7303, "label": "A104 PR7+7303 (G)"}}, {"type": "Feature", "geometry": {"type": "Point", "coordinates": [2.54505298, 48.96177001]}, "properties": {"route": "A104", "pr": "5", "abs": 5264, "label": "A104 PR5+5264 (G)"}}, {"type": "Feature", "geometry": {"type": "Point", "coordinates": [2.52240991, 48.96299578]}, "properties": {"route": "A104", "pr": "3", "abs": 3276, "label": "A104 PR3+3276 (G)"}}, {"type": "Feature", "geometry": {"type": "Point", "coordinates": [2.53357724, 48.95857945]}, "properties": {"route": "A104", "pr": "4", "abs": 4374, "label": "A104 PR4+4374 (G)"}}, {"type": "Feature", "geometry": {"type": "Point", "coordinates": [2.55703304, 48.96572389]}, "properties": {"route": "A104", "pr": "6", "abs": 6275, "label": "A104 PR6+6275 (G)"}}, {"type": "Feature", "geometry": {"type": "Point", "coordinates": [2.59054832, 48.97325903]}, "properties": {"route": "A104", "pr": "10", "abs": 1825, "label": "A104 PR10+1825 (G)"}}, {"type": "Feature", "geometry": {"type": "Point", "coordinates": [2.51086035, 48.96762352]}, "properties": {"route": "A104", "pr": "2", "abs": 2283, "label": "A104 PR2+2283 (G)"}}, {"type": "Feature", "geometry": {"type": "Point", "coordinates": [2.57883274, 48.97474087]}, "properties": {"route": "A104", "pr": "9", "abs": 793, "label": "A104 PR9+793 (G)"}}, {"type": "Feature", "geometry": {"type": "Point", "coordinates": [2.52155555, 48.95655283]}, "properties": {"route": "N2", "pr": "19", "abs": 855, "label": "N2 PR19+855 (G)"}}, {"type": "Feature", "geometry": {"type": "Point", "coordinates": [2.52793786, 49.00906632]}, "properties": {"route": "A1", "pr": "19", "abs": 75, "label": "A1 PR19+75 (G)"}}, {"type": "Feature", "geometry": {"type": "Point", "coordinates": [2.46787083, 48.96070418]}, "properties": {"route": "A1", "pr": "12", "abs": 12070, "label": "A1 PR12+12070 (G)"}}, {"type": "Feature", "geometry": {"type": "Point", "coordinates": [2.43594307, 48.94373749]}, "properties": {"route": "A1", "pr": "9", "abs": 9005, "label": "A1 PR9+9005 (G)"}}, {"type": "Feature", "geometry": {"type": "Point", "coordinates": [2.45733077, 48.95494755]}, "properties": {"route": "A1", "pr": "11", "abs": 11060, "label": "A1 PR11+11060 (G)"}}, {"type": "Feature", "geometry": {"type": "Point", "coordinates": [2.35725136, 48.9195219]}, "properties": {"route": "A1", "pr": "2", "abs": 1946, "label": "A1 PR2+1946 (G)"}}, {"type": "Feature", "geometry": {"type": "Point", "coordinates": [2.4105199, 48.93738227]}, "properties": {"route": "A1", "pr": "7", "abs": 6995, "label": "A1 PR7+6995 (G)"}}, {"type": "Feature", "geometry": {"type": "Point", "coordinates": [2.51435551, 48.99349973]}, "properties": {"route": "A1", "pr": "17", "abs": 3648, "label": "A1 PR17+3648 (G)"}}, {"type": "Feature", "geometry": {"type": "Point", "coordinates": [2.37076667, 48.93189057]}, "properties": {"route": "A1", "pr": "4", "abs": 3982, "label": "A1 PR4+3982 (G)"}}, {"type": "Feature", "geometry": {"type": "Point", "coordinates": [2.50637644, 48.98631471]}, "properties": {"route": "A1", "pr": "16", "abs": 2620, "label": "A1 PR16+2620 (G)"}}, {"type": "Feature", "geometry": {"type": "Point", "coordinates": [2.3976505, 48.93465282]}, "properties": {"route": "A1", "pr": "6", "abs": 6000, "label": "A1 PR6+6000 (G)"}}, {"type": "Feature", "geometry": {"type": "Point", "coordinates": [2.35799147, 48.92832907]}, "properties": {"route": "A1", "pr": "3", "abs": 2962, "label": "A1 PR3+2962 (G)"}}, {"type": "Feature", "geometry": {"type": "Point", "coordinates": [2.48704125, 48.97335022]}, "properties": {"route": "A1", "pr": "14", "abs": 580, "label": "A1 PR14+580 (G)"}}, {"type": "Feature", "geometry": {"type": "Point", "coordinates": [2.35871105, 48.90161644]}, "properties": {"route": "A1", "pr": "0", "abs": 0, "label": "A1 PR0 (G)"}}, {"type": "Feature", "geometry": {"type": "Point", "coordinates": [2.4234529, 48.94040471]}, "properties": {"route": "A1", "pr": "8", "abs": 8005, "label": "A1 PR8+8005 (G)"}}, {"type": "Feature", "geometry": {"type": "Point", "coordinates": [2.52209848, 49.0005915]}, "properties": {"route": "A1", "pr": "18", "abs": 4618, "label": "A1 PR18+4618 (G)"}}, {"type": "Feature", "geometry": {"type": "Point", "coordinates": [2.44676778, 48.94925459]}, "properties": {"route": "A1", "pr": "10", "abs": 10060, "label": "A1 PR10+10060 (G)"}}, {"type": "Feature", "geometry": {"type": "Point", "coordinates": [2.496701, 48.97974247]}, "properties": {"route": "A1", "pr": "15", "abs": 1580, "label": "A1 PR15+1580 (G)"}}, {"type": "Feature", "geometry": {"type": "Point", "coordinates": [2.47756978, 48.96707846]}, "properties": {"route": "A1", "pr": "13", "abs": 13068, "label": "A1 PR13+13068 (G)"}}, {"type": "Feature", "geometry": {"type": "Point", "coordinates": [2.3579183, 48.91092275]}, "properties": {"route": "A1", "pr": "1", "abs": 974, "label": "A1 PR1+974 (G)"}}, {"type": "Feature", "geometry": {"type": "Point", "coordinates": [2.38399514, 48.93397729]}, "properties": {"route": "A1", "pr": "5", "abs": 5003, "label": "A1 PR5+5003 (G)"}}, {"type": "Feature", "geometry": {"type": "Point", "coordinates": [2.50997397, 48.95472283]}, "properties": {"route": "N2", "pr": "18", "abs": 0, "label": "N2 PR18 (G)"}}, {"type": "Feature", "geometry": {"type": "Point", "coordinates": [2.57526493, 48.97221043]}, "properties": {"route": "N2", "pr": "0", "abs": 0, "label": "N2 PR0 (G)"}}, {"type": "Feature", "geometry": {"type": "Point", "coordinates": [2.39286544, 48.82501402]}, "properties": {"route": "A4", "pr": "0", "abs": 0, "label": "A4 PR0 (D)"}}, {"type": "Feature", "geometry": {"type": "Point", "coordinates": [2.39286544, 48.82501402]}, "properties": {"route": "A4", "pr": "0", "abs": 0, "label": "A4 PR0 (G)"}}, {"type": "Feature", "geometry": {"type": "Point", "coordinates": [2.29818173, 48.93760087]}, "properties": {"route": "A15", "pr": "0", "abs": 0, "label": "A15 PR0 (G)"}}, {"type": "Feature", "geometry": {"type": "Point", "coordinates": [2.46664794, 48.90578161]}, "properties": {"route": "N186", "pr": "40", "abs": 401, "label": "N186 PR40+401 (G)"}}, {"type": "Feature", "geometry": {"type": "Point", "coordinates": [2.30968687, 48.91493973]}, "properties": {"route": "N315", "pr": "1", "abs": 0, "label": "N315 PR1 (G)"}}, {"type": "Feature", "geometry": {"type": "Point", "coordinates": [2.29818173, 48.93760087]}, "properties": {"route": "N315", "pr": "999", "abs": 2680, "label": "N315 PR999+2680 (G)"}}, {"type": "Feature", "geometry": {"type": "Point", "coordinates": [2.49386597, 48.83554529]}, "properties": {"route": "N486", "pr": "999", "abs": 605, "label": "N486 PR999+605 (G)"}}, {"type": "Feature", "geometry": {"type": "Point", "coordinates": [2.49307915, 48.8301575]}, "properties": {"route": "N486", "pr": "0", "abs": 0, "label": "N486 PR0 (G)"}}, {"type": "Feature", "geometry": {"type": "Point", "coordinates": [2.33302394, 48.81853358]}, "properties": {"route": "A6A", "pr": "0", "abs": 0, "label": "A6A PR0 (G)"}}]}