{"type": "FeatureCollection", "features": [{"type": "Feature", "geometry": {"type": "Point", "coordinates": [2.22968944, 48.76871544]}, "properties": {"route": "N306", "pr": "FS", "abs": null, "label": "N306 PRFS"}}, {"type": "Feature", "geometry": {"type": "Point", "coordinates": [2.22891511, 48.77443353]}, "properties": {"route": "N306", "pr": "FS", "abs": null, "label": "N306 PRFS"}}, {"type": "Feature", "geometry": {"type": "Point", "coordinates": [2.23008255, 48.76872337]}, "properties": {"route": "N306", "pr": "DS", "abs": null, "label": "N306 PRDS"}}, {"type": "Feature", "geometry": {"type": "Point", "coordinates": [2.22976921, 48.76607612]}, "properties": {"route": "N306", "pr": "FS", "abs": null, "label": "N306 PRFS"}}, {"type": "Feature", "geometry": {"type": "Point", "coordinates": [2.2418124, 48.72462823]}, "properties": {"route": "A126", "pr": "DS", "abs": null, "label": "A126 PRDS"}}, {"type": "Feature", "geometry": {"type": "Point", "coordinates": [2.28806043, 48.71222071]}, "properties": {"route": "A126", "pr": "FS", "abs": null, "label": "A126 PRFS"}}, {"type": "Feature", "geometry": {"type": "Point", "coordinates": [2.2418124, 48.72462823]}, "properties": {"route": "A126", "pr": "FS", "abs": null, "label": "A126 PRFS"}}, {"type": "Feature", "geometry": {"type": "Point", "coordinates": [2.27019256, 48.71485794]}, "properties": {"route": "A126", "pr": "DS", "abs": null, "label": "A126 PRDS"}}, {"type": "Feature", "geometry": {"type": "Point", "coordinates": [2.30620787, 48.70630115]}, "properties": {"route": "A126", "pr": "FS", "abs": null, "label": "A126 PRFS"}}, {"type": "Feature", "geometry": {"type": "Point", "coordinates": [2.30167993, 48.71044828]}, "properties": {"route": "A126", "pr": "DS", "abs": null, "label": "A126 PRDS"}}, {"type": "Feature", "geometry": {"type": "Point", "coordinates": [2.24365054, 48.72443481]}, "properties": {"route": "A126", "pr": "FS", "abs": null, "label": "A126 PRFS"}}, {"type": "Feature", "geometry": {"type": "Point", "coordinates": [1.94901908, 48.56042099]}, "properties": {"route": "A10", "pr": "FS", "abs": null, "label": "A10 PRFS"}}, {"type": "Feature", "geometry": {"type": "Point", "coordinates": [2.0360433, 48.58985093]}, "properties": {"route": "A10", "pr": "DS", "abs": null, "label": "A10 PRDS"}}, {"type": "Feature", "geometry": {"type": "Point", "coordinates": [2.1929632, 48.66861303]}, "properties": {"route": "A10", "pr": "FS", "abs": null, "label": "A10 PRFS"}}, {"type": "Feature", "geometry": {"type": "Point", "coordinates": [1.93650497, 48.55597444]}, "properties": {"route": "A10", "pr": "FS", "abs": null, "label": "A10 PRFS"}}, {"type": "Feature", "geometry": {"type": "Point", "coordinates": [1.94910459, 48.56027961]}, "properties": {"route": "A10", "pr": "FS", "abs": null, "label": "A10 PRFS"}}, {"type": "Feature", "geometry": {"type": "Point", "coordinates": [1.93637998, 48.55612356]}, "properties": {"route": "A10", "pr": "DS", "abs": null, "label": "A10 PRDS"}}, {"type": "Feature", "geometry": {"type": "Point", "coordinates": [1.93637998, 48.55612356]}, "properties": {"route": "A10", "pr": "DS", "abs": null, "label": "A10 PRDS"}}, {"type": "Feature", "geometry": {"type": "Point", "coordinates": [2.53589726, 48.63143464]}, "properties": {"route": "A5A", "pr": "FS", "abs": null, "label": "A5A PRFS"}}, {"type": "Feature", "geometry": {"type": "Point", "coordinates": [2.5353681, 48.63463573]}, "properties": {"route": "A5A", "pr": "DS", "abs": null, "label": "A5A PRDS"}}, {"type": "Feature", "geometry": {"type": "Point", "coordinates": [2.53667299, 48.62949831]}, "properties": {"route": "A5A", "pr": "FS", "abs": null, "label": "A5A PRFS"}}, {"type": "Feature", "geometry": {"type": "Point", "coordinates": [2.53612501, 48.63146161]}, "properties": {"route": "A5A", "pr": "FS", "abs": null, "label": "A5A PRFS"}}, {"type": "Feature", "geometry": {"type": "Point", "coordinates": [2.53667299, 48.62949831]}, "properties": {"route": "A5A", "pr": "DS", "abs": null, "label": "A5A PRDS"}}, {"type": "Feature", "geometry": {"type": "Point", "coordinates": [2.53562456, 48.63463943]}, "properties": {"route": "A5A", "pr": "FS", "abs": null, "label": "A5A PRFS"}}, {"type": "Feature", "geometry": {"type": "Point", "coordinates": [2.53612501, 48.63146161]}, "properties": {"route": "A5A", "pr": "DS", "abs": null, "label": "A5A PRDS"}}, {"type": "Feature", "geometry": {"type": "Point", "coordinates": [2.43964136, 48.77278635]}, "properties": {"route": "N6", "pr": "FS", "abs": null, "label": "N6 PRFS"}}, {"type": "Feature", "geometry": {"type": "Point", "coordinates": [2.44297471, 48.72106221]}, "properties": {"route": "N6", "pr": "FS", "abs": null, "label": "N6 PRFS"}}, {"type": "Feature", "geometry": {"type": "Point", "coordinates": [2.4440777, 48.72331238]}, "properties": {"route": "N6", "pr": "DS", "abs": null, "label": "N6 PRDS"}}, {"type": "Feature", "geometry": {"type": "Point", "coordinates": [2.43972425, 48.77279663]}, "properties": {"route": "N6", "pr": "DS", "abs": null, "label": "N6 PRDS"}}, {"type": "Feature", "geometry": {"type": "Point", "coordinates": [2.44308072, 48.7210645]}, "properties": {"route": "N6", "pr": "FS", "abs": null, "label": "N6 PRFS"}}, {"type": "Feature", "geometry": {"type": "Point", "coordinates": [2.44679458, 48.73300213]}, "properties": {"route": "N6", "pr": "FS", "abs": null, "label": "N6 PRFS"}}, {"type": "Feature", "geometry": {"type": "Point", "coordinates": [2.43964136, 48.77278635]}, "properties": {"route": "N6", "pr": "DS", "abs": null, "label": "N6 PRDS"}}, {"type": "Feature", "geometry": {"type": "Point", "coordinates": [2.44489589, 48.72665673]}, "properties": {"route": "N6", "pr": "FS", "abs": null, "label": "N6 PRFS"}}, {"type": "Feature", "geometry": {"type": "Point", "coordinates": [2.44414732, 48.72328482]}, "properties": {"route": "N6", "pr": "DS", "abs": null, "label": "N6 PRDS"}}, {"type": "Feature", "geometry": {"type": "Point", "coordinates": [2.53522062, 48.63886374]}, "properties": {"route": "N6", "pr": "FS", "abs": null, "label": "N6 PRFS"}}, {"type": "Feature", "geometry": {"type": "Point", "coordinates": [2.44297471, 48.72106221]}, "properties": {"route": "N6", "pr": "DS", "abs": null, "label": "N6 PRDS"}}, {"type": "Feature", "geometry": {"type": "Point", "coordinates": [2.44654203, 48.72886172]}, "properties": {"route": "N6", "pr": "FS", "abs": null, "label": "N6 PRFS"}}, {"type": "Feature", "geometry": {"type": "Point", "coordinates": [2.44489589, 48.72665673]}, "properties": {"route": "N6", "pr": "DS", "abs": null, "label": "N6 PRDS"}}, {"type": "Feature", "geometry": {"type": "Point", "coordinates": [2.44681737, 48.73251923]}, "properties": {"route": "N6", "pr": "FS", "abs": null, "label": "N6 PRFS"}}, {"type": "Feature", "geometry": {"type": "Point", "coordinates": [2.44646018, 48.72888833]}, "properties": {"route": "N6", "pr": "DS", "abs": null, "label": "N6 PRDS"}}, {"type": "Feature", "geometry": {"type": "Point", "coordinates": [2.44482772, 48.7266753]}, "properties": {"route": "N6", "pr": "FS", "abs": null, "label": "N6 PRFS"}}, {"type": "Feature", "geometry": {"type": "Point", "coordinates": [2.44646018, 48.72888833]}, "properties": {"route": "N6", "pr": "DS", "abs": null, "label": "N6 PRDS"}}, {"type": "Feature", "geometry": {"type": "Point", "coordinates": [2.44414732, 48.72328482]}, "properties": {"route": "N6", "pr": "FS", "abs": null, "label": "N6 PRFS"}}, {"type": "Feature", "geometry": {"type": "Point", "coordinates": [2.44308072, 48.7210645]}, "properties": {"route": "N6", "pr": "DS", "abs": null, "label": "N6 PRDS"}}, {"type": "Feature", "geometry": {"type": "Point", "coordinates": [2.3945764, 48.7717453]}, "properties": {"route": "A86", "pr": "DS", "abs": null, "label": "A86 PRDS"}}, {"type": "Feature", "geometry": {"type": "Point", "coordinates": [2.31459599, 48.7620284]}, "properties": {"route": "A86", "pr": "DS", "abs": null, "label": "A86 PRDS"}}, {"type": "Feature", "geometry": {"type": "Point", "coordinates": [2.40788685, 48.77402457]}, "properties": {"route": "A86", "pr": "DS", "abs": null, "label": "A86 PRDS"}}, {"type": "Feature", "geometry": {"type": "Point", "coordinates": [2.38152312, 48.76232806]}, "properties": {"route": "A86", "pr": "FS", "abs": null, "label": "A86 PRFS"}}, {"type": "Feature", "geometry": {"type": "Point", "coordinates": [2.39449999, 48.77188072]}, "properties": {"route": "A86", "pr": "DS", "abs": null, "label": "A86 PRDS"}}, {"type": "Feature", "geometry": {"type": "Point", "coordinates": [2.38125435, 48.76996815]}, "properties": {"route": "A86", "pr": "FS", "abs": null, "label": "A86 PRFS"}}, {"type": "Feature", "geometry": {"type": "Point", "coordinates": [2.38175926, 48.76226273]}, "properties": {"route": "A86", "pr": "FS", "abs": null, "label": "A86 PRFS"}}, {"type": "Feature", "geometry": {"type": "Point", "coordinates": [2.3411477, 48.75549235]}, "properties": {"route": "A86", "pr": "FS", "abs": null, "label": "A86 PRFS"}}, {"type": "Feature", "geometry": {"type": "Point", "coordinates": [2.31454263, 48.76194804]}, "properties": {"route": "A86", "pr": "DS", "abs": null, "label": "A86 PRDS"}}, {"type": "Feature", "geometry": {"type": "Point", "coordinates": [2.40786219, 48.77415936]}, "properties": {"route": "A86", "pr": "DS", "abs": null, "label": "A86 PRDS"}}, {"type": "Feature", "geometry": {"type": "Point", "coordinates": [2.40586754, 48.62542935]}, "properties": {"route": "N446", "pr": "FS", "abs": null, "label": "N446 PRFS"}}, {"type": "Feature", "geometry": {"type": "Point", "coordinates": [2.39889499, 48.62620574]}, "properties": {"route": "N446", "pr": "DS", "abs": null, "label": "N446 PRDS"}}, {"type": "Feature", "geometry": {"type": "Point", "coordinates": [2.40586754, 48.62542935]}, "properties": {"route": "N446", "pr": "FS", "abs": null, "label": "N446 PRFS"}}, {"type": "Feature", "geometry": {"type": "Point", "coordinates": [2.39889499, 48.62620574]}, "properties": {"route": "N446", "pr": "DS", "abs": null, "label": "N446 PRDS"}}, {"type": "Feature", "geometry": {"type": "Point", "coordinates": [2.30913528, 48.73117303]}, "properties": {"route": "A10", "pr": "FS", "abs": null, "label": "A10 PRFS"}}, {"type": "Feature", "geometry": {"type": "Point", "coordinates": [2.3214751, 48.74241048]}, "properties": {"route": "A10", "pr": "DS", "abs": null, "label": "A10 PRDS"}}, {"type": "Feature", "geometry": {"type": "Point", "coordinates": [2.32168328, 48.74208786]}, "properties": {"route": "A10", "pr": "FS", "abs": null, "label": "A10 PRFS"}}, {"type": "Feature", "geometry": {"type": "Point", "coordinates": [2.30928203, 48.73107764]}, "properties": {"route": "A10", "pr": "DS", "abs": null, "label": "A10 PRDS"}}, {"type": "Feature", "geometry": {"type": "Point", "coordinates": [2.30907732, 48.73113492]}, "properties": {"route": "A10", "pr": "DS", "abs": null, "label": "A10 PRDS"}}, {"type": "Feature", "geometry": {"type": "Point", "coordinates": [2.30922415, 48.73103323]}, "properties": {"route": "A10", "pr": "FS", "abs": null, "label": "A10 PRFS"}}, {"type": "Feature", "geometry": {"type": "Point", "coordinates": [2.1952738, 48.67096019]}, "properties": {"route": "A10", "pr": "DS", "abs": null, "label": "A10 PRDS"}}, {"type": "Feature", "geometry": {"type": "Point", "coordinates": [2.39067412, 48.64351032]}, "properties": {"route": "N440", "pr": "FS", "abs": null, "label": "N440 PRFS"}}, {"type": "Feature", "geometry": {"type": "Point", "coordinates": [2.35441616, 48.75382892]}, "properties": {"route": "N186", "pr": "FS", "abs": null, "label": "N186 PRFS"}}, {"type": "Feature", "geometry": {"type": "Point", "coordinates": [2.35595945, 48.75376619]}, "properties": {"route": "N186B", "pr": "FS", "abs": null, "label": "N186B PRFS"}}, {"type": "Feature", "geometry": {"type": "Point", "coordinates": [2.33361962, 48.75657487]}, "properties": {"route": "N186B", "pr": "DS", "abs": null, "label": "N186B PRDS"}}, {"type": "Feature", "geometry": {"type": "Point", "coordinates": [2.35501491, 48.7535893]}, "properties": {"route": "N186B", "pr": "DS", "abs": null, "label": "N186B PRDS"}}, {"type": "Feature", "geometry": {"type": "Point", "coordinates": [2.34487265, 48.77019868]}, "properties": {"route": "A106", "pr": "DS", "abs": null, "label": "A106 PRDS"}}, {"type": "Feature", "geometry": {"type": "Point", "coordinates": [2.34565523, 48.769532]}, "properties": {"route": "A106", "pr": "FS", "abs": null, "label": "A106 PRFS"}}, {"type": "Feature", "geometry": {"type": "Point", "coordinates": [2.57610216, 48.7143994]}, "properties": {"route": "N19", "pr": "DS", "abs": null, "label": "N19 PRDS"}}, {"type": "Feature", "geometry": {"type": "Point", "coordinates": [2.22894678, 48.77321141]}, "properties": {"route": "N911804", "pr": "FS", "abs": null, "label": "N911804 PRFS"}}, {"type": "Feature", "geometry": {"type": "Point", "coordinates": [2.22877597, 48.77086549]}, "properties": {"route": "N118", "pr": "FS", "abs": null, "label": "N118 PRFS"}}, {"type": "Feature", "geometry": {"type": "Point", "coordinates": [2.19240257, 48.66850849]}, "properties": {"route": "N118", "pr": "FS", "abs": null, "label": "N118 PRFS"}}, {"type": "Feature", "geometry": {"type": "Point", "coordinates": [2.22877597, 48.77086549]}, "properties": {"route": "N118", "pr": "DS", "abs": null, "label": "N118 PRDS"}}, {"type": "Feature", "geometry": {"type": "Point", "coordinates": [2.22892342, 48.770924]}, "properties": {"route": "N118", "pr": "DS", "abs": null, "label": "N118 PRDS"}}, {"type": "Feature", "geometry": {"type": "Point", "coordinates": [2.22892342, 48.770924]}, "properties": {"route": "N118", "pr": "FS", "abs": null, "label": "N118 PRFS"}}, {"type": "Feature", "geometry": {"type": "Point", "coordinates": [2.19137694, 48.66642006]}, "properties": {"route": "N118", "pr": "DS", "abs": null, "label": "N118 PRDS"}}, {"type": "Feature", "geometry": {"type": "Point", "coordinates": [2.40131935, 48.6357376]}, "properties": {"route": "N449", "pr": "DS", "abs": null, "label": "N449 PRDS"}}, {"type": "Feature", "geometry": {"type": "Point", "coordinates": [1.99837902, 48.77506882]}, "properties": {"route": "D23", "pr": "11", "abs": 11213, "label": "D23 PR11+11213"}}, {"type": "Feature", "geometry": {"type": "Point", "coordinates": [2.06797718, 48.69849822]}, "properties": {"route": "D938", "pr": "15", "abs": 14426, "label": "D938 PR15+14426"}}, {"type": "Feature", "geometry": {"type": "Point", "coordinates": [2.095037, 48.72638311]}, "properties": {"route": "D938", "pr": "11", "abs": 10452, "label": "D938 PR11+10452"}}, {"type": "Feature", "geometry": {"type": "Point", "coordinates": [2.09397084, 48.73266869]}, "properties": {"route": "D938", "pr": "10", "abs": 9456, "label": "D938 PR10+9456"}}, {"type": "Feature", "geometry": {"type": "Point", "coordinates": [2.08465623, 48.71111965]}, "properties": {"route": "D938", "pr": "13", "abs": 12457, "label": "D938 PR13+12457"}}, {"type": "Feature", "geometry": {"type": "Point", "coordinates": [2.08769817, 48.71959998]}, "properties": {"route": "D938", "pr": "12", "abs": 11481, "label": "D938 PR12+11481"}}, {"type": "Feature", "geometry": {"type": "Point", "coordinates": [2.12191046, 48.75694988]}, "properties": {"route": "D938", "pr": "6", "abs": 5970, "label": "D938 PR6+5970"}}, {"type": "Feature", "geometry": {"type": "Point", "coordinates": [2.12231549, 48.7455621]}, "properties": {"route": "D938", "pr": "7", "abs": 7330, "label": "D938 PR7+7330"}}, {"type": "Feature", "geometry": {"type": "Point", "coordinates": [2.13276676, 48.77272099]}, "properties": {"route": "D938", "pr": "4", "abs": 3950, "label": "D938 PR4+3950"}}, {"type": "Feature", "geometry": {"type": "Point", "coordinates": [2.06481259, 48.69005762]}, "properties": {"route": "D938", "pr": "16", "abs": 15483, "label": "D938 PR16+15483"}}, {"type": "Feature", "geometry": {"type": "Point", "coordinates": [2.10124871, 48.70371431]}, "properties": {"route": "D906", "pr": "14", "abs": 0, "label": "D906 PR14"}}, {"type": "Feature", "geometry": {"type": "Point", "coordinates": [2.01933752, 48.69563008]}, "properties": {"route": "D906", "pr": "21", "abs": 6939, "label": "D906 PR21+6939"}}, {"type": "Feature", "geometry": {"type": "Point", "coordinates": [1.93301126, 48.66415261]}, "properties": {"route": "D906", "pr": "29", "abs": 14893, "label": "D906 PR29+14893"}}, {"type": "Feature", "geometry": {"type": "Point", "coordinates": [2.07611297, 48.70647535]}, "properties": {"route": "D906", "pr": "16", "abs": 1944, "label": "D906 PR16+1944"}}, {"type": "Feature", "geometry": {"type": "Point", "coordinates": [1.99410062, 48.67882454]}, "properties": {"route": "D906", "pr": "24", "abs": 9958, "label": "D906 PR24+9958"}}, {"type": "Feature", "geometry": {"type": "Point", "coordinates": [1.92036121, 48.66114213]}, "properties": {"route": "D906", "pr": "30", "abs": 15891, "label": "D906 PR30+15891"}}, {"type": "Feature", "geometry": {"type": "Point", "coordinates": [1.95789606, 48.66962522]}, "properties": {"route": "D906", "pr": "27", "abs": 12898, "label": "D906 PR27+12898"}}, {"type": "Feature", "geometry": {"type": "Point", "coordinates": [2.03048029, 48.70020885]}, "properties": {"route": "D906", "pr": "20", "abs": 5943, "label": "D906 PR20+5943"}}, {"type": "Feature", "geometry": {"type": "Point", "coordinates": [2.03795957, 48.70627093]}, "properties": {"route": "D906", "pr": "19", "abs": 4998, "label": "D906 PR19+4998"}}, {"type": "Feature", "geometry": {"type": "Point", "coordinates": [2.00417926, 48.68483614]}, "properties": {"route": "D906", "pr": "23", "abs": 8956, "label": "D906 PR23+8956"}}, {"type": "Feature", "geometry": {"type": "Point", "coordinates": [2.09076325, 48.70579545]}, "properties": {"route": "D906", "pr": "15", "abs": 822, "label": "D906 PR15+822"}}, {"type": "Feature", "geometry": {"type": "Point", "coordinates": [2.06444568, 48.70683957]}, "properties": {"route": "D906", "pr": "17", "abs": 2951, "label": "D906 PR17+2951"}}, {"type": "Feature", "geometry": {"type": "Point", "coordinates": [1.98286091, 48.67487557]}, "properties": {"route": "D906", "pr": "25", "abs": 10903, "label": "D906 PR25+10903"}}, {"type": "Feature", "geometry": {"type": "Point", "coordinates": [2.05093143, 48.70704136]}, "properties": {"route": "D906", "pr": "18", "abs": 3958, "label": "D906 PR18+3958"}}, {"type": "Feature", "geometry": {"type": "Point", "coordinates": [2.0139467, 48.68744407]}, "properties": {"route": "D906", "pr": "22", "abs": 7944, "label": "D906 PR22+7944"}}, {"type": "Feature", "geometry": {"type": "Point", "coordinates": [1.94478371, 48.66846011]}, "properties": {"route": "D906", "pr": "28", "abs": 13895, "label": "D906 PR28+13895"}}, {"type": "Feature", "geometry": {"type": "Point", "coordinates": [1.97039259, 48.6727104]}, "properties": {"route": "D906", "pr": "26", "abs": 11900, "label": "D906 PR26+11900"}}, {"type": "Feature", "geometry": {"type": "Point", "coordinates": [2.394586, 48.6401148]}, "properties": {"route": "N441", "pr": "FS", "abs": null, "label": "N441 PRFS"}}, {"type": "Feature", "geometry": {"type": "Point", "coordinates": [2.4039586, 48.63387083]}, "properties": {"route": "N441", "pr": "DS", "abs": null, "label": "N441 PRDS"}}, {"type": "Feature", "geometry": {"type": "Point", "coordinates": [2.53752601, 48.4684423]}, "properties": {"route": "N37", "pr": "DS", "abs": null, "label": "N37 PRDS"}}, {"type": "Feature", "geometry": {"type": "Point", "coordinates": [2.53743919, 48.46846985]}, "properties": {"route": "N37", "pr": "FS", "abs": null, "label": "N37 PRFS"}}, {"type": "Feature", "geometry": {"type": "Point", "coordinates": [2.51618172, 48.4771736]}, "properties": {"route": "N37", "pr": "FS", "abs": null, "label": "N37 PRFS"}}, {"type": "Feature", "geometry": {"type": "Point", "coordinates": [2.53753923, 48.46847744]}, "properties": {"route": "N37", "pr": "DS", "abs": null, "label": "N37 PRDS"}}, {"type": "Feature", "geometry": {"type": "Point", "coordinates": [2.52779092, 48.63196498]}, "properties": {"route": "N104", "pr": "FS", "abs": null, "label": "N104 PRFS"}}, {"type": "Feature", "geometry": {"type": "Point", "coordinates": [2.1924695, 48.66848376]}, "properties": {"route": "N104", "pr": "DS", "abs": null, "label": "N104 PRDS"}}, {"type": "Feature", "geometry": {"type": "Point", "coordinates": [2.52776095, 48.63212767]}, "properties": {"route": "N104", "pr": "FS", "abs": null, "label": "N104 PRFS"}}, {"type": "Feature", "geometry": {"type": "Point", "coordinates": [2.52779092, 48.63196498]}, "properties": {"route": "N104", "pr": "DS", "abs": null, "label": "N104 PRDS"}}, {"type": "Feature", "geometry": {"type": "Point", "coordinates": [2.19130597, 48.66644296]}, "properties": {"route": "N104", "pr": "FS", "abs": null, "label": "N104 PRFS"}}, {"type": "Feature", "geometry": {"type": "Point", "coordinates": [2.52776095, 48.63212767]}, "properties": {"route": "N104", "pr": "DS", "abs": null, "label": "N104 PRDS"}}, {"type": "Feature", "geometry": {"type": "Point", "coordinates": [1.9823116, 48.55681241]}, "properties": {"route": "D149", "pr": "0", "abs": 0, "label": "D149 PR0"}}, {"type": "Feature", "geometry": {"type": "Point", "coordinates": [1.99880982, 48.61371104]}, "properties": {"route": "D149", "pr": "6", "abs": 5426, "label": "D149 PR6+5426"}}, {"type": "Feature", "geometry": {"type": "Point", "coordinates": [1.99024931, 48.6380451]}, "properties": {"route": "D149", "pr": "9", "abs": 8378, "label": "D149 PR9+8378"}}, {"type": "Feature", "geometry": {"type": "Point", "coordinates": [1.99636648, 48.60500498]}, "properties": {"route": "D149", "pr": "5", "abs": 4432, "label": "D149 PR5+4432"}}, {"type": "Feature", "geometry": {"type": "Point", "coordinates": [1.99565291, 48.62367967]}, "properties": {"route": "D149", "pr": "7", "abs": 6425, "label": "D149 PR7+6425"}}, {"type": "Feature", "geometry": {"type": "Point", "coordinates": [1.98957879, 48.6727711]}, "properties": {"route": "D149", "pr": "13", "abs": 12349, "label": "D149 PR13+12349"}}, {"type": "Feature", "geometry": {"type": "Point", "coordinates": [1.99702792, 48.6320132]}, "properties": {"route": "D149", "pr": "8", "abs": 7424, "label": "D149 PR8+7424"}}, {"type": "Feature", "geometry": {"type": "Point", "coordinates": [1.99336237, 48.59644519]}, "properties": {"route": "D149", "pr": "4", "abs": 3422, "label": "D149 PR4+3422"}}, {"type": "Feature", "geometry": {"type": "Point", "coordinates": [2.32473532, 48.74648095]}, "properties": {"route": "A6B", "pr": "FS", "abs": null, "label": "A6B PRFS"}}, {"type": "Feature", "geometry": {"type": "Point", "coordinates": [2.32571427, 48.74608174]}, "properties": {"route": "A6B", "pr": "DS", "abs": null, "label": "A6B PRDS"}}, {"type": "Feature", "geometry": {"type": "Point", "coordinates": [2.32571427, 48.74608174]}, "properties": {"route": "A6B", "pr": "FS", "abs": null, "label": "A6B PRFS"}}, {"type": "Feature", "geometry": {"type": "Point", "coordinates": [2.32473532, 48.74648095]}, "properties": {"route": "A6B", "pr": "DS", "abs": null, "label": "A6B PRDS"}}, {"type": "Feature", "geometry": {"type": "Point", "coordinates": [2.29944769, 48.76198997]}, "properties": {"route": "A908627", "pr": "FS", "abs": null, "label": "A908627 PRFS"}}, {"type": "Feature", "geometry": {"type": "Point", "coordinates": [2.29681017, 48.7614528]}, "properties": {"route": "A908627", "pr": "DS", "abs": null, "label": "A908627 PRDS"}}, {"type": "Feature", "geometry": {"type": "Point", "coordinates": [2.29035686, 48.7602013]}, "properties": {"route": "A908627", "pr": "DS", "abs": null, "label": "A908627 PRDS"}}, {"type": "Feature", "geometry": {"type": "Point", "coordinates": [2.36618973, 48.73383179]}, "properties": {"route": "N7", "pr": "DS", "abs": null, "label": "N7 PRDS"}}, {"type": "Feature", "geometry": {"type": "Point", "coordinates": [2.36629827, 48.73385125]}, "properties": {"route": "N7", "pr": "FS", "abs": null, "label": "N7 PRFS"}}, {"type": "Feature", "geometry": {"type": "Point", "coordinates": [2.25013937, 48.7059691]}, "properties": {"route": "N188", "pr": "FS", "abs": null, "label": "N188 PRFS"}}, {"type": "Feature", "geometry": {"type": "Point", "coordinates": [1.98747827, 48.66397015]}, "properties": {"route": "D149", "pr": "12", "abs": 11388, "label": "D149 PR12+11388"}}, {"type": "Feature", "geometry": {"type": "Point", "coordinates": [1.98719898, 48.64599382]}, "properties": {"route": "D149", "pr": "10", "abs": 9383, "label": "D149 PR10+9383"}}, {"type": "Feature", "geometry": {"type": "Point", "coordinates": [1.98237995, 48.57786226]}, "properties": {"route": "D149", "pr": "3", "abs": 2648, "label": "D149 PR3+2648"}}, {"type": "Feature", "geometry": {"type": "Point", "coordinates": [1.97959428, 48.68831007]}, "properties": {"route": "D149", "pr": "15", "abs": 14410, "label": "D149 PR15+14410"}}, {"type": "Feature", "geometry": {"type": "Point", "coordinates": [1.98809668, 48.65502849]}, "properties": {"route": "D149", "pr": "11", "abs": 10393, "label": "D149 PR11+10393"}}, {"type": "Feature", "geometry": {"type": "Point", "coordinates": [1.98296767, 48.68014146]}, "properties": {"route": "D149", "pr": "14", "abs": 13412, "label": "D149 PR14+13412"}}, {"type": "Feature", "geometry": {"type": "Point", "coordinates": [1.98771022, 48.56455745]}, "properties": {"route": "D149", "pr": "1", "abs": 1047, "label": "D149 PR1+1047"}}, {"type": "Feature", "geometry": {"type": "Point", "coordinates": [1.95303411, 48.39415566]}, "properties": {"route": "D141.5", "pr": "0", "abs": 0, "label": "D141.5 PR0"}}, {"type": "Feature", "geometry": {"type": "Point", "coordinates": [2.07023265, 48.76099576]}, "properties": {"route": "D91", "pr": "7", "abs": 5811, "label": "D91 PR7+5811 (G)"}}, {"type": "Feature", "geometry": {"type": "Point", "coordinates": [2.04169953, 48.75460258]}, "properties": {"route": "D91", "pr": "9", "abs": 7061, "label": "D91 PR9+7061 (G)"}}, {"type": "Feature", "geometry": {"type": "Point", "coordinates": [2.08066475, 48.7665623]}, "properties": {"route": "D91", "pr": "6", "abs": 4755, "label": "D91 PR6+4755 (G)"}}, {"type": "Feature", "geometry": {"type": "Point", "coordinates": [2.0840798, 48.77308257]}, "properties": {"route": "D91", "pr": "5", "abs": 3964, "label": "D91 PR5+3964 (G)"}}, {"type": "Feature", "geometry": {"type": "Point", "coordinates": [2.06174368, 48.76165164]}, "properties": {"route": "D91", "pr": "8", "abs": 6482, "label": "D91 PR8+6482 (G)"}}, {"type": "Feature", "geometry": {"type": "Point", "coordinates": [1.97174866, 48.3625663]}, "properties": {"route": "D109.9", "pr": "0", "abs": 0, "label": "D109.9 PR0"}}, {"type": "Feature", "geometry": {"type": "Point", "coordinates": [1.93320671, 48.58951968]}, "properties": {"route": "D132", "pr": "0", "abs": 0, "label": "D132 PR0"}}, {"type": "Feature", "geometry": {"type": "Point", "coordinates": [2.04680554, 48.61053]}, "properties": {"route": "D132", "pr": "11", "abs": 10791, "label": "D132 PR11+10791"}}, {"type": "Feature", "geometry": {"type": "Point", "coordinates": [2.0001081, 48.6206757]}, "properties": {"route": "D132", "pr": "7", "abs": 6858, "label": "D132 PR7+6858"}}, {"type": "Feature", "geometry": {"type": "Point", "coordinates": [2.03579745, 48.61565621]}, "properties": {"route": "D132", "pr": "10", "abs": 9791, "label": "D132 PR10+9791"}}, {"type": "Feature", "geometry": {"type": "Point", "coordinates": [1.9557353, 48.60990466]}, "properties": {"route": "D132", "pr": "3", "abs": 2848, "label": "D132 PR3+2848"}}, {"type": "Feature", "geometry": {"type": "Point", "coordinates": [1.96828499, 48.61031992]}, "properties": {"route": "D132", "pr": "4", "abs": 3843, "label": "D132 PR4+3843"}}, {"type": "Feature", "geometry": {"type": "Point", "coordinates": [1.98871945, 48.62007397]}, "properties": {"route": "D132", "pr": "6", "abs": 5844, "label": "D132 PR6+5844"}}, {"type": "Feature", "geometry": {"type": "Point", "coordinates": [2.01328773, 48.6225182]}, "properties": {"route": "D132", "pr": "8", "abs": 7858, "label": "D132 PR8+7858"}}, {"type": "Feature", "geometry": {"type": "Point", "coordinates": [2.02680783, 48.62215357]}, "properties": {"route": "D132", "pr": "9", "abs": 8858, "label": "D132 PR9+8858"}}, {"type": "Feature", "geometry": {"type": "Point", "coordinates": [1.94591022, 48.60353801]}, "properties": {"route": "D132", "pr": "2", "abs": 1830, "label": "D132 PR2+1830"}}, {"type": "Feature", "geometry": {"type": "Point", "coordinates": [1.98011623, 48.61322316]}, "properties": {"route": "D132", "pr": "5", "abs": 4844, "label": "D132 PR5+4844"}}, {"type": "Feature", "geometry": {"type": "Point", "coordinates": [1.93923525, 48.59751258]}, "properties": {"route": "D132", "pr": "1", "abs": 998, "label": "D132 PR1+998"}}, {"type": "Feature", "geometry": {"type": "Point", "coordinates": [1.93440292, 48.75954534]}, "properties": {"route": "D213", "pr": "10", "abs": 0, "label": "D213 PR10"}}, {"type": "Feature", "geometry": {"type": "Point", "coordinates": [1.93778021, 48.75804541]}, "properties": {"route": "D213", "pr": "11", "abs": 1042, "label": "D213 PR11+1042"}}, {"type": "Feature", "geometry": {"type": "Point", "coordinates": [2.21928521, 48.77603673]}, "properties": {"route": "D57", "pr": "3", "abs": 2973, "label": "D57 PR3+2973"}}, {"type": "Feature", "geometry": {"type": "Point", "coordinates": [2.01057971, 48.66291648]}, "properties": {"route": "D40", "pr": "0", "abs": 0, "label": "D40 PR0"}}, {"type": "Feature", "geometry": {"type": "Point", "coordinates": [2.02075433, 48.6669297]}, "properties": {"route": "D40", "pr": "1", "abs": 1000, "label": "D40 PR1+1000"}}, {"type": "Feature", "geometry": {"type": "Point", "coordinates": [1.91797421, 48.60973212]}, "properties": {"route": "D29", "pr": "0", "abs": 0, "label": "D29 PR0"}}, {"type": "Feature", "geometry": {"type": "Point", "coordinates": [1.94295393, 48.57971542]}, "properties": {"route": "D29", "pr": "4", "abs": 4008, "label": "D29 PR4+4008"}}, {"type": "Feature", "geometry": {"type": "Point", "coordinates": [1.9352729, 48.58627259]}, "properties": {"route": "D29", "pr": "3", "abs": 2979, "label": "D29 PR3+2979"}}, {"type": "Feature", "geometry": {"type": "Point", "coordinates": [1.92982113, 48.59453968]}, "properties": {"route": "D29", "pr": "2", "abs": 1972, "label": "D29 PR2+1972"}}, {"type": "Feature", "geometry": {"type": "Point", "coordinates": [1.92538127, 48.60278683]}, "properties": {"route": "D29", "pr": "1", "abs": 992, "label": "D29 PR1+992"}}, {"type": "Feature", "geometry": {"type": "Point", "coordinates": [1.93762684, 48.56267232]}, "properties": {"route": "D936", "pr": "20", "abs": 0, "label": "D936 PR20"}}, {"type": "Feature", "geometry": {"type": "Point", "coordinates": [1.92716524, 48.56986631]}, "properties": {"route": "D936", "pr": "21", "abs": 1279, "label": "D936 PR21+1279"}}, {"type": "Feature", "geometry": {"type": "Point", "coordinates": [2.06212848, 48.71653147]}, "properties": {"route": "D51", "pr": "0", "abs": 0, "label": "D51 PR0"}}, {"type": "Feature", "geometry": {"type": "Point", "coordinates": [2.06952841, 48.71204155]}, "properties": {"route": "D51", "pr": "1", "abs": 1000, "label": "D51 PR1+1000"}}, {"type": "Feature", "geometry": {"type": "Point", "coordinates": [2.00152008, 48.70833992]}, "properties": {"route": "D91", "pr": "16", "abs": 16085, "label": "D91 PR16+16085"}}, {"type": "Feature", "geometry": {"type": "Point", "coordinates": [1.97779825, 48.69629777]}, "properties": {"route": "D91", "pr": "19", "abs": 19094, "label": "D91 PR19+19094"}}, {"type": "Feature", "geometry": {"type": "Point", "coordinates": [1.9907959, 48.7113296]}, "properties": {"route": "D91", "pr": "17", "abs": 17089, "label": "D91 PR17+17089"}}, {"type": "Feature", "geometry": {"type": "Point", "coordinates": [2.00296125, 48.72619361]}, "properties": {"route": "D91", "pr": "14", "abs": 14135, "label": "D91 PR14+14135"}}, {"type": "Feature", "geometry": {"type": "Point", "coordinates": [2.01971061, 48.74521707]}, "properties": {"route": "D91", "pr": "11", "abs": 11135, "label": "D91 PR11+11135"}}, {"type": "Feature", "geometry": {"type": "Point", "coordinates": [2.03077442, 48.7504443]}, "properties": {"route": "D91", "pr": "10", "abs": 10119, "label": "D91 PR10+10119"}}, {"type": "Feature", "geometry": {"type": "Point", "coordinates": [2.00222715, 48.71729142]}, "properties": {"route": "D91", "pr": "15", "abs": 15088, "label": "D91 PR15+15088"}}, {"type": "Feature", "geometry": {"type": "Point", "coordinates": [2.01947645, 48.73885491]}, "properties": {"route": "D91", "pr": "12", "abs": 12134, "label": "D91 PR12+12134"}}, {"type": "Feature", "geometry": {"type": "Point", "coordinates": [1.96141389, 48.67371466]}, "properties": {"route": "D91", "pr": "22", "abs": 22102, "label": "D91 PR22+22102"}}, {"type": "Feature", "geometry": {"type": "Point", "coordinates": [1.96519015, 48.68145205]}, "properties": {"route": "D91", "pr": "21", "abs": 21083, "label": "D91 PR21+21083"}}, {"type": "Feature", "geometry": {"type": "Point", "coordinates": [1.98452003, 48.70400649]}, "properties": {"route": "D91", "pr": "18", "abs": 18090, "label": "D91 PR18+18090"}}, {"type": "Feature", "geometry": {"type": "Point", "coordinates": [1.97243242, 48.68799581]}, "properties": {"route": "D91", "pr": "20", "abs": 20101, "label": "D91 PR20+20101"}}, {"type": "Feature", "geometry": {"type": "Point", "coordinates": [2.00846888, 48.73364681]}, "properties": {"route": "D91", "pr": "13", "abs": 13135, "label": "D91 PR13+13135"}}, {"type": "Feature", "geometry": {"type": "Point", "coordinates": [1.97012934, 48.6725597]}, "properties": {"route": "D72", "pr": "0", "abs": 0, "label": "D72 PR0"}}, {"type": "Feature", "geometry": {"type": "Point", "coordinates": [1.95165654, 48.63847278]}, "properties": {"route": "D72", "pr": "5", "abs": 4991, "label": "D72 PR5+4991"}}, {"type": "Feature", "geometry": {"type": "Point", "coordinates": [1.93182198, 48.63122233]}, "properties": {"route": "D72", "pr": "7", "abs": 6907, "label": "D72 PR7+6907"}}, {"type": "Feature", "geometry": {"type": "Point", "coordinates": [1.96464767, 48.65677912]}, "properties": {"route": "D72", "pr": "2", "abs": 1981, "label": "D72 PR2+1981"}}, {"type": "Feature", "geometry": {"type": "Point", "coordinates": [1.96174713, 48.64208565]}, "properties": {"route": "D72", "pr": "4", "abs": 3990, "label": "D72 PR4+3990"}}, {"type": "Feature", "geometry": {"type": "Point", "coordinates": [1.94247342, 48.63287094]}, "properties": {"route": "D72", "pr": "6", "abs": 5988, "label": "D72 PR6+5988"}}, {"type": "Feature", "geometry": {"type": "Point", "coordinates": [1.96829016, 48.66513335]}, "properties": {"route": "D72", "pr": "1", "abs": 996, "label": "D72 PR1+996"}}, {"type": "Feature", "geometry": {"type": "Point", "coordinates": [1.96640003, 48.64814868]}, "properties": {"route": "D72", "pr": "3", "abs": 2982, "label": "D72 PR3+2982"}}, {"type": "Feature", "geometry": {"type": "Point", "coordinates": [1.92377999, 48.62394159]}, "properties": {"route": "D72", "pr": "8", "abs": 7910, "label": "D72 PR8+7910"}}, {"type": "Feature", "geometry": {"type": "Point", "coordinates": [2.07435894, 48.76284022]}, "properties": {"route": "D91S", "pr": "6", "abs": 0, "label": "D91S PR6 (G)"}}, {"type": "Feature", "geometry": {"type": "Point", "coordinates": [1.97564716, 48.52773381]}, "properties": {"route": "D116", "pr": "21", "abs": 0, "label": "D116 PR21"}}, {"type": "Feature", "geometry": {"type": "Point", "coordinates": [1.92747761, 48.50989872]}, "properties": {"route": "D116", "pr": "26", "abs": 5000, "label": "D116 PR26+5000"}}, {"type": "Feature", "geometry": {"type": "Point", "coordinates": [1.91561642, 48.50721801]}, "properties": {"route": "D116", "pr": "27", "abs": 6004, "label": "D116 PR27+6004"}}, {"type": "Feature", "geometry": {"type": "Point", "coordinates": [1.93875068, 48.51466829]}, "properties": {"route": "D116", "pr": "25", "abs": 4000, "label": "D116 PR25+4000"}}, {"type": "Feature", "geometry": {"type": "Point", "coordinates": [1.95395164, 48.52847422]}, "properties": {"route": "D116", "pr": "23", "abs": 1996, "label": "D116 PR23+1996"}}, {"type": "Feature", "geometry": {"type": "Point", "coordinates": [1.96242979, 48.52872305]}, "properties": {"route": "D116", "pr": "22", "abs": 995, "label": "D116 PR22+995"}}, {"type": "Feature", "geometry": {"type": "Point", "coordinates": [1.94612912, 48.52114761]}, "properties": {"route": "D116", "pr": "24", "abs": 2995, "label": "D116 PR24+2995"}}, {"type": "Feature", "geometry": {"type": "Point", "coordinates": [2.01678953, 48.73775703]}, "properties": {"route": "D46", "pr": "0", "abs": 0, "label": "D46 PR0"}}, {"type": "Feature", "geometry": {"type": "Point", "coordinates": [2.06266688, 48.71447945]}, "properties": {"route": "D46", "pr": "5", "abs": 4955, "label": "D46 PR5+4955"}}, {"type": "Feature", "geometry": {"type": "Point", "coordinates": [2.05707504, 48.72245169]}, "properties": {"route": "D46", "pr": "4", "abs": 3955, "label": "D46 PR4+3955"}}, {"type": "Feature", "geometry": {"type": "Point", "coordinates": [2.03318424, 48.72689021]}, "properties": {"route": "D46", "pr": "2", "abs": 1961, "label": "D46 PR2+1961"}}, {"type": "Feature", "geometry": {"type": "Point", "coordinates": [2.04559994, 48.7254862]}, "properties": {"route": "D46", "pr": "3", "abs": 2960, "label": "D46 PR3+2960"}}, {"type": "Feature", "geometry": {"type": "Point", "coordinates": [2.02272197, 48.73060265]}, "properties": {"route": "D46", "pr": "1", "abs": 947, "label": "D46 PR1+947"}}, {"type": "Feature", "geometry": {"type": "Point", "coordinates": [2.03911635, 48.70736775]}, "properties": {"route": "D58", "pr": "0", "abs": 0, "label": "D58 PR0"}}, {"type": "Feature", "geometry": {"type": "Point", "coordinates": [1.96841554, 48.75365108]}, "properties": {"route": "D58", "pr": "11", "abs": 11004, "label": "D58 PR11+11004"}}, {"type": "Feature", "geometry": {"type": "Point", "coordinates": [1.97549559, 48.7119377]}, "properties": {"route": "D58", "pr": "5", "abs": 5041, "label": "D58 PR5+5041"}}, {"type": "Feature", "geometry": {"type": "Point", "coordinates": [1.95936906, 48.73783696]}, "properties": {"route": "D58", "pr": "9", "abs": 8996, "label": "D58 PR9+8996"}}, {"type": "Feature", "geometry": {"type": "Point", "coordinates": [1.9637203, 48.74567248]}, "properties": {"route": "D58", "pr": "10", "abs": 10004, "label": "D58 PR10+10004"}}, {"type": "Feature", "geometry": {"type": "Point", "coordinates": [2.01373801, 48.70361927]}, "properties": {"route": "D58", "pr": "2", "abs": 2001, "label": "D58 PR2+2001"}}, {"type": "Feature", "geometry": {"type": "Point", "coordinates": [1.95829059, 48.7300676]}, "properties": {"route": "D58", "pr": "8", "abs": 8061, "label": "D58 PR8+8061"}}, {"type": "Feature", "geometry": {"type": "Point", "coordinates": [1.95684287, 48.72344541]}, "properties": {"route": "D58", "pr": "7", "abs": 7143, "label": "D58 PR7+7143"}}, {"type": "Feature", "geometry": {"type": "Point", "coordinates": [1.96227849, 48.77038389]}, "properties": {"route": "D58", "pr": "13", "abs": 13045, "label": "D58 PR13+13045"}}, {"type": "Feature", "geometry": {"type": "Point", "coordinates": [1.96363849, 48.71566632]}, "properties": {"route": "D58", "pr": "6", "abs": 6030, "label": "D58 PR6+6030"}}, {"type": "Feature", "geometry": {"type": "Point", "coordinates": [2.00049264, 48.70584956]}, "properties": {"route": "D58", "pr": "3", "abs": 3016, "label": "D58 PR3+3016"}}, {"type": "Feature", "geometry": {"type": "Point", "coordinates": [2.02713285, 48.70395594]}, "properties": {"route": "D58", "pr": "1", "abs": 1006, "label": "D58 PR1+1006"}}, {"type": "Feature", "geometry": {"type": "Point", "coordinates": [1.98719849, 48.70745101]}, "properties": {"route": "D58", "pr": "4", "abs": 4016, "label": "D58 PR4+4016"}}, {"type": "Feature", "geometry": {"type": "Point", "coordinates": [1.96693206, 48.76200698]}, "properties": {"route": "D58", "pr": "12", "abs": 11954, "label": "D58 PR12+11954"}}, {"type": "Feature", "geometry": {"type": "Point", "coordinates": [1.92749987, 48.70603784]}, "properties": {"route": "D202", "pr": "4", "abs": 4170, "label": "D202 PR4+4170"}}, {"type": "Feature", "geometry": {"type": "Point", "coordinates": [1.95974603, 48.69221526]}, "properties": {"route": "D202", "pr": "7", "abs": 7283, "label": "D202 PR7+7283"}}, {"type": "Feature", "geometry": {"type": "Point", "coordinates": [1.91599718, 48.70797399]}, "properties": {"route": "D202", "pr": "3", "abs": 3178, "label": "D202 PR3+3178"}}, {"type": "Feature", "geometry": {"type": "Point", "coordinates": [1.94605169, 48.6946317]}, "properties": {"route": "D202", "pr": "6", "abs": 6235, "label": "D202 PR6+6235"}}, {"type": "Feature", "geometry": {"type": "Point", "coordinates": [1.93493232, 48.69878769]}, "properties": {"route": "D202", "pr": "5", "abs": 5181, "label": "D202 PR5+5181"}}, {"type": "Feature", "geometry": {"type": "Point", "coordinates": [1.97055003, 48.69030936]}, "properties": {"route": "D202", "pr": "8", "abs": 8261, "label": "D202 PR8+8261"}}, {"type": "Feature", "geometry": {"type": "Point", "coordinates": [2.11021967, 48.7215771]}, "properties": {"route": "D95", "pr": "7", "abs": 0, "label": "D95 PR7"}}, {"type": "Feature", "geometry": {"type": "Point", "coordinates": [2.1045282, 48.72622443]}, "properties": {"route": "D95", "pr": "8", "abs": 669, "label": "D95 PR8+669"}}, {"type": "Feature", "geometry": {"type": "Point", "coordinates": [2.09353461, 48.73069552]}, "properties": {"route": "D95", "pr": "9", "abs": 1641, "label": "D95 PR9+1641"}}, {"type": "Feature", "geometry": {"type": "Point", "coordinates": [2.04044657, 48.68014743]}, "properties": {"route": "D41", "pr": "2", "abs": 0, "label": "D41 PR2"}}, {"type": "Feature", "geometry": {"type": "Point", "coordinates": [2.02177655, 48.68604593]}, "properties": {"route": "D41", "pr": "4", "abs": 1711, "label": "D41 PR4+1711"}}, {"type": "Feature", "geometry": {"type": "Point", "coordinates": [2.03103817, 48.68030522]}, "properties": {"route": "D41", "pr": "3", "abs": 698, "label": "D41 PR3+698"}}, {"type": "Feature", "geometry": {"type": "Point", "coordinates": [2.12783955, 48.76497507]}, "properties": {"route": "D938", "pr": "5", "abs": 150, "label": "D938 PR5+150 (G)"}}, {"type": "Feature", "geometry": {"type": "Point", "coordinates": [1.95576592, 48.67468811]}, "properties": {"route": "D24", "pr": "8", "abs": 7966, "label": "D24 PR8+7966"}}, {"type": "Feature", "geometry": {"type": "Point", "coordinates": [1.93350172, 48.68152365]}, "properties": {"route": "D24", "pr": "6", "abs": 5983, "label": "D24 PR6+5983"}}, {"type": "Feature", "geometry": {"type": "Point", "coordinates": [1.94531175, 48.67945001]}, "properties": {"route": "D24", "pr": "7", "abs": 6965, "label": "D24 PR7+6965"}}, {"type": "Feature", "geometry": {"type": "Point", "coordinates": [2.01968754, 48.65979566]}, "properties": {"route": "D24", "pr": "13", "abs": 13014, "label": "D24 PR13+13014"}}, {"type": "Feature", "geometry": {"type": "Point", "coordinates": [1.96675265, 48.67394456]}, "properties": {"route": "D24", "pr": "9", "abs": 8967, "label": "D24 PR9+8967"}}, {"type": "Feature", "geometry": {"type": "Point", "coordinates": [1.9823704, 48.67083695]}, "properties": {"route": "D24", "pr": "10", "abs": 9981, "label": "D24 PR10+9981"}}, {"type": "Feature", "geometry": {"type": "Point", "coordinates": [1.99486944, 48.66716582]}, "properties": {"route": "D24", "pr": "11", "abs": 11007, "label": "D24 PR11+11007"}}, {"type": "Feature", "geometry": {"type": "Point", "coordinates": [1.9222949, 48.68618505]}, "properties": {"route": "D24", "pr": "5", "abs": 4983, "label": "D24 PR5+4983"}}, {"type": "Feature", "geometry": {"type": "Point", "coordinates": [2.0074948, 48.6637571]}, "properties": {"route": "D24", "pr": "12", "abs": 12011, "label": "D24 PR12+12011"}}, {"type": "Feature", "geometry": {"type": "Point", "coordinates": [2.0086024, 48.57537311]}, "properties": {"route": "D27", "pr": "14", "abs": 13878, "label": "D27 PR14+13878"}}, {"type": "Feature", "geometry": {"type": "Point", "coordinates": [1.99565419, 48.57537967]}, "properties": {"route": "D27", "pr": "13", "abs": 12881, "label": "D27 PR13+12881"}}, {"type": "Feature", "geometry": {"type": "Point", "coordinates": [1.93730749, 48.6070959]}, "properties": {"route": "D27", "pr": "8", "abs": 7886, "label": "D27 PR8+7886"}}, {"type": "Feature", "geometry": {"type": "Point", "coordinates": [1.94859677, 48.60255062]}, "properties": {"route": "D27", "pr": "9", "abs": 8868, "label": "D27 PR9+8868"}}, {"type": "Feature", "geometry": {"type": "Point", "coordinates": [1.96771514, 48.59071369]}, "properties": {"route": "D27", "pr": "11", "abs": 10888, "label": "D27 PR11+10888"}}, {"type": "Feature", "geometry": {"type": "Point", "coordinates": [1.97935815, 48.58634487]}, "properties": {"route": "D27", "pr": "12", "abs": 11875, "label": "D27 PR12+11875"}}, {"type": "Feature", "geometry": {"type": "Point", "coordinates": [1.95603639, 48.59514402]}, "properties": {"route": "D27", "pr": "10", "abs": 9895, "label": "D27 PR10+9895"}}, {"type": "Feature", "geometry": {"type": "Point", "coordinates": [1.9241694, 48.60915404]}, "properties": {"route": "D27", "pr": "7", "abs": 6888, "label": "D27 PR7+6888"}}, {"type": "Feature", "geometry": {"type": "Point", "coordinates": [1.93170701, 48.76078142]}, "properties": {"route": "D13", "pr": "10", "abs": 2416, "label": "D13 PR10+2416 (G)"}}, {"type": "Feature", "geometry": {"type": "Point", "coordinates": [1.92401989, 48.7504304]}, "properties": {"route": "D13", "pr": "11", "abs": 4016, "label": "D13 PR11+4016 (G)"}}, {"type": "Feature", "geometry": {"type": "Point", "coordinates": [2.16112718, 48.76422231]}, "properties": {"route": "D120", "pr": "0", "abs": 0, "label": "D120 PR0"}}, {"type": "Feature", "geometry": {"type": "Point", "coordinates": [2.14847451, 48.76402754]}, "properties": {"route": "D120", "pr": "1", "abs": 1096, "label": "D120 PR1+1096"}}, {"type": "Feature", "geometry": {"type": "Point", "coordinates": [2.13771832, 48.76590307]}, "properties": {"route": "D120", "pr": "2", "abs": 1996, "label": "D120 PR2+1996"}}, {"type": "Feature", "geometry": {"type": "Point", "coordinates": [1.97728017, 48.73506751]}, "properties": {"route": "D13", "pr": "15", "abs": 15900, "label": "D13 PR15+15900"}}, {"type": "Feature", "geometry": {"type": "Point", "coordinates": [1.98591822, 48.72797133]}, "properties": {"route": "D13", "pr": "16", "abs": 16914, "label": "D13 PR16+16914"}}, {"type": "Feature", "geometry": {"type": "Point", "coordinates": [1.95571555, 48.74522225]}, "properties": {"route": "D13", "pr": "13", "abs": 13885, "label": "D13 PR13+13885"}}, {"type": "Feature", "geometry": {"type": "Point", "coordinates": [2.02947407, 48.71268313]}, "properties": {"route": "D13", "pr": "20", "abs": 20952, "label": "D13 PR20+20952"}}, {"type": "Feature", "geometry": {"type": "Point", "coordinates": [2.00799218, 48.7189388]}, "properties": {"route": "D13", "pr": "18", "abs": 18941, "label": "D13 PR18+18941"}}, {"type": "Feature", "geometry": {"type": "Point", "coordinates": [1.94616567, 48.7515211]}, "properties": {"route": "D13", "pr": "12", "abs": 12838, "label": "D13 PR12+12838"}}, {"type": "Feature", "geometry": {"type": "Point", "coordinates": [2.02043954, 48.71592936]}, "properties": {"route": "D13", "pr": "19", "abs": 19948, "label": "D13 PR19+19948"}}, {"type": "Feature", "geometry": {"type": "Point", "coordinates": [1.96805335, 48.74093643]}, "properties": {"route": "D13", "pr": "14", "abs": 14949, "label": "D13 PR14+14949"}}, {"type": "Feature", "geometry": {"type": "Point", "coordinates": [1.99530255, 48.72202856]}, "properties": {"route": "D13", "pr": "17", "abs": 17917, "label": "D13 PR17+17917"}}, {"type": "Feature", "geometry": {"type": "Point", "coordinates": [2.09724077, 48.73480724]}, "properties": {"route": "D36", "pr": "12", "abs": 0, "label": "D36 PR12"}}, {"type": "Feature", "geometry": {"type": "Point", "coordinates": [2.18396664, 48.77414754]}, "properties": {"route": "D53", "pr": "5", "abs": 4703, "label": "D53 PR5+4703"}}, {"type": "Feature", "geometry": {"type": "Point", "coordinates": [2.11964725, 48.74216046]}, "properties": {"route": "D6", "pr": "0", "abs": 0, "label": "D6 PR0"}}, {"type": "Feature", "geometry": {"type": "Point", "coordinates": [1.98481547, 48.77351879]}, "properties": {"route": "D23", "pr": "10", "abs": 1144, "label": "D23 PR10+1144 (G)"}}, {"type": "Feature", "geometry": {"type": "Point", "coordinates": [2.0584724, 48.75618055]}, "properties": {"route": "D36", "pr": "16", "abs": 4068, "label": "D36 PR16+4068 (G)"}}, {"type": "Feature", "geometry": {"type": "Point", "coordinates": [2.02570381, 48.76588287]}, "properties": {"route": "D36", "pr": "19", "abs": 7070, "label": "D36 PR19+7070 (G)"}}, {"type": "Feature", "geometry": {"type": "Point", "coordinates": [2.08043096, 48.7460051]}, "properties": {"route": "D36", "pr": "14", "abs": 2053, "label": "D36 PR14+2053 (G)"}}, {"type": "Feature", "geometry": {"type": "Point", "coordinates": [2.06849486, 48.75034696]}, "properties": {"route": "D36", "pr": "15", "abs": 3055, "label": "D36 PR15+3055 (G)"}}, {"type": "Feature", "geometry": {"type": "Point", "coordinates": [2.05009198, 48.76286735]}, "properties": {"route": "D36", "pr": "17", "abs": 5094, "label": "D36 PR17+5094 (G)"}}, {"type": "Feature", "geometry": {"type": "Point", "coordinates": [2.09277669, 48.74231458]}, "properties": {"route": "D36", "pr": "13", "abs": 1046, "label": "D36 PR13+1046 (G)"}}, {"type": "Feature", "geometry": {"type": "Point", "coordinates": [2.01367028, 48.76582098]}, "properties": {"route": "D36", "pr": "20", "abs": 8048, "label": "D36 PR20+8048 (G)"}}, {"type": "Feature", "geometry": {"type": "Point", "coordinates": [2.03755596, 48.76272111]}, "properties": {"route": "D36", "pr": "18", "abs": 6051, "label": "D36 PR18+6051 (G)"}}, {"type": "Feature", "geometry": {"type": "Point", "coordinates": [2.00218869, 48.76948537]}, "properties": {"route": "D36", "pr": "21", "abs": 9009, "label": "D36 PR21+9009 (G)"}}, {"type": "Feature", "geometry": {"type": "Point", "coordinates": [2.04170208, 48.62587351]}, "properties": {"route": "D988", "pr": "23", "abs": 0, "label": "D988 PR23"}}, {"type": "Feature", "geometry": {"type": "Point", "coordinates": [2.01079548, 48.60476321]}, "properties": {"route": "D988", "pr": "26", "abs": 3393, "label": "D988 PR26+3393"}}, {"type": "Feature", "geometry": {"type": "Point", "coordinates": [2.03171574, 48.61569506]}, "properties": {"route": "D988", "pr": "24", "abs": 1398, "label": "D988 PR24+1398"}}, {"type": "Feature", "geometry": {"type": "Point", "coordinates": [2.02043591, 48.61098617]}, "properties": {"route": "D988", "pr": "25", "abs": 2391, "label": "D988 PR25+2391"}}, {"type": "Feature", "geometry": {"type": "Point", "coordinates": [2.0014947, 48.599127]}, "properties": {"route": "D988", "pr": "27", "abs": 4340, "label": "D988 PR27+4340"}}, {"type": "Feature", "geometry": {"type": "Point", "coordinates": [1.98306822, 48.58696587]}, "properties": {"route": "D988", "pr": "29", "abs": 6287, "label": "D988 PR29+6287"}}, {"type": "Feature", "geometry": {"type": "Point", "coordinates": [1.91654451, 48.56357072]}, "properties": {"route": "D988", "pr": "35", "abs": 12405, "label": "D988 PR35+12405"}}, {"type": "Feature", "geometry": {"type": "Point", "coordinates": [1.97586546, 48.58043503]}, "properties": {"route": "D988", "pr": "30", "abs": 7296, "label": "D988 PR30+7296"}}, {"type": "Feature", "geometry": {"type": "Point", "coordinates": [1.92729873, 48.56672242]}, "properties": {"route": "D988", "pr": "34", "abs": 11405, "label": "D988 PR34+11405"}}, {"type": "Feature", "geometry": {"type": "Point", "coordinates": [1.94949518, 48.57439814]}, "properties": {"route": "D988", "pr": "32", "abs": 9359, "label": "D988 PR32+9359"}}, {"type": "Feature", "geometry": {"type": "Point", "coordinates": [1.9632144, 48.57714355]}, "properties": {"route": "D988", "pr": "31", "abs": 8300, "label": "D988 PR31+8300"}}, {"type": "Feature", "geometry": {"type": "Point", "coordinates": [2.17337292, 48.76107868]}, "properties": {"route": "D117", "pr": "1", "abs": 0, "label": "D117 PR1"}}, {"type": "Feature", "geometry": {"type": "Point", "coordinates": [2.18416639, 48.76093433]}, "properties": {"route": "D117", "pr": "2", "abs": 815, "label": "D117 PR2+815"}}, {"type": "Feature", "geometry": {"type": "Point", "coordinates": [1.95463965, 48.5291568]}, "properties": {"route": "D168", "pr": "0", "abs": 0, "label": "D168 PR0"}}, {"type": "Feature", "geometry": {"type": "Point", "coordinates": [1.92840376, 48.52348748]}, "properties": {"route": "D168", "pr": "2", "abs": 2045, "label": "D168 PR2+2045"}}, {"type": "Feature", "geometry": {"type": "Point", "coordinates": [1.94179589, 48.52629203]}, "properties": {"route": "D168", "pr": "1", "abs": 1007, "label": "D168 PR1+1007"}}, {"type": "Feature", "geometry": {"type": "Point", "coordinates": [1.91593022, 48.52184585]}, "properties": {"route": "D168", "pr": "3", "abs": 2998, "label": "D168 PR3+2998"}}, {"type": "Feature", "geometry": {"type": "Point", "coordinates": [1.92313237, 48.45331131]}, "properties": {"route": "D291", "pr": "54", "abs": 0, "label": "D291 PR54"}}, {"type": "Feature", "geometry": {"type": "Point", "coordinates": [2.02524727, 48.74756146]}, "properties": {"route": "D195", "pr": "0", "abs": 0, "label": "D195 PR0"}}, {"type": "Feature", "geometry": {"type": "Point", "coordinates": [2.035436, 48.74255947]}, "properties": {"route": "D195", "pr": "1", "abs": 981, "label": "D195 PR1+981"}}, {"type": "Feature", "geometry": {"type": "Point", "coordinates": [2.04786985, 48.74110678]}, "properties": {"route": "D195", "pr": "2", "abs": 1982, "label": "D195 PR2+1982"}}, {"type": "Feature", "geometry": {"type": "Point", "coordinates": [2.08366078, 48.72262101]}, "properties": {"route": "D195", "pr": "6", "abs": 5921, "label": "D195 PR6+5921"}}, {"type": "Feature", "geometry": {"type": "Point", "coordinates": [2.06883797, 48.73591308]}, "properties": {"route": "D195", "pr": "4", "abs": 3822, "label": "D195 PR4+3822"}}, {"type": "Feature", "geometry": {"type": "Point", "coordinates": [2.05959589, 48.7405566]}, "properties": {"route": "D195", "pr": "3", "abs": 2944, "label": "D195 PR3+2944"}}, {"type": "Feature", "geometry": {"type": "Point", "coordinates": [2.0782382, 48.730689]}, "properties": {"route": "D195", "pr": "5", "abs": 4858, "label": "D195 PR5+4858"}}, {"type": "Feature", "geometry": {"type": "Point", "coordinates": [1.9922175, 48.62175885]}, "properties": {"route": "D61", "pr": "0", "abs": 0, "label": "D61 PR0"}}, {"type": "Feature", "geometry": {"type": "Point", "coordinates": [1.95027857, 48.63963729]}, "properties": {"route": "D61", "pr": "4", "abs": 3986, "label": "D61 PR4+3986"}}, {"type": "Feature", "geometry": {"type": "Point", "coordinates": [1.9808683, 48.62588308]}, "properties": {"route": "D61", "pr": "1", "abs": 992, "label": "D61 PR1+992"}}, {"type": "Feature", "geometry": {"type": "Point", "coordinates": [1.92422631, 48.66910844]}, "properties": {"route": "D61", "pr": "8", "abs": 8002, "label": "D61 PR8+8002"}}, {"type": "Feature", "geometry": {"type": "Point", "coordinates": [1.91548325, 48.67510659]}, "properties": {"route": "D61", "pr": "9", "abs": 9006, "label": "D61 PR9+9006"}}, {"type": "Feature", "geometry": {"type": "Point", "coordinates": [1.93265157, 48.66154877]}, "properties": {"route": "D61", "pr": "7", "abs": 6978, "label": "D61 PR7+6978"}}, {"type": "Feature", "geometry": {"type": "Point", "coordinates": [1.95701671, 48.63288311]}, "properties": {"route": "D61", "pr": "3", "abs": 2989, "label": "D61 PR3+2989"}}, {"type": "Feature", "geometry": {"type": "Point", "coordinates": [1.94928175, 48.64818068]}, "properties": {"route": "D61", "pr": "5", "abs": 4983, "label": "D61 PR5+4983"}}, {"type": "Feature", "geometry": {"type": "Point", "coordinates": [1.96802189, 48.62793595]}, "properties": {"route": "D61", "pr": "2", "abs": 1993, "label": "D61 PR2+1993"}}, {"type": "Feature", "geometry": {"type": "Point", "coordinates": [1.94034202, 48.65455227]}, "properties": {"route": "D61", "pr": "6", "abs": 5979, "label": "D61 PR6+5979"}}, {"type": "Feature", "geometry": {"type": "Point", "coordinates": [1.938198, 48.57134171]}, "properties": {"route": "D988", "pr": "33", "abs": 5105, "label": "D988 PR33+5105 (G)"}}, {"type": "Feature", "geometry": {"type": "Point", "coordinates": [1.99167095, 48.59328589]}, "properties": {"route": "D988", "pr": "28", "abs": 2838, "label": "D988 PR28+2838 (G)"}}, {"type": "Feature", "geometry": {"type": "Point", "coordinates": [1.91675914, 48.46590407]}, "properties": {"route": "D4", "pr": "1", "abs": 0, "label": "D4 PR1"}}, {"type": "Feature", "geometry": {"type": "Point", "coordinates": [2.17059285, 48.7618896]}, "properties": {"route": "D446", "pr": "4", "abs": 3989, "label": "D446 PR4+3989"}}, {"type": "Feature", "geometry": {"type": "Point", "coordinates": [2.16002186, 48.76611687]}, "properties": {"route": "D446", "pr": "3", "abs": 2977, "label": "D446 PR3+2977"}}, {"type": "Feature", "geometry": {"type": "Point", "coordinates": [2.14839818, 48.76995703]}, "properties": {"route": "D446", "pr": "2", "abs": 1977, "label": "D446 PR2+1977"}}, {"type": "Feature", "geometry": {"type": "Point", "coordinates": [1.96724941, 48.76054538]}, "properties": {"route": "D58", "pr": "11", "abs": 297, "label": "D58 PR11+297 (G)"}}, {"type": "Feature", "geometry": {"type": "Point", "coordinates": [1.96611577, 48.76495918]}, "properties": {"route": "D58", "pr": "12", "abs": 297, "label": "D58 PR12+297 (G)"}}, {"type": "Feature", "geometry": {"type": "Point", "coordinates": [1.96319895, 48.76843643]}, "properties": {"route": "D58", "pr": "12", "abs": 795, "label": "D58 PR12+795 (G)"}}, {"type": "Feature", "geometry": {"type": "Point", "coordinates": [1.95940497, 48.77561986]}, "properties": {"route": "D58", "pr": "13", "abs": 795, "label": "D58 PR13+795 (G)"}}, {"type": "Feature", "geometry": {"type": "Point", "coordinates": [1.99919078, 48.77517547]}, "properties": {"route": "D23", "pr": "11", "abs": 11297, "label": "D23 PR11+11297"}}, {"type": "Feature", "geometry": {"type": "Point", "coordinates": [1.99235242, 48.77313107]}, "properties": {"route": "D23", "pr": "10", "abs": 10756, "label": "D23 PR10+10756"}}, {"type": "Feature", "geometry": {"type": "Point", "coordinates": [1.9927905, 48.77320673]}, "properties": {"route": "D23", "pr": "10", "abs": 10756, "label": "D23 PR10+10756"}}, {"type": "Feature", "geometry": {"type": "Point", "coordinates": [2.10906371, 48.73929899]}, "properties": {"route": "D938", "pr": "7", "abs": 8652, "label": "D938 PR7+8652"}}, {"type": "Feature", "geometry": {"type": "Point", "coordinates": [2.10364474, 48.73286496]}, "properties": {"route": "D938", "pr": "7", "abs": 8652, "label": "D938 PR7+8652"}}, {"type": "Feature", "geometry": {"type": "Point", "coordinates": [2.07168578, 48.70598044]}, "properties": {"route": "D938", "pr": "14", "abs": 13509, "label": "D938 PR14+13509"}}, {"type": "Feature", "geometry": {"type": "Point", "coordinates": [2.06459203, 48.68848894]}, "properties": {"route": "D938", "pr": "16", "abs": 15681, "label": "D938 PR16+15681"}}, {"type": "Feature", "geometry": {"type": "Point", "coordinates": [2.14733907, 48.77106928]}, "properties": {"route": "D446", "pr": "1", "abs": 487, "label": "D446 PR1+487 (G)"}}, {"type": "Feature", "geometry": {"type": "Point", "coordinates": [2.14838, 48.77257248]}, "properties": {"route": "D446", "pr": "0", "abs": 316, "label": "D446 PR0+316 (G)"}}, {"type": "Feature", "geometry": {"type": "Point", "coordinates": [2.17157654, 48.76145749]}, "properties": {"route": "D446", "pr": "4", "abs": 487, "label": "D446 PR4+487 (G)"}}, {"type": "Feature", "geometry": {"type": "Point", "coordinates": [2.17523337, 48.76077674]}, "properties": {"route": "D446", "pr": "4", "abs": 771, "label": "D446 PR4+771 (G)"}}, {"type": "Feature", "geometry": {"type": "Point", "coordinates": [1.98108621, 48.58171501]}, "properties": {"route": "D149", "pr": "3", "abs": 3091, "label": "D149 PR3+3091"}}, {"type": "Feature", "geometry": {"type": "Point", "coordinates": [1.99250426, 48.5936051]}, "properties": {"route": "D149", "pr": "3", "abs": 3091, "label": "D149 PR3+3091"}}, {"type": "Feature", "geometry": {"type": "Point", "coordinates": [1.99896257, 48.62055183]}, "properties": {"route": "D149", "pr": "6", "abs": 6194, "label": "D149 PR6+6194"}}, {"type": "Feature", "geometry": {"type": "Point", "coordinates": [1.99740777, 48.62203204]}, "properties": {"route": "D149", "pr": "6", "abs": 6194, "label": "D149 PR6+6194"}}, {"type": "Feature", "geometry": {"type": "Point", "coordinates": [1.98866622, 48.66869025]}, "properties": {"route": "D149", "pr": "12", "abs": 11922, "label": "D149 PR12+11922"}}, {"type": "Feature", "geometry": {"type": "Point", "coordinates": [1.98871363, 48.6689776]}, "properties": {"route": "D149", "pr": "12", "abs": 11922, "label": "D149 PR12+11922"}}, {"type": "Feature", "geometry": {"type": "Point", "coordinates": [1.9744581, 48.69069654]}, "properties": {"route": "D149", "pr": "15", "abs": 14876, "label": "D149 PR15+14876"}}, {"type": "Feature", "geometry": {"type": "Point", "coordinates": [1.98925999, 48.677249]}, "properties": {"route": "D149", "pr": "13", "abs": 12892, "label": "D149 PR13+12892"}}, {"type": "Feature", "geometry": {"type": "Point", "coordinates": [1.98716932, 48.67648824]}, "properties": {"route": "D149", "pr": "13", "abs": 12892, "label": "D149 PR13+12892"}}, {"type": "Feature", "geometry": {"type": "Point", "coordinates": [2.05682183, 48.75914205]}, "properties": {"route": "D91", "pr": "8", "abs": 6943, "label": "D91 PR8+6943 (G)"}}, {"type": "Feature", "geometry": {"type": "Point", "coordinates": [2.04441556, 48.76221223]}, "properties": {"route": "D91", "pr": "8", "abs": 6943, "label": "D91 PR8+6943 (G)"}}, {"type": "Feature", "geometry": {"type": "Point", "coordinates": [2.04441556, 48.76221223]}, "properties": {"route": "D91", "pr": "8", "abs": 6986, "label": "D91 PR8+6986 (G)"}}, {"type": "Feature", "geometry": {"type": "Point", "coordinates": [2.04166789, 48.75491804]}, "properties": {"route": "D91", "pr": "8", "abs": 6986, "label": "D91 PR8+6986 (G)"}}, {"type": "Feature", "geometry": {"type": "Point", "coordinates": [2.041305, 48.75430799]}, "properties": {"route": "D91", "pr": "9", "abs": 7108, "label": "D91 PR9+7108 (G)"}}, {"type": "Feature", "geometry": {"type": "Point", "coordinates": [2.04959927, 48.60840773]}, "properties": {"route": "D132", "pr": "11", "abs": 11117, "label": "D132 PR11+11117"}}, {"type": "Feature", "geometry": {"type": "Point", "coordinates": [2.03551219, 48.61994666]}, "properties": {"route": "D132", "pr": "9", "abs": 9578, "label": "D132 PR9+9578"}}, {"type": "Feature", "geometry": {"type": "Point", "coordinates": [2.03331945, 48.61664634]}, "properties": {"route": "D132", "pr": "9", "abs": 9578, "label": "D132 PR9+9578"}}, {"type": "Feature", "geometry": {"type": "Point", "coordinates": [1.94013246, 48.75690328]}, "properties": {"route": "D213", "pr": "11", "abs": 1259, "label": "D213 PR11+1259"}}, {"type": "Feature", "geometry": {"type": "Point", "coordinates": [1.98756635, 48.57333737]}, "properties": {"route": "D149", "pr": "2", "abs": 515, "label": "D149 PR2+515 (G)"}}, {"type": "Feature", "geometry": {"type": "Point", "coordinates": [1.98704665, 48.57406434]}, "properties": {"route": "D149", "pr": "2", "abs": 515, "label": "D149 PR2+515 (G)"}}, {"type": "Feature", "geometry": {"type": "Point", "coordinates": [1.9877661, 48.56980449]}, "properties": {"route": "D149", "pr": "1", "abs": 332, "label": "D149 PR1+332 (G)"}}, {"type": "Feature", "geometry": {"type": "Point", "coordinates": [1.98810704, 48.57110194]}, "properties": {"route": "D149", "pr": "1", "abs": 332, "label": "D149 PR1+332 (G)"}}, {"type": "Feature", "geometry": {"type": "Point", "coordinates": [1.98530203, 48.57545916]}, "properties": {"route": "D149", "pr": "2", "abs": 682, "label": "D149 PR2+682 (G)"}}, {"type": "Feature", "geometry": {"type": "Point", "coordinates": [2.21998434, 48.77551333]}, "properties": {"route": "D57", "pr": "3", "abs": 3081, "label": "D57 PR3+3081"}}, {"type": "Feature", "geometry": {"type": "Point", "coordinates": [2.03123349, 48.66785729]}, "properties": {"route": "D40", "pr": "1", "abs": 1782, "label": "D40 PR1+1782"}}, {"type": "Feature", "geometry": {"type": "Point", "coordinates": [1.94228203, 48.57290384]}, "properties": {"route": "D29", "pr": "4", "abs": 4788, "label": "D29 PR4+4788"}}, {"type": "Feature", "geometry": {"type": "Point", "coordinates": [1.93216792, 48.56770364]}, "properties": {"route": "D936", "pr": "20", "abs": 778, "label": "D936 PR20+778"}}, {"type": "Feature", "geometry": {"type": "Point", "coordinates": [1.93349786, 48.56962547]}, "properties": {"route": "D936", "pr": "20", "abs": 778, "label": "D936 PR20+778"}}, {"type": "Feature", "geometry": {"type": "Point", "coordinates": [2.07131483, 48.70719997]}, "properties": {"route": "D51", "pr": "1", "abs": 1580, "label": "D51 PR1+1580"}}, {"type": "Feature", "geometry": {"type": "Point", "coordinates": [2.00212884, 48.72030393]}, "properties": {"route": "D91", "pr": "14", "abs": 14797, "label": "D91 PR14+14797"}}, {"type": "Feature", "geometry": {"type": "Point", "coordinates": [2.00209207, 48.71987996]}, "properties": {"route": "D91", "pr": "14", "abs": 14797, "label": "D91 PR14+14797"}}, {"type": "Feature", "geometry": {"type": "Point", "coordinates": [2.01680741, 48.73796316]}, "properties": {"route": "D91", "pr": "12", "abs": 12354, "label": "D91 PR12+12354"}}, {"type": "Feature", "geometry": {"type": "Point", "coordinates": [2.01665345, 48.73790612]}, "properties": {"route": "D91", "pr": "12", "abs": 12354, "label": "D91 PR12+12354"}}, {"type": "Feature", "geometry": {"type": "Point", "coordinates": [1.95665979, 48.66937153]}, "properties": {"route": "D91", "pr": "22", "abs": 22934, "label": "D91 PR22+22934"}}, {"type": "Feature", "geometry": {"type": "Point", "coordinates": [1.95187316, 48.63809327]}, "properties": {"route": "D72", "pr": "5", "abs": 5036, "label": "D72 PR5+5036"}}, {"type": "Feature", "geometry": {"type": "Point", "coordinates": [1.95379432, 48.63555358]}, "properties": {"route": "D72", "pr": "5", "abs": 5036, "label": "D72 PR5+5036"}}, {"type": "Feature", "geometry": {"type": "Point", "coordinates": [2.05902353, 48.70627972]}, "properties": {"route": "D46", "pr": "5", "abs": 5997, "label": "D46 PR5+5997"}}, {"type": "Feature", "geometry": {"type": "Point", "coordinates": [1.96421511, 48.74260053]}, "properties": {"route": "D58", "pr": "9", "abs": 9646, "label": "D58 PR9+9646"}}, {"type": "Feature", "geometry": {"type": "Point", "coordinates": [1.96353807, 48.74279344]}, "properties": {"route": "D58", "pr": "9", "abs": 9646, "label": "D58 PR9+9646"}}, {"type": "Feature", "geometry": {"type": "Point", "coordinates": [1.98918613, 48.70692726]}, "properties": {"route": "D58", "pr": "3", "abs": 3886, "label": "D58 PR3+3886"}}, {"type": "Feature", "geometry": {"type": "Point", "coordinates": [1.98771402, 48.70637687]}, "properties": {"route": "D58", "pr": "3", "abs": 3886, "label": "D58 PR3+3886"}}, {"type": "Feature", "geometry": {"type": "Point", "coordinates": [1.9744581, 48.69069654]}, "properties": {"route": "D202", "pr": "8", "abs": 8562, "label": "D202 PR8+8562"}}, {"type": "Feature", "geometry": {"type": "Point", "coordinates": [2.09190407, 48.73125879]}, "properties": {"route": "D95", "pr": "9", "abs": 1776, "label": "D95 PR9+1776"}}, {"type": "Feature", "geometry": {"type": "Point", "coordinates": [2.01529415, 48.69077624]}, "properties": {"route": "D41", "pr": "4", "abs": 2453, "label": "D41 PR4+2453"}}, {"type": "Feature", "geometry": {"type": "Point", "coordinates": [2.12001321, 48.75046611]}, "properties": {"route": "D938", "pr": "6", "abs": 878, "label": "D938 PR6+878 (G)"}}, {"type": "Feature", "geometry": {"type": "Point", "coordinates": [2.12109786, 48.74954316]}, "properties": {"route": "D938", "pr": "6", "abs": 990, "label": "D938 PR6+990 (G)"}}, {"type": "Feature", "geometry": {"type": "Point", "coordinates": [2.08610925, 48.71632357]}, "properties": {"route": "D938", "pr": "12", "abs": 990, "label": "D938 PR12+990 (G)"}}, {"type": "Feature", "geometry": {"type": "Point", "coordinates": [2.12322682, 48.75876026]}, "properties": {"route": "D938", "pr": "5", "abs": 878, "label": "D938 PR5+878 (G)"}}, {"type": "Feature", "geometry": {"type": "Point", "coordinates": [2.08559703, 48.71498929]}, "properties": {"route": "D938", "pr": "12", "abs": 1148, "label": "D938 PR12+1148 (G)"}}, {"type": "Feature", "geometry": {"type": "Point", "coordinates": [2.02217802, 48.65876995]}, "properties": {"route": "D24", "pr": "13", "abs": 13228, "label": "D24 PR13+13228"}}, {"type": "Feature", "geometry": {"type": "Point", "coordinates": [1.9712824, 48.6732533]}, "properties": {"route": "D24", "pr": "9", "abs": 9315, "label": "D24 PR9+9315"}}, {"type": "Feature", "geometry": {"type": "Point", "coordinates": [1.97433132, 48.67354494]}, "properties": {"route": "D24", "pr": "9", "abs": 9315, "label": "D24 PR9+9315"}}, {"type": "Feature", "geometry": {"type": "Point", "coordinates": [1.96162405, 48.67407541]}, "properties": {"route": "D24", "pr": "8", "abs": 8448, "label": "D24 PR8+8448"}}, {"type": "Feature", "geometry": {"type": "Point", "coordinates": [1.96173083, 48.67423826]}, "properties": {"route": "D24", "pr": "8", "abs": 8448, "label": "D24 PR8+8448"}}, {"type": "Feature", "geometry": {"type": "Point", "coordinates": [1.98133517, 48.58564662]}, "properties": {"route": "D27", "pr": "12", "abs": 12040, "label": "D27 PR12+12040"}}, {"type": "Feature", "geometry": {"type": "Point", "coordinates": [1.98808213, 48.57225143]}, "properties": {"route": "D27", "pr": "12", "abs": 12040, "label": "D27 PR12+12040"}}, {"type": "Feature", "geometry": {"type": "Point", "coordinates": [2.02066001, 48.57361977]}, "properties": {"route": "D27", "pr": "14", "abs": 14765, "label": "D27 PR14+14765"}}, {"type": "Feature", "geometry": {"type": "Point", "coordinates": [1.92534792, 48.74902117]}, "properties": {"route": "D13", "pr": "11", "abs": 4207, "label": "D13 PR11+4207 (G)"}}, {"type": "Feature", "geometry": {"type": "Point", "coordinates": [2.12951551, 48.76784664]}, "properties": {"route": "D120", "pr": "2", "abs": 2648, "label": "D120 PR2+2648"}}, {"type": "Feature", "geometry": {"type": "Point", "coordinates": [1.94089338, 48.75667976]}, "properties": {"route": "D13", "pr": "11", "abs": 12010, "label": "D13 PR11+12010"}}, {"type": "Feature", "geometry": {"type": "Point", "coordinates": [2.03789277, 48.70620832]}, "properties": {"route": "D13", "pr": "20", "abs": 22137, "label": "D13 PR20+22137"}}, {"type": "Feature", "geometry": {"type": "Point", "coordinates": [2.18632245, 48.77247267]}, "properties": {"route": "D53", "pr": "5", "abs": 5176, "label": "D53 PR5+5176"}}, {"type": "Feature", "geometry": {"type": "Point", "coordinates": [2.12543694, 48.7400344]}, "properties": {"route": "D6", "pr": "0", "abs": 460, "label": "D6 PR0+460"}}, {"type": "Feature", "geometry": {"type": "Point", "coordinates": [1.97807454, 48.77473855]}, "properties": {"route": "D23", "pr": "9", "abs": 505, "label": "D23 PR9+505 (G)"}}, {"type": "Feature", "geometry": {"type": "Point", "coordinates": [1.98445861, 48.77353555]}, "properties": {"route": "D23", "pr": "9", "abs": 1128, "label": "D23 PR9+1128 (G)"}}, {"type": "Feature", "geometry": {"type": "Point", "coordinates": [1.99916447, 48.7754118]}, "properties": {"route": "D23", "pr": "11", "abs": 1878, "label": "D23 PR11+1878 (G)"}}, {"type": "Feature", "geometry": {"type": "Point", "coordinates": [1.99368666, 48.77380342]}, "properties": {"route": "D23", "pr": "10", "abs": 1809, "label": "D23 PR10+1809 (G)"}}, {"type": "Feature", "geometry": {"type": "Point", "coordinates": [1.99379986, 48.77371983]}, "properties": {"route": "D23", "pr": "10", "abs": 1809, "label": "D23 PR10+1809 (G)"}}, {"type": "Feature", "geometry": {"type": "Point", "coordinates": [1.99449922, 48.77372572]}, "properties": {"route": "D23", "pr": "10", "abs": 1839, "label": "D23 PR10+1839 (G)"}}, {"type": "Feature", "geometry": {"type": "Point", "coordinates": [2.00073212, 48.77136477]}, "properties": {"route": "D36", "pr": "21", "abs": 9273, "label": "D36 PR21+9273 (G)"}}, {"type": "Feature", "geometry": {"type": "Point", "coordinates": [1.99940461, 48.77424362]}, "properties": {"route": "D36", "pr": "21", "abs": 9609, "label": "D36 PR21+9609 (G)"}}, {"type": "Feature", "geometry": {"type": "Point", "coordinates": [2.05676267, 48.75925401]}, "properties": {"route": "D91", "pr": "8", "abs": 8234, "label": "D91 PR8+8234 (D)"}}, {"type": "Feature", "geometry": {"type": "Point", "coordinates": [2.04424728, 48.7621893]}, "properties": {"route": "D91", "pr": "8", "abs": 8234, "label": "D91 PR8+8234 (D)"}}, {"type": "Feature", "geometry": {"type": "Point", "coordinates": [2.19095432, 48.75773531]}, "properties": {"route": "D117", "pr": "2", "abs": 1624, "label": "D117 PR2+1624"}}, {"type": "Feature", "geometry": {"type": "Point", "coordinates": [2.08768912, 48.71988505]}, "properties": {"route": "D195", "pr": "6", "abs": 6380, "label": "D195 PR6+6380"}}, {"type": "Feature", "geometry": {"type": "Point", "coordinates": [2.05811463, 48.74125011]}, "properties": {"route": "D195", "pr": "2", "abs": 278, "label": "D195 PR2+278 (G)"}}, {"type": "Feature", "geometry": {"type": "Point", "coordinates": [1.9316111, 48.66388999]}, "properties": {"route": "D61", "pr": "7", "abs": 7257, "label": "D61 PR7+7257"}}, {"type": "Feature", "geometry": {"type": "Point", "coordinates": [1.92962781, 48.66372197]}, "properties": {"route": "D61", "pr": "7", "abs": 7257, "label": "D61 PR7+7257"}}, {"type": "Feature", "geometry": {"type": "Point", "coordinates": [1.9415361, 48.57258504]}, "properties": {"route": "D988", "pr": "32", "abs": 4818, "label": "D988 PR32+4818 (G)"}}, {"type": "Feature", "geometry": {"type": "Point", "coordinates": [1.98952949, 48.59216662]}, "properties": {"route": "D988", "pr": "28", "abs": 3009, "label": "D988 PR28+3009 (G)"}}, {"type": "Feature", "geometry": {"type": "Point", "coordinates": [2.03506459, 48.618761]}, "properties": {"route": "D988", "pr": "23", "abs": 947, "label": "D988 PR23+947 (G)"}}, {"type": "Feature", "geometry": {"type": "Point", "coordinates": [2.03440991, 48.61776886]}, "properties": {"route": "D988", "pr": "23", "abs": 1142, "label": "D988 PR23+1142 (G)"}}, {"type": "Feature", "geometry": {"type": "Point", "coordinates": [2.03180981, 48.6157435]}, "properties": {"route": "D988", "pr": "23", "abs": 1339, "label": "D988 PR23+1339 (G)"}}, {"type": "Feature", "geometry": {"type": "Point", "coordinates": [2.02826696, 48.61445254]}, "properties": {"route": "D988", "pr": "24", "abs": 1664, "label": "D988 PR24+1664 (G)"}}, {"type": "Feature", "geometry": {"type": "Point", "coordinates": [2.02514618, 48.61345459]}, "properties": {"route": "D988", "pr": "24", "abs": 1842, "label": "D988 PR24+1842 (G)"}}, {"type": "Feature", "geometry": {"type": "Point", "coordinates": [1.95361084, 48.57521977]}, "properties": {"route": "D988", "pr": "31", "abs": 4020, "label": "D988 PR31+4020 (G)"}}, {"type": "Feature", "geometry": {"type": "Point", "coordinates": [1.95111964, 48.57471834]}, "properties": {"route": "D988", "pr": "31", "abs": 4137, "label": "D988 PR31+4137 (G)"}}, {"type": "Feature", "geometry": {"type": "Point", "coordinates": [1.99581394, 48.59470179]}, "properties": {"route": "D988", "pr": "27", "abs": 2524, "label": "D988 PR27+2524 (G)"}}, {"type": "Feature", "geometry": {"type": "Point", "coordinates": [1.98238848, 48.58642749]}, "properties": {"route": "D988", "pr": "29", "abs": 3102, "label": "D988 PR29+3102 (G)"}}, {"type": "Feature", "geometry": {"type": "Point", "coordinates": [1.9807011, 48.58478387]}, "properties": {"route": "D988", "pr": "29", "abs": 3286, "label": "D988 PR29+3286 (G)"}}, {"type": "Feature", "geometry": {"type": "Point", "coordinates": [1.93579192, 48.5704026]}, "properties": {"route": "D988", "pr": "33", "abs": 5327, "label": "D988 PR33+5327 (G)"}}, {"type": "Feature", "geometry": {"type": "Point", "coordinates": [2.17220489, 48.75666509]}, "properties": {"route": "D446", "pr": "4", "abs": 4935, "label": "D446 PR4+4935"}}, {"type": "Feature", "geometry": {"type": "Point", "coordinates": [1.92500724, 48.74858905]}, "properties": {"route": "D13", "pr": "11", "abs": 12010, "label": "D13 PR11+12010"}}, {"type": "Feature", "geometry": {"type": "Point", "coordinates": [2.07050783, 48.76112832]}, "properties": {"route": "D91S", "pr": "6", "abs": 290, "label": "D91S PR6+290"}}, {"type": "Feature", "geometry": {"type": "Point", "coordinates": [1.96142501, 48.64203787]}, "properties": {"route": "D72", "pr": "FS", "abs": null, "label": "D72 PRFS (G)"}}, {"type": "Feature", "geometry": {"type": "Point", "coordinates": [2.08011243, 48.76578541]}, "properties": {"route": "D91", "pr": "FS", "abs": null, "label": "D91 PRFS (G)"}}, {"type": "Feature", "geometry": {"type": "Point", "coordinates": [2.09688506, 48.74004398]}, "properties": {"route": "D36", "pr": "FS", "abs": null, "label": "D36 PRFS (G)"}}, {"type": "Feature", "geometry": {"type": "Point", "coordinates": [2.08032101, 48.76630241]}, "properties": {"route": "D91", "pr": "FS", "abs": null, "label": "D91 PRFS"}}, {"type": "Feature", "geometry": {"type": "Point", "coordinates": [1.9878172, 48.56954494]}, "properties": {"route": "D149", "pr": "FS", "abs": null, "label": "D149 PRFS"}}, {"type": "Feature", "geometry": {"type": "Point", "coordinates": [1.96234921, 48.76915403]}, "properties": {"route": "D58", "pr": "DS", "abs": null, "label": "D58 PRDS"}}, {"type": "Feature", "geometry": {"type": "Point", "coordinates": [1.96234921, 48.76915403]}, "properties": {"route": "D58", "pr": "FS", "abs": null, "label": "D58 PRFS"}}, {"type": "Feature", "geometry": {"type": "Point", "coordinates": [1.98837854, 48.57227554]}, "properties": {"route": "D27", "pr": "DS", "abs": null, "label": "D27 PRDS"}}, {"type": "Feature", "geometry": {"type": "Point", "coordinates": [1.98837854, 48.57227554]}, "properties": {"route": "D27", "pr": "FS", "abs": null, "label": "D27 PRFS"}}, {"type": "Feature", "geometry": {"type": "Point", "coordinates": [1.93384652, 48.75981021]}, "properties": {"route": "D13", "pr": "FS", "abs": null, "label": "D13 PRFS"}}, {"type": "Feature", "geometry": {"type": "Point", "coordinates": [2.03590844, 48.62075409]}, "properties": {"route": "D988", "pr": "FS", "abs": null, "label": "D988 PRFS"}}, {"type": "Feature", "geometry": {"type": "Point", "coordinates": [1.92713256, 48.76192683]}, "properties": {"route": "D13", "pr": "DS", "abs": null, "label": "D13 PRDS (G)"}}, {"type": "Feature", "geometry": {"type": "Point", "coordinates": [1.92713256, 48.76192683]}, "properties": {"route": "D13", "pr": "FS", "abs": null, "label": "D13 PRFS (D)"}}, {"type": "Feature", "geometry": {"type": "Point", "coordinates": [2.09714787, 48.74010264]}, "properties": {"route": "D36", "pr": "FS", "abs": null, "label": "D36 PRFS"}}, {"type": "Feature", "geometry": {"type": "Point", "coordinates": [1.96362349, 48.76788785]}, "properties": {"route": "D58", "pr": "FS", "abs": null, "label": "D58 PRFS (G)"}}, {"type": "Feature", "geometry": {"type": "Point", "coordinates": [1.95884989, 48.77567979]}, "properties": {"route": "D58", "pr": "DS", "abs": null, "label": "D58 PRDS"}}, {"type": "Feature", "geometry": {"type": "Point", "coordinates": [1.95884989, 48.77567979]}, "properties": {"route": "D58", "pr": "FS", "abs": null, "label": "D58 PRFS (G)"}}, {"type": "Feature", "geometry": {"type": "Point", "coordinates": [2.07214785, 48.76155213]}, "properties": {"route": "D91", "pr": "DS", "abs": null, "label": "D91 PRDS"}}, {"type": "Feature", "geometry": {"type": "Point", "coordinates": [2.07214785, 48.76155213]}, "properties": {"route": "D91", "pr": "FS", "abs": null, "label": "D91 PRFS (G)"}}, {"type": "Feature", "geometry": {"type": "Point", "coordinates": [1.98716833, 48.56650681]}, "properties": {"route": "D149", "pr": "FS", "abs": null, "label": "D149 PRFS (G)"}}, {"type": "Feature", "geometry": {"type": "Point", "coordinates": [2.04155621, 48.75514741]}, "properties": {"route": "D91", "pr": "FS", "abs": null, "label": "D91 PRFS (D)"}}, {"type": "Feature", "geometry": {"type": "Point", "coordinates": [2.066752, 48.75082806]}, "properties": {"route": "D36", "pr": "FS", "abs": null, "label": "D36 PRFS"}}, {"type": "Feature", "geometry": {"type": "Point", "coordinates": [2.08217898, 48.7707492]}, "properties": {"route": "D91", "pr": "DS", "abs": null, "label": "D91 PRDS"}}, {"type": "Feature", "geometry": {"type": "Point", "coordinates": [2.08217898, 48.7707492]}, "properties": {"route": "D91", "pr": "FS", "abs": null, "label": "D91 PRFS (D)"}}, {"type": "Feature", "geometry": {"type": "Point", "coordinates": [1.99890342, 48.77561199]}, "properties": {"route": "D36", "pr": "DS", "abs": null, "label": "D36 PRDS"}}, {"type": "Feature", "geometry": {"type": "Point", "coordinates": [1.99890342, 48.77561199]}, "properties": {"route": "D23", "pr": "FS", "abs": null, "label": "D23 PRFS"}}, {"type": "Feature", "geometry": {"type": "Point", "coordinates": [1.98731634, 48.5676155]}, "properties": {"route": "D149", "pr": "FS", "abs": null, "label": "D149 PRFS (G)"}}, {"type": "Feature", "geometry": {"type": "Point", "coordinates": [2.0799452, 48.76593254]}, "properties": {"route": "D91", "pr": "FS", "abs": null, "label": "D91 PRFS (D)"}}, {"type": "Feature", "geometry": {"type": "Point", "coordinates": [2.12474368, 48.76070791]}, "properties": {"route": "D938", "pr": "DS", "abs": null, "label": "D938 PRDS"}}, {"type": "Feature", "geometry": {"type": "Point", "coordinates": [2.12474368, 48.76070791]}, "properties": {"route": "D938", "pr": "FS", "abs": null, "label": "D938 PRFS (G)"}}, {"type": "Feature", "geometry": {"type": "Point", "coordinates": [1.93422782, 48.75952578]}, "properties": {"route": "D13", "pr": "FS", "abs": null, "label": "D13 PRFS (G)"}}, {"type": "Feature", "geometry": {"type": "Point", "coordinates": [1.98810567, 48.56997921]}, "properties": {"route": "D149", "pr": "FS", "abs": null, "label": "D149 PRFS"}}, {"type": "Feature", "geometry": {"type": "Point", "coordinates": [2.09321882, 48.74230715]}, "properties": {"route": "D36", "pr": "FS", "abs": null, "label": "D36 PRFS"}}, {"type": "Feature", "geometry": {"type": "Point", "coordinates": [2.05653817, 48.75918028]}, "properties": {"route": "D36", "pr": "FS", "abs": null, "label": "D36 PRFS"}}, {"type": "Feature", "geometry": {"type": "Point", "coordinates": [2.0936857, 48.7421272]}, "properties": {"route": "D36", "pr": "FS", "abs": null, "label": "D36 PRFS (D)"}}, {"type": "Feature", "geometry": {"type": "Point", "coordinates": [2.07529694, 48.76342134]}, "properties": {"route": "D91", "pr": "FS", "abs": null, "label": "D91 PRFS"}}, {"type": "Feature", "geometry": {"type": "Point", "coordinates": [2.06318398, 48.76228447]}, "properties": {"route": "D91", "pr": "FS", "abs": null, "label": "D91 PRFS"}}, {"type": "Feature", "geometry": {"type": "Point", "coordinates": [2.0827568, 48.74538077]}, "properties": {"route": "D36", "pr": "DS", "abs": null, "label": "D36 PRDS"}}, {"type": "Feature", "geometry": {"type": "Point", "coordinates": [2.0827568, 48.74538077]}, "properties": {"route": "D36", "pr": "FS", "abs": null, "label": "D36 PRFS (D)"}}, {"type": "Feature", "geometry": {"type": "Point", "coordinates": [1.92966927, 48.76123091]}, "properties": {"route": "D13", "pr": "FS", "abs": null, "label": "D13 PRFS (G)"}}, {"type": "Feature", "geometry": {"type": "Point", "coordinates": [1.94306068, 48.75499085]}, "properties": {"route": "D13", "pr": "FS", "abs": null, "label": "D13 PRFS"}}, {"type": "Feature", "geometry": {"type": "Point", "coordinates": [2.11181073, 48.74049866]}, "properties": {"route": "D938", "pr": "DS", "abs": null, "label": "D938 PRDS"}}, {"type": "Feature", "geometry": {"type": "Point", "coordinates": [2.11181073, 48.74049866]}, "properties": {"route": "D938", "pr": "FS", "abs": null, "label": "D938 PRFS"}}, {"type": "Feature", "geometry": {"type": "Point", "coordinates": [2.04169912, 48.75484723]}, "properties": {"route": "D91", "pr": "FS", "abs": null, "label": "D91 PRFS"}}, {"type": "Feature", "geometry": {"type": "Point", "coordinates": [2.09354939, 48.74198854]}, "properties": {"route": "D36", "pr": "FS", "abs": null, "label": "D36 PRFS (G)"}}, {"type": "Feature", "geometry": {"type": "Point", "coordinates": [2.08818061, 48.72046538]}, "properties": {"route": "D938", "pr": "DS", "abs": null, "label": "D938 PRDS"}}, {"type": "Feature", "geometry": {"type": "Point", "coordinates": [2.08818061, 48.72046538]}, "properties": {"route": "D938", "pr": "FS", "abs": null, "label": "D938 PRFS"}}, {"type": "Feature", "geometry": {"type": "Point", "coordinates": [1.97699197, 48.77477336]}, "properties": {"route": "D23", "pr": "FS", "abs": null, "label": "D23 PRFS (D)"}}, {"type": "Feature", "geometry": {"type": "Point", "coordinates": [1.94464722, 48.75423223]}, "properties": {"route": "D13", "pr": "FS", "abs": null, "label": "D13 PRFS"}}, {"type": "Feature", "geometry": {"type": "Point", "coordinates": [2.02237978, 48.76697464]}, "properties": {"route": "D36", "pr": "DS", "abs": null, "label": "D36 PRDS"}}, {"type": "Feature", "geometry": {"type": "Point", "coordinates": [2.02237978, 48.76697464]}, "properties": {"route": "D36", "pr": "FS", "abs": null, "label": "D36 PRFS (D)"}}, {"type": "Feature", "geometry": {"type": "Point", "coordinates": [2.12458371, 48.76075531]}, "properties": {"route": "D938", "pr": "FS", "abs": null, "label": "D938 PRFS (D)"}}, {"type": "Feature", "geometry": {"type": "Point", "coordinates": [1.96222276, 48.76942277]}, "properties": {"route": "D58", "pr": "FS", "abs": null, "label": "D58 PRFS"}}, {"type": "Feature", "geometry": {"type": "Point", "coordinates": [2.12047923, 48.74290685]}, "properties": {"route": "D938", "pr": "DS", "abs": null, "label": "D938 PRDS"}}, {"type": "Feature", "geometry": {"type": "Point", "coordinates": [2.12047923, 48.74290685]}, "properties": {"route": "D938", "pr": "FS", "abs": null, "label": "D938 PRFS"}}, {"type": "Feature", "geometry": {"type": "Point", "coordinates": [1.92489215, 48.76263436]}, "properties": {"route": "D13", "pr": "FS", "abs": null, "label": "D13 PRFS (G)"}}, {"type": "Feature", "geometry": {"type": "Point", "coordinates": [2.00247624, 48.71998032]}, "properties": {"route": "D13", "pr": "FS", "abs": null, "label": "D13 PRFS"}}, {"type": "Feature", "geometry": {"type": "Point", "coordinates": [1.92635325, 48.76217798]}, "properties": {"route": "D13", "pr": "FS", "abs": null, "label": "D13 PRFS (D)"}}, {"type": "Feature", "geometry": {"type": "Point", "coordinates": [2.04454292, 48.76142352]}, "properties": {"route": "D91", "pr": "DS", "abs": null, "label": "D91 PRDS"}}, {"type": "Feature", "geometry": {"type": "Point", "coordinates": [2.04454292, 48.76142352]}, "properties": {"route": "D91", "pr": "FS", "abs": null, "label": "D91 PRFS (G)"}}, {"type": "Feature", "geometry": {"type": "Point", "coordinates": [1.93385135, 48.75970682]}, "properties": {"route": "D13", "pr": "FS", "abs": null, "label": "D13 PRFS (D)"}}, {"type": "Feature", "geometry": {"type": "Point", "coordinates": [2.09714787, 48.74010264]}, "properties": {"route": "D36", "pr": "FS", "abs": null, "label": "D36 PRFS (D)"}}, {"type": "Feature", "geometry": {"type": "Point", "coordinates": [1.93077536, 48.75684775]}, "properties": {"route": "D13", "pr": "FS", "abs": null, "label": "D13 PRFS"}}, {"type": "Feature", "geometry": {"type": "Point", "coordinates": [2.02428746, 48.74717314]}, "properties": {"route": "D91", "pr": "FS", "abs": null, "label": "D91 PRFS"}}, {"type": "Feature", "geometry": {"type": "Point", "coordinates": [1.95891546, 48.77580359]}, "properties": {"route": "D58", "pr": "FS", "abs": null, "label": "D58 PRFS (D)"}}, {"type": "Feature", "geometry": {"type": "Point", "coordinates": [1.92610264, 48.76232324]}, "properties": {"route": "D13", "pr": "FS", "abs": null, "label": "D13 PRFS (D)"}}, {"type": "Feature", "geometry": {"type": "Point", "coordinates": [1.97807454, 48.77473855]}, "properties": {"route": "D23", "pr": "FS", "abs": null, "label": "D23 PRFS"}}, {"type": "Feature", "geometry": {"type": "Point", "coordinates": [1.92610264, 48.76232324]}, "properties": {"route": "D13", "pr": "FS", "abs": null, "label": "D13 PRFS"}}, {"type": "Feature", "geometry": {"type": "Point", "coordinates": [1.98754236, 48.56763361]}, "properties": {"route": "D149", "pr": "FS", "abs": null, "label": "D149 PRFS (G)"}}, {"type": "Feature", "geometry": {"type": "Point", "coordinates": [1.91657781, 48.76394353]}, "properties": {"route": "D13", "pr": "FS", "abs": null, "label": "D13 PRFS (G)"}}, {"type": "Feature", "geometry": {"type": "Point", "coordinates": [1.92188813, 48.7630912]}, "properties": {"route": "D13", "pr": "FS", "abs": null, "label": "D13 PRFS (G)"}}, {"type": "Feature", "geometry": {"type": "Point", "coordinates": [1.97635692, 48.77502696]}, "properties": {"route": "D23", "pr": "FS", "abs": null, "label": "D23 PRFS"}}, {"type": "Feature", "geometry": {"type": "Point", "coordinates": [2.02580742, 48.74793842]}, "properties": {"route": "D91", "pr": "FS", "abs": null, "label": "D91 PRFS"}}, {"type": "Feature", "geometry": {"type": "Point", "coordinates": [2.04328732, 48.75881762]}, "properties": {"route": "D91", "pr": "FS", "abs": null, "label": "D91 PRFS (G)"}}, {"type": "Feature", "geometry": {"type": "Point", "coordinates": [2.08257919, 48.77066323]}, "properties": {"route": "D91", "pr": "FS", "abs": null, "label": "D91 PRFS (G)"}}, {"type": "Feature", "geometry": {"type": "Point", "coordinates": [1.94210999, 48.75578657]}, "properties": {"route": "D13", "pr": "FS", "abs": null, "label": "D13 PRFS"}}, {"type": "Feature", "geometry": {"type": "Point", "coordinates": [2.12913507, 48.76683559]}, "properties": {"route": "D938", "pr": "FS", "abs": 4966, "label": "D938 PRFS+4966"}}, {"type": "Feature", "geometry": {"type": "Point", "coordinates": [1.91633766, 48.76397643]}, "properties": {"route": "D13", "pr": "FS", "abs": null, "label": "D13 PRFS (G)"}}, {"type": "Feature", "geometry": {"type": "Point", "coordinates": [2.0350811, 48.62007361]}, "properties": {"route": "D132", "pr": "FS", "abs": 9578, "label": "D132 PRFS+9578"}}, {"type": "Feature", "geometry": {"type": "Point", "coordinates": [2.09750856, 48.73898282]}, "properties": {"route": "D36", "pr": "FS", "abs": null, "label": "D36 PRFS"}}, {"type": "Feature", "geometry": {"type": "Point", "coordinates": [1.93417345, 48.76005599]}, "properties": {"route": "D13", "pr": "FS", "abs": null, "label": "D13 PRFS (G)"}}, {"type": "Feature", "geometry": {"type": "Point", "coordinates": [2.12951551, 48.76784664]}, "properties": {"route": "D938", "pr": "FS", "abs": null, "label": "D938 PRFS (G)"}}, {"type": "Feature", "geometry": {"type": "Point", "coordinates": [1.9672165, 48.76076457]}, "properties": {"route": "D58", "pr": "FS", "abs": null, "label": "D58 PRFS (G)"}}, {"type": "Feature", "geometry": {"type": "Point", "coordinates": [1.96634467, 48.76494317]}, "properties": {"route": "D58", "pr": "FS", "abs": null, "label": "D58 PRFS (G)"}}, {"type": "Feature", "geometry": {"type": "Point", "coordinates": [1.98795721, 48.57268308]}, "properties": {"route": "D27", "pr": "FS", "abs": null, "label": "D27 PRFS"}}, {"type": "Feature", "geometry": {"type": "Point", "coordinates": [1.97734205, 48.77524228]}, "properties": {"route": "D23", "pr": "FS", "abs": null, "label": "D23 PRFS (G)"}}, {"type": "Feature", "geometry": {"type": "Point", "coordinates": [2.12071634, 48.74998648]}, "properties": {"route": "D938", "pr": "FS", "abs": null, "label": "D938 PRFS (G)"}}, {"type": "Feature", "geometry": {"type": "Point", "coordinates": [2.08261548, 48.74521868]}, "properties": {"route": "D36", "pr": "FS", "abs": null, "label": "D36 PRFS (G)"}}, {"type": "Feature", "geometry": {"type": "Point", "coordinates": [1.99581394, 48.59470179]}, "properties": {"route": "D988", "pr": "FS", "abs": null, "label": "D988 PRFS (D)"}}, {"type": "Feature", "geometry": {"type": "Point", "coordinates": [2.0638037, 48.76232261]}, "properties": {"route": "D91", "pr": "FS", "abs": null, "label": "D91 PRFS (D)"}}, {"type": "Feature", "geometry": {"type": "Point", "coordinates": [2.12004271, 48.75089447]}, "properties": {"route": "D938", "pr": "FS", "abs": null, "label": "D938 PRFS (G)"}}, {"type": "Feature", "geometry": {"type": "Point", "coordinates": [2.07375351, 48.76253331]}, "properties": {"route": "D91S", "pr": "FS", "abs": null, "label": "D91S PRFS (G)"}}, {"type": "Feature", "geometry": {"type": "Point", "coordinates": [2.01770569, 48.73828447]}, "properties": {"route": "D91", "pr": "FS", "abs": null, "label": "D91 PRFS"}}, {"type": "Feature", "geometry": {"type": "Point", "coordinates": [2.04120243, 48.75426399]}, "properties": {"route": "D91", "pr": "FS", "abs": 10119, "label": "D91 PRFS+10119 (G)"}}, {"type": "Feature", "geometry": {"type": "Point", "coordinates": [1.97665279, 48.77541447]}, "properties": {"route": "D23", "pr": "FS", "abs": null, "label": "D23 PRFS (G)"}}, {"type": "Feature", "geometry": {"type": "Point", "coordinates": [2.08758624, 48.71931488]}, "properties": {"route": "D938", "pr": "FS", "abs": null, "label": "D938 PRFS"}}, {"type": "Feature", "geometry": {"type": "Point", "coordinates": [1.96249336, 48.76902126]}, "properties": {"route": "D58", "pr": "FS", "abs": null, "label": "D58 PRFS (G)"}}, {"type": "Feature", "geometry": {"type": "Point", "coordinates": [2.054239, 48.74258577]}, "properties": {"route": "D195", "pr": "FS", "abs": null, "label": "D195 PRFS (G)"}}, {"type": "Feature", "geometry": {"type": "Point", "coordinates": [2.17341516, 48.76107448]}, "properties": {"route": "D446", "pr": "FS", "abs": null, "label": "D446 PRFS (G)"}}, {"type": "Feature", "geometry": {"type": "Point", "coordinates": [1.95968387, 48.77555573]}, "properties": {"route": "D58", "pr": "FS", "abs": null, "label": "D58 PRFS"}}, {"type": "Feature", "geometry": {"type": "Point", "coordinates": [2.05682183, 48.75914205]}, "properties": {"route": "D36", "pr": "FS", "abs": null, "label": "D36 PRFS (D)"}}, {"type": "Feature", "geometry": {"type": "Point", "coordinates": [2.02229364, 48.76685161]}, "properties": {"route": "D36", "pr": "FS", "abs": null, "label": "D36 PRFS (G)"}}, {"type": "Feature", "geometry": {"type": "Point", "coordinates": [2.02030504, 48.57368162]}, "properties": {"route": "D27", "pr": "FS", "abs": null, "label": "D27 PRFS"}}, {"type": "Feature", "geometry": {"type": "Point", "coordinates": [2.1253433, 48.74010387]}, "properties": {"route": "D6", "pr": "FS", "abs": null, "label": "D6 PRFS"}}, {"type": "Feature", "geometry": {"type": "Point", "coordinates": [2.16121308, 48.76438032]}, "properties": {"route": "D446", "pr": "FS", "abs": null, "label": "D446 PRFS"}}, {"type": "Feature", "geometry": {"type": "Point", "coordinates": [2.14874218, 48.76980568]}, "properties": {"route": "D446", "pr": "FS", "abs": null, "label": "D446 PRFS (G)"}}, {"type": "Feature", "geometry": {"type": "Point", "coordinates": [2.08276926, 48.77115219]}, "properties": {"route": "D91", "pr": "FS", "abs": null, "label": "D91 PRFS (G)"}}, {"type": "Feature", "geometry": {"type": "Point", "coordinates": [2.01696431, 48.73786371]}, "properties": {"route": "D91", "pr": "FS", "abs": null, "label": "D91 PRFS"}}, {"type": "Feature", "geometry": {"type": "Point", "coordinates": [1.98157597, 48.58574494]}, "properties": {"route": "D27", "pr": "FS", "abs": null, "label": "D27 PRFS"}}, {"type": "Feature", "geometry": {"type": "Point", "coordinates": [2.00028091, 48.77232971]}, "properties": {"route": "D36", "pr": "FS", "abs": null, "label": "D36 PRFS (G)"}}, {"type": "Feature", "geometry": {"type": "Point", "coordinates": [1.93987636, 48.75671931]}, "properties": {"route": "D213", "pr": "FS", "abs": null, "label": "D213 PRFS"}}, {"type": "Feature", "geometry": {"type": "Point", "coordinates": [2.06740745, 48.75053365]}, "properties": {"route": "D36", "pr": "FS", "abs": null, "label": "D36 PRFS (G)"}}, {"type": "Feature", "geometry": {"type": "Point", "coordinates": [2.06769006, 48.75077962]}, "properties": {"route": "D36", "pr": "FS", "abs": null, "label": "D36 PRFS (D)"}}, {"type": "Feature", "geometry": {"type": "Point", "coordinates": [2.08783395, 48.72007685]}, "properties": {"route": "D195", "pr": "FS", "abs": null, "label": "D195 PRFS"}}, {"type": "Feature", "geometry": {"type": "Point", "coordinates": [1.92561085, 48.74886882]}, "properties": {"route": "D13", "pr": "FS", "abs": null, "label": "D13 PRFS (G)"}}, {"type": "Feature", "geometry": {"type": "Point", "coordinates": [1.95336947, 48.57515468]}, "properties": {"route": "D988", "pr": "FS", "abs": null, "label": "D988 PRFS"}}, {"type": "Feature", "geometry": {"type": "Point", "coordinates": [1.98807619, 48.57227837]}, "properties": {"route": "D149", "pr": "FS", "abs": null, "label": "D149 PRFS"}}, {"type": "Feature", "geometry": {"type": "Point", "coordinates": [1.95670346, 48.66929276]}, "properties": {"route": "D91", "pr": "FS", "abs": null, "label": "D91 PRFS"}}, {"type": "Feature", "geometry": {"type": "Point", "coordinates": [1.98795029, 48.5722692]}, "properties": {"route": "D149", "pr": "FS", "abs": null, "label": "D149 PRFS (G)"}}, {"type": "Feature", "geometry": {"type": "Point", "coordinates": [2.08544441, 48.71470029]}, "properties": {"route": "D938", "pr": "FS", "abs": null, "label": "D938 PRFS (G)"}}, {"type": "Feature", "geometry": {"type": "Point", "coordinates": [2.19181345, 48.75724913]}, "properties": {"route": "D117", "pr": "FS", "abs": null, "label": "D117 PRFS"}}, {"type": "Feature", "geometry": {"type": "Point", "coordinates": [2.00241816, 48.72024518]}, "properties": {"route": "D91", "pr": "FS", "abs": null, "label": "D91 PRFS"}}, {"type": "Feature", "geometry": {"type": "Point", "coordinates": [2.07095921, 48.76122178]}, "properties": {"route": "D91S", "pr": "FS", "abs": null, "label": "D91S PRFS (D)"}}, {"type": "Feature", "geometry": {"type": "Point", "coordinates": [2.0013579, 48.72023991]}, "properties": {"route": "D13", "pr": "FS", "abs": null, "label": "D13 PRFS"}}, {"type": "Feature", "geometry": {"type": "Point", "coordinates": [2.08250976, 48.77120686]}, "properties": {"route": "D91", "pr": "FS", "abs": null, "label": "D91 PRFS (D)"}}, {"type": "Feature", "geometry": {"type": "Point", "coordinates": [1.98737546, 48.56652026]}, "properties": {"route": "D149", "pr": "FS", "abs": null, "label": "D149 PRFS"}}, {"type": "Feature", "geometry": {"type": "Point", "coordinates": [2.00028091, 48.77232971]}, "properties": {"route": "D36", "pr": "FS", "abs": null, "label": "D36 PRFS (D)"}}, {"type": "Feature", "geometry": {"type": "Point", "coordinates": [1.98952949, 48.59216662]}, "properties": {"route": "D988", "pr": "FS", "abs": null, "label": "D988 PRFS (D)"}}, {"type": "Feature", "geometry": {"type": "Point", "coordinates": [2.01696431, 48.73786371]}, "properties": {"route": "D91", "pr": "FS", "abs": null, "label": "D91 PRFS"}}, {"type": "Feature", "geometry": {"type": "Point", "coordinates": [1.98445861, 48.77353555]}, "properties": {"route": "D23", "pr": "FS", "abs": null, "label": "D23 PRFS (D)"}}, {"type": "Feature", "geometry": {"type": "Point", "coordinates": [1.96029404, 48.64164029]}, "properties": {"route": "D72", "pr": "DS", "abs": null, "label": "D72 PRDS (G)"}}, {"type": "Feature", "geometry": {"type": "Point", "coordinates": [2.07291973, 48.76190801]}, "properties": {"route": "D91", "pr": "DS", "abs": null, "label": "D91 PRDS (G)"}}, {"type": "Feature", "geometry": {"type": "Point", "coordinates": [2.09750856, 48.73898282]}, "properties": {"route": "D36", "pr": "DS", "abs": null, "label": "D36 PRDS (G)"}}, {"type": "Feature", "geometry": {"type": "Point", "coordinates": [2.08032101, 48.76630241]}, "properties": {"route": "D91", "pr": "FS", "abs": null, "label": "D91 PRFS"}}, {"type": "Feature", "geometry": {"type": "Point", "coordinates": [2.08032101, 48.76630241]}, "properties": {"route": "D91", "pr": "DS", "abs": null, "label": "D91 PRDS (D)"}}, {"type": "Feature", "geometry": {"type": "Point", "coordinates": [1.98731634, 48.5676155]}, "properties": {"route": "D149", "pr": "DS", "abs": null, "label": "D149 PRDS"}}, {"type": "Feature", "geometry": {"type": "Point", "coordinates": [1.96222276, 48.76942277]}, "properties": {"route": "D58", "pr": "FS", "abs": null, "label": "D58 PRFS"}}, {"type": "Feature", "geometry": {"type": "Point", "coordinates": [1.96222276, 48.76942277]}, "properties": {"route": "D58", "pr": "DS", "abs": null, "label": "D58 PRDS"}}, {"type": "Feature", "geometry": {"type": "Point", "coordinates": [1.98810704, 48.57110194]}, "properties": {"route": "D27", "pr": "DS", "abs": null, "label": "D27 PRDS"}}, {"type": "Feature", "geometry": {"type": "Point", "coordinates": [1.93384652, 48.75981021]}, "properties": {"route": "D13", "pr": "FS", "abs": null, "label": "D13 PRFS"}}, {"type": "Feature", "geometry": {"type": "Point", "coordinates": [1.93384652, 48.75981021]}, "properties": {"route": "D13", "pr": "DS", "abs": null, "label": "D13 PRDS (D)"}}, {"type": "Feature", "geometry": {"type": "Point", "coordinates": [2.03506459, 48.618761]}, "properties": {"route": "D988", "pr": "FS", "abs": null, "label": "D988 PRFS"}}, {"type": "Feature", "geometry": {"type": "Point", "coordinates": [2.03506459, 48.618761]}, "properties": {"route": "D988", "pr": "DS", "abs": null, "label": "D988 PRDS"}}, {"type": "Feature", "geometry": {"type": "Point", "coordinates": [1.92966927, 48.76123091]}, "properties": {"route": "D13", "pr": "FS", "abs": null, "label": "D13 PRFS (G)"}}, {"type": "Feature", "geometry": {"type": "Point", "coordinates": [1.92966927, 48.76123091]}, "properties": {"route": "D13", "pr": "DS", "abs": null, "label": "D13 PRDS (G)"}}, {"type": "Feature", "geometry": {"type": "Point", "coordinates": [2.09714787, 48.74010264]}, "properties": {"route": "D36", "pr": "DS", "abs": null, "label": "D36 PRDS"}}, {"type": "Feature", "geometry": {"type": "Point", "coordinates": [1.96606041, 48.76514399]}, "properties": {"route": "D58", "pr": "DS", "abs": null, "label": "D58 PRDS (G)"}}, {"type": "Feature", "geometry": {"type": "Point", "coordinates": [1.95884989, 48.77567979]}, "properties": {"route": "D58", "pr": "DS", "abs": null, "label": "D58 PRDS"}}, {"type": "Feature", "geometry": {"type": "Point", "coordinates": [2.07015385, 48.76098975]}, "properties": {"route": "D91", "pr": "DS", "abs": null, "label": "D91 PRDS"}}, {"type": "Feature", "geometry": {"type": "Point", "coordinates": [1.98714038, 48.56626997]}, "properties": {"route": "D149", "pr": "DS", "abs": null, "label": "D149 PRDS (G)"}}, {"type": "Feature", "geometry": {"type": "Point", "coordinates": [2.04169912, 48.75484723]}, "properties": {"route": "D91", "pr": "FS", "abs": null, "label": "D91 PRFS (D)"}}, {"type": "Feature", "geometry": {"type": "Point", "coordinates": [2.04169912, 48.75484723]}, "properties": {"route": "D91", "pr": "DS", "abs": null, "label": "D91 PRDS (G)"}}, {"type": "Feature", "geometry": {"type": "Point", "coordinates": [2.066752, 48.75082806]}, "properties": {"route": "D36", "pr": "FS", "abs": null, "label": "D36 PRFS"}}, {"type": "Feature", "geometry": {"type": "Point", "coordinates": [2.066752, 48.75082806]}, "properties": {"route": "D36", "pr": "DS", "abs": null, "label": "D36 PRDS (G)"}}, {"type": "Feature", "geometry": {"type": "Point", "coordinates": [2.08217898, 48.7707492]}, "properties": {"route": "D91", "pr": "DS", "abs": null, "label": "D91 PRDS"}}, {"type": "Feature", "geometry": {"type": "Point", "coordinates": [2.00051984, 48.77193325]}, "properties": {"route": "D36", "pr": "DS", "abs": null, "label": "D36 PRDS"}}, {"type": "Feature", "geometry": {"type": "Point", "coordinates": [1.98716833, 48.56650681]}, "properties": {"route": "D149", "pr": "DS", "abs": null, "label": "D149 PRDS (G)"}}, {"type": "Feature", "geometry": {"type": "Point", "coordinates": [2.07352987, 48.76256215]}, "properties": {"route": "D91", "pr": "DS", "abs": null, "label": "D91 PRDS (D)"}}, {"type": "Feature", "geometry": {"type": "Point", "coordinates": [2.12474368, 48.76070791]}, "properties": {"route": "D938", "pr": "DS", "abs": null, "label": "D938 PRDS"}}, {"type": "Feature", "geometry": {"type": "Point", "coordinates": [1.93089798, 48.75677239]}, "properties": {"route": "D13", "pr": "DS", "abs": null, "label": "D13 PRDS (G)"}}, {"type": "Feature", "geometry": {"type": "Point", "coordinates": [1.98779114, 48.56998193]}, "properties": {"route": "D149", "pr": "FS", "abs": null, "label": "D149 PRFS"}}, {"type": "Feature", "geometry": {"type": "Point", "coordinates": [1.98779114, 48.56998193]}, "properties": {"route": "D149", "pr": "DS", "abs": null, "label": "D149 PRDS (G)"}}, {"type": "Feature", "geometry": {"type": "Point", "coordinates": [2.09321882, 48.74230715]}, "properties": {"route": "D36", "pr": "FS", "abs": null, "label": "D36 PRFS"}}, {"type": "Feature", "geometry": {"type": "Point", "coordinates": [2.09321882, 48.74230715]}, "properties": {"route": "D36", "pr": "DS", "abs": null, "label": "D36 PRDS (D)"}}, {"type": "Feature", "geometry": {"type": "Point", "coordinates": [1.95867158, 48.77595437]}, "properties": {"route": "D58", "pr": "DS", "abs": null, "label": "D58 PRDS (G)"}}, {"type": "Feature", "geometry": {"type": "Point", "coordinates": [2.04433049, 48.76240044]}, "properties": {"route": "D36", "pr": "DS", "abs": null, "label": "D36 PRDS"}}, {"type": "Feature", "geometry": {"type": "Point", "coordinates": [2.09684745, 48.74056719]}, "properties": {"route": "D36", "pr": "DS", "abs": null, "label": "D36 PRDS (D)"}}, {"type": "Feature", "geometry": {"type": "Point", "coordinates": [2.07050783, 48.76112832]}, "properties": {"route": "D91", "pr": "DS", "abs": null, "label": "D91 PRDS"}}, {"type": "Feature", "geometry": {"type": "Point", "coordinates": [2.06318398, 48.76228447]}, "properties": {"route": "D91", "pr": "FS", "abs": null, "label": "D91 PRFS"}}, {"type": "Feature", "geometry": {"type": "Point", "coordinates": [2.06318398, 48.76228447]}, "properties": {"route": "D91", "pr": "DS", "abs": null, "label": "D91 PRDS (D)"}}, {"type": "Feature", "geometry": {"type": "Point", "coordinates": [2.0827568, 48.74538077]}, "properties": {"route": "D36", "pr": "DS", "abs": null, "label": "D36 PRDS"}}, {"type": "Feature", "geometry": {"type": "Point", "coordinates": [1.93384652, 48.75981021]}, "properties": {"route": "D13", "pr": "FS", "abs": null, "label": "D13 PRFS (G)"}}, {"type": "Feature", "geometry": {"type": "Point", "coordinates": [1.94464722, 48.75423223]}, "properties": {"route": "D13", "pr": "FS", "abs": null, "label": "D13 PRFS"}}, {"type": "Feature", "geometry": {"type": "Point", "coordinates": [1.94464722, 48.75423223]}, "properties": {"route": "D13", "pr": "DS", "abs": null, "label": "D13 PRDS"}}, {"type": "Feature", "geometry": {"type": "Point", "coordinates": [2.12047923, 48.74290685]}, "properties": {"route": "D938", "pr": "DS", "abs": null, "label": "D938 PRDS"}}, {"type": "Feature", "geometry": {"type": "Point", "coordinates": [2.04169912, 48.75484723]}, "properties": {"route": "D91", "pr": "FS", "abs": null, "label": "D91 PRFS"}}, {"type": "Feature", "geometry": {"type": "Point", "coordinates": [2.09659079, 48.74046721]}, "properties": {"route": "D36", "pr": "DS", "abs": null, "label": "D36 PRDS (G)"}}, {"type": "Feature", "geometry": {"type": "Point", "coordinates": [2.08758624, 48.71931488]}, "properties": {"route": "D938", "pr": "FS", "abs": null, "label": "D938 PRFS"}}, {"type": "Feature", "geometry": {"type": "Point", "coordinates": [2.08758624, 48.71931488]}, "properties": {"route": "D938", "pr": "DS", "abs": null, "label": "D938 PRDS"}}, {"type": "Feature", "geometry": {"type": "Point", "coordinates": [1.97807454, 48.77473855]}, "properties": {"route": "D23", "pr": "DS", "abs": null, "label": "D23 PRDS (D)"}}, {"type": "Feature", "geometry": {"type": "Point", "coordinates": [1.94275825, 48.7552805]}, "properties": {"route": "D13", "pr": "DS", "abs": null, "label": "D13 PRDS"}}, {"type": "Feature", "geometry": {"type": "Point", "coordinates": [2.02237978, 48.76697464]}, "properties": {"route": "D36", "pr": "DS", "abs": null, "label": "D36 PRDS"}}, {"type": "Feature", "geometry": {"type": "Point", "coordinates": [2.12242224, 48.75766152]}, "properties": {"route": "D938", "pr": "DS", "abs": null, "label": "D938 PRDS (D)"}}, {"type": "Feature", "geometry": {"type": "Point", "coordinates": [1.92602317, 48.76235041]}, "properties": {"route": "D13", "pr": "DS", "abs": null, "label": "D13 PRDS"}}, {"type": "Feature", "geometry": {"type": "Point", "coordinates": [1.96234921, 48.76915403]}, "properties": {"route": "D58", "pr": "DS", "abs": null, "label": "D58 PRDS"}}, {"type": "Feature", "geometry": {"type": "Point", "coordinates": [2.11918116, 48.74229914]}, "properties": {"route": "D938", "pr": "DS", "abs": null, "label": "D938 PRDS"}}, {"type": "Feature", "geometry": {"type": "Point", "coordinates": [1.92602317, 48.76235041]}, "properties": {"route": "D13", "pr": "DS", "abs": null, "label": "D13 PRDS (G)"}}, {"type": "Feature", "geometry": {"type": "Point", "coordinates": [2.0013579, 48.72023991]}, "properties": {"route": "D13", "pr": "FS", "abs": null, "label": "D13 PRFS"}}, {"type": "Feature", "geometry": {"type": "Point", "coordinates": [2.0013579, 48.72023991]}, "properties": {"route": "D13", "pr": "DS", "abs": null, "label": "D13 PRDS"}}, {"type": "Feature", "geometry": {"type": "Point", "coordinates": [1.92713256, 48.76192683]}, "properties": {"route": "D13", "pr": "DS", "abs": null, "label": "D13 PRDS (D)"}}, {"type": "Feature", "geometry": {"type": "Point", "coordinates": [2.04155621, 48.75514741]}, "properties": {"route": "D91", "pr": "DS", "abs": null, "label": "D91 PRDS"}}, {"type": "Feature", "geometry": {"type": "Point", "coordinates": [1.93077536, 48.75684775]}, "properties": {"route": "D13", "pr": "DS", "abs": null, "label": "D13 PRDS (D)"}}, {"type": "Feature", "geometry": {"type": "Point", "coordinates": [2.09750856, 48.73898282]}, "properties": {"route": "D36", "pr": "DS", "abs": null, "label": "D36 PRDS (D)"}}, {"type": "Feature", "geometry": {"type": "Point", "coordinates": [1.93077536, 48.75684775]}, "properties": {"route": "D13", "pr": "DS", "abs": null, "label": "D13 PRDS"}}, {"type": "Feature", "geometry": {"type": "Point", "coordinates": [2.02428746, 48.74717314]}, "properties": {"route": "D91", "pr": "FS", "abs": null, "label": "D91 PRFS"}}, {"type": "Feature", "geometry": {"type": "Point", "coordinates": [2.02428746, 48.74717314]}, "properties": {"route": "D91", "pr": "DS", "abs": null, "label": "D91 PRDS"}}, {"type": "Feature", "geometry": {"type": "Point", "coordinates": [1.92713256, 48.76192683]}, "properties": {"route": "D13", "pr": "DS", "abs": null, "label": "D13 PRDS (D)"}}, {"type": "Feature", "geometry": {"type": "Point", "coordinates": [1.95884082, 48.77592976]}, "properties": {"route": "D58", "pr": "DS", "abs": null, "label": "D58 PRDS (D)"}}, {"type": "Feature", "geometry": {"type": "Point", "coordinates": [1.92635325, 48.76217798]}, "properties": {"route": "D13", "pr": "DS", "abs": null, "label": "D13 PRDS"}}, {"type": "Feature", "geometry": {"type": "Point", "coordinates": [1.98716833, 48.56650681]}, "properties": {"route": "D149", "pr": "DS", "abs": null, "label": "D149 PRDS (G)"}}, {"type": "Feature", "geometry": {"type": "Point", "coordinates": [1.9215054, 48.76317679]}, "properties": {"route": "D13", "pr": "DS", "abs": null, "label": "D13 PRDS (G)"}}, {"type": "Feature", "geometry": {"type": "Point", "coordinates": [1.92477985, 48.76267023]}, "properties": {"route": "D13", "pr": "DS", "abs": null, "label": "D13 PRDS (G)"}}, {"type": "Feature", "geometry": {"type": "Point", "coordinates": [1.97635692, 48.77502696]}, "properties": {"route": "D23", "pr": "FS", "abs": null, "label": "D23 PRFS"}}, {"type": "Feature", "geometry": {"type": "Point", "coordinates": [1.97635692, 48.77502696]}, "properties": {"route": "D23", "pr": "DS", "abs": null, "label": "D23 PRDS (D)"}}, {"type": "Feature", "geometry": {"type": "Point", "coordinates": [2.02580742, 48.74793842]}, "properties": {"route": "D91", "pr": "FS", "abs": null, "label": "D91 PRFS"}}, {"type": "Feature", "geometry": {"type": "Point", "coordinates": [2.02580742, 48.74793842]}, "properties": {"route": "D91", "pr": "DS", "abs": null, "label": "D91 PRDS"}}, {"type": "Feature", "geometry": {"type": "Point", "coordinates": [2.12913507, 48.76683559]}, "properties": {"route": "D938", "pr": "DS", "abs": null, "label": "D938 PRDS (D)"}}, {"type": "Feature", "geometry": {"type": "Point", "coordinates": [2.0350811, 48.62007361]}, "properties": {"route": "D132", "pr": "DS", "abs": null, "label": "D132 PRDS"}}, {"type": "Feature", "geometry": {"type": "Point", "coordinates": [2.04120243, 48.75426399]}, "properties": {"route": "D91", "pr": "DS", "abs": null, "label": "D91 PRDS"}}, {"type": "Feature", "geometry": {"type": "Point", "coordinates": [2.04120243, 48.75426399]}, "properties": {"route": "D91", "pr": "DS", "abs": null, "label": "D91 PRDS (D)"}}, {"type": "Feature", "geometry": {"type": "Point", "coordinates": [2.08062593, 48.76621751]}, "properties": {"route": "D91", "pr": "DS", "abs": null, "label": "D91 PRDS (G)"}}, {"type": "Feature", "geometry": {"type": "Point", "coordinates": [1.94280417, 48.7552971]}, "properties": {"route": "D13", "pr": "DS", "abs": null, "label": "D13 PRDS"}}, {"type": "Feature", "geometry": {"type": "Point", "coordinates": [2.12474844, 48.76099218]}, "properties": {"route": "D938", "pr": "DS", "abs": null, "label": "D938 PRDS (D)"}}, {"type": "Feature", "geometry": {"type": "Point", "coordinates": [2.0350811, 48.62007361]}, "properties": {"route": "D132", "pr": "DS", "abs": null, "label": "D132 PRDS"}}, {"type": "Feature", "geometry": {"type": "Point", "coordinates": [2.11181073, 48.74049866]}, "properties": {"route": "D938", "pr": "DS", "abs": null, "label": "D938 PRDS"}}, {"type": "Feature", "geometry": {"type": "Point", "coordinates": [2.09765956, 48.73449379]}, "properties": {"route": "D36", "pr": "DS", "abs": null, "label": "D36 PRDS"}}, {"type": "Feature", "geometry": {"type": "Point", "coordinates": [1.95968387, 48.77555573]}, "properties": {"route": "D58", "pr": "DS", "abs": null, "label": "D58 PRDS (G)"}}, {"type": "Feature", "geometry": {"type": "Point", "coordinates": [2.12491527, 48.76094123]}, "properties": {"route": "D938", "pr": "DS", "abs": null, "label": "D938 PRDS (G)"}}, {"type": "Feature", "geometry": {"type": "Point", "coordinates": [1.96781043, 48.75714842]}, "properties": {"route": "D58", "pr": "DS", "abs": null, "label": "D58 PRDS (G)"}}, {"type": "Feature", "geometry": {"type": "Point", "coordinates": [1.98837854, 48.57227554]}, "properties": {"route": "D27", "pr": "DS", "abs": 12040, "label": "D27 PRDS+12040"}}, {"type": "Feature", "geometry": {"type": "Point", "coordinates": [2.0931063, 48.74212999]}, "properties": {"route": "D36", "pr": "DS", "abs": null, "label": "D36 PRDS (G)"}}, {"type": "Feature", "geometry": {"type": "Point", "coordinates": [1.98952949, 48.59216662]}, "properties": {"route": "D988", "pr": "DS", "abs": 5332, "label": "D988 PRDS+5332"}}, {"type": "Feature", "geometry": {"type": "Point", "coordinates": [2.06964924, 48.76105867]}, "properties": {"route": "D91", "pr": "DS", "abs": null, "label": "D91 PRDS (D)"}}, {"type": "Feature", "geometry": {"type": "Point", "coordinates": [2.12025802, 48.75030601]}, "properties": {"route": "D938", "pr": "DS", "abs": null, "label": "D938 PRDS (G)"}}, {"type": "Feature", "geometry": {"type": "Point", "coordinates": [2.17276931, 48.76113746]}, "properties": {"route": "D446", "pr": "DS", "abs": null, "label": "D446 PRDS (G)"}}, {"type": "Feature", "geometry": {"type": "Point", "coordinates": [2.07014623, 48.76103556]}, "properties": {"route": "D91S", "pr": "DS", "abs": null, "label": "D91S PRDS (G)"}}, {"type": "Feature", "geometry": {"type": "Point", "coordinates": [2.01696431, 48.73786371]}, "properties": {"route": "D91", "pr": "DS", "abs": 12354, "label": "D91 PRDS+12354"}}, {"type": "Feature", "geometry": {"type": "Point", "coordinates": [2.04454292, 48.76142352]}, "properties": {"route": "D91", "pr": "DS", "abs": null, "label": "D91 PRDS (D)"}}, {"type": "Feature", "geometry": {"type": "Point", "coordinates": [2.06380652, 48.76216523]}, "properties": {"route": "D91", "pr": "DS", "abs": null, "label": "D91 PRDS (G)"}}, {"type": "Feature", "geometry": {"type": "Point", "coordinates": [2.04107419, 48.75420989]}, "properties": {"route": "D91", "pr": "DS", "abs": null, "label": "D91 PRDS (D)"}}, {"type": "Feature", "geometry": {"type": "Point", "coordinates": [2.08818061, 48.72046538]}, "properties": {"route": "D938", "pr": "DS", "abs": null, "label": "D938 PRDS"}}, {"type": "Feature", "geometry": {"type": "Point", "coordinates": [1.98736661, 48.56789031]}, "properties": {"route": "D149", "pr": "DS", "abs": null, "label": "D149 PRDS (G)"}}, {"type": "Feature", "geometry": {"type": "Point", "coordinates": [1.96323977, 48.76829917]}, "properties": {"route": "D58", "pr": "DS", "abs": null, "label": "D58 PRDS (G)"}}, {"type": "Feature", "geometry": {"type": "Point", "coordinates": [1.98445861, 48.77353555]}, "properties": {"route": "D23", "pr": "DS", "abs": 10197, "label": "D23 PRDS+10197 (G)"}}, {"type": "Feature", "geometry": {"type": "Point", "coordinates": [2.05839082, 48.74109308]}, "properties": {"route": "D195", "pr": "DS", "abs": null, "label": "D195 PRDS (G)"}}, {"type": "Feature", "geometry": {"type": "Point", "coordinates": [2.17327625, 48.75781931]}, "properties": {"route": "D446", "pr": "DS", "abs": null, "label": "D446 PRDS (G)"}}, {"type": "Feature", "geometry": {"type": "Point", "coordinates": [2.0670525, 48.75113892]}, "properties": {"route": "D36", "pr": "DS", "abs": null, "label": "D36 PRDS (D)"}}, {"type": "Feature", "geometry": {"type": "Point", "coordinates": [1.99275252, 48.59367107]}, "properties": {"route": "D149", "pr": "DS", "abs": null, "label": "D149 PRDS"}}, {"type": "Feature", "geometry": {"type": "Point", "coordinates": [2.11992538, 48.74236129]}, "properties": {"route": "D6", "pr": "DS", "abs": null, "label": "D6 PRDS"}}, {"type": "Feature", "geometry": {"type": "Point", "coordinates": [2.14909668, 48.77326746]}, "properties": {"route": "D446", "pr": "DS", "abs": null, "label": "D446 PRDS (G)"}}, {"type": "Feature", "geometry": {"type": "Point", "coordinates": [2.02199771, 48.76695982]}, "properties": {"route": "D36", "pr": "DS", "abs": null, "label": "D36 PRDS (G)"}}, {"type": "Feature", "geometry": {"type": "Point", "coordinates": [2.10133735, 48.70369698]}, "properties": {"route": "D906", "pr": "DS", "abs": null, "label": "D906 PRDS"}}, {"type": "Feature", "geometry": {"type": "Point", "coordinates": [1.99581394, 48.59470179]}, "properties": {"route": "D988", "pr": "DS", "abs": null, "label": "D988 PRDS (G)"}}, {"type": "Feature", "geometry": {"type": "Point", "coordinates": [1.93464801, 48.75980208]}, "properties": {"route": "D213", "pr": "DS", "abs": null, "label": "D213 PRDS"}}, {"type": "Feature", "geometry": {"type": "Point", "coordinates": [2.08219297, 48.74534675]}, "properties": {"route": "D36", "pr": "DS", "abs": null, "label": "D36 PRDS (G)"}}, {"type": "Feature", "geometry": {"type": "Point", "coordinates": [2.12322682, 48.75876026]}, "properties": {"route": "D938", "pr": "DS", "abs": null, "label": "D938 PRDS"}}, {"type": "Feature", "geometry": {"type": "Point", "coordinates": [1.98510857, 48.57564823]}, "properties": {"route": "D149", "pr": "DS", "abs": null, "label": "D149 PRDS (G)"}}, {"type": "Feature", "geometry": {"type": "Point", "coordinates": [2.03563652, 48.61997376]}, "properties": {"route": "D988", "pr": "DS", "abs": null, "label": "D988 PRDS (G)"}}, {"type": "Feature", "geometry": {"type": "Point", "coordinates": [2.08229846, 48.74553555]}, "properties": {"route": "D36", "pr": "DS", "abs": null, "label": "D36 PRDS (D)"}}, {"type": "Feature", "geometry": {"type": "Point", "coordinates": [2.02540828, 48.74767971]}, "properties": {"route": "D195", "pr": "DS", "abs": null, "label": "D195 PRDS"}}, {"type": "Feature", "geometry": {"type": "Point", "coordinates": [1.9303634, 48.75650406]}, "properties": {"route": "D13", "pr": "DS", "abs": null, "label": "D13 PRDS (D)"}}, {"type": "Feature", "geometry": {"type": "Point", "coordinates": [1.9305255, 48.75642725]}, "properties": {"route": "D13", "pr": "DS", "abs": null, "label": "D13 PRDS (G)"}}, {"type": "Feature", "geometry": {"type": "Point", "coordinates": [2.00234866, 48.71989829]}, "properties": {"route": "D91", "pr": "DS", "abs": null, "label": "D91 PRDS"}}, {"type": "Feature", "geometry": {"type": "Point", "coordinates": [2.08632319, 48.71675966]}, "properties": {"route": "D938", "pr": "DS", "abs": null, "label": "D938 PRDS (G)"}}, {"type": "Feature", "geometry": {"type": "Point", "coordinates": [2.17237416, 48.7611761]}, "properties": {"route": "D117", "pr": "DS", "abs": null, "label": "D117 PRDS"}}, {"type": "Feature", "geometry": {"type": "Point", "coordinates": [2.01694224, 48.73780776]}, "properties": {"route": "D46", "pr": "DS", "abs": null, "label": "D46 PRDS"}}, {"type": "Feature", "geometry": {"type": "Point", "coordinates": [2.07372312, 48.76255916]}, "properties": {"route": "D91S", "pr": "DS", "abs": null, "label": "D91S PRDS (D)"}}, {"type": "Feature", "geometry": {"type": "Point", "coordinates": [2.16138303, 48.76421781]}, "properties": {"route": "D446", "pr": "DS", "abs": null, "label": "D446 PRDS"}}, {"type": "Feature", "geometry": {"type": "Point", "coordinates": [1.95335793, 48.57518966]}, "properties": {"route": "D988", "pr": "DS", "abs": null, "label": "D988 PRDS"}}, {"type": "Feature", "geometry": {"type": "Point", "coordinates": [1.95336947, 48.57515468]}, "properties": {"route": "D988", "pr": "DS", "abs": null, "label": "D988 PRDS (G)"}}, {"type": "Feature", "geometry": {"type": "Point", "coordinates": [1.97538126, 48.52768654]}, "properties": {"route": "D116", "pr": "DS", "abs": null, "label": "D116 PRDS"}}, {"type": "Feature", "geometry": {"type": "Point", "coordinates": [2.02209087, 48.76707122]}, "properties": {"route": "D36", "pr": "DS", "abs": null, "label": "D36 PRDS (D)"}}, {"type": "Feature", "geometry": {"type": "Point", "coordinates": [2.06326339, 48.7621052]}, "properties": {"route": "D91", "pr": "DS", "abs": null, "label": "D91 PRDS (G)"}}, {"type": "Feature", "geometry": {"type": "Point", "coordinates": [2.05676267, 48.75925401]}, "properties": {"route": "D36", "pr": "DS", "abs": null, "label": "D36 PRDS (D)"}}, {"type": "Feature", "geometry": {"type": "Point", "coordinates": [2.07453852, 48.70658908]}, "properties": {"route": "D938", "pr": "14", "abs": 13509, "label": "D938 PR14+13509"}}, {"type": "Feature", "geometry": {"type": "Point", "coordinates": [2.07463603, 48.70668518]}, "properties": {"route": "D938", "pr": "14", "abs": 13496, "label": "D938 PR14+13496"}}, {"type": "Feature", "geometry": {"type": "Point", "coordinates": [2.12772067, 48.76500568]}, "properties": {"route": "D938", "pr": "5", "abs": 4966, "label": "D938 PR5+4966 (D)"}}, {"type": "Feature", "geometry": {"type": "Point", "coordinates": [1.93166826, 48.76068033]}, "properties": {"route": "D13", "pr": "10", "abs": 10271, "label": "D13 PR10+10271 (D)"}}, {"type": "Feature", "geometry": {"type": "Point", "coordinates": [1.92384258, 48.75038743]}, "properties": {"route": "D13", "pr": "11", "abs": 11789, "label": "D13 PR11+11789 (D)"}}, {"type": "Feature", "geometry": {"type": "Point", "coordinates": [1.98801258, 48.57185141]}, "properties": {"route": "D149", "pr": "2", "abs": 374, "label": "D149 PR2+374 (G)"}}, {"type": "Feature", "geometry": {"type": "Point", "coordinates": [1.98479768, 48.77345388]}, "properties": {"route": "D23", "pr": "10", "abs": 10197, "label": "D23 PR10+10197 (D)"}}, {"type": "Feature", "geometry": {"type": "Point", "coordinates": [1.9377724, 48.57214127]}, "properties": {"route": "D988", "pr": "33", "abs": 10294, "label": "D988 PR33+10294"}}, {"type": "Feature", "geometry": {"type": "Point", "coordinates": [1.99163445, 48.59335035]}, "properties": {"route": "D988", "pr": "28", "abs": 5332, "label": "D988 PR28+5332 (D)"}}, {"type": "Feature", "geometry": {"type": "Point", "coordinates": [2.05861678, 48.75624555]}, "properties": {"route": "D36", "pr": "16", "abs": 4077, "label": "D36 PR16+4077 (D)"}}, {"type": "Feature", "geometry": {"type": "Point", "coordinates": [2.02572887, 48.76599821]}, "properties": {"route": "D36", "pr": "19", "abs": 7091, "label": "D36 PR19+7091 (D)"}}, {"type": "Feature", "geometry": {"type": "Point", "coordinates": [2.08048156, 48.74606665]}, "properties": {"route": "D36", "pr": "14", "abs": 2071, "label": "D36 PR14+2071 (D)"}}, {"type": "Feature", "geometry": {"type": "Point", "coordinates": [2.06857166, 48.75046449]}, "properties": {"route": "D36", "pr": "15", "abs": 3075, "label": "D36 PR15+3075 (D)"}}, {"type": "Feature", "geometry": {"type": "Point", "coordinates": [2.05009514, 48.7629924]}, "properties": {"route": "D36", "pr": "17", "abs": 5116, "label": "D36 PR17+5116 (D)"}}, {"type": "Feature", "geometry": {"type": "Point", "coordinates": [2.09281352, 48.74238682]}, "properties": {"route": "D36", "pr": "13", "abs": 1067, "label": "D36 PR13+1067 (D)"}}, {"type": "Feature", "geometry": {"type": "Point", "coordinates": [2.01366649, 48.76594957]}, "properties": {"route": "D36", "pr": "20", "abs": 8068, "label": "D36 PR20+8068 (D)"}}, {"type": "Feature", "geometry": {"type": "Point", "coordinates": [2.03768371, 48.76280219]}, "properties": {"route": "D36", "pr": "18", "abs": 6063, "label": "D36 PR18+6063 (D)"}}, {"type": "Feature", "geometry": {"type": "Point", "coordinates": [2.00249515, 48.76961206]}, "properties": {"route": "D36", "pr": "21", "abs": 9016, "label": "D36 PR21+9016 (D)"}}, {"type": "Feature", "geometry": {"type": "Point", "coordinates": [2.07022828, 48.76108837]}, "properties": {"route": "D91", "pr": "7", "abs": 7088, "label": "D91 PR7+7088 (D)"}}, {"type": "Feature", "geometry": {"type": "Point", "coordinates": [2.04169953, 48.75460258]}, "properties": {"route": "D91", "pr": "9", "abs": 9149, "label": "D91 PR9+9149 (D)"}}, {"type": "Feature", "geometry": {"type": "Point", "coordinates": [2.08052146, 48.76658638]}, "properties": {"route": "D91", "pr": "6", "abs": 6082, "label": "D91 PR6+6082 (D)"}}, {"type": "Feature", "geometry": {"type": "Point", "coordinates": [2.08396287, 48.77315453]}, "properties": {"route": "D91", "pr": "5", "abs": 5283, "label": "D91 PR5+5283 (D)"}}, {"type": "Feature", "geometry": {"type": "Point", "coordinates": [2.06165774, 48.76174001]}, "properties": {"route": "D91", "pr": "8", "abs": 7780, "label": "D91 PR8+7780 (D)"}}, {"type": "Feature", "geometry": {"type": "Point", "coordinates": [2.07435894, 48.76284022]}, "properties": {"route": "D91S", "pr": "6", "abs": 0, "label": "D91S PR6 (D)"}}, {"type": "Feature", "geometry": {"type": "Point", "coordinates": [1.94901908, 48.56042099]}, "properties": {"route": "A10", "pr": "22", "abs": 15266, "label": "A10 PR22+15266 (D)"}}, {"type": "Feature", "geometry": {"type": "Point", "coordinates": [1.93660595, 48.55620745]}, "properties": {"route": "A10", "pr": "23", "abs": 7295, "label": "A10 PR23+7295 (D)"}}, {"type": "Feature", "geometry": {"type": "Point", "coordinates": [2.19435527, 48.67028385]}, "properties": {"route": "A10", "pr": "0", "abs": 0, "label": "A10 PR0 (D)"}}, {"type": "Feature", "geometry": {"type": "Point", "coordinates": [2.19435527, 48.67028385]}, "properties": {"route": "A10", "pr": "0", "abs": 0, "label": "A10 PR0 (G)"}}, {"type": "Feature", "geometry": {"type": "Point", "coordinates": [2.036139, 48.58988229]}, "properties": {"route": "A10", "pr": "15", "abs": 0, "label": "A10 PR15 (D)"}}, {"type": "Feature", "geometry": {"type": "Point", "coordinates": [2.44375381, 48.70393748]}, "properties": {"route": "N6", "pr": "2", "abs": 1950, "label": "N6 PR2+1950 (G)"}}, {"type": "Feature", "geometry": {"type": "Point", "coordinates": [2.44364512, 48.70393428]}, "properties": {"route": "N6", "pr": "2", "abs": 1931, "label": "N6 PR2+1931 (D)"}}, {"type": "Feature", "geometry": {"type": "Point", "coordinates": [2.44654098, 48.69534075]}, "properties": {"route": "N6", "pr": "3", "abs": 2939, "label": "N6 PR3+2939 (G)"}}, {"type": "Feature", "geometry": {"type": "Point", "coordinates": [2.44645037, 48.69529986]}, "properties": {"route": "N6", "pr": "3", "abs": 2936, "label": "N6 PR3+2936 (D)"}}, {"type": "Feature", "geometry": {"type": "Point", "coordinates": [2.4572562, 48.69045909]}, "properties": {"route": "N6", "pr": "4", "abs": 3937, "label": "N6 PR4+3937 (G)"}}, {"type": "Feature", "geometry": {"type": "Point", "coordinates": [2.45724471, 48.69038798]}, "properties": {"route": "N6", "pr": "4", "abs": 3933, "label": "N6 PR4+3933 (D)"}}, {"type": "Feature", "geometry": {"type": "Point", "coordinates": [2.5040618, 48.67201766]}, "properties": {"route": "N6", "pr": "8", "abs": 8243, "label": "N6 PR8+8243 (G)"}}, {"type": "Feature", "geometry": {"type": "Point", "coordinates": [2.50396181, 48.67196418]}, "properties": {"route": "N6", "pr": "8", "abs": 8240, "label": "N6 PR8+8240 (D)"}}, {"type": "Feature", "geometry": {"type": "Point", "coordinates": [2.4707335, 48.68964088]}, "properties": {"route": "N6", "pr": "5", "abs": 4933, "label": "N6 PR5+4933 (D)"}}, {"type": "Feature", "geometry": {"type": "Point", "coordinates": [2.47074229, 48.68971197]}, "properties": {"route": "N6", "pr": "5", "abs": 4937, "label": "N6 PR5+4937 (G)"}}, {"type": "Feature", "geometry": {"type": "Point", "coordinates": [2.51260456, 48.66499014]}, "properties": {"route": "N6", "pr": "9", "abs": 9249, "label": "N6 PR9+9249 (G)"}}, {"type": "Feature", "geometry": {"type": "Point", "coordinates": [2.51251944, 48.66494481]}, "properties": {"route": "N6", "pr": "9", "abs": 9247, "label": "N6 PR9+9247 (D)"}}, {"type": "Feature", "geometry": {"type": "Point", "coordinates": [2.44209929, 48.7125313]}, "properties": {"route": "N6", "pr": "1", "abs": 940, "label": "N6 PR1+940 (D)"}}, {"type": "Feature", "geometry": {"type": "Point", "coordinates": [2.44220541, 48.712521]}, "properties": {"route": "N6", "pr": "1", "abs": 940, "label": "N6 PR1+940 (G)"}}, {"type": "Feature", "geometry": {"type": "Point", "coordinates": [2.49551868, 48.67898428]}, "properties": {"route": "N6", "pr": "7", "abs": 7243, "label": "N6 PR7+7243 (G)"}}, {"type": "Feature", "geometry": {"type": "Point", "coordinates": [2.49541734, 48.67892988]}, "properties": {"route": "N6", "pr": "7", "abs": 7240, "label": "N6 PR7+7240 (D)"}}, {"type": "Feature", "geometry": {"type": "Point", "coordinates": [2.48388968, 48.68786541]}, "properties": {"route": "N6", "pr": "6", "abs": 5936, "label": "N6 PR6+5936 (G)"}}, {"type": "Feature", "geometry": {"type": "Point", "coordinates": [2.48383051, 48.68780489]}, "properties": {"route": "N6", "pr": "6", "abs": 5932, "label": "N6 PR6+5932 (D)"}}, {"type": "Feature", "geometry": {"type": "Point", "coordinates": [2.53521716, 48.6381837]}, "properties": {"route": "N6", "pr": "11", "abs": 12697, "label": "N6 PR11+12697 (D)"}}, {"type": "Feature", "geometry": {"type": "Point", "coordinates": [2.43974966, 48.77271131]}, "properties": {"route": "N6", "pr": "13", "abs": 1038, "label": "N6 PR13+1038 (D)"}}, {"type": "Feature", "geometry": {"type": "Point", "coordinates": [2.44437154, 48.72367712]}, "properties": {"route": "N6", "pr": "19", "abs": 6634, "label": "N6 PR19+6634 (D)"}}, {"type": "Feature", "geometry": {"type": "Point", "coordinates": [2.44682777, 48.73230701]}, "properties": {"route": "N6", "pr": "18", "abs": 5547, "label": "N6 PR18+5547 (D)"}}, {"type": "Feature", "geometry": {"type": "Point", "coordinates": [2.44636636, 48.72876107]}, "properties": {"route": "N6", "pr": "18", "abs": 5957, "label": "N6 PR18+5957 (D)"}}, {"type": "Feature", "geometry": {"type": "Point", "coordinates": [2.3073575, 48.72999524]}, "properties": {"route": "A10", "pr": "2", "abs": 1737, "label": "A10 PR2+1737 (D)"}}, {"type": "Feature", "geometry": {"type": "Point", "coordinates": [2.24608571, 48.7002966]}, "properties": {"route": "A10", "pr": "9", "abs": 8989, "label": "A10 PR9+8989 (D)"}}, {"type": "Feature", "geometry": {"type": "Point", "coordinates": [2.25093401, 48.7085565]}, "properties": {"route": "A10", "pr": "8", "abs": 7994, "label": "A10 PR8+7994 (D)"}}, {"type": "Feature", "geometry": {"type": "Point", "coordinates": [2.22302122, 48.69090363]}, "properties": {"route": "A10", "pr": "11", "abs": 10990, "label": "A10 PR11+10990 (D)"}}, {"type": "Feature", "geometry": {"type": "Point", "coordinates": [2.23462007, 48.6956209]}, "properties": {"route": "A10", "pr": "10", "abs": 9987, "label": "A10 PR10+9987 (D)"}}, {"type": "Feature", "geometry": {"type": "Point", "coordinates": [2.20396249, 48.67813364]}, "properties": {"route": "A10", "pr": "13", "abs": 12992, "label": "A10 PR13+12992 (D)"}}, {"type": "Feature", "geometry": {"type": "Point", "coordinates": [2.29048124, 48.71611544]}, "properties": {"route": "A10", "pr": "4", "abs": 3734, "label": "A10 PR4+3734 (D)"}}, {"type": "Feature", "geometry": {"type": "Point", "coordinates": [2.2978088, 48.72362164]}, "properties": {"route": "A10", "pr": "3", "abs": 2735, "label": "A10 PR3+2735 (D)"}}, {"type": "Feature", "geometry": {"type": "Point", "coordinates": [2.31613717, 48.73691408]}, "properties": {"route": "A10", "pr": "1", "abs": 730, "label": "A10 PR1+730 (D)"}}, {"type": "Feature", "geometry": {"type": "Point", "coordinates": [2.25401869, 48.7173466]}, "properties": {"route": "A10", "pr": "7", "abs": 7002, "label": "A10 PR7+7002 (D)"}}, {"type": "Feature", "geometry": {"type": "Point", "coordinates": [2.26603451, 48.71641461]}, "properties": {"route": "A10", "pr": "6", "abs": 5738, "label": "A10 PR6+5738 (D)"}}, {"type": "Feature", "geometry": {"type": "Point", "coordinates": [2.21299067, 48.6848418]}, "properties": {"route": "A10", "pr": "12", "abs": 11992, "label": "A10 PR12+11992 (D)"}}, {"type": "Feature", "geometry": {"type": "Point", "coordinates": [2.32199453, 48.74252046]}, "properties": {"route": "A10", "pr": "0", "abs": 0, "label": "A10 PR0 (D)"}}, {"type": "Feature", "geometry": {"type": "Point", "coordinates": [2.28715928, 48.7052471]}, "properties": {"route": "N20", "pr": "3", "abs": 1270, "label": "N20 PR3+1270 (D)"}}, {"type": "Feature", "geometry": {"type": "Point", "coordinates": [2.51677105, 48.47459408]}, "properties": {"route": "A6", "pr": "44", "abs": 0, "label": "A6 PR44 (G)"}}, {"type": "Feature", "geometry": {"type": "Point", "coordinates": [2.51653133, 48.47461919]}, "properties": {"route": "A6", "pr": "44", "abs": 0, "label": "A6 PR44 (D)"}}, {"type": "Feature", "geometry": {"type": "Point", "coordinates": [1.9786747, 48.32628075]}, "properties": {"route": "D119", "pr": "25", "abs": 25144, "label": "D119 PR25+25144"}}, {"type": "Feature", "geometry": {"type": "Point", "coordinates": [2.43199077, 48.56326768]}, "properties": {"route": "D191", "pr": "8", "abs": 3770, "label": "D191 PR8+3770"}}, {"type": "Feature", "geometry": {"type": "Point", "coordinates": [2.41967921, 48.64674853]}, "properties": {"route": "N7", "pr": "13", "abs": 10489, "label": "N7 PR13+10489 (D)"}}, {"type": "Feature", "geometry": {"type": "Point", "coordinates": [2.46165581, 48.6113813]}, "properties": {"route": "N7", "pr": "18", "abs": 15540, "label": "N7 PR18+15540 (D)"}}, {"type": "Feature", "geometry": {"type": "Point", "coordinates": [2.44492679, 48.62547925]}, "properties": {"route": "N7", "pr": "16", "abs": 13529, "label": "N7 PR16+13529 (D)"}}, {"type": "Feature", "geometry": {"type": "Point", "coordinates": [2.52704694, 48.67810249]}, "properties": {"route": "D33", "pr": "7", "abs": 6771, "label": "D33 PR7+6771 (G)"}}, {"type": "Feature", "geometry": {"type": "Point", "coordinates": [2.41325644, 48.62186967]}, "properties": {"route": "D446", "pr": "17", "abs": 7618, "label": "D446 PR17+7618 (G)"}}, {"type": "Feature", "geometry": {"type": "Point", "coordinates": [2.42474384, 48.63107117]}, "properties": {"route": "D92", "pr": "1", "abs": 1114, "label": "D92 PR1+1114"}}, {"type": "Feature", "geometry": {"type": "Point", "coordinates": [2.43370962, 48.63071654]}, "properties": {"route": "D91", "pr": "3", "abs": 2972, "label": "D91 PR3+2972 (G)"}}, {"type": "Feature", "geometry": {"type": "Point", "coordinates": [2.33526641, 48.72830645]}, "properties": {"route": "D167A", "pr": "7", "abs": 996, "label": "D167A PR7+996"}}, {"type": "Feature", "geometry": {"type": "Point", "coordinates": [2.33013459, 48.60780942]}, "properties": {"route": "D19", "pr": "18", "abs": 11495, "label": "D19 PR18+11495 (G)"}}, {"type": "Feature", "geometry": {"type": "Point", "coordinates": [2.26592575, 48.5762151]}, "properties": {"route": "D19", "pr": "11", "abs": 4887, "label": "D19 PR11+4887 (G)"}}, {"type": "Feature", "geometry": {"type": "Point", "coordinates": [2.41709928, 48.63816539]}, "properties": {"route": "D91", "pr": "5", "abs": 4818, "label": "D91 PR5+4818"}}, {"type": "Feature", "geometry": {"type": "Point", "coordinates": [2.37151477, 48.70781078]}, "properties": {"route": "N7", "pr": "5", "abs": 2268, "label": "N7 PR5+2268 (G)"}}, {"type": "Feature", "geometry": {"type": "Point", "coordinates": [2.40301592, 48.66106999]}, "properties": {"route": "N7", "pr": "11", "abs": 8358, "label": "N7 PR11+8358 (G)"}}, {"type": "Feature", "geometry": {"type": "Point", "coordinates": [2.42866325, 48.63999884]}, "properties": {"route": "N7", "pr": "14", "abs": 11516, "label": "N7 PR14+11516 (G)"}}, {"type": "Feature", "geometry": {"type": "Point", "coordinates": [2.43736569, 48.63284323]}, "properties": {"route": "N7", "pr": "15", "abs": 12540, "label": "N7 PR15+12540 (G)"}}, {"type": "Feature", "geometry": {"type": "Point", "coordinates": [2.45311738, 48.61882288]}, "properties": {"route": "N7", "pr": "17", "abs": 14464, "label": "N7 PR17+14464 (G)"}}, {"type": "Feature", "geometry": {"type": "Point", "coordinates": [2.37200975, 48.69885197]}, "properties": {"route": "N7", "pr": "6", "abs": 3269, "label": "N7 PR6+3269 (G)"}}, {"type": "Feature", "geometry": {"type": "Point", "coordinates": [2.38692227, 48.67467952]}, "properties": {"route": "N7", "pr": "9", "abs": 6347, "label": "N7 PR9+6347 (G)"}}, {"type": "Feature", "geometry": {"type": "Point", "coordinates": [2.36418019, 48.74331473]}, "properties": {"route": "N7", "pr": "1", "abs": 356, "label": "N7 PR1+356 (G)"}}, {"type": "Feature", "geometry": {"type": "Point", "coordinates": [2.48996709, 48.56370579]}, "properties": {"route": "N7", "pr": "24", "abs": 18538, "label": "N7 PR24+18538 (G)"}}, {"type": "Feature", "geometry": {"type": "Point", "coordinates": [2.37856766, 48.6818007]}, "properties": {"route": "N7", "pr": "8", "abs": 5346, "label": "N7 PR8+5346 (G)"}}, {"type": "Feature", "geometry": {"type": "Point", "coordinates": [2.41137069, 48.65394701]}, "properties": {"route": "N7", "pr": "12", "abs": 9354, "label": "N7 PR12+9354 (G)"}}, {"type": "Feature", "geometry": {"type": "Point", "coordinates": [2.37084499, 48.6899554]}, "properties": {"route": "N7", "pr": "7", "abs": 4264, "label": "N7 PR7+4264 (G)"}}, {"type": "Feature", "geometry": {"type": "Point", "coordinates": [2.28298454, 48.73406526]}, "properties": {"route": "D121", "pr": "1", "abs": 993, "label": "D121 PR1+993"}}, {"type": "Feature", "geometry": {"type": "Point", "coordinates": [2.47589324, 48.57798091]}, "properties": {"route": "N7", "pr": "22", "abs": 19579, "label": "N7 PR22+19579"}}, {"type": "Feature", "geometry": {"type": "Point", "coordinates": [2.47504771, 48.59566502]}, "properties": {"route": "N7", "pr": "20", "abs": 17569, "label": "N7 PR20+17569"}}, {"type": "Feature", "geometry": {"type": "Point", "coordinates": [2.46837533, 48.60357205]}, "properties": {"route": "N7", "pr": "19", "abs": 16564, "label": "N7 PR19+16564"}}, {"type": "Feature", "geometry": {"type": "Point", "coordinates": [2.4769691, 48.58699736]}, "properties": {"route": "N7", "pr": "21", "abs": 18578, "label": "N7 PR21+18578"}}, {"type": "Feature", "geometry": {"type": "Point", "coordinates": [2.47988888, 48.56946434]}, "properties": {"route": "N7", "pr": "23", "abs": 20584, "label": "N7 PR23+20584"}}, {"type": "Feature", "geometry": {"type": "Point", "coordinates": [2.37363251, 48.65959153]}, "properties": {"route": "D445", "pr": "2", "abs": 1194, "label": "D445 PR2+1194 (G)"}}, {"type": "Feature", "geometry": {"type": "Point", "coordinates": [2.44877025, 48.56626661]}, "properties": {"route": "D153", "pr": "24", "abs": 24394, "label": "D153 PR24+24394"}}, {"type": "Feature", "geometry": {"type": "Point", "coordinates": [2.17975471, 48.57864251]}, "properties": {"route": "D191Z", "pr": "1", "abs": 1012, "label": "D191Z PR1+1012"}}, {"type": "Feature", "geometry": {"type": "Point", "coordinates": [2.50058624, 48.63477565]}, "properties": {"route": "D33", "pr": "2", "abs": 2113, "label": "D33 PR2+2113 (D)"}}, {"type": "Feature", "geometry": {"type": "Point", "coordinates": [2.41705702, 48.6223426]}, "properties": {"route": "D93", "pr": "4", "abs": 3555, "label": "D93 PR4+3555 (G)"}}, {"type": "Feature", "geometry": {"type": "Point", "coordinates": [2.18111162, 48.67519221]}, "properties": {"route": "D35", "pr": "4", "abs": 4051, "label": "D35 PR4+4051 (G)"}}, {"type": "Feature", "geometry": {"type": "Point", "coordinates": [2.16716767, 48.67529891]}, "properties": {"route": "D35", "pr": "3", "abs": 2970, "label": "D35 PR3+2970 (G)"}}, {"type": "Feature", "geometry": {"type": "Point", "coordinates": [2.2510307, 48.60754681]}, "properties": {"route": "N20", "pr": "15", "abs": 15054, "label": "N20 PR15+15054 (G)"}}, {"type": "Feature", "geometry": {"type": "Point", "coordinates": [2.23907519, 48.59118624]}, "properties": {"route": "N20", "pr": "17", "abs": 17067, "label": "N20 PR17+17067 (G)"}}, {"type": "Feature", "geometry": {"type": "Point", "coordinates": [2.14133581, 48.42403671]}, "properties": {"route": "N20", "pr": "38", "abs": 38103, "label": "N20 PR38+38103 (G)"}}, {"type": "Feature", "geometry": {"type": "Point", "coordinates": [2.25623955, 48.61585352]}, "properties": {"route": "N20", "pr": "14", "abs": 14044, "label": "N20 PR14+14044 (G)"}}, {"type": "Feature", "geometry": {"type": "Point", "coordinates": [2.12695766, 48.41009881]}, "properties": {"route": "N20", "pr": "40", "abs": 40053, "label": "N20 PR40+40053 (G)"}}, {"type": "Feature", "geometry": {"type": "Point", "coordinates": [2.19758524, 48.49047063]}, "properties": {"route": "N20", "pr": "29", "abs": 28967, "label": "N20 PR29+28967 (G)"}}, {"type": "Feature", "geometry": {"type": "Point", "coordinates": [2.13161485, 48.41768873]}, "properties": {"route": "N20", "pr": "39", "abs": 39136, "label": "N20 PR39+39136 (G)"}}, {"type": "Feature", "geometry": {"type": "Point", "coordinates": [2.05706634, 48.35614095]}, "properties": {"route": "N20", "pr": "48", "abs": 48121, "label": "N20 PR48+48121 (G)"}}, {"type": "Feature", "geometry": {"type": "Point", "coordinates": [2.23551054, 48.57462113]}, "properties": {"route": "N20", "pr": "19", "abs": 19045, "label": "N20 PR19+19045 (G)"}}, {"type": "Feature", "geometry": {"type": "Point", "coordinates": [2.11317397, 48.39380705]}, "properties": {"route": "N20", "pr": "42", "abs": 42157, "label": "N20 PR42+42157 (G)"}}, {"type": "Feature", "geometry": {"type": "Point", "coordinates": [2.2061036, 48.52484522]}, "properties": {"route": "N20", "pr": "25", "abs": 25040, "label": "N20 PR25+25040 (G)"}}, {"type": "Feature", "geometry": {"type": "Point", "coordinates": [2.06581652, 48.36324902]}, "properties": {"route": "N20", "pr": "47", "abs": 47078, "label": "N20 PR47+47078 (G)"}}, {"type": "Feature", "geometry": {"type": "Point", "coordinates": [2.20842996, 48.53366437]}, "properties": {"route": "N20", "pr": "24", "abs": 24044, "label": "N20 PR24+24044 (G)"}}, {"type": "Feature", "geometry": {"type": "Point", "coordinates": [2.09271504, 48.38275204]}, "properties": {"route": "N20", "pr": "44", "abs": 44119, "label": "N20 PR44+44119 (G)"}}, {"type": "Feature", "geometry": {"type": "Point", "coordinates": [2.04506334, 48.35145244]}, "properties": {"route": "N20", "pr": "49", "abs": 49146, "label": "N20 PR49+49146 (G)"}}, {"type": "Feature", "geometry": {"type": "Point", "coordinates": [2.16607, 48.43187494]}, "properties": {"route": "N20", "pr": "36", "abs": 36037, "label": "N20 PR36+36037 (G)"}}, {"type": "Feature", "geometry": {"type": "Point", "coordinates": [2.27196741, 48.64961575]}, "properties": {"route": "N20", "pr": "10", "abs": 10086, "label": "N20 PR10+10086 (G)"}}, {"type": "Feature", "geometry": {"type": "Point", "coordinates": [2.28192634, 48.67533739]}, "properties": {"route": "N20", "pr": "7", "abs": 7135, "label": "N20 PR7+7135 (G)"}}, {"type": "Feature", "geometry": {"type": "Point", "coordinates": [1.99281236, 48.31111354]}, "properties": {"route": "N20", "pr": "55", "abs": 55358, "label": "N20 PR55+55358 (G)"}}, {"type": "Feature", "geometry": {"type": "Point", "coordinates": [2.00030785, 48.31865794]}, "properties": {"route": "N20", "pr": "54", "abs": 54288, "label": "N20 PR54+54288 (G)"}}, {"type": "Feature", "geometry": {"type": "Point", "coordinates": [2.27876966, 48.66717693]}, "properties": {"route": "N20", "pr": "8", "abs": 8069, "label": "N20 PR8+8069 (G)"}}, {"type": "Feature", "geometry": {"type": "Point", "coordinates": [2.2607456, 48.62311842]}, "properties": {"route": "N20", "pr": "13", "abs": 13174, "label": "N20 PR13+13174 (G)"}}, {"type": "Feature", "geometry": {"type": "Point", "coordinates": [2.28589616, 48.69385481]}, "properties": {"route": "N20", "pr": "5", "abs": 5034, "label": "N20 PR5+5034 (G)"}}, {"type": "Feature", "geometry": {"type": "Point", "coordinates": [2.12077169, 48.40149234]}, "properties": {"route": "N20", "pr": "41", "abs": 41121, "label": "N20 PR41+41121 (G)"}}, {"type": "Feature", "geometry": {"type": "Point", "coordinates": [1.99195366, 48.30128855]}, "properties": {"route": "N20", "pr": "56", "abs": 56456, "label": "N20 PR56+56456 (G)"}}, {"type": "Feature", "geometry": {"type": "Point", "coordinates": [2.17320903, 48.43981604]}, "properties": {"route": "N20", "pr": "35", "abs": 35004, "label": "N20 PR35+35004 (G)"}}, {"type": "Feature", "geometry": {"type": "Point", "coordinates": [2.07438988, 48.36918175]}, "properties": {"route": "N20", "pr": "46", "abs": 46159, "label": "N20 PR46+46159 (G)"}}, {"type": "Feature", "geometry": {"type": "Point", "coordinates": [2.30029896, 48.72730516]}, "properties": {"route": "N20", "pr": "1", "abs": 1007, "label": "N20 PR1+1007 (G)"}}, {"type": "Feature", "geometry": {"type": "Point", "coordinates": [2.08368254, 48.37618467]}, "properties": {"route": "N20", "pr": "45", "abs": 45109, "label": "N20 PR45+45109 (G)"}}, {"type": "Feature", "geometry": {"type": "Point", "coordinates": [2.24566686, 48.59900493]}, "properties": {"route": "N20", "pr": "16", "abs": 16050, "label": "N20 PR16+16050 (G)"}}, {"type": "Feature", "geometry": {"type": "Point", "coordinates": [2.17502349, 48.44860684]}, "properties": {"route": "N20", "pr": "34", "abs": 33990, "label": "N20 PR34+33990 (G)"}}, {"type": "Feature", "geometry": {"type": "Point", "coordinates": [1.98547725, 48.29360107]}, "properties": {"route": "N20", "pr": "57", "abs": 57436, "label": "N20 PR57+57436 (G)"}}, {"type": "Feature", "geometry": {"type": "Point", "coordinates": [2.21835466, 48.55021441]}, "properties": {"route": "N20", "pr": "22", "abs": 22054, "label": "N20 PR22+22054 (G)"}}, {"type": "Feature", "geometry": {"type": "Point", "coordinates": [2.28578728, 48.7028184]}, "properties": {"route": "N20", "pr": "4", "abs": 4040, "label": "N20 PR4+4040 (G)"}}, {"type": "Feature", "geometry": {"type": "Point", "coordinates": [2.26860815, 48.64092466]}, "properties": {"route": "N20", "pr": "11", "abs": 11090, "label": "N20 PR11+11090 (G)"}}, {"type": "Feature", "geometry": {"type": "Point", "coordinates": [2.02414852, 48.32914406]}, "properties": {"route": "N20", "pr": "52", "abs": 52160, "label": "N20 PR52+52160 (G)"}}, {"type": "Feature", "geometry": {"type": "Point", "coordinates": [2.27533846, 48.65832113]}, "properties": {"route": "N20", "pr": "9", "abs": 9088, "label": "N20 PR9+9088 (G)"}}, {"type": "Feature", "geometry": {"type": "Point", "coordinates": [2.01335004, 48.32293876]}, "properties": {"route": "N20", "pr": "53", "abs": 53215, "label": "N20 PR53+53215 (G)"}}, {"type": "Feature", "geometry": {"type": "Point", "coordinates": [2.1537598, 48.42747195]}, "properties": {"route": "N20", "pr": "37", "abs": 37097, "label": "N20 PR37+37097 (G)"}}, {"type": "Feature", "geometry": {"type": "Point", "coordinates": [2.23404969, 48.58358232]}, "properties": {"route": "N20", "pr": "18", "abs": 18046, "label": "N20 PR18+18046 (G)"}}, {"type": "Feature", "geometry": {"type": "Point", "coordinates": [2.23084964, 48.56660729]}, "properties": {"route": "N20", "pr": "20", "abs": 20014, "label": "N20 PR20+20014 (G)"}}, {"type": "Feature", "geometry": {"type": "Point", "coordinates": [2.20380341, 48.51604771]}, "properties": {"route": "N20", "pr": "26", "abs": 26038, "label": "N20 PR26+26038 (G)"}}, {"type": "Feature", "geometry": {"type": "Point", "coordinates": [2.21227923, 48.54225692]}, "properties": {"route": "N20", "pr": "23", "abs": 23044, "label": "N20 PR23+23044 (G)"}}, {"type": "Feature", "geometry": {"type": "Point", "coordinates": [2.19284978, 48.48244608]}, "properties": {"route": "N20", "pr": "30", "abs": 29928, "label": "N20 PR30+29928 (G)"}}, {"type": "Feature", "geometry": {"type": "Point", "coordinates": [2.10344301, 48.3880161]}, "properties": {"route": "N20", "pr": "43", "abs": 43128, "label": "N20 PR43+43128 (G)"}}, {"type": "Feature", "geometry": {"type": "Point", "coordinates": [2.28521551, 48.68381513]}, "properties": {"route": "N20", "pr": "6", "abs": 6162, "label": "N20 PR6+6162 (G)"}}, {"type": "Feature", "geometry": {"type": "Point", "coordinates": [2.26428145, 48.63181725]}, "properties": {"route": "N20", "pr": "12", "abs": 12159, "label": "N20 PR12+12159 (G)"}}, {"type": "Feature", "geometry": {"type": "Point", "coordinates": [2.18833778, 48.47406293]}, "properties": {"route": "N20", "pr": "31", "abs": 30923, "label": "N20 PR31+30923 (G)"}}, {"type": "Feature", "geometry": {"type": "Point", "coordinates": [2.18208942, 48.46590422]}, "properties": {"route": "N20", "pr": "32", "abs": 31939, "label": "N20 PR32+31939 (G)"}}, {"type": "Feature", "geometry": {"type": "Point", "coordinates": [2.20125306, 48.50790335]}, "properties": {"route": "N20", "pr": "27", "abs": 26965, "label": "N20 PR27+26965 (G)"}}, {"type": "Feature", "geometry": {"type": "Point", "coordinates": [2.20159358, 48.4988715]}, "properties": {"route": "N20", "pr": "28", "abs": 27984, "label": "N20 PR28+27984 (G)"}}, {"type": "Feature", "geometry": {"type": "Point", "coordinates": [2.03380067, 48.33530028]}, "properties": {"route": "N20", "pr": "51", "abs": 51163, "label": "N20 PR51+51163 (G)"}}, {"type": "Feature", "geometry": {"type": "Point", "coordinates": [2.03862708, 48.34376319]}, "properties": {"route": "N20", "pr": "50", "abs": 50162, "label": "N20 PR50+50162 (G)"}}, {"type": "Feature", "geometry": {"type": "Point", "coordinates": [2.29887142, 48.71849195]}, "properties": {"route": "N20", "pr": "2", "abs": 2015, "label": "N20 PR2+2015 (G)"}}, {"type": "Feature", "geometry": {"type": "Point", "coordinates": [2.22440116, 48.55814436]}, "properties": {"route": "N20", "pr": "21", "abs": 21065, "label": "N20 PR21+21065 (G)"}}, {"type": "Feature", "geometry": {"type": "Point", "coordinates": [2.51257583, 48.6650134]}, "properties": {"route": "N6", "pr": "9", "abs": 9228, "label": "N6 PR9+9228 (G)"}}, {"type": "Feature", "geometry": {"type": "Point", "coordinates": [2.45724396, 48.69046083]}, "properties": {"route": "N6", "pr": "4", "abs": 3915, "label": "N6 PR4+3915 (G)"}}, {"type": "Feature", "geometry": {"type": "Point", "coordinates": [2.52097971, 48.65807463]}, "properties": {"route": "N6", "pr": "10", "abs": 10226, "label": "N6 PR10+10226 (G)"}}, {"type": "Feature", "geometry": {"type": "Point", "coordinates": [2.49549542, 48.67900217]}, "properties": {"route": "N6", "pr": "7", "abs": 7224, "label": "N6 PR7+7224 (G)"}}, {"type": "Feature", "geometry": {"type": "Point", "coordinates": [2.47074773, 48.6897111]}, "properties": {"route": "N6", "pr": "5", "abs": 4917, "label": "N6 PR5+4917 (G)"}}, {"type": "Feature", "geometry": {"type": "Point", "coordinates": [2.44654234, 48.69533986]}, "properties": {"route": "N6", "pr": "3", "abs": 2918, "label": "N6 PR3+2918 (G)"}}, {"type": "Feature", "geometry": {"type": "Point", "coordinates": [2.48388559, 48.68786719]}, "properties": {"route": "N6", "pr": "6", "abs": 5914, "label": "N6 PR6+5914 (G)"}}, {"type": "Feature", "geometry": {"type": "Point", "coordinates": [2.44220543, 48.7125192]}, "properties": {"route": "N6", "pr": "1", "abs": 946, "label": "N6 PR1+946 (G)"}}, {"type": "Feature", "geometry": {"type": "Point", "coordinates": [2.44375212, 48.70396806]}, "properties": {"route": "N6", "pr": "2", "abs": 1943, "label": "N6 PR2+1943 (G)"}}, {"type": "Feature", "geometry": {"type": "Point", "coordinates": [2.50406042, 48.67201946]}, "properties": {"route": "N6", "pr": "8", "abs": 8222, "label": "N6 PR8+8222 (G)"}}, {"type": "Feature", "geometry": {"type": "Point", "coordinates": [2.3659993, 48.734285]}, "properties": {"route": "N7", "pr": "2", "abs": 1390, "label": "N7 PR2+1390 (D)"}}, {"type": "Feature", "geometry": {"type": "Point", "coordinates": [2.39451226, 48.66807106]}, "properties": {"route": "N7", "pr": "10", "abs": 7438, "label": "N7 PR10+7438 (D)"}}, {"type": "Feature", "geometry": {"type": "Point", "coordinates": [2.42198718, 48.61723032]}, "properties": {"route": "D446", "pr": "18", "abs": 8451, "label": "D446 PR18+8451 (G)"}}, {"type": "Feature", "geometry": {"type": "Point", "coordinates": [2.43030369, 48.61211787]}, "properties": {"route": "D446", "pr": "19", "abs": 9338, "label": "D446 PR19+9338 (G)"}}, {"type": "Feature", "geometry": {"type": "Point", "coordinates": [2.42101156, 48.55737743]}, "properties": {"route": "D191", "pr": "9", "abs": 4853, "label": "D191 PR9+4853 (D)"}}, {"type": "Feature", "geometry": {"type": "Point", "coordinates": [2.21124192, 48.4821576]}, "properties": {"route": "D148", "pr": "15", "abs": 15034, "label": "D148 PR15+15034"}}, {"type": "Feature", "geometry": {"type": "Point", "coordinates": [2.38473205, 48.64969991]}, "properties": {"route": "D310", "pr": "2", "abs": 2180, "label": "D310 PR2+2180 (D)"}}, {"type": "Feature", "geometry": {"type": "Point", "coordinates": [2.30431218, 48.58153008]}, "properties": {"route": "D19", "pr": "14", "abs": 12596, "label": "D19 PR14+12596"}}, {"type": "Feature", "geometry": {"type": "Point", "coordinates": [2.15906554, 48.71112492]}, "properties": {"route": "D128", "pr": "1", "abs": 1045, "label": "D128 PR1+1045"}}, {"type": "Feature", "geometry": {"type": "Point", "coordinates": [2.20157819, 48.7124127]}, "properties": {"route": "D128", "pr": "4", "abs": 4595, "label": "D128 PR4+4595"}}, {"type": "Feature", "geometry": {"type": "Point", "coordinates": [2.29706187, 48.71588544]}, "properties": {"route": "D120", "pr": "5", "abs": 4973, "label": "D120 PR5+4973"}}, {"type": "Feature", "geometry": {"type": "Point", "coordinates": [2.41979799, 48.64680938]}, "properties": {"route": "N7", "pr": "13", "abs": 10361, "label": "N7 PR13+10361 (G)"}}, {"type": "Feature", "geometry": {"type": "Point", "coordinates": [2.44470934, 48.62576789]}, "properties": {"route": "N7", "pr": "16", "abs": 13561, "label": "N7 PR16+13561 (G)"}}, {"type": "Feature", "geometry": {"type": "Point", "coordinates": [2.36612748, 48.7342551]}, "properties": {"route": "N7", "pr": "2", "abs": 1391, "label": "N7 PR2+1391 (G)"}}, {"type": "Feature", "geometry": {"type": "Point", "coordinates": [2.3946009, 48.66815696]}, "properties": {"route": "N7", "pr": "10", "abs": 7323, "label": "N7 PR10+7323 (G)"}}, {"type": "Feature", "geometry": {"type": "Point", "coordinates": [2.49974918, 48.5573613]}, "properties": {"route": "N7", "pr": "25", "abs": 22602, "label": "N7 PR25+22602"}}, {"type": "Feature", "geometry": {"type": "Point", "coordinates": [2.29318801, 48.57720686]}, "properties": {"route": "D19", "pr": "13", "abs": 11665, "label": "D19 PR13+11665 (D)"}}, {"type": "Feature", "geometry": {"type": "Point", "coordinates": [2.20344495, 48.68161307]}, "properties": {"route": "D118", "pr": "1", "abs": 940, "label": "D118 PR1+940 (G)"}}, {"type": "Feature", "geometry": {"type": "Point", "coordinates": [2.36463085, 48.64423333]}, "properties": {"route": "D445", "pr": "4", "abs": 3073, "label": "D445 PR4+3073 (G)"}}, {"type": "Feature", "geometry": {"type": "Point", "coordinates": [2.44937149, 48.63107421]}, "properties": {"route": "D93", "pr": "1", "abs": 1145, "label": "D93 PR1+1145 (G)"}}, {"type": "Feature", "geometry": {"type": "Point", "coordinates": [2.43182086, 48.62469424]}, "properties": {"route": "D93", "pr": "3", "abs": 2303, "label": "D93 PR3+2303 (G)"}}, {"type": "Feature", "geometry": {"type": "Point", "coordinates": [2.35997005, 48.63620177]}, "properties": {"route": "D445", "pr": "5", "abs": 4983, "label": "D445 PR5+4983 (D)"}}, {"type": "Feature", "geometry": {"type": "Point", "coordinates": [2.30817848, 48.58956774]}, "properties": {"route": "D19", "pr": "15", "abs": 13472, "label": "D19 PR15+13472 (D)"}}, {"type": "Feature", "geometry": {"type": "Point", "coordinates": [2.34170802, 48.61211442]}, "properties": {"route": "D19", "pr": "19", "abs": 17153, "label": "D19 PR19+17153 (D)"}}, {"type": "Feature", "geometry": {"type": "Point", "coordinates": [2.31196375, 48.59529558]}, "properties": {"route": "D19", "pr": "16", "abs": 14166, "label": "D19 PR16+14166 (D)"}}, {"type": "Feature", "geometry": {"type": "Point", "coordinates": [2.23957566, 48.57305852]}, "properties": {"route": "D19", "pr": "9", "abs": 7761, "label": "D19 PR9+7761 (D)"}}, {"type": "Feature", "geometry": {"type": "Point", "coordinates": [2.32170706, 48.60476082]}, "properties": {"route": "D19", "pr": "17", "abs": 15453, "label": "D19 PR17+15453 (D)"}}, {"type": "Feature", "geometry": {"type": "Point", "coordinates": [2.35162891, 48.61526597]}, "properties": {"route": "D19", "pr": "20", "abs": 17928, "label": "D19 PR20+17928 (D)"}}, {"type": "Feature", "geometry": {"type": "Point", "coordinates": [2.51068573, 48.69490067]}, "properties": {"route": "D94", "pr": "5", "abs": 4714, "label": "D94 PR5+4714 (G)"}}, {"type": "Feature", "geometry": {"type": "Point", "coordinates": [2.37166564, 48.69741009]}, "properties": {"route": "N7", "pr": "6", "abs": 3644, "label": "N7 PR6+3644"}}, {"type": "Feature", "geometry": {"type": "Point", "coordinates": [2.48810334, 48.70775275]}, "properties": {"route": "D52", "pr": "2", "abs": 2000, "label": "D52 PR2+2000"}}, {"type": "Feature", "geometry": {"type": "Point", "coordinates": [2.48355091, 48.70084327]}, "properties": {"route": "D52", "pr": "1", "abs": 1000, "label": "D52 PR1+1000"}}, {"type": "Feature", "geometry": {"type": "Point", "coordinates": [2.10905479, 48.42562506]}, "properties": {"route": "D21", "pr": "2", "abs": 2680, "label": "D21 PR2+2680"}}, {"type": "Feature", "geometry": {"type": "Point", "coordinates": [2.05761437, 48.42768559]}, "properties": {"route": "D21", "pr": "6", "abs": 6689, "label": "D21 PR6+6689"}}, {"type": "Feature", "geometry": {"type": "Point", "coordinates": [1.9669959, 48.41401023]}, "properties": {"route": "D21", "pr": "13", "abs": 13716, "label": "D21 PR13+13716"}}, {"type": "Feature", "geometry": {"type": "Point", "coordinates": [2.00639896, 48.41911268]}, "properties": {"route": "D21", "pr": "10", "abs": 10696, "label": "D21 PR10+10696"}}, {"type": "Feature", "geometry": {"type": "Point", "coordinates": [2.12189878, 48.42324215]}, "properties": {"route": "D21", "pr": "1", "abs": 1680, "label": "D21 PR1+1680"}}, {"type": "Feature", "geometry": {"type": "Point", "coordinates": [2.04524911, 48.42685706]}, "properties": {"route": "D21", "pr": "7", "abs": 7689, "label": "D21 PR7+7689"}}, {"type": "Feature", "geometry": {"type": "Point", "coordinates": [1.99307783, 48.41794678]}, "properties": {"route": "D21", "pr": "11", "abs": 11710, "label": "D21 PR11+11710"}}, {"type": "Feature", "geometry": {"type": "Point", "coordinates": [1.97981595, 48.41612488]}, "properties": {"route": "D21", "pr": "12", "abs": 12725, "label": "D21 PR12+12725"}}, {"type": "Feature", "geometry": {"type": "Point", "coordinates": [2.08352358, 48.42770952]}, "properties": {"route": "D21", "pr": "4", "abs": 4685, "label": "D21 PR4+4685"}}, {"type": "Feature", "geometry": {"type": "Point", "coordinates": [2.01953158, 48.42121213]}, "properties": {"route": "D21", "pr": "9", "abs": 9693, "label": "D21 PR9+9693"}}, {"type": "Feature", "geometry": {"type": "Point", "coordinates": [2.02374263, 48.50610164]}, "properties": {"route": "D836", "pr": "10", "abs": 9952, "label": "D836 PR10+9952"}}, {"type": "Feature", "geometry": {"type": "Point", "coordinates": [1.95280715, 48.41437166]}, "properties": {"route": "D21", "pr": "14", "abs": 14747, "label": "D21 PR14+14747"}}, {"type": "Feature", "geometry": {"type": "Point", "coordinates": [1.93915417, 48.41630082]}, "properties": {"route": "D21", "pr": "15", "abs": 15761, "label": "D21 PR15+15761"}}, {"type": "Feature", "geometry": {"type": "Point", "coordinates": [2.07103852, 48.4261432]}, "properties": {"route": "D21", "pr": "5", "abs": 5685, "label": "D21 PR5+5685"}}, {"type": "Feature", "geometry": {"type": "Point", "coordinates": [2.03241211, 48.42406382]}, "properties": {"route": "D21", "pr": "8", "abs": 8689, "label": "D21 PR8+8689"}}, {"type": "Feature", "geometry": {"type": "Point", "coordinates": [2.09565161, 48.42555513]}, "properties": {"route": "D21", "pr": "3", "abs": 3683, "label": "D21 PR3+3683"}}, {"type": "Feature", "geometry": {"type": "Point", "coordinates": [2.2017675, 48.5753585]}, "properties": {"route": "D192", "pr": "5", "abs": 826, "label": "D192 PR5+826"}}, {"type": "Feature", "geometry": {"type": "Point", "coordinates": [2.23836868, 48.58437917]}, "properties": {"route": "D192", "pr": "8", "abs": 3790, "label": "D192 PR8+3790"}}, {"type": "Feature", "geometry": {"type": "Point", "coordinates": [2.21391814, 48.5795109]}, "properties": {"route": "D192", "pr": "6", "abs": 1826, "label": "D192 PR6+1826"}}, {"type": "Feature", "geometry": {"type": "Point", "coordinates": [2.22611484, 48.5809501]}, "properties": {"route": "D192", "pr": "7", "abs": 2826, "label": "D192 PR7+2826"}}, {"type": "Feature", "geometry": {"type": "Point", "coordinates": [2.47070994, 48.6984088]}, "properties": {"route": "D50", "pr": "3", "abs": 3277, "label": "D50 PR3+3277"}}, {"type": "Feature", "geometry": {"type": "Point", "coordinates": [2.45067788, 48.71089181]}, "properties": {"route": "D50", "pr": "1", "abs": 1224, "label": "D50 PR1+1224"}}, {"type": "Feature", "geometry": {"type": "Point", "coordinates": [2.46058763, 48.70413531]}, "properties": {"route": "D50", "pr": "2", "abs": 2283, "label": "D50 PR2+2283"}}, {"type": "Feature", "geometry": {"type": "Point", "coordinates": [2.48107592, 48.69076749]}, "properties": {"route": "D50", "pr": "4", "abs": 4414, "label": "D50 PR4+4414"}}, {"type": "Feature", "geometry": {"type": "Point", "coordinates": [2.05538625, 48.47515351]}, "properties": {"route": "D836", "pr": "5", "abs": 4908, "label": "D836 PR5+4908"}}, {"type": "Feature", "geometry": {"type": "Point", "coordinates": [1.94680684, 48.56044011]}, "properties": {"route": "D836", "pr": "19", "abs": 17612, "label": "D836 PR19+17612"}}, {"type": "Feature", "geometry": {"type": "Point", "coordinates": [2.0771698, 48.46443244]}, "properties": {"route": "D836", "pr": "3", "abs": 2898, "label": "D836 PR3+2898"}}, {"type": "Feature", "geometry": {"type": "Point", "coordinates": [2.01861004, 48.5191313]}, "properties": {"route": "D836", "pr": "12", "abs": 11495, "label": "D836 PR12+11495"}}, {"type": "Feature", "geometry": {"type": "Point", "coordinates": [2.0977784, 48.45285272]}, "properties": {"route": "D836", "pr": "1", "abs": 897, "label": "D836 PR1+897"}}, {"type": "Feature", "geometry": {"type": "Point", "coordinates": [1.95864257, 48.55601289]}, "properties": {"route": "D836", "pr": "18", "abs": 16597, "label": "D836 PR18+16597"}}, {"type": "Feature", "geometry": {"type": "Point", "coordinates": [1.99379885, 48.54287593]}, "properties": {"route": "D836", "pr": "15", "abs": 13575, "label": "D836 PR15+13575"}}, {"type": "Feature", "geometry": {"type": "Point", "coordinates": [2.0325341, 48.49974909]}, "properties": {"route": "D836", "pr": "9", "abs": 8945, "label": "D836 PR9+8945"}}, {"type": "Feature", "geometry": {"type": "Point", "coordinates": [2.01993573, 48.51457023]}, "properties": {"route": "D836", "pr": "11", "abs": 10958, "label": "D836 PR11+10958"}}, {"type": "Feature", "geometry": {"type": "Point", "coordinates": [2.03722328, 48.49134296]}, "properties": {"route": "D836", "pr": "8", "abs": 7936, "label": "D836 PR8+7936"}}, {"type": "Feature", "geometry": {"type": "Point", "coordinates": [2.04373968, 48.47949569]}, "properties": {"route": "D836", "pr": "6", "abs": 5918, "label": "D836 PR6+5918"}}, {"type": "Feature", "geometry": {"type": "Point", "coordinates": [2.00129802, 48.53163072]}, "properties": {"route": "D836", "pr": "13", "abs": 12031, "label": "D836 PR13+12031"}}, {"type": "Feature", "geometry": {"type": "Point", "coordinates": [2.04630212, 48.4863016]}, "properties": {"route": "D836", "pr": "7", "abs": 6925, "label": "D836 PR7+6925"}}, {"type": "Feature", "geometry": {"type": "Point", "coordinates": [2.08793744, 48.45901681]}, "properties": {"route": "D836", "pr": "2", "abs": 1899, "label": "D836 PR2+1899"}}, {"type": "Feature", "geometry": {"type": "Point", "coordinates": [2.06634719, 48.46977108]}, "properties": {"route": "D836", "pr": "4", "abs": 3898, "label": "D836 PR4+3898"}}, {"type": "Feature", "geometry": {"type": "Point", "coordinates": [1.97040789, 48.55161807]}, "properties": {"route": "D836", "pr": "17", "abs": 15591, "label": "D836 PR17+15591"}}, {"type": "Feature", "geometry": {"type": "Point", "coordinates": [1.98214544, 48.54722454]}, "properties": {"route": "D836", "pr": "16", "abs": 14583, "label": "D836 PR16+14583"}}, {"type": "Feature", "geometry": {"type": "Point", "coordinates": [2.48898233, 48.58311042]}, "properties": {"route": "D934", "pr": "3", "abs": 2064, "label": "D934 PR3+2064"}}, {"type": "Feature", "geometry": {"type": "Point", "coordinates": [2.50065467, 48.57027925]}, "properties": {"route": "D934", "pr": "5", "abs": 4182, "label": "D934 PR5+4182"}}, {"type": "Feature", "geometry": {"type": "Point", "coordinates": [2.49091705, 48.57334326]}, "properties": {"route": "D934", "pr": "4", "abs": 3187, "label": "D934 PR4+3187"}}, {"type": "Feature", "geometry": {"type": "Point", "coordinates": [2.51346633, 48.57248946]}, "properties": {"route": "D934", "pr": "6", "abs": 5174, "label": "D934 PR6+5174"}}, {"type": "Feature", "geometry": {"type": "Point", "coordinates": [2.46887631, 48.63053671]}, "properties": {"route": "D448", "pr": "13", "abs": 12945, "label": "D448 PR13+12945"}}, {"type": "Feature", "geometry": {"type": "Point", "coordinates": [2.44199417, 48.71066533]}, "properties": {"route": "D448", "pr": "1", "abs": 974, "label": "D448 PR1+974"}}, {"type": "Feature", "geometry": {"type": "Point", "coordinates": [2.41387972, 48.69441028]}, "properties": {"route": "D448", "pr": "4", "abs": 3974, "label": "D448 PR4+3974"}}, {"type": "Feature", "geometry": {"type": "Point", "coordinates": [2.42432723, 48.66277952]}, "properties": {"route": "D448", "pr": "8", "abs": 7979, "label": "D448 PR8+7979"}}, {"type": "Feature", "geometry": {"type": "Point", "coordinates": [2.41520822, 48.66893265]}, "properties": {"route": "D448", "pr": "7", "abs": 6977, "label": "D448 PR7+6977"}}, {"type": "Feature", "geometry": {"type": "Point", "coordinates": [2.4221347, 48.7008413]}, "properties": {"route": "D448", "pr": "3", "abs": 2969, "label": "D448 PR3+2969"}}, {"type": "Feature", "geometry": {"type": "Point", "coordinates": [2.4104442, 48.67821261]}, "properties": {"route": "D448", "pr": "6", "abs": 5882, "label": "D448 PR6+5882"}}, {"type": "Feature", "geometry": {"type": "Point", "coordinates": [2.40881586, 48.68648159]}, "properties": {"route": "D448", "pr": "5", "abs": 4929, "label": "D448 PR5+4929"}}, {"type": "Feature", "geometry": {"type": "Point", "coordinates": [2.47600136, 48.62315263]}, "properties": {"route": "D448", "pr": "14", "abs": 13952, "label": "D448 PR14+13952"}}, {"type": "Feature", "geometry": {"type": "Point", "coordinates": [2.4342042, 48.6567705]}, "properties": {"route": "D448", "pr": "9", "abs": 8986, "label": "D448 PR9+8986"}}, {"type": "Feature", "geometry": {"type": "Point", "coordinates": [2.4347313, 48.70423597]}, "properties": {"route": "D448", "pr": "2", "abs": 1972, "label": "D448 PR2+1972"}}, {"type": "Feature", "geometry": {"type": "Point", "coordinates": [2.07015479, 48.60541972]}, "properties": {"route": "D838", "pr": "25", "abs": 9760, "label": "D838 PR25+9760"}}, {"type": "Feature", "geometry": {"type": "Point", "coordinates": [2.0710773, 48.62231098]}, "properties": {"route": "D838", "pr": "23", "abs": 7754, "label": "D838 PR23+7754"}}, {"type": "Feature", "geometry": {"type": "Point", "coordinates": [2.02187526, 48.50554019]}, "properties": {"route": "D838", "pr": "35", "abs": 20314, "label": "D838 PR35+20314"}}, {"type": "Feature", "geometry": {"type": "Point", "coordinates": [2.06459203, 48.68848894]}, "properties": {"route": "D838", "pr": "16", "abs": 902, "label": "D838 PR16+902"}}, {"type": "Feature", "geometry": {"type": "Point", "coordinates": [2.05045508, 48.58230942]}, "properties": {"route": "D838", "pr": "28", "abs": 12782, "label": "D838 PR28+12782"}}, {"type": "Feature", "geometry": {"type": "Point", "coordinates": [1.9882705, 48.34440818]}, "properties": {"route": "D838", "pr": "55", "abs": 40327, "label": "D838 PR55+40327"}}, {"type": "Feature", "geometry": {"type": "Point", "coordinates": [2.01964177, 48.54587795]}, "properties": {"route": "D838", "pr": "33", "abs": 17771, "label": "D838 PR33+17771"}}, {"type": "Feature", "geometry": {"type": "Point", "coordinates": [2.06563721, 48.66938586]}, "properties": {"route": "D838", "pr": "19", "abs": 3732, "label": "D838 PR19+3732"}}, {"type": "Feature", "geometry": {"type": "Point", "coordinates": [2.06564621, 48.59689237]}, "properties": {"route": "D838", "pr": "26", "abs": 10771, "label": "D838 PR26+10771"}}, {"type": "Feature", "geometry": {"type": "Point", "coordinates": [1.97520078, 48.47356732]}, "properties": {"route": "D838", "pr": "40", "abs": 25351, "label": "D838 PR40+25351"}}, {"type": "Feature", "geometry": {"type": "Point", "coordinates": [2.07133142, 48.68324615]}, "properties": {"route": "D838", "pr": "17", "abs": 1713, "label": "D838 PR17+1713"}}, {"type": "Feature", "geometry": {"type": "Point", "coordinates": [1.98284619, 48.48107612]}, "properties": {"route": "D838", "pr": "39", "abs": 24341, "label": "D838 PR39+24341"}}, {"type": "Feature", "geometry": {"type": "Point", "coordinates": [2.07198676, 48.67663257]}, "properties": {"route": "D838", "pr": "18", "abs": 2719, "label": "D838 PR18+2719"}}, {"type": "Feature", "geometry": {"type": "Point", "coordinates": [2.00231797, 48.49346874]}, "properties": {"route": "D838", "pr": "37", "abs": 22328, "label": "D838 PR37+22328"}}, {"type": "Feature", "geometry": {"type": "Point", "coordinates": [1.97195686, 48.39662099]}, "properties": {"route": "D838", "pr": "49", "abs": 34374, "label": "D838 PR49+34374"}}, {"type": "Feature", "geometry": {"type": "Point", "coordinates": [1.98550965, 48.35319512]}, "properties": {"route": "D838", "pr": "54", "abs": 39327, "label": "D838 PR54+39327"}}, {"type": "Feature", "geometry": {"type": "Point", "coordinates": [1.96908054, 48.40584891]}, "properties": {"route": "D838", "pr": "48", "abs": 33327, "label": "D838 PR48+33327"}}, {"type": "Feature", "geometry": {"type": "Point", "coordinates": [2.06573739, 48.6605847]}, "properties": {"route": "D838", "pr": "20", "abs": 4738, "label": "D838 PR20+4738"}}, {"type": "Feature", "geometry": {"type": "Point", "coordinates": [2.05979131, 48.58896498]}, "properties": {"route": "D838", "pr": "27", "abs": 11774, "label": "D838 PR27+11774"}}, {"type": "Feature", "geometry": {"type": "Point", "coordinates": [1.95645706, 48.44973214]}, "properties": {"route": "D838", "pr": "43", "abs": 28380, "label": "D838 PR43+28380"}}, {"type": "Feature", "geometry": {"type": "Point", "coordinates": [2.06611292, 48.63065248]}, "properties": {"route": "D838", "pr": "22", "abs": 6748, "label": "D838 PR22+6748"}}, {"type": "Feature", "geometry": {"type": "Point", "coordinates": [2.04349976, 48.5757649]}, "properties": {"route": "D838", "pr": "29", "abs": 13787, "label": "D838 PR29+13787"}}, {"type": "Feature", "geometry": {"type": "Point", "coordinates": [1.96630777, 48.41470782]}, "properties": {"route": "D838", "pr": "47", "abs": 32320, "label": "D838 PR47+32320"}}, {"type": "Feature", "geometry": {"type": "Point", "coordinates": [2.03424928, 48.56991741]}, "properties": {"route": "D838", "pr": "30", "abs": 14788, "label": "D838 PR30+14788"}}, {"type": "Feature", "geometry": {"type": "Point", "coordinates": [1.98003985, 48.37073579]}, "properties": {"route": "D838", "pr": "52", "abs": 37327, "label": "D838 PR52+37327"}}, {"type": "Feature", "geometry": {"type": "Point", "coordinates": [1.96352374, 48.42347384]}, "properties": {"route": "D838", "pr": "46", "abs": 31311, "label": "D838 PR46+31311"}}, {"type": "Feature", "geometry": {"type": "Point", "coordinates": [1.99102742, 48.33556622]}, "properties": {"route": "D838", "pr": "56", "abs": 41325, "label": "D838 PR56+41325"}}, {"type": "Feature", "geometry": {"type": "Point", "coordinates": [1.99379878, 48.32669727]}, "properties": {"route": "D838", "pr": "57", "abs": 42326, "label": "D838 PR57+42326"}}, {"type": "Feature", "geometry": {"type": "Point", "coordinates": [1.97731753, 48.37948313]}, "properties": {"route": "D838", "pr": "51", "abs": 36329, "label": "D838 PR51+36329"}}, {"type": "Feature", "geometry": {"type": "Point", "coordinates": [2.02853419, 48.56210273]}, "properties": {"route": "D838", "pr": "31", "abs": 15796, "label": "D838 PR31+15796"}}, {"type": "Feature", "geometry": {"type": "Point", "coordinates": [2.01297907, 48.49855453]}, "properties": {"route": "D838", "pr": "36", "abs": 21344, "label": "D838 PR36+21344"}}, {"type": "Feature", "geometry": {"type": "Point", "coordinates": [2.01599618, 48.53733463]}, "properties": {"route": "D838", "pr": "34", "abs": 18776, "label": "D838 PR34+18776"}}, {"type": "Feature", "geometry": {"type": "Point", "coordinates": [1.99172265, 48.48781301]}, "properties": {"route": "D838", "pr": "38", "abs": 23336, "label": "D838 PR38+23336"}}, {"type": "Feature", "geometry": {"type": "Point", "coordinates": [1.96199241, 48.45781862]}, "properties": {"route": "D838", "pr": "42", "abs": 27365, "label": "D838 PR42+27365"}}, {"type": "Feature", "geometry": {"type": "Point", "coordinates": [1.97457282, 48.38822386]}, "properties": {"route": "D838", "pr": "50", "abs": 35329, "label": "D838 PR50+35329"}}, {"type": "Feature", "geometry": {"type": "Point", "coordinates": [2.02576401, 48.55334747]}, "properties": {"route": "D838", "pr": "32", "abs": 16801, "label": "D838 PR32+16801"}}, {"type": "Feature", "geometry": {"type": "Point", "coordinates": [1.96795959, 48.46590852]}, "properties": {"route": "D838", "pr": "41", "abs": 26362, "label": "D838 PR41+26362"}}, {"type": "Feature", "geometry": {"type": "Point", "coordinates": [2.07459158, 48.61379334]}, "properties": {"route": "D838", "pr": "24", "abs": 8757, "label": "D838 PR24+8757"}}, {"type": "Feature", "geometry": {"type": "Point", "coordinates": [1.98277229, 48.36197674]}, "properties": {"route": "D838", "pr": "53", "abs": 38327, "label": "D838 PR53+38327"}}, {"type": "Feature", "geometry": {"type": "Point", "coordinates": [2.07199054, 48.65292271]}, "properties": {"route": "D838", "pr": "21", "abs": 5732, "label": "D838 PR21+5732"}}, {"type": "Feature", "geometry": {"type": "Point", "coordinates": [2.36953106, 48.49777084]}, "properties": {"route": "D191", "pr": "17", "abs": 13374, "label": "D191 PR17+13374"}}, {"type": "Feature", "geometry": {"type": "Point", "coordinates": [2.41394703, 48.55121221]}, "properties": {"route": "D191", "pr": "10", "abs": 5755, "label": "D191 PR10+5755"}}, {"type": "Feature", "geometry": {"type": "Point", "coordinates": [2.14377245, 48.44066443]}, "properties": {"route": "D191", "pr": "37", "abs": 33041, "label": "D191 PR37+33041"}}, {"type": "Feature", "geometry": {"type": "Point", "coordinates": [2.47573487, 48.57633043]}, "properties": {"route": "D191", "pr": "4", "abs": 166, "label": "D191 PR4+166"}}, {"type": "Feature", "geometry": {"type": "Point", "coordinates": [2.16740045, 48.4352788]}, "properties": {"route": "D191", "pr": "35", "abs": 31026, "label": "D191 PR35+31026"}}, {"type": "Feature", "geometry": {"type": "Point", "coordinates": [2.09163787, 48.45020489]}, "properties": {"route": "D191", "pr": "41", "abs": 37103, "label": "D191 PR41+37103"}}, {"type": "Feature", "geometry": {"type": "Point", "coordinates": [2.23864847, 48.4507405]}, "properties": {"route": "D191", "pr": "29", "abs": 25015, "label": "D191 PR29+25015"}}, {"type": "Feature", "geometry": {"type": "Point", "coordinates": [2.44401145, 48.56640459]}, "properties": {"route": "D191", "pr": "7", "abs": 2827, "label": "D191 PR7+2827"}}, {"type": "Feature", "geometry": {"type": "Point", "coordinates": [2.38928145, 48.53360191]}, "properties": {"route": "D191", "pr": "13", "abs": 8849, "label": "D191 PR13+8849"}}, {"type": "Feature", "geometry": {"type": "Point", "coordinates": [2.17975141, 48.43318938]}, "properties": {"route": "D191", "pr": "34", "abs": 30043, "label": "D191 PR34+30043"}}, {"type": "Feature", "geometry": {"type": "Point", "coordinates": [1.93894251, 48.44941491]}, "properties": {"route": "D191", "pr": "53", "abs": 48720, "label": "D191 PR53+48720"}}, {"type": "Feature", "geometry": {"type": "Point", "coordinates": [2.31829145, 48.47890865]}, "properties": {"route": "D191", "pr": "22", "abs": 18009, "label": "D191 PR22+18009"}}, {"type": "Feature", "geometry": {"type": "Point", "coordinates": [2.11744991, 48.44499522]}, "properties": {"route": "D191", "pr": "39", "abs": 35062, "label": "D191 PR39+35062"}}, {"type": "Feature", "geometry": {"type": "Point", "coordinates": [2.27175659, 48.46422452]}, "properties": {"route": "D191", "pr": "26", "abs": 22009, "label": "D191 PR26+22009"}}, {"type": "Feature", "geometry": {"type": "Point", "coordinates": [2.29348849, 48.47227725]}, "properties": {"route": "D191", "pr": "24", "abs": 20013, "label": "D191 PR24+20013"}}, {"type": "Feature", "geometry": {"type": "Point", "coordinates": [2.03905529, 48.45618943]}, "properties": {"route": "D191", "pr": "45", "abs": 41121, "label": "D191 PR45+41121"}}, {"type": "Feature", "geometry": {"type": "Point", "coordinates": [2.46970193, 48.57235284]}, "properties": {"route": "D191", "pr": "5", "abs": 811, "label": "D191 PR5+811"}}, {"type": "Feature", "geometry": {"type": "Point", "coordinates": [1.97859056, 48.44892781]}, "properties": {"route": "D191", "pr": "50", "abs": 45718, "label": "D191 PR50+45718"}}, {"type": "Feature", "geometry": {"type": "Point", "coordinates": [2.25210956, 48.45260472]}, "properties": {"route": "D191", "pr": "28", "abs": 24001, "label": "D191 PR28+24001"}}, {"type": "Feature", "geometry": {"type": "Point", "coordinates": [2.39390967, 48.52318936]}, "properties": {"route": "D191", "pr": "14", "abs": 9825, "label": "D191 PR14+9825"}}, {"type": "Feature", "geometry": {"type": "Point", "coordinates": [2.39512169, 48.54174788]}, "properties": {"route": "D191", "pr": "12", "abs": 7849, "label": "D191 PR12+7849"}}, {"type": "Feature", "geometry": {"type": "Point", "coordinates": [1.96508689, 48.44994446]}, "properties": {"route": "D191", "pr": "51", "abs": 46716, "label": "D191 PR51+46716"}}, {"type": "Feature", "geometry": {"type": "Point", "coordinates": [2.33029661, 48.48292366]}, "properties": {"route": "D191", "pr": "21", "abs": 17007, "label": "D191 PR21+17007"}}, {"type": "Feature", "geometry": {"type": "Point", "coordinates": [2.13044163, 48.4428536]}, "properties": {"route": "D191", "pr": "38", "abs": 34060, "label": "D191 PR38+34060"}}, {"type": "Feature", "geometry": {"type": "Point", "coordinates": [2.45690714, 48.56921502]}, "properties": {"route": "D191", "pr": "6", "abs": 1801, "label": "D191 PR6+1801"}}, {"type": "Feature", "geometry": {"type": "Point", "coordinates": [2.36013566, 48.49277448]}, "properties": {"route": "D191", "pr": "18", "abs": 14366, "label": "D191 PR18+14366"}}, {"type": "Feature", "geometry": {"type": "Point", "coordinates": [2.38012023, 48.51405112]}, "properties": {"route": "D191", "pr": "15", "abs": 11368, "label": "D191 PR15+11368"}}, {"type": "Feature", "geometry": {"type": "Point", "coordinates": [2.07882204, 48.45306969]}, "properties": {"route": "D191", "pr": "42", "abs": 38094, "label": "D191 PR42+38094"}}, {"type": "Feature", "geometry": {"type": "Point", "coordinates": [2.00510767, 48.45176937]}, "properties": {"route": "D191", "pr": "48", "abs": 43697, "label": "D191 PR48+43697"}}, {"type": "Feature", "geometry": {"type": "Point", "coordinates": [2.28217807, 48.46948078]}, "properties": {"route": "D191", "pr": "25", "abs": 21012, "label": "D191 PR25+21012"}}, {"type": "Feature", "geometry": {"type": "Point", "coordinates": [2.40393228, 48.54549777]}, "properties": {"route": "D191", "pr": "11", "abs": 6744, "label": "D191 PR11+6744"}}, {"type": "Feature", "geometry": {"type": "Point", "coordinates": [2.37373194, 48.50622428]}, "properties": {"route": "D191", "pr": "16", "abs": 12370, "label": "D191 PR16+12370"}}, {"type": "Feature", "geometry": {"type": "Point", "coordinates": [2.10445895, 48.44726588]}, "properties": {"route": "D191", "pr": "40", "abs": 36112, "label": "D191 PR40+36112"}}, {"type": "Feature", "geometry": {"type": "Point", "coordinates": [2.02857994, 48.45550408]}, "properties": {"route": "D191", "pr": "46", "abs": 41906, "label": "D191 PR46+41906"}}, {"type": "Feature", "geometry": {"type": "Point", "coordinates": [1.95201429, 48.44898583]}, "properties": {"route": "D191", "pr": "52", "abs": 47719, "label": "D191 PR52+47719"}}, {"type": "Feature", "geometry": {"type": "Point", "coordinates": [2.1562197, 48.44004374]}, "properties": {"route": "D191", "pr": "36", "abs": 32043, "label": "D191 PR36+32043"}}, {"type": "Feature", "geometry": {"type": "Point", "coordinates": [2.34186501, 48.48716173]}, "properties": {"route": "D191", "pr": "20", "abs": 16007, "label": "D191 PR20+16007"}}, {"type": "Feature", "geometry": {"type": "Point", "coordinates": [2.01830261, 48.45386306]}, "properties": {"route": "D191", "pr": "47", "abs": 42685, "label": "D191 PR47+42685"}}, {"type": "Feature", "geometry": {"type": "Point", "coordinates": [2.3065118, 48.47445109]}, "properties": {"route": "D191", "pr": "23", "abs": 19012, "label": "D191 PR23+19012"}}, {"type": "Feature", "geometry": {"type": "Point", "coordinates": [2.26222125, 48.45813974]}, "properties": {"route": "D191", "pr": "27", "abs": 23013, "label": "D191 PR27+23013"}}, {"type": "Feature", "geometry": {"type": "Point", "coordinates": [1.99205016, 48.44968526]}, "properties": {"route": "D191", "pr": "49", "abs": 44714, "label": "D191 PR49+44714"}}, {"type": "Feature", "geometry": {"type": "Point", "coordinates": [2.34912532, 48.48970001]}, "properties": {"route": "D191", "pr": "19", "abs": 15400, "label": "D191 PR19+15400"}}, {"type": "Feature", "geometry": {"type": "Point", "coordinates": [2.37662323, 48.66908974]}, "properties": {"route": "D445", "pr": "1", "abs": 1004, "label": "D445 PR1+1004"}}, {"type": "Feature", "geometry": {"type": "Point", "coordinates": [2.47516031, 48.44164085]}, "properties": {"route": "D901", "pr": "1", "abs": 985, "label": "D901 PR1+985"}}, {"type": "Feature", "geometry": {"type": "Point", "coordinates": [2.4711918, 48.44902465]}, "properties": {"route": "D901", "pr": "2", "abs": 1975, "label": "D901 PR2+1975"}}, {"type": "Feature", "geometry": {"type": "Point", "coordinates": [2.31798641, 48.55894355]}, "properties": {"route": "D26", "pr": "11", "abs": 6849, "label": "D26 PR11+6849"}}, {"type": "Feature", "geometry": {"type": "Point", "coordinates": [2.32681031, 48.56578384]}, "properties": {"route": "D26", "pr": "12", "abs": 7926, "label": "D26 PR12+7926"}}, {"type": "Feature", "geometry": {"type": "Point", "coordinates": [2.24698481, 48.56176728]}, "properties": {"route": "D26", "pr": "6", "abs": 1798, "label": "D26 PR6+1798"}}, {"type": "Feature", "geometry": {"type": "Point", "coordinates": [2.35152655, 48.5615339]}, "properties": {"route": "D26", "pr": "14", "abs": 9921, "label": "D26 PR14+9921"}}, {"type": "Feature", "geometry": {"type": "Point", "coordinates": [2.2596721, 48.56508812]}, "properties": {"route": "D26", "pr": "7", "abs": 2798, "label": "D26 PR7+2798"}}, {"type": "Feature", "geometry": {"type": "Point", "coordinates": [2.30567849, 48.56088921]}, "properties": {"route": "D26", "pr": "10", "abs": 5889, "label": "D26 PR10+5889"}}, {"type": "Feature", "geometry": {"type": "Point", "coordinates": [2.44822848, 48.60549355]}, "properties": {"route": "D26", "pr": "23", "abs": 20044, "label": "D26 PR23+20044"}}, {"type": "Feature", "geometry": {"type": "Point", "coordinates": [2.2334804, 48.56049717]}, "properties": {"route": "D26", "pr": "5", "abs": 802, "label": "D26 PR5+802"}}, {"type": "Feature", "geometry": {"type": "Point", "coordinates": [2.33897849, 48.56548774]}, "properties": {"route": "D26", "pr": "13", "abs": 8896, "label": "D26 PR13+8896"}}, {"type": "Feature", "geometry": {"type": "Point", "coordinates": [2.43407408, 48.35826723]}, "properties": {"route": "D101", "pr": "2", "abs": 1998, "label": "D101 PR2+1998"}}, {"type": "Feature", "geometry": {"type": "Point", "coordinates": [2.42525301, 48.36507427]}, "properties": {"route": "D101", "pr": "1", "abs": 990, "label": "D101 PR1+990"}}, {"type": "Feature", "geometry": {"type": "Point", "coordinates": [2.23036603, 48.76804613]}, "properties": {"route": "D533", "pr": "2", "abs": 2005, "label": "D533 PR2+2005"}}, {"type": "Feature", "geometry": {"type": "Point", "coordinates": [2.22389136, 48.76187457]}, "properties": {"route": "D533", "pr": "1", "abs": 1058, "label": "D533 PR1+1058"}}, {"type": "Feature", "geometry": {"type": "Point", "coordinates": [2.39713528, 48.65481583]}, "properties": {"route": "D310", "pr": "1", "abs": 1085, "label": "D310 PR1+1085"}}, {"type": "Feature", "geometry": {"type": "Point", "coordinates": [2.3326894, 48.58338737]}, "properties": {"route": "D317", "pr": "2", "abs": 1310, "label": "D317 PR2+1310"}}, {"type": "Feature", "geometry": {"type": "Point", "coordinates": [2.20362674, 48.59029945]}, "properties": {"route": "D116D", "pr": "2", "abs": 2750, "label": "D116D PR2+2750"}}, {"type": "Feature", "geometry": {"type": "Point", "coordinates": [2.2202547, 48.59528251]}, "properties": {"route": "D116D", "pr": "1", "abs": 1357, "label": "D116D PR1+1357"}}, {"type": "Feature", "geometry": {"type": "Point", "coordinates": [2.20335534, 48.6841068]}, "properties": {"route": "D218", "pr": "1", "abs": 1090, "label": "D218 PR1+1090"}}, {"type": "Feature", "geometry": {"type": "Point", "coordinates": [2.24397499, 48.35569154]}, "properties": {"route": "D12", "pr": "5", "abs": 5011, "label": "D12 PR5+5011"}}, {"type": "Feature", "geometry": {"type": "Point", "coordinates": [2.35505237, 48.39460387]}, "properties": {"route": "D12", "pr": "15", "abs": 15017, "label": "D12 PR15+15017"}}, {"type": "Feature", "geometry": {"type": "Point", "coordinates": [2.22758172, 48.35765968]}, "properties": {"route": "D12", "pr": "4", "abs": 4011, "label": "D12 PR4+4011"}}, {"type": "Feature", "geometry": {"type": "Point", "coordinates": [2.31662808, 48.38745913]}, "properties": {"route": "D12", "pr": "12", "abs": 12016, "label": "D12 PR12+12016"}}, {"type": "Feature", "geometry": {"type": "Point", "coordinates": [2.30387224, 48.38606415]}, "properties": {"route": "D12", "pr": "11", "abs": 11015, "label": "D12 PR11+11015"}}, {"type": "Feature", "geometry": {"type": "Point", "coordinates": [2.25681832, 48.35781609]}, "properties": {"route": "D12", "pr": "6", "abs": 6014, "label": "D12 PR6+6014"}}, {"type": "Feature", "geometry": {"type": "Point", "coordinates": [2.28850407, 48.3738385]}, "properties": {"route": "D12", "pr": "9", "abs": 9020, "label": "D12 PR9+9020"}}, {"type": "Feature", "geometry": {"type": "Point", "coordinates": [2.27484733, 48.35912985]}, "properties": {"route": "D12", "pr": "7", "abs": 7018, "label": "D12 PR7+7018"}}, {"type": "Feature", "geometry": {"type": "Point", "coordinates": [2.3415918, 48.39349703]}, "properties": {"route": "D12", "pr": "14", "abs": 14014, "label": "D12 PR14+14014"}}, {"type": "Feature", "geometry": {"type": "Point", "coordinates": [2.32896765, 48.39040506]}, "properties": {"route": "D12", "pr": "13", "abs": 13013, "label": "D12 PR13+13013"}}, {"type": "Feature", "geometry": {"type": "Point", "coordinates": [2.2147957, 48.35693052]}, "properties": {"route": "D12", "pr": "3", "abs": 3010, "label": "D12 PR3+3010"}}, {"type": "Feature", "geometry": {"type": "Point", "coordinates": [2.19004327, 48.35096417]}, "properties": {"route": "D12", "pr": "1", "abs": 1012, "label": "D12 PR1+1012"}}, {"type": "Feature", "geometry": {"type": "Point", "coordinates": [2.28026551, 48.36699678]}, "properties": {"route": "D12", "pr": "8", "abs": 8019, "label": "D12 PR8+8019"}}, {"type": "Feature", "geometry": {"type": "Point", "coordinates": [2.20310157, 48.35294129]}, "properties": {"route": "D12", "pr": "2", "abs": 2012, "label": "D12 PR2+2012"}}, {"type": "Feature", "geometry": {"type": "Point", "coordinates": [2.29477944, 48.3817017]}, "properties": {"route": "D12", "pr": "10", "abs": 10018, "label": "D12 PR10+10018"}}, {"type": "Feature", "geometry": {"type": "Point", "coordinates": [1.98156333, 48.32510261]}, "properties": {"route": "D119", "pr": "1", "abs": 1000, "label": "D119 PR1+1000"}}, {"type": "Feature", "geometry": {"type": "Point", "coordinates": [2.04995376, 48.52292517]}, "properties": {"route": "D148", "pr": "1", "abs": 1000, "label": "D148 PR1+1000"}}, {"type": "Feature", "geometry": {"type": "Point", "coordinates": [2.0928123, 48.51485378]}, "properties": {"route": "D148", "pr": "5", "abs": 5040, "label": "D148 PR5+5040"}}, {"type": "Feature", "geometry": {"type": "Point", "coordinates": [2.1854764, 48.49358106]}, "properties": {"route": "D148", "pr": "13", "abs": 13084, "label": "D148 PR13+13084"}}, {"type": "Feature", "geometry": {"type": "Point", "coordinates": [2.07979264, 48.51709365]}, "properties": {"route": "D148", "pr": "4", "abs": 4034, "label": "D148 PR4+4034"}}, {"type": "Feature", "geometry": {"type": "Point", "coordinates": [2.26877935, 48.47334309]}, "properties": {"route": "D148", "pr": "20", "abs": 20036, "label": "D148 PR20+20036"}}, {"type": "Feature", "geometry": {"type": "Point", "coordinates": [2.06626635, 48.51691978]}, "properties": {"route": "D148", "pr": "3", "abs": 3024, "label": "D148 PR3+3024"}}, {"type": "Feature", "geometry": {"type": "Point", "coordinates": [2.15426204, 48.50948993]}, "properties": {"route": "D148", "pr": "10", "abs": 10029, "label": "D148 PR10+10029"}}, {"type": "Feature", "geometry": {"type": "Point", "coordinates": [2.11729688, 48.51317141]}, "properties": {"route": "D148", "pr": "7", "abs": 7058, "label": "D148 PR7+7058"}}, {"type": "Feature", "geometry": {"type": "Point", "coordinates": [2.1646607, 48.50461997]}, "properties": {"route": "D148", "pr": "11", "abs": 11078, "label": "D148 PR11+11078"}}, {"type": "Feature", "geometry": {"type": "Point", "coordinates": [2.05558957, 48.51868419]}, "properties": {"route": "D148", "pr": "2", "abs": 2000, "label": "D148 PR2+2000"}}, {"type": "Feature", "geometry": {"type": "Point", "coordinates": [2.23090882, 48.47279977]}, "properties": {"route": "D148", "pr": "17", "abs": 17033, "label": "D148 PR17+17033"}}, {"type": "Feature", "geometry": {"type": "Point", "coordinates": [2.24394157, 48.47452893]}, "properties": {"route": "D148", "pr": "18", "abs": 18034, "label": "D148 PR18+18034"}}, {"type": "Feature", "geometry": {"type": "Point", "coordinates": [2.1055079, 48.5140027]}, "properties": {"route": "D148", "pr": "6", "abs": 6048, "label": "D148 PR6+6048"}}, {"type": "Feature", "geometry": {"type": "Point", "coordinates": [2.12945102, 48.51332134]}, "properties": {"route": "D148", "pr": "8", "abs": 8055, "label": "D148 PR8+8055"}}, {"type": "Feature", "geometry": {"type": "Point", "coordinates": [2.25627837, 48.47434504]}, "properties": {"route": "D148", "pr": "19", "abs": 19035, "label": "D148 PR19+19035"}}, {"type": "Feature", "geometry": {"type": "Point", "coordinates": [2.14169261, 48.51135652]}, "properties": {"route": "D148", "pr": "9", "abs": 9058, "label": "D148 PR9+9058"}}, {"type": "Feature", "geometry": {"type": "Point", "coordinates": [2.17385292, 48.49844164]}, "properties": {"route": "D148", "pr": "12", "abs": 12064, "label": "D148 PR12+12064"}}, {"type": "Feature", "geometry": {"type": "Point", "coordinates": [2.19843913, 48.48463049]}, "properties": {"route": "D148", "pr": "14", "abs": 14019, "label": "D148 PR14+14019"}}, {"type": "Feature", "geometry": {"type": "Point", "coordinates": [2.27966587, 48.47243081]}, "properties": {"route": "D148", "pr": "21", "abs": 21045, "label": "D148 PR21+21045"}}, {"type": "Feature", "geometry": {"type": "Point", "coordinates": [2.2567017, 48.72615654]}, "properties": {"route": "D156", "pr": "1", "abs": 998, "label": "D156 PR1+998"}}, {"type": "Feature", "geometry": {"type": "Point", "coordinates": [2.42101021, 48.63135172]}, "properties": {"route": "D91", "pr": "4", "abs": 3911, "label": "D91 PR4+3911 (G)"}}, {"type": "Feature", "geometry": {"type": "Point", "coordinates": [2.14373715, 48.53350573]}, "properties": {"route": "D132", "pr": "22", "abs": 12676, "label": "D132 PR22+12676"}}, {"type": "Feature", "geometry": {"type": "Point", "coordinates": [2.06192367, 48.59574041]}, "properties": {"route": "D132", "pr": "11", "abs": 1684, "label": "D132 PR11+1684"}}, {"type": "Feature", "geometry": {"type": "Point", "coordinates": [2.10485015, 48.56857858]}, "properties": {"route": "D132", "pr": "16", "abs": 6663, "label": "D132 PR16+6663"}}, {"type": "Feature", "geometry": {"type": "Point", "coordinates": [2.15849241, 48.52396893]}, "properties": {"route": "D132", "pr": "24", "abs": 14689, "label": "D132 PR24+14689"}}, {"type": "Feature", "geometry": {"type": "Point", "coordinates": [2.0716539, 48.5923227]}, "properties": {"route": "D132", "pr": "12", "abs": 2671, "label": "D132 PR12+2671"}}, {"type": "Feature", "geometry": {"type": "Point", "coordinates": [2.11353542, 48.56220697]}, "properties": {"route": "D132", "pr": "17", "abs": 7667, "label": "D132 PR17+7667"}}, {"type": "Feature", "geometry": {"type": "Point", "coordinates": [2.09128431, 48.58125182]}, "properties": {"route": "D132", "pr": "14", "abs": 4669, "label": "D132 PR14+4669"}}, {"type": "Feature", "geometry": {"type": "Point", "coordinates": [2.16703039, 48.50825495]}, "properties": {"route": "D132", "pr": "26", "abs": 16669, "label": "D132 PR26+16669"}}, {"type": "Feature", "geometry": {"type": "Point", "coordinates": [2.12305328, 48.54142005]}, "properties": {"route": "D132", "pr": "20", "abs": 10670, "label": "D132 PR20+10670"}}, {"type": "Feature", "geometry": {"type": "Point", "coordinates": [2.13456145, 48.53891437]}, "properties": {"route": "D132", "pr": "21", "abs": 11675, "label": "D132 PR21+11675"}}, {"type": "Feature", "geometry": {"type": "Point", "coordinates": [2.16162979, 48.51629478]}, "properties": {"route": "D132", "pr": "25", "abs": 15669, "label": "D132 PR25+15669"}}, {"type": "Feature", "geometry": {"type": "Point", "coordinates": [2.11954825, 48.55555226]}, "properties": {"route": "D132", "pr": "18", "abs": 8672, "label": "D132 PR18+8672"}}, {"type": "Feature", "geometry": {"type": "Point", "coordinates": [2.07999173, 48.58611641]}, "properties": {"route": "D132", "pr": "13", "abs": 3677, "label": "D132 PR13+3677"}}, {"type": "Feature", "geometry": {"type": "Point", "coordinates": [2.09240924, 48.57196128]}, "properties": {"route": "D132", "pr": "15", "abs": 5658, "label": "D132 PR15+5658"}}, {"type": "Feature", "geometry": {"type": "Point", "coordinates": [2.14982598, 48.52840629]}, "properties": {"route": "D132", "pr": "23", "abs": 13672, "label": "D132 PR23+13672"}}, {"type": "Feature", "geometry": {"type": "Point", "coordinates": [2.12458523, 48.54914644]}, "properties": {"route": "D132", "pr": "19", "abs": 9664, "label": "D132 PR19+9664"}}, {"type": "Feature", "geometry": {"type": "Point", "coordinates": [2.05427367, 48.60293503]}, "properties": {"route": "D132", "pr": "10", "abs": 678, "label": "D132 PR10+678"}}, {"type": "Feature", "geometry": {"type": "Point", "coordinates": [2.3787176, 48.34309858]}, "properties": {"route": "D449", "pr": "33", "abs": 34287, "label": "D449 PR33+34287"}}, {"type": "Feature", "geometry": {"type": "Point", "coordinates": [2.34048554, 48.51132156]}, "properties": {"route": "D449", "pr": "12", "abs": 13216, "label": "D449 PR12+13216"}}, {"type": "Feature", "geometry": {"type": "Point", "coordinates": [2.29769128, 48.52766794]}, "properties": {"route": "D449", "pr": "8", "abs": 9191, "label": "D449 PR8+9191"}}, {"type": "Feature", "geometry": {"type": "Point", "coordinates": [2.35539862, 48.44118842]}, "properties": {"route": "D449", "pr": "21", "abs": 22193, "label": "D449 PR21+22193"}}, {"type": "Feature", "geometry": {"type": "Point", "coordinates": [2.37934823, 48.41231791]}, "properties": {"route": "D449", "pr": "25", "abs": 26226, "label": "D449 PR25+26226"}}, {"type": "Feature", "geometry": {"type": "Point", "coordinates": [2.35552481, 48.33004008]}, "properties": {"route": "D449", "pr": "36", "abs": 37305, "label": "D449 PR36+37305"}}, {"type": "Feature", "geometry": {"type": "Point", "coordinates": [2.32746279, 48.51314317]}, "properties": {"route": "D449", "pr": "11", "abs": 12204, "label": "D449 PR11+12204"}}, {"type": "Feature", "geometry": {"type": "Point", "coordinates": [2.37583829, 48.39481858]}, "properties": {"route": "D449", "pr": "27", "abs": 28235, "label": "D449 PR27+28235"}}, {"type": "Feature", "geometry": {"type": "Point", "coordinates": [2.37793902, 48.36033046]}, "properties": {"route": "D449", "pr": "31", "abs": 32263, "label": "D449 PR31+32263"}}, {"type": "Feature", "geometry": {"type": "Point", "coordinates": [2.36607361, 48.31345359]}, "properties": {"route": "D449", "pr": "38", "abs": 39322, "label": "D449 PR38+39322"}}, {"type": "Feature", "geometry": {"type": "Point", "coordinates": [2.35583806, 48.33697065]}, "properties": {"route": "D449", "pr": "35", "abs": 36280, "label": "D449 PR35+36280"}}, {"type": "Feature", "geometry": {"type": "Point", "coordinates": [2.36887991, 48.42821572]}, "properties": {"route": "D449", "pr": "23", "abs": 24215, "label": "D449 PR23+24215"}}, {"type": "Feature", "geometry": {"type": "Point", "coordinates": [2.3399353, 48.4603525]}, "properties": {"route": "D449", "pr": "18", "abs": 19181, "label": "D449 PR18+19181"}}, {"type": "Feature", "geometry": {"type": "Point", "coordinates": [2.30275726, 48.51896614]}, "properties": {"route": "D449", "pr": "9", "abs": 10195, "label": "D449 PR9+10195"}}, {"type": "Feature", "geometry": {"type": "Point", "coordinates": [2.37635088, 48.38622648]}, "properties": {"route": "D449", "pr": "28", "abs": 29260, "label": "D449 PR28+29260"}}, {"type": "Feature", "geometry": {"type": "Point", "coordinates": [2.34117814, 48.46921373]}, "properties": {"route": "D449", "pr": "17", "abs": 18177, "label": "D449 PR17+18177"}}, {"type": "Feature", "geometry": {"type": "Point", "coordinates": [2.34488484, 48.47801114]}, "properties": {"route": "D449", "pr": "16", "abs": 17148, "label": "D449 PR16+17148"}}, {"type": "Feature", "geometry": {"type": "Point", "coordinates": [2.38078964, 48.3520167]}, "properties": {"route": "D449", "pr": "32", "abs": 33259, "label": "D449 PR32+33259"}}, {"type": "Feature", "geometry": {"type": "Point", "coordinates": [2.37376758, 48.42043066]}, "properties": {"route": "D449", "pr": "24", "abs": 25221, "label": "D449 PR24+25221"}}, {"type": "Feature", "geometry": {"type": "Point", "coordinates": [2.38081285, 48.36874613]}, "properties": {"route": "D449", "pr": "30", "abs": 31267, "label": "D449 PR30+31267"}}, {"type": "Feature", "geometry": {"type": "Point", "coordinates": [2.31438606, 48.51498373]}, "properties": {"route": "D449", "pr": "10", "abs": 11195, "label": "D449 PR10+11195"}}, {"type": "Feature", "geometry": {"type": "Point", "coordinates": [2.36100708, 48.32191725]}, "properties": {"route": "D449", "pr": "37", "abs": 38311, "label": "D449 PR37+38311"}}, {"type": "Feature", "geometry": {"type": "Point", "coordinates": [2.35742179, 48.43297915]}, "properties": {"route": "D449", "pr": "22", "abs": 23203, "label": "D449 PR22+23203"}}, {"type": "Feature", "geometry": {"type": "Point", "coordinates": [2.35395642, 48.44796132]}, "properties": {"route": "D449", "pr": "20", "abs": 21193, "label": "D449 PR20+21193"}}, {"type": "Feature", "geometry": {"type": "Point", "coordinates": [2.3786196, 48.40341982]}, "properties": {"route": "D449", "pr": "26", "abs": 27231, "label": "D449 PR26+27231"}}, {"type": "Feature", "geometry": {"type": "Point", "coordinates": [2.37764337, 48.37745129]}, "properties": {"route": "D449", "pr": "29", "abs": 30250, "label": "D449 PR29+30250"}}, {"type": "Feature", "geometry": {"type": "Point", "coordinates": [2.36623734, 48.34244494]}, "properties": {"route": "D449", "pr": "34", "abs": 35272, "label": "D449 PR34+35272"}}, {"type": "Feature", "geometry": {"type": "Point", "coordinates": [2.34193122, 48.45187175]}, "properties": {"route": "D449", "pr": "19", "abs": 20185, "label": "D449 PR19+20185"}}, {"type": "Feature", "geometry": {"type": "Point", "coordinates": [2.33989753, 48.73440975]}, "properties": {"route": "D167A", "pr": "8", "abs": 1996, "label": "D167A PR8+1996"}}, {"type": "Feature", "geometry": {"type": "Point", "coordinates": [2.29257, 48.57729405]}, "properties": {"route": "D19", "pr": "13", "abs": 6882, "label": "D19 PR13+6882 (G)"}}, {"type": "Feature", "geometry": {"type": "Point", "coordinates": [2.25354648, 48.57370382]}, "properties": {"route": "D19", "pr": "10", "abs": 3944, "label": "D19 PR10+3944 (G)"}}, {"type": "Feature", "geometry": {"type": "Point", "coordinates": [2.30789171, 48.5893097]}, "properties": {"route": "D19", "pr": "15", "abs": 8762, "label": "D19 PR15+8762 (G)"}}, {"type": "Feature", "geometry": {"type": "Point", "coordinates": [2.27914196, 48.57651179]}, "properties": {"route": "D19", "pr": "12", "abs": 5883, "label": "D19 PR12+5883 (G)"}}, {"type": "Feature", "geometry": {"type": "Point", "coordinates": [2.30384514, 48.58117112]}, "properties": {"route": "D19", "pr": "14", "abs": 7832, "label": "D19 PR14+7832 (G)"}}, {"type": "Feature", "geometry": {"type": "Point", "coordinates": [2.35140881, 48.6154015]}, "properties": {"route": "D19", "pr": "20", "abs": 13252, "label": "D19 PR20+13252 (G)"}}, {"type": "Feature", "geometry": {"type": "Point", "coordinates": [2.32160995, 48.60482324]}, "properties": {"route": "D19", "pr": "17", "abs": 10784, "label": "D19 PR17+10784 (G)"}}, {"type": "Feature", "geometry": {"type": "Point", "coordinates": [2.23988079, 48.57314323]}, "properties": {"route": "D19", "pr": "9", "abs": 2984, "label": "D19 PR9+2984 (G)"}}, {"type": "Feature", "geometry": {"type": "Point", "coordinates": [2.31163031, 48.59507596]}, "properties": {"route": "D19", "pr": "16", "abs": 9461, "label": "D19 PR16+9461 (G)"}}, {"type": "Feature", "geometry": {"type": "Point", "coordinates": [2.34169745, 48.61219982]}, "properties": {"route": "D19", "pr": "19", "abs": 12483, "label": "D19 PR19+12483 (G)"}}, {"type": "Feature", "geometry": {"type": "Point", "coordinates": [2.46376827, 48.7132045]}, "properties": {"route": "D324", "pr": "1", "abs": 1014, "label": "D324 PR1+1014"}}, {"type": "Feature", "geometry": {"type": "Point", "coordinates": [2.468983, 48.72153875]}, "properties": {"route": "D324", "pr": "2", "abs": 2015, "label": "D324 PR2+2015"}}, {"type": "Feature", "geometry": {"type": "Point", "coordinates": [2.47042346, 48.47761711]}, "properties": {"route": "D83", "pr": "10", "abs": 9562, "label": "D83 PR10+9562"}}, {"type": "Feature", "geometry": {"type": "Point", "coordinates": [2.49605694, 48.47485164]}, "properties": {"route": "D83", "pr": "12", "abs": 11577, "label": "D83 PR12+11577"}}, {"type": "Feature", "geometry": {"type": "Point", "coordinates": [2.36892616, 48.48064771]}, "properties": {"route": "D83", "pr": "2", "abs": 1524, "label": "D83 PR2+1524"}}, {"type": "Feature", "geometry": {"type": "Point", "coordinates": [2.37939501, 48.47543281]}, "properties": {"route": "D83", "pr": "3", "abs": 2514, "label": "D83 PR3+2514"}}, {"type": "Feature", "geometry": {"type": "Point", "coordinates": [2.35575721, 48.48174383]}, "properties": {"route": "D83", "pr": "1", "abs": 514, "label": "D83 PR1+514"}}, {"type": "Feature", "geometry": {"type": "Point", "coordinates": [2.41872462, 48.47313085]}, "properties": {"route": "D83", "pr": "6", "abs": 5534, "label": "D83 PR6+5534"}}, {"type": "Feature", "geometry": {"type": "Point", "coordinates": [2.45712364, 48.47674199]}, "properties": {"route": "D83", "pr": "9", "abs": 8554, "label": "D83 PR9+8554"}}, {"type": "Feature", "geometry": {"type": "Point", "coordinates": [2.44512296, 48.47537487]}, "properties": {"route": "D83", "pr": "8", "abs": 7548, "label": "D83 PR8+7548"}}, {"type": "Feature", "geometry": {"type": "Point", "coordinates": [2.40531813, 48.47181128]}, "properties": {"route": "D83", "pr": "5", "abs": 4528, "label": "D83 PR5+4528"}}, {"type": "Feature", "geometry": {"type": "Point", "coordinates": [2.43188977, 48.47430831]}, "properties": {"route": "D83", "pr": "7", "abs": 6542, "label": "D83 PR7+6542"}}, {"type": "Feature", "geometry": {"type": "Point", "coordinates": [2.48339466, 48.47741605]}, "properties": {"route": "D83", "pr": "11", "abs": 10568, "label": "D83 PR11+10568"}}, {"type": "Feature", "geometry": {"type": "Point", "coordinates": [2.39184058, 48.47247802]}, "properties": {"route": "D83", "pr": "4", "abs": 3520, "label": "D83 PR4+3520"}}, {"type": "Feature", "geometry": {"type": "Point", "coordinates": [2.27584905, 48.34529901]}, "properties": {"route": "D57", "pr": "1", "abs": 1000, "label": "D57 PR1+1000"}}, {"type": "Feature", "geometry": {"type": "Point", "coordinates": [2.27746554, 48.32763256]}, "properties": {"route": "D57", "pr": "3", "abs": 3004, "label": "D57 PR3+3004"}}, {"type": "Feature", "geometry": {"type": "Point", "coordinates": [2.27604238, 48.3188774]}, "properties": {"route": "D57", "pr": "4", "abs": 4006, "label": "D57 PR4+4006"}}, {"type": "Feature", "geometry": {"type": "Point", "coordinates": [2.27677039, 48.33639633]}, "properties": {"route": "D57", "pr": "2", "abs": 2002, "label": "D57 PR2+2002"}}, {"type": "Feature", "geometry": {"type": "Point", "coordinates": [2.32781862, 48.54180299]}, "properties": {"route": "D8", "pr": "6", "abs": 5994, "label": "D8 PR6+5994"}}, {"type": "Feature", "geometry": {"type": "Point", "coordinates": [2.31351389, 48.55203959]}, "properties": {"route": "D8", "pr": "4", "abs": 4215, "label": "D8 PR4+4215"}}, {"type": "Feature", "geometry": {"type": "Point", "coordinates": [2.29421439, 48.56995069]}, "properties": {"route": "D8", "pr": "1", "abs": 1215, "label": "D8 PR1+1215"}}, {"type": "Feature", "geometry": {"type": "Point", "coordinates": [2.31881653, 48.54793736]}, "properties": {"route": "D8", "pr": "5", "abs": 4819, "label": "D8 PR5+4819"}}, {"type": "Feature", "geometry": {"type": "Point", "coordinates": [2.30536412, 48.55904503]}, "properties": {"route": "D8", "pr": "3", "abs": 3215, "label": "D8 PR3+3215"}}, {"type": "Feature", "geometry": {"type": "Point", "coordinates": [2.29585695, 48.56321357]}, "properties": {"route": "D8", "pr": "2", "abs": 2215, "label": "D8 PR2+2215"}}, {"type": "Feature", "geometry": {"type": "Point", "coordinates": [1.99844334, 48.5209549]}, "properties": {"route": "D5", "pr": "1", "abs": 490, "label": "D5 PR1+490"}}, {"type": "Feature", "geometry": {"type": "Point", "coordinates": [1.95368656, 48.48833065]}, "properties": {"route": "D5", "pr": "6", "abs": 5466, "label": "D5 PR6+5466"}}, {"type": "Feature", "geometry": {"type": "Point", "coordinates": [1.9339268, 48.47637805]}, "properties": {"route": "D5", "pr": "8", "abs": 7464, "label": "D5 PR8+7464"}}, {"type": "Feature", "geometry": {"type": "Point", "coordinates": [1.97006534, 48.50166928]}, "properties": {"route": "D5", "pr": "4", "abs": 3519, "label": "D5 PR4+3519"}}, {"type": "Feature", "geometry": {"type": "Point", "coordinates": [1.92986649, 48.4582999]}, "properties": {"route": "D5", "pr": "10", "abs": 9576, "label": "D5 PR10+9576"}}, {"type": "Feature", "geometry": {"type": "Point", "coordinates": [1.98871596, 48.51468472]}, "properties": {"route": "D5", "pr": "2", "abs": 1500, "label": "D5 PR2+1500"}}, {"type": "Feature", "geometry": {"type": "Point", "coordinates": [1.94356712, 48.48253529]}, "properties": {"route": "D5", "pr": "7", "abs": 6466, "label": "D5 PR7+6466"}}, {"type": "Feature", "geometry": {"type": "Point", "coordinates": [1.96193772, 48.49459641]}, "properties": {"route": "D5", "pr": "5", "abs": 4529, "label": "D5 PR5+4529"}}, {"type": "Feature", "geometry": {"type": "Point", "coordinates": [1.9790622, 48.50836755]}, "properties": {"route": "D5", "pr": "3", "abs": 2509, "label": "D5 PR3+2509"}}, {"type": "Feature", "geometry": {"type": "Point", "coordinates": [2.13086963, 48.62139049]}, "properties": {"route": "D97", "pr": "9", "abs": 9267, "label": "D97 PR9+9267"}}, {"type": "Feature", "geometry": {"type": "Point", "coordinates": [2.15757271, 48.61832777]}, "properties": {"route": "D97", "pr": "7", "abs": 7158, "label": "D97 PR7+7158"}}, {"type": "Feature", "geometry": {"type": "Point", "coordinates": [2.19256497, 48.60723305]}, "properties": {"route": "D97", "pr": "4", "abs": 4151, "label": "D97 PR4+4151"}}, {"type": "Feature", "geometry": {"type": "Point", "coordinates": [2.17971482, 48.61002561]}, "properties": {"route": "D97", "pr": "5", "abs": 5158, "label": "D97 PR5+5158"}}, {"type": "Feature", "geometry": {"type": "Point", "coordinates": [2.14452572, 48.61992863]}, "properties": {"route": "D97", "pr": "8", "abs": 8167, "label": "D97 PR8+8167"}}, {"type": "Feature", "geometry": {"type": "Point", "coordinates": [2.12082623, 48.6161416]}, "properties": {"route": "D97", "pr": "10", "abs": 10267, "label": "D97 PR10+10267"}}, {"type": "Feature", "geometry": {"type": "Point", "coordinates": [2.20548057, 48.60441525]}, "properties": {"route": "D97", "pr": "3", "abs": 3139, "label": "D97 PR3+3139"}}, {"type": "Feature", "geometry": {"type": "Point", "coordinates": [2.23301802, 48.60052083]}, "properties": {"route": "D97", "pr": "1", "abs": 1015, "label": "D97 PR1+1015"}}, {"type": "Feature", "geometry": {"type": "Point", "coordinates": [2.21855186, 48.60243097]}, "properties": {"route": "D97", "pr": "2", "abs": 2129, "label": "D97 PR2+2129"}}, {"type": "Feature", "geometry": {"type": "Point", "coordinates": [2.16715727, 48.61275766]}, "properties": {"route": "D97", "pr": "6", "abs": 6141, "label": "D97 PR6+6141"}}, {"type": "Feature", "geometry": {"type": "Point", "coordinates": [2.36565955, 48.67414553]}, "properties": {"route": "D77", "pr": "4", "abs": 3916, "label": "D77 PR4+3916"}}, {"type": "Feature", "geometry": {"type": "Point", "coordinates": [2.35815139, 48.67880699]}, "properties": {"route": "D77", "pr": "3", "abs": 3138, "label": "D77 PR3+3138"}}, {"type": "Feature", "geometry": {"type": "Point", "coordinates": [2.35538911, 48.67094401]}, "properties": {"route": "D77", "pr": "2", "abs": 1921, "label": "D77 PR2+1921"}}, {"type": "Feature", "geometry": {"type": "Point", "coordinates": [2.35206767, 48.66400166]}, "properties": {"route": "D77", "pr": "1", "abs": 1080, "label": "D77 PR1+1080"}}, {"type": "Feature", "geometry": {"type": "Point", "coordinates": [2.04747391, 48.67020731]}, "properties": {"route": "D40", "pr": "3", "abs": 1233, "label": "D40 PR3+1233"}}, {"type": "Feature", "geometry": {"type": "Point", "coordinates": [2.08899715, 48.67293539]}, "properties": {"route": "D40", "pr": "6", "abs": 4236, "label": "D40 PR6+4236"}}, {"type": "Feature", "geometry": {"type": "Point", "coordinates": [2.05977071, 48.67041557]}, "properties": {"route": "D40", "pr": "4", "abs": 2228, "label": "D40 PR4+2228"}}, {"type": "Feature", "geometry": {"type": "Point", "coordinates": [2.14583621, 48.65378341]}, "properties": {"route": "D40", "pr": "11", "abs": 9193, "label": "D40 PR11+9193"}}, {"type": "Feature", "geometry": {"type": "Point", "coordinates": [2.07552343, 48.6721939]}, "properties": {"route": "D40", "pr": "5", "abs": 3228, "label": "D40 PR5+3228"}}, {"type": "Feature", "geometry": {"type": "Point", "coordinates": [2.0343159, 48.66824661]}, "properties": {"route": "D40", "pr": "2", "abs": 232, "label": "D40 PR2+232"}}, {"type": "Feature", "geometry": {"type": "Point", "coordinates": [2.13107475, 48.66821397]}, "properties": {"route": "D40", "pr": "9", "abs": 7184, "label": "D40 PR9+7184"}}, {"type": "Feature", "geometry": {"type": "Point", "coordinates": [2.11499054, 48.67331198]}, "properties": {"route": "D40", "pr": "8", "abs": 6252, "label": "D40 PR8+6252"}}, {"type": "Feature", "geometry": {"type": "Point", "coordinates": [2.10200022, 48.67563725]}, "properties": {"route": "D40", "pr": "7", "abs": 5246, "label": "D40 PR7+5246"}}, {"type": "Feature", "geometry": {"type": "Point", "coordinates": [2.28898952, 48.727447]}, "properties": {"route": "D188", "pr": "1", "abs": 884, "label": "D188 PR1+884 (G)"}}, {"type": "Feature", "geometry": {"type": "Point", "coordinates": [2.27737725, 48.72313449]}, "properties": {"route": "D188", "pr": "2", "abs": 1874, "label": "D188 PR2+1874 (G)"}}, {"type": "Feature", "geometry": {"type": "Point", "coordinates": [2.16007813, 48.45462972]}, "properties": {"route": "D207", "pr": "1", "abs": 1612, "label": "D207 PR1+1612"}}, {"type": "Feature", "geometry": {"type": "Point", "coordinates": [2.14725147, 48.45566646]}, "properties": {"route": "D207", "pr": "2", "abs": 2593, "label": "D207 PR2+2593"}}, {"type": "Feature", "geometry": {"type": "Point", "coordinates": [2.12798881, 48.49832258]}, "properties": {"route": "D207", "pr": "8", "abs": 8581, "label": "D207 PR8+8581"}}, {"type": "Feature", "geometry": {"type": "Point", "coordinates": [2.13147467, 48.49225929]}, "properties": {"route": "D207", "pr": "7", "abs": 7588, "label": "D207 PR7+7588"}}, {"type": "Feature", "geometry": {"type": "Point", "coordinates": [2.13613207, 48.47466267]}, "properties": {"route": "D207", "pr": "5", "abs": 5590, "label": "D207 PR5+5590"}}, {"type": "Feature", "geometry": {"type": "Point", "coordinates": [2.13365441, 48.48344959]}, "properties": {"route": "D207", "pr": "6", "abs": 6589, "label": "D207 PR6+6589"}}, {"type": "Feature", "geometry": {"type": "Point", "coordinates": [2.13600106, 48.45927288]}, "properties": {"route": "D207", "pr": "3", "abs": 3591, "label": "D207 PR3+3591"}}, {"type": "Feature", "geometry": {"type": "Point", "coordinates": [2.14102444, 48.46632587]}, "properties": {"route": "D207", "pr": "4", "abs": 4592, "label": "D207 PR4+4592"}}, {"type": "Feature", "geometry": {"type": "Point", "coordinates": [2.12676545, 48.50668029]}, "properties": {"route": "D207", "pr": "9", "abs": 9583, "label": "D207 PR9+9583"}}, {"type": "Feature", "geometry": {"type": "Point", "coordinates": [2.38162943, 48.69029963]}, "properties": {"route": "D29", "pr": "1", "abs": 1819, "label": "D29 PR1+1819"}}, {"type": "Feature", "geometry": {"type": "Point", "coordinates": [2.39238021, 48.70523936]}, "properties": {"route": "D29", "pr": "3", "abs": 3979, "label": "D29 PR3+3979"}}, {"type": "Feature", "geometry": {"type": "Point", "coordinates": [2.38164, 48.69790566]}, "properties": {"route": "D29", "pr": "2", "abs": 2843, "label": "D29 PR2+2843"}}, {"type": "Feature", "geometry": {"type": "Point", "coordinates": [2.40232009, 48.71246009]}, "properties": {"route": "D29", "pr": "4", "abs": 5100, "label": "D29 PR4+5100"}}, {"type": "Feature", "geometry": {"type": "Point", "coordinates": [2.49987919, 48.61687857]}, "properties": {"route": "D947", "pr": "2", "abs": 1990, "label": "D947 PR2+1990"}}, {"type": "Feature", "geometry": {"type": "Point", "coordinates": [2.4883222, 48.62071452]}, "properties": {"route": "D947", "pr": "1", "abs": 1023, "label": "D947 PR1+1023"}}, {"type": "Feature", "geometry": {"type": "Point", "coordinates": [2.51347052, 48.61627282]}, "properties": {"route": "D947", "pr": "3", "abs": 3097, "label": "D947 PR3+3097"}}, {"type": "Feature", "geometry": {"type": "Point", "coordinates": [2.22870396, 48.56909874]}, "properties": {"route": "D19", "pr": "7", "abs": 6759, "label": "D19 PR7+6759"}}, {"type": "Feature", "geometry": {"type": "Point", "coordinates": [2.18306955, 48.56420353]}, "properties": {"route": "D19", "pr": "3", "abs": 2915, "label": "D19 PR3+2915"}}, {"type": "Feature", "geometry": {"type": "Point", "coordinates": [2.17131282, 48.56534206]}, "properties": {"route": "D19", "pr": "2", "abs": 2000, "label": "D19 PR2+2000"}}, {"type": "Feature", "geometry": {"type": "Point", "coordinates": [2.16018327, 48.5610584]}, "properties": {"route": "D19", "pr": "1", "abs": 1000, "label": "D19 PR1+1000"}}, {"type": "Feature", "geometry": {"type": "Point", "coordinates": [2.21688772, 48.56668802]}, "properties": {"route": "D19", "pr": "6", "abs": 5759, "label": "D19 PR6+5759"}}, {"type": "Feature", "geometry": {"type": "Point", "coordinates": [2.23342297, 48.57276266]}, "properties": {"route": "D19", "pr": "8", "abs": 7266, "label": "D19 PR8+7266"}}, {"type": "Feature", "geometry": {"type": "Point", "coordinates": [2.25266885, 48.30359368]}, "properties": {"route": "D143", "pr": "9", "abs": 9005, "label": "D143 PR9+9005"}}, {"type": "Feature", "geometry": {"type": "Point", "coordinates": [2.25197478, 48.3449698]}, "properties": {"route": "D143", "pr": "4", "abs": 3996, "label": "D143 PR4+3996"}}, {"type": "Feature", "geometry": {"type": "Point", "coordinates": [2.26059862, 48.32964734]}, "properties": {"route": "D143", "pr": "6", "abs": 5998, "label": "D143 PR6+5998"}}, {"type": "Feature", "geometry": {"type": "Point", "coordinates": [2.26009107, 48.3380163]}, "properties": {"route": "D143", "pr": "5", "abs": 4996, "label": "D143 PR5+4996"}}, {"type": "Feature", "geometry": {"type": "Point", "coordinates": [2.25921611, 48.32078695]}, "properties": {"route": "D143", "pr": "7", "abs": 7001, "label": "D143 PR7+7001"}}, {"type": "Feature", "geometry": {"type": "Point", "coordinates": [2.2315548, 48.36810978]}, "properties": {"route": "D143", "pr": "1", "abs": 984, "label": "D143 PR1+984"}}, {"type": "Feature", "geometry": {"type": "Point", "coordinates": [2.18888183, 48.48911783]}, "properties": {"route": "D146", "pr": "1", "abs": 1050, "label": "D146 PR1+1050"}}, {"type": "Feature", "geometry": {"type": "Point", "coordinates": [2.23505194, 48.51447619]}, "properties": {"route": "D146", "pr": "6", "abs": 6059, "label": "D146 PR6+6059"}}, {"type": "Feature", "geometry": {"type": "Point", "coordinates": [2.26048192, 48.5175906]}, "properties": {"route": "D146", "pr": "8", "abs": 8070, "label": "D146 PR8+8070"}}, {"type": "Feature", "geometry": {"type": "Point", "coordinates": [2.20338656, 48.50435243]}, "properties": {"route": "D146", "pr": "3", "abs": 2989, "label": "D146 PR3+2989"}}, {"type": "Feature", "geometry": {"type": "Point", "coordinates": [2.22252059, 48.51608797]}, "properties": {"route": "D146", "pr": "5", "abs": 5063, "label": "D146 PR5+5063"}}, {"type": "Feature", "geometry": {"type": "Point", "coordinates": [2.19537673, 48.49760155]}, "properties": {"route": "D146", "pr": "2", "abs": 2044, "label": "D146 PR2+2044"}}, {"type": "Feature", "geometry": {"type": "Point", "coordinates": [2.24802042, 48.51679181]}, "properties": {"route": "D146", "pr": "7", "abs": 7064, "label": "D146 PR7+7064"}}, {"type": "Feature", "geometry": {"type": "Point", "coordinates": [2.45409776, 48.62303806]}, "properties": {"route": "D91", "pr": "1", "abs": 833, "label": "D91 PR1+833"}}, {"type": "Feature", "geometry": {"type": "Point", "coordinates": [2.44278922, 48.6273061]}, "properties": {"route": "D91", "pr": "2", "abs": 2013, "label": "D91 PR2+2013"}}, {"type": "Feature", "geometry": {"type": "Point", "coordinates": [2.0786601, 48.53901613]}, "properties": {"route": "D116", "pr": "13", "abs": 13086, "label": "D116 PR13+13086"}}, {"type": "Feature", "geometry": {"type": "Point", "coordinates": [2.1258998, 48.55368294]}, "properties": {"route": "D116", "pr": "9", "abs": 9021, "label": "D116 PR9+9021"}}, {"type": "Feature", "geometry": {"type": "Point", "coordinates": [2.04038759, 48.53073366]}, "properties": {"route": "D116", "pr": "16", "abs": 16136, "label": "D116 PR16+16136"}}, {"type": "Feature", "geometry": {"type": "Point", "coordinates": [2.18844725, 48.59284616]}, "properties": {"route": "D116", "pr": "2", "abs": 2010, "label": "D116 PR2+2010"}}, {"type": "Feature", "geometry": {"type": "Point", "coordinates": [2.17866145, 48.58680676]}, "properties": {"route": "D116", "pr": "3", "abs": 3015, "label": "D116 PR3+3015"}}, {"type": "Feature", "geometry": {"type": "Point", "coordinates": [2.053968, 48.53238268]}, "properties": {"route": "D116", "pr": "15", "abs": 15098, "label": "D116 PR15+15098"}}, {"type": "Feature", "geometry": {"type": "Point", "coordinates": [2.16650238, 48.57242693]}, "properties": {"route": "D116", "pr": "5", "abs": 4981, "label": "D116 PR5+4981"}}, {"type": "Feature", "geometry": {"type": "Point", "coordinates": [2.17426031, 48.57879162]}, "properties": {"route": "D116", "pr": "4", "abs": 4004, "label": "D116 PR4+4004"}}, {"type": "Feature", "geometry": {"type": "Point", "coordinates": [2.10444399, 48.54451728]}, "properties": {"route": "D116", "pr": "11", "abs": 10996, "label": "D116 PR11+10996"}}, {"type": "Feature", "geometry": {"type": "Point", "coordinates": [2.02822421, 48.52706868]}, "properties": {"route": "D116", "pr": "17", "abs": 17440, "label": "D116 PR17+17440"}}, {"type": "Feature", "geometry": {"type": "Point", "coordinates": [1.98907182, 48.52797918]}, "properties": {"route": "D116", "pr": "20", "abs": 21521, "label": "D116 PR20+21521"}}, {"type": "Feature", "geometry": {"type": "Point", "coordinates": [2.19870577, 48.59783091]}, "properties": {"route": "D116", "pr": "1", "abs": 1005, "label": "D116 PR1+1005"}}, {"type": "Feature", "geometry": {"type": "Point", "coordinates": [2.09183206, 48.54104896]}, "properties": {"route": "D116", "pr": "12", "abs": 12076, "label": "D116 PR12+12076"}}, {"type": "Feature", "geometry": {"type": "Point", "coordinates": [2.25945882, 48.43063852]}, "properties": {"route": "D837", "pr": "5", "abs": 4887, "label": "D837 PR5+4887"}}, {"type": "Feature", "geometry": {"type": "Point", "coordinates": [2.43745912, 48.39837392]}, "properties": {"route": "D837", "pr": "20", "abs": 19923, "label": "D837 PR20+19923"}}, {"type": "Feature", "geometry": {"type": "Point", "coordinates": [2.41215617, 48.39637533]}, "properties": {"route": "D837", "pr": "18", "abs": 17918, "label": "D837 PR18+17918"}}, {"type": "Feature", "geometry": {"type": "Point", "coordinates": [2.2129146, 48.43079772]}, "properties": {"route": "D837", "pr": "1", "abs": 1011, "label": "D837 PR1+1011"}}, {"type": "Feature", "geometry": {"type": "Point", "coordinates": [2.24689069, 48.42749419]}, "properties": {"route": "D837", "pr": "4", "abs": 3887, "label": "D837 PR4+3887"}}, {"type": "Feature", "geometry": {"type": "Point", "coordinates": [2.34747236, 48.39687461]}, "properties": {"route": "D837", "pr": "13", "abs": 12881, "label": "D837 PR13+12881"}}, {"type": "Feature", "geometry": {"type": "Point", "coordinates": [2.31094314, 48.40773238]}, "properties": {"route": "D837", "pr": "10", "abs": 9883, "label": "D837 PR10+9883"}}, {"type": "Feature", "geometry": {"type": "Point", "coordinates": [2.32371803, 48.40533807]}, "properties": {"route": "D837", "pr": "11", "abs": 10882, "label": "D837 PR11+10882"}}, {"type": "Feature", "geometry": {"type": "Point", "coordinates": [2.50140225, 48.40280126]}, "properties": {"route": "D837", "pr": "25", "abs": 25968, "label": "D837 PR25+25968"}}, {"type": "Feature", "geometry": {"type": "Point", "coordinates": [2.36022029, 48.39400658]}, "properties": {"route": "D837", "pr": "14", "abs": 13893, "label": "D837 PR14+13893"}}, {"type": "Feature", "geometry": {"type": "Point", "coordinates": [2.27238463, 48.43051516]}, "properties": {"route": "D837", "pr": "6", "abs": 5884, "label": "D837 PR6+5884"}}, {"type": "Feature", "geometry": {"type": "Point", "coordinates": [2.44805191, 48.40050107]}, "properties": {"route": "D837", "pr": "21", "abs": 20743, "label": "D837 PR21+20743"}}, {"type": "Feature", "geometry": {"type": "Point", "coordinates": [2.29845367, 48.41032135]}, "properties": {"route": "D837", "pr": "9", "abs": 8881, "label": "D837 PR9+8881"}}, {"type": "Feature", "geometry": {"type": "Point", "coordinates": [2.28279712, 48.42564472]}, "properties": {"route": "D837", "pr": "7", "abs": 6852, "label": "D837 PR7+6852"}}, {"type": "Feature", "geometry": {"type": "Point", "coordinates": [2.5141805, 48.40538418]}, "properties": {"route": "D837", "pr": "26", "abs": 26968, "label": "D837 PR26+26968"}}, {"type": "Feature", "geometry": {"type": "Point", "coordinates": [2.33529303, 48.40071613]}, "properties": {"route": "D837", "pr": "12", "abs": 11881, "label": "D837 PR12+11881"}}, {"type": "Feature", "geometry": {"type": "Point", "coordinates": [2.45942467, 48.40924706]}, "properties": {"route": "D837", "pr": "22", "abs": 22178, "label": "D837 PR22+22178"}}, {"type": "Feature", "geometry": {"type": "Point", "coordinates": [2.37327249, 48.39382618]}, "properties": {"route": "D837", "pr": "15", "abs": 14903, "label": "D837 PR15+14903"}}, {"type": "Feature", "geometry": {"type": "Point", "coordinates": [2.22209206, 48.42463062]}, "properties": {"route": "D837", "pr": "2", "abs": 1994, "label": "D837 PR2+1994"}}, {"type": "Feature", "geometry": {"type": "Point", "coordinates": [2.47517217, 48.40647931]}, "properties": {"route": "D837", "pr": "23", "abs": 23713, "label": "D837 PR23+23713"}}, {"type": "Feature", "geometry": {"type": "Point", "coordinates": [2.39895151, 48.39413457]}, "properties": {"route": "D837", "pr": "17", "abs": 16903, "label": "D837 PR17+16903"}}, {"type": "Feature", "geometry": {"type": "Point", "coordinates": [2.52754361, 48.40437206]}, "properties": {"route": "D837", "pr": "27", "abs": 27968, "label": "D837 PR27+27968"}}, {"type": "Feature", "geometry": {"type": "Point", "coordinates": [2.38639513, 48.39350525]}, "properties": {"route": "D837", "pr": "16", "abs": 15913, "label": "D837 PR16+15913"}}, {"type": "Feature", "geometry": {"type": "Point", "coordinates": [2.2908549, 48.41793699]}, "properties": {"route": "D837", "pr": "8", "abs": 7879, "label": "D837 PR8+7879"}}, {"type": "Feature", "geometry": {"type": "Point", "coordinates": [2.48821511, 48.40085125]}, "properties": {"route": "D837", "pr": "24", "abs": 24963, "label": "D837 PR24+24963"}}, {"type": "Feature", "geometry": {"type": "Point", "coordinates": [2.11671991, 48.36278286]}, "properties": {"route": "D108", "pr": "6", "abs": 5993, "label": "D108 PR6+5993"}}, {"type": "Feature", "geometry": {"type": "Point", "coordinates": [2.0920798, 48.36188402]}, "properties": {"route": "D108", "pr": "4", "abs": 3994, "label": "D108 PR4+3994"}}, {"type": "Feature", "geometry": {"type": "Point", "coordinates": [2.0578649, 48.3513516]}, "properties": {"route": "D108", "pr": "1", "abs": 995, "label": "D108 PR1+995"}}, {"type": "Feature", "geometry": {"type": "Point", "coordinates": [2.06942132, 48.35593362]}, "properties": {"route": "D108", "pr": "2", "abs": 1996, "label": "D108 PR2+1996"}}, {"type": "Feature", "geometry": {"type": "Point", "coordinates": [2.1043139, 48.36479963]}, "properties": {"route": "D108", "pr": "5", "abs": 4995, "label": "D108 PR5+4995"}}, {"type": "Feature", "geometry": {"type": "Point", "coordinates": [2.22935412, 48.68221869]}, "properties": {"route": "D118", "pr": "4", "abs": 2857, "label": "D118 PR4+2857"}}, {"type": "Feature", "geometry": {"type": "Point", "coordinates": [2.26281875, 48.68989787]}, "properties": {"route": "D118", "pr": "6", "abs": 5789, "label": "D118 PR6+5789"}}, {"type": "Feature", "geometry": {"type": "Point", "coordinates": [2.2951589, 48.69744488]}, "properties": {"route": "D118", "pr": "8", "abs": 8202, "label": "D118 PR8+8202"}}, {"type": "Feature", "geometry": {"type": "Point", "coordinates": [2.38192297, 48.70856314]}, "properties": {"route": "D118", "pr": "16", "abs": 16520, "label": "D118 PR16+16520"}}, {"type": "Feature", "geometry": {"type": "Point", "coordinates": [2.34805689, 48.71374821]}, "properties": {"route": "D118", "pr": "13", "abs": 13078, "label": "D118 PR13+13078"}}, {"type": "Feature", "geometry": {"type": "Point", "coordinates": [2.35268642, 48.7055136]}, "properties": {"route": "D118", "pr": "14", "abs": 14303, "label": "D118 PR14+14303"}}, {"type": "Feature", "geometry": {"type": "Point", "coordinates": [2.25118552, 48.68474415]}, "properties": {"route": "D118", "pr": "5", "abs": 4728, "label": "D118 PR5+4728"}}, {"type": "Feature", "geometry": {"type": "Point", "coordinates": [2.36621364, 48.70575084]}, "properties": {"route": "D118", "pr": "15", "abs": 15313, "label": "D118 PR15+15313"}}, {"type": "Feature", "geometry": {"type": "Point", "coordinates": [2.40438996, 48.7216539]}, "properties": {"route": "D118", "pr": "18", "abs": 18844, "label": "D118 PR18+18844"}}, {"type": "Feature", "geometry": {"type": "Point", "coordinates": [2.2753147, 48.69414269]}, "properties": {"route": "D118", "pr": "7", "abs": 6859, "label": "D118 PR7+6859"}}, {"type": "Feature", "geometry": {"type": "Point", "coordinates": [2.30241968, 48.69840503]}, "properties": {"route": "D118", "pr": "9", "abs": 8776, "label": "D118 PR9+8776"}}, {"type": "Feature", "geometry": {"type": "Point", "coordinates": [2.52772422, 48.66747961]}, "properties": {"route": "D33", "pr": "6", "abs": 6438, "label": "D33 PR6+6438"}}, {"type": "Feature", "geometry": {"type": "Point", "coordinates": [2.50831933, 48.65353999]}, "properties": {"route": "D33", "pr": "4", "abs": 4305, "label": "D33 PR4+4305"}}, {"type": "Feature", "geometry": {"type": "Point", "coordinates": [2.50323337, 48.64370714]}, "properties": {"route": "D33", "pr": "3", "abs": 3143, "label": "D33 PR3+3143"}}, {"type": "Feature", "geometry": {"type": "Point", "coordinates": [2.53633443, 48.68471952]}, "properties": {"route": "D33", "pr": "8", "abs": 8730, "label": "D33 PR8+8730"}}, {"type": "Feature", "geometry": {"type": "Point", "coordinates": [2.51808687, 48.66052577]}, "properties": {"route": "D33", "pr": "5", "abs": 5369, "label": "D33 PR5+5369"}}, {"type": "Feature", "geometry": {"type": "Point", "coordinates": [2.31449643, 48.63833973]}, "properties": {"route": "D46", "pr": "4", "abs": 2697, "label": "D46 PR4+2697"}}, {"type": "Feature", "geometry": {"type": "Point", "coordinates": [2.28871845, 48.63472004]}, "properties": {"route": "D46", "pr": "2", "abs": 549, "label": "D46 PR2+549"}}, {"type": "Feature", "geometry": {"type": "Point", "coordinates": [2.30522322, 48.63561442]}, "properties": {"route": "D46", "pr": "3", "abs": 1904, "label": "D46 PR3+1904"}}, {"type": "Feature", "geometry": {"type": "Point", "coordinates": [2.3363725, 48.63224697]}, "properties": {"route": "D46", "pr": "6", "abs": 4705, "label": "D46 PR6+4705"}}, {"type": "Feature", "geometry": {"type": "Point", "coordinates": [2.327285, 48.63787471]}, "properties": {"route": "D46", "pr": "5", "abs": 3682, "label": "D46 PR5+3682"}}, {"type": "Feature", "geometry": {"type": "Point", "coordinates": [2.25329267, 48.45852385]}, "properties": {"route": "D248", "pr": "2", "abs": 1968, "label": "D248 PR2+1968"}}, {"type": "Feature", "geometry": {"type": "Point", "coordinates": [2.24971513, 48.46713082]}, "properties": {"route": "D248", "pr": "1", "abs": 968, "label": "D248 PR1+968"}}, {"type": "Feature", "geometry": {"type": "Point", "coordinates": [2.31875575, 48.66594866]}, "properties": {"route": "D186", "pr": "5", "abs": 4155, "label": "D186 PR5+4155"}}, {"type": "Feature", "geometry": {"type": "Point", "coordinates": [2.28805853, 48.66716801]}, "properties": {"route": "D186", "pr": "1", "abs": 800, "label": "D186 PR1+800"}}, {"type": "Feature", "geometry": {"type": "Point", "coordinates": [2.4163358, 48.48695905]}, "properties": {"route": "D87", "pr": "4", "abs": 4045, "label": "D87 PR4+4045"}}, {"type": "Feature", "geometry": {"type": "Point", "coordinates": [2.4038166, 48.4858506]}, "properties": {"route": "D87", "pr": "3", "abs": 3035, "label": "D87 PR3+3035"}}, {"type": "Feature", "geometry": {"type": "Point", "coordinates": [2.39136401, 48.48919704]}, "properties": {"route": "D87", "pr": "2", "abs": 2024, "label": "D87 PR2+2024"}}, {"type": "Feature", "geometry": {"type": "Point", "coordinates": [2.37897105, 48.49251458]}, "properties": {"route": "D87", "pr": "1", "abs": 1019, "label": "D87 PR1+1019"}}, {"type": "Feature", "geometry": {"type": "Point", "coordinates": [2.24456701, 48.59091447]}, "properties": {"route": "D152", "pr": "14", "abs": 12380, "label": "D152 PR14+12380"}}, {"type": "Feature", "geometry": {"type": "Point", "coordinates": [2.21826331, 48.58968672]}, "properties": {"route": "D152", "pr": "12", "abs": 10320, "label": "D152 PR12+10320"}}, {"type": "Feature", "geometry": {"type": "Point", "coordinates": [2.20656531, 48.59208584]}, "properties": {"route": "D152", "pr": "11", "abs": 9433, "label": "D152 PR11+9433"}}, {"type": "Feature", "geometry": {"type": "Point", "coordinates": [2.19462501, 48.59429595]}, "properties": {"route": "D152", "pr": "10", "abs": 8533, "label": "D152 PR10+8533"}}, {"type": "Feature", "geometry": {"type": "Point", "coordinates": [2.26319858, 48.59402141]}, "properties": {"route": "D152", "pr": "16", "abs": 14450, "label": "D152 PR16+14450"}}, {"type": "Feature", "geometry": {"type": "Point", "coordinates": [2.2524832, 48.58922738]}, "properties": {"route": "D152", "pr": "15", "abs": 13465, "label": "D152 PR15+13465"}}, {"type": "Feature", "geometry": {"type": "Point", "coordinates": [2.11084442, 48.63326524]}, "properties": {"route": "D152", "pr": "3", "abs": 1764, "label": "D152 PR3+1764"}}, {"type": "Feature", "geometry": {"type": "Point", "coordinates": [2.28565194, 48.59728424]}, "properties": {"route": "D152", "pr": "18", "abs": 16175, "label": "D152 PR18+16175"}}, {"type": "Feature", "geometry": {"type": "Point", "coordinates": [2.13908233, 48.60424599]}, "properties": {"route": "D152", "pr": "6", "abs": 4464, "label": "D152 PR6+4464"}}, {"type": "Feature", "geometry": {"type": "Point", "coordinates": [2.16398319, 48.59769467]}, "properties": {"route": "D152", "pr": "8", "abs": 6462, "label": "D152 PR8+6462"}}, {"type": "Feature", "geometry": {"type": "Point", "coordinates": [2.11765639, 48.62816955]}, "properties": {"route": "D152", "pr": "4", "abs": 2519, "label": "D152 PR4+2519"}}, {"type": "Feature", "geometry": {"type": "Point", "coordinates": [2.17567441, 48.59541753]}, "properties": {"route": "D152", "pr": "9", "abs": 7462, "label": "D152 PR9+7462"}}, {"type": "Feature", "geometry": {"type": "Point", "coordinates": [2.15201473, 48.60203681]}, "properties": {"route": "D152", "pr": "7", "abs": 5472, "label": "D152 PR7+5472"}}, {"type": "Feature", "geometry": {"type": "Point", "coordinates": [2.23206302, 48.59109892]}, "properties": {"route": "D152", "pr": "13", "abs": 11400, "label": "D152 PR13+11400"}}, {"type": "Feature", "geometry": {"type": "Point", "coordinates": [2.13179995, 48.6974192]}, "properties": {"route": "D95", "pr": "4", "abs": 4863, "label": "D95 PR4+4863"}}, {"type": "Feature", "geometry": {"type": "Point", "coordinates": [2.11821995, 48.71449366]}, "properties": {"route": "D95", "pr": "6", "abs": 7530, "label": "D95 PR6+7530"}}, {"type": "Feature", "geometry": {"type": "Point", "coordinates": [2.12655016, 48.70420897]}, "properties": {"route": "D95", "pr": "5", "abs": 6167, "label": "D95 PR5+6167"}}, {"type": "Feature", "geometry": {"type": "Point", "coordinates": [2.23151337, 48.73808128]}, "properties": {"route": "D60", "pr": "4", "abs": 4184, "label": "D60 PR4+4184"}}, {"type": "Feature", "geometry": {"type": "Point", "coordinates": [2.27119857, 48.73755213]}, "properties": {"route": "D60", "pr": "7", "abs": 7339, "label": "D60 PR7+7339"}}, {"type": "Feature", "geometry": {"type": "Point", "coordinates": [2.20429721, 48.73352529]}, "properties": {"route": "D60", "pr": "2", "abs": 2012, "label": "D60 PR2+2012"}}, {"type": "Feature", "geometry": {"type": "Point", "coordinates": [2.21762669, 48.73634417]}, "properties": {"route": "D60", "pr": "3", "abs": 3084, "label": "D60 PR3+3084"}}, {"type": "Feature", "geometry": {"type": "Point", "coordinates": [2.25795523, 48.73744806]}, "properties": {"route": "D60", "pr": "6", "abs": 6346, "label": "D60 PR6+6346"}}, {"type": "Feature", "geometry": {"type": "Point", "coordinates": [2.24440455, 48.73697089]}, "properties": {"route": "D60", "pr": "5", "abs": 5275, "label": "D60 PR5+5275"}}, {"type": "Feature", "geometry": {"type": "Point", "coordinates": [2.19112383, 48.73221977]}, "properties": {"route": "D60", "pr": "1", "abs": 1016, "label": "D60 PR1+1016"}}, {"type": "Feature", "geometry": {"type": "Point", "coordinates": [2.42964005, 48.58898116]}, "properties": {"route": "D26", "pr": "21", "abs": 5396, "label": "D26 PR21+5396 (G)"}}, {"type": "Feature", "geometry": {"type": "Point", "coordinates": [2.43618735, 48.59936884]}, "properties": {"route": "D26", "pr": "22", "abs": 6751, "label": "D26 PR22+6751 (G)"}}, {"type": "Feature", "geometry": {"type": "Point", "coordinates": [2.30523144, 48.64951209]}, "properties": {"route": "D25", "pr": "2", "abs": 2136, "label": "D25 PR2+2136"}}, {"type": "Feature", "geometry": {"type": "Point", "coordinates": [2.31298714, 48.65405643]}, "properties": {"route": "D25", "pr": "3", "abs": 2900, "label": "D25 PR3+2900"}}, {"type": "Feature", "geometry": {"type": "Point", "coordinates": [2.32027259, 48.65999359]}, "properties": {"route": "D25", "pr": "4", "abs": 3810, "label": "D25 PR4+3810"}}, {"type": "Feature", "geometry": {"type": "Point", "coordinates": [2.32600169, 48.6668048]}, "properties": {"route": "D25", "pr": "5", "abs": 4835, "label": "D25 PR5+4835"}}, {"type": "Feature", "geometry": {"type": "Point", "coordinates": [2.29246884, 48.64260963]}, "properties": {"route": "D25", "pr": "1", "abs": 831, "label": "D25 PR1+831"}}, {"type": "Feature", "geometry": {"type": "Point", "coordinates": [2.44143227, 48.53040753]}, "properties": {"route": "D74", "pr": "7", "abs": 6923, "label": "D74 PR7+6923"}}, {"type": "Feature", "geometry": {"type": "Point", "coordinates": [2.38911484, 48.52453311]}, "properties": {"route": "D74", "pr": "3", "abs": 2996, "label": "D74 PR3+2996"}}, {"type": "Feature", "geometry": {"type": "Point", "coordinates": [2.3624898, 48.52260039]}, "properties": {"route": "D74", "pr": "1", "abs": 1004, "label": "D74 PR1+1004"}}, {"type": "Feature", "geometry": {"type": "Point", "coordinates": [2.49345178, 48.52862637]}, "properties": {"route": "D74", "pr": "11", "abs": 10920, "label": "D74 PR11+10920"}}, {"type": "Feature", "geometry": {"type": "Point", "coordinates": [2.42845016, 48.53013892]}, "properties": {"route": "D74", "pr": "6", "abs": 5928, "label": "D74 PR6+5928"}}, {"type": "Feature", "geometry": {"type": "Point", "coordinates": [2.37502364, 48.52473784]}, "properties": {"route": "D74", "pr": "2", "abs": 2001, "label": "D74 PR2+2001"}}, {"type": "Feature", "geometry": {"type": "Point", "coordinates": [1.99859112, 48.3795658]}, "properties": {"route": "D160", "pr": "8", "abs": 8020, "label": "D160 PR8+8020"}}, {"type": "Feature", "geometry": {"type": "Point", "coordinates": [1.98966036, 48.37599898]}, "properties": {"route": "D160", "pr": "9", "abs": 9021, "label": "D160 PR9+9021"}}, {"type": "Feature", "geometry": {"type": "Point", "coordinates": [2.04815143, 48.41529299]}, "properties": {"route": "D160", "pr": "2", "abs": 2008, "label": "D160 PR2+2008"}}, {"type": "Feature", "geometry": {"type": "Point", "coordinates": [2.02764505, 48.39465969]}, "properties": {"route": "D160", "pr": "5", "abs": 5016, "label": "D160 PR5+5016"}}, {"type": "Feature", "geometry": {"type": "Point", "coordinates": [2.04045828, 48.40841743]}, "properties": {"route": "D160", "pr": "3", "abs": 3010, "label": "D160 PR3+3010"}}, {"type": "Feature", "geometry": {"type": "Point", "coordinates": [2.01101152, 48.38294156]}, "properties": {"route": "D160", "pr": "7", "abs": 7019, "label": "D160 PR7+7019"}}, {"type": "Feature", "geometry": {"type": "Point", "coordinates": [2.04240104, 48.68008668]}, "properties": {"route": "D41", "pr": "2", "abs": 2011, "label": "D41 PR2+2011"}}, {"type": "Feature", "geometry": {"type": "Point", "coordinates": [2.05046623, 48.67557259]}, "properties": {"route": "D41", "pr": "1", "abs": 1008, "label": "D41 PR1+1008"}}, {"type": "Feature", "geometry": {"type": "Point", "coordinates": [2.52665742, 48.68737272]}, "properties": {"route": "D94", "pr": "7", "abs": 7864, "label": "D94 PR7+7864"}}, {"type": "Feature", "geometry": {"type": "Point", "coordinates": [2.50096809, 48.71328583]}, "properties": {"route": "D94", "pr": "2", "abs": 2318, "label": "D94 PR2+2318"}}, {"type": "Feature", "geometry": {"type": "Point", "coordinates": [2.49935164, 48.72297331]}, "properties": {"route": "D94", "pr": "1", "abs": 1235, "label": "D94 PR1+1235"}}, {"type": "Feature", "geometry": {"type": "Point", "coordinates": [2.1697493, 48.64426893]}, "properties": {"route": "D24", "pr": "26", "abs": 12639, "label": "D24 PR26+12639"}}, {"type": "Feature", "geometry": {"type": "Point", "coordinates": [2.04057683, 48.64906226]}, "properties": {"route": "D24", "pr": "15", "abs": 1795, "label": "D24 PR15+1795"}}, {"type": "Feature", "geometry": {"type": "Point", "coordinates": [2.15636705, 48.64582738]}, "properties": {"route": "D24", "pr": "25", "abs": 11636, "label": "D24 PR25+11636"}}, {"type": "Feature", "geometry": {"type": "Point", "coordinates": [2.05234896, 48.64475856]}, "properties": {"route": "D24", "pr": "16", "abs": 2809, "label": "D24 PR16+2809"}}, {"type": "Feature", "geometry": {"type": "Point", "coordinates": [2.11025441, 48.64673605]}, "properties": {"route": "D24", "pr": "21", "abs": 7641, "label": "D24 PR21+7641"}}, {"type": "Feature", "geometry": {"type": "Point", "coordinates": [2.12112163, 48.64137806]}, "properties": {"route": "D24", "pr": "22", "abs": 8646, "label": "D24 PR22+8646"}}, {"type": "Feature", "geometry": {"type": "Point", "coordinates": [2.02972689, 48.65390213]}, "properties": {"route": "D24", "pr": "14", "abs": 776, "label": "D24 PR14+776"}}, {"type": "Feature", "geometry": {"type": "Point", "coordinates": [2.06502709, 48.64479125]}, "properties": {"route": "D24", "pr": "17", "abs": 3809, "label": "D24 PR17+3809"}}, {"type": "Feature", "geometry": {"type": "Point", "coordinates": [2.09932867, 48.64503209]}, "properties": {"route": "D24", "pr": "20", "abs": 6652, "label": "D24 PR20+6652"}}, {"type": "Feature", "geometry": {"type": "Point", "coordinates": [2.20324773, 48.64579386]}, "properties": {"route": "D24", "pr": "28", "abs": 14616, "label": "D24 PR28+14616"}}, {"type": "Feature", "geometry": {"type": "Point", "coordinates": [2.14640973, 48.64476158]}, "properties": {"route": "D24", "pr": "24", "abs": 10636, "label": "D24 PR24+10636"}}, {"type": "Feature", "geometry": {"type": "Point", "coordinates": [2.18333801, 48.64299645]}, "properties": {"route": "D24", "pr": "27", "abs": 13642, "label": "D24 PR27+13642"}}, {"type": "Feature", "geometry": {"type": "Point", "coordinates": [2.21665135, 48.64597269]}, "properties": {"route": "D24", "pr": "29", "abs": 15613, "label": "D24 PR29+15613"}}, {"type": "Feature", "geometry": {"type": "Point", "coordinates": [2.1339637, 48.64137405]}, "properties": {"route": "D24", "pr": "23", "abs": 9631, "label": "D24 PR23+9631"}}, {"type": "Feature", "geometry": {"type": "Point", "coordinates": [2.04791459, 48.56371229]}, "properties": {"route": "D27", "pr": "18", "abs": 2413, "label": "D27 PR18+2413"}}, {"type": "Feature", "geometry": {"type": "Point", "coordinates": [2.06098579, 48.56552455]}, "properties": {"route": "D27", "pr": "19", "abs": 3419, "label": "D27 PR19+3419"}}, {"type": "Feature", "geometry": {"type": "Point", "coordinates": [2.12379668, 48.57630141]}, "properties": {"route": "D27", "pr": "24", "abs": 8451, "label": "D27 PR24+8451"}}, {"type": "Feature", "geometry": {"type": "Point", "coordinates": [2.02552136, 48.57208537]}, "properties": {"route": "D27", "pr": "16", "abs": 404, "label": "D27 PR16+404"}}, {"type": "Feature", "geometry": {"type": "Point", "coordinates": [2.11043116, 48.57501748]}, "properties": {"route": "D27", "pr": "23", "abs": 7445, "label": "D27 PR23+7445"}}, {"type": "Feature", "geometry": {"type": "Point", "coordinates": [2.08673451, 48.57073399]}, "properties": {"route": "D27", "pr": "21", "abs": 5433, "label": "D27 PR21+5433"}}, {"type": "Feature", "geometry": {"type": "Point", "coordinates": [2.16277884, 48.58183116]}, "properties": {"route": "D27", "pr": "27", "abs": 11491, "label": "D27 PR27+11491"}}, {"type": "Feature", "geometry": {"type": "Point", "coordinates": [2.14980827, 48.58004528]}, "properties": {"route": "D27", "pr": "26", "abs": 10483, "label": "D27 PR26+10483"}}, {"type": "Feature", "geometry": {"type": "Point", "coordinates": [2.09739459, 48.57529173]}, "properties": {"route": "D27", "pr": "22", "abs": 6439, "label": "D27 PR22+6439"}}, {"type": "Feature", "geometry": {"type": "Point", "coordinates": [2.0354162, 48.56661361]}, "properties": {"route": "D27", "pr": "17", "abs": 1404, "label": "D27 PR17+1404"}}, {"type": "Feature", "geometry": {"type": "Point", "coordinates": [2.13724649, 48.57728039]}, "properties": {"route": "D27", "pr": "25", "abs": 9457, "label": "D27 PR25+9457"}}, {"type": "Feature", "geometry": {"type": "Point", "coordinates": [2.07406521, 48.56745866]}, "properties": {"route": "D27", "pr": "20", "abs": 4425, "label": "D27 PR20+4425"}}, {"type": "Feature", "geometry": {"type": "Point", "coordinates": [2.27645821, 48.72706407]}, "properties": {"route": "D120", "pr": "3", "abs": 2978, "label": "D120 PR3+2978"}}, {"type": "Feature", "geometry": {"type": "Point", "coordinates": [2.30877991, 48.71199624]}, "properties": {"route": "D120", "pr": "6", "abs": 5954, "label": "D120 PR6+5954"}}, {"type": "Feature", "geometry": {"type": "Point", "coordinates": [2.28768666, 48.72249039]}, "properties": {"route": "D120", "pr": "4", "abs": 3978, "label": "D120 PR4+3978"}}, {"type": "Feature", "geometry": {"type": "Point", "coordinates": [2.26711957, 48.73160424]}, "properties": {"route": "D120", "pr": "2", "abs": 1992, "label": "D120 PR2+1992"}}, {"type": "Feature", "geometry": {"type": "Point", "coordinates": [2.25580173, 48.73092438]}, "properties": {"route": "D120", "pr": "1", "abs": 996, "label": "D120 PR1+996"}}, {"type": "Feature", "geometry": {"type": "Point", "coordinates": [2.17140778, 48.39121608]}, "properties": {"route": "D721", "pr": "5", "abs": 4924, "label": "D721 PR5+4924"}}, {"type": "Feature", "geometry": {"type": "Point", "coordinates": [2.16757837, 48.35705445]}, "properties": {"route": "D721", "pr": "9", "abs": 8907, "label": "D721 PR9+8907"}}, {"type": "Feature", "geometry": {"type": "Point", "coordinates": [2.17469485, 48.39963063]}, "properties": {"route": "D721", "pr": "4", "abs": 3942, "label": "D721 PR4+3942"}}, {"type": "Feature", "geometry": {"type": "Point", "coordinates": [2.17806097, 48.40850083]}, "properties": {"route": "D721", "pr": "3", "abs": 2936, "label": "D721 PR3+2936"}}, {"type": "Feature", "geometry": {"type": "Point", "coordinates": [2.17552582, 48.34982392]}, "properties": {"route": "D721", "pr": "10", "abs": 9894, "label": "D721 PR10+9894"}}, {"type": "Feature", "geometry": {"type": "Point", "coordinates": [2.1631, 48.36531038]}, "properties": {"route": "D721", "pr": "8", "abs": 7907, "label": "D721 PR8+7907"}}, {"type": "Feature", "geometry": {"type": "Point", "coordinates": [2.16818412, 48.38278742]}, "properties": {"route": "D721", "pr": "6", "abs": 5907, "label": "D721 PR6+5907"}}, {"type": "Feature", "geometry": {"type": "Point", "coordinates": [2.17793152, 48.41729721]}, "properties": {"route": "D721", "pr": "2", "abs": 1950, "label": "D721 PR2+1950"}}, {"type": "Feature", "geometry": {"type": "Point", "coordinates": [2.18115057, 48.42599703]}, "properties": {"route": "D721", "pr": "1", "abs": 945, "label": "D721 PR1+945"}}, {"type": "Feature", "geometry": {"type": "Point", "coordinates": [2.18336145, 48.34270002]}, "properties": {"route": "D721", "pr": "11", "abs": 10887, "label": "D721 PR11+10887"}}, {"type": "Feature", "geometry": {"type": "Point", "coordinates": [2.19166585, 48.33514061]}, "properties": {"route": "D721", "pr": "12", "abs": 11947, "label": "D721 PR12+11947"}}, {"type": "Feature", "geometry": {"type": "Point", "coordinates": [2.00327084, 48.46496234]}, "properties": {"route": "D113", "pr": "5", "abs": 5016, "label": "D113 PR5+5016"}}, {"type": "Feature", "geometry": {"type": "Point", "coordinates": [1.99802355, 48.4053898]}, "properties": {"route": "D113", "pr": "12", "abs": 12067, "label": "D113 PR12+12067"}}, {"type": "Feature", "geometry": {"type": "Point", "coordinates": [1.98824515, 48.38877051]}, "properties": {"route": "D113", "pr": "14", "abs": 14085, "label": "D113 PR14+14085"}}, {"type": "Feature", "geometry": {"type": "Point", "coordinates": [2.01539594, 48.49477441]}, "properties": {"route": "D113", "pr": "1", "abs": 1000, "label": "D113 PR1+1000"}}, {"type": "Feature", "geometry": {"type": "Point", "coordinates": [2.00351351, 48.47912179]}, "properties": {"route": "D113", "pr": "3", "abs": 3002, "label": "D113 PR3+3002"}}, {"type": "Feature", "geometry": {"type": "Point", "coordinates": [2.00231237, 48.4135172]}, "properties": {"route": "D113", "pr": "11", "abs": 11107, "label": "D113 PR11+11107"}}, {"type": "Feature", "geometry": {"type": "Point", "coordinates": [2.00842846, 48.48720872]}, "properties": {"route": "D113", "pr": "2", "abs": 2002, "label": "D113 PR2+2002"}}, {"type": "Feature", "geometry": {"type": "Point", "coordinates": [1.99213505, 48.38055479]}, "properties": {"route": "D113", "pr": "15", "abs": 15067, "label": "D113 PR15+15067"}}, {"type": "Feature", "geometry": {"type": "Point", "coordinates": [2.00652053, 48.43134443]}, "properties": {"route": "D113", "pr": "9", "abs": 9024, "label": "D113 PR9+9024"}}, {"type": "Feature", "geometry": {"type": "Point", "coordinates": [2.00481991, 48.42248509]}, "properties": {"route": "D113", "pr": "10", "abs": 10027, "label": "D113 PR10+10027"}}, {"type": "Feature", "geometry": {"type": "Point", "coordinates": [2.0009386, 48.47214203]}, "properties": {"route": "D113", "pr": "4", "abs": 4004, "label": "D113 PR4+4004"}}, {"type": "Feature", "geometry": {"type": "Point", "coordinates": [2.00862564, 48.43972302]}, "properties": {"route": "D113", "pr": "8", "abs": 8020, "label": "D113 PR8+8020"}}, {"type": "Feature", "geometry": {"type": "Point", "coordinates": [1.99218775, 48.3974011]}, "properties": {"route": "D113", "pr": "13", "abs": 13066, "label": "D113 PR13+13066"}}, {"type": "Feature", "geometry": {"type": "Point", "coordinates": [2.00260985, 48.45610203]}, "properties": {"route": "D113", "pr": "6", "abs": 6020, "label": "D113 PR6+6020"}}, {"type": "Feature", "geometry": {"type": "Point", "coordinates": [2.48125201, 48.39820202]}, "properties": {"route": "D948", "pr": "18", "abs": 18052, "label": "D948 PR18+18052"}}, {"type": "Feature", "geometry": {"type": "Point", "coordinates": [2.46924577, 48.39936976]}, "properties": {"route": "D948", "pr": "20", "abs": 19133, "label": "D948 PR20+19133"}}, {"type": "Feature", "geometry": {"type": "Point", "coordinates": [2.46607199, 48.39299564]}, "properties": {"route": "D948", "pr": "21", "abs": 19898, "label": "D948 PR21+19898"}}, {"type": "Feature", "geometry": {"type": "Point", "coordinates": [2.48452035, 48.50815272]}, "properties": {"route": "D948", "pr": "7", "abs": 6975, "label": "D948 PR7+6975"}}, {"type": "Feature", "geometry": {"type": "Point", "coordinates": [2.49216248, 48.53309363]}, "properties": {"route": "D948", "pr": "4", "abs": 4011, "label": "D948 PR4+4011"}}, {"type": "Feature", "geometry": {"type": "Point", "coordinates": [2.4823767, 48.4994199]}, "properties": {"route": "D948", "pr": "8", "abs": 7957, "label": "D948 PR8+7957"}}, {"type": "Feature", "geometry": {"type": "Point", "coordinates": [2.45748517, 48.43298224]}, "properties": {"route": "D948", "pr": "16", "abs": 16061, "label": "D948 PR16+16061"}}, {"type": "Feature", "geometry": {"type": "Point", "coordinates": [2.47099929, 48.48304532]}, "properties": {"route": "D948", "pr": "10", "abs": 9991, "label": "D948 PR10+9991"}}, {"type": "Feature", "geometry": {"type": "Point", "coordinates": [2.47661592, 48.49151764]}, "properties": {"route": "D948", "pr": "9", "abs": 8946, "label": "D948 PR9+8946"}}, {"type": "Feature", "geometry": {"type": "Point", "coordinates": [2.47228637, 48.45745289]}, "properties": {"route": "D948", "pr": "13", "abs": 13027, "label": "D948 PR13+13027"}}, {"type": "Feature", "geometry": {"type": "Point", "coordinates": [2.46726984, 48.4490413]}, "properties": {"route": "D948", "pr": "14", "abs": 14039, "label": "D948 PR14+14039"}}, {"type": "Feature", "geometry": {"type": "Point", "coordinates": [2.47297119, 48.47452742]}, "properties": {"route": "D948", "pr": "11", "abs": 10989, "label": "D948 PR11+10989"}}, {"type": "Feature", "geometry": {"type": "Point", "coordinates": [2.46508885, 48.42696294]}, "properties": {"route": "D948", "pr": "17", "abs": 17057, "label": "D948 PR17+17057"}}, {"type": "Feature", "geometry": {"type": "Point", "coordinates": [2.48758327, 48.51642071]}, "properties": {"route": "D948", "pr": "6", "abs": 5988, "label": "D948 PR6+5988"}}, {"type": "Feature", "geometry": {"type": "Point", "coordinates": [2.47579543, 48.46593674]}, "properties": {"route": "D948", "pr": "12", "abs": 11999, "label": "D948 PR12+11999"}}, {"type": "Feature", "geometry": {"type": "Point", "coordinates": [2.47361126, 48.38571759]}, "properties": {"route": "D948", "pr": "22", "abs": 20878, "label": "D948 PR22+20878"}}, {"type": "Feature", "geometry": {"type": "Point", "coordinates": [2.48649695, 48.55048607]}, "properties": {"route": "D948", "pr": "2", "abs": 2021, "label": "D948 PR2+2021"}}, {"type": "Feature", "geometry": {"type": "Point", "coordinates": [2.49259656, 48.5244882]}, "properties": {"route": "D948", "pr": "5", "abs": 5000, "label": "D948 PR5+5000"}}, {"type": "Feature", "geometry": {"type": "Point", "coordinates": [2.48981675, 48.54183743]}, "properties": {"route": "D948", "pr": "3", "abs": 3023, "label": "D948 PR3+3023"}}, {"type": "Feature", "geometry": {"type": "Point", "coordinates": [2.46025505, 48.44142735]}, "properties": {"route": "D948", "pr": "15", "abs": 15049, "label": "D948 PR15+15049"}}, {"type": "Feature", "geometry": {"type": "Point", "coordinates": [2.20328907, 48.72117156]}, "properties": {"route": "D36", "pr": "4", "abs": 3882, "label": "D36 PR4+3882"}}, {"type": "Feature", "geometry": {"type": "Point", "coordinates": [2.16759072, 48.72858602]}, "properties": {"route": "D36", "pr": "7", "abs": 6750, "label": "D36 PR7+6750"}}, {"type": "Feature", "geometry": {"type": "Point", "coordinates": [2.21184313, 48.75645657]}, "properties": {"route": "D53", "pr": "4", "abs": 3043, "label": "D53 PR4+3043"}}, {"type": "Feature", "geometry": {"type": "Point", "coordinates": [2.20138221, 48.76080785]}, "properties": {"route": "D53", "pr": "3", "abs": 2077, "label": "D53 PR3+2077"}}, {"type": "Feature", "geometry": {"type": "Point", "coordinates": [2.19473993, 48.76675173]}, "properties": {"route": "D53", "pr": "2", "abs": 1024, "label": "D53 PR2+1024"}}, {"type": "Feature", "geometry": {"type": "Point", "coordinates": [2.46974388, 48.42768017]}, "properties": {"route": "D372", "pr": "18", "abs": 4003, "label": "D372 PR18+4003"}}, {"type": "Feature", "geometry": {"type": "Point", "coordinates": [2.49368229, 48.44820778]}, "properties": {"route": "D372", "pr": "15", "abs": 985, "label": "D372 PR15+985"}}, {"type": "Feature", "geometry": {"type": "Point", "coordinates": [2.48317874, 48.44299583]}, "properties": {"route": "D372", "pr": "16", "abs": 1981, "label": "D372 PR16+1981"}}, {"type": "Feature", "geometry": {"type": "Point", "coordinates": [2.46654191, 48.41924945]}, "properties": {"route": "D372", "pr": "19", "abs": 5001, "label": "D372 PR19+5001"}}, {"type": "Feature", "geometry": {"type": "Point", "coordinates": [2.32034067, 48.74138315]}, "properties": {"route": "D167", "pr": "8", "abs": 8740, "label": "D167 PR8+8740"}}, {"type": "Feature", "geometry": {"type": "Point", "coordinates": [2.32558427, 48.73319103]}, "properties": {"route": "D167", "pr": "7", "abs": 7745, "label": "D167 PR7+7745"}}, {"type": "Feature", "geometry": {"type": "Point", "coordinates": [2.31246137, 48.72257273]}, "properties": {"route": "D167", "pr": "5", "abs": 5784, "label": "D167 PR5+5784"}}, {"type": "Feature", "geometry": {"type": "Point", "coordinates": [2.33912255, 48.69055739]}, "properties": {"route": "D167", "pr": "2", "abs": 2095, "label": "D167 PR2+2095"}}, {"type": "Feature", "geometry": {"type": "Point", "coordinates": [2.00953012, 48.29347913]}, "properties": {"route": "D6", "pr": "4", "abs": 3558, "label": "D6 PR4+3558"}}, {"type": "Feature", "geometry": {"type": "Point", "coordinates": [2.00723035, 48.3018181]}, "properties": {"route": "D6", "pr": "3", "abs": 2558, "label": "D6 PR3+2558"}}, {"type": "Feature", "geometry": {"type": "Point", "coordinates": [2.01116691, 48.31022994]}, "properties": {"route": "D6", "pr": "2", "abs": 1558, "label": "D6 PR2+1558"}}, {"type": "Feature", "geometry": {"type": "Point", "coordinates": [2.00276361, 48.31450183]}, "properties": {"route": "D6", "pr": "1", "abs": 572, "label": "D6 PR1+572"}}, {"type": "Feature", "geometry": {"type": "Point", "coordinates": [2.47093645, 48.51411946]}, "properties": {"route": "D75", "pr": "2", "abs": 1988, "label": "D75 PR2+1988"}}, {"type": "Feature", "geometry": {"type": "Point", "coordinates": [2.46166709, 48.52056126]}, "properties": {"route": "D75", "pr": "1", "abs": 988, "label": "D75 PR1+988"}}, {"type": "Feature", "geometry": {"type": "Point", "coordinates": [2.47786338, 48.5066591]}, "properties": {"route": "D75", "pr": "3", "abs": 2978, "label": "D75 PR3+2978"}}, {"type": "Feature", "geometry": {"type": "Point", "coordinates": [2.39246624, 48.68813541]}, "properties": {"route": "D931", "pr": "1", "abs": 1210, "label": "D931 PR1+1210"}}, {"type": "Feature", "geometry": {"type": "Point", "coordinates": [2.38914065, 48.67603475]}, "properties": {"route": "D931", "pr": "3", "abs": 3025, "label": "D931 PR3+3025"}}, {"type": "Feature", "geometry": {"type": "Point", "coordinates": [2.2597008, 48.70697237]}, "properties": {"route": "D59", "pr": "7", "abs": 6549, "label": "D59 PR7+6549"}}, {"type": "Feature", "geometry": {"type": "Point", "coordinates": [2.25243755, 48.70092844]}, "properties": {"route": "D59", "pr": "6", "abs": 5606, "label": "D59 PR6+5606"}}, {"type": "Feature", "geometry": {"type": "Point", "coordinates": [2.22598706, 48.68430082]}, "properties": {"route": "D59", "pr": "3", "abs": 2825, "label": "D59 PR3+2825"}}, {"type": "Feature", "geometry": {"type": "Point", "coordinates": [2.22349795, 48.67143161]}, "properties": {"route": "D59", "pr": "1", "abs": 1010, "label": "D59 PR1+1010"}}, {"type": "Feature", "geometry": {"type": "Point", "coordinates": [2.27127806, 48.70924377]}, "properties": {"route": "D59", "pr": "8", "abs": 7528, "label": "D59 PR8+7528"}}, {"type": "Feature", "geometry": {"type": "Point", "coordinates": [2.27533822, 48.35328642]}, "properties": {"route": "D63", "pr": "11", "abs": 11026, "label": "D63 PR11+11026"}}, {"type": "Feature", "geometry": {"type": "Point", "coordinates": [2.25714321, 48.36349181]}, "properties": {"route": "D63", "pr": "9", "abs": 9026, "label": "D63 PR9+9026"}}, {"type": "Feature", "geometry": {"type": "Point", "coordinates": [2.3111522, 48.34227414]}, "properties": {"route": "D63", "pr": "14", "abs": 14026, "label": "D63 PR14+14026"}}, {"type": "Feature", "geometry": {"type": "Point", "coordinates": [2.32429031, 48.34314698]}, "properties": {"route": "D63", "pr": "15", "abs": 15027, "label": "D63 PR15+15027"}}, {"type": "Feature", "geometry": {"type": "Point", "coordinates": [2.24683573, 48.36926416]}, "properties": {"route": "D63", "pr": "8", "abs": 8035, "label": "D63 PR8+8035"}}, {"type": "Feature", "geometry": {"type": "Point", "coordinates": [2.22989066, 48.3828166]}, "properties": {"route": "D63", "pr": "6", "abs": 6025, "label": "D63 PR6+6025"}}, {"type": "Feature", "geometry": {"type": "Point", "coordinates": [2.26816933, 48.3583978]}, "properties": {"route": "D63", "pr": "10", "abs": 10026, "label": "D63 PR10+10026"}}, {"type": "Feature", "geometry": {"type": "Point", "coordinates": [2.33471646, 48.33853999]}, "properties": {"route": "D63", "pr": "16", "abs": 16028, "label": "D63 PR16+16028"}}, {"type": "Feature", "geometry": {"type": "Point", "coordinates": [2.19092953, 48.41738478]}, "properties": {"route": "D63", "pr": "1", "abs": 1028, "label": "D63 PR1+1028"}}, {"type": "Feature", "geometry": {"type": "Point", "coordinates": [2.28670911, 48.34945419]}, "properties": {"route": "D63", "pr": "12", "abs": 12026, "label": "D63 PR12+12026"}}, {"type": "Feature", "geometry": {"type": "Point", "coordinates": [2.22354666, 48.39040389]}, "properties": {"route": "D63", "pr": "5", "abs": 5034, "label": "D63 PR5+5034"}}, {"type": "Feature", "geometry": {"type": "Point", "coordinates": [2.29870164, 48.34533755]}, "properties": {"route": "D63", "pr": "13", "abs": 13026, "label": "D63 PR13+13026"}}, {"type": "Feature", "geometry": {"type": "Point", "coordinates": [2.21254888, 48.40684727]}, "properties": {"route": "D63", "pr": "3", "abs": 3032, "label": "D63 PR3+3032"}}, {"type": "Feature", "geometry": {"type": "Point", "coordinates": [2.23688532, 48.37530781]}, "properties": {"route": "D63", "pr": "7", "abs": 7034, "label": "D63 PR7+7034"}}, {"type": "Feature", "geometry": {"type": "Point", "coordinates": [2.34682561, 48.33495627]}, "properties": {"route": "D63", "pr": "17", "abs": 17028, "label": "D63 PR17+17028"}}, {"type": "Feature", "geometry": {"type": "Point", "coordinates": [2.27373455, 48.43134304]}, "properties": {"route": "D545", "pr": "1", "abs": 870, "label": "D545 PR1+870"}}, {"type": "Feature", "geometry": {"type": "Point", "coordinates": [2.21065787, 48.68612167]}, "properties": {"route": "D118", "pr": "2", "abs": 1656, "label": "D118 PR2+1656 (G)"}}, {"type": "Feature", "geometry": {"type": "Point", "coordinates": [2.21589086, 48.68557691]}, "properties": {"route": "D118", "pr": "3", "abs": 2033, "label": "D118 PR3+2033 (G)"}}, {"type": "Feature", "geometry": {"type": "Point", "coordinates": [2.23397801, 48.70429323]}, "properties": {"route": "D988", "pr": "5", "abs": 1997, "label": "D988 PR5+1997"}}, {"type": "Feature", "geometry": {"type": "Point", "coordinates": [2.07963697, 48.65685722]}, "properties": {"route": "D988", "pr": "18", "abs": 15098, "label": "D988 PR18+15098"}}, {"type": "Feature", "geometry": {"type": "Point", "coordinates": [2.14895494, 48.68398642]}, "properties": {"route": "D988", "pr": "12", "abs": 9059, "label": "D988 PR12+9059"}}, {"type": "Feature", "geometry": {"type": "Point", "coordinates": [2.06556924, 48.64225338]}, "properties": {"route": "D988", "pr": "20", "abs": 17123, "label": "D988 PR20+17123"}}, {"type": "Feature", "geometry": {"type": "Point", "coordinates": [2.05778872, 48.63493629]}, "properties": {"route": "D988", "pr": "21", "abs": 18129, "label": "D988 PR21+18129"}}, {"type": "Feature", "geometry": {"type": "Point", "coordinates": [2.0481626, 48.63035297]}, "properties": {"route": "D988", "pr": "22", "abs": 19130, "label": "D988 PR22+19130"}}, {"type": "Feature", "geometry": {"type": "Point", "coordinates": [2.1038832, 48.66499115]}, "properties": {"route": "D988", "pr": "16", "abs": 13083, "label": "D988 PR16+13083"}}, {"type": "Feature", "geometry": {"type": "Point", "coordinates": [2.24389129, 48.71043066]}, "properties": {"route": "D988", "pr": "4", "abs": 992, "label": "D988 PR4+992"}}, {"type": "Feature", "geometry": {"type": "Point", "coordinates": [2.11646882, 48.66853569]}, "properties": {"route": "D988", "pr": "15", "abs": 12046, "label": "D988 PR15+12046"}}, {"type": "Feature", "geometry": {"type": "Point", "coordinates": [2.22098873, 48.70193432]}, "properties": {"route": "D988", "pr": "6", "abs": 3023, "label": "D988 PR6+3023"}}, {"type": "Feature", "geometry": {"type": "Point", "coordinates": [2.20793917, 48.69896552]}, "properties": {"route": "D988", "pr": "7", "abs": 4083, "label": "D988 PR7+4083"}}, {"type": "Feature", "geometry": {"type": "Point", "coordinates": [2.0913442, 48.66128281]}, "properties": {"route": "D988", "pr": "17", "abs": 14092, "label": "D988 PR17+14092"}}, {"type": "Feature", "geometry": {"type": "Point", "coordinates": [2.19603793, 48.47458763]}, "properties": {"route": "D17", "pr": "5", "abs": 5009, "label": "D17 PR5+5009"}}, {"type": "Feature", "geometry": {"type": "Point", "coordinates": [2.23561604, 48.50856568]}, "properties": {"route": "D17", "pr": "10", "abs": 10010, "label": "D17 PR10+10010"}}, {"type": "Feature", "geometry": {"type": "Point", "coordinates": [2.37302486, 48.53809263]}, "properties": {"route": "D17", "pr": "21", "abs": 21215, "label": "D17 PR21+21215"}}, {"type": "Feature", "geometry": {"type": "Point", "coordinates": [2.38053104, 48.53888853]}, "properties": {"route": "D17", "pr": "22", "abs": 22180, "label": "D17 PR22+22180"}}, {"type": "Feature", "geometry": {"type": "Point", "coordinates": [2.29899018, 48.53364358]}, "properties": {"route": "D17", "pr": "16", "abs": 16478, "label": "D17 PR16+16478"}}, {"type": "Feature", "geometry": {"type": "Point", "coordinates": [2.28207471, 48.5183995]}, "properties": {"route": "D17", "pr": "14", "abs": 14001, "label": "D17 PR14+14001"}}, {"type": "Feature", "geometry": {"type": "Point", "coordinates": [2.22732271, 48.50162267]}, "properties": {"route": "D17", "pr": "9", "abs": 9007, "label": "D17 PR9+9007"}}, {"type": "Feature", "geometry": {"type": "Point", "coordinates": [2.18696346, 48.44852729]}, "properties": {"route": "D17", "pr": "2", "abs": 2003, "label": "D17 PR2+2003"}}, {"type": "Feature", "geometry": {"type": "Point", "coordinates": [2.29534811, 48.51890355]}, "properties": {"route": "D17", "pr": "15", "abs": 15000, "label": "D17 PR15+15000"}}, {"type": "Feature", "geometry": {"type": "Point", "coordinates": [2.18028719, 48.44079002]}, "properties": {"route": "D17", "pr": "1", "abs": 1000, "label": "D17 PR1+1000"}}, {"type": "Feature", "geometry": {"type": "Point", "coordinates": [2.21187212, 48.48759296]}, "properties": {"route": "D17", "pr": "7", "abs": 7006, "label": "D17 PR7+7006"}}, {"type": "Feature", "geometry": {"type": "Point", "coordinates": [2.34583854, 48.54014208]}, "properties": {"route": "D17", "pr": "19", "abs": 19171, "label": "D17 PR19+19171"}}, {"type": "Feature", "geometry": {"type": "Point", "coordinates": [2.19132595, 48.45680079]}, "properties": {"route": "D17", "pr": "3", "abs": 3003, "label": "D17 PR3+3003"}}, {"type": "Feature", "geometry": {"type": "Point", "coordinates": [2.35898381, 48.53998518]}, "properties": {"route": "D17", "pr": "20", "abs": 20198, "label": "D17 PR20+20198"}}, {"type": "Feature", "geometry": {"type": "Point", "coordinates": [2.24715456, 48.51268046]}, "properties": {"route": "D17", "pr": "11", "abs": 11020, "label": "D17 PR11+11020"}}, {"type": "Feature", "geometry": {"type": "Point", "coordinates": [2.25986348, 48.51401166]}, "properties": {"route": "D17", "pr": "12", "abs": 12012, "label": "D17 PR12+12012"}}, {"type": "Feature", "geometry": {"type": "Point", "coordinates": [2.19386371, 48.46567976]}, "properties": {"route": "D17", "pr": "4", "abs": 4008, "label": "D17 PR4+4008"}}, {"type": "Feature", "geometry": {"type": "Point", "coordinates": [2.27055247, 48.51915969]}, "properties": {"route": "D17", "pr": "13", "abs": 13023, "label": "D17 PR13+13023"}}, {"type": "Feature", "geometry": {"type": "Point", "coordinates": [2.36990631, 48.65196027]}, "properties": {"route": "D445", "pr": "3", "abs": 2086, "label": "D445 PR3+2086 (G)"}}, {"type": "Feature", "geometry": {"type": "Point", "coordinates": [2.4174834, 48.48976521]}, "properties": {"route": "D153", "pr": "15", "abs": 14593, "label": "D153 PR15+14593"}}, {"type": "Feature", "geometry": {"type": "Point", "coordinates": [2.43900177, 48.54566028]}, "properties": {"route": "D153", "pr": "22", "abs": 21484, "label": "D153 PR22+21484"}}, {"type": "Feature", "geometry": {"type": "Point", "coordinates": [2.42250339, 48.47350554]}, "properties": {"route": "D153", "pr": "13", "abs": 13084, "label": "D153 PR13+13084"}}, {"type": "Feature", "geometry": {"type": "Point", "coordinates": [2.43552573, 48.6003552]}, "properties": {"route": "D153", "pr": "28", "abs": 28299, "label": "D153 PR28+28299"}}, {"type": "Feature", "geometry": {"type": "Point", "coordinates": [2.42804195, 48.60494852]}, "properties": {"route": "D153", "pr": "29", "abs": 29085, "label": "D153 PR29+29085"}}, {"type": "Feature", "geometry": {"type": "Point", "coordinates": [2.39984712, 48.45214002]}, "properties": {"route": "D153", "pr": "10", "abs": 10040, "label": "D153 PR10+10040"}}, {"type": "Feature", "geometry": {"type": "Point", "coordinates": [2.30930856, 48.4255915]}, "properties": {"route": "D153", "pr": "2", "abs": 1996, "label": "D153 PR2+1996"}}, {"type": "Feature", "geometry": {"type": "Point", "coordinates": [2.42334512, 48.48211281]}, "properties": {"route": "D153", "pr": "14", "abs": 13587, "label": "D153 PR14+13587"}}, {"type": "Feature", "geometry": {"type": "Point", "coordinates": [2.43691418, 48.5548495]}, "properties": {"route": "D153", "pr": "23", "abs": 22521, "label": "D153 PR23+22521"}}, {"type": "Feature", "geometry": {"type": "Point", "coordinates": [2.43421587, 48.57685271]}, "properties": {"route": "D153", "pr": "26", "abs": 26415, "label": "D153 PR26+26415"}}, {"type": "Feature", "geometry": {"type": "Point", "coordinates": [2.40930888, 48.45873871]}, "properties": {"route": "D153", "pr": "11", "abs": 11067, "label": "D153 PR11+11067"}}, {"type": "Feature", "geometry": {"type": "Point", "coordinates": [2.32273934, 48.42550789]}, "properties": {"route": "D153", "pr": "3", "abs": 2997, "label": "D153 PR3+2997"}}, {"type": "Feature", "geometry": {"type": "Point", "coordinates": [2.29804769, 48.4291871]}, "properties": {"route": "D153", "pr": "1", "abs": 997, "label": "D153 PR1+997"}}, {"type": "Feature", "geometry": {"type": "Point", "coordinates": [2.42826272, 48.51366275]}, "properties": {"route": "D153", "pr": "18", "abs": 17585, "label": "D153 PR18+17585"}}, {"type": "Feature", "geometry": {"type": "Point", "coordinates": [2.41672976, 48.46563248]}, "properties": {"route": "D153", "pr": "12", "abs": 12073, "label": "D153 PR12+12073"}}, {"type": "Feature", "geometry": {"type": "Point", "coordinates": [2.43522499, 48.51970448]}, "properties": {"route": "D153", "pr": "19", "abs": 18569, "label": "D153 PR19+18569"}}, {"type": "Feature", "geometry": {"type": "Point", "coordinates": [2.43523058, 48.5821973]}, "properties": {"route": "D153", "pr": "27", "abs": 27431, "label": "D153 PR27+27431"}}, {"type": "Feature", "geometry": {"type": "Point", "coordinates": [2.42135418, 48.49712413]}, "properties": {"route": "D153", "pr": "16", "abs": 15601, "label": "D153 PR16+15601"}}, {"type": "Feature", "geometry": {"type": "Point", "coordinates": [2.35981482, 48.43341493]}, "properties": {"route": "D153", "pr": "6", "abs": 6027, "label": "D153 PR6+6027"}}, {"type": "Feature", "geometry": {"type": "Point", "coordinates": [2.34645564, 48.43237136]}, "properties": {"route": "D153", "pr": "5", "abs": 5010, "label": "D153 PR5+5010"}}, {"type": "Feature", "geometry": {"type": "Point", "coordinates": [2.37316479, 48.43368773]}, "properties": {"route": "D153", "pr": "7", "abs": 7036, "label": "D153 PR7+7036"}}, {"type": "Feature", "geometry": {"type": "Point", "coordinates": [2.3339144, 48.42901781]}, "properties": {"route": "D153", "pr": "4", "abs": 4002, "label": "D153 PR4+4002"}}, {"type": "Feature", "geometry": {"type": "Point", "coordinates": [2.3815835, 48.44034353]}, "properties": {"route": "D153", "pr": "8", "abs": 8041, "label": "D153 PR8+8041"}}, {"type": "Feature", "geometry": {"type": "Point", "coordinates": [2.42737894, 48.50519138]}, "properties": {"route": "D153", "pr": "17", "abs": 16624, "label": "D153 PR17+16624"}}, {"type": "Feature", "geometry": {"type": "Point", "coordinates": [2.43731734, 48.52852596]}, "properties": {"route": "D153", "pr": "20", "abs": 19577, "label": "D153 PR20+19577"}}, {"type": "Feature", "geometry": {"type": "Point", "coordinates": [2.39245336, 48.44536129]}, "properties": {"route": "D153", "pr": "9", "abs": 9050, "label": "D153 PR9+9050"}}, {"type": "Feature", "geometry": {"type": "Point", "coordinates": [1.91880995, 48.46643649]}, "properties": {"route": "D115", "pr": "1", "abs": 1008, "label": "D115 PR1+1008"}}, {"type": "Feature", "geometry": {"type": "Point", "coordinates": [2.09866599, 48.32404279]}, "properties": {"route": "D491", "pr": "4", "abs": 3980, "label": "D491 PR4+3980"}}, {"type": "Feature", "geometry": {"type": "Point", "coordinates": [2.1126476, 48.34694116]}, "properties": {"route": "D491", "pr": "1", "abs": 995, "label": "D491 PR1+995"}}, {"type": "Feature", "geometry": {"type": "Point", "coordinates": [2.10357919, 48.33112797]}, "properties": {"route": "D491", "pr": "3", "abs": 2984, "label": "D491 PR3+2984"}}, {"type": "Feature", "geometry": {"type": "Point", "coordinates": [2.1071358, 48.33910424]}, "properties": {"route": "D491", "pr": "2", "abs": 1990, "label": "D491 PR2+1990"}}, {"type": "Feature", "geometry": {"type": "Point", "coordinates": [2.16332718, 48.35985508]}, "properties": {"route": "D145", "pr": "15", "abs": 14036, "label": "D145 PR15+14036"}}, {"type": "Feature", "geometry": {"type": "Point", "coordinates": [2.08558297, 48.3150266]}, "properties": {"route": "D145", "pr": "7", "abs": 6047, "label": "D145 PR7+6047"}}, {"type": "Feature", "geometry": {"type": "Point", "coordinates": [2.23326172, 48.38607473]}, "properties": {"route": "D145", "pr": "21", "abs": 20034, "label": "D145 PR21+20034"}}, {"type": "Feature", "geometry": {"type": "Point", "coordinates": [2.11597912, 48.32964571]}, "properties": {"route": "D145", "pr": "10", "abs": 9036, "label": "D145 PR10+9036"}}, {"type": "Feature", "geometry": {"type": "Point", "coordinates": [2.10490242, 48.3248873]}, "properties": {"route": "D145", "pr": "9", "abs": 8039, "label": "D145 PR9+8039"}}, {"type": "Feature", "geometry": {"type": "Point", "coordinates": [2.31006651, 48.45167102]}, "properties": {"route": "D145", "pr": "31", "abs": 30019, "label": "D145 PR31+30019"}}, {"type": "Feature", "geometry": {"type": "Point", "coordinates": [2.3009283, 48.44505361]}, "properties": {"route": "D145", "pr": "30", "abs": 29013, "label": "D145 PR30+29013"}}, {"type": "Feature", "geometry": {"type": "Point", "coordinates": [2.09971008, 48.31837137]}, "properties": {"route": "D145", "pr": "8", "abs": 7044, "label": "D145 PR8+7044"}}, {"type": "Feature", "geometry": {"type": "Point", "coordinates": [2.29144927, 48.43851348]}, "properties": {"route": "D145", "pr": "29", "abs": 28008, "label": "D145 PR29+28008"}}, {"type": "Feature", "geometry": {"type": "Point", "coordinates": [2.1341394, 48.3445971]}, "properties": {"route": "D145", "pr": "12", "abs": 11041, "label": "D145 PR12+11041"}}, {"type": "Feature", "geometry": {"type": "Point", "coordinates": [2.28393444, 48.4222355]}, "properties": {"route": "D145", "pr": "27", "abs": 26010, "label": "D145 PR27+26010"}}, {"type": "Feature", "geometry": {"type": "Point", "coordinates": [2.33457868, 48.47231939]}, "properties": {"route": "D145", "pr": "34", "abs": 33044, "label": "D145 PR34+33044"}}, {"type": "Feature", "geometry": {"type": "Point", "coordinates": [2.07376326, 48.31135178]}, "properties": {"route": "D145", "pr": "6", "abs": 5042, "label": "D145 PR6+5042"}}, {"type": "Feature", "geometry": {"type": "Point", "coordinates": [2.03814038, 48.3087966]}, "properties": {"route": "D145", "pr": "3", "abs": 2047, "label": "D145 PR3+2047"}}, {"type": "Feature", "geometry": {"type": "Point", "coordinates": [2.27928272, 48.41409846]}, "properties": {"route": "D145", "pr": "26", "abs": 25015, "label": "D145 PR26+25015"}}, {"type": "Feature", "geometry": {"type": "Point", "coordinates": [2.14263425, 48.35123876]}, "properties": {"route": "D145", "pr": "13", "abs": 12037, "label": "D145 PR13+12037"}}, {"type": "Feature", "geometry": {"type": "Point", "coordinates": [2.05063663, 48.30537932]}, "properties": {"route": "D145", "pr": "4", "abs": 3047, "label": "D145 PR4+3047"}}, {"type": "Feature", "geometry": {"type": "Point", "coordinates": [2.18678046, 48.36827433]}, "properties": {"route": "D145", "pr": "17", "abs": 16006, "label": "D145 PR17+16006"}}, {"type": "Feature", "geometry": {"type": "Point", "coordinates": [2.24399265, 48.38988914]}, "properties": {"route": "D145", "pr": "22", "abs": 21011, "label": "D145 PR22+21011"}}, {"type": "Feature", "geometry": {"type": "Point", "coordinates": [2.01218286, 48.31230165]}, "properties": {"route": "D145", "pr": "1", "abs": 50, "label": "D145 PR1+50"}}, {"type": "Feature", "geometry": {"type": "Point", "coordinates": [2.32106552, 48.45692456]}, "properties": {"route": "D145", "pr": "32", "abs": 31027, "label": "D145 PR32+31027"}}, {"type": "Feature", "geometry": {"type": "Point", "coordinates": [2.32763024, 48.46468543]}, "properties": {"route": "D145", "pr": "33", "abs": 32036, "label": "D145 PR33+32036"}}, {"type": "Feature", "geometry": {"type": "Point", "coordinates": [2.02509586, 48.31026361]}, "properties": {"route": "D145", "pr": "2", "abs": 1050, "label": "D145 PR2+1050"}}, {"type": "Feature", "geometry": {"type": "Point", "coordinates": [2.2197942, 48.38292062]}, "properties": {"route": "D145", "pr": "20", "abs": 19001, "label": "D145 PR20+19001"}}, {"type": "Feature", "geometry": {"type": "Point", "coordinates": [2.19787414, 48.37308431]}, "properties": {"route": "D145", "pr": "18", "abs": 17010, "label": "D145 PR18+17010"}}, {"type": "Feature", "geometry": {"type": "Point", "coordinates": [2.17530704, 48.363269]}, "properties": {"route": "D145", "pr": "16", "abs": 15001, "label": "D145 PR16+15001"}}, {"type": "Feature", "geometry": {"type": "Point", "coordinates": [2.28497889, 48.43090841]}, "properties": {"route": "D145", "pr": "28", "abs": 27002, "label": "D145 PR28+27002"}}, {"type": "Feature", "geometry": {"type": "Point", "coordinates": [2.20896037, 48.37798494]}, "properties": {"route": "D145", "pr": "19", "abs": 18008, "label": "D145 PR19+18008"}}, {"type": "Feature", "geometry": {"type": "Point", "coordinates": [2.12621873, 48.33763961]}, "properties": {"route": "D145", "pr": "11", "abs": 10043, "label": "D145 PR11+10043"}}, {"type": "Feature", "geometry": {"type": "Point", "coordinates": [2.15198899, 48.35583991]}, "properties": {"route": "D145", "pr": "14", "abs": 13039, "label": "D145 PR14+13039"}}, {"type": "Feature", "geometry": {"type": "Point", "coordinates": [2.06223945, 48.30660285]}, "properties": {"route": "D145", "pr": "5", "abs": 4044, "label": "D145 PR5+4044"}}, {"type": "Feature", "geometry": {"type": "Point", "coordinates": [2.22868094, 48.73632166]}, "properties": {"route": "D444", "pr": "2", "abs": 2132, "label": "D444 PR2+2132"}}, {"type": "Feature", "geometry": {"type": "Point", "coordinates": [2.23938783, 48.73129762]}, "properties": {"route": "D444", "pr": "1", "abs": 1139, "label": "D444 PR1+1139"}}, {"type": "Feature", "geometry": {"type": "Point", "coordinates": [2.43536136, 48.46413559]}, "properties": {"route": "D90", "pr": "2", "abs": 2007, "label": "D90 PR2+2007"}}, {"type": "Feature", "geometry": {"type": "Point", "coordinates": [2.42732946, 48.46941128]}, "properties": {"route": "D90", "pr": "1", "abs": 990, "label": "D90 PR1+990"}}, {"type": "Feature", "geometry": {"type": "Point", "coordinates": [2.44751854, 48.46180424]}, "properties": {"route": "D90", "pr": "3", "abs": 3013, "label": "D90 PR3+3013"}}, {"type": "Feature", "geometry": {"type": "Point", "coordinates": [2.47163637, 48.45430215]}, "properties": {"route": "D90", "pr": "5", "abs": 5032, "label": "D90 PR5+5032"}}, {"type": "Feature", "geometry": {"type": "Point", "coordinates": [2.48312284, 48.4508765]}, "properties": {"route": "D90", "pr": "6", "abs": 6035, "label": "D90 PR6+6035"}}, {"type": "Feature", "geometry": {"type": "Point", "coordinates": [2.45954375, 48.45799563]}, "properties": {"route": "D90", "pr": "4", "abs": 4020, "label": "D90 PR4+4020"}}, {"type": "Feature", "geometry": {"type": "Point", "coordinates": [2.3553516, 48.47289999]}, "properties": {"route": "D105", "pr": "1", "abs": 1000, "label": "D105 PR1+1000"}}, {"type": "Feature", "geometry": {"type": "Point", "coordinates": [2.35275201, 48.46427266]}, "properties": {"route": "D105", "pr": "2", "abs": 2005, "label": "D105 PR2+2005"}}, {"type": "Feature", "geometry": {"type": "Point", "coordinates": [2.35780279, 48.45633909]}, "properties": {"route": "D105", "pr": "3", "abs": 3013, "label": "D105 PR3+3013"}}, {"type": "Feature", "geometry": {"type": "Point", "coordinates": [2.36637808, 48.45015867]}, "properties": {"route": "D105", "pr": "4", "abs": 4023, "label": "D105 PR4+4023"}}, {"type": "Feature", "geometry": {"type": "Point", "coordinates": [2.37363133, 48.43787364]}, "properties": {"route": "D105", "pr": "6", "abs": 6033, "label": "D105 PR6+6033"}}, {"type": "Feature", "geometry": {"type": "Point", "coordinates": [2.44550083, 48.40974597]}, "properties": {"route": "D105", "pr": "13", "abs": 13097, "label": "D105 PR13+13097"}}, {"type": "Feature", "geometry": {"type": "Point", "coordinates": [2.40335721, 48.42673243]}, "properties": {"route": "D105", "pr": "9", "abs": 9099, "label": "D105 PR9+9099"}}, {"type": "Feature", "geometry": {"type": "Point", "coordinates": [2.4337112, 48.41406719]}, "properties": {"route": "D105", "pr": "12", "abs": 12093, "label": "D105 PR12+12093"}}, {"type": "Feature", "geometry": {"type": "Point", "coordinates": [2.41486738, 48.42541326]}, "properties": {"route": "D105", "pr": "10", "abs": 10103, "label": "D105 PR10+10103"}}, {"type": "Feature", "geometry": {"type": "Point", "coordinates": [2.39016076, 48.42525465]}, "properties": {"route": "D105", "pr": "8", "abs": 8091, "label": "D105 PR8+8091"}}, {"type": "Feature", "geometry": {"type": "Point", "coordinates": [2.36279476, 48.44231426]}, "properties": {"route": "D105", "pr": "5", "abs": 5023, "label": "D105 PR5+5023"}}, {"type": "Feature", "geometry": {"type": "Point", "coordinates": [2.38135197, 48.43083917]}, "properties": {"route": "D105", "pr": "7", "abs": 7041, "label": "D105 PR7+7041"}}, {"type": "Feature", "geometry": {"type": "Point", "coordinates": [2.4261145, 48.42077193]}, "properties": {"route": "D105", "pr": "11", "abs": 11093, "label": "D105 PR11+11093"}}, {"type": "Feature", "geometry": {"type": "Point", "coordinates": [2.50352479, 48.6966826]}, "properties": {"route": "D54", "pr": "2", "abs": 1975, "label": "D54 PR2+1975"}}, {"type": "Feature", "geometry": {"type": "Point", "coordinates": [2.50781346, 48.70038278]}, "properties": {"route": "D54", "pr": "3", "abs": 2700, "label": "D54 PR3+2700"}}, {"type": "Feature", "geometry": {"type": "Point", "coordinates": [2.49613384, 48.69069894]}, "properties": {"route": "D54", "pr": "1", "abs": 972, "label": "D54 PR1+972"}}, {"type": "Feature", "geometry": {"type": "Point", "coordinates": [2.51742354, 48.70637646]}, "properties": {"route": "D54", "pr": "4", "abs": 3694, "label": "D54 PR4+3694"}}, {"type": "Feature", "geometry": {"type": "Point", "coordinates": [2.0404769, 48.34675911]}, "properties": {"route": "D18", "pr": "5", "abs": 4984, "label": "D18 PR5+4984"}}, {"type": "Feature", "geometry": {"type": "Point", "coordinates": [2.11563305, 48.30678891]}, "properties": {"route": "D18", "pr": "13", "abs": 12986, "label": "D18 PR13+12986"}}, {"type": "Feature", "geometry": {"type": "Point", "coordinates": [1.98801903, 48.34892289]}, "properties": {"route": "D18", "pr": "1", "abs": 990, "label": "D18 PR1+990"}}, {"type": "Feature", "geometry": {"type": "Point", "coordinates": [2.02721175, 48.3474616]}, "properties": {"route": "D18", "pr": "4", "abs": 3989, "label": "D18 PR4+3989"}}, {"type": "Feature", "geometry": {"type": "Point", "coordinates": [2.07377006, 48.32300756]}, "properties": {"route": "D18", "pr": "9", "abs": 8984, "label": "D18 PR9+8984"}}, {"type": "Feature", "geometry": {"type": "Point", "coordinates": [2.10747011, 48.31333651]}, "properties": {"route": "D18", "pr": "12", "abs": 11969, "label": "D18 PR12+11969"}}, {"type": "Feature", "geometry": {"type": "Point", "coordinates": [2.00064836, 48.34798998]}, "properties": {"route": "D18", "pr": "2", "abs": 1988, "label": "D18 PR2+1988"}}, {"type": "Feature", "geometry": {"type": "Point", "coordinates": [2.12788628, 48.30377919]}, "properties": {"route": "D18", "pr": "14", "abs": 13989, "label": "D18 PR14+13989"}}, {"type": "Feature", "geometry": {"type": "Point", "coordinates": [2.05949749, 48.33825144]}, "properties": {"route": "D18", "pr": "7", "abs": 6981, "label": "D18 PR7+6981"}}, {"type": "Feature", "geometry": {"type": "Point", "coordinates": [2.0138922, 48.34751702]}, "properties": {"route": "D18", "pr": "3", "abs": 2988, "label": "D18 PR3+2988"}}, {"type": "Feature", "geometry": {"type": "Point", "coordinates": [2.05240295, 48.34589328]}, "properties": {"route": "D18", "pr": "6", "abs": 5981, "label": "D18 PR6+5981"}}, {"type": "Feature", "geometry": {"type": "Point", "coordinates": [2.13652411, 48.29919336]}, "properties": {"route": "D18", "pr": "15", "abs": 14985, "label": "D18 PR15+14985"}}, {"type": "Feature", "geometry": {"type": "Point", "coordinates": [2.09695029, 48.31677755]}, "properties": {"route": "D18", "pr": "11", "abs": 10971, "label": "D18 PR11+10971"}}, {"type": "Feature", "geometry": {"type": "Point", "coordinates": [2.08522405, 48.32008057]}, "properties": {"route": "D18", "pr": "10", "abs": 9971, "label": "D18 PR10+9971"}}, {"type": "Feature", "geometry": {"type": "Point", "coordinates": [2.06658805, 48.33064152]}, "properties": {"route": "D18", "pr": "8", "abs": 7981, "label": "D18 PR8+7981"}}, {"type": "Feature", "geometry": {"type": "Point", "coordinates": [2.08169247, 48.43811568]}, "properties": {"route": "D821", "pr": "1", "abs": 1000, "label": "D821 PR1+1000"}}, {"type": "Feature", "geometry": {"type": "Point", "coordinates": [2.10320341, 48.44745703]}, "properties": {"route": "D821", "pr": "3", "abs": 3000, "label": "D821 PR3+3000"}}, {"type": "Feature", "geometry": {"type": "Point", "coordinates": [2.09166972, 48.44335761]}, "properties": {"route": "D821", "pr": "2", "abs": 2000, "label": "D821 PR2+2000"}}, {"type": "Feature", "geometry": {"type": "Point", "coordinates": [2.43180462, 48.6248156]}, "properties": {"route": "D93", "pr": "3", "abs": 2264, "label": "D93 PR3+2264 (D)"}}, {"type": "Feature", "geometry": {"type": "Point", "coordinates": [2.44928206, 48.63119073]}, "properties": {"route": "D93", "pr": "1", "abs": 1114, "label": "D93 PR1+1114 (D)"}}, {"type": "Feature", "geometry": {"type": "Point", "coordinates": [2.26990097, 48.7089754]}, "properties": {"route": "D117", "pr": "9", "abs": 6052, "label": "D117 PR9+6052"}}, {"type": "Feature", "geometry": {"type": "Point", "coordinates": [2.28294675, 48.70284453]}, "properties": {"route": "D117", "pr": "10", "abs": 7245, "label": "D117 PR10+7245"}}, {"type": "Feature", "geometry": {"type": "Point", "coordinates": [2.30443929, 48.57716431]}, "properties": {"route": "D117", "pr": "26", "abs": 19854, "label": "D117 PR26+19854"}}, {"type": "Feature", "geometry": {"type": "Point", "coordinates": [2.23764239, 48.73574241]}, "properties": {"route": "D117", "pr": "5", "abs": 1921, "label": "D117 PR5+1921"}}, {"type": "Feature", "geometry": {"type": "Point", "coordinates": [2.33039141, 48.57022276]}, "properties": {"route": "D117", "pr": "28", "abs": 22006, "label": "D117 PR28+22006"}}, {"type": "Feature", "geometry": {"type": "Point", "coordinates": [2.20426359, 48.75260074]}, "properties": {"route": "D117", "pr": "4", "abs": 1046, "label": "D117 PR4+1046"}}, {"type": "Feature", "geometry": {"type": "Point", "coordinates": [2.24896233, 48.71987928]}, "properties": {"route": "D117", "pr": "7", "abs": 4051, "label": "D117 PR7+4051"}}, {"type": "Feature", "geometry": {"type": "Point", "coordinates": [2.31007436, 48.68323565]}, "properties": {"route": "D117", "pr": "13", "abs": 10502, "label": "D117 PR13+10502"}}, {"type": "Feature", "geometry": {"type": "Point", "coordinates": [2.3006441, 48.68984594]}, "properties": {"route": "D117", "pr": "12", "abs": 9504, "label": "D117 PR12+9504"}}, {"type": "Feature", "geometry": {"type": "Point", "coordinates": [2.31819415, 48.5557872]}, "properties": {"route": "D117", "pr": "29", "abs": 23051, "label": "D117 PR29+23051"}}, {"type": "Feature", "geometry": {"type": "Point", "coordinates": [2.32956399, 48.61084487]}, "properties": {"route": "D117", "pr": "23", "abs": 18139, "label": "D117 PR23+18139"}}, {"type": "Feature", "geometry": {"type": "Point", "coordinates": [2.2450798, 48.72873251]}, "properties": {"route": "D117", "pr": "6", "abs": 2926, "label": "D117 PR6+2926"}}, {"type": "Feature", "geometry": {"type": "Point", "coordinates": [2.29185475, 48.69861712]}, "properties": {"route": "D117", "pr": "11", "abs": 8034, "label": "D117 PR11+8034"}}, {"type": "Feature", "geometry": {"type": "Point", "coordinates": [2.25883387, 48.71395771]}, "properties": {"route": "D117", "pr": "8", "abs": 5054, "label": "D117 PR8+5054"}}, {"type": "Feature", "geometry": {"type": "Point", "coordinates": [2.28982371, 48.47934999]}, "properties": {"route": "D56", "pr": "1", "abs": 1010, "label": "D56 PR1+1010"}}, {"type": "Feature", "geometry": {"type": "Point", "coordinates": [2.28944744, 48.48665551]}, "properties": {"route": "D56", "pr": "2", "abs": 2016, "label": "D56 PR2+2016"}}, {"type": "Feature", "geometry": {"type": "Point", "coordinates": [2.2806604, 48.49296395]}, "properties": {"route": "D56", "pr": "3", "abs": 3016, "label": "D56 PR3+3016"}}, {"type": "Feature", "geometry": {"type": "Point", "coordinates": [2.2893086, 48.50770423]}, "properties": {"route": "D56", "pr": "5", "abs": 5019, "label": "D56 PR5+5019"}}, {"type": "Feature", "geometry": {"type": "Point", "coordinates": [2.28071841, 48.50117434]}, "properties": {"route": "D56", "pr": "4", "abs": 4019, "label": "D56 PR4+4019"}}, {"type": "Feature", "geometry": {"type": "Point", "coordinates": [2.2942192, 48.51595062]}, "properties": {"route": "D56", "pr": "6", "abs": 6009, "label": "D56 PR6+6009"}}, {"type": "Feature", "geometry": {"type": "Point", "coordinates": [1.98254947, 48.31882607]}, "properties": {"route": "D939", "pr": "1", "abs": 1000, "label": "D939 PR1+1000"}}, {"type": "Feature", "geometry": {"type": "Point", "coordinates": [2.51077219, 48.69480928]}, "properties": {"route": "D94", "pr": "5", "abs": 5624, "label": "D94 PR5+5624 (D)"}}, {"type": "Feature", "geometry": {"type": "Point", "coordinates": [2.00744005, 48.32025029]}, "properties": {"route": "D604", "pr": "1", "abs": 995, "label": "D604 PR1+995"}}, {"type": "Feature", "geometry": {"type": "Point", "coordinates": [2.3682889, 48.53101743]}, "properties": {"route": "D174", "pr": "1", "abs": 997, "label": "D174 PR1+997"}}, {"type": "Feature", "geometry": {"type": "Point", "coordinates": [2.44024546, 48.62598896]}, "properties": {"route": "D93", "pr": "2", "abs": 1510, "label": "D93 PR2+1510 (G)"}}, {"type": "Feature", "geometry": {"type": "Point", "coordinates": [2.20365696, 48.68160639]}, "properties": {"route": "D118", "pr": "1", "abs": 933, "label": "D118 PR1+933 (D)"}}, {"type": "Feature", "geometry": {"type": "Point", "coordinates": [2.20667187, 48.66670273]}, "properties": {"route": "D35", "pr": "6", "abs": 5662, "label": "D35 PR6+5662"}}, {"type": "Feature", "geometry": {"type": "Point", "coordinates": [2.29268469, 48.65987895]}, "properties": {"route": "D35", "pr": "13", "abs": 12826, "label": "D35 PR13+12826"}}, {"type": "Feature", "geometry": {"type": "Point", "coordinates": [2.19704958, 48.66781757]}, "properties": {"route": "D35", "pr": "5", "abs": 4931, "label": "D35 PR5+4931"}}, {"type": "Feature", "geometry": {"type": "Point", "coordinates": [2.28231043, 48.65952369]}, "properties": {"route": "D35", "pr": "12", "abs": 11828, "label": "D35 PR12+11828"}}, {"type": "Feature", "geometry": {"type": "Point", "coordinates": [2.30348872, 48.66090595]}, "properties": {"route": "D35", "pr": "14", "abs": 14133, "label": "D35 PR14+14133"}}, {"type": "Feature", "geometry": {"type": "Point", "coordinates": [2.44850461, 48.39430975]}, "properties": {"route": "D1", "pr": "1", "abs": 732, "label": "D1 PR1+732"}}, {"type": "Feature", "geometry": {"type": "Point", "coordinates": [2.43338362, 48.38214568]}, "properties": {"route": "D1", "pr": "3", "abs": 2516, "label": "D1 PR3+2516"}}, {"type": "Feature", "geometry": {"type": "Point", "coordinates": [2.4412062, 48.38954141]}, "properties": {"route": "D1", "pr": "2", "abs": 1507, "label": "D1 PR2+1507"}}, {"type": "Feature", "geometry": {"type": "Point", "coordinates": [2.37548817, 48.36947035]}, "properties": {"route": "D1", "pr": "8", "abs": 7633, "label": "D1 PR8+7633"}}, {"type": "Feature", "geometry": {"type": "Point", "coordinates": [2.41396237, 48.36947072]}, "properties": {"route": "D1", "pr": "5", "abs": 4535, "label": "D1 PR5+4535"}}, {"type": "Feature", "geometry": {"type": "Point", "coordinates": [2.40097785, 48.3703028]}, "properties": {"route": "D1", "pr": "6", "abs": 5538, "label": "D1 PR6+5538"}}, {"type": "Feature", "geometry": {"type": "Point", "coordinates": [2.38812989, 48.36992137]}, "properties": {"route": "D1", "pr": "7", "abs": 6543, "label": "D1 PR7+6543"}}, {"type": "Feature", "geometry": {"type": "Point", "coordinates": [2.36285735, 48.36657532]}, "properties": {"route": "D1", "pr": "9", "abs": 8638, "label": "D1 PR9+8638"}}, {"type": "Feature", "geometry": {"type": "Point", "coordinates": [2.42426589, 48.37545117]}, "properties": {"route": "D1", "pr": "4", "abs": 3524, "label": "D1 PR4+3524"}}, {"type": "Feature", "geometry": {"type": "Point", "coordinates": [2.32716219, 48.33450068]}, "properties": {"route": "D1", "pr": "14", "abs": 13669, "label": "D1 PR14+13669"}}, {"type": "Feature", "geometry": {"type": "Point", "coordinates": [2.34378353, 48.63452245]}, "properties": {"route": "D296", "pr": "1", "abs": 876, "label": "D296 PR1+876"}}, {"type": "Feature", "geometry": {"type": "Point", "coordinates": [2.36449297, 48.64429736]}, "properties": {"route": "D445", "pr": "4", "abs": 4001, "label": "D445 PR4+4001 (D)"}}, {"type": "Feature", "geometry": {"type": "Point", "coordinates": [2.43015214, 48.61208296]}, "properties": {"route": "D446", "pr": "19", "abs": 18512, "label": "D446 PR19+18512 (D)"}}, {"type": "Feature", "geometry": {"type": "Point", "coordinates": [2.42152254, 48.61704366]}, "properties": {"route": "D446", "pr": "18", "abs": 17519, "label": "D446 PR18+17519 (D)"}}, {"type": "Feature", "geometry": {"type": "Point", "coordinates": [2.12961605, 48.51569759]}, "properties": {"route": "D82", "pr": "14", "abs": 13942, "label": "D82 PR14+13942"}}, {"type": "Feature", "geometry": {"type": "Point", "coordinates": [2.19381724, 48.57999173]}, "properties": {"route": "D82", "pr": "23", "abs": 22968, "label": "D82 PR23+22968"}}, {"type": "Feature", "geometry": {"type": "Point", "coordinates": [2.07010298, 48.46541463]}, "properties": {"route": "D82", "pr": "6", "abs": 5939, "label": "D82 PR6+5939"}}, {"type": "Feature", "geometry": {"type": "Point", "coordinates": [2.15691954, 48.53461651]}, "properties": {"route": "D82", "pr": "17", "abs": 16945, "label": "D82 PR17+16945"}}, {"type": "Feature", "geometry": {"type": "Point", "coordinates": [2.1004991, 48.50792739]}, "properties": {"route": "D82", "pr": "12", "abs": 11946, "label": "D82 PR12+11946"}}, {"type": "Feature", "geometry": {"type": "Point", "coordinates": [2.1680605, 48.5390923]}, "properties": {"route": "D82", "pr": "18", "abs": 17955, "label": "D82 PR18+17955"}}, {"type": "Feature", "geometry": {"type": "Point", "coordinates": [2.13976619, 48.52149405]}, "properties": {"route": "D82", "pr": "15", "abs": 14945, "label": "D82 PR15+14945"}}, {"type": "Feature", "geometry": {"type": "Point", "coordinates": [2.08880701, 48.47633502]}, "properties": {"route": "D82", "pr": "8", "abs": 7941, "label": "D82 PR8+7941"}}, {"type": "Feature", "geometry": {"type": "Point", "coordinates": [2.17442406, 48.54671767]}, "properties": {"route": "D82", "pr": "19", "abs": 18955, "label": "D82 PR19+18955"}}, {"type": "Feature", "geometry": {"type": "Point", "coordinates": [1.95152463, 48.40630411]}, "properties": {"route": "D333.6", "pr": "1", "abs": 1188, "label": "D333.6 PR1+1188"}}, {"type": "Feature", "geometry": {"type": "Point", "coordinates": [2.1495047, 48.52750436]}, "properties": {"route": "D82", "pr": "16", "abs": 15947, "label": "D82 PR16+15947"}}, {"type": "Feature", "geometry": {"type": "Point", "coordinates": [2.19080965, 48.57010557]}, "properties": {"route": "D82", "pr": "22", "abs": 21980, "label": "D82 PR22+21980"}}, {"type": "Feature", "geometry": {"type": "Point", "coordinates": [2.08077528, 48.47013556]}, "properties": {"route": "D82", "pr": "7", "abs": 6936, "label": "D82 PR7+6936"}}, {"type": "Feature", "geometry": {"type": "Point", "coordinates": [2.07082722, 48.43289472]}, "properties": {"route": "D82", "pr": "1", "abs": 998, "label": "D82 PR1+998"}}, {"type": "Feature", "geometry": {"type": "Point", "coordinates": [2.08907983, 48.48533196]}, "properties": {"route": "D82", "pr": "9", "abs": 8936, "label": "D82 PR9+8936"}}, {"type": "Feature", "geometry": {"type": "Point", "coordinates": [2.1132028, 48.51057516]}, "properties": {"route": "D82", "pr": "13", "abs": 12950, "label": "D82 PR13+12950"}}, {"type": "Feature", "geometry": {"type": "Point", "coordinates": [2.09113324, 48.50242585]}, "properties": {"route": "D82", "pr": "11", "abs": 10948, "label": "D82 PR11+10948"}}, {"type": "Feature", "geometry": {"type": "Point", "coordinates": [2.18249693, 48.56372461]}, "properties": {"route": "D82", "pr": "21", "abs": 20980, "label": "D82 PR21+20980"}}, {"type": "Feature", "geometry": {"type": "Point", "coordinates": [2.17973257, 48.5549444]}, "properties": {"route": "D82", "pr": "20", "abs": 19970, "label": "D82 PR20+19970"}}, {"type": "Feature", "geometry": {"type": "Point", "coordinates": [2.06272574, 48.43920627]}, "properties": {"route": "D82", "pr": "2", "abs": 1999, "label": "D82 PR2+1999"}}, {"type": "Feature", "geometry": {"type": "Point", "coordinates": [2.46573455, 48.7125837]}, "properties": {"route": "D32", "pr": "3", "abs": 2718, "label": "D32 PR3+2718"}}, {"type": "Feature", "geometry": {"type": "Point", "coordinates": [2.47843671, 48.71577]}, "properties": {"route": "D32", "pr": "4", "abs": 3744, "label": "D32 PR4+3744"}}, {"type": "Feature", "geometry": {"type": "Point", "coordinates": [2.45610125, 48.71867895]}, "properties": {"route": "D32", "pr": "2", "abs": 1687, "label": "D32 PR2+1687"}}, {"type": "Feature", "geometry": {"type": "Point", "coordinates": [2.11563788, 48.34674848]}, "properties": {"route": "D49", "pr": "11", "abs": 10959, "label": "D49 PR11+10959"}}, {"type": "Feature", "geometry": {"type": "Point", "coordinates": [2.12218854, 48.35377477]}, "properties": {"route": "D49", "pr": "10", "abs": 9959, "label": "D49 PR10+9959"}}, {"type": "Feature", "geometry": {"type": "Point", "coordinates": [2.12656441, 48.61366235]}, "properties": {"route": "D131", "pr": "7", "abs": 7058, "label": "D131 PR7+7058"}}, {"type": "Feature", "geometry": {"type": "Point", "coordinates": [2.12097637, 48.33041262]}, "properties": {"route": "D49", "pr": "13", "abs": 12956, "label": "D49 PR13+12956"}}, {"type": "Feature", "geometry": {"type": "Point", "coordinates": [2.49289273, 48.51248435]}, "properties": {"route": "D141", "pr": "1", "abs": 1007, "label": "D141 PR1+1007"}}, {"type": "Feature", "geometry": {"type": "Point", "coordinates": [2.12038997, 48.33861678]}, "properties": {"route": "D49", "pr": "12", "abs": 11959, "label": "D49 PR12+11959"}}, {"type": "Feature", "geometry": {"type": "Point", "coordinates": [2.20830991, 48.6578021]}, "properties": {"route": "D446", "pr": "12", "abs": 11451, "label": "D446 PR12+11451"}}, {"type": "Feature", "geometry": {"type": "Point", "coordinates": [2.11266694, 48.30407996]}, "properties": {"route": "D49", "pr": "16", "abs": 15906, "label": "D49 PR16+15906"}}, {"type": "Feature", "geometry": {"type": "Point", "coordinates": [2.12767495, 48.36141634]}, "properties": {"route": "D49", "pr": "9", "abs": 8957, "label": "D49 PR9+8957"}}, {"type": "Feature", "geometry": {"type": "Point", "coordinates": [2.52190491, 48.58892966]}, "properties": {"route": "D446", "pr": "26", "abs": 25293, "label": "D446 PR26+25293"}}, {"type": "Feature", "geometry": {"type": "Point", "coordinates": [2.11774279, 48.32150697]}, "properties": {"route": "D49", "pr": "14", "abs": 13959, "label": "D49 PR14+13959"}}, {"type": "Feature", "geometry": {"type": "Point", "coordinates": [2.11505795, 48.3125207]}, "properties": {"route": "D49", "pr": "15", "abs": 14961, "label": "D49 PR15+14961"}}, {"type": "Feature", "geometry": {"type": "Point", "coordinates": [2.14533307, 48.4131387]}, "properties": {"route": "D49", "pr": "2", "abs": 1956, "label": "D49 PR2+1956"}}, {"type": "Feature", "geometry": {"type": "Point", "coordinates": [2.23997558, 48.57866455]}, "properties": {"route": "D193", "pr": "1", "abs": 1016, "label": "D193 PR1+1016"}}, {"type": "Feature", "geometry": {"type": "Point", "coordinates": [2.28936588, 48.51607013]}, "properties": {"route": "D99", "pr": "6", "abs": 5966, "label": "D99 PR6+5966"}}, {"type": "Feature", "geometry": {"type": "Point", "coordinates": [2.22140628, 48.53149833]}, "properties": {"route": "D99", "pr": "1", "abs": 982, "label": "D99 PR1+982"}}, {"type": "Feature", "geometry": {"type": "Point", "coordinates": [2.30267436, 48.51593306]}, "properties": {"route": "D99", "pr": "7", "abs": 6958, "label": "D99 PR7+6958"}}, {"type": "Feature", "geometry": {"type": "Point", "coordinates": [2.12531139, 48.62207664]}, "properties": {"route": "D131", "pr": "6", "abs": 6091, "label": "D131 PR6+6091"}}, {"type": "Feature", "geometry": {"type": "Point", "coordinates": [2.10954867, 48.59009159]}, "properties": {"route": "D131", "pr": "10", "abs": 10088, "label": "D131 PR10+10088"}}, {"type": "Feature", "geometry": {"type": "Point", "coordinates": [2.12426223, 48.60489984]}, "properties": {"route": "D131", "pr": "8", "abs": 8058, "label": "D131 PR8+8058"}}, {"type": "Feature", "geometry": {"type": "Point", "coordinates": [2.11802153, 48.59715791]}, "properties": {"route": "D131", "pr": "9", "abs": 9074, "label": "D131 PR9+9074"}}, {"type": "Feature", "geometry": {"type": "Point", "coordinates": [2.1242265, 48.65577915]}, "properties": {"route": "D131", "pr": "2", "abs": 2020, "label": "D131 PR2+2020"}}, {"type": "Feature", "geometry": {"type": "Point", "coordinates": [2.12369839, 48.63835028]}, "properties": {"route": "D131", "pr": "4", "abs": 4052, "label": "D131 PR4+4052"}}, {"type": "Feature", "geometry": {"type": "Point", "coordinates": [2.128808, 48.63039437]}, "properties": {"route": "D131", "pr": "5", "abs": 5061, "label": "D131 PR5+5061"}}, {"type": "Feature", "geometry": {"type": "Point", "coordinates": [2.10428279, 48.58178757]}, "properties": {"route": "D131", "pr": "11", "abs": 11094, "label": "D131 PR11+11094"}}, {"type": "Feature", "geometry": {"type": "Point", "coordinates": [2.12741757, 48.66487251]}, "properties": {"route": "D131", "pr": "1", "abs": 992, "label": "D131 PR1+992"}}, {"type": "Feature", "geometry": {"type": "Point", "coordinates": [2.11980635, 48.64718749]}, "properties": {"route": "D131", "pr": "3", "abs": 3030, "label": "D131 PR3+3030"}}, {"type": "Feature", "geometry": {"type": "Point", "coordinates": [2.44491364, 48.69248816]}, "properties": {"route": "D31", "pr": "28", "abs": 21788, "label": "D31 PR28+21788"}}, {"type": "Feature", "geometry": {"type": "Point", "coordinates": [2.35276779, 48.54058662]}, "properties": {"route": "D31", "pr": "10", "abs": 2751, "label": "D31 PR10+2751"}}, {"type": "Feature", "geometry": {"type": "Point", "coordinates": [2.47508029, 48.70702067]}, "properties": {"route": "D31", "pr": "31", "abs": 24790, "label": "D31 PR31+24790"}}, {"type": "Feature", "geometry": {"type": "Point", "coordinates": [2.41004854, 48.64995656]}, "properties": {"route": "D31", "pr": "23", "abs": 16678, "label": "D31 PR23+16678"}}, {"type": "Feature", "geometry": {"type": "Point", "coordinates": [2.4658969, 48.70108844]}, "properties": {"route": "D31", "pr": "30", "abs": 23648, "label": "D31 PR30+23648"}}, {"type": "Feature", "geometry": {"type": "Point", "coordinates": [2.48805487, 48.71256193]}, "properties": {"route": "D31", "pr": "32", "abs": 25790, "label": "D31 PR32+25790"}}, {"type": "Feature", "geometry": {"type": "Point", "coordinates": [2.41338113, 48.65989993]}, "properties": {"route": "D31", "pr": "24", "abs": 17580, "label": "D31 PR24+17580"}}, {"type": "Feature", "geometry": {"type": "Point", "coordinates": [2.37098518, 48.5933903]}, "properties": {"route": "D31", "pr": "15", "abs": 7923, "label": "D31 PR15+7923"}}, {"type": "Feature", "geometry": {"type": "Point", "coordinates": [2.34753896, 48.54839527]}, "properties": {"route": "D31", "pr": "11", "abs": 3729, "label": "D31 PR11+3729"}}, {"type": "Feature", "geometry": {"type": "Point", "coordinates": [2.39051432, 48.62273505]}, "properties": {"route": "D31", "pr": "19", "abs": 12364, "label": "D31 PR19+12364"}}, {"type": "Feature", "geometry": {"type": "Point", "coordinates": [2.4580815, 48.6968194]}, "properties": {"route": "D31", "pr": "29", "abs": 22891, "label": "D31 PR29+22891"}}, {"type": "Feature", "geometry": {"type": "Point", "coordinates": [2.4333929, 48.68754984]}, "properties": {"route": "D31", "pr": "27", "abs": 20773, "label": "D31 PR27+20773"}}, {"type": "Feature", "geometry": {"type": "Point", "coordinates": [2.34666765, 48.55666577]}, "properties": {"route": "D31", "pr": "12", "abs": 4742, "label": "D31 PR12+4742"}}, {"type": "Feature", "geometry": {"type": "Point", "coordinates": [2.41486574, 48.67526698]}, "properties": {"route": "D31", "pr": "25", "abs": 18594, "label": "D31 PR25+18594"}}, {"type": "Feature", "geometry": {"type": "Point", "coordinates": [2.42821371, 48.68126384]}, "properties": {"route": "D31", "pr": "26", "abs": 19813, "label": "D31 PR26+19813"}}, {"type": "Feature", "geometry": {"type": "Point", "coordinates": [2.4797994, 48.63473257]}, "properties": {"route": "D331", "pr": "2", "abs": 2073, "label": "D331 PR2+2073"}}, {"type": "Feature", "geometry": {"type": "Point", "coordinates": [2.49233289, 48.63693647]}, "properties": {"route": "D331", "pr": "1", "abs": 1095, "label": "D331 PR1+1095"}}, {"type": "Feature", "geometry": {"type": "Point", "coordinates": [1.98317476, 48.3076821]}, "properties": {"route": "D603", "pr": "1", "abs": 1006, "label": "D603 PR1+1006"}}, {"type": "Feature", "geometry": {"type": "Point", "coordinates": [1.96973386, 48.3065185]}, "properties": {"route": "D603", "pr": "2", "abs": 2006, "label": "D603 PR2+2006"}}, {"type": "Feature", "geometry": {"type": "Point", "coordinates": [2.20002467, 48.69474266]}, "properties": {"route": "D188", "pr": "8", "abs": 6809, "label": "D188 PR8+6809"}}, {"type": "Feature", "geometry": {"type": "Point", "coordinates": [2.17337004, 48.69278439]}, "properties": {"route": "D188", "pr": "10", "abs": 8798, "label": "D188 PR10+8798"}}, {"type": "Feature", "geometry": {"type": "Point", "coordinates": [2.22642374, 48.69647022]}, "properties": {"route": "D188", "pr": "6", "abs": 4823, "label": "D188 PR6+4823"}}, {"type": "Feature", "geometry": {"type": "Point", "coordinates": [2.18672768, 48.69284744]}, "properties": {"route": "D188", "pr": "9", "abs": 7805, "label": "D188 PR9+7805"}}, {"type": "Feature", "geometry": {"type": "Point", "coordinates": [2.21304086, 48.69676046]}, "properties": {"route": "D188", "pr": "7", "abs": 5816, "label": "D188 PR7+5816"}}, {"type": "Feature", "geometry": {"type": "Point", "coordinates": [2.49242612, 48.47814411]}, "properties": {"route": "D141", "pr": "5", "abs": 5032, "label": "D141 PR5+5032"}}, {"type": "Feature", "geometry": {"type": "Point", "coordinates": [2.4857005, 48.47145522]}, "properties": {"route": "D141", "pr": "6", "abs": 6052, "label": "D141 PR6+6052"}}, {"type": "Feature", "geometry": {"type": "Point", "coordinates": [2.49433005, 48.48698022]}, "properties": {"route": "D141", "pr": "4", "abs": 4017, "label": "D141 PR4+4017"}}, {"type": "Feature", "geometry": {"type": "Point", "coordinates": [2.47792316, 48.46432227]}, "properties": {"route": "D141", "pr": "7", "abs": 7072, "label": "D141 PR7+7072"}}, {"type": "Feature", "geometry": {"type": "Point", "coordinates": [2.49517288, 48.50502104]}, "properties": {"route": "D141", "pr": "2", "abs": 1990, "label": "D141 PR2+1990"}}, {"type": "Feature", "geometry": {"type": "Point", "coordinates": [2.49601086, 48.49600152]}, "properties": {"route": "D141", "pr": "3", "abs": 3003, "label": "D141 PR3+3003"}}, {"type": "Feature", "geometry": {"type": "Point", "coordinates": [2.22255655, 48.74425562]}, "properties": {"route": "D444", "pr": "3", "abs": 931, "label": "D444 PR3+931 (G)"}}, {"type": "Feature", "geometry": {"type": "Point", "coordinates": [2.5407056, 48.67098524]}, "properties": {"route": "D330", "pr": "2", "abs": 2003, "label": "D330 PR2+2003"}}, {"type": "Feature", "geometry": {"type": "Point", "coordinates": [2.53584567, 48.67749754]}, "properties": {"route": "D330", "pr": "1", "abs": 973, "label": "D330 PR1+973"}}, {"type": "Feature", "geometry": {"type": "Point", "coordinates": [2.29938589, 48.57803694]}, "properties": {"route": "D117", "pr": "25", "abs": 11817, "label": "D117 PR25+11817 (G)"}}, {"type": "Feature", "geometry": {"type": "Point", "coordinates": [2.13102519, 48.70863118]}, "properties": {"route": "D306", "pr": "6", "abs": 4001, "label": "D306 PR6+4001"}}, {"type": "Feature", "geometry": {"type": "Point", "coordinates": [2.12107767, 48.70508716]}, "properties": {"route": "D306", "pr": "7", "abs": 5049, "label": "D306 PR7+5049"}}, {"type": "Feature", "geometry": {"type": "Point", "coordinates": [2.15565545, 48.7229812]}, "properties": {"route": "D306", "pr": "3", "abs": 1015, "label": "D306 PR3+1015"}}, {"type": "Feature", "geometry": {"type": "Point", "coordinates": [2.15350919, 48.59248498]}, "properties": {"route": "D3", "pr": "2", "abs": 2009, "label": "D3 PR2+2009"}}, {"type": "Feature", "geometry": {"type": "Point", "coordinates": [2.15976549, 48.60047434]}, "properties": {"route": "D3", "pr": "3", "abs": 3024, "label": "D3 PR3+3024"}}, {"type": "Feature", "geometry": {"type": "Point", "coordinates": [2.16837476, 48.61476949]}, "properties": {"route": "D3", "pr": "5", "abs": 4981, "label": "D3 PR5+4981"}}, {"type": "Feature", "geometry": {"type": "Point", "coordinates": [2.14759219, 48.5844248]}, "properties": {"route": "D3", "pr": "1", "abs": 1006, "label": "D3 PR1+1006"}}, {"type": "Feature", "geometry": {"type": "Point", "coordinates": [2.19432107, 48.64438184]}, "properties": {"route": "D3", "pr": "9", "abs": 8994, "label": "D3 PR9+8994"}}, {"type": "Feature", "geometry": {"type": "Point", "coordinates": [2.20359266, 48.65951934]}, "properties": {"route": "D3", "pr": "11", "abs": 10992, "label": "D3 PR11+10992"}}, {"type": "Feature", "geometry": {"type": "Point", "coordinates": [2.17683333, 48.63221388]}, "properties": {"route": "D3", "pr": "7", "abs": 6984, "label": "D3 PR7+6984"}}, {"type": "Feature", "geometry": {"type": "Point", "coordinates": [2.17259604, 48.62348139]}, "properties": {"route": "D3", "pr": "6", "abs": 5982, "label": "D3 PR6+5982"}}, {"type": "Feature", "geometry": {"type": "Point", "coordinates": [2.19413831, 48.65289916]}, "properties": {"route": "D3", "pr": "10", "abs": 9992, "label": "D3 PR10+9992"}}, {"type": "Feature", "geometry": {"type": "Point", "coordinates": [2.11753204, 48.45926478]}, "properties": {"route": "D201", "pr": "2", "abs": 1973, "label": "D201 PR2+1973"}}, {"type": "Feature", "geometry": {"type": "Point", "coordinates": [2.10872498, 48.455513]}, "properties": {"route": "D201", "pr": "1", "abs": 979, "label": "D201 PR1+979"}}, {"type": "Feature", "geometry": {"type": "Point", "coordinates": [2.1295252, 48.45956025]}, "properties": {"route": "D201", "pr": "3", "abs": 2953, "label": "D201 PR3+2953"}}, {"type": "Feature", "geometry": {"type": "Point", "coordinates": [2.48547045, 48.6139315]}, "properties": {"route": "D446", "pr": "22", "abs": 20992, "label": "D446 PR22+20992"}}, {"type": "Feature", "geometry": {"type": "Point", "coordinates": [2.22586961, 48.64434002]}, "properties": {"route": "D446", "pr": "14", "abs": 13459, "label": "D446 PR14+13459"}}, {"type": "Feature", "geometry": {"type": "Point", "coordinates": [2.25099119, 48.6397061]}, "properties": {"route": "D446", "pr": "16", "abs": 15456, "label": "D446 PR16+15456"}}, {"type": "Feature", "geometry": {"type": "Point", "coordinates": [2.50878992, 48.58953743]}, "properties": {"route": "D446", "pr": "25", "abs": 24294, "label": "D446 PR25+24294"}}, {"type": "Feature", "geometry": {"type": "Point", "coordinates": [2.19522989, 48.67081328]}, "properties": {"route": "D446", "pr": "10", "abs": 9528, "label": "D446 PR10+9528"}}, {"type": "Feature", "geometry": {"type": "Point", "coordinates": [2.23758205, 48.64029209]}, "properties": {"route": "D446", "pr": "15", "abs": 14460, "label": "D446 PR15+14460"}}, {"type": "Feature", "geometry": {"type": "Point", "coordinates": [2.18786564, 48.68536596]}, "properties": {"route": "D446", "pr": "8", "abs": 7698, "label": "D446 PR8+7698"}}, {"type": "Feature", "geometry": {"type": "Point", "coordinates": [2.49466476, 48.60416508]}, "properties": {"route": "D446", "pr": "23", "abs": 22302, "label": "D446 PR23+22302"}}, {"type": "Feature", "geometry": {"type": "Point", "coordinates": [2.45259019, 48.61085332]}, "properties": {"route": "D446", "pr": "21", "abs": 20332, "label": "D446 PR21+20332"}}, {"type": "Feature", "geometry": {"type": "Point", "coordinates": [2.18342292, 48.69522292]}, "properties": {"route": "D446", "pr": "7", "abs": 6331, "label": "D446 PR7+6331"}}, {"type": "Feature", "geometry": {"type": "Point", "coordinates": [2.44292653, 48.61083459]}, "properties": {"route": "D446", "pr": "20", "abs": 19532, "label": "D446 PR20+19532"}}, {"type": "Feature", "geometry": {"type": "Point", "coordinates": [2.19977553, 48.66353261]}, "properties": {"route": "D446", "pr": "11", "abs": 10452, "label": "D446 PR11+10452"}}, {"type": "Feature", "geometry": {"type": "Point", "coordinates": [2.21586218, 48.65026184]}, "properties": {"route": "D446", "pr": "13", "abs": 12454, "label": "D446 PR13+12454"}}, {"type": "Feature", "geometry": {"type": "Point", "coordinates": [2.49985228, 48.59612084]}, "properties": {"route": "D446", "pr": "24", "abs": 23295, "label": "D446 PR24+23295"}}, {"type": "Feature", "geometry": {"type": "Point", "coordinates": [2.18664458, 48.71015128]}, "properties": {"route": "D446", "pr": "5", "abs": 4172, "label": "D446 PR5+4172"}}, {"type": "Feature", "geometry": {"type": "Point", "coordinates": [2.16455637, 48.74021203]}, "properties": {"route": "D446", "pr": "2", "abs": 1984, "label": "D446 PR2+1984"}}, {"type": "Feature", "geometry": {"type": "Point", "coordinates": [2.16563797, 48.74937609]}, "properties": {"route": "D446", "pr": "1", "abs": 985, "label": "D446 PR1+985"}}, {"type": "Feature", "geometry": {"type": "Point", "coordinates": [2.19215014, 48.67693791]}, "properties": {"route": "D446", "pr": "9", "abs": 8683, "label": "D446 PR9+8683"}}, {"type": "Feature", "geometry": {"type": "Point", "coordinates": [2.26353513, 48.70057381]}, "properties": {"route": "D118E", "pr": "5", "abs": 715, "label": "D118E PR5+715"}}, {"type": "Feature", "geometry": {"type": "Point", "coordinates": [2.2697785, 48.69682807]}, "properties": {"route": "D118E", "pr": "6", "abs": 1410, "label": "D118E PR6+1410"}}, {"type": "Feature", "geometry": {"type": "Point", "coordinates": [2.41720091, 48.57992445]}, "properties": {"route": "D26", "pr": "20", "abs": 16047, "label": "D26 PR20+16047"}}, {"type": "Feature", "geometry": {"type": "Point", "coordinates": [2.38166982, 48.56983283]}, "properties": {"route": "D26", "pr": "17", "abs": 12968, "label": "D26 PR17+12968"}}, {"type": "Feature", "geometry": {"type": "Point", "coordinates": [2.36233997, 48.56511329]}, "properties": {"route": "D26", "pr": "15", "abs": 10961, "label": "D26 PR15+10961"}}, {"type": "Feature", "geometry": {"type": "Point", "coordinates": [2.367889, 48.57104949]}, "properties": {"route": "D26", "pr": "16", "abs": 11936, "label": "D26 PR16+11936"}}, {"type": "Feature", "geometry": {"type": "Point", "coordinates": [2.39444284, 48.56908981]}, "properties": {"route": "D26", "pr": "18", "abs": 13943, "label": "D26 PR18+13943"}}, {"type": "Feature", "geometry": {"type": "Point", "coordinates": [2.40533106, 48.57315769]}, "properties": {"route": "D26", "pr": "19", "abs": 14895, "label": "D26 PR19+14895"}}, {"type": "Feature", "geometry": {"type": "Point", "coordinates": [2.48088646, 48.52622783]}, "properties": {"route": "D74", "pr": "10", "abs": 9922, "label": "D74 PR10+9922"}}, {"type": "Feature", "geometry": {"type": "Point", "coordinates": [2.46808177, 48.52764746]}, "properties": {"route": "D74", "pr": "9", "abs": 8946, "label": "D74 PR9+8946"}}, {"type": "Feature", "geometry": {"type": "Point", "coordinates": [2.34635261, 48.51759639]}, "properties": {"route": "D8", "pr": "10", "abs": 9848, "label": "D8 PR10+9848"}}, {"type": "Feature", "geometry": {"type": "Point", "coordinates": [2.34739898, 48.52578946]}, "properties": {"route": "D8", "pr": "9", "abs": 8838, "label": "D8 PR9+8838"}}, {"type": "Feature", "geometry": {"type": "Point", "coordinates": [2.33961518, 48.53238554]}, "properties": {"route": "D8", "pr": "8", "abs": 7834, "label": "D8 PR8+7834"}}, {"type": "Feature", "geometry": {"type": "Point", "coordinates": [2.00226723, 48.53643483]}, "properties": {"route": "D836", "pr": "14", "abs": 12568, "label": "D836 PR14+12568"}}, {"type": "Feature", "geometry": {"type": "Point", "coordinates": [2.49064429, 48.59066565]}, "properties": {"route": "D934", "pr": "2", "abs": 1230, "label": "D934 PR2+1230"}}, {"type": "Feature", "geometry": {"type": "Point", "coordinates": [2.46075611, 48.63828283]}, "properties": {"route": "D448", "pr": "12", "abs": 11929, "label": "D448 PR12+11929"}}, {"type": "Feature", "geometry": {"type": "Point", "coordinates": [2.44449914, 48.65120064]}, "properties": {"route": "D448", "pr": "10", "abs": 9979, "label": "D448 PR10+9979"}}, {"type": "Feature", "geometry": {"type": "Point", "coordinates": [2.45243548, 48.64432647]}, "properties": {"route": "D448", "pr": "11", "abs": 10955, "label": "D448 PR11+10955"}}, {"type": "Feature", "geometry": {"type": "Point", "coordinates": [1.96079701, 48.43223485]}, "properties": {"route": "D838", "pr": "45", "abs": 30303, "label": "D838 PR45+30303"}}, {"type": "Feature", "geometry": {"type": "Point", "coordinates": [1.9580708, 48.44099126]}, "properties": {"route": "D838", "pr": "44", "abs": 29295, "label": "D838 PR44+29295"}}, {"type": "Feature", "geometry": {"type": "Point", "coordinates": [1.99654781, 48.31781812]}, "properties": {"route": "D838", "pr": "58", "abs": 43356, "label": "D838 PR58+43356"}}, {"type": "Feature", "geometry": {"type": "Point", "coordinates": [2.20478278, 48.43750372]}, "properties": {"route": "D191", "pr": "32", "abs": 28012, "label": "D191 PR32+28012"}}, {"type": "Feature", "geometry": {"type": "Point", "coordinates": [2.06578182, 48.45539063]}, "properties": {"route": "D191", "pr": "43", "abs": 39099, "label": "D191 PR43+39099"}}, {"type": "Feature", "geometry": {"type": "Point", "coordinates": [2.1928768, 48.43465771]}, "properties": {"route": "D191", "pr": "33", "abs": 29012, "label": "D191 PR33+29012"}}, {"type": "Feature", "geometry": {"type": "Point", "coordinates": [2.05241622, 48.45656314]}, "properties": {"route": "D191", "pr": "44", "abs": 40123, "label": "D191 PR44+40123"}}, {"type": "Feature", "geometry": {"type": "Point", "coordinates": [2.22632906, 48.44726728]}, "properties": {"route": "D191", "pr": "30", "abs": 26014, "label": "D191 PR30+26014"}}, {"type": "Feature", "geometry": {"type": "Point", "coordinates": [2.21540204, 48.44266299]}, "properties": {"route": "D191", "pr": "31", "abs": 27013, "label": "D191 PR31+27013"}}, {"type": "Feature", "geometry": {"type": "Point", "coordinates": [2.5002739, 48.63451168]}, "properties": {"route": "D33", "pr": "2", "abs": 2129, "label": "D33 PR2+2129 (G)"}}, {"type": "Feature", "geometry": {"type": "Point", "coordinates": [2.2822425, 48.5668025]}, "properties": {"route": "D26", "pr": "9", "abs": 4909, "label": "D26 PR9+4909"}}, {"type": "Feature", "geometry": {"type": "Point", "coordinates": [2.27237014, 48.56472297]}, "properties": {"route": "D26", "pr": "8", "abs": 4023, "label": "D26 PR8+4023"}}, {"type": "Feature", "geometry": {"type": "Point", "coordinates": [2.2795224, 48.64526211]}, "properties": {"route": "D133", "pr": "1", "abs": 1158, "label": "D133 PR1+1158 (G)"}}, {"type": "Feature", "geometry": {"type": "Point", "coordinates": [2.22312212, 48.47885233]}, "properties": {"route": "D148", "pr": "16", "abs": 16031, "label": "D148 PR16+16031"}}, {"type": "Feature", "geometry": {"type": "Point", "coordinates": [2.34290049, 48.48747244]}, "properties": {"route": "D449", "pr": "15", "abs": 15907, "label": "D449 PR15+15907"}}, {"type": "Feature", "geometry": {"type": "Point", "coordinates": [2.25728738, 48.57938287]}, "properties": {"route": "D449", "pr": "1", "abs": 1811, "label": "D449 PR1+1811"}}, {"type": "Feature", "geometry": {"type": "Point", "coordinates": [2.28305034, 48.54133818]}, "properties": {"route": "D449", "pr": "6", "abs": 6440, "label": "D449 PR6+6440"}}, {"type": "Feature", "geometry": {"type": "Point", "coordinates": [2.27205846, 48.55457102]}, "properties": {"route": "D449", "pr": "4", "abs": 4640, "label": "D449 PR4+4640"}}, {"type": "Feature", "geometry": {"type": "Point", "coordinates": [2.35122946, 48.49487898]}, "properties": {"route": "D449", "pr": "14", "abs": 15231, "label": "D449 PR14+15231"}}, {"type": "Feature", "geometry": {"type": "Point", "coordinates": [2.27931055, 48.54868238]}, "properties": {"route": "D449", "pr": "5", "abs": 5540, "label": "D449 PR5+5540"}}, {"type": "Feature", "geometry": {"type": "Point", "coordinates": [2.25997151, 48.57047219]}, "properties": {"route": "D449", "pr": "2", "abs": 2706, "label": "D449 PR2+2706"}}, {"type": "Feature", "geometry": {"type": "Point", "coordinates": [2.28697639, 48.53097768]}, "properties": {"route": "D449", "pr": "7", "abs": 7761, "label": "D449 PR7+7761"}}, {"type": "Feature", "geometry": {"type": "Point", "coordinates": [2.26411982, 48.5614616]}, "properties": {"route": "D449", "pr": "3", "abs": 3631, "label": "D449 PR3+3631"}}, {"type": "Feature", "geometry": {"type": "Point", "coordinates": [2.34726603, 48.50404241]}, "properties": {"route": "D449", "pr": "13", "abs": 14222, "label": "D449 PR13+14222"}}, {"type": "Feature", "geometry": {"type": "Point", "coordinates": [2.36163564, 48.7435404]}, "properties": {"route": "D167A", "pr": "10", "abs": 3230, "label": "D167A PR10+3230"}}, {"type": "Feature", "geometry": {"type": "Point", "coordinates": [1.9310912, 48.46731154]}, "properties": {"route": "D5", "pr": "9", "abs": 8567, "label": "D5 PR9+8567"}}, {"type": "Feature", "geometry": {"type": "Point", "coordinates": [2.10648537, 48.62689796]}, "properties": {"route": "D97", "pr": "11", "abs": 12242, "label": "D97 PR11+12242"}}, {"type": "Feature", "geometry": {"type": "Point", "coordinates": [2.09374207, 48.62947247]}, "properties": {"route": "D97", "pr": "12", "abs": 13245, "label": "D97 PR12+13245"}}, {"type": "Feature", "geometry": {"type": "Point", "coordinates": [2.07976561, 48.62955422]}, "properties": {"route": "D97", "pr": "13", "abs": 14257, "label": "D97 PR13+14257"}}, {"type": "Feature", "geometry": {"type": "Point", "coordinates": [2.15542257, 48.67322297]}, "properties": {"route": "D35", "pr": "2", "abs": 2134, "label": "D35 PR2+2134 (D)"}}, {"type": "Feature", "geometry": {"type": "Point", "coordinates": [2.20724742, 48.56242758]}, "properties": {"route": "D19", "pr": "5", "abs": 4833, "label": "D19 PR5+4833"}}, {"type": "Feature", "geometry": {"type": "Point", "coordinates": [2.19582229, 48.56198027]}, "properties": {"route": "D19", "pr": "4", "abs": 3915, "label": "D19 PR4+3915"}}, {"type": "Feature", "geometry": {"type": "Point", "coordinates": [2.23684476, 48.35967213]}, "properties": {"route": "D143", "pr": "2", "abs": 2000, "label": "D143 PR2+2000"}}, {"type": "Feature", "geometry": {"type": "Point", "coordinates": [2.24475044, 48.35236028]}, "properties": {"route": "D143", "pr": "3", "abs": 2999, "label": "D143 PR3+2999"}}, {"type": "Feature", "geometry": {"type": "Point", "coordinates": [2.21233284, 48.51199416]}, "properties": {"route": "D146", "pr": "4", "abs": 4065, "label": "D146 PR4+4065"}}, {"type": "Feature", "geometry": {"type": "Point", "coordinates": [2.01821249, 48.52155977]}, "properties": {"route": "D116", "pr": "18", "abs": 18747, "label": "D116 PR18+18747"}}, {"type": "Feature", "geometry": {"type": "Point", "coordinates": [2.06697922, 48.53447368]}, "properties": {"route": "D116", "pr": "14", "abs": 14085, "label": "D116 PR14+14085"}}, {"type": "Feature", "geometry": {"type": "Point", "coordinates": [2.13778878, 48.5570137]}, "properties": {"route": "D116", "pr": "8", "abs": 8002, "label": "D116 PR8+8002"}}, {"type": "Feature", "geometry": {"type": "Point", "coordinates": [2.00075845, 48.52511456]}, "properties": {"route": "D116", "pr": "19", "abs": 20134, "label": "D116 PR19+20134"}}, {"type": "Feature", "geometry": {"type": "Point", "coordinates": [2.11473102, 48.54927591]}, "properties": {"route": "D116", "pr": "10", "abs": 10036, "label": "D116 PR10+10036"}}, {"type": "Feature", "geometry": {"type": "Point", "coordinates": [2.15892967, 48.5656168]}, "properties": {"route": "D116", "pr": "6", "abs": 5979, "label": "D116 PR6+5979"}}, {"type": "Feature", "geometry": {"type": "Point", "coordinates": [2.15054551, 48.55874097]}, "properties": {"route": "D116", "pr": "7", "abs": 6972, "label": "D116 PR7+6972"}}, {"type": "Feature", "geometry": {"type": "Point", "coordinates": [2.3090012, 48.70882959]}, "properties": {"route": "D118", "pr": "10", "abs": 9556, "label": "D118 PR10+9556"}}, {"type": "Feature", "geometry": {"type": "Point", "coordinates": [2.31756083, 48.71339869]}, "properties": {"route": "D118", "pr": "11", "abs": 10748, "label": "D118 PR11+10748"}}, {"type": "Feature", "geometry": {"type": "Point", "coordinates": [2.33198562, 48.71449312]}, "properties": {"route": "D118", "pr": "12", "abs": 11913, "label": "D118 PR12+11913"}}, {"type": "Feature", "geometry": {"type": "Point", "coordinates": [2.3948853, 48.71294341]}, "properties": {"route": "D118", "pr": "17", "abs": 17613, "label": "D118 PR17+17613"}}, {"type": "Feature", "geometry": {"type": "Point", "coordinates": [2.53055122, 48.69157064]}, "properties": {"route": "D33", "pr": "9", "abs": 9746, "label": "D33 PR9+9746"}}, {"type": "Feature", "geometry": {"type": "Point", "coordinates": [2.30356902, 48.61305968]}, "properties": {"route": "D133", "pr": "5", "abs": 4679, "label": "D133 PR5+4679"}}, {"type": "Feature", "geometry": {"type": "Point", "coordinates": [2.29887855, 48.62233162]}, "properties": {"route": "D133", "pr": "4", "abs": 3608, "label": "D133 PR4+3608"}}, {"type": "Feature", "geometry": {"type": "Point", "coordinates": [2.29994847, 48.6719914]}, "properties": {"route": "D186", "pr": "3", "abs": 2325, "label": "D186 PR3+2325"}}, {"type": "Feature", "geometry": {"type": "Point", "coordinates": [2.2929717, 48.69319266]}, "properties": {"route": "D217", "pr": "2", "abs": 1868, "label": "D217 PR2+1868"}}, {"type": "Feature", "geometry": {"type": "Point", "coordinates": [2.30371027, 48.60855918]}, "properties": {"route": "D152", "pr": "20", "abs": 18179, "label": "D152 PR20+18179"}}, {"type": "Feature", "geometry": {"type": "Point", "coordinates": [2.10091114, 48.63967914]}, "properties": {"route": "D152", "pr": "2", "abs": 758, "label": "D152 PR2+758"}}, {"type": "Feature", "geometry": {"type": "Point", "coordinates": [2.13064685, 48.61135695]}, "properties": {"route": "D152", "pr": "5", "abs": 3459, "label": "D152 PR5+3459"}}, {"type": "Feature", "geometry": {"type": "Point", "coordinates": [2.29864308, 48.60152463]}, "properties": {"route": "D152", "pr": "19", "abs": 17089, "label": "D152 PR19+17089"}}, {"type": "Feature", "geometry": {"type": "Point", "coordinates": [2.27593185, 48.59553704]}, "properties": {"route": "D152", "pr": "17", "abs": 15300, "label": "D152 PR17+15300"}}, {"type": "Feature", "geometry": {"type": "Point", "coordinates": [2.16936199, 48.69551531]}, "properties": {"route": "D95", "pr": "1", "abs": 1108, "label": "D95 PR1+1108"}}, {"type": "Feature", "geometry": {"type": "Point", "coordinates": [2.14336836, 48.69786714]}, "properties": {"route": "D95", "pr": "3", "abs": 3898, "label": "D95 PR3+3898"}}, {"type": "Feature", "geometry": {"type": "Point", "coordinates": [2.15712071, 48.69637031]}, "properties": {"route": "D95", "pr": "2", "abs": 2869, "label": "D95 PR2+2869"}}, {"type": "Feature", "geometry": {"type": "Point", "coordinates": [2.27584178, 48.75358335]}, "properties": {"route": "D60", "pr": "9", "abs": 8796, "label": "D60 PR9+8796"}}, {"type": "Feature", "geometry": {"type": "Point", "coordinates": [2.2833243, 48.7448796]}, "properties": {"route": "D60", "pr": "8", "abs": 7696, "label": "D60 PR8+7696"}}, {"type": "Feature", "geometry": {"type": "Point", "coordinates": [2.38430064, 48.70619994]}, "properties": {"route": "D25", "pr": "11", "abs": 10568, "label": "D25 PR11+10568"}}, {"type": "Feature", "geometry": {"type": "Point", "coordinates": [2.35529984, 48.68754991]}, "properties": {"route": "D25", "pr": "8", "abs": 7504, "label": "D25 PR8+7504"}}, {"type": "Feature", "geometry": {"type": "Point", "coordinates": [2.34322901, 48.681954]}, "properties": {"route": "D25", "pr": "7", "abs": 6364, "label": "D25 PR7+6364"}}, {"type": "Feature", "geometry": {"type": "Point", "coordinates": [2.37640646, 48.70048149]}, "properties": {"route": "D25", "pr": "10", "abs": 9668, "label": "D25 PR10+9668"}}, {"type": "Feature", "geometry": {"type": "Point", "coordinates": [2.36623968, 48.69441402]}, "properties": {"route": "D25", "pr": "9", "abs": 8664, "label": "D25 PR9+8664"}}, {"type": "Feature", "geometry": {"type": "Point", "coordinates": [2.33527077, 48.67486148]}, "properties": {"route": "D25", "pr": "6", "abs": 5357, "label": "D25 PR6+5357 (D)"}}, {"type": "Feature", "geometry": {"type": "Point", "coordinates": [2.41519282, 48.52893376]}, "properties": {"route": "D74", "pr": "5", "abs": 4937, "label": "D74 PR5+4937"}}, {"type": "Feature", "geometry": {"type": "Point", "coordinates": [2.40215951, 48.52701935]}, "properties": {"route": "D74", "pr": "4", "abs": 3942, "label": "D74 PR4+3942"}}, {"type": "Feature", "geometry": {"type": "Point", "coordinates": [2.49661001, 48.70699563]}, "properties": {"route": "D94", "pr": "3", "abs": 3218, "label": "D94 PR3+3218"}}, {"type": "Feature", "geometry": {"type": "Point", "coordinates": [2.5235495, 48.69732464]}, "properties": {"route": "D94", "pr": "6", "abs": 6719, "label": "D94 PR6+6719"}}, {"type": "Feature", "geometry": {"type": "Point", "coordinates": [2.1750873, 48.7155219]}, "properties": {"route": "D128", "pr": "2", "abs": 2669, "label": "D128 PR2+2669"}}, {"type": "Feature", "geometry": {"type": "Point", "coordinates": [2.18951858, 48.71360596]}, "properties": {"route": "D128", "pr": "3", "abs": 3645, "label": "D128 PR3+3645"}}, {"type": "Feature", "geometry": {"type": "Point", "coordinates": [2.07779094, 48.64365655]}, "properties": {"route": "D24", "pr": "18", "abs": 4775, "label": "D24 PR18+4775"}}, {"type": "Feature", "geometry": {"type": "Point", "coordinates": [2.16506938, 48.37436838]}, "properties": {"route": "D721", "pr": "7", "abs": 6907, "label": "D721 PR7+6907"}}, {"type": "Feature", "geometry": {"type": "Point", "coordinates": [2.00348601, 48.44735084]}, "properties": {"route": "D113", "pr": "7", "abs": 7014, "label": "D113 PR7+7014"}}, {"type": "Feature", "geometry": {"type": "Point", "coordinates": [2.47183564, 48.40072635]}, "properties": {"route": "D948", "pr": "19", "abs": 18753, "label": "D948 PR19+18753"}}, {"type": "Feature", "geometry": {"type": "Point", "coordinates": [2.48391194, 48.55927]}, "properties": {"route": "D948", "pr": "1", "abs": 1035, "label": "D948 PR1+1035"}}, {"type": "Feature", "geometry": {"type": "Point", "coordinates": [2.14888632, 48.73017569]}, "properties": {"route": "D36", "pr": "8", "abs": 8220, "label": "D36 PR8+8220"}}, {"type": "Feature", "geometry": {"type": "Point", "coordinates": [2.12372133, 48.73027153]}, "properties": {"route": "D36", "pr": "10", "abs": 10240, "label": "D36 PR10+10240"}}, {"type": "Feature", "geometry": {"type": "Point", "coordinates": [2.13558087, 48.72892785]}, "properties": {"route": "D36", "pr": "9", "abs": 9220, "label": "D36 PR9+9220"}}, {"type": "Feature", "geometry": {"type": "Point", "coordinates": [2.17952124, 48.72868122]}, "properties": {"route": "D36", "pr": "6", "abs": 5790, "label": "D36 PR6+5790"}}, {"type": "Feature", "geometry": {"type": "Point", "coordinates": [2.47633431, 48.43550229]}, "properties": {"route": "D372", "pr": "17", "abs": 2989, "label": "D372 PR17+2989"}}, {"type": "Feature", "geometry": {"type": "Point", "coordinates": [2.3099165, 48.71258927]}, "properties": {"route": "D167", "pr": "4", "abs": 4644, "label": "D167 PR4+4644"}}, {"type": "Feature", "geometry": {"type": "Point", "coordinates": [2.32247776, 48.72707694]}, "properties": {"route": "D167", "pr": "6", "abs": 6769, "label": "D167 PR6+6769"}}, {"type": "Feature", "geometry": {"type": "Point", "coordinates": [2.34347688, 48.68233495]}, "properties": {"route": "D167", "pr": "1", "abs": 1106, "label": "D167 PR1+1106"}}, {"type": "Feature", "geometry": {"type": "Point", "coordinates": [2.33888593, 48.70045844]}, "properties": {"route": "D167", "pr": "3", "abs": 3250, "label": "D167 PR3+3250"}}, {"type": "Feature", "geometry": {"type": "Point", "coordinates": [2.38254273, 48.68394503]}, "properties": {"route": "D931", "pr": "2", "abs": 1918, "label": "D931 PR2+1918"}}, {"type": "Feature", "geometry": {"type": "Point", "coordinates": [2.24342041, 48.69667368]}, "properties": {"route": "D59", "pr": "5", "abs": 4752, "label": "D59 PR5+4752"}}, {"type": "Feature", "geometry": {"type": "Point", "coordinates": [2.22552079, 48.67909507]}, "properties": {"route": "D59", "pr": "2", "abs": 2020, "label": "D59 PR2+2020"}}, {"type": "Feature", "geometry": {"type": "Point", "coordinates": [2.28106943, 48.71326355]}, "properties": {"route": "D59", "pr": "9", "abs": 8583, "label": "D59 PR9+8583"}}, {"type": "Feature", "geometry": {"type": "Point", "coordinates": [2.2337988, 48.69176761]}, "properties": {"route": "D59", "pr": "4", "abs": 3795, "label": "D59 PR4+3795"}}, {"type": "Feature", "geometry": {"type": "Point", "coordinates": [2.36348653, 48.61120555]}, "properties": {"route": "D312", "pr": "1", "abs": 1077, "label": "D312 PR1+1077"}}, {"type": "Feature", "geometry": {"type": "Point", "coordinates": [2.12722652, 48.67396168]}, "properties": {"route": "D988", "pr": "14", "abs": 11018, "label": "D988 PR14+11018"}}, {"type": "Feature", "geometry": {"type": "Point", "coordinates": [2.13857101, 48.67927578]}, "properties": {"route": "D988", "pr": "13", "abs": 10018, "label": "D988 PR13+10018"}}, {"type": "Feature", "geometry": {"type": "Point", "coordinates": [2.19402208, 48.69630964]}, "properties": {"route": "D988", "pr": "8", "abs": 5078, "label": "D988 PR8+5078"}}, {"type": "Feature", "geometry": {"type": "Point", "coordinates": [2.07309736, 48.64937992]}, "properties": {"route": "D988", "pr": "19", "abs": 16076, "label": "D988 PR19+16076"}}, {"type": "Feature", "geometry": {"type": "Point", "coordinates": [2.18113597, 48.69618859]}, "properties": {"route": "D988", "pr": "9", "abs": 5993, "label": "D988 PR9+5993"}}, {"type": "Feature", "geometry": {"type": "Point", "coordinates": [2.16855145, 48.69513367]}, "properties": {"route": "D988", "pr": "10", "abs": 7003, "label": "D988 PR10+7003"}}, {"type": "Feature", "geometry": {"type": "Point", "coordinates": [2.15745476, 48.69048274]}, "properties": {"route": "D988", "pr": "11", "abs": 8059, "label": "D988 PR11+8059"}}, {"type": "Feature", "geometry": {"type": "Point", "coordinates": [2.22034491, 48.49401474]}, "properties": {"route": "D17", "pr": "8", "abs": 8008, "label": "D17 PR8+8008"}}, {"type": "Feature", "geometry": {"type": "Point", "coordinates": [2.31227434, 48.5347683]}, "properties": {"route": "D17", "pr": "17", "abs": 17476, "label": "D17 PR17+17476"}}, {"type": "Feature", "geometry": {"type": "Point", "coordinates": [2.32352533, 48.53928946]}, "properties": {"route": "D17", "pr": "18", "abs": 18471, "label": "D17 PR18+18471"}}, {"type": "Feature", "geometry": {"type": "Point", "coordinates": [2.20259609, 48.48153669]}, "properties": {"route": "D17", "pr": "6", "abs": 6001, "label": "D17 PR6+6001"}}, {"type": "Feature", "geometry": {"type": "Point", "coordinates": [2.36012279, 48.63614142]}, "properties": {"route": "D445", "pr": "5", "abs": 3984, "label": "D445 PR5+3984 (G)"}}, {"type": "Feature", "geometry": {"type": "Point", "coordinates": [2.44053174, 48.53711963]}, "properties": {"route": "D153", "pr": "21", "abs": 20494, "label": "D153 PR21+20494"}}, {"type": "Feature", "geometry": {"type": "Point", "coordinates": [2.44578709, 48.59343734]}, "properties": {"route": "D260", "pr": "1", "abs": 745, "label": "D260 PR1+745"}}, {"type": "Feature", "geometry": {"type": "Point", "coordinates": [2.26822733, 48.40917513]}, "properties": {"route": "D145", "pr": "25", "abs": 24020, "label": "D145 PR25+24020"}}, {"type": "Feature", "geometry": {"type": "Point", "coordinates": [2.25468388, 48.39413597]}, "properties": {"route": "D145", "pr": "23", "abs": 22011, "label": "D145 PR23+22011"}}, {"type": "Feature", "geometry": {"type": "Point", "coordinates": [2.26054598, 48.40208826]}, "properties": {"route": "D145", "pr": "24", "abs": 23016, "label": "D145 PR24+23016"}}, {"type": "Feature", "geometry": {"type": "Point", "coordinates": [2.33903198, 48.65677992]}, "properties": {"route": "D117", "pr": "17", "abs": 14434, "label": "D117 PR17+14434"}}, {"type": "Feature", "geometry": {"type": "Point", "coordinates": [2.3221463, 48.57271377]}, "properties": {"route": "D117", "pr": "27", "abs": 20914, "label": "D117 PR27+20914"}}, {"type": "Feature", "geometry": {"type": "Point", "coordinates": [2.33693756, 48.66584159]}, "properties": {"route": "D117", "pr": "16", "abs": 13354, "label": "D117 PR16+13354"}}, {"type": "Feature", "geometry": {"type": "Point", "coordinates": [2.33613902, 48.64883464]}, "properties": {"route": "D117", "pr": "18", "abs": 15402, "label": "D117 PR18+15402"}}, {"type": "Feature", "geometry": {"type": "Point", "coordinates": [2.32036972, 48.67718092]}, "properties": {"route": "D117", "pr": "14", "abs": 11500, "label": "D117 PR14+11500"}}, {"type": "Feature", "geometry": {"type": "Point", "coordinates": [2.33123368, 48.67171675]}, "properties": {"route": "D117", "pr": "15", "abs": 12498, "label": "D117 PR15+12498"}}, {"type": "Feature", "geometry": {"type": "Point", "coordinates": [2.33295654, 48.64003217]}, "properties": {"route": "D117", "pr": "19", "abs": 16514, "label": "D117 PR19+16514"}}, {"type": "Feature", "geometry": {"type": "Point", "coordinates": [2.23100775, 48.65919024]}, "properties": {"route": "D35", "pr": "8", "abs": 7688, "label": "D35 PR8+7688"}}, {"type": "Feature", "geometry": {"type": "Point", "coordinates": [2.26549096, 48.64736138]}, "properties": {"route": "D35", "pr": "11", "abs": 10771, "label": "D35 PR11+10771"}}, {"type": "Feature", "geometry": {"type": "Point", "coordinates": [2.25312776, 48.64986886]}, "properties": {"route": "D35", "pr": "10", "abs": 9683, "label": "D35 PR10+9683"}}, {"type": "Feature", "geometry": {"type": "Point", "coordinates": [2.1434435, 48.66998199]}, "properties": {"route": "D35", "pr": "1", "abs": 1145, "label": "D35 PR1+1145"}}, {"type": "Feature", "geometry": {"type": "Point", "coordinates": [2.21846114, 48.66267522]}, "properties": {"route": "D35", "pr": "7", "abs": 6677, "label": "D35 PR7+6677"}}, {"type": "Feature", "geometry": {"type": "Point", "coordinates": [2.24306791, 48.65552095]}, "properties": {"route": "D35", "pr": "9", "abs": 8683, "label": "D35 PR9+8683"}}, {"type": "Feature", "geometry": {"type": "Point", "coordinates": [2.34116872, 48.35609916]}, "properties": {"route": "D1", "pr": "11", "abs": 10656, "label": "D1 PR11+10656"}}, {"type": "Feature", "geometry": {"type": "Point", "coordinates": [2.35170107, 48.36158616]}, "properties": {"route": "D1", "pr": "10", "abs": 9647, "label": "D1 PR10+9647"}}, {"type": "Feature", "geometry": {"type": "Point", "coordinates": [2.33223966, 48.34942539]}, "properties": {"route": "D1", "pr": "12", "abs": 11661, "label": "D1 PR12+11661"}}, {"type": "Feature", "geometry": {"type": "Point", "coordinates": [2.32501837, 48.34309985]}, "properties": {"route": "D1", "pr": "13", "abs": 12669, "label": "D1 PR13+12669"}}, {"type": "Feature", "geometry": {"type": "Point", "coordinates": [2.0582789, 48.4517065]}, "properties": {"route": "D82", "pr": "4", "abs": 3991, "label": "D82 PR4+3991"}}, {"type": "Feature", "geometry": {"type": "Point", "coordinates": [2.06077, 48.45965697]}, "properties": {"route": "D82", "pr": "5", "abs": 4936, "label": "D82 PR5+4936"}}, {"type": "Feature", "geometry": {"type": "Point", "coordinates": [2.18961705, 48.58814577]}, "properties": {"route": "D82", "pr": "24", "abs": 23999, "label": "D82 PR24+23999"}}, {"type": "Feature", "geometry": {"type": "Point", "coordinates": [2.05682905, 48.44628334]}, "properties": {"route": "D82", "pr": "3", "abs": 2998, "label": "D82 PR3+2998"}}, {"type": "Feature", "geometry": {"type": "Point", "coordinates": [2.09103496, 48.49403224]}, "properties": {"route": "D82", "pr": "10", "abs": 9946, "label": "D82 PR10+9946"}}, {"type": "Feature", "geometry": {"type": "Point", "coordinates": [2.48611781, 48.71106771]}, "properties": {"route": "D32", "pr": "5", "abs": 4438, "label": "D32 PR5+4438"}}, {"type": "Feature", "geometry": {"type": "Point", "coordinates": [2.38473205, 48.64969991]}, "properties": {"route": "D310", "pr": "2", "abs": 1281, "label": "D310 PR2+1281 (G)"}}, {"type": "Feature", "geometry": {"type": "Point", "coordinates": [2.265696, 48.52441233]}, "properties": {"route": "D99", "pr": "5", "abs": 4975, "label": "D99 PR5+4975"}}, {"type": "Feature", "geometry": {"type": "Point", "coordinates": [2.24555352, 48.53070493]}, "properties": {"route": "D99", "pr": "3", "abs": 2970, "label": "D99 PR3+2970"}}, {"type": "Feature", "geometry": {"type": "Point", "coordinates": [2.25822485, 48.52973303]}, "properties": {"route": "D99", "pr": "4", "abs": 3968, "label": "D99 PR4+3968"}}, {"type": "Feature", "geometry": {"type": "Point", "coordinates": [2.37251347, 48.60233359]}, "properties": {"route": "D31", "pr": "16", "abs": 8903, "label": "D31 PR16+8903"}}, {"type": "Feature", "geometry": {"type": "Point", "coordinates": [2.36526423, 48.57635196]}, "properties": {"route": "D31", "pr": "13", "abs": 5963, "label": "D31 PR13+5963"}}, {"type": "Feature", "geometry": {"type": "Point", "coordinates": [2.39168808, 48.61023303]}, "properties": {"route": "D31", "pr": "18", "abs": 10925, "label": "D31 PR18+10925"}}, {"type": "Feature", "geometry": {"type": "Point", "coordinates": [2.35454396, 48.50733969]}, "properties": {"route": "D31", "pr": "1", "abs": 1295, "label": "D31 PR1+1295"}}, {"type": "Feature", "geometry": {"type": "Point", "coordinates": [2.39684056, 48.62915389]}, "properties": {"route": "D31", "pr": "20", "abs": 13467, "label": "D31 PR20+13467"}}, {"type": "Feature", "geometry": {"type": "Point", "coordinates": [2.40294874, 48.64185529]}, "properties": {"route": "D31", "pr": "22", "abs": 15599, "label": "D31 PR22+15599"}}, {"type": "Feature", "geometry": {"type": "Point", "coordinates": [2.3851819, 48.60298439]}, "properties": {"route": "D31", "pr": "17", "abs": 9945, "label": "D31 PR17+9945"}}, {"type": "Feature", "geometry": {"type": "Point", "coordinates": [2.36713125, 48.58395872]}, "properties": {"route": "D31", "pr": "14", "abs": 6813, "label": "D31 PR14+6813"}}, {"type": "Feature", "geometry": {"type": "Point", "coordinates": [2.39564679, 48.63887436]}, "properties": {"route": "D31", "pr": "21", "abs": 14589, "label": "D31 PR21+14589"}}, {"type": "Feature", "geometry": {"type": "Point", "coordinates": [2.330303, 48.60779238]}, "properties": {"route": "D19", "pr": "18", "abs": 16164, "label": "D19 PR18+16164 (D)"}}, {"type": "Feature", "geometry": {"type": "Point", "coordinates": [2.14805161, 48.71557929]}, "properties": {"route": "D306", "pr": "4", "abs": 2012, "label": "D306 PR4+2012"}}, {"type": "Feature", "geometry": {"type": "Point", "coordinates": [2.14046223, 48.70817154]}, "properties": {"route": "D306", "pr": "5", "abs": 3013, "label": "D306 PR5+3013"}}, {"type": "Feature", "geometry": {"type": "Point", "coordinates": [2.16822472, 48.60687839]}, "properties": {"route": "D3", "pr": "4", "abs": 3983, "label": "D3 PR4+3983"}}, {"type": "Feature", "geometry": {"type": "Point", "coordinates": [2.18441254, 48.63989501]}, "properties": {"route": "D3", "pr": "8", "abs": 8074, "label": "D3 PR8+8074"}}, {"type": "Feature", "geometry": {"type": "Point", "coordinates": [2.1731697, 48.71412613]}, "properties": {"route": "D446", "pr": "4", "abs": 3049, "label": "D446 PR4+3049"}}, {"type": "Feature", "geometry": {"type": "Point", "coordinates": [2.1916964, 48.70321549]}, "properties": {"route": "D446", "pr": "6", "abs": 5184, "label": "D446 PR6+5184"}}, {"type": "Feature", "geometry": {"type": "Point", "coordinates": [2.41365335, 48.62156219]}, "properties": {"route": "D446", "pr": "17", "abs": 16739, "label": "D446 PR17+16739"}}, {"type": "Feature", "geometry": {"type": "Point", "coordinates": [2.45197888, 48.61987999]}, "properties": {"route": "N7", "pr": "FS", "abs": null, "label": "N7 PRFS (G)"}}, {"type": "Feature", "geometry": {"type": "Point", "coordinates": [2.20864379, 48.53367749]}, "properties": {"route": "N902008", "pr": "7", "abs": 1201, "label": "N902008 PR7+1201"}}, {"type": "Feature", "geometry": {"type": "Point", "coordinates": [2.20814172, 48.53167251]}, "properties": {"route": "N902008", "pr": "6", "abs": 1126, "label": "N902008 PR6+1126"}}, {"type": "Feature", "geometry": {"type": "Point", "coordinates": [2.20761761, 48.53059128]}, "properties": {"route": "N902008", "pr": "3", "abs": 341, "label": "N902008 PR3+341"}}, {"type": "Feature", "geometry": {"type": "Point", "coordinates": [2.20861759, 48.53056645]}, "properties": {"route": "N902008", "pr": "4", "abs": 646, "label": "N902008 PR4+646"}}, {"type": "Feature", "geometry": {"type": "Point", "coordinates": [2.20656549, 48.53074979]}, "properties": {"route": "N902008", "pr": "2", "abs": 196, "label": "N902008 PR2+196"}}, {"type": "Feature", "geometry": {"type": "Point", "coordinates": [2.20790504, 48.53093145]}, "properties": {"route": "N902008", "pr": "5", "abs": 1081, "label": "N902008 PR5+1081"}}, {"type": "Feature", "geometry": {"type": "Point", "coordinates": [2.15501093, 48.42843814]}, "properties": {"route": "N902013", "pr": "2", "abs": 595, "label": "N902013 PR2+595"}}, {"type": "Feature", "geometry": {"type": "Point", "coordinates": [2.44391581, 48.71923621]}, "properties": {"route": "D50", "pr": "0", "abs": 166, "label": "D50 PR0+166"}}, {"type": "Feature", "geometry": {"type": "Point", "coordinates": [2.44403242, 48.62805131]}, "properties": {"route": "N900707", "pr": "4", "abs": 735, "label": "N900707 PR4+735"}}, {"type": "Feature", "geometry": {"type": "Point", "coordinates": [2.44083526, 48.62628588]}, "properties": {"route": "N900707", "pr": "2", "abs": 265, "label": "N900707 PR2+265"}}, {"type": "Feature", "geometry": {"type": "Point", "coordinates": [2.44256047, 48.62763515]}, "properties": {"route": "N900707", "pr": "3", "abs": 560, "label": "N900707 PR3+560"}}, {"type": "Feature", "geometry": {"type": "Point", "coordinates": [2.4821569, 48.61633777]}, "properties": {"route": "D448", "pr": "15", "abs": 14845, "label": "D448 PR15+14845"}}, {"type": "Feature", "geometry": {"type": "Point", "coordinates": [2.24498889, 48.72542731]}, "properties": {"route": "D944400", "pr": "3", "abs": 770, "label": "D944400 PR3+770"}}, {"type": "Feature", "geometry": {"type": "Point", "coordinates": [2.24497637, 48.72544701]}, "properties": {"route": "D944400", "pr": "2", "abs": 330, "label": "D944400 PR2+330"}}, {"type": "Feature", "geometry": {"type": "Point", "coordinates": [2.36304304, 48.74377818]}, "properties": {"route": "N900701", "pr": "2", "abs": 175, "label": "N900701 PR2+175"}}, {"type": "Feature", "geometry": {"type": "Point", "coordinates": [2.25955066, 48.57205283]}, "properties": {"route": "D901901", "pr": "2", "abs": 195, "label": "D901901 PR2+195"}}, {"type": "Feature", "geometry": {"type": "Point", "coordinates": [2.25822713, 48.57572836]}, "properties": {"route": "D901901", "pr": "4", "abs": 550, "label": "D901901 PR4+550"}}, {"type": "Feature", "geometry": {"type": "Point", "coordinates": [2.26134553, 48.57463948]}, "properties": {"route": "D901901", "pr": "3", "abs": 380, "label": "D901901 PR3+380"}}, {"type": "Feature", "geometry": {"type": "Point", "coordinates": [1.99399122, 48.31528331]}, "properties": {"route": "N902019", "pr": "3", "abs": 490, "label": "N902019 PR3+490"}}, {"type": "Feature", "geometry": {"type": "Point", "coordinates": [1.99677111, 48.31834729]}, "properties": {"route": "N902019", "pr": "2", "abs": 235, "label": "N902019 PR2+235"}}, {"type": "Feature", "geometry": {"type": "Point", "coordinates": [1.99690334, 48.31678818]}, "properties": {"route": "N902019", "pr": "4", "abs": 725, "label": "N902019 PR4+725"}}, {"type": "Feature", "geometry": {"type": "Point", "coordinates": [2.1689246, 48.43473978]}, "properties": {"route": "N902012", "pr": "5", "abs": 660, "label": "N902012 PR5+660"}}, {"type": "Feature", "geometry": {"type": "Point", "coordinates": [2.16765062, 48.43519059]}, "properties": {"route": "N902012", "pr": "2", "abs": 155, "label": "N902012 PR2+155"}}, {"type": "Feature", "geometry": {"type": "Point", "coordinates": [2.16771479, 48.43370026]}, "properties": {"route": "N902012", "pr": "3", "abs": 320, "label": "N902012 PR3+320"}}, {"type": "Feature", "geometry": {"type": "Point", "coordinates": [2.16930563, 48.43484051]}, "properties": {"route": "N902012", "pr": "4", "abs": 485, "label": "N902012 PR4+485"}}, {"type": "Feature", "geometry": {"type": "Point", "coordinates": [2.17297353, 48.4504819]}, "properties": {"route": "D202", "pr": "0", "abs": 0, "label": "D202 PR0 (G)"}}, {"type": "Feature", "geometry": {"type": "Point", "coordinates": [2.2846866, 48.69457345]}, "properties": {"route": "N902001", "pr": "2", "abs": 275, "label": "N902001 PR2+275"}}, {"type": "Feature", "geometry": {"type": "Point", "coordinates": [2.28660239, 48.69417475]}, "properties": {"route": "N902001", "pr": "3", "abs": 475, "label": "N902001 PR3+475"}}, {"type": "Feature", "geometry": {"type": "Point", "coordinates": [2.40006206, 48.65934521]}, "properties": {"route": "N900704", "pr": "2", "abs": 280, "label": "N900704 PR2+280"}}, {"type": "Feature", "geometry": {"type": "Point", "coordinates": [2.40231067, 48.66254343]}, "properties": {"route": "N900704", "pr": "3", "abs": 550, "label": "N900704 PR3+550"}}, {"type": "Feature", "geometry": {"type": "Point", "coordinates": [2.24156924, 48.73107674]}, "properties": {"route": "D944401", "pr": "2", "abs": 260, "label": "D944401 PR2+260"}}, {"type": "Feature", "geometry": {"type": "Point", "coordinates": [2.24220925, 48.72969833]}, "properties": {"route": "D944401", "pr": "4", "abs": 720, "label": "D944401 PR4+720"}}, {"type": "Feature", "geometry": {"type": "Point", "coordinates": [2.23764869, 48.73167779]}, "properties": {"route": "D944401", "pr": "3", "abs": 500, "label": "D944401 PR3+500"}}, {"type": "Feature", "geometry": {"type": "Point", "coordinates": [2.24092137, 48.73074792]}, "properties": {"route": "D944401", "pr": "5", "abs": 910, "label": "D944401 PR5+910"}}, {"type": "Feature", "geometry": {"type": "Point", "coordinates": [2.16724299, 48.67585714]}, "properties": {"route": "D903501", "pr": "2", "abs": 285, "label": "D903501 PR2+285"}}, {"type": "Feature", "geometry": {"type": "Point", "coordinates": [2.45070171, 48.6208294]}, "properties": {"route": "N900708", "pr": "3", "abs": 370, "label": "N900708 PR3+370"}}, {"type": "Feature", "geometry": {"type": "Point", "coordinates": [2.44859052, 48.62276532]}, "properties": {"route": "N900708", "pr": "4", "abs": 545, "label": "N900708 PR4+545"}}, {"type": "Feature", "geometry": {"type": "Point", "coordinates": [2.44837634, 48.62235954]}, "properties": {"route": "N900708", "pr": "2", "abs": 185, "label": "N900708 PR2+185"}}, {"type": "Feature", "geometry": {"type": "Point", "coordinates": [2.33527077, 48.67486148]}, "properties": {"route": "D257", "pr": "0", "abs": 7, "label": "D257 PR0+7 (G)"}}, {"type": "Feature", "geometry": {"type": "Point", "coordinates": [2.1758129, 48.71571041]}, "properties": {"route": "D128", "pr": "2", "abs": 3103, "label": "D128 PR2+3103 (G)"}}, {"type": "Feature", "geometry": {"type": "Point", "coordinates": [2.32248256, 48.60457813]}, "properties": {"route": "D901904", "pr": "2", "abs": 195, "label": "D901904 PR2+195"}}, {"type": "Feature", "geometry": {"type": "Point", "coordinates": [2.3202454, 48.6049297]}, "properties": {"route": "D901904", "pr": "4", "abs": 595, "label": "D901904 PR4+595"}}, {"type": "Feature", "geometry": {"type": "Point", "coordinates": [2.32395259, 48.60596549]}, "properties": {"route": "D901904", "pr": "3", "abs": 360, "label": "D901904 PR3+360"}}, {"type": "Feature", "geometry": {"type": "Point", "coordinates": [2.36455332, 48.57293251]}, "properties": {"route": "D903101", "pr": "2", "abs": 120, "label": "D903101 PR2+120"}}, {"type": "Feature", "geometry": {"type": "Point", "coordinates": [2.36409827, 48.57178133]}, "properties": {"route": "D903101", "pr": "3", "abs": 235, "label": "D903101 PR3+235"}}, {"type": "Feature", "geometry": {"type": "Point", "coordinates": [2.17227565, 48.45906621]}, "properties": {"route": "D207", "pr": "0", "abs": 327, "label": "D207 PR0+327"}}, {"type": "Feature", "geometry": {"type": "Point", "coordinates": [2.26458754, 48.71134527]}, "properties": {"route": "D959101", "pr": "2", "abs": 299, "label": "D959101 PR2+299"}}, {"type": "Feature", "geometry": {"type": "Point", "coordinates": [2.07937176, 48.37178032]}, "properties": {"route": "N902016", "pr": "6", "abs": 270, "label": "N902016 PR6+270"}}, {"type": "Feature", "geometry": {"type": "Point", "coordinates": [2.07726145, 48.37083448]}, "properties": {"route": "N902016", "pr": "5", "abs": 165, "label": "N902016 PR5+165"}}, {"type": "Feature", "geometry": {"type": "Point", "coordinates": [2.07963364, 48.37263531]}, "properties": {"route": "N902016", "pr": "3", "abs": 75, "label": "N902016 PR3+75"}}, {"type": "Feature", "geometry": {"type": "Point", "coordinates": [2.21938122, 48.74687299]}, "properties": {"route": "D944405", "pr": "2", "abs": 80, "label": "D944405 PR2+80"}}, {"type": "Feature", "geometry": {"type": "Point", "coordinates": [2.22881872, 48.7357397]}, "properties": {"route": "D944402", "pr": "2", "abs": 165, "label": "D944402 PR2+165"}}, {"type": "Feature", "geometry": {"type": "Point", "coordinates": [2.29080103, 48.72790571]}, "properties": {"route": "D918801", "pr": "3", "abs": 55, "label": "D918801 PR3+55"}}, {"type": "Feature", "geometry": {"type": "Point", "coordinates": [2.29205504, 48.72787088]}, "properties": {"route": "D918801", "pr": "4", "abs": 90, "label": "D918801 PR4+90"}}, {"type": "Feature", "geometry": {"type": "Point", "coordinates": [2.28870161, 48.72882146]}, "properties": {"route": "D918801", "pr": "2", "abs": 30, "label": "D918801 PR2+30"}}, {"type": "Feature", "geometry": {"type": "Point", "coordinates": [2.22963446, 48.76801533]}, "properties": {"route": "D533", "pr": "2", "abs": 772, "label": "D533 PR2+772 (G)"}}, {"type": "Feature", "geometry": {"type": "Point", "coordinates": [2.2701367, 48.71895468]}, "properties": {"route": "D918804", "pr": "2", "abs": 190, "label": "D918804 PR2+190"}}, {"type": "Feature", "geometry": {"type": "Point", "coordinates": [2.22520966, 48.73987543]}, "properties": {"route": "D944403", "pr": "2", "abs": 175, "label": "D944403 PR2+175"}}, {"type": "Feature", "geometry": {"type": "Point", "coordinates": [2.22593324, 48.73757391]}, "properties": {"route": "D944403", "pr": "3", "abs": 410, "label": "D944403 PR3+410"}}, {"type": "Feature", "geometry": {"type": "Point", "coordinates": [2.03923187, 48.3449396]}, "properties": {"route": "N902017", "pr": "4", "abs": 230, "label": "N902017 PR4+230"}}, {"type": "Feature", "geometry": {"type": "Point", "coordinates": [2.28212627, 48.72587324]}, "properties": {"route": "D918802", "pr": "7", "abs": 1160, "label": "D918802 PR7+1160"}}, {"type": "Feature", "geometry": {"type": "Point", "coordinates": [2.28117602, 48.7260663]}, "properties": {"route": "D918802", "pr": "2", "abs": 200, "label": "D918802 PR2+200"}}, {"type": "Feature", "geometry": {"type": "Point", "coordinates": [2.27943116, 48.72423526]}, "properties": {"route": "D918802", "pr": "4", "abs": 645, "label": "D918802 PR4+645"}}, {"type": "Feature", "geometry": {"type": "Point", "coordinates": [2.28287124, 48.72557999]}, "properties": {"route": "D918802", "pr": "9", "abs": 1225, "label": "D918802 PR9+1225"}}, {"type": "Feature", "geometry": {"type": "Point", "coordinates": [2.28259219, 48.7261009]}, "properties": {"route": "D918802", "pr": "6", "abs": 1140, "label": "D918802 PR6+1140"}}, {"type": "Feature", "geometry": {"type": "Point", "coordinates": [2.28425426, 48.72505581]}, "properties": {"route": "D918802", "pr": "5", "abs": 915, "label": "D918802 PR5+915"}}, {"type": "Feature", "geometry": {"type": "Point", "coordinates": [2.2822855, 48.7253669]}, "properties": {"route": "D918802", "pr": "8", "abs": 1180, "label": "D918802 PR8+1180"}}, {"type": "Feature", "geometry": {"type": "Point", "coordinates": [2.50141398, 48.64119711]}, "properties": {"route": "D903301", "pr": "3", "abs": 310, "label": "D903301 PR3+310"}}, {"type": "Feature", "geometry": {"type": "Point", "coordinates": [2.50078348, 48.63728881]}, "properties": {"route": "D903301", "pr": "4", "abs": 385, "label": "D903301 PR4+385"}}, {"type": "Feature", "geometry": {"type": "Point", "coordinates": [2.36650316, 48.74610634]}, "properties": {"route": "N7", "pr": "0", "abs": 0, "label": "N7 PR0 (G)"}}, {"type": "Feature", "geometry": {"type": "Point", "coordinates": [2.46154523, 48.61145006]}, "properties": {"route": "N7", "pr": "18", "abs": 15476, "label": "N7 PR18+15476 (G)"}}, {"type": "Feature", "geometry": {"type": "Point", "coordinates": [2.44035906, 48.62970542]}, "properties": {"route": "N900706", "pr": "3", "abs": 165, "label": "N900706 PR3+165"}}, {"type": "Feature", "geometry": {"type": "Point", "coordinates": [2.43628297, 48.6319386]}, "properties": {"route": "N900706", "pr": "2", "abs": 65, "label": "N900706 PR2+65"}}, {"type": "Feature", "geometry": {"type": "Point", "coordinates": [2.43919001, 48.63204677]}, "properties": {"route": "N900706", "pr": "4", "abs": 385, "label": "N900706 PR4+385"}}, {"type": "Feature", "geometry": {"type": "Point", "coordinates": [2.33992539, 48.6658168]}, "properties": {"route": "D925701", "pr": "2", "abs": 104, "label": "D925701 PR2+104"}}, {"type": "Feature", "geometry": {"type": "Point", "coordinates": [2.27314083, 48.65153439]}, "properties": {"route": "N902004", "pr": "5", "abs": 60, "label": "N902004 PR5+60"}}, {"type": "Feature", "geometry": {"type": "Point", "coordinates": [2.29998595, 48.57766895]}, "properties": {"route": "D901903", "pr": "2", "abs": 180, "label": "D901903 PR2+180"}}, {"type": "Feature", "geometry": {"type": "Point", "coordinates": [2.42860208, 48.64075234]}, "properties": {"route": "N900705", "pr": "4", "abs": 970, "label": "N900705 PR4+970"}}, {"type": "Feature", "geometry": {"type": "Point", "coordinates": [2.4276719, 48.63979889]}, "properties": {"route": "N900705", "pr": "2", "abs": 335, "label": "N900705 PR2+335"}}, {"type": "Feature", "geometry": {"type": "Point", "coordinates": [2.43168936, 48.63793094]}, "properties": {"route": "N900705", "pr": "3", "abs": 625, "label": "N900705 PR3+625"}}, {"type": "Feature", "geometry": {"type": "Point", "coordinates": [2.23463425, 48.57298905]}, "properties": {"route": "N902006", "pr": "2", "abs": 409, "label": "N902006 PR2+409"}}, {"type": "Feature", "geometry": {"type": "Point", "coordinates": [2.23479808, 48.57207433]}, "properties": {"route": "N902006", "pr": "3", "abs": 739, "label": "N902006 PR3+739"}}, {"type": "Feature", "geometry": {"type": "Point", "coordinates": [2.23846043, 48.57368379]}, "properties": {"route": "N902006", "pr": "6", "abs": 1575, "label": "N902006 PR6+1575"}}, {"type": "Feature", "geometry": {"type": "Point", "coordinates": [2.23450695, 48.57140317]}, "properties": {"route": "N902006", "pr": "5", "abs": 1314, "label": "N902006 PR5+1314"}}, {"type": "Feature", "geometry": {"type": "Point", "coordinates": [2.23175127, 48.57158062]}, "properties": {"route": "N902006", "pr": "4", "abs": 974, "label": "N902006 PR4+974"}}, {"type": "Feature", "geometry": {"type": "Point", "coordinates": [2.35529468, 48.62847752]}, "properties": {"route": "D445", "pr": "6", "abs": 4712, "label": "D445 PR6+4712 (G)"}}, {"type": "Feature", "geometry": {"type": "Point", "coordinates": [1.99169902, 48.30085268]}, "properties": {"route": "N902020", "pr": "2", "abs": 135, "label": "N902020 PR2+135"}}, {"type": "Feature", "geometry": {"type": "Point", "coordinates": [2.20439277, 48.68404536]}, "properties": {"route": "D911801", "pr": "5", "abs": 485, "label": "D911801 PR5+485"}}, {"type": "Feature", "geometry": {"type": "Point", "coordinates": [2.20584079, 48.68432037]}, "properties": {"route": "D911801", "pr": "2", "abs": 200, "label": "D911801 PR2+200"}}, {"type": "Feature", "geometry": {"type": "Point", "coordinates": [2.20769735, 48.68560551]}, "properties": {"route": "D911801", "pr": "3", "abs": 365, "label": "D911801 PR3+365"}}, {"type": "Feature", "geometry": {"type": "Point", "coordinates": [2.20845494, 48.68563483]}, "properties": {"route": "D911801", "pr": "4", "abs": 405, "label": "D911801 PR4+405"}}, {"type": "Feature", "geometry": {"type": "Point", "coordinates": [2.18969168, 48.58744101]}, "properties": {"route": "D9116D1", "pr": "2", "abs": 149, "label": "D9116D1 PR2+149"}}, {"type": "Feature", "geometry": {"type": "Point", "coordinates": [2.19124142, 48.5864827]}, "properties": {"route": "D9116D1", "pr": "4", "abs": 625, "label": "D9116D1 PR4+625"}}, {"type": "Feature", "geometry": {"type": "Point", "coordinates": [2.18810376, 48.58587302]}, "properties": {"route": "D9116D1", "pr": "3", "abs": 440, "label": "D9116D1 PR3+440"}}, {"type": "Feature", "geometry": {"type": "Point", "coordinates": [2.28863898, 48.57726252]}, "properties": {"route": "D901902", "pr": "3", "abs": 705, "label": "D901902 PR3+705"}}, {"type": "Feature", "geometry": {"type": "Point", "coordinates": [2.28906973, 48.57678922]}, "properties": {"route": "D901902", "pr": "2", "abs": 360, "label": "D901902 PR2+360"}}, {"type": "Feature", "geometry": {"type": "Point", "coordinates": [2.28755959, 48.5792765]}, "properties": {"route": "D901902", "pr": "4", "abs": 855, "label": "D901902 PR4+855"}}, {"type": "Feature", "geometry": {"type": "Point", "coordinates": [2.50286892, 48.64149283]}, "properties": {"route": "D903301", "pr": "2", "abs": 19, "label": "D903301 PR2+19 (G)"}}, {"type": "Feature", "geometry": {"type": "Point", "coordinates": [2.26170244, 48.62762205]}, "properties": {"route": "N902041", "pr": "2", "abs": 180, "label": "N902041 PR2+180"}}, {"type": "Feature", "geometry": {"type": "Point", "coordinates": [2.26113245, 48.62378108]}, "properties": {"route": "N902041", "pr": "3", "abs": 460, "label": "N902041 PR3+460"}}, {"type": "Feature", "geometry": {"type": "Point", "coordinates": [2.26259718, 48.62614246]}, "properties": {"route": "N902041", "pr": "4", "abs": 655, "label": "N902041 PR4+655"}}, {"type": "Feature", "geometry": {"type": "Point", "coordinates": [2.45938226, 48.63844661]}, "properties": {"route": "D93", "pr": "0", "abs": 0, "label": "D93 PR0 (G)"}}, {"type": "Feature", "geometry": {"type": "Point", "coordinates": [2.22437454, 48.55930196]}, "properties": {"route": "N902007", "pr": "2", "abs": 175, "label": "N902007 PR2+175"}}, {"type": "Feature", "geometry": {"type": "Point", "coordinates": [2.22499276, 48.55891916]}, "properties": {"route": "N902007", "pr": "3", "abs": 285, "label": "N902007 PR3+285"}}, {"type": "Feature", "geometry": {"type": "Point", "coordinates": [2.22909218, 48.56012337]}, "properties": {"route": "N902007", "pr": "4", "abs": 510, "label": "N902007 PR4+510"}}, {"type": "Feature", "geometry": {"type": "Point", "coordinates": [2.22826507, 48.55978336]}, "properties": {"route": "N902007", "pr": "5", "abs": 770, "label": "N902007 PR5+770"}}, {"type": "Feature", "geometry": {"type": "Point", "coordinates": [2.22723388, 48.55995748]}, "properties": {"route": "N902007", "pr": "6", "abs": 800, "label": "N902007 PR6+800"}}, {"type": "Feature", "geometry": {"type": "Point", "coordinates": [2.35504468, 48.62828277]}, "properties": {"route": "D445", "pr": "6", "abs": 5924, "label": "D445 PR6+5924 (D)"}}, {"type": "Feature", "geometry": {"type": "Point", "coordinates": [2.24592259, 48.59782182]}, "properties": {"route": "N902005", "pr": "8", "abs": 1105, "label": "N902005 PR8+1105"}}, {"type": "Feature", "geometry": {"type": "Point", "coordinates": [2.24567137, 48.59859745]}, "properties": {"route": "N902005", "pr": "7", "abs": 860, "label": "N902005 PR7+860"}}, {"type": "Feature", "geometry": {"type": "Point", "coordinates": [2.24399388, 48.59633071]}, "properties": {"route": "N902005", "pr": "6", "abs": 710, "label": "N902005 PR6+710"}}, {"type": "Feature", "geometry": {"type": "Point", "coordinates": [2.24460468, 48.59808154]}, "properties": {"route": "N902005", "pr": "4", "abs": 415, "label": "N902005 PR4+415"}}, {"type": "Feature", "geometry": {"type": "Point", "coordinates": [2.24409259, 48.59700871]}, "properties": {"route": "N902005", "pr": "5", "abs": 650, "label": "N902005 PR5+650"}}, {"type": "Feature", "geometry": {"type": "Point", "coordinates": [2.24569261, 48.59957091]}, "properties": {"route": "N902005", "pr": "2", "abs": 240, "label": "N902005 PR2+240"}}, {"type": "Feature", "geometry": {"type": "Point", "coordinates": [2.28726847, 48.70521267]}, "properties": {"route": "N20", "pr": "3", "abs": 3015, "label": "N20 PR3+3015 (G)"}}, {"type": "Feature", "geometry": {"type": "Point", "coordinates": [2.18808086, 48.58586297]}, "properties": {"route": "D116D", "pr": "3", "abs": 4119, "label": "D116D PR3+4119 (G)"}}, {"type": "Feature", "geometry": {"type": "Point", "coordinates": [2.28002961, 48.67045245]}, "properties": {"route": "N902003", "pr": "4", "abs": 590, "label": "N902003 PR4+590"}}, {"type": "Feature", "geometry": {"type": "Point", "coordinates": [2.28153373, 48.66990653]}, "properties": {"route": "N902003", "pr": "5", "abs": 720, "label": "N902003 PR5+720"}}, {"type": "Feature", "geometry": {"type": "Point", "coordinates": [2.27882298, 48.67049913]}, "properties": {"route": "N902003", "pr": "2", "abs": 255, "label": "N902003 PR2+255"}}, {"type": "Feature", "geometry": {"type": "Point", "coordinates": [2.28054507, 48.670201]}, "properties": {"route": "N902003", "pr": "3", "abs": 440, "label": "N902003 PR3+440"}}, {"type": "Feature", "geometry": {"type": "Point", "coordinates": [2.50281571, 48.64137837]}, "properties": {"route": "D903301", "pr": "2", "abs": 95, "label": "D903301 PR2+95 (D)"}}, {"type": "Feature", "geometry": {"type": "Point", "coordinates": [2.10749928, 48.70360022]}, "properties": {"route": "D306", "pr": "8", "abs": 6082, "label": "D306 PR8+6082"}}, {"type": "Feature", "geometry": {"type": "Point", "coordinates": [2.27615748, 48.72198118]}, "properties": {"route": "D918803", "pr": "3", "abs": 150, "label": "D918803 PR3+150"}}, {"type": "Feature", "geometry": {"type": "Point", "coordinates": [2.27438848, 48.72151891]}, "properties": {"route": "D918803", "pr": "2", "abs": 50, "label": "D918803 PR2+50"}}, {"type": "Feature", "geometry": {"type": "Point", "coordinates": [2.30848327, 48.71202241]}, "properties": {"route": "D120B1", "pr": "FS", "abs": null, "label": "D120B1 PRFS"}}, {"type": "Feature", "geometry": {"type": "Point", "coordinates": [2.39896572, 48.71659155]}, "properties": {"route": "D118A", "pr": "FS", "abs": null, "label": "D118A PRFS"}}, {"type": "Feature", "geometry": {"type": "Point", "coordinates": [2.27050487, 48.64770162]}, "properties": {"route": "D351B1", "pr": "FS", "abs": null, "label": "D351B1 PRFS"}}, {"type": "Feature", "geometry": {"type": "Point", "coordinates": [2.50099446, 48.69529586]}, "properties": {"route": "D94", "pr": "FS", "abs": null, "label": "D94 PRFS (G)"}}, {"type": "Feature", "geometry": {"type": "Point", "coordinates": [2.50104776, 48.63775496]}, "properties": {"route": "D33", "pr": "FS", "abs": null, "label": "D33 PRFS (G)"}}, {"type": "Feature", "geometry": {"type": "Point", "coordinates": [2.17467393, 48.71553164]}, "properties": {"route": "D128", "pr": "FS", "abs": null, "label": "D128 PRFS (G)"}}, {"type": "Feature", "geometry": {"type": "Point", "coordinates": [2.50157811, 48.64163586]}, "properties": {"route": "D331", "pr": "FS", "abs": null, "label": "D331 PRFS (G)"}}, {"type": "Feature", "geometry": {"type": "Point", "coordinates": [2.27456488, 48.73838124]}, "properties": {"route": "D60", "pr": "DS", "abs": null, "label": "D60 PRDS"}}, {"type": "Feature", "geometry": {"type": "Point", "coordinates": [2.27456488, 48.73838124]}, "properties": {"route": "D60", "pr": "FS", "abs": null, "label": "D60 PRFS"}}, {"type": "Feature", "geometry": {"type": "Point", "coordinates": [2.13137575, 48.5540901]}, "properties": {"route": "D216", "pr": "FS", "abs": null, "label": "D216 PRFS"}}, {"type": "Feature", "geometry": {"type": "Point", "coordinates": [2.37108491, 48.65510488]}, "properties": {"route": "D445", "pr": "FS", "abs": null, "label": "D445 PRFS (G)"}}, {"type": "Feature", "geometry": {"type": "Point", "coordinates": [2.35101133, 48.61474357]}, "properties": {"route": "D19", "pr": "FS", "abs": null, "label": "D19 PRFS (D)"}}, {"type": "Feature", "geometry": {"type": "Point", "coordinates": [2.49307564, 48.5622159]}, "properties": {"route": "N7", "pr": "FS", "abs": null, "label": "N7 PRFS"}}, {"type": "Feature", "geometry": {"type": "Point", "coordinates": [2.12625, 48.61746339]}, "properties": {"route": "D131", "pr": "FS", "abs": null, "label": "D131 PRFS"}}, {"type": "Feature", "geometry": {"type": "Point", "coordinates": [2.33807575, 48.69200514]}, "properties": {"route": "D167", "pr": "FS", "abs": null, "label": "D167 PRFS (G)"}}, {"type": "Feature", "geometry": {"type": "Point", "coordinates": [2.13375389, 48.42050875]}, "properties": {"route": "N902014", "pr": "FS", "abs": null, "label": "N902014 PRFS"}}, {"type": "Feature", "geometry": {"type": "Point", "coordinates": [2.22572333, 48.73916639]}, "properties": {"route": "D944403", "pr": "FS", "abs": null, "label": "D944403 PRFS"}}, {"type": "Feature", "geometry": {"type": "Point", "coordinates": [2.46142664, 48.6115053]}, "properties": {"route": "D446", "pr": "DS", "abs": null, "label": "D446 PRDS"}}, {"type": "Feature", "geometry": {"type": "Point", "coordinates": [2.46142664, 48.6115053]}, "properties": {"route": "N7", "pr": "FS", "abs": null, "label": "N7 PRFS (D)"}}, {"type": "Feature", "geometry": {"type": "Point", "coordinates": [2.45884012, 48.63876707]}, "properties": {"route": "D93", "pr": "FS", "abs": null, "label": "D93 PRFS"}}, {"type": "Feature", "geometry": {"type": "Point", "coordinates": [2.21159448, 48.75040165]}, "properties": {"route": "D117", "pr": "FS", "abs": null, "label": "D117 PRFS (G)"}}, {"type": "Feature", "geometry": {"type": "Point", "coordinates": [2.51221615, 48.73255525]}, "properties": {"route": "D941", "pr": "FS", "abs": null, "label": "D941 PRFS"}}, {"type": "Feature", "geometry": {"type": "Point", "coordinates": [2.38620973, 48.64987304]}, "properties": {"route": "D310", "pr": "DS", "abs": null, "label": "D310 PRDS (G)"}}, {"type": "Feature", "geometry": {"type": "Point", "coordinates": [2.38620973, 48.64987304]}, "properties": {"route": "D310", "pr": "FS", "abs": null, "label": "D310 PRFS (D)"}}, {"type": "Feature", "geometry": {"type": "Point", "coordinates": [2.29678062, 48.70406022]}, "properties": {"route": "D217", "pr": "FS", "abs": null, "label": "D217 PRFS"}}, {"type": "Feature", "geometry": {"type": "Point", "coordinates": [2.44560084, 48.62845711]}, "properties": {"route": "D91", "pr": "FS", "abs": null, "label": "D91 PRFS (G)"}}, {"type": "Feature", "geometry": {"type": "Point", "coordinates": [2.17840254, 48.67506833]}, "properties": {"route": "D903502", "pr": "FS", "abs": null, "label": "D903502 PRFS"}}, {"type": "Feature", "geometry": {"type": "Point", "coordinates": [2.45156339, 48.62534988]}, "properties": {"route": "D930", "pr": "FS", "abs": null, "label": "D930 PRFS"}}, {"type": "Feature", "geometry": {"type": "Point", "coordinates": [2.24538159, 48.59800101]}, "properties": {"route": "D449", "pr": "FS", "abs": null, "label": "D449 PRFS"}}, {"type": "Feature", "geometry": {"type": "Point", "coordinates": [2.42088937, 48.64570739]}, "properties": {"route": "D909101", "pr": "FS", "abs": null, "label": "D909101 PRFS"}}, {"type": "Feature", "geometry": {"type": "Point", "coordinates": [2.13651068, 48.67234989]}, "properties": {"route": "D988D", "pr": "FS", "abs": null, "label": "D988D PRFS (G)"}}, {"type": "Feature", "geometry": {"type": "Point", "coordinates": [2.33924936, 48.54002649]}, "properties": {"route": "D8", "pr": "FS", "abs": null, "label": "D8 PRFS"}}, {"type": "Feature", "geometry": {"type": "Point", "coordinates": [2.29355097, 48.66470545]}, "properties": {"route": "D186", "pr": "FS", "abs": null, "label": "D186 PRFS"}}, {"type": "Feature", "geometry": {"type": "Point", "coordinates": [2.37892192, 48.71258525]}, "properties": {"route": "D25", "pr": "FS", "abs": null, "label": "D25 PRFS"}}, {"type": "Feature", "geometry": {"type": "Point", "coordinates": [2.20795283, 48.53234056]}, "properties": {"route": "N902008", "pr": "FS", "abs": null, "label": "N902008 PRFS"}}, {"type": "Feature", "geometry": {"type": "Point", "coordinates": [2.40112788, 48.66243225]}, "properties": {"route": "N900704", "pr": "FS", "abs": null, "label": "N900704 PRFS"}}, {"type": "Feature", "geometry": {"type": "Point", "coordinates": [2.45671766, 48.61546973]}, "properties": {"route": "N7", "pr": "FS", "abs": null, "label": "N7 PRFS (D)"}}, {"type": "Feature", "geometry": {"type": "Point", "coordinates": [2.35103908, 48.49648287]}, "properties": {"route": "D449", "pr": "FS", "abs": null, "label": "D449 PRFS"}}, {"type": "Feature", "geometry": {"type": "Point", "coordinates": [2.31084378, 48.70844268]}, "properties": {"route": "D118B", "pr": "FS", "abs": null, "label": "D118B PRFS"}}, {"type": "Feature", "geometry": {"type": "Point", "coordinates": [2.31549964, 48.73357706]}, "properties": {"route": "D32", "pr": "FS", "abs": null, "label": "D32 PRFS"}}, {"type": "Feature", "geometry": {"type": "Point", "coordinates": [2.50116696, 48.63735248]}, "properties": {"route": "D33", "pr": "FS", "abs": null, "label": "D33 PRFS"}}, {"type": "Feature", "geometry": {"type": "Point", "coordinates": [2.43208721, 48.57100172]}, "properties": {"route": "D153", "pr": "FS", "abs": null, "label": "D153 PRFS"}}, {"type": "Feature", "geometry": {"type": "Point", "coordinates": [2.42405812, 48.47793119]}, "properties": {"route": "D90", "pr": "FS", "abs": null, "label": "D90 PRFS"}}, {"type": "Feature", "geometry": {"type": "Point", "coordinates": [2.17029107, 48.69305265]}, "properties": {"route": "D188", "pr": "FS", "abs": null, "label": "D188 PRFS (G)"}}, {"type": "Feature", "geometry": {"type": "Point", "coordinates": [2.05415686, 48.35464935]}, "properties": {"route": "D184", "pr": "FS", "abs": null, "label": "D184 PRFS"}}, {"type": "Feature", "geometry": {"type": "Point", "coordinates": [2.27064509, 48.7601446]}, "properties": {"route": "D60", "pr": "FS", "abs": null, "label": "D60 PRFS"}}, {"type": "Feature", "geometry": {"type": "Point", "coordinates": [2.50299566, 48.64329687]}, "properties": {"route": "D903301", "pr": "FS", "abs": null, "label": "D903301 PRFS"}}, {"type": "Feature", "geometry": {"type": "Point", "coordinates": [2.48799585, 48.71248163]}, "properties": {"route": "D52", "pr": "FS", "abs": null, "label": "D52 PRFS"}}, {"type": "Feature", "geometry": {"type": "Point", "coordinates": [2.46267692, 48.72377174]}, "properties": {"route": "D323", "pr": "FS", "abs": null, "label": "D323 PRFS (G)"}}, {"type": "Feature", "geometry": {"type": "Point", "coordinates": [2.38463863, 48.70588777]}, "properties": {"route": "D25E", "pr": "FS", "abs": null, "label": "D25E PRFS"}}, {"type": "Feature", "geometry": {"type": "Point", "coordinates": [2.17458008, 48.45066222]}, "properties": {"route": "D202", "pr": "FS", "abs": null, "label": "D202 PRFS"}}, {"type": "Feature", "geometry": {"type": "Point", "coordinates": [2.49314675, 48.56229087]}, "properties": {"route": "N7", "pr": "FS", "abs": null, "label": "N7 PRFS (G)"}}, {"type": "Feature", "geometry": {"type": "Point", "coordinates": [2.2729517, 48.59529399]}, "properties": {"route": "D152", "pr": "FS", "abs": null, "label": "D152 PRFS"}}, {"type": "Feature", "geometry": {"type": "Point", "coordinates": [1.98112989, 48.28788412]}, "properties": {"route": "N20", "pr": "DS", "abs": null, "label": "N20 PRDS"}}, {"type": "Feature", "geometry": {"type": "Point", "coordinates": [1.98112989, 48.28788412]}, "properties": {"route": "N20", "pr": "FS", "abs": null, "label": "N20 PRFS (D)"}}, {"type": "Feature", "geometry": {"type": "Point", "coordinates": [2.44289588, 48.71277517]}, "properties": {"route": "N900602", "pr": "FS", "abs": null, "label": "N900602 PRFS"}}, {"type": "Feature", "geometry": {"type": "Point", "coordinates": [2.12751467, 48.55199724]}, "properties": {"route": "D232", "pr": "FS", "abs": null, "label": "D232 PRFS"}}, {"type": "Feature", "geometry": {"type": "Point", "coordinates": [2.16283501, 48.7303517]}, "properties": {"route": "D306", "pr": "FS", "abs": null, "label": "D306 PRFS"}}, {"type": "Feature", "geometry": {"type": "Point", "coordinates": [2.35245193, 48.61629052]}, "properties": {"route": "D312B", "pr": "FS", "abs": null, "label": "D312B PRFS"}}, {"type": "Feature", "geometry": {"type": "Point", "coordinates": [1.99179947, 48.30871147]}, "properties": {"route": "N902020", "pr": "FS", "abs": null, "label": "N902020 PRFS"}}, {"type": "Feature", "geometry": {"type": "Point", "coordinates": [2.1757971, 48.45618837]}, "properties": {"route": "D207Z", "pr": "FS", "abs": null, "label": "D207Z PRFS"}}, {"type": "Feature", "geometry": {"type": "Point", "coordinates": [2.34018104, 48.62768233]}, "properties": {"route": "D117", "pr": "FS", "abs": null, "label": "D117 PRFS"}}, {"type": "Feature", "geometry": {"type": "Point", "coordinates": [2.44366446, 48.71935197]}, "properties": {"route": "D50", "pr": "FS", "abs": null, "label": "D50 PRFS (G)"}}, {"type": "Feature", "geometry": {"type": "Point", "coordinates": [2.28287695, 48.57699584]}, "properties": {"route": "D901902", "pr": "FS", "abs": null, "label": "D901902 PRFS"}}, {"type": "Feature", "geometry": {"type": "Point", "coordinates": [2.35946365, 48.63499549]}, "properties": {"route": "D445", "pr": "FS", "abs": null, "label": "D445 PRFS (G)"}}, {"type": "Feature", "geometry": {"type": "Point", "coordinates": [2.53826015, 48.68047339]}, "properties": {"route": "D330", "pr": "FS", "abs": null, "label": "D330 PRFS (G)"}}, {"type": "Feature", "geometry": {"type": "Point", "coordinates": [2.15695122, 48.42816224]}, "properties": {"route": "N902013", "pr": "FS", "abs": null, "label": "N902013 PRFS"}}, {"type": "Feature", "geometry": {"type": "Point", "coordinates": [2.4775034, 48.59242757]}, "properties": {"route": "N7", "pr": "FS", "abs": null, "label": "N7 PRFS (G)"}}, {"type": "Feature", "geometry": {"type": "Point", "coordinates": [2.44657651, 48.59290578]}, "properties": {"route": "D260", "pr": "FS", "abs": null, "label": "D260 PRFS (G)"}}, {"type": "Feature", "geometry": {"type": "Point", "coordinates": [2.09187683, 48.57217672]}, "properties": {"route": "D132", "pr": "FS", "abs": null, "label": "D132 PRFS (G)"}}, {"type": "Feature", "geometry": {"type": "Point", "coordinates": [2.43561167, 48.59275805]}, "properties": {"route": "D260", "pr": "FS", "abs": null, "label": "D260 PRFS (G)"}}, {"type": "Feature", "geometry": {"type": "Point", "coordinates": [2.49016437, 48.6201908]}, "properties": {"route": "D947", "pr": "FS", "abs": null, "label": "D947 PRFS (G)"}}, {"type": "Feature", "geometry": {"type": "Point", "coordinates": [2.50491047, 48.55252612]}, "properties": {"route": "N7", "pr": "FS", "abs": null, "label": "N7 PRFS (G)"}}, {"type": "Feature", "geometry": {"type": "Point", "coordinates": [2.38323409, 48.6496355]}, "properties": {"route": "D310", "pr": "FS", "abs": null, "label": "D310 PRFS"}}, {"type": "Feature", "geometry": {"type": "Point", "coordinates": [2.10332524, 48.31862556]}, "properties": {"route": "D183", "pr": "FS", "abs": null, "label": "D183 PRFS"}}, {"type": "Feature", "geometry": {"type": "Point", "coordinates": [2.17342409, 48.7144562]}, "properties": {"route": "D446", "pr": "FS", "abs": null, "label": "D446 PRFS"}}, {"type": "Feature", "geometry": {"type": "Point", "coordinates": [2.28546307, 48.69691136]}, "properties": {"route": "N902001", "pr": "FS", "abs": null, "label": "N902001 PRFS"}}, {"type": "Feature", "geometry": {"type": "Point", "coordinates": [1.9823116, 48.55681241]}, "properties": {"route": "D149", "pr": "FS", "abs": null, "label": "D149 PRFS"}}, {"type": "Feature", "geometry": {"type": "Point", "coordinates": [2.42869446, 48.62470717]}, "properties": {"route": "D93", "pr": "DS", "abs": null, "label": "D93 PRDS"}}, {"type": "Feature", "geometry": {"type": "Point", "coordinates": [2.42869446, 48.62470717]}, "properties": {"route": "D93", "pr": "FS", "abs": null, "label": "D93 PRFS (D)"}}, {"type": "Feature", "geometry": {"type": "Point", "coordinates": [2.20384204, 48.72065715]}, "properties": {"route": "D128", "pr": "FS", "abs": null, "label": "D128 PRFS"}}, {"type": "Feature", "geometry": {"type": "Point", "coordinates": [2.28041916, 48.67145595]}, "properties": {"route": "N902003", "pr": "FS", "abs": null, "label": "N902003 PRFS"}}, {"type": "Feature", "geometry": {"type": "Point", "coordinates": [2.27252374, 48.73750265]}, "properties": {"route": "D156E", "pr": "FS", "abs": null, "label": "D156E PRFS"}}, {"type": "Feature", "geometry": {"type": "Point", "coordinates": [2.22367705, 48.74289394]}, "properties": {"route": "D944404", "pr": "FS", "abs": null, "label": "D944404 PRFS"}}, {"type": "Feature", "geometry": {"type": "Point", "coordinates": [2.49715389, 48.63111908]}, "properties": {"route": "D33", "pr": "FS", "abs": null, "label": "D33 PRFS"}}, {"type": "Feature", "geometry": {"type": "Point", "coordinates": [2.28283981, 48.64329327]}, "properties": {"route": "D133", "pr": "FS", "abs": null, "label": "D133 PRFS"}}, {"type": "Feature", "geometry": {"type": "Point", "coordinates": [2.24530077, 48.5855397]}, "properties": {"route": "D193", "pr": "DS", "abs": null, "label": "D193 PRDS"}}, {"type": "Feature", "geometry": {"type": "Point", "coordinates": [2.24530077, 48.5855397]}, "properties": {"route": "D193", "pr": "FS", "abs": null, "label": "D193 PRFS"}}, {"type": "Feature", "geometry": {"type": "Point", "coordinates": [2.04072787, 48.34809729]}, "properties": {"route": "N902017", "pr": "FS", "abs": null, "label": "N902017 PRFS"}}, {"type": "Feature", "geometry": {"type": "Point", "coordinates": [2.44929789, 48.62297908]}, "properties": {"route": "D930", "pr": "FS", "abs": null, "label": "D930 PRFS (G)"}}, {"type": "Feature", "geometry": {"type": "Point", "coordinates": [2.15843687, 48.73091892]}, "properties": {"route": "D36", "pr": "FS", "abs": null, "label": "D36 PRFS"}}, {"type": "Feature", "geometry": {"type": "Point", "coordinates": [2.27336637, 48.65142423]}, "properties": {"route": "D133", "pr": "FS", "abs": null, "label": "D133 PRFS"}}, {"type": "Feature", "geometry": {"type": "Point", "coordinates": [2.45706966, 48.62168886]}, "properties": {"route": "D91", "pr": "FS", "abs": null, "label": "D91 PRFS"}}, {"type": "Feature", "geometry": {"type": "Point", "coordinates": [2.35088674, 48.61483464]}, "properties": {"route": "D19", "pr": "FS", "abs": null, "label": "D19 PRFS (D)"}}, {"type": "Feature", "geometry": {"type": "Point", "coordinates": [2.35125754, 48.61469004]}, "properties": {"route": "D19", "pr": "FS", "abs": null, "label": "D19 PRFS (D)"}}, {"type": "Feature", "geometry": {"type": "Point", "coordinates": [2.41545809, 48.55361972]}, "properties": {"route": "D191", "pr": "FS", "abs": null, "label": "D191 PRFS"}}, {"type": "Feature", "geometry": {"type": "Point", "coordinates": [2.44040256, 48.62500203]}, "properties": {"route": "D93", "pr": "FS", "abs": null, "label": "D93 PRFS"}}, {"type": "Feature", "geometry": {"type": "Point", "coordinates": [2.27034773, 48.73460212]}, "properties": {"route": "D120E", "pr": "FS", "abs": null, "label": "D120E PRFS"}}, {"type": "Feature", "geometry": {"type": "Point", "coordinates": [2.38139015, 48.68445806]}, "properties": {"route": "D29", "pr": "FS", "abs": null, "label": "D29 PRFS"}}, {"type": "Feature", "geometry": {"type": "Point", "coordinates": [2.07935537, 48.37179099]}, "properties": {"route": "D109", "pr": "FS", "abs": null, "label": "D109 PRFS"}}, {"type": "Feature", "geometry": {"type": "Point", "coordinates": [2.53809565, 48.682949]}, "properties": {"route": "D330", "pr": "FS", "abs": null, "label": "D330 PRFS (G)"}}, {"type": "Feature", "geometry": {"type": "Point", "coordinates": [2.195247, 48.67623205]}, "properties": {"route": "D446", "pr": "FS", "abs": null, "label": "D446 PRFS"}}, {"type": "Feature", "geometry": {"type": "Point", "coordinates": [2.240786, 48.57297809]}, "properties": {"route": "D19", "pr": "FS", "abs": null, "label": "D19 PRFS"}}, {"type": "Feature", "geometry": {"type": "Point", "coordinates": [2.3935007, 48.6689942]}, "properties": {"route": "N7", "pr": "FS", "abs": null, "label": "N7 PRFS"}}, {"type": "Feature", "geometry": {"type": "Point", "coordinates": [2.48534263, 48.61396153]}, "properties": {"route": "D191", "pr": "FS", "abs": null, "label": "D191 PRFS"}}, {"type": "Feature", "geometry": {"type": "Point", "coordinates": [2.24966134, 48.74087261]}, "properties": {"route": "D60Z", "pr": "FS", "abs": null, "label": "D60Z PRFS"}}, {"type": "Feature", "geometry": {"type": "Point", "coordinates": [2.4237785, 48.62495155]}, "properties": {"route": "D93", "pr": "FS", "abs": null, "label": "D93 PRFS (G)"}}, {"type": "Feature", "geometry": {"type": "Point", "coordinates": [2.23523971, 48.57571598]}, "properties": {"route": "N902006", "pr": "FS", "abs": null, "label": "N902006 PRFS"}}, {"type": "Feature", "geometry": {"type": "Point", "coordinates": [2.44196683, 48.70915321]}, "properties": {"route": "N900603", "pr": "FS", "abs": null, "label": "N900603 PRFS"}}, {"type": "Feature", "geometry": {"type": "Point", "coordinates": [2.44716816, 48.62974081]}, "properties": {"route": "D93", "pr": "FS", "abs": null, "label": "D93 PRFS"}}, {"type": "Feature", "geometry": {"type": "Point", "coordinates": [2.46389974, 48.72344174]}, "properties": {"route": "D323", "pr": "FS", "abs": null, "label": "D323 PRFS"}}, {"type": "Feature", "geometry": {"type": "Point", "coordinates": [2.48043045, 48.56856894]}, "properties": {"route": "N7", "pr": "FS", "abs": null, "label": "N7 PRFS (G)"}}, {"type": "Feature", "geometry": {"type": "Point", "coordinates": [2.31625611, 48.74423985]}, "properties": {"route": "D167", "pr": "FS", "abs": null, "label": "D167 PRFS"}}, {"type": "Feature", "geometry": {"type": "Point", "coordinates": [2.44366446, 48.71935197]}, "properties": {"route": "D50", "pr": "FS", "abs": null, "label": "D50 PRFS (G)"}}, {"type": "Feature", "geometry": {"type": "Point", "coordinates": [2.27110643, 48.64768821]}, "properties": {"route": "D351", "pr": "FS", "abs": null, "label": "D351 PRFS"}}, {"type": "Feature", "geometry": {"type": "Point", "coordinates": [2.12315111, 48.40311236]}, "properties": {"route": "N902015", "pr": "FS", "abs": null, "label": "N902015 PRFS"}}, {"type": "Feature", "geometry": {"type": "Point", "coordinates": [2.36509078, 48.57119921]}, "properties": {"route": "D903101", "pr": "FS", "abs": null, "label": "D903101 PRFS"}}, {"type": "Feature", "geometry": {"type": "Point", "coordinates": [2.46486109, 48.71266973]}, "properties": {"route": "D324", "pr": "FS", "abs": null, "label": "D324 PRFS"}}, {"type": "Feature", "geometry": {"type": "Point", "coordinates": [2.38849389, 48.65027157]}, "properties": {"route": "D310", "pr": "FS", "abs": null, "label": "D310 PRFS"}}, {"type": "Feature", "geometry": {"type": "Point", "coordinates": [2.39398501, 48.65122342]}, "properties": {"route": "D310", "pr": "FS", "abs": null, "label": "D310 PRFS (G)"}}, {"type": "Feature", "geometry": {"type": "Point", "coordinates": [2.42989582, 48.56286275]}, "properties": {"route": "D191", "pr": "DS", "abs": null, "label": "D191 PRDS"}}, {"type": "Feature", "geometry": {"type": "Point", "coordinates": [2.42989582, 48.56286275]}, "properties": {"route": "D191", "pr": "FS", "abs": null, "label": "D191 PRFS"}}, {"type": "Feature", "geometry": {"type": "Point", "coordinates": [2.13618147, 48.67271091]}, "properties": {"route": "D988D", "pr": "FS", "abs": null, "label": "D988D PRFS"}}, {"type": "Feature", "geometry": {"type": "Point", "coordinates": [2.46590902, 48.72277437]}, "properties": {"route": "D323", "pr": "FS", "abs": null, "label": "D323 PRFS"}}, {"type": "Feature", "geometry": {"type": "Point", "coordinates": [2.29759661, 48.71564214]}, "properties": {"route": "D120", "pr": "DS", "abs": null, "label": "D120 PRDS (G)"}}, {"type": "Feature", "geometry": {"type": "Point", "coordinates": [2.29759661, 48.71564214]}, "properties": {"route": "D120", "pr": "FS", "abs": null, "label": "D120 PRFS"}}, {"type": "Feature", "geometry": {"type": "Point", "coordinates": [2.42162526, 48.62506075]}, "properties": {"route": "D93", "pr": "FS", "abs": null, "label": "D93 PRFS"}}, {"type": "Feature", "geometry": {"type": "Point", "coordinates": [2.44298307, 48.72091564]}, "properties": {"route": "N900601", "pr": "FS", "abs": null, "label": "N900601 PRFS"}}, {"type": "Feature", "geometry": {"type": "Point", "coordinates": [2.37161278, 48.64800694]}, "properties": {"route": "D310", "pr": "FS", "abs": null, "label": "D310 PRFS (G)"}}, {"type": "Feature", "geometry": {"type": "Point", "coordinates": [2.00898885, 48.32110906]}, "properties": {"route": "N902018", "pr": "FS", "abs": null, "label": "N902018 PRFS"}}, {"type": "Feature", "geometry": {"type": "Point", "coordinates": [2.44129296, 48.61035558]}, "properties": {"route": "D446", "pr": "FS", "abs": null, "label": "D446 PRFS"}}, {"type": "Feature", "geometry": {"type": "Point", "coordinates": [2.20561115, 48.68396623]}, "properties": {"route": "D911801", "pr": "FS", "abs": null, "label": "D911801 PRFS"}}, {"type": "Feature", "geometry": {"type": "Point", "coordinates": [2.35585628, 48.48999129]}, "properties": {"route": "D191", "pr": "FS", "abs": null, "label": "D191 PRFS (G)"}}, {"type": "Feature", "geometry": {"type": "Point", "coordinates": [2.03885936, 48.34700873]}, "properties": {"route": "D18A", "pr": "FS", "abs": null, "label": "D18A PRFS"}}, {"type": "Feature", "geometry": {"type": "Point", "coordinates": [2.42344088, 48.64353126]}, "properties": {"route": "D909102", "pr": "FS", "abs": null, "label": "D909102 PRFS"}}, {"type": "Feature", "geometry": {"type": "Point", "coordinates": [2.44308584, 48.72096739]}, "properties": {"route": "N900601", "pr": "FS", "abs": null, "label": "N900601 PRFS"}}, {"type": "Feature", "geometry": {"type": "Point", "coordinates": [2.32297653, 48.72709146]}, "properties": {"route": "D167A", "pr": "FS", "abs": null, "label": "D167A PRFS (G)"}}, {"type": "Feature", "geometry": {"type": "Point", "coordinates": [2.27629344, 48.7226665]}, "properties": {"route": "D918803", "pr": "FS", "abs": null, "label": "D918803 PRFS"}}, {"type": "Feature", "geometry": {"type": "Point", "coordinates": [2.1723469, 48.45068266]}, "properties": {"route": "D202", "pr": "FS", "abs": null, "label": "D202 PRFS"}}, {"type": "Feature", "geometry": {"type": "Point", "coordinates": [2.24156924, 48.73107674]}, "properties": {"route": "D944401", "pr": "FS", "abs": null, "label": "D944401 PRFS"}}, {"type": "Feature", "geometry": {"type": "Point", "coordinates": [2.23409307, 48.60009056]}, "properties": {"route": "D116D", "pr": "FS", "abs": null, "label": "D116D PRFS"}}, {"type": "Feature", "geometry": {"type": "Point", "coordinates": [2.38221555, 48.64920835]}, "properties": {"route": "D310", "pr": "FS", "abs": null, "label": "D310 PRFS (G)"}}, {"type": "Feature", "geometry": {"type": "Point", "coordinates": [2.26802335, 48.63984254]}, "properties": {"route": "D446", "pr": "FS", "abs": null, "label": "D446 PRFS"}}, {"type": "Feature", "geometry": {"type": "Point", "coordinates": [2.48542871, 48.61403747]}, "properties": {"route": "D448", "pr": "DS", "abs": null, "label": "D448 PRDS"}}, {"type": "Feature", "geometry": {"type": "Point", "coordinates": [2.48542871, 48.61403747]}, "properties": {"route": "D448", "pr": "FS", "abs": null, "label": "D448 PRFS"}}, {"type": "Feature", "geometry": {"type": "Point", "coordinates": [2.35851116, 48.67893216]}, "properties": {"route": "D77", "pr": "DS", "abs": null, "label": "D77 PRDS"}}, {"type": "Feature", "geometry": {"type": "Point", "coordinates": [2.35851116, 48.67893216]}, "properties": {"route": "D77", "pr": "FS", "abs": null, "label": "D77 PRFS"}}, {"type": "Feature", "geometry": {"type": "Point", "coordinates": [2.38620973, 48.64987304]}, "properties": {"route": "D310", "pr": "DS", "abs": null, "label": "D310 PRDS"}}, {"type": "Feature", "geometry": {"type": "Point", "coordinates": [2.44539691, 48.62849394]}, "properties": {"route": "D91", "pr": "FS", "abs": null, "label": "D91 PRFS (G)"}}, {"type": "Feature", "geometry": {"type": "Point", "coordinates": [2.17352025, 48.45209343]}, "properties": {"route": "N902011", "pr": "FS", "abs": null, "label": "N902011 PRFS"}}, {"type": "Feature", "geometry": {"type": "Point", "coordinates": [2.24466704, 48.72615474]}, "properties": {"route": "D944400", "pr": "FS", "abs": null, "label": "D944400 PRFS"}}, {"type": "Feature", "geometry": {"type": "Point", "coordinates": [2.42488911, 48.63106467]}, "properties": {"route": "D92", "pr": "FS", "abs": null, "label": "D92 PRFS (G)"}}, {"type": "Feature", "geometry": {"type": "Point", "coordinates": [2.43096433, 48.58952543]}, "properties": {"route": "D26", "pr": "FS", "abs": null, "label": "D26 PRFS"}}, {"type": "Feature", "geometry": {"type": "Point", "coordinates": [2.46114589, 48.61163176]}, "properties": {"route": "D446", "pr": "FS", "abs": null, "label": "D446 PRFS"}}, {"type": "Feature", "geometry": {"type": "Point", "coordinates": [2.2259636, 48.56035314]}, "properties": {"route": "N902007", "pr": "FS", "abs": null, "label": "N902007 PRFS"}}, {"type": "Feature", "geometry": {"type": "Point", "coordinates": [2.3426284, 48.68078135]}, "properties": {"route": "D167", "pr": "DS", "abs": null, "label": "D167 PRDS"}}, {"type": "Feature", "geometry": {"type": "Point", "coordinates": [2.3426284, 48.68078135]}, "properties": {"route": "D25", "pr": "FS", "abs": null, "label": "D25 PRFS (D)"}}, {"type": "Feature", "geometry": {"type": "Point", "coordinates": [2.1743005, 48.71542201]}, "properties": {"route": "D128", "pr": "FS", "abs": null, "label": "D128 PRFS (G)"}}, {"type": "Feature", "geometry": {"type": "Point", "coordinates": [2.41146628, 48.70663477]}, "properties": {"route": "D933", "pr": "FS", "abs": null, "label": "D933 PRFS"}}, {"type": "Feature", "geometry": {"type": "Point", "coordinates": [2.31153647, 48.71249969]}, "properties": {"route": "D118", "pr": "FS", "abs": null, "label": "D118 PRFS (G)"}}, {"type": "Feature", "geometry": {"type": "Point", "coordinates": [2.29678062, 48.70406022]}, "properties": {"route": "D217", "pr": "FS", "abs": null, "label": "D217 PRFS"}}, {"type": "Feature", "geometry": {"type": "Point", "coordinates": [2.15874381, 48.42858163]}, "properties": {"route": "D49B", "pr": "FS", "abs": null, "label": "D49B PRFS"}}, {"type": "Feature", "geometry": {"type": "Point", "coordinates": [2.27262603, 48.72097929]}, "properties": {"route": "D918804", "pr": "FS", "abs": null, "label": "D918804 PRFS"}}, {"type": "Feature", "geometry": {"type": "Point", "coordinates": [2.44845812, 48.39565186]}, "properties": {"route": "D1", "pr": "FS", "abs": null, "label": "D1 PRFS (G)"}}, {"type": "Feature", "geometry": {"type": "Point", "coordinates": [2.45416086, 48.52784704]}, "properties": {"route": "D74", "pr": "DS", "abs": null, "label": "D74 PRDS"}}, {"type": "Feature", "geometry": {"type": "Point", "coordinates": [2.45416086, 48.52784704]}, "properties": {"route": "D74", "pr": "FS", "abs": null, "label": "D74 PRFS"}}, {"type": "Feature", "geometry": {"type": "Point", "coordinates": [2.12543694, 48.7400344]}, "properties": {"route": "D361", "pr": "FS", "abs": null, "label": "D361 PRFS"}}, {"type": "Feature", "geometry": {"type": "Point", "coordinates": [2.46392729, 48.70869984]}, "properties": {"route": "D313", "pr": "FS", "abs": null, "label": "D313 PRFS"}}, {"type": "Feature", "geometry": {"type": "Point", "coordinates": [2.19345531, 48.48381406]}, "properties": {"route": "D146A", "pr": "FS", "abs": null, "label": "D146A PRFS"}}, {"type": "Feature", "geometry": {"type": "Point", "coordinates": [2.29928836, 48.57823337]}, "properties": {"route": "D19", "pr": "DS", "abs": null, "label": "D19 PRDS"}}, {"type": "Feature", "geometry": {"type": "Point", "coordinates": [2.29928836, 48.57823337]}, "properties": {"route": "D117", "pr": "FS", "abs": null, "label": "D117 PRFS (G)"}}, {"type": "Feature", "geometry": {"type": "Point", "coordinates": [2.51491422, 48.66310343]}, "properties": {"route": "N900605", "pr": "FS", "abs": null, "label": "N900605 PRFS"}}, {"type": "Feature", "geometry": {"type": "Point", "coordinates": [2.2295345, 48.73625702]}, "properties": {"route": "D944402", "pr": "FS", "abs": null, "label": "D944402 PRFS"}}, {"type": "Feature", "geometry": {"type": "Point", "coordinates": [2.27525631, 48.73843491]}, "properties": {"route": "D60", "pr": "FS", "abs": null, "label": "D60 PRFS"}}, {"type": "Feature", "geometry": {"type": "Point", "coordinates": [2.30976851, 48.71175371]}, "properties": {"route": "D118", "pr": "FS", "abs": null, "label": "D118 PRFS (G)"}}, {"type": "Feature", "geometry": {"type": "Point", "coordinates": [2.53618524, 48.68484667]}, "properties": {"route": "D33", "pr": "FS", "abs": null, "label": "D33 PRFS (G)"}}, {"type": "Feature", "geometry": {"type": "Point", "coordinates": [2.15062922, 48.42687018]}, "properties": {"route": "D49A", "pr": "FS", "abs": null, "label": "D49A PRFS"}}, {"type": "Feature", "geometry": {"type": "Point", "coordinates": [2.29319555, 48.69351871]}, "properties": {"route": "D118", "pr": "FS", "abs": null, "label": "D118 PRFS"}}, {"type": "Feature", "geometry": {"type": "Point", "coordinates": [2.4310587, 48.58995047]}, "properties": {"route": "D26", "pr": "FS", "abs": null, "label": "D26 PRFS (G)"}}, {"type": "Feature", "geometry": {"type": "Point", "coordinates": [2.43627596, 48.59920014]}, "properties": {"route": "D26", "pr": "FS", "abs": null, "label": "D26 PRFS"}}, {"type": "Feature", "geometry": {"type": "Point", "coordinates": [2.37499829, 48.42241374]}, "properties": {"route": "D205", "pr": "FS", "abs": null, "label": "D205 PRFS (G)"}}, {"type": "Feature", "geometry": {"type": "Point", "coordinates": [2.13700657, 48.67233999]}, "properties": {"route": "D35", "pr": "FS", "abs": null, "label": "D35 PRFS"}}, {"type": "Feature", "geometry": {"type": "Point", "coordinates": [2.27957871, 48.71008572]}, "properties": {"route": "D592", "pr": "FS", "abs": null, "label": "D592 PRFS"}}, {"type": "Feature", "geometry": {"type": "Point", "coordinates": [2.32216587, 48.60431456]}, "properties": {"route": "D901904", "pr": "FS", "abs": null, "label": "D901904 PRFS"}}, {"type": "Feature", "geometry": {"type": "Point", "coordinates": [2.53224325, 48.68330756]}, "properties": {"route": "D33", "pr": "FS", "abs": null, "label": "D33 PRFS (G)"}}, {"type": "Feature", "geometry": {"type": "Point", "coordinates": [2.46825747, 48.7219016]}, "properties": {"route": "D323", "pr": "FS", "abs": null, "label": "D323 PRFS (G)"}}, {"type": "Feature", "geometry": {"type": "Point", "coordinates": [2.16535315, 48.6942703]}, "properties": {"route": "D188", "pr": "FS", "abs": null, "label": "D188 PRFS"}}, {"type": "Feature", "geometry": {"type": "Point", "coordinates": [2.51471572, 48.66313141]}, "properties": {"route": "N900605", "pr": "FS", "abs": null, "label": "N900605 PRFS"}}, {"type": "Feature", "geometry": {"type": "Point", "coordinates": [2.44620279, 48.62440487]}, "properties": {"route": "N900708", "pr": "FS", "abs": null, "label": "N900708 PRFS"}}, {"type": "Feature", "geometry": {"type": "Point", "coordinates": [2.26542468, 48.71473604]}, "properties": {"route": "D959101", "pr": "FS", "abs": null, "label": "D959101 PRFS"}}, {"type": "Feature", "geometry": {"type": "Point", "coordinates": [2.47014497, 48.40050198]}, "properties": {"route": "D948A", "pr": "FS", "abs": null, "label": "D948A PRFS"}}, {"type": "Feature", "geometry": {"type": "Point", "coordinates": [2.30728708, 48.58724888]}, "properties": {"route": "D19", "pr": "DS", "abs": null, "label": "D19 PRDS"}}, {"type": "Feature", "geometry": {"type": "Point", "coordinates": [2.30728708, 48.58724888]}, "properties": {"route": "D19", "pr": "FS", "abs": null, "label": "D19 PRFS"}}, {"type": "Feature", "geometry": {"type": "Point", "coordinates": [2.20059263, 48.50628587]}, "properties": {"route": "D546", "pr": "FS", "abs": null, "label": "D546 PRFS"}}, {"type": "Feature", "geometry": {"type": "Point", "coordinates": [2.46324962, 48.61933223]}, "properties": {"route": "D91", "pr": "FS", "abs": null, "label": "D91 PRFS"}}, {"type": "Feature", "geometry": {"type": "Point", "coordinates": [2.15834411, 48.42872274]}, "properties": {"route": "N902013", "pr": "FS", "abs": null, "label": "N902013 PRFS"}}, {"type": "Feature", "geometry": {"type": "Point", "coordinates": [2.08580768, 48.37777292]}, "properties": {"route": "N902016", "pr": "FS", "abs": null, "label": "N902016 PRFS"}}, {"type": "Feature", "geometry": {"type": "Point", "coordinates": [2.49653096, 48.61814448]}, "properties": {"route": "D947", "pr": "FS", "abs": null, "label": "D947 PRFS (G)"}}, {"type": "Feature", "geometry": {"type": "Point", "coordinates": [2.24302057, 48.7300057]}, "properties": {"route": "D944401", "pr": "FS", "abs": null, "label": "D944401 PRFS"}}, {"type": "Feature", "geometry": {"type": "Point", "coordinates": [2.50072147, 48.63880872]}, "properties": {"route": "D331", "pr": "FS", "abs": null, "label": "D331 PRFS (G)"}}, {"type": "Feature", "geometry": {"type": "Point", "coordinates": [2.25853425, 48.57414252]}, "properties": {"route": "D19", "pr": "DS", "abs": null, "label": "D19 PRDS"}}, {"type": "Feature", "geometry": {"type": "Point", "coordinates": [2.25853425, 48.57414252]}, "properties": {"route": "D19", "pr": "FS", "abs": null, "label": "D19 PRFS (G)"}}, {"type": "Feature", "geometry": {"type": "Point", "coordinates": [2.24463468, 48.59872851]}, "properties": {"route": "D97", "pr": "FS", "abs": null, "label": "D97 PRFS"}}, {"type": "Feature", "geometry": {"type": "Point", "coordinates": [2.29822748, 48.71532564]}, "properties": {"route": "N20", "pr": "FS", "abs": null, "label": "N20 PRFS (D)"}}, {"type": "Feature", "geometry": {"type": "Point", "coordinates": [2.49839134, 48.69641197]}, "properties": {"route": "D94", "pr": "FS", "abs": null, "label": "D94 PRFS"}}, {"type": "Feature", "geometry": {"type": "Point", "coordinates": [2.22516689, 48.71910921]}, "properties": {"route": "D36", "pr": "FS", "abs": null, "label": "D36 PRFS"}}, {"type": "Feature", "geometry": {"type": "Point", "coordinates": [2.28738704, 48.68824463]}, "properties": {"route": "N902002", "pr": "FS", "abs": null, "label": "N902002 PRFS"}}, {"type": "Feature", "geometry": {"type": "Point", "coordinates": [2.53666689, 48.68476039]}, "properties": {"route": "D330", "pr": "FS", "abs": null, "label": "D330 PRFS (G)"}}, {"type": "Feature", "geometry": {"type": "Point", "coordinates": [1.99615026, 48.30937381]}, "properties": {"route": "D6A", "pr": "FS", "abs": null, "label": "D6A PRFS"}}, {"type": "Feature", "geometry": {"type": "Point", "coordinates": [2.4344474, 48.63088376]}, "properties": {"route": "D91", "pr": "DS", "abs": null, "label": "D91 PRDS"}}, {"type": "Feature", "geometry": {"type": "Point", "coordinates": [2.4344474, 48.63088376]}, "properties": {"route": "D91", "pr": "FS", "abs": null, "label": "D91 PRFS"}}, {"type": "Feature", "geometry": {"type": "Point", "coordinates": [2.36565955, 48.67414553]}, "properties": {"route": "D177", "pr": "FS", "abs": null, "label": "D177 PRFS"}}, {"type": "Feature", "geometry": {"type": "Point", "coordinates": [2.46308371, 48.72374119]}, "properties": {"route": "D323", "pr": "FS", "abs": null, "label": "D323 PRFS (G)"}}, {"type": "Feature", "geometry": {"type": "Point", "coordinates": [2.27536826, 48.73840321]}, "properties": {"route": "D60", "pr": "FS", "abs": null, "label": "D60 PRFS"}}, {"type": "Feature", "geometry": {"type": "Point", "coordinates": [2.12768383, 48.55201018]}, "properties": {"route": "D216", "pr": "FS", "abs": null, "label": "D216 PRFS"}}, {"type": "Feature", "geometry": {"type": "Point", "coordinates": [1.99750016, 48.31527079]}, "properties": {"route": "D6A", "pr": "FS", "abs": null, "label": "D6A PRFS"}}, {"type": "Feature", "geometry": {"type": "Point", "coordinates": [2.33788378, 48.66564896]}, "properties": {"route": "D256", "pr": "FS", "abs": null, "label": "D256 PRFS"}}, {"type": "Feature", "geometry": {"type": "Point", "coordinates": [2.42167389, 48.6449772]}, "properties": {"route": "N7", "pr": "DS", "abs": null, "label": "N7 PRDS"}}, {"type": "Feature", "geometry": {"type": "Point", "coordinates": [2.42167389, 48.6449772]}, "properties": {"route": "N7", "pr": "FS", "abs": null, "label": "N7 PRFS (D)"}}, {"type": "Feature", "geometry": {"type": "Point", "coordinates": [2.4514828, 48.6197032]}, "properties": {"route": "N7", "pr": "DS", "abs": null, "label": "N7 PRDS"}}, {"type": "Feature", "geometry": {"type": "Point", "coordinates": [2.4514828, 48.6197032]}, "properties": {"route": "N7", "pr": "FS", "abs": null, "label": "N7 PRFS (D)"}}, {"type": "Feature", "geometry": {"type": "Point", "coordinates": [2.10906371, 48.73929899]}, "properties": {"route": "D838", "pr": "FS", "abs": null, "label": "D838 PRFS"}}, {"type": "Feature", "geometry": {"type": "Point", "coordinates": [2.24412797, 48.59700084]}, "properties": {"route": "N902005", "pr": "FS", "abs": null, "label": "N902005 PRFS"}}, {"type": "Feature", "geometry": {"type": "Point", "coordinates": [2.20042527, 48.5049191]}, "properties": {"route": "D646", "pr": "FS", "abs": null, "label": "D646 PRFS"}}, {"type": "Feature", "geometry": {"type": "Point", "coordinates": [2.33900408, 48.66715465]}, "properties": {"route": "D925701", "pr": "FS", "abs": null, "label": "D925701 PRFS"}}, {"type": "Feature", "geometry": {"type": "Point", "coordinates": [2.51218183, 48.73259019]}, "properties": {"route": "D941", "pr": "FS", "abs": null, "label": "D941 PRFS (G)"}}, {"type": "Feature", "geometry": {"type": "Point", "coordinates": [2.19970191, 48.49447303]}, "properties": {"route": "N902010", "pr": "FS", "abs": null, "label": "N902010 PRFS"}}, {"type": "Feature", "geometry": {"type": "Point", "coordinates": [2.29888322, 48.62238832]}, "properties": {"route": "D133", "pr": "FS", "abs": null, "label": "D133 PRFS (G)"}}, {"type": "Feature", "geometry": {"type": "Point", "coordinates": [2.29888322, 48.62238832]}, "properties": {"route": "D133", "pr": "FS", "abs": null, "label": "D133 PRFS"}}, {"type": "Feature", "geometry": {"type": "Point", "coordinates": [2.44661244, 48.695136]}, "properties": {"route": "N900604", "pr": "FS", "abs": null, "label": "N900604 PRFS"}}, {"type": "Feature", "geometry": {"type": "Point", "coordinates": [2.49307564, 48.5622159]}, "properties": {"route": "N7", "pr": "FS", "abs": null, "label": "N7 PRFS"}}, {"type": "Feature", "geometry": {"type": "Point", "coordinates": [2.28054785, 48.67207199]}, "properties": {"route": "N902003", "pr": "FS", "abs": null, "label": "N902003 PRFS"}}, {"type": "Feature", "geometry": {"type": "Point", "coordinates": [2.49715389, 48.63111908]}, "properties": {"route": "D33", "pr": "FS", "abs": null, "label": "D33 PRFS"}}, {"type": "Feature", "geometry": {"type": "Point", "coordinates": [2.44693634, 48.69495761]}, "properties": {"route": "N900604", "pr": "FS", "abs": null, "label": "N900604 PRFS"}}, {"type": "Feature", "geometry": {"type": "Point", "coordinates": [2.46859176, 48.72177986]}, "properties": {"route": "D323", "pr": "FS", "abs": null, "label": "D323 PRFS"}}, {"type": "Feature", "geometry": {"type": "Point", "coordinates": [2.04154273, 48.34597145]}, "properties": {"route": "D182", "pr": "FS", "abs": null, "label": "D182 PRFS"}}, {"type": "Feature", "geometry": {"type": "Point", "coordinates": [2.15177129, 48.67208074]}, "properties": {"route": "D35", "pr": "DS", "abs": null, "label": "D35 PRDS"}}, {"type": "Feature", "geometry": {"type": "Point", "coordinates": [2.15177129, 48.67208074]}, "properties": {"route": "D35", "pr": "FS", "abs": null, "label": "D35 PRFS"}}, {"type": "Feature", "geometry": {"type": "Point", "coordinates": [2.49988871, 48.55722515]}, "properties": {"route": "N7", "pr": "FS", "abs": null, "label": "N7 PRFS (G)"}}, {"type": "Feature", "geometry": {"type": "Point", "coordinates": [2.36165102, 48.74350631]}, "properties": {"route": "D167A", "pr": "FS", "abs": null, "label": "D167A PRFS"}}, {"type": "Feature", "geometry": {"type": "Point", "coordinates": [2.32673635, 48.70657617]}, "properties": {"route": "D118Z", "pr": "FS", "abs": null, "label": "D118Z PRFS"}}, {"type": "Feature", "geometry": {"type": "Point", "coordinates": [2.43638752, 48.59979797]}, "properties": {"route": "D26", "pr": "DS", "abs": null, "label": "D26 PRDS"}}, {"type": "Feature", "geometry": {"type": "Point", "coordinates": [2.43638752, 48.59979797]}, "properties": {"route": "D26", "pr": "FS", "abs": null, "label": "D26 PRFS"}}, {"type": "Feature", "geometry": {"type": "Point", "coordinates": [2.23362444, 48.58299306]}, "properties": {"route": "N902051", "pr": "FS", "abs": null, "label": "N902051 PRFS"}}, {"type": "Feature", "geometry": {"type": "Point", "coordinates": [2.49839134, 48.69641197]}, "properties": {"route": "D94", "pr": "FS", "abs": null, "label": "D94 PRFS"}}, {"type": "Feature", "geometry": {"type": "Point", "coordinates": [2.42160852, 48.64475021]}, "properties": {"route": "D91", "pr": "FS", "abs": null, "label": "D91 PRFS (G)"}}, {"type": "Feature", "geometry": {"type": "Point", "coordinates": [2.4787202, 48.40215221]}, "properties": {"route": "D142", "pr": "FS", "abs": null, "label": "D142 PRFS"}}, {"type": "Feature", "geometry": {"type": "Point", "coordinates": [2.5022101, 48.69476756]}, "properties": {"route": "D94", "pr": "FS", "abs": null, "label": "D94 PRFS"}}, {"type": "Feature", "geometry": {"type": "Point", "coordinates": [2.26284051, 48.62909894]}, "properties": {"route": "N902041", "pr": "FS", "abs": null, "label": "N902041 PRFS"}}, {"type": "Feature", "geometry": {"type": "Point", "coordinates": [2.35423603, 48.48868883]}, "properties": {"route": "D831", "pr": "FS", "abs": null, "label": "D831 PRFS"}}, {"type": "Feature", "geometry": {"type": "Point", "coordinates": [2.32316987, 48.72717441]}, "properties": {"route": "D167A", "pr": "FS", "abs": null, "label": "D167A PRFS (G)"}}, {"type": "Feature", "geometry": {"type": "Point", "coordinates": [2.53841271, 48.67196132]}, "properties": {"route": "D330", "pr": "DS", "abs": null, "label": "D330 PRDS"}}, {"type": "Feature", "geometry": {"type": "Point", "coordinates": [2.53841271, 48.67196132]}, "properties": {"route": "D330", "pr": "FS", "abs": null, "label": "D330 PRFS"}}, {"type": "Feature", "geometry": {"type": "Point", "coordinates": [1.9962224, 48.31818697]}, "properties": {"route": "N902019", "pr": "FS", "abs": null, "label": "N902019 PRFS"}}, {"type": "Feature", "geometry": {"type": "Point", "coordinates": [2.37694214, 48.66751369]}, "properties": {"route": "D445", "pr": "FS", "abs": null, "label": "D445 PRFS (G)"}}, {"type": "Feature", "geometry": {"type": "Point", "coordinates": [2.43535034, 48.63448431]}, "properties": {"route": "N900706", "pr": "FS", "abs": null, "label": "N900706 PRFS"}}, {"type": "Feature", "geometry": {"type": "Point", "coordinates": [2.13190059, 48.41961889]}, "properties": {"route": "D211", "pr": "FS", "abs": null, "label": "D211 PRFS"}}, {"type": "Feature", "geometry": {"type": "Point", "coordinates": [2.30154572, 48.73625035]}, "properties": {"route": "N20", "pr": "FS", "abs": null, "label": "N20 PRFS"}}, {"type": "Feature", "geometry": {"type": "Point", "coordinates": [2.43393091, 48.59281394]}, "properties": {"route": "D26", "pr": "FS", "abs": null, "label": "D26 PRFS (G)"}}, {"type": "Feature", "geometry": {"type": "Point", "coordinates": [2.29476747, 48.71729217]}, "properties": {"route": "D120Z", "pr": "FS", "abs": null, "label": "D120Z PRFS"}}, {"type": "Feature", "geometry": {"type": "Point", "coordinates": [2.44221768, 48.71926607]}, "properties": {"route": "N900601", "pr": "FS", "abs": null, "label": "N900601 PRFS"}}, {"type": "Feature", "geometry": {"type": "Point", "coordinates": [2.48133601, 48.56786943]}, "properties": {"route": "N7", "pr": "FS", "abs": null, "label": "N7 PRFS (G)"}}, {"type": "Feature", "geometry": {"type": "Point", "coordinates": [2.24615187, 48.58688635]}, "properties": {"route": "D193", "pr": "FS", "abs": null, "label": "D193 PRFS"}}, {"type": "Feature", "geometry": {"type": "Point", "coordinates": [2.23586509, 48.69717331]}, "properties": {"route": "D188", "pr": "FS", "abs": null, "label": "D188 PRFS (G)"}}, {"type": "Feature", "geometry": {"type": "Point", "coordinates": [2.32418813, 48.72675834]}, "properties": {"route": "D167A", "pr": "FS", "abs": null, "label": "D167A PRFS (G)"}}, {"type": "Feature", "geometry": {"type": "Point", "coordinates": [2.51279636, 48.65751975]}, "properties": {"route": "D903302", "pr": "FS", "abs": null, "label": "D903302 PRFS"}}, {"type": "Feature", "geometry": {"type": "Point", "coordinates": [2.16142869, 48.45466806]}, "properties": {"route": "D207Z", "pr": "FS", "abs": null, "label": "D207Z PRFS"}}, {"type": "Feature", "geometry": {"type": "Point", "coordinates": [2.43628556, 48.60007184]}, "properties": {"route": "D26", "pr": "FS", "abs": null, "label": "D26 PRFS (G)"}}, {"type": "Feature", "geometry": {"type": "Point", "coordinates": [2.43517077, 48.59428339]}, "properties": {"route": "D26", "pr": "FS", "abs": null, "label": "D26 PRFS (G)"}}, {"type": "Feature", "geometry": {"type": "Point", "coordinates": [2.34035437, 48.62964877]}, "properties": {"route": "D117", "pr": "FS", "abs": null, "label": "D117 PRFS (G)"}}, {"type": "Feature", "geometry": {"type": "Point", "coordinates": [2.35101133, 48.61474357]}, "properties": {"route": "D19", "pr": "FS", "abs": null, "label": "D19 PRFS"}}, {"type": "Feature", "geometry": {"type": "Point", "coordinates": [2.50212369, 48.64178476]}, "properties": {"route": "D903301", "pr": "FS", "abs": null, "label": "D903301 PRFS"}}, {"type": "Feature", "geometry": {"type": "Point", "coordinates": [2.19505246, 48.64686949]}, "properties": {"route": "D24B", "pr": "FS", "abs": null, "label": "D24B PRFS"}}, {"type": "Feature", "geometry": {"type": "Point", "coordinates": [2.49723994, 48.73333859]}, "properties": {"route": "D94", "pr": "FS", "abs": null, "label": "D94 PRFS"}}, {"type": "Feature", "geometry": {"type": "Point", "coordinates": [2.17404195, 48.45151317]}, "properties": {"route": "D202", "pr": "FS", "abs": null, "label": "D202 PRFS"}}, {"type": "Feature", "geometry": {"type": "Point", "coordinates": [2.16417854, 48.69873078]}, "properties": {"route": "D95", "pr": "FS", "abs": null, "label": "D95 PRFS"}}, {"type": "Feature", "geometry": {"type": "Point", "coordinates": [2.54668457, 48.69534154]}, "properties": {"route": "D94E", "pr": "FS", "abs": null, "label": "D94E PRFS"}}, {"type": "Feature", "geometry": {"type": "Point", "coordinates": [2.22536542, 48.6842644]}, "properties": {"route": "D118", "pr": "FS", "abs": null, "label": "D118 PRFS"}}, {"type": "Feature", "geometry": {"type": "Point", "coordinates": [2.42843385, 48.62459078]}, "properties": {"route": "D93", "pr": "FS", "abs": null, "label": "D93 PRFS (G)"}}, {"type": "Feature", "geometry": {"type": "Point", "coordinates": [2.19490338, 48.48469205]}, "properties": {"route": "D146D", "pr": "FS", "abs": null, "label": "D146D PRFS"}}, {"type": "Feature", "geometry": {"type": "Point", "coordinates": [2.48115127, 48.69070486]}, "properties": {"route": "D50", "pr": "FS", "abs": null, "label": "D50 PRFS (G)"}}, {"type": "Feature", "geometry": {"type": "Point", "coordinates": [2.49160569, 48.62405681]}, "properties": {"route": "D33", "pr": "FS", "abs": null, "label": "D33 PRFS"}}, {"type": "Feature", "geometry": {"type": "Point", "coordinates": [2.38824706, 48.42464291]}, "properties": {"route": "D205", "pr": "FS", "abs": null, "label": "D205 PRFS"}}, {"type": "Feature", "geometry": {"type": "Point", "coordinates": [2.2722762, 48.65074203]}, "properties": {"route": "N902004", "pr": "FS", "abs": null, "label": "N902004 PRFS"}}, {"type": "Feature", "geometry": {"type": "Point", "coordinates": [2.31272387, 48.60867901]}, "properties": {"route": "D117", "pr": "FS", "abs": null, "label": "D117 PRFS"}}, {"type": "Feature", "geometry": {"type": "Point", "coordinates": [2.2457168, 48.5982685]}, "properties": {"route": "D449", "pr": "FS", "abs": null, "label": "D449 PRFS (G)"}}, {"type": "Feature", "geometry": {"type": "Point", "coordinates": [2.22504486, 48.71890513]}, "properties": {"route": "D36", "pr": "FS", "abs": null, "label": "D36 PRFS (G)"}}, {"type": "Feature", "geometry": {"type": "Point", "coordinates": [2.43219419, 48.57101212]}, "properties": {"route": "D153", "pr": "FS", "abs": null, "label": "D153 PRFS (G)"}}, {"type": "Feature", "geometry": {"type": "Point", "coordinates": [2.51772252, 48.66013392]}, "properties": {"route": "N900605", "pr": "FS", "abs": null, "label": "N900605 PRFS"}}, {"type": "Feature", "geometry": {"type": "Point", "coordinates": [2.26542468, 48.71473604]}, "properties": {"route": "D591", "pr": "FS", "abs": null, "label": "D591 PRFS"}}, {"type": "Feature", "geometry": {"type": "Point", "coordinates": [2.04898567, 48.34968628]}, "properties": {"route": "D181", "pr": "FS", "abs": null, "label": "D181 PRFS"}}, {"type": "Feature", "geometry": {"type": "Point", "coordinates": [2.26520926, 48.71420312]}, "properties": {"route": "D591", "pr": "FS", "abs": null, "label": "D591 PRFS (G)"}}, {"type": "Feature", "geometry": {"type": "Point", "coordinates": [2.16417854, 48.69873078]}, "properties": {"route": "D95", "pr": "FS", "abs": null, "label": "D95 PRFS (G)"}}, {"type": "Feature", "geometry": {"type": "Point", "coordinates": [2.22088597, 48.71958414]}, "properties": {"route": "D36", "pr": "FS", "abs": null, "label": "D36 PRFS (G)"}}, {"type": "Feature", "geometry": {"type": "Point", "coordinates": [2.18677565, 48.58530441]}, "properties": {"route": "D116D", "pr": "FS", "abs": null, "label": "D116D PRFS"}}, {"type": "Feature", "geometry": {"type": "Point", "coordinates": [2.19006364, 48.58671218]}, "properties": {"route": "D9116D1", "pr": "FS", "abs": null, "label": "D9116D1 PRFS"}}, {"type": "Feature", "geometry": {"type": "Point", "coordinates": [2.16976145, 48.43611226]}, "properties": {"route": "N902012", "pr": "FS", "abs": null, "label": "N902012 PRFS"}}, {"type": "Feature", "geometry": {"type": "Point", "coordinates": [2.36483852, 48.74453608]}, "properties": {"route": "N900701", "pr": "FS", "abs": null, "label": "N900701 PRFS"}}, {"type": "Feature", "geometry": {"type": "Point", "coordinates": [2.25233075, 48.63971271]}, "properties": {"route": "D446", "pr": "FS", "abs": null, "label": "D446 PRFS"}}, {"type": "Feature", "geometry": {"type": "Point", "coordinates": [2.29073722, 48.72799977]}, "properties": {"route": "D918801", "pr": "FS", "abs": null, "label": "D918801 PRFS"}}, {"type": "Feature", "geometry": {"type": "Point", "coordinates": [2.43958376, 48.59159751]}, "properties": {"route": "D260", "pr": "FS", "abs": null, "label": "D260 PRFS (G)"}}, {"type": "Feature", "geometry": {"type": "Point", "coordinates": [2.34056086, 48.61196684]}, "properties": {"route": "D19B", "pr": "FS", "abs": null, "label": "D19B PRFS"}}, {"type": "Feature", "geometry": {"type": "Point", "coordinates": [2.15874381, 48.42858163]}, "properties": {"route": "D49B", "pr": "FS", "abs": null, "label": "D49B PRFS"}}, {"type": "Feature", "geometry": {"type": "Point", "coordinates": [2.44024546, 48.62598896]}, "properties": {"route": "D91", "pr": "FS", "abs": null, "label": "D91 PRFS (G)"}}, {"type": "Feature", "geometry": {"type": "Point", "coordinates": [2.5185454, 48.66071742]}, "properties": {"route": "N900605", "pr": "FS", "abs": null, "label": "N900605 PRFS"}}, {"type": "Feature", "geometry": {"type": "Point", "coordinates": [2.36487092, 48.57166941]}, "properties": {"route": "D903101", "pr": "FS", "abs": null, "label": "D903101 PRFS"}}, {"type": "Feature", "geometry": {"type": "Point", "coordinates": [2.49929865, 48.73006249]}, "properties": {"route": "D94", "pr": "FS", "abs": null, "label": "D94 PRFS"}}, {"type": "Feature", "geometry": {"type": "Point", "coordinates": [2.49212467, 48.62888314]}, "properties": {"route": "D33", "pr": "FS", "abs": null, "label": "D33 PRFS"}}, {"type": "Feature", "geometry": {"type": "Point", "coordinates": [2.3666694, 48.64728274]}, "properties": {"route": "D445", "pr": "FS", "abs": null, "label": "D445 PRFS"}}, {"type": "Feature", "geometry": {"type": "Point", "coordinates": [2.34033537, 48.6297566]}, "properties": {"route": "D46", "pr": "DS", "abs": null, "label": "D46 PRDS"}}, {"type": "Feature", "geometry": {"type": "Point", "coordinates": [2.34033537, 48.6297566]}, "properties": {"route": "D46", "pr": "FS", "abs": null, "label": "D46 PRFS"}}, {"type": "Feature", "geometry": {"type": "Point", "coordinates": [2.49983476, 48.55719794]}, "properties": {"route": "N7", "pr": "FS", "abs": null, "label": "N7 PRFS (G)"}}, {"type": "Feature", "geometry": {"type": "Point", "coordinates": [2.18738862, 48.69840093]}, "properties": {"route": "D95", "pr": "FS", "abs": null, "label": "D95 PRFS"}}, {"type": "Feature", "geometry": {"type": "Point", "coordinates": [2.33521554, 48.67493223]}, "properties": {"route": "D257", "pr": "FS", "abs": null, "label": "D257 PRFS"}}, {"type": "Feature", "geometry": {"type": "Point", "coordinates": [2.42505609, 48.61401136]}, "properties": {"route": "D446", "pr": "FS", "abs": null, "label": "D446 PRFS"}}, {"type": "Feature", "geometry": {"type": "Point", "coordinates": [2.15159596, 48.6722558]}, "properties": {"route": "D35", "pr": "FS", "abs": null, "label": "D35 PRFS (G)"}}, {"type": "Feature", "geometry": {"type": "Point", "coordinates": [2.26959149, 48.75766201]}, "properties": {"route": "D60", "pr": "FS", "abs": null, "label": "D60 PRFS"}}, {"type": "Feature", "geometry": {"type": "Point", "coordinates": [2.30001476, 48.57764393]}, "properties": {"route": "D117", "pr": "FS", "abs": null, "label": "D117 PRFS (G)"}}, {"type": "Feature", "geometry": {"type": "Point", "coordinates": [2.30001476, 48.57764393]}, "properties": {"route": "D117", "pr": "FS", "abs": null, "label": "D117 PRFS (D)"}}, {"type": "Feature", "geometry": {"type": "Point", "coordinates": [2.46266771, 48.61033162]}, "properties": {"route": "N7", "pr": "FS", "abs": null, "label": "N7 PRFS (G)"}}, {"type": "Feature", "geometry": {"type": "Point", "coordinates": [2.30890064, 48.67049559]}, "properties": {"route": "D186", "pr": "FS", "abs": null, "label": "D186 PRFS"}}, {"type": "Feature", "geometry": {"type": "Point", "coordinates": [2.49914262, 48.61715162]}, "properties": {"route": "D947", "pr": "FS", "abs": null, "label": "D947 PRFS"}}, {"type": "Feature", "geometry": {"type": "Point", "coordinates": [2.27305221, 48.72034417]}, "properties": {"route": "D918804", "pr": "FS", "abs": null, "label": "D918804 PRFS"}}, {"type": "Feature", "geometry": {"type": "Point", "coordinates": [2.36344708, 48.57182553]}, "properties": {"route": "D903101", "pr": "FS", "abs": null, "label": "D903101 PRFS"}}, {"type": "Feature", "geometry": {"type": "Point", "coordinates": [2.33540728, 48.58823952]}, "properties": {"route": "D317", "pr": "FS", "abs": null, "label": "D317 PRFS"}}, {"type": "Feature", "geometry": {"type": "Point", "coordinates": [2.25860924, 48.57382454]}, "properties": {"route": "D449", "pr": "FS", "abs": null, "label": "D449 PRFS"}}, {"type": "Feature", "geometry": {"type": "Point", "coordinates": [2.27752346, 48.64640139]}, "properties": {"route": "D133", "pr": "FS", "abs": null, "label": "D133 PRFS (D)"}}, {"type": "Feature", "geometry": {"type": "Point", "coordinates": [2.17537095, 48.45533253]}, "properties": {"route": "D202", "pr": "FS", "abs": null, "label": "D202 PRFS (G)"}}, {"type": "Feature", "geometry": {"type": "Point", "coordinates": [2.30681061, 48.58739183]}, "properties": {"route": "D19", "pr": "FS", "abs": null, "label": "D19 PRFS (G)"}}, {"type": "Feature", "geometry": {"type": "Point", "coordinates": [2.19210207, 48.48504278]}, "properties": {"route": "D148", "pr": "FS", "abs": null, "label": "D148 PRFS"}}, {"type": "Feature", "geometry": {"type": "Point", "coordinates": [2.25163437, 48.58751737]}, "properties": {"route": "D449", "pr": "FS", "abs": null, "label": "D449 PRFS"}}, {"type": "Feature", "geometry": {"type": "Point", "coordinates": [2.4856859, 48.56561962]}, "properties": {"route": "N7", "pr": "FS", "abs": 18538, "label": "N7 PRFS+18538"}}, {"type": "Feature", "geometry": {"type": "Point", "coordinates": [2.19091059, 48.58630594]}, "properties": {"route": "D9116D1", "pr": "FS", "abs": null, "label": "D9116D1 PRFS"}}, {"type": "Feature", "geometry": {"type": "Point", "coordinates": [2.42996492, 48.58940641]}, "properties": {"route": "D26", "pr": "FS", "abs": null, "label": "D26 PRFS (G)"}}, {"type": "Feature", "geometry": {"type": "Point", "coordinates": [2.41912318, 48.62383601]}, "properties": {"route": "D93", "pr": "FS", "abs": null, "label": "D93 PRFS (D)"}}, {"type": "Feature", "geometry": {"type": "Point", "coordinates": [2.17047066, 48.67488568]}, "properties": {"route": "D903501", "pr": "FS", "abs": null, "label": "D903501 PRFS"}}, {"type": "Feature", "geometry": {"type": "Point", "coordinates": [2.15501093, 48.42843814]}, "properties": {"route": "N902013", "pr": "FS", "abs": null, "label": "N902013 PRFS"}}, {"type": "Feature", "geometry": {"type": "Point", "coordinates": [2.45155054, 48.63266292]}, "properties": {"route": "D93", "pr": "FS", "abs": null, "label": "D93 PRFS (G)"}}, {"type": "Feature", "geometry": {"type": "Point", "coordinates": [2.22623981, 48.73845107]}, "properties": {"route": "D944403", "pr": "FS", "abs": null, "label": "D944403 PRFS"}}, {"type": "Feature", "geometry": {"type": "Point", "coordinates": [2.38557781, 48.67582305]}, "properties": {"route": "D445", "pr": "FS", "abs": null, "label": "D445 PRFS"}}, {"type": "Feature", "geometry": {"type": "Point", "coordinates": [2.1566476, 48.67356356]}, "properties": {"route": "D35", "pr": "FS", "abs": null, "label": "D35 PRFS (G)"}}, {"type": "Feature", "geometry": {"type": "Point", "coordinates": [2.27591553, 48.72178273]}, "properties": {"route": "D918803", "pr": "FS", "abs": null, "label": "D918803 PRFS"}}, {"type": "Feature", "geometry": {"type": "Point", "coordinates": [2.37155298, 48.65490676]}, "properties": {"route": "D445", "pr": "FS", "abs": null, "label": "D445 PRFS (G)"}}, {"type": "Feature", "geometry": {"type": "Point", "coordinates": [1.9999997, 48.31854556]}, "properties": {"route": "N902019", "pr": "FS", "abs": null, "label": "N902019 PRFS"}}, {"type": "Feature", "geometry": {"type": "Point", "coordinates": [2.44005101, 48.6243788]}, "properties": {"route": "D93", "pr": "FS", "abs": null, "label": "D93 PRFS (G)"}}, {"type": "Feature", "geometry": {"type": "Point", "coordinates": [2.3179868, 48.55901732]}, "properties": {"route": "D117", "pr": "FS", "abs": null, "label": "D117 PRFS"}}, {"type": "Feature", "geometry": {"type": "Point", "coordinates": [2.1697403, 48.43445579]}, "properties": {"route": "N902012", "pr": "FS", "abs": null, "label": "N902012 PRFS"}}, {"type": "Feature", "geometry": {"type": "Point", "coordinates": [2.3736635, 48.66063152]}, "properties": {"route": "D445", "pr": "FS", "abs": null, "label": "D445 PRFS (D)"}}, {"type": "Feature", "geometry": {"type": "Point", "coordinates": [2.04062608, 48.34575799]}, "properties": {"route": "N902017", "pr": "FS", "abs": null, "label": "N902017 PRFS"}}, {"type": "Feature", "geometry": {"type": "Point", "coordinates": [2.2379993, 48.73159728]}, "properties": {"route": "D944401", "pr": "FS", "abs": null, "label": "D944401 PRFS"}}, {"type": "Feature", "geometry": {"type": "Point", "coordinates": [2.21552104, 48.66441176]}, "properties": {"route": "D59", "pr": "FS", "abs": null, "label": "D59 PRFS"}}, {"type": "Feature", "geometry": {"type": "Point", "coordinates": [2.53639422, 48.6971261]}, "properties": {"route": "D33", "pr": "FS", "abs": null, "label": "D33 PRFS"}}, {"type": "Feature", "geometry": {"type": "Point", "coordinates": [2.29339911, 48.56386559]}, "properties": {"route": "D26", "pr": "FS", "abs": null, "label": "D26 PRFS"}}, {"type": "Feature", "geometry": {"type": "Point", "coordinates": [2.41960352, 48.66470762]}, "properties": {"route": "D31", "pr": "FS", "abs": null, "label": "D31 PRFS"}}, {"type": "Feature", "geometry": {"type": "Point", "coordinates": [2.39426609, 48.6382026]}, "properties": {"route": "D31", "pr": "FS", "abs": null, "label": "D31 PRFS"}}, {"type": "Feature", "geometry": {"type": "Point", "coordinates": [2.29430737, 48.6644014]}, "properties": {"route": "D35", "pr": "FS", "abs": null, "label": "D35 PRFS"}}, {"type": "Feature", "geometry": {"type": "Point", "coordinates": [2.37423294, 48.66036196]}, "properties": {"route": "D445", "pr": "FS", "abs": null, "label": "D445 PRFS (G)"}}, {"type": "Feature", "geometry": {"type": "Point", "coordinates": [2.35436926, 48.62572355]}, "properties": {"route": "D19", "pr": "FS", "abs": null, "label": "D19 PRFS (D)"}}, {"type": "Feature", "geometry": {"type": "Point", "coordinates": [2.42505351, 48.64228873]}, "properties": {"route": "N900705", "pr": "FS", "abs": null, "label": "N900705 PRFS"}}, {"type": "Feature", "geometry": {"type": "Point", "coordinates": [2.35159307, 48.61476383]}, "properties": {"route": "D312", "pr": "FS", "abs": null, "label": "D312 PRFS"}}, {"type": "Feature", "geometry": {"type": "Point", "coordinates": [2.42484418, 48.61354257]}, "properties": {"route": "D446", "pr": "FS", "abs": null, "label": "D446 PRFS (D)"}}, {"type": "Feature", "geometry": {"type": "Point", "coordinates": [2.38398508, 48.6496124]}, "properties": {"route": "D310", "pr": "FS", "abs": null, "label": "D310 PRFS (G)"}}, {"type": "Feature", "geometry": {"type": "Point", "coordinates": [2.36926453, 48.746067]}, "properties": {"route": "D167A", "pr": "FS", "abs": null, "label": "D167A PRFS"}}, {"type": "Feature", "geometry": {"type": "Point", "coordinates": [2.27763365, 48.72327186]}, "properties": {"route": "D918803", "pr": "FS", "abs": null, "label": "D918803 PRFS"}}, {"type": "Feature", "geometry": {"type": "Point", "coordinates": [2.18865003, 48.68454375]}, "properties": {"route": "D218", "pr": "FS", "abs": null, "label": "D218 PRFS"}}, {"type": "Feature", "geometry": {"type": "Point", "coordinates": [2.35418012, 48.62565686]}, "properties": {"route": "D19", "pr": "FS", "abs": null, "label": "D19 PRFS (G)"}}, {"type": "Feature", "geometry": {"type": "Point", "coordinates": [2.53646365, 48.68470114]}, "properties": {"route": "D330", "pr": "FS", "abs": null, "label": "D330 PRFS"}}, {"type": "Feature", "geometry": {"type": "Point", "coordinates": [2.23735027, 48.57330605]}, "properties": {"route": "D19", "pr": "FS", "abs": 7761, "label": "D19 PRFS+7761"}}, {"type": "Feature", "geometry": {"type": "Point", "coordinates": [2.19360563, 48.58757374]}, "properties": {"route": "D9116D1", "pr": "FS", "abs": null, "label": "D9116D1 PRFS"}}, {"type": "Feature", "geometry": {"type": "Point", "coordinates": [2.29752676, 48.71558056]}, "properties": {"route": "D120", "pr": "FS", "abs": null, "label": "D120 PRFS"}}, {"type": "Feature", "geometry": {"type": "Point", "coordinates": [2.51335672, 48.69594418]}, "properties": {"route": "D94", "pr": "FS", "abs": null, "label": "D94 PRFS (D)"}}, {"type": "Feature", "geometry": {"type": "Point", "coordinates": [2.40295481, 48.66095185]}, "properties": {"route": "N900704", "pr": "FS", "abs": null, "label": "N900704 PRFS"}}, {"type": "Feature", "geometry": {"type": "Point", "coordinates": [2.40871865, 48.68618877]}, "properties": {"route": "D931", "pr": "FS", "abs": null, "label": "D931 PRFS"}}, {"type": "Feature", "geometry": {"type": "Point", "coordinates": [2.50094144, 48.63694856]}, "properties": {"route": "D33", "pr": "FS", "abs": null, "label": "D33 PRFS (G)"}}, {"type": "Feature", "geometry": {"type": "Point", "coordinates": [2.51335672, 48.69594418]}, "properties": {"route": "D94", "pr": "FS", "abs": null, "label": "D94 PRFS (G)"}}, {"type": "Feature", "geometry": {"type": "Point", "coordinates": [1.99698278, 48.31651261]}, "properties": {"route": "D838", "pr": "FS", "abs": 490, "label": "D838 PRFS+490"}}, {"type": "Feature", "geometry": {"type": "Point", "coordinates": [2.28082191, 48.67071]}, "properties": {"route": "N902003", "pr": "FS", "abs": null, "label": "N902003 PRFS"}}, {"type": "Feature", "geometry": {"type": "Point", "coordinates": [2.50117757, 48.63695134]}, "properties": {"route": "D33", "pr": "FS", "abs": null, "label": "D33 PRFS (D)"}}, {"type": "Feature", "geometry": {"type": "Point", "coordinates": [2.33847471, 48.61205512]}, "properties": {"route": "D117", "pr": "FS", "abs": null, "label": "D117 PRFS"}}, {"type": "Feature", "geometry": {"type": "Point", "coordinates": [2.29901312, 48.57803294]}, "properties": {"route": "D117", "pr": "FS", "abs": null, "label": "D117 PRFS (D)"}}, {"type": "Feature", "geometry": {"type": "Point", "coordinates": [2.49914262, 48.61715162]}, "properties": {"route": "D947", "pr": "FS", "abs": null, "label": "D947 PRFS"}}, {"type": "Feature", "geometry": {"type": "Point", "coordinates": [2.01224086, 48.32244363]}, "properties": {"route": "D604", "pr": "FS", "abs": null, "label": "D604 PRFS"}}, {"type": "Feature", "geometry": {"type": "Point", "coordinates": [2.21834181, 48.74789247]}, "properties": {"route": "D944405", "pr": "FS", "abs": null, "label": "D944405 PRFS"}}, {"type": "Feature", "geometry": {"type": "Point", "coordinates": [2.24396538, 48.72757325]}, "properties": {"route": "D944401", "pr": "FS", "abs": null, "label": "D944401 PRFS"}}, {"type": "Feature", "geometry": {"type": "Point", "coordinates": [2.23169353, 48.57154336]}, "properties": {"route": "N902006", "pr": "FS", "abs": null, "label": "N902006 PRFS"}}, {"type": "Feature", "geometry": {"type": "Point", "coordinates": [2.26121492, 48.72993802]}, "properties": {"route": "D156", "pr": "FS", "abs": null, "label": "D156 PRFS"}}, {"type": "Feature", "geometry": {"type": "Point", "coordinates": [2.19360833, 48.58757466]}, "properties": {"route": "D116D", "pr": "FS", "abs": 4119, "label": "D116D PRFS+4119"}}, {"type": "Feature", "geometry": {"type": "Point", "coordinates": [2.35866317, 48.63497589]}, "properties": {"route": "D296", "pr": "FS", "abs": null, "label": "D296 PRFS"}}, {"type": "Feature", "geometry": {"type": "Point", "coordinates": [2.16423136, 48.69865649]}, "properties": {"route": "D95", "pr": "FS", "abs": null, "label": "D95 PRFS"}}, {"type": "Feature", "geometry": {"type": "Point", "coordinates": [2.0000048, 48.31863199]}, "properties": {"route": "N902019", "pr": "FS", "abs": null, "label": "N902019 PRFS"}}, {"type": "Feature", "geometry": {"type": "Point", "coordinates": [2.44116892, 48.60126067]}, "properties": {"route": "D260", "pr": "FS", "abs": null, "label": "D260 PRFS"}}, {"type": "Feature", "geometry": {"type": "Point", "coordinates": [2.3426284, 48.68078135]}, "properties": {"route": "D25", "pr": "FS", "abs": null, "label": "D25 PRFS (G)"}}, {"type": "Feature", "geometry": {"type": "Point", "coordinates": [2.28574128, 48.69554401]}, "properties": {"route": "N902001", "pr": "FS", "abs": null, "label": "N902001 PRFS"}}, {"type": "Feature", "geometry": {"type": "Point", "coordinates": [2.28454406, 48.72484078]}, "properties": {"route": "D918802", "pr": "FS", "abs": null, "label": "D918802 PRFS"}}, {"type": "Feature", "geometry": {"type": "Point", "coordinates": [2.22748605, 48.55930691]}, "properties": {"route": "N902007", "pr": "FS", "abs": null, "label": "N902007 PRFS"}}, {"type": "Feature", "geometry": {"type": "Point", "coordinates": [2.30137365, 48.57923336]}, "properties": {"route": "D901903", "pr": "FS", "abs": null, "label": "D901903 PRFS"}}, {"type": "Feature", "geometry": {"type": "Point", "coordinates": [2.42939382, 48.56266424]}, "properties": {"route": "D191", "pr": "FS", "abs": null, "label": "D191 PRFS (D)"}}, {"type": "Feature", "geometry": {"type": "Point", "coordinates": [2.24011958, 48.57322212]}, "properties": {"route": "D19", "pr": "FS", "abs": null, "label": "D19 PRFS (G)"}}, {"type": "Feature", "geometry": {"type": "Point", "coordinates": [2.50239425, 48.69469097]}, "properties": {"route": "D54", "pr": "FS", "abs": null, "label": "D54 PRFS"}}, {"type": "Feature", "geometry": {"type": "Point", "coordinates": [1.99233474, 48.30167151]}, "properties": {"route": "N902020", "pr": "FS", "abs": null, "label": "N902020 PRFS"}}, {"type": "Feature", "geometry": {"type": "Point", "coordinates": [2.19344908, 48.57880718]}, "properties": {"route": "D191Z", "pr": "FS", "abs": null, "label": "D191Z PRFS"}}, {"type": "Feature", "geometry": {"type": "Point", "coordinates": [2.41705702, 48.6223426]}, "properties": {"route": "D446", "pr": "FS", "abs": null, "label": "D446 PRFS (G)"}}, {"type": "Feature", "geometry": {"type": "Point", "coordinates": [2.21602153, 48.74906543]}, "properties": {"route": "D444", "pr": "FS", "abs": null, "label": "D444 PRFS (D)"}}, {"type": "Feature", "geometry": {"type": "Point", "coordinates": [2.19223358, 48.67593282]}, "properties": {"route": "D35", "pr": "FS", "abs": null, "label": "D35 PRFS (G)"}}, {"type": "Feature", "geometry": {"type": "Point", "coordinates": [2.41656523, 48.62227722]}, "properties": {"route": "D446", "pr": "FS", "abs": null, "label": "D446 PRFS (G)"}}, {"type": "Feature", "geometry": {"type": "Point", "coordinates": [2.49158337, 48.62872971]}, "properties": {"route": "D33", "pr": "FS", "abs": null, "label": "D33 PRFS (D)"}}, {"type": "Feature", "geometry": {"type": "Point", "coordinates": [2.45692815, 48.61558043]}, "properties": {"route": "N7", "pr": "FS", "abs": null, "label": "N7 PRFS (G)"}}, {"type": "Feature", "geometry": {"type": "Point", "coordinates": [2.35083354, 48.49646645]}, "properties": {"route": "D449", "pr": "FS", "abs": 15231, "label": "D449 PRFS+15231"}}, {"type": "Feature", "geometry": {"type": "Point", "coordinates": [2.48747408, 48.71676258]}, "properties": {"route": "D32", "pr": "FS", "abs": 25790, "label": "D32 PRFS+25790"}}, {"type": "Feature", "geometry": {"type": "Point", "coordinates": [2.45155054, 48.63266292]}, "properties": {"route": "D93", "pr": "FS", "abs": null, "label": "D93 PRFS (D)"}}, {"type": "Feature", "geometry": {"type": "Point", "coordinates": [2.2694266, 48.70917308]}, "properties": {"route": "D59", "pr": "FS", "abs": null, "label": "D59 PRFS"}}, {"type": "Feature", "geometry": {"type": "Point", "coordinates": [2.50018216, 48.61683306]}, "properties": {"route": "D947", "pr": "FS", "abs": null, "label": "D947 PRFS"}}, {"type": "Feature", "geometry": {"type": "Point", "coordinates": [2.28490588, 48.43160432]}, "properties": {"route": "D545", "pr": "FS", "abs": null, "label": "D545 PRFS"}}, {"type": "Feature", "geometry": {"type": "Point", "coordinates": [2.29177989, 48.73623239]}, "properties": {"route": "D121", "pr": "FS", "abs": null, "label": "D121 PRFS"}}, {"type": "Feature", "geometry": {"type": "Point", "coordinates": [2.37425789, 48.53784005]}, "properties": {"route": "D174", "pr": "FS", "abs": null, "label": "D174 PRFS"}}, {"type": "Feature", "geometry": {"type": "Point", "coordinates": [2.40231067, 48.66254343]}, "properties": {"route": "D310", "pr": "FS", "abs": null, "label": "D310 PRFS"}}, {"type": "Feature", "geometry": {"type": "Point", "coordinates": [2.19095432, 48.75773531]}, "properties": {"route": "D117", "pr": "FS", "abs": null, "label": "D117 PRFS"}}, {"type": "Feature", "geometry": {"type": "Point", "coordinates": [2.49567081, 48.56096394]}, "properties": {"route": "N7", "pr": "FS", "abs": null, "label": "N7 PRFS"}}, {"type": "Feature", "geometry": {"type": "Point", "coordinates": [2.49678729, 48.63113912]}, "properties": {"route": "D33", "pr": "FS", "abs": null, "label": "D33 PRFS (G)"}}, {"type": "Feature", "geometry": {"type": "Point", "coordinates": [2.3789722, 48.68147899]}, "properties": {"route": "D77", "pr": "FS", "abs": null, "label": "D77 PRFS"}}, {"type": "Feature", "geometry": {"type": "Point", "coordinates": [2.41886873, 48.62365576]}, "properties": {"route": "D93", "pr": "FS", "abs": null, "label": "D93 PRFS (G)"}}, {"type": "Feature", "geometry": {"type": "Point", "coordinates": [2.1566476, 48.67356356]}, "properties": {"route": "D35", "pr": "FS", "abs": null, "label": "D35 PRFS (D)"}}, {"type": "Feature", "geometry": {"type": "Point", "coordinates": [2.28851731, 48.72917564]}, "properties": {"route": "D918801", "pr": "FS", "abs": null, "label": "D918801 PRFS"}}, {"type": "Feature", "geometry": {"type": "Point", "coordinates": [2.29994847, 48.6719914]}, "properties": {"route": "D186", "pr": "FS", "abs": null, "label": "D186 PRFS (D)"}}, {"type": "Feature", "geometry": {"type": "Point", "coordinates": [2.24530997, 48.59798346]}, "properties": {"route": "N902005", "pr": "FS", "abs": null, "label": "N902005 PRFS"}}, {"type": "Feature", "geometry": {"type": "Point", "coordinates": [1.93061254, 48.47022134]}, "properties": {"route": "D115", "pr": "FS", "abs": null, "label": "D115 PRFS"}}, {"type": "Feature", "geometry": {"type": "Point", "coordinates": [2.32408736, 48.60592848]}, "properties": {"route": "D901904", "pr": "FS", "abs": null, "label": "D901904 PRFS"}}, {"type": "Feature", "geometry": {"type": "Point", "coordinates": [2.22912394, 48.77015359]}, "properties": {"route": "D533", "pr": "FS", "abs": null, "label": "D533 PRFS (G)"}}, {"type": "Feature", "geometry": {"type": "Point", "coordinates": [2.16673792, 48.67499278]}, "properties": {"route": "D35", "pr": "FS", "abs": null, "label": "D35 PRFS (G)"}}, {"type": "Feature", "geometry": {"type": "Point", "coordinates": [2.17605744, 48.71554659]}, "properties": {"route": "D128", "pr": "FS", "abs": null, "label": "D128 PRFS (G)"}}, {"type": "Feature", "geometry": {"type": "Point", "coordinates": [2.26130273, 48.57450248]}, "properties": {"route": "D901901", "pr": "FS", "abs": null, "label": "D901901 PRFS"}}, {"type": "Feature", "geometry": {"type": "Point", "coordinates": [2.43598865, 48.5995586]}, "properties": {"route": "D26", "pr": "FS", "abs": null, "label": "D26 PRFS (G)"}}, {"type": "Feature", "geometry": {"type": "Point", "coordinates": [2.50306467, 48.64160429]}, "properties": {"route": "D903301", "pr": "FS", "abs": null, "label": "D903301 PRFS (D)"}}, {"type": "Feature", "geometry": {"type": "Point", "coordinates": [2.44628332, 48.624488]}, "properties": {"route": "N900708", "pr": "FS", "abs": null, "label": "N900708 PRFS"}}, {"type": "Feature", "geometry": {"type": "Point", "coordinates": [2.42188112, 48.64452665]}, "properties": {"route": "D91", "pr": "FS", "abs": null, "label": "D91 PRFS"}}, {"type": "Feature", "geometry": {"type": "Point", "coordinates": [2.44017206, 48.61052213]}, "properties": {"route": "D446", "pr": "FS", "abs": null, "label": "D446 PRFS (G)"}}, {"type": "Feature", "geometry": {"type": "Point", "coordinates": [2.24351308, 48.59900925]}, "properties": {"route": "N902005", "pr": "FS", "abs": null, "label": "N902005 PRFS"}}, {"type": "Feature", "geometry": {"type": "Point", "coordinates": [2.28828832, 48.57822656]}, "properties": {"route": "D901902", "pr": "FS", "abs": null, "label": "D901902 PRFS"}}, {"type": "Feature", "geometry": {"type": "Point", "coordinates": [2.25860924, 48.57382454]}, "properties": {"route": "D19", "pr": "FS", "abs": null, "label": "D19 PRFS (D)"}}, {"type": "Feature", "geometry": {"type": "Point", "coordinates": [2.44884756, 48.62257941]}, "properties": {"route": "N900708", "pr": "FS", "abs": null, "label": "N900708 PRFS"}}, {"type": "Feature", "geometry": {"type": "Point", "coordinates": [1.9786747, 48.32628075]}, "properties": {"route": "D119", "pr": "FS", "abs": null, "label": "D119 PRFS"}}, {"type": "Feature", "geometry": {"type": "Point", "coordinates": [2.27299616, 48.65227381]}, "properties": {"route": "N902004", "pr": "FS", "abs": null, "label": "N902004 PRFS"}}, {"type": "Feature", "geometry": {"type": "Point", "coordinates": [2.24304804, 48.7313002]}, "properties": {"route": "D120", "pr": "FS", "abs": null, "label": "D120 PRFS"}}, {"type": "Feature", "geometry": {"type": "Point", "coordinates": [2.28509705, 48.72655397]}, "properties": {"route": "D918802", "pr": "FS", "abs": null, "label": "D918802 PRFS"}}, {"type": "Feature", "geometry": {"type": "Point", "coordinates": [2.26481308, 48.71357285]}, "properties": {"route": "D959101", "pr": "FS", "abs": null, "label": "D959101 PRFS"}}, {"type": "Feature", "geometry": {"type": "Point", "coordinates": [2.32407205, 48.5410153]}, "properties": {"route": "D8", "pr": "FS", "abs": null, "label": "D8 PRFS"}}, {"type": "Feature", "geometry": {"type": "Point", "coordinates": [2.43634112, 48.5996988]}, "properties": {"route": "D26", "pr": "FS", "abs": null, "label": "D26 PRFS (D)"}}, {"type": "Feature", "geometry": {"type": "Point", "coordinates": [2.27882298, 48.67049913]}, "properties": {"route": "D186", "pr": "FS", "abs": null, "label": "D186 PRFS"}}, {"type": "Feature", "geometry": {"type": "Point", "coordinates": [2.22630625, 48.56064414]}, "properties": {"route": "N902007", "pr": "FS", "abs": null, "label": "N902007 PRFS"}}, {"type": "Feature", "geometry": {"type": "Point", "coordinates": [2.29815693, 48.71450671]}, "properties": {"route": "D217", "pr": "FS", "abs": null, "label": "D217 PRFS (D)"}}, {"type": "Feature", "geometry": {"type": "Point", "coordinates": [2.374208, 48.66153838]}, "properties": {"route": "D445", "pr": "FS", "abs": null, "label": "D445 PRFS"}}, {"type": "Feature", "geometry": {"type": "Point", "coordinates": [2.35451349, 48.52104151]}, "properties": {"route": "D31", "pr": "FS", "abs": null, "label": "D31 PRFS"}}, {"type": "Feature", "geometry": {"type": "Point", "coordinates": [2.49307837, 48.5285843]}, "properties": {"route": "D74", "pr": "FS", "abs": null, "label": "D74 PRFS"}}, {"type": "Feature", "geometry": {"type": "Point", "coordinates": [1.99624766, 48.31834825]}, "properties": {"route": "D939", "pr": "FS", "abs": null, "label": "D939 PRFS"}}, {"type": "Feature", "geometry": {"type": "Point", "coordinates": [2.42860208, 48.64075234]}, "properties": {"route": "D92", "pr": "FS", "abs": null, "label": "D92 PRFS"}}, {"type": "Feature", "geometry": {"type": "Point", "coordinates": [2.35908635, 48.63455359]}, "properties": {"route": "D445", "pr": "FS", "abs": null, "label": "D445 PRFS (G)"}}, {"type": "Feature", "geometry": {"type": "Point", "coordinates": [2.27758799, 48.64644676]}, "properties": {"route": "D133", "pr": "FS", "abs": null, "label": "D133 PRFS (G)"}}, {"type": "Feature", "geometry": {"type": "Point", "coordinates": [2.23756965, 48.57332185]}, "properties": {"route": "N902006", "pr": "FS", "abs": null, "label": "N902006 PRFS"}}, {"type": "Feature", "geometry": {"type": "Point", "coordinates": [2.35888646, 48.6345849]}, "properties": {"route": "D445", "pr": "FS", "abs": null, "label": "D445 PRFS (D)"}}, {"type": "Feature", "geometry": {"type": "Point", "coordinates": [2.20582843, 48.68611749]}, "properties": {"route": "D911801", "pr": "FS", "abs": null, "label": "D911801 PRFS"}}, {"type": "Feature", "geometry": {"type": "Point", "coordinates": [2.27760407, 48.56780265]}, "properties": {"route": "D26", "pr": "FS", "abs": null, "label": "D26 PRFS"}}, {"type": "Feature", "geometry": {"type": "Point", "coordinates": [2.29955713, 48.67190544]}, "properties": {"route": "D186", "pr": "FS", "abs": null, "label": "D186 PRFS (D)"}}, {"type": "Feature", "geometry": {"type": "Point", "coordinates": [2.28571334, 48.69460568]}, "properties": {"route": "N902001", "pr": "FS", "abs": null, "label": "N902001 PRFS"}}, {"type": "Feature", "geometry": {"type": "Point", "coordinates": [2.11353799, 48.30729691]}, "properties": {"route": "D49", "pr": "FS", "abs": null, "label": "D49 PRFS"}}, {"type": "Feature", "geometry": {"type": "Point", "coordinates": [2.21602153, 48.74906543]}, "properties": {"route": "D444", "pr": "FS", "abs": null, "label": "D444 PRFS (G)"}}, {"type": "Feature", "geometry": {"type": "Point", "coordinates": [2.2624924, 48.62799396]}, "properties": {"route": "N902041", "pr": "FS", "abs": null, "label": "N902041 PRFS"}}, {"type": "Feature", "geometry": {"type": "Point", "coordinates": [2.33913714, 48.66715629]}, "properties": {"route": "D925701", "pr": "FS", "abs": null, "label": "D925701 PRFS"}}, {"type": "Feature", "geometry": {"type": "Point", "coordinates": [2.29291588, 48.72845703]}, "properties": {"route": "D918801", "pr": "FS", "abs": null, "label": "D918801 PRFS"}}, {"type": "Feature", "geometry": {"type": "Point", "coordinates": [2.49603523, 48.70684659]}, "properties": {"route": "D94", "pr": "FS", "abs": null, "label": "D94 PRFS (D)"}}, {"type": "Feature", "geometry": {"type": "Point", "coordinates": [2.50306467, 48.64160429]}, "properties": {"route": "D903301", "pr": "FS", "abs": null, "label": "D903301 PRFS (G)"}}, {"type": "Feature", "geometry": {"type": "Point", "coordinates": [2.42340522, 48.61449272]}, "properties": {"route": "D446", "pr": "FS", "abs": null, "label": "D446 PRFS (D)"}}, {"type": "Feature", "geometry": {"type": "Point", "coordinates": [2.49357274, 48.44820911]}, "properties": {"route": "D90", "pr": "FS", "abs": null, "label": "D90 PRFS"}}, {"type": "Feature", "geometry": {"type": "Point", "coordinates": [2.27125968, 48.75665944]}, "properties": {"route": "D60", "pr": "FS", "abs": null, "label": "D60 PRFS"}}, {"type": "Feature", "geometry": {"type": "Point", "coordinates": [1.98072794, 48.28698625]}, "properties": {"route": "N20", "pr": "FS", "abs": null, "label": "N20 PRFS (G)"}}, {"type": "Feature", "geometry": {"type": "Point", "coordinates": [2.41843745, 48.39620657]}, "properties": {"route": "D837", "pr": "FS", "abs": null, "label": "D837 PRFS"}}, {"type": "Feature", "geometry": {"type": "Point", "coordinates": [2.2832639, 48.47120567]}, "properties": {"route": "D148", "pr": "FS", "abs": null, "label": "D148 PRFS"}}, {"type": "Feature", "geometry": {"type": "Point", "coordinates": [2.16322612, 48.73097598]}, "properties": {"route": "D446", "pr": "FS", "abs": null, "label": "D446 PRFS"}}, {"type": "Feature", "geometry": {"type": "Point", "coordinates": [2.39400313, 48.52471196]}, "properties": {"route": "D74", "pr": "FS", "abs": null, "label": "D74 PRFS"}}, {"type": "Feature", "geometry": {"type": "Point", "coordinates": [2.38234282, 48.70857161]}, "properties": {"route": "D25", "pr": "FS", "abs": null, "label": "D25 PRFS"}}, {"type": "Feature", "geometry": {"type": "Point", "coordinates": [2.35246152, 48.56077885]}, "properties": {"route": "D31", "pr": "FS", "abs": null, "label": "D31 PRFS"}}, {"type": "Feature", "geometry": {"type": "Point", "coordinates": [2.26637493, 48.71569443]}, "properties": {"route": "D188", "pr": "FS", "abs": null, "label": "D188 PRFS (D)"}}, {"type": "Feature", "geometry": {"type": "Point", "coordinates": [2.12613284, 48.617736]}, "properties": {"route": "D131", "pr": "FS", "abs": null, "label": "D131 PRFS"}}, {"type": "Feature", "geometry": {"type": "Point", "coordinates": [2.12645085, 48.36106182]}, "properties": {"route": "D108", "pr": "FS", "abs": null, "label": "D108 PRFS"}}, {"type": "Feature", "geometry": {"type": "Point", "coordinates": [2.26644166, 48.56793046]}, "properties": {"route": "D26", "pr": "FS", "abs": null, "label": "D26 PRFS"}}, {"type": "Feature", "geometry": {"type": "Point", "coordinates": [2.01771467, 48.52138562]}, "properties": {"route": "D836", "pr": "FS", "abs": null, "label": "D836 PRFS"}}, {"type": "Feature", "geometry": {"type": "Point", "coordinates": [2.25841876, 48.4555763]}, "properties": {"route": "D248", "pr": "FS", "abs": null, "label": "D248 PRFS"}}, {"type": "Feature", "geometry": {"type": "Point", "coordinates": [2.42456954, 48.64285128]}, "properties": {"route": "N900705", "pr": "FS", "abs": null, "label": "N900705 PRFS"}}, {"type": "Feature", "geometry": {"type": "Point", "coordinates": [2.21137496, 48.75052702]}, "properties": {"route": "D53", "pr": "FS", "abs": null, "label": "D53 PRFS"}}, {"type": "Feature", "geometry": {"type": "Point", "coordinates": [2.50445309, 48.47964329]}, "properties": {"route": "D83", "pr": "FS", "abs": null, "label": "D83 PRFS"}}, {"type": "Feature", "geometry": {"type": "Point", "coordinates": [2.31244039, 48.60867648]}, "properties": {"route": "D133", "pr": "FS", "abs": null, "label": "D133 PRFS"}}, {"type": "Feature", "geometry": {"type": "Point", "coordinates": [2.08545311, 48.31862111]}, "properties": {"route": "D145", "pr": "FS", "abs": null, "label": "D145 PRFS"}}, {"type": "Feature", "geometry": {"type": "Point", "coordinates": [2.15891088, 48.59980802]}, "properties": {"route": "D152", "pr": "FS", "abs": null, "label": "D152 PRFS"}}, {"type": "Feature", "geometry": {"type": "Point", "coordinates": [2.26635729, 48.35861242]}, "properties": {"route": "D12", "pr": "FS", "abs": null, "label": "D12 PRFS"}}, {"type": "Feature", "geometry": {"type": "Point", "coordinates": [2.2034636, 48.72006727]}, "properties": {"route": "D128", "pr": "FS", "abs": null, "label": "D128 PRFS"}}, {"type": "Feature", "geometry": {"type": "Point", "coordinates": [2.10133735, 48.70369698]}, "properties": {"route": "D306", "pr": "FS", "abs": null, "label": "D306 PRFS"}}, {"type": "Feature", "geometry": {"type": "Point", "coordinates": [2.29839219, 48.71530772]}, "properties": {"route": "N20", "pr": "FS", "abs": null, "label": "N20 PRFS (G)"}}, {"type": "Feature", "geometry": {"type": "Point", "coordinates": [2.31938385, 48.74186071]}, "properties": {"route": "D167", "pr": "FS", "abs": null, "label": "D167 PRFS"}}, {"type": "Feature", "geometry": {"type": "Point", "coordinates": [2.30962942, 48.60880504]}, "properties": {"route": "D152", "pr": "FS", "abs": null, "label": "D152 PRFS"}}, {"type": "Feature", "geometry": {"type": "Point", "coordinates": [2.44830711, 48.64759692]}, "properties": {"route": "D448", "pr": "FS", "abs": null, "label": "D448 PRFS"}}, {"type": "Feature", "geometry": {"type": "Point", "coordinates": [2.35127153, 48.70574698]}, "properties": {"route": "D167", "pr": "FS", "abs": null, "label": "D167 PRFS"}}, {"type": "Feature", "geometry": {"type": "Point", "coordinates": [2.19379842, 48.67539561]}, "properties": {"route": "D446", "pr": "FS", "abs": null, "label": "D446 PRFS"}}, {"type": "Feature", "geometry": {"type": "Point", "coordinates": [2.53453082, 48.40419366]}, "properties": {"route": "D837", "pr": "FS", "abs": null, "label": "D837 PRFS"}}, {"type": "Feature", "geometry": {"type": "Point", "coordinates": [2.26221758, 48.62669602]}, "properties": {"route": "N902041", "pr": "FS", "abs": null, "label": "N902041 PRFS"}}, {"type": "Feature", "geometry": {"type": "Point", "coordinates": [2.07404444, 48.65217047]}, "properties": {"route": "D838", "pr": "FS", "abs": null, "label": "D838 PRFS"}}, {"type": "Feature", "geometry": {"type": "Point", "coordinates": [2.52177336, 48.65740049]}, "properties": {"route": "N6", "pr": "FS", "abs": null, "label": "N6 PRFS (G)"}}, {"type": "Feature", "geometry": {"type": "Point", "coordinates": [2.44894054, 48.56657055]}, "properties": {"route": "D153", "pr": "FS", "abs": null, "label": "D153 PRFS"}}, {"type": "Feature", "geometry": {"type": "Point", "coordinates": [2.3509613, 48.33257221]}, "properties": {"route": "D449", "pr": "FS", "abs": null, "label": "D449 PRFS"}}, {"type": "Feature", "geometry": {"type": "Point", "coordinates": [2.17559612, 48.583073]}, "properties": {"route": "D27", "pr": "FS", "abs": null, "label": "D27 PRFS"}}, {"type": "Feature", "geometry": {"type": "Point", "coordinates": [2.35322747, 48.56108887]}, "properties": {"route": "D26", "pr": "FS", "abs": null, "label": "D26 PRFS"}}, {"type": "Feature", "geometry": {"type": "Point", "coordinates": [1.95570696, 48.44889062]}, "properties": {"route": "D838", "pr": "FS", "abs": null, "label": "D838 PRFS"}}, {"type": "Feature", "geometry": {"type": "Point", "coordinates": [2.36625208, 48.73395984]}, "properties": {"route": "N7", "pr": "FS", "abs": null, "label": "N7 PRFS (G)"}}, {"type": "Feature", "geometry": {"type": "Point", "coordinates": [2.16428652, 48.35980607]}, "properties": {"route": "D145", "pr": "FS", "abs": null, "label": "D145 PRFS"}}, {"type": "Feature", "geometry": {"type": "Point", "coordinates": [1.96207365, 48.30517835]}, "properties": {"route": "D603", "pr": "FS", "abs": null, "label": "D603 PRFS"}}, {"type": "Feature", "geometry": {"type": "Point", "coordinates": [2.1926375, 48.33425829]}, "properties": {"route": "D721", "pr": "FS", "abs": null, "label": "D721 PRFS"}}, {"type": "Feature", "geometry": {"type": "Point", "coordinates": [2.35114875, 48.33247157]}, "properties": {"route": "D63", "pr": "FS", "abs": null, "label": "D63 PRFS"}}, {"type": "Feature", "geometry": {"type": "Point", "coordinates": [2.35941221, 48.6352066]}, "properties": {"route": "D445", "pr": "FS", "abs": null, "label": "D445 PRFS (D)"}}, {"type": "Feature", "geometry": {"type": "Point", "coordinates": [2.31264582, 48.69946012]}, "properties": {"route": "D118", "pr": "FS", "abs": null, "label": "D118 PRFS"}}, {"type": "Feature", "geometry": {"type": "Point", "coordinates": [2.19875034, 48.57435138]}, "properties": {"route": "D82", "pr": "FS", "abs": null, "label": "D82 PRFS"}}, {"type": "Feature", "geometry": {"type": "Point", "coordinates": [2.3881899, 48.62541902]}, "properties": {"route": "D31", "pr": "FS", "abs": null, "label": "D31 PRFS"}}, {"type": "Feature", "geometry": {"type": "Point", "coordinates": [2.48611781, 48.71106771]}, "properties": {"route": "D31", "pr": "FS", "abs": null, "label": "D31 PRFS"}}, {"type": "Feature", "geometry": {"type": "Point", "coordinates": [2.10014243, 48.31888573]}, "properties": {"route": "D491", "pr": "FS", "abs": null, "label": "D491 PRFS"}}, {"type": "Feature", "geometry": {"type": "Point", "coordinates": [2.52904354, 48.70630776]}, "properties": {"route": "D54", "pr": "FS", "abs": null, "label": "D54 PRFS"}}, {"type": "Feature", "geometry": {"type": "Point", "coordinates": [2.46559432, 48.70131015]}, "properties": {"route": "D31", "pr": "FS", "abs": null, "label": "D31 PRFS"}}, {"type": "Feature", "geometry": {"type": "Point", "coordinates": [1.97564716, 48.52773381]}, "properties": {"route": "D116", "pr": "FS", "abs": null, "label": "D116 PRFS"}}, {"type": "Feature", "geometry": {"type": "Point", "coordinates": [2.43702474, 48.35515568]}, "properties": {"route": "D101", "pr": "FS", "abs": null, "label": "D101 PRFS"}}, {"type": "Feature", "geometry": {"type": "Point", "coordinates": [2.39609626, 48.54229169]}, "properties": {"route": "D17", "pr": "FS", "abs": null, "label": "D17 PRFS"}}, {"type": "Feature", "geometry": {"type": "Point", "coordinates": [2.28438482, 48.69448439]}, "properties": {"route": "D118", "pr": "FS", "abs": null, "label": "D118 PRFS"}}, {"type": "Feature", "geometry": {"type": "Point", "coordinates": [2.11362, 48.30763314]}, "properties": {"route": "D49", "pr": "FS", "abs": null, "label": "D49 PRFS"}}, {"type": "Feature", "geometry": {"type": "Point", "coordinates": [2.28057993, 48.3128947]}, "properties": {"route": "D57", "pr": "FS", "abs": null, "label": "D57 PRFS"}}, {"type": "Feature", "geometry": {"type": "Point", "coordinates": [2.4133287, 48.71856808]}, "properties": {"route": "D29", "pr": "FS", "abs": null, "label": "D29 PRFS"}}, {"type": "Feature", "geometry": {"type": "Point", "coordinates": [2.22407439, 48.74187204]}, "properties": {"route": "D444", "pr": "FS", "abs": null, "label": "D444 PRFS"}}, {"type": "Feature", "geometry": {"type": "Point", "coordinates": [2.11021967, 48.7215771]}, "properties": {"route": "D95", "pr": "FS", "abs": null, "label": "D95 PRFS"}}, {"type": "Feature", "geometry": {"type": "Point", "coordinates": [2.12407632, 48.55365424]}, "properties": {"route": "D132", "pr": "FS", "abs": null, "label": "D132 PRFS"}}, {"type": "Feature", "geometry": {"type": "Point", "coordinates": [2.20875783, 48.53491702]}, "properties": {"route": "N902008", "pr": "FS", "abs": null, "label": "N902008 PRFS"}}, {"type": "Feature", "geometry": {"type": "Point", "coordinates": [2.36961486, 48.30879471]}, "properties": {"route": "D449", "pr": "FS", "abs": null, "label": "D449 PRFS"}}, {"type": "Feature", "geometry": {"type": "Point", "coordinates": [2.18716249, 48.6432133]}, "properties": {"route": "D24", "pr": "FS", "abs": null, "label": "D24 PRFS"}}, {"type": "Feature", "geometry": {"type": "Point", "coordinates": [2.43850368, 48.53119347]}, "properties": {"route": "D153", "pr": "FS", "abs": null, "label": "D153 PRFS"}}, {"type": "Feature", "geometry": {"type": "Point", "coordinates": [2.16749615, 48.72829213]}, "properties": {"route": "D36", "pr": "FS", "abs": null, "label": "D36 PRFS"}}, {"type": "Feature", "geometry": {"type": "Point", "coordinates": [2.24514969, 48.58557922]}, "properties": {"route": "D192", "pr": "FS", "abs": null, "label": "D192 PRFS"}}, {"type": "Feature", "geometry": {"type": "Point", "coordinates": [2.22727125, 48.38431917]}, "properties": {"route": "D145", "pr": "FS", "abs": null, "label": "D145 PRFS"}}, {"type": "Feature", "geometry": {"type": "Point", "coordinates": [2.21699637, 48.68532512]}, "properties": {"route": "D118", "pr": "FS", "abs": null, "label": "D118 PRFS (D)"}}, {"type": "Feature", "geometry": {"type": "Point", "coordinates": [2.24676003, 48.72262137]}, "properties": {"route": "D944400", "pr": "FS", "abs": null, "label": "D944400 PRFS"}}, {"type": "Feature", "geometry": {"type": "Point", "coordinates": [2.24996344, 48.72201551]}, "properties": {"route": "D944400", "pr": "FS", "abs": null, "label": "D944400 PRFS"}}, {"type": "Feature", "geometry": {"type": "Point", "coordinates": [2.16683977, 48.69323638]}, "properties": {"route": "D188", "pr": "FS", "abs": null, "label": "D188 PRFS"}}, {"type": "Feature", "geometry": {"type": "Point", "coordinates": [2.46582956, 48.41207496]}, "properties": {"route": "D372", "pr": "FS", "abs": null, "label": "D372 PRFS"}}, {"type": "Feature", "geometry": {"type": "Point", "coordinates": [2.20814172, 48.53167251]}, "properties": {"route": "N902008", "pr": "FS", "abs": null, "label": "N902008 PRFS"}}, {"type": "Feature", "geometry": {"type": "Point", "coordinates": [2.35755021, 48.43264877]}, "properties": {"route": "D449", "pr": "FS", "abs": null, "label": "D449 PRFS"}}, {"type": "Feature", "geometry": {"type": "Point", "coordinates": [2.22660733, 48.71868321]}, "properties": {"route": "D36", "pr": "FS", "abs": null, "label": "D36 PRFS"}}, {"type": "Feature", "geometry": {"type": "Point", "coordinates": [2.12049012, 48.51339031]}, "properties": {"route": "D82", "pr": "FS", "abs": null, "label": "D82 PRFS"}}, {"type": "Feature", "geometry": {"type": "Point", "coordinates": [2.19244743, 48.67545393]}, "properties": {"route": "D35", "pr": "FS", "abs": null, "label": "D35 PRFS"}}, {"type": "Feature", "geometry": {"type": "Point", "coordinates": [2.17693381, 48.45856959]}, "properties": {"route": "N20", "pr": "FS", "abs": null, "label": "N20 PRFS (G)"}}, {"type": "Feature", "geometry": {"type": "Point", "coordinates": [2.52183069, 48.65721903]}, "properties": {"route": "N6", "pr": "FS", "abs": null, "label": "N6 PRFS (D)"}}, {"type": "Feature", "geometry": {"type": "Point", "coordinates": [2.42197119, 48.64509738]}, "properties": {"route": "N7", "pr": "FS", "abs": null, "label": "N7 PRFS (G)"}}, {"type": "Feature", "geometry": {"type": "Point", "coordinates": [1.97868322, 48.37509062]}, "properties": {"route": "D160", "pr": "FS", "abs": null, "label": "D160 PRFS"}}, {"type": "Feature", "geometry": {"type": "Point", "coordinates": [2.06682509, 48.62945175]}, "properties": {"route": "D97", "pr": "FS", "abs": null, "label": "D97 PRFS"}}, {"type": "Feature", "geometry": {"type": "Point", "coordinates": [2.09932037, 48.54275582]}, "properties": {"route": "D116", "pr": "FS", "abs": null, "label": "D116 PRFS"}}, {"type": "Feature", "geometry": {"type": "Point", "coordinates": [2.47740047, 48.45254997]}, "properties": {"route": "D901", "pr": "FS", "abs": null, "label": "D901 PRFS"}}, {"type": "Feature", "geometry": {"type": "Point", "coordinates": [2.47274923, 48.4777678]}, "properties": {"route": "D83", "pr": "FS", "abs": null, "label": "D83 PRFS"}}, {"type": "Feature", "geometry": {"type": "Point", "coordinates": [2.48663165, 48.68615566]}, "properties": {"route": "D50", "pr": "FS", "abs": null, "label": "D50 PRFS"}}, {"type": "Feature", "geometry": {"type": "Point", "coordinates": [2.35082002, 48.61496381]}, "properties": {"route": "D19", "pr": "FS", "abs": null, "label": "D19 PRFS (G)"}}, {"type": "Feature", "geometry": {"type": "Point", "coordinates": [2.46464017, 48.41819456]}, "properties": {"route": "D948", "pr": "FS", "abs": null, "label": "D948 PRFS"}}, {"type": "Feature", "geometry": {"type": "Point", "coordinates": [2.28341588, 48.72532152]}, "properties": {"route": "D918802", "pr": "FS", "abs": null, "label": "D918802 PRFS"}}, {"type": "Feature", "geometry": {"type": "Point", "coordinates": [2.27298992, 48.59517818]}, "properties": {"route": "D152", "pr": "FS", "abs": null, "label": "D152 PRFS"}}, {"type": "Feature", "geometry": {"type": "Point", "coordinates": [2.07971061, 48.37255853]}, "properties": {"route": "N902016", "pr": "FS", "abs": null, "label": "N902016 PRFS"}}, {"type": "Feature", "geometry": {"type": "Point", "coordinates": [2.13956037, 48.29923347]}, "properties": {"route": "D18", "pr": "FS", "abs": null, "label": "D18 PRFS"}}, {"type": "Feature", "geometry": {"type": "Point", "coordinates": [2.00249018, 48.53724817]}, "properties": {"route": "D838", "pr": "FS", "abs": null, "label": "D838 PRFS"}}, {"type": "Feature", "geometry": {"type": "Point", "coordinates": [2.52222536, 48.574459]}, "properties": {"route": "D934", "pr": "FS", "abs": null, "label": "D934 PRFS"}}, {"type": "Feature", "geometry": {"type": "Point", "coordinates": [2.45166274, 48.62026983]}, "properties": {"route": "N7", "pr": "FS", "abs": null, "label": "N7 PRFS (G)"}}, {"type": "Feature", "geometry": {"type": "Point", "coordinates": [2.21704768, 48.68552784]}, "properties": {"route": "D118", "pr": "FS", "abs": null, "label": "D118 PRFS (G)"}}, {"type": "Feature", "geometry": {"type": "Point", "coordinates": [2.28356741, 48.42516445]}, "properties": {"route": "D145", "pr": "FS", "abs": null, "label": "D145 PRFS"}}, {"type": "Feature", "geometry": {"type": "Point", "coordinates": [2.53304331, 48.68863467]}, "properties": {"route": "D33", "pr": "FS", "abs": null, "label": "D33 PRFS"}}, {"type": "Feature", "geometry": {"type": "Point", "coordinates": [2.46805281, 48.6317177]}, "properties": {"route": "D331", "pr": "FS", "abs": null, "label": "D331 PRFS"}}, {"type": "Feature", "geometry": {"type": "Point", "coordinates": [1.92905784, 48.45185341]}, "properties": {"route": "D191", "pr": "FS", "abs": null, "label": "D191 PRFS"}}, {"type": "Feature", "geometry": {"type": "Point", "coordinates": [2.35951664, 48.63510191]}, "properties": {"route": "D445", "pr": "FS", "abs": null, "label": "D445 PRFS (G)"}}, {"type": "Feature", "geometry": {"type": "Point", "coordinates": [2.3062531, 48.51604306]}, "properties": {"route": "D99", "pr": "FS", "abs": null, "label": "D99 PRFS"}}, {"type": "Feature", "geometry": {"type": "Point", "coordinates": [2.47621493, 48.46402416]}, "properties": {"route": "D141", "pr": "FS", "abs": null, "label": "D141 PRFS"}}, {"type": "Feature", "geometry": {"type": "Point", "coordinates": [2.37638999, 48.43612752]}, "properties": {"route": "D153", "pr": "FS", "abs": null, "label": "D153 PRFS"}}, {"type": "Feature", "geometry": {"type": "Point", "coordinates": [2.43019778, 48.58906569]}, "properties": {"route": "D26", "pr": "FS", "abs": null, "label": "D26 PRFS (D)"}}, {"type": "Feature", "geometry": {"type": "Point", "coordinates": [2.34393337, 48.47618952]}, "properties": {"route": "D145", "pr": "FS", "abs": null, "label": "D145 PRFS"}}, {"type": "Feature", "geometry": {"type": "Point", "coordinates": [2.29407065, 48.66433344]}, "properties": {"route": "D35", "pr": "FS", "abs": null, "label": "D35 PRFS"}}, {"type": "Feature", "geometry": {"type": "Point", "coordinates": [2.16957353, 48.50163702]}, "properties": {"route": "D132", "pr": "FS", "abs": null, "label": "D132 PRFS"}}, {"type": "Feature", "geometry": {"type": "Point", "coordinates": [2.2747834, 48.6942438]}, "properties": {"route": "D118E", "pr": "FS", "abs": null, "label": "D118E PRFS"}}, {"type": "Feature", "geometry": {"type": "Point", "coordinates": [2.5323064, 48.68338517]}, "properties": {"route": "D94", "pr": "FS", "abs": null, "label": "D94 PRFS"}}, {"type": "Feature", "geometry": {"type": "Point", "coordinates": [2.39310544, 48.66923505]}, "properties": {"route": "N7", "pr": "FS", "abs": null, "label": "N7 PRFS (G)"}}, {"type": "Feature", "geometry": {"type": "Point", "coordinates": [2.48318523, 48.50185237]}, "properties": {"route": "D75", "pr": "FS", "abs": null, "label": "D75 PRFS"}}, {"type": "Feature", "geometry": {"type": "Point", "coordinates": [2.23738042, 48.73608253]}, "properties": {"route": "D60", "pr": "FS", "abs": null, "label": "D60 PRFS"}}, {"type": "Feature", "geometry": {"type": "Point", "coordinates": [2.25236226, 48.63950242]}, "properties": {"route": "D446", "pr": "FS", "abs": null, "label": "D446 PRFS"}}, {"type": "Feature", "geometry": {"type": "Point", "coordinates": [2.26658254, 48.71562284]}, "properties": {"route": "D188", "pr": "FS", "abs": null, "label": "D188 PRFS (G)"}}, {"type": "Feature", "geometry": {"type": "Point", "coordinates": [2.29874617, 48.57802417]}, "properties": {"route": "D19", "pr": "FS", "abs": null, "label": "D19 PRFS (D)"}}, {"type": "Feature", "geometry": {"type": "Point", "coordinates": [2.12556616, 48.51357081]}, "properties": {"route": "D207", "pr": "FS", "abs": null, "label": "D207 PRFS"}}, {"type": "Feature", "geometry": {"type": "Point", "coordinates": [2.29822877, 48.71533105]}, "properties": {"route": "N20", "pr": "FS", "abs": null, "label": "N20 PRFS (D)"}}, {"type": "Feature", "geometry": {"type": "Point", "coordinates": [2.2985236, 48.62299968]}, "properties": {"route": "D133", "pr": "FS", "abs": null, "label": "D133 PRFS (G)"}}, {"type": "Feature", "geometry": {"type": "Point", "coordinates": [2.09179235, 48.64149453]}, "properties": {"route": "D24", "pr": "FS", "abs": null, "label": "D24 PRFS"}}, {"type": "Feature", "geometry": {"type": "Point", "coordinates": [1.99434789, 48.37735158]}, "properties": {"route": "D113", "pr": "FS", "abs": null, "label": "D113 PRFS"}}, {"type": "Feature", "geometry": {"type": "Point", "coordinates": [2.33299063, 48.63735808]}, "properties": {"route": "D117", "pr": "FS", "abs": null, "label": "D117 PRFS"}}, {"type": "Feature", "geometry": {"type": "Point", "coordinates": [2.27041245, 48.51978317]}, "properties": {"route": "D99", "pr": "FS", "abs": null, "label": "D99 PRFS"}}, {"type": "Feature", "geometry": {"type": "Point", "coordinates": [2.09803329, 48.73426994]}, "properties": {"route": "D36", "pr": "FS", "abs": null, "label": "D36 PRFS"}}, {"type": "Feature", "geometry": {"type": "Point", "coordinates": [2.45109981, 48.61999917]}, "properties": {"route": "N7", "pr": "FS", "abs": null, "label": "N7 PRFS (D)"}}, {"type": "Feature", "geometry": {"type": "Point", "coordinates": [2.39295577, 48.66914254]}, "properties": {"route": "N7", "pr": "FS", "abs": null, "label": "N7 PRFS (D)"}}, {"type": "Feature", "geometry": {"type": "Point", "coordinates": [2.34031578, 48.66414948]}, "properties": {"route": "D117", "pr": "FS", "abs": null, "label": "D117 PRFS"}}, {"type": "Feature", "geometry": {"type": "Point", "coordinates": [2.45951275, 48.61083007]}, "properties": {"route": "D446", "pr": "FS", "abs": null, "label": "D446 PRFS"}}, {"type": "Feature", "geometry": {"type": "Point", "coordinates": [2.18704094, 48.59267375]}, "properties": {"route": "D152", "pr": "FS", "abs": null, "label": "D152 PRFS"}}, {"type": "Feature", "geometry": {"type": "Point", "coordinates": [2.40742431, 48.72607452]}, "properties": {"route": "D118", "pr": "FS", "abs": null, "label": "D118 PRFS"}}, {"type": "Feature", "geometry": {"type": "Point", "coordinates": [2.47280389, 48.72763684]}, "properties": {"route": "D324", "pr": "FS", "abs": null, "label": "D324 PRFS"}}, {"type": "Feature", "geometry": {"type": "Point", "coordinates": [2.23886617, 48.3571281]}, "properties": {"route": "D12", "pr": "FS", "abs": null, "label": "D12 PRFS"}}, {"type": "Feature", "geometry": {"type": "Point", "coordinates": [2.06407192, 48.59391677]}, "properties": {"route": "D838", "pr": "FS", "abs": null, "label": "D838 PRFS"}}, {"type": "Feature", "geometry": {"type": "Point", "coordinates": [2.22946293, 48.77115504]}, "properties": {"route": "D533", "pr": "FS", "abs": null, "label": "D533 PRFS"}}, {"type": "Feature", "geometry": {"type": "Point", "coordinates": [2.45504331, 48.40654687]}, "properties": {"route": "D105", "pr": "FS", "abs": null, "label": "D105 PRFS"}}, {"type": "Feature", "geometry": {"type": "Point", "coordinates": [2.11699995, 48.62476976]}, "properties": {"route": "D152", "pr": "FS", "abs": null, "label": "D152 PRFS"}}, {"type": "Feature", "geometry": {"type": "Point", "coordinates": [2.29489806, 48.51873716]}, "properties": {"route": "D56", "pr": "FS", "abs": null, "label": "D56 PRFS"}}, {"type": "Feature", "geometry": {"type": "Point", "coordinates": [2.29849835, 48.57840863]}, "properties": {"route": "D19", "pr": "FS", "abs": null, "label": "D19 PRFS (G)"}}, {"type": "Feature", "geometry": {"type": "Point", "coordinates": [2.30038486, 48.52139555]}, "properties": {"route": "D17", "pr": "FS", "abs": null, "label": "D17 PRFS"}}, {"type": "Feature", "geometry": {"type": "Point", "coordinates": [2.43430295, 48.63571078]}, "properties": {"route": "N900706", "pr": "FS", "abs": null, "label": "N900706 PRFS"}}, {"type": "Feature", "geometry": {"type": "Point", "coordinates": [2.32514383, 48.3433147]}, "properties": {"route": "D1", "pr": "FS", "abs": null, "label": "D1 PRFS"}}, {"type": "Feature", "geometry": {"type": "Point", "coordinates": [2.03799526, 48.68018974]}, "properties": {"route": "D41", "pr": "FS", "abs": null, "label": "D41 PRFS"}}, {"type": "Feature", "geometry": {"type": "Point", "coordinates": [2.10631275, 48.4465664]}, "properties": {"route": "D821", "pr": "FS", "abs": null, "label": "D821 PRFS"}}, {"type": "Feature", "geometry": {"type": "Point", "coordinates": [1.93762684, 48.56267232]}, "properties": {"route": "D836", "pr": "FS", "abs": null, "label": "D836 PRFS"}}, {"type": "Feature", "geometry": {"type": "Point", "coordinates": [2.2206371, 48.64668606]}, "properties": {"route": "D24", "pr": "FS", "abs": null, "label": "D24 PRFS"}}, {"type": "Feature", "geometry": {"type": "Point", "coordinates": [2.32397167, 48.54102552]}, "properties": {"route": "D8", "pr": "FS", "abs": null, "label": "D8 PRFS"}}, {"type": "Feature", "geometry": {"type": "Point", "coordinates": [2.28712197, 48.7230267]}, "properties": {"route": "D59", "pr": "FS", "abs": null, "label": "D59 PRFS"}}, {"type": "Feature", "geometry": {"type": "Point", "coordinates": [2.27145428, 48.65010195]}, "properties": {"route": "D35", "pr": "FS", "abs": null, "label": "D35 PRFS"}}, {"type": "Feature", "geometry": {"type": "Point", "coordinates": [2.12201445, 48.33257165]}, "properties": {"route": "D145", "pr": "FS", "abs": null, "label": "D145 PRFS"}}, {"type": "Feature", "geometry": {"type": "Point", "coordinates": [2.15348368, 48.64784708]}, "properties": {"route": "D40", "pr": "FS", "abs": null, "label": "D40 PRFS"}}, {"type": "Feature", "geometry": {"type": "Point", "coordinates": [2.49290109, 48.52800871]}, "properties": {"route": "D74", "pr": "FS", "abs": null, "label": "D74 PRFS (D)"}}, {"type": "Feature", "geometry": {"type": "Point", "coordinates": [2.18786784, 48.59278194]}, "properties": {"route": "D82", "pr": "FS", "abs": null, "label": "D82 PRFS"}}, {"type": "Feature", "geometry": {"type": "Point", "coordinates": [2.35752461, 48.43275209]}, "properties": {"route": "D153", "pr": "FS", "abs": null, "label": "D153 PRFS"}}, {"type": "Feature", "geometry": {"type": "Point", "coordinates": [2.25646318, 48.57383633]}, "properties": {"route": "D901901", "pr": "FS", "abs": null, "label": "D901901 PRFS"}}, {"type": "Feature", "geometry": {"type": "Point", "coordinates": [2.25161305, 48.29997355]}, "properties": {"route": "D143", "pr": "FS", "abs": null, "label": "D143 PRFS"}}, {"type": "Feature", "geometry": {"type": "Point", "coordinates": [2.04155552, 48.62579947]}, "properties": {"route": "D988", "pr": "FS", "abs": null, "label": "D988 PRFS"}}, {"type": "Feature", "geometry": {"type": "Point", "coordinates": [2.36614355, 48.73393948]}, "properties": {"route": "N7", "pr": "FS", "abs": null, "label": "N7 PRFS (D)"}}, {"type": "Feature", "geometry": {"type": "Point", "coordinates": [2.49628122, 48.70684583]}, "properties": {"route": "D94", "pr": "FS", "abs": null, "label": "D94 PRFS"}}, {"type": "Feature", "geometry": {"type": "Point", "coordinates": [2.51822523, 48.66083576]}, "properties": {"route": "D33", "pr": "FS", "abs": null, "label": "D33 PRFS"}}, {"type": "Feature", "geometry": {"type": "Point", "coordinates": [2.4887323, 48.71069757]}, "properties": {"route": "D52", "pr": "FS", "abs": null, "label": "D52 PRFS"}}, {"type": "Feature", "geometry": {"type": "Point", "coordinates": [2.20167992, 48.435446]}, "properties": {"route": "D191", "pr": "FS", "abs": null, "label": "D191 PRFS"}}, {"type": "Feature", "geometry": {"type": "Point", "coordinates": [2.41990437, 48.48746142]}, "properties": {"route": "D87", "pr": "FS", "abs": null, "label": "D87 PRFS"}}, {"type": "Feature", "geometry": {"type": "Point", "coordinates": [2.10100609, 48.57584264]}, "properties": {"route": "D131", "pr": "FS", "abs": null, "label": "D131 PRFS"}}, {"type": "Feature", "geometry": {"type": "Point", "coordinates": [2.32670556, 48.33148216]}, "properties": {"route": "D1", "pr": "FS", "abs": null, "label": "D1 PRFS"}}, {"type": "Feature", "geometry": {"type": "Point", "coordinates": [2.00257186, 48.45162123]}, "properties": {"route": "D113", "pr": "FS", "abs": null, "label": "D113 PRFS"}}, {"type": "Feature", "geometry": {"type": "Point", "coordinates": [2.20528695, 48.66132429]}, "properties": {"route": "D3", "pr": "FS", "abs": null, "label": "D3 PRFS"}}, {"type": "Feature", "geometry": {"type": "Point", "coordinates": [2.35389322, 48.73870832]}, "properties": {"route": "D167A", "pr": "FS", "abs": null, "label": "D167A PRFS"}}, {"type": "Feature", "geometry": {"type": "Point", "coordinates": [1.92769236, 48.45447633]}, "properties": {"route": "D5", "pr": "FS", "abs": null, "label": "D5 PRFS"}}, {"type": "Feature", "geometry": {"type": "Point", "coordinates": [2.10118491, 48.57632437]}, "properties": {"route": "D132", "pr": "FS", "abs": null, "label": "D132 PRFS"}}, {"type": "Feature", "geometry": {"type": "Point", "coordinates": [2.2660365, 48.52204845]}, "properties": {"route": "D146", "pr": "FS", "abs": null, "label": "D146 PRFS"}}, {"type": "Feature", "geometry": {"type": "Point", "coordinates": [2.14168861, 48.45648106]}, "properties": {"route": "D201", "pr": "FS", "abs": null, "label": "D201 PRFS"}}, {"type": "Feature", "geometry": {"type": "Point", "coordinates": [2.34954348, 48.61397635]}, "properties": {"route": "D19", "pr": "FS", "abs": null, "label": "D19 PRFS (D)"}}, {"type": "Feature", "geometry": {"type": "Point", "coordinates": [2.12226907, 48.64094574]}, "properties": {"route": "D24", "pr": "FS", "abs": null, "label": "D24 PRFS"}}, {"type": "Feature", "geometry": {"type": "Point", "coordinates": [2.53375764, 48.58918718]}, "properties": {"route": "D446", "pr": "FS", "abs": null, "label": "D446 PRFS"}}, {"type": "Feature", "geometry": {"type": "Point", "coordinates": [2.15036586, 48.52802151]}, "properties": {"route": "D132", "pr": "FS", "abs": null, "label": "D132 PRFS"}}, {"type": "Feature", "geometry": {"type": "Point", "coordinates": [2.35501047, 48.48932457]}, "properties": {"route": "D191", "pr": "FS", "abs": null, "label": "D191 PRFS"}}, {"type": "Feature", "geometry": {"type": "Point", "coordinates": [2.38076525, 48.37026639]}, "properties": {"route": "D1", "pr": "FS", "abs": null, "label": "D1 PRFS"}}, {"type": "Feature", "geometry": {"type": "Point", "coordinates": [2.18489152, 48.69663078]}, "properties": {"route": "D988", "pr": "FS", "abs": null, "label": "D988 PRFS"}}, {"type": "Feature", "geometry": {"type": "Point", "coordinates": [2.47642951, 48.37968054]}, "properties": {"route": "D948", "pr": "FS", "abs": null, "label": "D948 PRFS"}}, {"type": "Feature", "geometry": {"type": "Point", "coordinates": [2.06558409, 48.6713707]}, "properties": {"route": "D40", "pr": "FS", "abs": null, "label": "D40 PRFS"}}, {"type": "Feature", "geometry": {"type": "Point", "coordinates": [2.14639377, 48.71396816]}, "properties": {"route": "D306", "pr": "FS", "abs": null, "label": "D306 PRFS"}}, {"type": "Feature", "geometry": {"type": "Point", "coordinates": [2.12322163, 48.67142264]}, "properties": {"route": "D40", "pr": "FS", "abs": null, "label": "D40 PRFS"}}, {"type": "Feature", "geometry": {"type": "Point", "coordinates": [2.42409959, 48.61340315]}, "properties": {"route": "D153", "pr": "FS", "abs": null, "label": "D153 PRFS"}}, {"type": "Feature", "geometry": {"type": "Point", "coordinates": [2.20694559, 48.59186798]}, "properties": {"route": "D152", "pr": "FS", "abs": null, "label": "D152 PRFS"}}, {"type": "Feature", "geometry": {"type": "Point", "coordinates": [2.32404404, 48.5410862]}, "properties": {"route": "D17", "pr": "FS", "abs": null, "label": "D17 PRFS"}}, {"type": "Feature", "geometry": {"type": "Point", "coordinates": [2.05879414, 48.45623782]}, "properties": {"route": "D82", "pr": "FS", "abs": null, "label": "D82 PRFS"}}, {"type": "Feature", "geometry": {"type": "Point", "coordinates": [2.46719993, 48.57112365]}, "properties": {"route": "D191", "pr": "FS", "abs": null, "label": "D191 PRFS"}}, {"type": "Feature", "geometry": {"type": "Point", "coordinates": [2.33778241, 48.56596866]}, "properties": {"route": "D117", "pr": "FS", "abs": null, "label": "D117 PRFS"}}, {"type": "Feature", "geometry": {"type": "Point", "coordinates": [2.4307674, 48.58905492]}, "properties": {"route": "D153", "pr": "FS", "abs": null, "label": "D153 PRFS"}}, {"type": "Feature", "geometry": {"type": "Point", "coordinates": [2.35612317, 48.39464568]}, "properties": {"route": "D12", "pr": "FS", "abs": null, "label": "D12 PRFS"}}, {"type": "Feature", "geometry": {"type": "Point", "coordinates": [1.92918333, 48.41637497]}, "properties": {"route": "D21", "pr": "FS", "abs": null, "label": "D21 PRFS"}}, {"type": "Feature", "geometry": {"type": "Point", "coordinates": [2.19105002, 48.49245321]}, "properties": {"route": "D148", "pr": "FS", "abs": null, "label": "D148 PRFS"}}, {"type": "Feature", "geometry": {"type": "Point", "coordinates": [2.39345358, 48.66919275]}, "properties": {"route": "D931", "pr": "FS", "abs": null, "label": "D931 PRFS"}}, {"type": "Feature", "geometry": {"type": "Point", "coordinates": [2.41666753, 48.63610968]}, "properties": {"route": "D91", "pr": "FS", "abs": null, "label": "D91 PRFS (G)"}}, {"type": "Feature", "geometry": {"type": "Point", "coordinates": [2.33290626, 48.66622927]}, "properties": {"route": "D25", "pr": "FS", "abs": null, "label": "D25 PRFS"}}, {"type": "Feature", "geometry": {"type": "Point", "coordinates": [2.34398402, 48.51068421]}, "properties": {"route": "D8", "pr": "FS", "abs": null, "label": "D8 PRFS (D)"}}, {"type": "Feature", "geometry": {"type": "Point", "coordinates": [2.25925836, 48.70635438]}, "properties": {"route": "D59", "pr": "FS", "abs": null, "label": "D59 PRFS"}}, {"type": "Feature", "geometry": {"type": "Point", "coordinates": [2.41319174, 48.65221185]}, "properties": {"route": "D31", "pr": "FS", "abs": null, "label": "D31 PRFS"}}, {"type": "Feature", "geometry": {"type": "Point", "coordinates": [2.3104675, 48.71120997]}, "properties": {"route": "D120B1", "pr": "DS", "abs": null, "label": "D120B1 PRDS"}}, {"type": "Feature", "geometry": {"type": "Point", "coordinates": [2.38444393, 48.71549484]}, "properties": {"route": "D118A", "pr": "DS", "abs": null, "label": "D118A PRDS"}}, {"type": "Feature", "geometry": {"type": "Point", "coordinates": [2.27059107, 48.64638704]}, "properties": {"route": "D351B1", "pr": "DS", "abs": null, "label": "D351B1 PRDS"}}, {"type": "Feature", "geometry": {"type": "Point", "coordinates": [2.50225115, 48.69488016]}, "properties": {"route": "D94", "pr": "DS", "abs": null, "label": "D94 PRDS (G)"}}, {"type": "Feature", "geometry": {"type": "Point", "coordinates": [2.50090908, 48.6373532]}, "properties": {"route": "D33", "pr": "DS", "abs": null, "label": "D33 PRDS (G)"}}, {"type": "Feature", "geometry": {"type": "Point", "coordinates": [2.1743005, 48.71542201]}, "properties": {"route": "D128", "pr": "FS", "abs": null, "label": "D128 PRFS (G)"}}, {"type": "Feature", "geometry": {"type": "Point", "coordinates": [2.1743005, 48.71542201]}, "properties": {"route": "D128", "pr": "DS", "abs": null, "label": "D128 PRDS (G)"}}, {"type": "Feature", "geometry": {"type": "Point", "coordinates": [2.5012336, 48.64089772]}, "properties": {"route": "D331", "pr": "DS", "abs": null, "label": "D331 PRDS (G)"}}, {"type": "Feature", "geometry": {"type": "Point", "coordinates": [2.27525631, 48.73843491]}, "properties": {"route": "D60", "pr": "DS", "abs": null, "label": "D60 PRDS"}}, {"type": "Feature", "geometry": {"type": "Point", "coordinates": [2.12768383, 48.55201018]}, "properties": {"route": "D216", "pr": "DS", "abs": null, "label": "D216 PRDS"}}, {"type": "Feature", "geometry": {"type": "Point", "coordinates": [2.37155298, 48.65490676]}, "properties": {"route": "D445", "pr": "FS", "abs": null, "label": "D445 PRFS (G)"}}, {"type": "Feature", "geometry": {"type": "Point", "coordinates": [2.37155298, 48.65490676]}, "properties": {"route": "D445", "pr": "DS", "abs": null, "label": "D445 PRDS (G)"}}, {"type": "Feature", "geometry": {"type": "Point", "coordinates": [2.34954348, 48.61397635]}, "properties": {"route": "D19", "pr": "DS", "abs": null, "label": "D19 PRDS (D)"}}, {"type": "Feature", "geometry": {"type": "Point", "coordinates": [2.4956156, 48.56092682]}, "properties": {"route": "N7", "pr": "DS", "abs": null, "label": "N7 PRDS"}}, {"type": "Feature", "geometry": {"type": "Point", "coordinates": [2.12696379, 48.61582783]}, "properties": {"route": "D131", "pr": "DS", "abs": null, "label": "D131 PRDS"}}, {"type": "Feature", "geometry": {"type": "Point", "coordinates": [2.33680997, 48.69464528]}, "properties": {"route": "D167", "pr": "DS", "abs": null, "label": "D167 PRDS (G)"}}, {"type": "Feature", "geometry": {"type": "Point", "coordinates": [2.13190059, 48.41961889]}, "properties": {"route": "N902014", "pr": "DS", "abs": null, "label": "N902014 PRDS"}}, {"type": "Feature", "geometry": {"type": "Point", "coordinates": [2.22768395, 48.73762573]}, "properties": {"route": "D944403", "pr": "DS", "abs": null, "label": "D944403 PRDS"}}, {"type": "Feature", "geometry": {"type": "Point", "coordinates": [2.45951275, 48.61083007]}, "properties": {"route": "D446", "pr": "DS", "abs": null, "label": "D446 PRDS"}}, {"type": "Feature", "geometry": {"type": "Point", "coordinates": [2.45155054, 48.63266292]}, "properties": {"route": "D93", "pr": "DS", "abs": null, "label": "D93 PRDS"}}, {"type": "Feature", "geometry": {"type": "Point", "coordinates": [2.21592577, 48.74910168]}, "properties": {"route": "D117", "pr": "DS", "abs": null, "label": "D117 PRDS (G)"}}, {"type": "Feature", "geometry": {"type": "Point", "coordinates": [2.49955921, 48.72982973]}, "properties": {"route": "D941", "pr": "DS", "abs": null, "label": "D941 PRDS"}}, {"type": "Feature", "geometry": {"type": "Point", "coordinates": [2.3873434, 48.64986268]}, "properties": {"route": "D310", "pr": "DS", "abs": null, "label": "D310 PRDS (G)"}}, {"type": "Feature", "geometry": {"type": "Point", "coordinates": [2.29678062, 48.70406022]}, "properties": {"route": "D217", "pr": "DS", "abs": null, "label": "D217 PRDS"}}, {"type": "Feature", "geometry": {"type": "Point", "coordinates": [2.45216479, 48.62480304]}, "properties": {"route": "D91", "pr": "DS", "abs": null, "label": "D91 PRDS (G)"}}, {"type": "Feature", "geometry": {"type": "Point", "coordinates": [2.17971121, 48.67459071]}, "properties": {"route": "D903502", "pr": "DS", "abs": null, "label": "D903502 PRDS"}}, {"type": "Feature", "geometry": {"type": "Point", "coordinates": [2.44005101, 48.6243788]}, "properties": {"route": "D930", "pr": "FS", "abs": null, "label": "D930 PRFS"}}, {"type": "Feature", "geometry": {"type": "Point", "coordinates": [2.44005101, 48.6243788]}, "properties": {"route": "D93", "pr": "DS", "abs": null, "label": "D93 PRDS (D)"}}, {"type": "Feature", "geometry": {"type": "Point", "coordinates": [2.24433114, 48.5914725]}, "properties": {"route": "D449", "pr": "DS", "abs": null, "label": "D449 PRDS"}}, {"type": "Feature", "geometry": {"type": "Point", "coordinates": [2.42113207, 48.64438269]}, "properties": {"route": "D909101", "pr": "DS", "abs": null, "label": "D909101 PRDS"}}, {"type": "Feature", "geometry": {"type": "Point", "coordinates": [2.11831449, 48.66821023]}, "properties": {"route": "D988D", "pr": "DS", "abs": null, "label": "D988D PRDS (G)"}}, {"type": "Feature", "geometry": {"type": "Point", "coordinates": [2.33924936, 48.54002649]}, "properties": {"route": "D8", "pr": "FS", "abs": null, "label": "D8 PRFS"}}, {"type": "Feature", "geometry": {"type": "Point", "coordinates": [2.33924936, 48.54002649]}, "properties": {"route": "D8", "pr": "DS", "abs": null, "label": "D8 PRDS"}}, {"type": "Feature", "geometry": {"type": "Point", "coordinates": [2.29355097, 48.66470545]}, "properties": {"route": "D186", "pr": "FS", "abs": null, "label": "D186 PRFS"}}, {"type": "Feature", "geometry": {"type": "Point", "coordinates": [2.29355097, 48.66470545]}, "properties": {"route": "D186", "pr": "DS", "abs": null, "label": "D186 PRDS"}}, {"type": "Feature", "geometry": {"type": "Point", "coordinates": [2.38559615, 48.70998168]}, "properties": {"route": "D25", "pr": "DS", "abs": null, "label": "D25 PRDS"}}, {"type": "Feature", "geometry": {"type": "Point", "coordinates": [2.20649372, 48.53074841]}, "properties": {"route": "N902008", "pr": "DS", "abs": null, "label": "N902008 PRDS"}}, {"type": "Feature", "geometry": {"type": "Point", "coordinates": [2.40031175, 48.65971256]}, "properties": {"route": "N900704", "pr": "DS", "abs": null, "label": "N900704 PRDS"}}, {"type": "Feature", "geometry": {"type": "Point", "coordinates": [2.46114589, 48.61163176]}, "properties": {"route": "N7", "pr": "DS", "abs": null, "label": "N7 PRDS (D)"}}, {"type": "Feature", "geometry": {"type": "Point", "coordinates": [2.35083354, 48.49646645]}, "properties": {"route": "D449", "pr": "FS", "abs": null, "label": "D449 PRFS"}}, {"type": "Feature", "geometry": {"type": "Point", "coordinates": [2.35083354, 48.49646645]}, "properties": {"route": "D449", "pr": "DS", "abs": null, "label": "D449 PRDS"}}, {"type": "Feature", "geometry": {"type": "Point", "coordinates": [2.310923, 48.70769118]}, "properties": {"route": "D118B", "pr": "DS", "abs": null, "label": "D118B PRDS"}}, {"type": "Feature", "geometry": {"type": "Point", "coordinates": [2.32669772, 48.73130397]}, "properties": {"route": "D32", "pr": "DS", "abs": null, "label": "D32 PRDS"}}, {"type": "Feature", "geometry": {"type": "Point", "coordinates": [2.50116696, 48.63735248]}, "properties": {"route": "D33", "pr": "FS", "abs": null, "label": "D33 PRFS"}}, {"type": "Feature", "geometry": {"type": "Point", "coordinates": [2.50116696, 48.63735248]}, "properties": {"route": "D33", "pr": "DS", "abs": null, "label": "D33 PRDS"}}, {"type": "Feature", "geometry": {"type": "Point", "coordinates": [2.42983311, 48.56289663]}, "properties": {"route": "D153", "pr": "DS", "abs": null, "label": "D153 PRDS"}}, {"type": "Feature", "geometry": {"type": "Point", "coordinates": [2.42515628, 48.47402671]}, "properties": {"route": "D90", "pr": "DS", "abs": null, "label": "D90 PRDS"}}, {"type": "Feature", "geometry": {"type": "Point", "coordinates": [2.16680605, 48.69322085]}, "properties": {"route": "D188", "pr": "DS", "abs": null, "label": "D188 PRDS (G)"}}, {"type": "Feature", "geometry": {"type": "Point", "coordinates": [2.04818289, 48.34884395]}, "properties": {"route": "D184", "pr": "DS", "abs": null, "label": "D184 PRDS"}}, {"type": "Feature", "geometry": {"type": "Point", "coordinates": [2.27125968, 48.75665944]}, "properties": {"route": "D60", "pr": "DS", "abs": null, "label": "D60 PRDS"}}, {"type": "Feature", "geometry": {"type": "Point", "coordinates": [2.50299541, 48.64246573]}, "properties": {"route": "D903301", "pr": "DS", "abs": null, "label": "D903301 PRDS"}}, {"type": "Feature", "geometry": {"type": "Point", "coordinates": [2.48868515, 48.71093302]}, "properties": {"route": "D52", "pr": "DS", "abs": null, "label": "D52 PRDS"}}, {"type": "Feature", "geometry": {"type": "Point", "coordinates": [2.46291487, 48.72376741]}, "properties": {"route": "D323", "pr": "DS", "abs": null, "label": "D323 PRDS (G)"}}, {"type": "Feature", "geometry": {"type": "Point", "coordinates": [2.39238021, 48.70523936]}, "properties": {"route": "D25E", "pr": "DS", "abs": null, "label": "D25E PRDS"}}, {"type": "Feature", "geometry": {"type": "Point", "coordinates": [2.17321914, 48.45042963]}, "properties": {"route": "D202", "pr": "DS", "abs": null, "label": "D202 PRDS"}}, {"type": "Feature", "geometry": {"type": "Point", "coordinates": [2.49567081, 48.56096394]}, "properties": {"route": "N7", "pr": "DS", "abs": null, "label": "N7 PRDS (G)"}}, {"type": "Feature", "geometry": {"type": "Point", "coordinates": [2.27298992, 48.59517818]}, "properties": {"route": "D152", "pr": "FS", "abs": null, "label": "D152 PRFS"}}, {"type": "Feature", "geometry": {"type": "Point", "coordinates": [2.27298992, 48.59517818]}, "properties": {"route": "D152", "pr": "DS", "abs": null, "label": "D152 PRDS"}}, {"type": "Feature", "geometry": {"type": "Point", "coordinates": [1.98072794, 48.28698625]}, "properties": {"route": "N20", "pr": "DS", "abs": null, "label": "N20 PRDS"}}, {"type": "Feature", "geometry": {"type": "Point", "coordinates": [2.44216781, 48.71235173]}, "properties": {"route": "N900602", "pr": "DS", "abs": null, "label": "N900602 PRDS"}}, {"type": "Feature", "geometry": {"type": "Point", "coordinates": [2.1231236, 48.55236347]}, "properties": {"route": "D232", "pr": "DS", "abs": null, "label": "D232 PRDS"}}, {"type": "Feature", "geometry": {"type": "Point", "coordinates": [2.16257067, 48.72945397]}, "properties": {"route": "D306", "pr": "DS", "abs": null, "label": "D306 PRDS"}}, {"type": "Feature", "geometry": {"type": "Point", "coordinates": [2.35349651, 48.61442785]}, "properties": {"route": "D312B", "pr": "DS", "abs": null, "label": "D312B PRDS"}}, {"type": "Feature", "geometry": {"type": "Point", "coordinates": [1.9925571, 48.30718107]}, "properties": {"route": "N902020", "pr": "DS", "abs": null, "label": "N902020 PRDS"}}, {"type": "Feature", "geometry": {"type": "Point", "coordinates": [2.17101761, 48.45127346]}, "properties": {"route": "D207Z", "pr": "DS", "abs": null, "label": "D207Z PRDS"}}, {"type": "Feature", "geometry": {"type": "Point", "coordinates": [2.3414218, 48.62656479]}, "properties": {"route": "D117", "pr": "DS", "abs": null, "label": "D117 PRDS"}}, {"type": "Feature", "geometry": {"type": "Point", "coordinates": [2.44366446, 48.71935197]}, "properties": {"route": "D50", "pr": "DS", "abs": null, "label": "D50 PRDS (G)"}}, {"type": "Feature", "geometry": {"type": "Point", "coordinates": [2.28910482, 48.57660052]}, "properties": {"route": "D901902", "pr": "DS", "abs": null, "label": "D901902 PRDS"}}, {"type": "Feature", "geometry": {"type": "Point", "coordinates": [2.35911208, 48.63466887]}, "properties": {"route": "D445", "pr": "DS", "abs": null, "label": "D445 PRDS (G)"}}, {"type": "Feature", "geometry": {"type": "Point", "coordinates": [2.53770974, 48.67973818]}, "properties": {"route": "D330", "pr": "DS", "abs": null, "label": "D330 PRDS (G)"}}, {"type": "Feature", "geometry": {"type": "Point", "coordinates": [2.4774483, 48.59224202]}, "properties": {"route": "N7", "pr": "DS", "abs": null, "label": "N7 PRDS (G)"}}, {"type": "Feature", "geometry": {"type": "Point", "coordinates": [2.44051071, 48.59165134]}, "properties": {"route": "D260", "pr": "DS", "abs": null, "label": "D260 PRDS (G)"}}, {"type": "Feature", "geometry": {"type": "Point", "coordinates": [2.09222567, 48.57199407]}, "properties": {"route": "D132", "pr": "DS", "abs": null, "label": "D132 PRDS (G)"}}, {"type": "Feature", "geometry": {"type": "Point", "coordinates": [2.43614847, 48.5921462]}, "properties": {"route": "D260", "pr": "DS", "abs": null, "label": "D260 PRDS (G)"}}, {"type": "Feature", "geometry": {"type": "Point", "coordinates": [2.49634722, 48.61820577]}, "properties": {"route": "D947", "pr": "DS", "abs": null, "label": "D947 PRDS (G)"}}, {"type": "Feature", "geometry": {"type": "Point", "coordinates": [2.50608999, 48.55144884]}, "properties": {"route": "N7", "pr": "DS", "abs": null, "label": "N7 PRDS (G)"}}, {"type": "Feature", "geometry": {"type": "Point", "coordinates": [2.36715531, 48.64773688]}, "properties": {"route": "D310", "pr": "DS", "abs": null, "label": "D310 PRDS"}}, {"type": "Feature", "geometry": {"type": "Point", "coordinates": [2.10414952, 48.31648313]}, "properties": {"route": "D183", "pr": "DS", "abs": null, "label": "D183 PRDS"}}, {"type": "Feature", "geometry": {"type": "Point", "coordinates": [2.1738856, 48.71415267]}, "properties": {"route": "D446", "pr": "DS", "abs": null, "label": "D446 PRDS"}}, {"type": "Feature", "geometry": {"type": "Point", "coordinates": [2.28438482, 48.69448439]}, "properties": {"route": "N902001", "pr": "DS", "abs": null, "label": "N902001 PRDS"}}, {"type": "Feature", "geometry": {"type": "Point", "coordinates": [1.979064, 48.5484909]}, "properties": {"route": "D149", "pr": "DS", "abs": null, "label": "D149 PRDS"}}, {"type": "Feature", "geometry": {"type": "Point", "coordinates": [2.42869446, 48.62470717]}, "properties": {"route": "D93", "pr": "DS", "abs": null, "label": "D93 PRDS"}}, {"type": "Feature", "geometry": {"type": "Point", "coordinates": [2.20367331, 48.72004348]}, "properties": {"route": "D128", "pr": "DS", "abs": null, "label": "D128 PRDS"}}, {"type": "Feature", "geometry": {"type": "Point", "coordinates": [2.28082191, 48.67071]}, "properties": {"route": "N902003", "pr": "FS", "abs": null, "label": "N902003 PRFS"}}, {"type": "Feature", "geometry": {"type": "Point", "coordinates": [2.28082191, 48.67071]}, "properties": {"route": "N902003", "pr": "DS", "abs": null, "label": "N902003 PRDS"}}, {"type": "Feature", "geometry": {"type": "Point", "coordinates": [2.26614696, 48.73240957]}, "properties": {"route": "D156E", "pr": "DS", "abs": null, "label": "D156E PRDS"}}, {"type": "Feature", "geometry": {"type": "Point", "coordinates": [2.22407094, 48.74146367]}, "properties": {"route": "D944404", "pr": "DS", "abs": null, "label": "D944404 PRDS"}}, {"type": "Feature", "geometry": {"type": "Point", "coordinates": [2.49212467, 48.62888314]}, "properties": {"route": "D33", "pr": "DS", "abs": null, "label": "D33 PRDS"}}, {"type": "Feature", "geometry": {"type": "Point", "coordinates": [2.28135052, 48.63609618]}, "properties": {"route": "D133", "pr": "FS", "abs": null, "label": "D133 PRFS"}}, {"type": "Feature", "geometry": {"type": "Point", "coordinates": [2.28135052, 48.63609618]}, "properties": {"route": "D46", "pr": "DS", "abs": null, "label": "D46 PRDS"}}, {"type": "Feature", "geometry": {"type": "Point", "coordinates": [2.24530077, 48.5855397]}, "properties": {"route": "D193", "pr": "DS", "abs": null, "label": "D193 PRDS"}}, {"type": "Feature", "geometry": {"type": "Point", "coordinates": [2.03903643, 48.34699487]}, "properties": {"route": "N902017", "pr": "DS", "abs": null, "label": "N902017 PRDS"}}, {"type": "Feature", "geometry": {"type": "Point", "coordinates": [2.44001819, 48.6242752]}, "properties": {"route": "D930", "pr": "DS", "abs": null, "label": "D930 PRDS (G)"}}, {"type": "Feature", "geometry": {"type": "Point", "coordinates": [2.16686364, 48.7286511]}, "properties": {"route": "D36", "pr": "DS", "abs": null, "label": "D36 PRDS"}}, {"type": "Feature", "geometry": {"type": "Point", "coordinates": [2.27758799, 48.64644676]}, "properties": {"route": "D133", "pr": "DS", "abs": null, "label": "D133 PRDS"}}, {"type": "Feature", "geometry": {"type": "Point", "coordinates": [2.46324962, 48.61933223]}, "properties": {"route": "D91", "pr": "DS", "abs": null, "label": "D91 PRDS"}}, {"type": "Feature", "geometry": {"type": "Point", "coordinates": [2.3505207, 48.61459607]}, "properties": {"route": "D19", "pr": "DS", "abs": null, "label": "D19 PRDS (D)"}}, {"type": "Feature", "geometry": {"type": "Point", "coordinates": [2.34954348, 48.61397635]}, "properties": {"route": "D19", "pr": "DS", "abs": null, "label": "D19 PRDS (D)"}}, {"type": "Feature", "geometry": {"type": "Point", "coordinates": [2.41545809, 48.55361972]}, "properties": {"route": "D191", "pr": "FS", "abs": null, "label": "D191 PRFS"}}, {"type": "Feature", "geometry": {"type": "Point", "coordinates": [2.41545809, 48.55361972]}, "properties": {"route": "D191", "pr": "DS", "abs": null, "label": "D191 PRDS"}}, {"type": "Feature", "geometry": {"type": "Point", "coordinates": [2.44005101, 48.6243788]}, "properties": {"route": "D93", "pr": "FS", "abs": null, "label": "D93 PRFS"}}, {"type": "Feature", "geometry": {"type": "Point", "coordinates": [2.2721415, 48.73038832]}, "properties": {"route": "D120E", "pr": "DS", "abs": null, "label": "D120E PRDS"}}, {"type": "Feature", "geometry": {"type": "Point", "coordinates": [2.3789722, 48.68147899]}, "properties": {"route": "D29", "pr": "DS", "abs": null, "label": "D29 PRDS"}}, {"type": "Feature", "geometry": {"type": "Point", "coordinates": [2.07720269, 48.37087361]}, "properties": {"route": "D109", "pr": "DS", "abs": null, "label": "D109 PRDS"}}, {"type": "Feature", "geometry": {"type": "Point", "coordinates": [2.5382355, 48.68064959]}, "properties": {"route": "D330", "pr": "DS", "abs": null, "label": "D330 PRDS (G)"}}, {"type": "Feature", "geometry": {"type": "Point", "coordinates": [2.1939392, 48.67542625]}, "properties": {"route": "D446", "pr": "DS", "abs": null, "label": "D446 PRDS"}}, {"type": "Feature", "geometry": {"type": "Point", "coordinates": [2.240786, 48.57297809]}, "properties": {"route": "D19", "pr": "FS", "abs": null, "label": "D19 PRFS"}}, {"type": "Feature", "geometry": {"type": "Point", "coordinates": [2.240786, 48.57297809]}, "properties": {"route": "D19", "pr": "DS", "abs": null, "label": "D19 PRDS (D)"}}, {"type": "Feature", "geometry": {"type": "Point", "coordinates": [2.39327522, 48.66888151]}, "properties": {"route": "N7", "pr": "FS", "abs": null, "label": "N7 PRFS"}}, {"type": "Feature", "geometry": {"type": "Point", "coordinates": [2.39327522, 48.66888151]}, "properties": {"route": "N7", "pr": "DS", "abs": null, "label": "N7 PRDS (D)"}}, {"type": "Feature", "geometry": {"type": "Point", "coordinates": [2.48353338, 48.61309105]}, "properties": {"route": "D191", "pr": "DS", "abs": null, "label": "D191 PRDS"}}, {"type": "Feature", "geometry": {"type": "Point", "coordinates": [2.24613459, 48.73694765]}, "properties": {"route": "D60Z", "pr": "DS", "abs": null, "label": "D60Z PRDS"}}, {"type": "Feature", "geometry": {"type": "Point", "coordinates": [2.42162526, 48.62506075]}, "properties": {"route": "D93", "pr": "DS", "abs": null, "label": "D93 PRDS (G)"}}, {"type": "Feature", "geometry": {"type": "Point", "coordinates": [2.23245482, 48.57231922]}, "properties": {"route": "N902006", "pr": "DS", "abs": null, "label": "N902006 PRDS"}}, {"type": "Feature", "geometry": {"type": "Point", "coordinates": [2.44567908, 48.62888565]}, "properties": {"route": "D93", "pr": "DS", "abs": null, "label": "D93 PRDS"}}, {"type": "Feature", "geometry": {"type": "Point", "coordinates": [2.45610125, 48.71867895]}, "properties": {"route": "D323", "pr": "DS", "abs": null, "label": "D323 PRDS"}}, {"type": "Feature", "geometry": {"type": "Point", "coordinates": [2.48106314, 48.56805085]}, "properties": {"route": "N7", "pr": "DS", "abs": null, "label": "N7 PRDS (G)"}}, {"type": "Feature", "geometry": {"type": "Point", "coordinates": [2.31913632, 48.74196633]}, "properties": {"route": "D167", "pr": "DS", "abs": null, "label": "D167 PRDS"}}, {"type": "Feature", "geometry": {"type": "Point", "coordinates": [2.4489246, 48.71321332]}, "properties": {"route": "D50", "pr": "DS", "abs": null, "label": "D50 PRDS (G)"}}, {"type": "Feature", "geometry": {"type": "Point", "coordinates": [2.441802, 48.70931614]}, "properties": {"route": "N900603", "pr": "DS", "abs": null, "label": "N900603 PRDS"}}, {"type": "Feature", "geometry": {"type": "Point", "coordinates": [2.27482411, 48.64782333]}, "properties": {"route": "D351", "pr": "DS", "abs": null, "label": "D351 PRDS"}}, {"type": "Feature", "geometry": {"type": "Point", "coordinates": [2.1201698, 48.40435527]}, "properties": {"route": "N902015", "pr": "DS", "abs": null, "label": "N902015 PRDS"}}, {"type": "Feature", "geometry": {"type": "Point", "coordinates": [2.46063546, 48.70410945]}, "properties": {"route": "D324", "pr": "DS", "abs": null, "label": "D324 PRDS"}}, {"type": "Feature", "geometry": {"type": "Point", "coordinates": [2.38860715, 48.64998881]}, "properties": {"route": "D310", "pr": "DS", "abs": null, "label": "D310 PRDS (G)"}}, {"type": "Feature", "geometry": {"type": "Point", "coordinates": [2.42989582, 48.56286275]}, "properties": {"route": "D191", "pr": "DS", "abs": null, "label": "D191 PRDS"}}, {"type": "Feature", "geometry": {"type": "Point", "coordinates": [2.11875234, 48.66858047]}, "properties": {"route": "D988D", "pr": "DS", "abs": null, "label": "D988D PRDS"}}, {"type": "Feature", "geometry": {"type": "Point", "coordinates": [2.46825747, 48.7219016]}, "properties": {"route": "D323", "pr": "DS", "abs": null, "label": "D323 PRDS"}}, {"type": "Feature", "geometry": {"type": "Point", "coordinates": [2.30602461, 48.71252892]}, "properties": {"route": "D120", "pr": "DS", "abs": null, "label": "D120 PRDS (G)"}}, {"type": "Feature", "geometry": {"type": "Point", "coordinates": [2.41912318, 48.62383601]}, "properties": {"route": "D93", "pr": "DS", "abs": null, "label": "D93 PRDS"}}, {"type": "Feature", "geometry": {"type": "Point", "coordinates": [2.44217844, 48.71950424]}, "properties": {"route": "N900601", "pr": "DS", "abs": null, "label": "N900601 PRDS"}}, {"type": "Feature", "geometry": {"type": "Point", "coordinates": [2.36706378, 48.64744855]}, "properties": {"route": "D310", "pr": "DS", "abs": null, "label": "D310 PRDS (G)"}}, {"type": "Feature", "geometry": {"type": "Point", "coordinates": [2.00517783, 48.32038067]}, "properties": {"route": "N902018", "pr": "DS", "abs": null, "label": "N902018 PRDS"}}, {"type": "Feature", "geometry": {"type": "Point", "coordinates": [2.44129296, 48.61035558]}, "properties": {"route": "D446", "pr": "FS", "abs": null, "label": "D446 PRFS"}}, {"type": "Feature", "geometry": {"type": "Point", "coordinates": [2.44129296, 48.61035558]}, "properties": {"route": "D446", "pr": "DS", "abs": null, "label": "D446 PRDS"}}, {"type": "Feature", "geometry": {"type": "Point", "coordinates": [2.20342334, 48.68142673]}, "properties": {"route": "D911801", "pr": "DS", "abs": null, "label": "D911801 PRDS"}}, {"type": "Feature", "geometry": {"type": "Point", "coordinates": [2.35320698, 48.48916723]}, "properties": {"route": "D191", "pr": "DS", "abs": null, "label": "D191 PRDS (G)"}}, {"type": "Feature", "geometry": {"type": "Point", "coordinates": [2.03921108, 48.34511758]}, "properties": {"route": "D18A", "pr": "DS", "abs": null, "label": "D18A PRDS"}}, {"type": "Feature", "geometry": {"type": "Point", "coordinates": [2.42066277, 48.64324703]}, "properties": {"route": "D909102", "pr": "DS", "abs": null, "label": "D909102 PRDS"}}, {"type": "Feature", "geometry": {"type": "Point", "coordinates": [2.44389616, 48.71942231]}, "properties": {"route": "N900601", "pr": "DS", "abs": null, "label": "N900601 PRDS"}}, {"type": "Feature", "geometry": {"type": "Point", "coordinates": [2.32418813, 48.72675834]}, "properties": {"route": "D167A", "pr": "DS", "abs": null, "label": "D167A PRDS (G)"}}, {"type": "Feature", "geometry": {"type": "Point", "coordinates": [2.27552627, 48.72230656]}, "properties": {"route": "D918803", "pr": "DS", "abs": null, "label": "D918803 PRDS"}}, {"type": "Feature", "geometry": {"type": "Point", "coordinates": [2.17320342, 48.45039713]}, "properties": {"route": "D202", "pr": "FS", "abs": null, "label": "D202 PRFS"}}, {"type": "Feature", "geometry": {"type": "Point", "coordinates": [2.17320342, 48.45039713]}, "properties": {"route": "D202", "pr": "DS", "abs": null, "label": "D202 PRDS (G)"}}, {"type": "Feature", "geometry": {"type": "Point", "coordinates": [2.24302057, 48.7300057]}, "properties": {"route": "D944401", "pr": "FS", "abs": null, "label": "D944401 PRFS"}}, {"type": "Feature", "geometry": {"type": "Point", "coordinates": [2.24302057, 48.7300057]}, "properties": {"route": "D944401", "pr": "DS", "abs": null, "label": "D944401 PRDS"}}, {"type": "Feature", "geometry": {"type": "Point", "coordinates": [2.22452673, 48.59499737]}, "properties": {"route": "D116D", "pr": "DS", "abs": null, "label": "D116D PRDS"}}, {"type": "Feature", "geometry": {"type": "Point", "coordinates": [2.37187598, 48.64801912]}, "properties": {"route": "D310", "pr": "DS", "abs": null, "label": "D310 PRDS (G)"}}, {"type": "Feature", "geometry": {"type": "Point", "coordinates": [2.48542871, 48.61403747]}, "properties": {"route": "D448", "pr": "DS", "abs": null, "label": "D448 PRDS"}}, {"type": "Feature", "geometry": {"type": "Point", "coordinates": [2.35851116, 48.67893216]}, "properties": {"route": "D77", "pr": "FS", "abs": null, "label": "D77 PRFS"}}, {"type": "Feature", "geometry": {"type": "Point", "coordinates": [2.35851116, 48.67893216]}, "properties": {"route": "D77", "pr": "DS", "abs": null, "label": "D77 PRDS"}}, {"type": "Feature", "geometry": {"type": "Point", "coordinates": [2.38849389, 48.65027157]}, "properties": {"route": "D310", "pr": "FS", "abs": null, "label": "D310 PRFS"}}, {"type": "Feature", "geometry": {"type": "Point", "coordinates": [2.38849389, 48.65027157]}, "properties": {"route": "D310", "pr": "DS", "abs": null, "label": "D310 PRDS"}}, {"type": "Feature", "geometry": {"type": "Point", "coordinates": [2.44476818, 48.62840826]}, "properties": {"route": "D91", "pr": "DS", "abs": null, "label": "D91 PRDS (G)"}}, {"type": "Feature", "geometry": {"type": "Point", "coordinates": [2.17399862, 48.45108642]}, "properties": {"route": "N902011", "pr": "DS", "abs": null, "label": "N902011 PRDS"}}, {"type": "Feature", "geometry": {"type": "Point", "coordinates": [2.24832241, 48.72278413]}, "properties": {"route": "D944400", "pr": "DS", "abs": null, "label": "D944400 PRDS"}}, {"type": "Feature", "geometry": {"type": "Point", "coordinates": [2.42385313, 48.62495101]}, "properties": {"route": "D92", "pr": "DS", "abs": null, "label": "D92 PRDS (G)"}}, {"type": "Feature", "geometry": {"type": "Point", "coordinates": [2.43096433, 48.58952543]}, "properties": {"route": "D26", "pr": "DS", "abs": null, "label": "D26 PRDS"}}, {"type": "Feature", "geometry": {"type": "Point", "coordinates": [2.45951275, 48.61083007]}, "properties": {"route": "D446", "pr": "DS", "abs": null, "label": "D446 PRDS"}}, {"type": "Feature", "geometry": {"type": "Point", "coordinates": [2.22406849, 48.55937823]}, "properties": {"route": "N902007", "pr": "FS", "abs": null, "label": "N902007 PRFS"}}, {"type": "Feature", "geometry": {"type": "Point", "coordinates": [2.22406849, 48.55937823]}, "properties": {"route": "D26", "pr": "DS", "abs": null, "label": "D26 PRDS"}}, {"type": "Feature", "geometry": {"type": "Point", "coordinates": [2.35363927, 48.67560921]}, "properties": {"route": "D167", "pr": "DS", "abs": null, "label": "D167 PRDS"}}, {"type": "Feature", "geometry": {"type": "Point", "coordinates": [2.17412565, 48.71530477]}, "properties": {"route": "D128", "pr": "DS", "abs": null, "label": "D128 PRDS (G)"}}, {"type": "Feature", "geometry": {"type": "Point", "coordinates": [2.41755633, 48.69953369]}, "properties": {"route": "D933", "pr": "DS", "abs": null, "label": "D933 PRDS"}}, {"type": "Feature", "geometry": {"type": "Point", "coordinates": [2.31020048, 48.71249287]}, "properties": {"route": "D118", "pr": "DS", "abs": null, "label": "D118 PRDS (G)"}}, {"type": "Feature", "geometry": {"type": "Point", "coordinates": [2.2951589, 48.69744488]}, "properties": {"route": "D217", "pr": "DS", "abs": null, "label": "D217 PRDS"}}, {"type": "Feature", "geometry": {"type": "Point", "coordinates": [2.15399746, 48.4267323]}, "properties": {"route": "D49B", "pr": "DS", "abs": null, "label": "D49B PRDS"}}, {"type": "Feature", "geometry": {"type": "Point", "coordinates": [2.27050188, 48.71937877]}, "properties": {"route": "D918804", "pr": "DS", "abs": null, "label": "D918804 PRDS"}}, {"type": "Feature", "geometry": {"type": "Point", "coordinates": [2.44906583, 48.39464164]}, "properties": {"route": "D1", "pr": "DS", "abs": null, "label": "D1 PRDS (G)"}}, {"type": "Feature", "geometry": {"type": "Point", "coordinates": [2.45416086, 48.52784704]}, "properties": {"route": "D74", "pr": "DS", "abs": null, "label": "D74 PRDS"}}, {"type": "Feature", "geometry": {"type": "Point", "coordinates": [2.12726931, 48.72974795]}, "properties": {"route": "D361", "pr": "DS", "abs": null, "label": "D361 PRDS"}}, {"type": "Feature", "geometry": {"type": "Point", "coordinates": [2.47508029, 48.70702067]}, "properties": {"route": "D313", "pr": "DS", "abs": null, "label": "D313 PRDS"}}, {"type": "Feature", "geometry": {"type": "Point", "coordinates": [2.19208179, 48.4831066]}, "properties": {"route": "D146A", "pr": "DS", "abs": null, "label": "D146A PRDS"}}, {"type": "Feature", "geometry": {"type": "Point", "coordinates": [2.29928836, 48.57823337]}, "properties": {"route": "D19", "pr": "FS", "abs": null, "label": "D19 PRFS"}}, {"type": "Feature", "geometry": {"type": "Point", "coordinates": [2.29928836, 48.57823337]}, "properties": {"route": "D19", "pr": "DS", "abs": null, "label": "D19 PRDS"}}, {"type": "Feature", "geometry": {"type": "Point", "coordinates": [2.51827332, 48.6609214]}, "properties": {"route": "N900605", "pr": "DS", "abs": null, "label": "N900605 PRDS"}}, {"type": "Feature", "geometry": {"type": "Point", "coordinates": [2.23073923, 48.73496867]}, "properties": {"route": "D944402", "pr": "DS", "abs": null, "label": "D944402 PRDS"}}, {"type": "Feature", "geometry": {"type": "Point", "coordinates": [2.27456488, 48.73838124]}, "properties": {"route": "D60", "pr": "DS", "abs": null, "label": "D60 PRDS"}}, {"type": "Feature", "geometry": {"type": "Point", "coordinates": [2.31019242, 48.70826442]}, "properties": {"route": "D118", "pr": "DS", "abs": null, "label": "D118 PRDS (G)"}}, {"type": "Feature", "geometry": {"type": "Point", "coordinates": [2.53276384, 48.68342294]}, "properties": {"route": "D33", "pr": "DS", "abs": null, "label": "D33 PRDS (G)"}}, {"type": "Feature", "geometry": {"type": "Point", "coordinates": [2.15296683, 48.42659899]}, "properties": {"route": "D49A", "pr": "DS", "abs": null, "label": "D49A PRDS"}}, {"type": "Feature", "geometry": {"type": "Point", "coordinates": [2.2848676, 48.6944522]}, "properties": {"route": "D118", "pr": "DS", "abs": null, "label": "D118 PRDS"}}, {"type": "Feature", "geometry": {"type": "Point", "coordinates": [2.43052151, 48.58972122]}, "properties": {"route": "D26", "pr": "DS", "abs": null, "label": "D26 PRDS (G)"}}, {"type": "Feature", "geometry": {"type": "Point", "coordinates": [2.43096433, 48.58952543]}, "properties": {"route": "D26", "pr": "DS", "abs": null, "label": "D26 PRDS"}}, {"type": "Feature", "geometry": {"type": "Point", "coordinates": [2.3742314, 48.4221155]}, "properties": {"route": "D205", "pr": "DS", "abs": null, "label": "D205 PRDS (G)"}}, {"type": "Feature", "geometry": {"type": "Point", "coordinates": [2.13197353, 48.67583945]}, "properties": {"route": "D35", "pr": "DS", "abs": null, "label": "D35 PRDS"}}, {"type": "Feature", "geometry": {"type": "Point", "coordinates": [2.28346598, 48.7029349]}, "properties": {"route": "D592", "pr": "DS", "abs": null, "label": "D592 PRDS"}}, {"type": "Feature", "geometry": {"type": "Point", "coordinates": [2.31953758, 48.60324349]}, "properties": {"route": "D901904", "pr": "DS", "abs": null, "label": "D901904 PRDS"}}, {"type": "Feature", "geometry": {"type": "Point", "coordinates": [2.52728382, 48.67834269]}, "properties": {"route": "D33", "pr": "DS", "abs": null, "label": "D33 PRDS (G)"}}, {"type": "Feature", "geometry": {"type": "Point", "coordinates": [2.46894145, 48.72174814]}, "properties": {"route": "D323", "pr": "DS", "abs": null, "label": "D323 PRDS (G)"}}, {"type": "Feature", "geometry": {"type": "Point", "coordinates": [2.16680605, 48.69322085]}, "properties": {"route": "D188", "pr": "DS", "abs": null, "label": "D188 PRDS"}}, {"type": "Feature", "geometry": {"type": "Point", "coordinates": [2.51743417, 48.66033514]}, "properties": {"route": "N900605", "pr": "DS", "abs": null, "label": "N900605 PRDS"}}, {"type": "Feature", "geometry": {"type": "Point", "coordinates": [2.44816263, 48.62255375]}, "properties": {"route": "N900708", "pr": "DS", "abs": null, "label": "N900708 PRDS"}}, {"type": "Feature", "geometry": {"type": "Point", "coordinates": [2.26305086, 48.71198251]}, "properties": {"route": "D959101", "pr": "DS", "abs": null, "label": "D959101 PRDS"}}, {"type": "Feature", "geometry": {"type": "Point", "coordinates": [2.46924577, 48.39936976]}, "properties": {"route": "D948A", "pr": "DS", "abs": null, "label": "D948A PRDS"}}, {"type": "Feature", "geometry": {"type": "Point", "coordinates": [2.30728708, 48.58724888]}, "properties": {"route": "D19", "pr": "DS", "abs": null, "label": "D19 PRDS"}}, {"type": "Feature", "geometry": {"type": "Point", "coordinates": [2.1986011, 48.50141173]}, "properties": {"route": "D546", "pr": "DS", "abs": null, "label": "D546 PRDS"}}, {"type": "Feature", "geometry": {"type": "Point", "coordinates": [2.46324962, 48.61933223]}, "properties": {"route": "D91", "pr": "DS", "abs": null, "label": "D91 PRDS"}}, {"type": "Feature", "geometry": {"type": "Point", "coordinates": [2.15501093, 48.42843814]}, "properties": {"route": "N902013", "pr": "DS", "abs": null, "label": "N902013 PRDS"}}, {"type": "Feature", "geometry": {"type": "Point", "coordinates": [2.08442354, 48.37721879]}, "properties": {"route": "N902016", "pr": "DS", "abs": null, "label": "N902016 PRDS"}}, {"type": "Feature", "geometry": {"type": "Point", "coordinates": [2.49923674, 48.61724017]}, "properties": {"route": "D947", "pr": "DS", "abs": null, "label": "D947 PRDS (G)"}}, {"type": "Feature", "geometry": {"type": "Point", "coordinates": [2.24436292, 48.72678423]}, "properties": {"route": "D944401", "pr": "DS", "abs": null, "label": "D944401 PRDS"}}, {"type": "Feature", "geometry": {"type": "Point", "coordinates": [2.49916879, 48.63724875]}, "properties": {"route": "D331", "pr": "DS", "abs": null, "label": "D331 PRDS (G)"}}, {"type": "Feature", "geometry": {"type": "Point", "coordinates": [2.25853425, 48.57414252]}, "properties": {"route": "D19", "pr": "FS", "abs": null, "label": "D19 PRFS"}}, {"type": "Feature", "geometry": {"type": "Point", "coordinates": [2.25853425, 48.57414252]}, "properties": {"route": "D449", "pr": "DS", "abs": null, "label": "D449 PRDS"}}, {"type": "Feature", "geometry": {"type": "Point", "coordinates": [2.24463468, 48.59872851]}, "properties": {"route": "D97", "pr": "FS", "abs": null, "label": "D97 PRFS"}}, {"type": "Feature", "geometry": {"type": "Point", "coordinates": [2.24463468, 48.59872851]}, "properties": {"route": "D97", "pr": "DS", "abs": null, "label": "D97 PRDS"}}, {"type": "Feature", "geometry": {"type": "Point", "coordinates": [2.29804839, 48.71439094]}, "properties": {"route": "N20", "pr": "DS", "abs": null, "label": "N20 PRDS (D)"}}, {"type": "Feature", "geometry": {"type": "Point", "coordinates": [2.5022101, 48.69476756]}, "properties": {"route": "D94", "pr": "DS", "abs": null, "label": "D94 PRDS"}}, {"type": "Feature", "geometry": {"type": "Point", "coordinates": [2.22662824, 48.71874001]}, "properties": {"route": "D36", "pr": "DS", "abs": null, "label": "D36 PRDS"}}, {"type": "Feature", "geometry": {"type": "Point", "coordinates": [2.2862658, 48.68917249]}, "properties": {"route": "N902002", "pr": "DS", "abs": null, "label": "N902002 PRDS"}}, {"type": "Feature", "geometry": {"type": "Point", "coordinates": [2.5380208, 48.68311871]}, "properties": {"route": "D330", "pr": "DS", "abs": null, "label": "D330 PRDS (G)"}}, {"type": "Feature", "geometry": {"type": "Point", "coordinates": [1.99615026, 48.30937381]}, "properties": {"route": "D6A", "pr": "DS", "abs": null, "label": "D6A PRDS"}}, {"type": "Feature", "geometry": {"type": "Point", "coordinates": [2.4344474, 48.63088376]}, "properties": {"route": "D91", "pr": "DS", "abs": null, "label": "D91 PRDS"}}, {"type": "Feature", "geometry": {"type": "Point", "coordinates": [2.3558253, 48.66971136]}, "properties": {"route": "D177", "pr": "DS", "abs": null, "label": "D177 PRDS"}}, {"type": "Feature", "geometry": {"type": "Point", "coordinates": [2.46590902, 48.72277437]}, "properties": {"route": "D323", "pr": "DS", "abs": null, "label": "D323 PRDS (G)"}}, {"type": "Feature", "geometry": {"type": "Point", "coordinates": [2.27525631, 48.73843491]}, "properties": {"route": "D60", "pr": "DS", "abs": null, "label": "D60 PRDS"}}, {"type": "Feature", "geometry": {"type": "Point", "coordinates": [2.12768383, 48.55201018]}, "properties": {"route": "D216", "pr": "DS", "abs": null, "label": "D216 PRDS"}}, {"type": "Feature", "geometry": {"type": "Point", "coordinates": [1.99615026, 48.30937381]}, "properties": {"route": "D6A", "pr": "DS", "abs": null, "label": "D6A PRDS"}}, {"type": "Feature", "geometry": {"type": "Point", "coordinates": [2.34044288, 48.66386954]}, "properties": {"route": "D256", "pr": "FS", "abs": null, "label": "D256 PRFS"}}, {"type": "Feature", "geometry": {"type": "Point", "coordinates": [2.34044288, 48.66386954]}, "properties": {"route": "D117", "pr": "DS", "abs": null, "label": "D117 PRDS"}}, {"type": "Feature", "geometry": {"type": "Point", "coordinates": [2.36444282, 48.57164914]}, "properties": {"route": "D903101", "pr": "DS", "abs": null, "label": "D903101 PRDS"}}, {"type": "Feature", "geometry": {"type": "Point", "coordinates": [2.42167389, 48.6449772]}, "properties": {"route": "N7", "pr": "DS", "abs": null, "label": "N7 PRDS"}}, {"type": "Feature", "geometry": {"type": "Point", "coordinates": [2.4514828, 48.6197032]}, "properties": {"route": "N7", "pr": "DS", "abs": null, "label": "N7 PRDS"}}, {"type": "Feature", "geometry": {"type": "Point", "coordinates": [2.10364474, 48.73286496]}, "properties": {"route": "D838", "pr": "DS", "abs": null, "label": "D838 PRDS"}}, {"type": "Feature", "geometry": {"type": "Point", "coordinates": [2.24352268, 48.59580957]}, "properties": {"route": "N902005", "pr": "DS", "abs": null, "label": "N902005 PRDS"}}, {"type": "Feature", "geometry": {"type": "Point", "coordinates": [2.20143972, 48.50302229]}, "properties": {"route": "D646", "pr": "DS", "abs": null, "label": "D646 PRDS"}}, {"type": "Feature", "geometry": {"type": "Point", "coordinates": [2.3395581, 48.66575989]}, "properties": {"route": "D925701", "pr": "DS", "abs": null, "label": "D925701 PRDS"}}, {"type": "Feature", "geometry": {"type": "Point", "coordinates": [2.49948392, 48.73002549]}, "properties": {"route": "D941", "pr": "DS", "abs": null, "label": "D941 PRDS (G)"}}, {"type": "Feature", "geometry": {"type": "Point", "coordinates": [2.19881519, 48.49217746]}, "properties": {"route": "N902010", "pr": "DS", "abs": null, "label": "N902010 PRDS"}}, {"type": "Feature", "geometry": {"type": "Point", "coordinates": [2.29898447, 48.622021]}, "properties": {"route": "D133", "pr": "DS", "abs": null, "label": "D133 PRDS (G)"}}, {"type": "Feature", "geometry": {"type": "Point", "coordinates": [2.29806684, 48.62286116]}, "properties": {"route": "D133", "pr": "DS", "abs": null, "label": "D133 PRDS"}}, {"type": "Feature", "geometry": {"type": "Point", "coordinates": [2.45052538, 48.69217595]}, "properties": {"route": "N900604", "pr": "DS", "abs": null, "label": "N900604 PRDS"}}, {"type": "Feature", "geometry": {"type": "Point", "coordinates": [2.49307564, 48.5622159]}, "properties": {"route": "N7", "pr": "DS", "abs": null, "label": "N7 PRDS"}}, {"type": "Feature", "geometry": {"type": "Point", "coordinates": [2.27761787, 48.67053411]}, "properties": {"route": "N902003", "pr": "DS", "abs": null, "label": "N902003 PRDS"}}, {"type": "Feature", "geometry": {"type": "Point", "coordinates": [2.49715389, 48.63111908]}, "properties": {"route": "D33", "pr": "DS", "abs": null, "label": "D33 PRDS"}}, {"type": "Feature", "geometry": {"type": "Point", "coordinates": [2.44996828, 48.69256915]}, "properties": {"route": "N900604", "pr": "DS", "abs": null, "label": "N900604 PRDS"}}, {"type": "Feature", "geometry": {"type": "Point", "coordinates": [2.46885966, 48.72163714]}, "properties": {"route": "D323", "pr": "DS", "abs": null, "label": "D323 PRDS"}}, {"type": "Feature", "geometry": {"type": "Point", "coordinates": [2.04009439, 48.34663994]}, "properties": {"route": "D182", "pr": "DS", "abs": null, "label": "D182 PRDS"}}, {"type": "Feature", "geometry": {"type": "Point", "coordinates": [2.15177129, 48.67208074]}, "properties": {"route": "D35", "pr": "DS", "abs": null, "label": "D35 PRDS"}}, {"type": "Feature", "geometry": {"type": "Point", "coordinates": [2.50347492, 48.55387759]}, "properties": {"route": "N7", "pr": "DS", "abs": null, "label": "N7 PRDS (G)"}}, {"type": "Feature", "geometry": {"type": "Point", "coordinates": [2.33736055, 48.70523248]}, "properties": {"route": "D118Z", "pr": "DS", "abs": null, "label": "D118Z PRDS"}}, {"type": "Feature", "geometry": {"type": "Point", "coordinates": [2.43638752, 48.59979797]}, "properties": {"route": "D26", "pr": "DS", "abs": null, "label": "D26 PRDS"}}, {"type": "Feature", "geometry": {"type": "Point", "coordinates": [2.3873434, 48.64986268]}, "properties": {"route": "D310", "pr": "DS", "abs": null, "label": "D310 PRDS"}}, {"type": "Feature", "geometry": {"type": "Point", "coordinates": [2.25236226, 48.63950242]}, "properties": {"route": "D446", "pr": "DS", "abs": null, "label": "D446 PRDS"}}, {"type": "Feature", "geometry": {"type": "Point", "coordinates": [2.23427124, 48.58131861]}, "properties": {"route": "N902051", "pr": "DS", "abs": null, "label": "N902051 PRDS"}}, {"type": "Feature", "geometry": {"type": "Point", "coordinates": [2.49839134, 48.69641197]}, "properties": {"route": "D94", "pr": "DS", "abs": null, "label": "D94 PRDS"}}, {"type": "Feature", "geometry": {"type": "Point", "coordinates": [2.42083345, 48.64389191]}, "properties": {"route": "D91", "pr": "DS", "abs": null, "label": "D91 PRDS (G)"}}, {"type": "Feature", "geometry": {"type": "Point", "coordinates": [2.48326445, 48.39633857]}, "properties": {"route": "D142", "pr": "DS", "abs": null, "label": "D142 PRDS"}}, {"type": "Feature", "geometry": {"type": "Point", "coordinates": [2.5022101, 48.69476756]}, "properties": {"route": "D94", "pr": "DS", "abs": null, "label": "D94 PRDS"}}, {"type": "Feature", "geometry": {"type": "Point", "coordinates": [2.26133022, 48.62774748]}, "properties": {"route": "N902041", "pr": "DS", "abs": null, "label": "N902041 PRDS"}}, {"type": "Feature", "geometry": {"type": "Point", "coordinates": [2.35122896, 48.4806855]}, "properties": {"route": "D831", "pr": "FS", "abs": null, "label": "D831 PRFS"}}, {"type": "Feature", "geometry": {"type": "Point", "coordinates": [2.35122896, 48.4806855]}, "properties": {"route": "D105", "pr": "DS", "abs": null, "label": "D105 PRDS"}}, {"type": "Feature", "geometry": {"type": "Point", "coordinates": [2.32418813, 48.72675834]}, "properties": {"route": "D167A", "pr": "DS", "abs": null, "label": "D167A PRDS (G)"}}, {"type": "Feature", "geometry": {"type": "Point", "coordinates": [2.53841271, 48.67196132]}, "properties": {"route": "D330", "pr": "DS", "abs": null, "label": "D330 PRDS"}}, {"type": "Feature", "geometry": {"type": "Point", "coordinates": [1.99418778, 48.31565659]}, "properties": {"route": "N902019", "pr": "DS", "abs": null, "label": "N902019 PRDS"}}, {"type": "Feature", "geometry": {"type": "Point", "coordinates": [2.37468803, 48.66159307]}, "properties": {"route": "D445", "pr": "DS", "abs": null, "label": "D445 PRDS (G)"}}, {"type": "Feature", "geometry": {"type": "Point", "coordinates": [2.43618034, 48.63201727]}, "properties": {"route": "N900706", "pr": "DS", "abs": null, "label": "N900706 PRDS"}}, {"type": "Feature", "geometry": {"type": "Point", "coordinates": [2.13067087, 48.41641594]}, "properties": {"route": "D211", "pr": "DS", "abs": null, "label": "D211 PRDS"}}, {"type": "Feature", "geometry": {"type": "Point", "coordinates": [2.30085635, 48.73259004]}, "properties": {"route": "N20", "pr": "FS", "abs": null, "label": "N20 PRFS"}}, {"type": "Feature", "geometry": {"type": "Point", "coordinates": [2.30085635, 48.73259004]}, "properties": {"route": "N20", "pr": "DS", "abs": null, "label": "N20 PRDS (D)"}}, {"type": "Feature", "geometry": {"type": "Point", "coordinates": [2.43303611, 48.59191912]}, "properties": {"route": "D26", "pr": "DS", "abs": null, "label": "D26 PRDS (G)"}}, {"type": "Feature", "geometry": {"type": "Point", "coordinates": [2.29754599, 48.71566703]}, "properties": {"route": "D120Z", "pr": "DS", "abs": null, "label": "D120Z PRDS"}}, {"type": "Feature", "geometry": {"type": "Point", "coordinates": [2.44276544, 48.71748681]}, "properties": {"route": "N900601", "pr": "DS", "abs": null, "label": "N900601 PRDS"}}, {"type": "Feature", "geometry": {"type": "Point", "coordinates": [2.48163276, 48.56746772]}, "properties": {"route": "N7", "pr": "DS", "abs": null, "label": "N7 PRDS (G)"}}, {"type": "Feature", "geometry": {"type": "Point", "coordinates": [2.24530077, 48.5855397]}, "properties": {"route": "D193", "pr": "DS", "abs": null, "label": "D193 PRDS"}}, {"type": "Feature", "geometry": {"type": "Point", "coordinates": [2.23231549, 48.69711094]}, "properties": {"route": "D188", "pr": "DS", "abs": null, "label": "D188 PRDS (G)"}}, {"type": "Feature", "geometry": {"type": "Point", "coordinates": [2.32542615, 48.72627244]}, "properties": {"route": "D167A", "pr": "DS", "abs": null, "label": "D167A PRDS (G)"}}, {"type": "Feature", "geometry": {"type": "Point", "coordinates": [2.51261497, 48.65571282]}, "properties": {"route": "D903302", "pr": "DS", "abs": null, "label": "D903302 PRDS"}}, {"type": "Feature", "geometry": {"type": "Point", "coordinates": [2.17098265, 48.45126062]}, "properties": {"route": "D207Z", "pr": "DS", "abs": null, "label": "D207Z PRDS"}}, {"type": "Feature", "geometry": {"type": "Point", "coordinates": [2.43676121, 48.59998234]}, "properties": {"route": "D26", "pr": "DS", "abs": null, "label": "D26 PRDS (G)"}}, {"type": "Feature", "geometry": {"type": "Point", "coordinates": [2.43451303, 48.59340771]}, "properties": {"route": "D26", "pr": "DS", "abs": null, "label": "D26 PRDS (G)"}}, {"type": "Feature", "geometry": {"type": "Point", "coordinates": [2.34114628, 48.62656956]}, "properties": {"route": "D117", "pr": "DS", "abs": null, "label": "D117 PRDS (G)"}}, {"type": "Feature", "geometry": {"type": "Point", "coordinates": [2.35101133, 48.61474357]}, "properties": {"route": "D19", "pr": "DS", "abs": null, "label": "D19 PRDS"}}, {"type": "Feature", "geometry": {"type": "Point", "coordinates": [2.50306467, 48.64160429]}, "properties": {"route": "D903301", "pr": "DS", "abs": null, "label": "D903301 PRDS"}}, {"type": "Feature", "geometry": {"type": "Point", "coordinates": [2.19676594, 48.64614074]}, "properties": {"route": "D24B", "pr": "DS", "abs": null, "label": "D24B PRDS"}}, {"type": "Feature", "geometry": {"type": "Point", "coordinates": [2.49907685, 48.72994014]}, "properties": {"route": "D94", "pr": "FS", "abs": null, "label": "D94 PRFS"}}, {"type": "Feature", "geometry": {"type": "Point", "coordinates": [2.49907685, 48.72994014]}, "properties": {"route": "D94", "pr": "DS", "abs": null, "label": "D94 PRDS"}}, {"type": "Feature", "geometry": {"type": "Point", "coordinates": [2.1746486, 48.45069059]}, "properties": {"route": "D202", "pr": "DS", "abs": null, "label": "D202 PRDS"}}, {"type": "Feature", "geometry": {"type": "Point", "coordinates": [2.1580871, 48.69837671]}, "properties": {"route": "D95", "pr": "DS", "abs": null, "label": "D95 PRDS"}}, {"type": "Feature", "geometry": {"type": "Point", "coordinates": [2.53304331, 48.68863467]}, "properties": {"route": "D94E", "pr": "DS", "abs": null, "label": "D94E PRDS"}}, {"type": "Feature", "geometry": {"type": "Point", "coordinates": [2.21704768, 48.68552784]}, "properties": {"route": "D118", "pr": "DS", "abs": null, "label": "D118 PRDS"}}, {"type": "Feature", "geometry": {"type": "Point", "coordinates": [2.42380428, 48.62495167]}, "properties": {"route": "D93", "pr": "DS", "abs": null, "label": "D93 PRDS (G)"}}, {"type": "Feature", "geometry": {"type": "Point", "coordinates": [2.19257812, 48.48145551]}, "properties": {"route": "D146D", "pr": "DS", "abs": null, "label": "D146D PRDS"}}, {"type": "Feature", "geometry": {"type": "Point", "coordinates": [2.4859411, 48.68675443]}, "properties": {"route": "D50", "pr": "DS", "abs": null, "label": "D50 PRDS (G)"}}, {"type": "Feature", "geometry": {"type": "Point", "coordinates": [2.49015049, 48.62022222]}, "properties": {"route": "D33", "pr": "DS", "abs": null, "label": "D33 PRDS"}}, {"type": "Feature", "geometry": {"type": "Point", "coordinates": [2.37408818, 48.42245123]}, "properties": {"route": "D205", "pr": "DS", "abs": null, "label": "D205 PRDS"}}, {"type": "Feature", "geometry": {"type": "Point", "coordinates": [2.27145428, 48.65010195]}, "properties": {"route": "N902004", "pr": "DS", "abs": null, "label": "N902004 PRDS"}}, {"type": "Feature", "geometry": {"type": "Point", "coordinates": [2.31272387, 48.60867901]}, "properties": {"route": "D117", "pr": "FS", "abs": null, "label": "D117 PRFS"}}, {"type": "Feature", "geometry": {"type": "Point", "coordinates": [2.31272387, 48.60867901]}, "properties": {"route": "D117", "pr": "DS", "abs": null, "label": "D117 PRDS"}}, {"type": "Feature", "geometry": {"type": "Point", "coordinates": [2.24614336, 48.59614644]}, "properties": {"route": "D449", "pr": "DS", "abs": null, "label": "D449 PRDS (G)"}}, {"type": "Feature", "geometry": {"type": "Point", "coordinates": [2.22660733, 48.71868321]}, "properties": {"route": "D36", "pr": "DS", "abs": null, "label": "D36 PRDS (G)"}}, {"type": "Feature", "geometry": {"type": "Point", "coordinates": [2.43208721, 48.57100172]}, "properties": {"route": "D153", "pr": "DS", "abs": null, "label": "D153 PRDS (G)"}}, {"type": "Feature", "geometry": {"type": "Point", "coordinates": [2.52183069, 48.65721903]}, "properties": {"route": "N900605", "pr": "DS", "abs": null, "label": "N900605 PRDS"}}, {"type": "Feature", "geometry": {"type": "Point", "coordinates": [2.25925836, 48.70635438]}, "properties": {"route": "D591", "pr": "DS", "abs": null, "label": "D591 PRDS"}}, {"type": "Feature", "geometry": {"type": "Point", "coordinates": [2.05113696, 48.34723638]}, "properties": {"route": "D181", "pr": "DS", "abs": null, "label": "D181 PRDS"}}, {"type": "Feature", "geometry": {"type": "Point", "coordinates": [2.26357727, 48.71108538]}, "properties": {"route": "D591", "pr": "DS", "abs": null, "label": "D591 PRDS (G)"}}, {"type": "Feature", "geometry": {"type": "Point", "coordinates": [2.16423136, 48.69865649]}, "properties": {"route": "D95", "pr": "DS", "abs": null, "label": "D95 PRDS (G)"}}, {"type": "Feature", "geometry": {"type": "Point", "coordinates": [2.20909531, 48.7194553]}, "properties": {"route": "D36", "pr": "DS", "abs": null, "label": "D36 PRDS (G)"}}, {"type": "Feature", "geometry": {"type": "Point", "coordinates": [2.17632444, 48.58331733]}, "properties": {"route": "D116D", "pr": "DS", "abs": null, "label": "D116D PRDS"}}, {"type": "Feature", "geometry": {"type": "Point", "coordinates": [2.18974549, 48.58729384]}, "properties": {"route": "D9116D1", "pr": "DS", "abs": null, "label": "D9116D1 PRDS"}}, {"type": "Feature", "geometry": {"type": "Point", "coordinates": [2.16824064, 48.434986]}, "properties": {"route": "N902012", "pr": "DS", "abs": null, "label": "N902012 PRDS"}}, {"type": "Feature", "geometry": {"type": "Point", "coordinates": [2.36336397, 48.74389232]}, "properties": {"route": "N900701", "pr": "DS", "abs": null, "label": "N900701 PRDS"}}, {"type": "Feature", "geometry": {"type": "Point", "coordinates": [2.25236226, 48.63950242]}, "properties": {"route": "D446", "pr": "DS", "abs": null, "label": "D446 PRDS"}}, {"type": "Feature", "geometry": {"type": "Point", "coordinates": [2.28863519, 48.72920603]}, "properties": {"route": "D918801", "pr": "DS", "abs": null, "label": "D918801 PRDS"}}, {"type": "Feature", "geometry": {"type": "Point", "coordinates": [2.43763943, 48.59170438]}, "properties": {"route": "D260", "pr": "DS", "abs": null, "label": "D260 PRDS (G)"}}, {"type": "Feature", "geometry": {"type": "Point", "coordinates": [2.33847471, 48.61205512]}, "properties": {"route": "D19B", "pr": "DS", "abs": null, "label": "D19B PRDS"}}, {"type": "Feature", "geometry": {"type": "Point", "coordinates": [2.15874381, 48.42858163]}, "properties": {"route": "D49B", "pr": "DS", "abs": null, "label": "D49B PRDS"}}, {"type": "Feature", "geometry": {"type": "Point", "coordinates": [2.43432992, 48.63082923]}, "properties": {"route": "D91", "pr": "DS", "abs": null, "label": "D91 PRDS (G)"}}, {"type": "Feature", "geometry": {"type": "Point", "coordinates": [2.52159244, 48.65758686]}, "properties": {"route": "N900605", "pr": "DS", "abs": null, "label": "N900605 PRDS"}}, {"type": "Feature", "geometry": {"type": "Point", "coordinates": [2.365158, 48.57124545]}, "properties": {"route": "D903101", "pr": "DS", "abs": null, "label": "D903101 PRDS"}}, {"type": "Feature", "geometry": {"type": "Point", "coordinates": [2.49907685, 48.72994014]}, "properties": {"route": "D94", "pr": "FS", "abs": null, "label": "D94 PRFS"}}, {"type": "Feature", "geometry": {"type": "Point", "coordinates": [2.49212467, 48.62888314]}, "properties": {"route": "D33", "pr": "DS", "abs": null, "label": "D33 PRDS"}}, {"type": "Feature", "geometry": {"type": "Point", "coordinates": [2.3666694, 48.64728274]}, "properties": {"route": "D445", "pr": "FS", "abs": null, "label": "D445 PRFS"}}, {"type": "Feature", "geometry": {"type": "Point", "coordinates": [2.3666694, 48.64728274]}, "properties": {"route": "D445", "pr": "DS", "abs": null, "label": "D445 PRDS (G)"}}, {"type": "Feature", "geometry": {"type": "Point", "coordinates": [2.34033537, 48.6297566]}, "properties": {"route": "D46", "pr": "DS", "abs": null, "label": "D46 PRDS"}}, {"type": "Feature", "geometry": {"type": "Point", "coordinates": [2.50604025, 48.55140725]}, "properties": {"route": "N7", "pr": "DS", "abs": null, "label": "N7 PRDS (G)"}}, {"type": "Feature", "geometry": {"type": "Point", "coordinates": [2.17317748, 48.69525218]}, "properties": {"route": "D95", "pr": "DS", "abs": null, "label": "D95 PRDS"}}, {"type": "Feature", "geometry": {"type": "Point", "coordinates": [2.34044288, 48.66386954]}, "properties": {"route": "D257", "pr": "FS", "abs": null, "label": "D257 PRFS"}}, {"type": "Feature", "geometry": {"type": "Point", "coordinates": [2.42505609, 48.61401136]}, "properties": {"route": "D446", "pr": "FS", "abs": null, "label": "D446 PRFS"}}, {"type": "Feature", "geometry": {"type": "Point", "coordinates": [2.42505609, 48.61401136]}, "properties": {"route": "D446", "pr": "DS", "abs": null, "label": "D446 PRDS (G)"}}, {"type": "Feature", "geometry": {"type": "Point", "coordinates": [2.148622, 48.6705624]}, "properties": {"route": "D35", "pr": "DS", "abs": null, "label": "D35 PRDS (G)"}}, {"type": "Feature", "geometry": {"type": "Point", "coordinates": [2.27125968, 48.75665944]}, "properties": {"route": "D60", "pr": "DS", "abs": null, "label": "D60 PRDS"}}, {"type": "Feature", "geometry": {"type": "Point", "coordinates": [2.32133703, 48.6650234]}, "properties": {"route": "D186", "pr": "DS", "abs": null, "label": "D186 PRDS"}}, {"type": "Feature", "geometry": {"type": "Point", "coordinates": [2.49914262, 48.61715162]}, "properties": {"route": "D947", "pr": "DS", "abs": null, "label": "D947 PRDS"}}, {"type": "Feature", "geometry": {"type": "Point", "coordinates": [2.44422996, 48.62606069]}, "properties": {"route": "N900707", "pr": "DS", "abs": null, "label": "N900707 PRDS"}}, {"type": "Feature", "geometry": {"type": "Point", "coordinates": [2.32915802, 48.57180356]}, "properties": {"route": "D317", "pr": "DS", "abs": null, "label": "D317 PRDS"}}, {"type": "Feature", "geometry": {"type": "Point", "coordinates": [2.26144251, 48.56564338]}, "properties": {"route": "D449", "pr": "DS", "abs": null, "label": "D449 PRDS"}}, {"type": "Feature", "geometry": {"type": "Point", "coordinates": [2.28283981, 48.64329327]}, "properties": {"route": "D133", "pr": "DS", "abs": null, "label": "D133 PRDS (D)"}}, {"type": "Feature", "geometry": {"type": "Point", "coordinates": [2.29901999, 48.57853314]}, "properties": {"route": "D19", "pr": "DS", "abs": null, "label": "D19 PRDS (G)"}}, {"type": "Feature", "geometry": {"type": "Point", "coordinates": [2.20535072, 48.48407417]}, "properties": {"route": "D148", "pr": "DS", "abs": null, "label": "D148 PRDS"}}, {"type": "Feature", "geometry": {"type": "Point", "coordinates": [2.29161527, 48.727817]}, "properties": {"route": "D918801", "pr": "DS", "abs": null, "label": "D918801 PRDS"}}, {"type": "Feature", "geometry": {"type": "Point", "coordinates": [2.49295318, 48.56240609]}, "properties": {"route": "N7", "pr": "DS", "abs": null, "label": "N7 PRDS (G)"}}, {"type": "Feature", "geometry": {"type": "Point", "coordinates": [2.42960127, 48.5889306]}, "properties": {"route": "D26", "pr": "DS", "abs": null, "label": "D26 PRDS (G)"}}, {"type": "Feature", "geometry": {"type": "Point", "coordinates": [2.31941861, 48.60331748]}, "properties": {"route": "D901904", "pr": "DS", "abs": null, "label": "D901904 PRDS"}}, {"type": "Feature", "geometry": {"type": "Point", "coordinates": [2.18711306, 48.58549293]}, "properties": {"route": "D9116D1", "pr": "DS", "abs": null, "label": "D9116D1 PRDS"}}, {"type": "Feature", "geometry": {"type": "Point", "coordinates": [2.43955851, 48.63020449]}, "properties": {"route": "N900706", "pr": "DS", "abs": null, "label": "N900706 PRDS"}}, {"type": "Feature", "geometry": {"type": "Point", "coordinates": [2.34031578, 48.66414948]}, "properties": {"route": "D257", "pr": "DS", "abs": null, "label": "D257 PRDS (G)"}}, {"type": "Feature", "geometry": {"type": "Point", "coordinates": [2.16408325, 48.67469624]}, "properties": {"route": "D903501", "pr": "DS", "abs": null, "label": "D903501 PRDS"}}, {"type": "Feature", "geometry": {"type": "Point", "coordinates": [2.15190425, 48.42718879]}, "properties": {"route": "N902013", "pr": "DS", "abs": null, "label": "N902013 PRDS"}}, {"type": "Feature", "geometry": {"type": "Point", "coordinates": [2.44716816, 48.62974081]}, "properties": {"route": "D93", "pr": "DS", "abs": null, "label": "D93 PRDS (G)"}}, {"type": "Feature", "geometry": {"type": "Point", "coordinates": [2.23054248, 48.73503216]}, "properties": {"route": "D944402", "pr": "DS", "abs": null, "label": "D944402 PRDS"}}, {"type": "Feature", "geometry": {"type": "Point", "coordinates": [2.374208, 48.66153838]}, "properties": {"route": "D445", "pr": "DS", "abs": null, "label": "D445 PRDS"}}, {"type": "Feature", "geometry": {"type": "Point", "coordinates": [2.15185952, 48.67241869]}, "properties": {"route": "D35", "pr": "DS", "abs": null, "label": "D35 PRDS (G)"}}, {"type": "Feature", "geometry": {"type": "Point", "coordinates": [2.36695264, 48.64799486]}, "properties": {"route": "D445", "pr": "DS", "abs": null, "label": "D445 PRDS (G)"}}, {"type": "Feature", "geometry": {"type": "Point", "coordinates": [2.52581838, 48.67668184]}, "properties": {"route": "D33", "pr": "DS", "abs": null, "label": "D33 PRDS (G)"}}, {"type": "Feature", "geometry": {"type": "Point", "coordinates": [2.2876279, 48.57714402]}, "properties": {"route": "D901902", "pr": "DS", "abs": null, "label": "D901902 PRDS"}}, {"type": "Feature", "geometry": {"type": "Point", "coordinates": [2.42870246, 48.62459567]}, "properties": {"route": "D93", "pr": "DS", "abs": null, "label": "D93 PRDS (G)"}}, {"type": "Feature", "geometry": {"type": "Point", "coordinates": [2.31615652, 48.55024664]}, "properties": {"route": "D117", "pr": "DS", "abs": null, "label": "D117 PRDS"}}, {"type": "Feature", "geometry": {"type": "Point", "coordinates": [2.50135233, 48.64026047]}, "properties": {"route": "D903301", "pr": "DS", "abs": null, "label": "D903301 PRDS"}}, {"type": "Feature", "geometry": {"type": "Point", "coordinates": [2.36656196, 48.64808454]}, "properties": {"route": "D445", "pr": "DS", "abs": null, "label": "D445 PRDS (D)"}}, {"type": "Feature", "geometry": {"type": "Point", "coordinates": [2.49601381, 48.70695443]}, "properties": {"route": "D32", "pr": "DS", "abs": null, "label": "D32 PRDS"}}, {"type": "Feature", "geometry": {"type": "Point", "coordinates": [2.24156924, 48.73107674]}, "properties": {"route": "D944401", "pr": "DS", "abs": null, "label": "D944401 PRDS"}}, {"type": "Feature", "geometry": {"type": "Point", "coordinates": [2.22445574, 48.67260091]}, "properties": {"route": "D59", "pr": "DS", "abs": null, "label": "D59 PRDS"}}, {"type": "Feature", "geometry": {"type": "Point", "coordinates": [2.38398508, 48.6496124]}, "properties": {"route": "D310", "pr": "DS", "abs": null, "label": "D310 PRDS (D)"}}, {"type": "Feature", "geometry": {"type": "Point", "coordinates": [2.52571526, 48.6908967]}, "properties": {"route": "D33", "pr": "DS", "abs": null, "label": "D33 PRDS"}}, {"type": "Feature", "geometry": {"type": "Point", "coordinates": [2.27809415, 48.56784521]}, "properties": {"route": "D26", "pr": "DS", "abs": null, "label": "D26 PRDS"}}, {"type": "Feature", "geometry": {"type": "Point", "coordinates": [2.24417232, 48.59712256]}, "properties": {"route": "N902005", "pr": "DS", "abs": null, "label": "N902005 PRDS"}}, {"type": "Feature", "geometry": {"type": "Point", "coordinates": [2.23544198, 48.5752324]}, "properties": {"route": "N902006", "pr": "DS", "abs": null, "label": "N902006 PRDS"}}, {"type": "Feature", "geometry": {"type": "Point", "coordinates": [2.40892053, 48.6560757]}, "properties": {"route": "D31", "pr": "DS", "abs": null, "label": "D31 PRDS"}}, {"type": "Feature", "geometry": {"type": "Point", "coordinates": [2.38896819, 48.62558403]}, "properties": {"route": "D31", "pr": "DS", "abs": null, "label": "D31 PRDS"}}, {"type": "Feature", "geometry": {"type": "Point", "coordinates": [2.31326453, 48.65423073]}, "properties": {"route": "D35", "pr": "DS", "abs": null, "label": "D35 PRDS"}}, {"type": "Feature", "geometry": {"type": "Point", "coordinates": [2.35157266, 48.61520719]}, "properties": {"route": "D19", "pr": "DS", "abs": null, "label": "D19 PRDS (D)"}}, {"type": "Feature", "geometry": {"type": "Point", "coordinates": [2.43190705, 48.63750651]}, "properties": {"route": "N900705", "pr": "DS", "abs": null, "label": "N900705 PRDS"}}, {"type": "Feature", "geometry": {"type": "Point", "coordinates": [2.45670095, 48.61577279]}, "properties": {"route": "N7", "pr": "DS", "abs": null, "label": "N7 PRDS (G)"}}, {"type": "Feature", "geometry": {"type": "Point", "coordinates": [2.3716285, 48.603179]}, "properties": {"route": "D312", "pr": "DS", "abs": null, "label": "D312 PRDS"}}, {"type": "Feature", "geometry": {"type": "Point", "coordinates": [2.173808, 48.71407478]}, "properties": {"route": "D446", "pr": "DS", "abs": null, "label": "D446 PRDS"}}, {"type": "Feature", "geometry": {"type": "Point", "coordinates": [2.44015128, 48.610182]}, "properties": {"route": "D446", "pr": "DS", "abs": null, "label": "D446 PRDS (D)"}}, {"type": "Feature", "geometry": {"type": "Point", "coordinates": [2.38334966, 48.64938963]}, "properties": {"route": "D310", "pr": "DS", "abs": null, "label": "D310 PRDS (G)"}}, {"type": "Feature", "geometry": {"type": "Point", "coordinates": [2.40086811, 48.66282403]}, "properties": {"route": "N900704", "pr": "DS", "abs": null, "label": "N900704 PRDS"}}, {"type": "Feature", "geometry": {"type": "Point", "coordinates": [2.30001476, 48.57764393]}, "properties": {"route": "D117", "pr": "DS", "abs": 11817, "label": "D117 PRDS+11817"}}, {"type": "Feature", "geometry": {"type": "Point", "coordinates": [2.36165102, 48.74350631]}, "properties": {"route": "D167A", "pr": "DS", "abs": null, "label": "D167A PRDS"}}, {"type": "Feature", "geometry": {"type": "Point", "coordinates": [2.20582843, 48.68611749]}, "properties": {"route": "D218", "pr": "DS", "abs": null, "label": "D218 PRDS"}}, {"type": "Feature", "geometry": {"type": "Point", "coordinates": [2.3511943, 48.61530498]}, "properties": {"route": "D19", "pr": "DS", "abs": null, "label": "D19 PRDS (G)"}}, {"type": "Feature", "geometry": {"type": "Point", "coordinates": [2.53813375, 48.67217791]}, "properties": {"route": "D330", "pr": "DS", "abs": null, "label": "D330 PRDS"}}, {"type": "Feature", "geometry": {"type": "Point", "coordinates": [2.24016969, 48.57294537]}, "properties": {"route": "D19", "pr": "DS", "abs": null, "label": "D19 PRDS (D)"}}, {"type": "Feature", "geometry": {"type": "Point", "coordinates": [2.30925477, 48.71195762]}, "properties": {"route": "D120", "pr": "DS", "abs": null, "label": "D120 PRDS"}}, {"type": "Feature", "geometry": {"type": "Point", "coordinates": [2.24020383, 48.57330182]}, "properties": {"route": "D193", "pr": "DS", "abs": null, "label": "D193 PRDS"}}, {"type": "Feature", "geometry": {"type": "Point", "coordinates": [2.5024932, 48.69471567]}, "properties": {"route": "D94", "pr": "DS", "abs": null, "label": "D94 PRDS (D)"}}, {"type": "Feature", "geometry": {"type": "Point", "coordinates": [2.44040256, 48.62500203]}, "properties": {"route": "D93", "pr": "DS", "abs": null, "label": "D93 PRDS (D)"}}, {"type": "Feature", "geometry": {"type": "Point", "coordinates": [2.38470335, 48.68815498]}, "properties": {"route": "D931", "pr": "DS", "abs": null, "label": "D931 PRDS"}}, {"type": "Feature", "geometry": {"type": "Point", "coordinates": [2.4968769, 48.63240512]}, "properties": {"route": "D33", "pr": "DS", "abs": null, "label": "D33 PRDS (G)"}}, {"type": "Feature", "geometry": {"type": "Point", "coordinates": [2.50255464, 48.69482656]}, "properties": {"route": "D94", "pr": "DS", "abs": null, "label": "D94 PRDS (G)"}}, {"type": "Feature", "geometry": {"type": "Point", "coordinates": [2.49721355, 48.63239485]}, "properties": {"route": "D33", "pr": "DS", "abs": null, "label": "D33 PRDS (D)"}}, {"type": "Feature", "geometry": {"type": "Point", "coordinates": [2.36387911, 48.74313504]}, "properties": {"route": "N900701", "pr": "DS", "abs": null, "label": "N900701 PRDS"}}, {"type": "Feature", "geometry": {"type": "Point", "coordinates": [2.49284982, 48.56230399]}, "properties": {"route": "N7", "pr": "DS", "abs": null, "label": "N7 PRDS (D)"}}, {"type": "Feature", "geometry": {"type": "Point", "coordinates": [2.48548312, 48.61402241]}, "properties": {"route": "D947", "pr": "DS", "abs": null, "label": "D947 PRDS"}}, {"type": "Feature", "geometry": {"type": "Point", "coordinates": [1.99916743, 48.31236417]}, "properties": {"route": "D604", "pr": "DS", "abs": null, "label": "D604 PRDS"}}, {"type": "Feature", "geometry": {"type": "Point", "coordinates": [2.22003387, 48.74624854]}, "properties": {"route": "D944405", "pr": "DS", "abs": null, "label": "D944405 PRDS"}}, {"type": "Feature", "geometry": {"type": "Point", "coordinates": [2.23295114, 48.56952831]}, "properties": {"route": "N902006", "pr": "DS", "abs": null, "label": "N902006 PRDS"}}, {"type": "Feature", "geometry": {"type": "Point", "coordinates": [2.24943952, 48.71874085]}, "properties": {"route": "D156", "pr": "DS", "abs": null, "label": "D156 PRDS"}}, {"type": "Feature", "geometry": {"type": "Point", "coordinates": [2.18677565, 48.58530441]}, "properties": {"route": "D116D", "pr": "DS", "abs": null, "label": "D116D PRDS (G)"}}, {"type": "Feature", "geometry": {"type": "Point", "coordinates": [2.46272262, 48.610268]}, "properties": {"route": "N7", "pr": "DS", "abs": null, "label": "N7 PRDS (D)"}}, {"type": "Feature", "geometry": {"type": "Point", "coordinates": [2.23360795, 48.57281333]}, "properties": {"route": "N902006", "pr": "DS", "abs": null, "label": "N902006 PRDS"}}, {"type": "Feature", "geometry": {"type": "Point", "coordinates": [2.33309818, 48.63722555]}, "properties": {"route": "D296", "pr": "DS", "abs": null, "label": "D296 PRDS"}}, {"type": "Feature", "geometry": {"type": "Point", "coordinates": [2.24077793, 48.57325421]}, "properties": {"route": "D19", "pr": "DS", "abs": null, "label": "D19 PRDS (G)"}}, {"type": "Feature", "geometry": {"type": "Point", "coordinates": [2.43486675, 48.59217071]}, "properties": {"route": "D260", "pr": "DS", "abs": null, "label": "D260 PRDS"}}, {"type": "Feature", "geometry": {"type": "Point", "coordinates": [2.22459293, 48.55855582]}, "properties": {"route": "N902007", "pr": "DS", "abs": null, "label": "N902007 PRDS"}}, {"type": "Feature", "geometry": {"type": "Point", "coordinates": [2.45864076, 48.6379647]}, "properties": {"route": "D93", "pr": "DS", "abs": null, "label": "D93 PRDS (G)"}}, {"type": "Feature", "geometry": {"type": "Point", "coordinates": [2.28545217, 48.72653361]}, "properties": {"route": "D918802", "pr": "DS", "abs": null, "label": "D918802 PRDS"}}, {"type": "Feature", "geometry": {"type": "Point", "coordinates": [2.2971236, 48.57770695]}, "properties": {"route": "D901903", "pr": "DS", "abs": null, "label": "D901903 PRDS"}}, {"type": "Feature", "geometry": {"type": "Point", "coordinates": [2.41571086, 48.55404017]}, "properties": {"route": "D191", "pr": "DS", "abs": null, "label": "D191 PRDS (D)"}}, {"type": "Feature", "geometry": {"type": "Point", "coordinates": [2.3644619, 48.57186424]}, "properties": {"route": "D903101", "pr": "DS", "abs": null, "label": "D903101 PRDS"}}, {"type": "Feature", "geometry": {"type": "Point", "coordinates": [2.44040256, 48.62500203]}, "properties": {"route": "D93", "pr": "DS", "abs": null, "label": "D93 PRDS (G)"}}, {"type": "Feature", "geometry": {"type": "Point", "coordinates": [2.23735027, 48.57330605]}, "properties": {"route": "D19", "pr": "DS", "abs": null, "label": "D19 PRDS (G)"}}, {"type": "Feature", "geometry": {"type": "Point", "coordinates": [2.48956713, 48.68380804]}, "properties": {"route": "D54", "pr": "DS", "abs": null, "label": "D54 PRDS"}}, {"type": "Feature", "geometry": {"type": "Point", "coordinates": [2.1742504, 48.577614]}, "properties": {"route": "D191Z", "pr": "DS", "abs": null, "label": "D191Z PRDS"}}, {"type": "Feature", "geometry": {"type": "Point", "coordinates": [2.42410447, 48.6146859]}, "properties": {"route": "D446", "pr": "DS", "abs": null, "label": "D446 PRDS (G)"}}, {"type": "Feature", "geometry": {"type": "Point", "coordinates": [2.22407439, 48.74187204]}, "properties": {"route": "D444", "pr": "DS", "abs": null, "label": "D444 PRDS (D)"}}, {"type": "Feature", "geometry": {"type": "Point", "coordinates": [2.16809541, 48.67495368]}, "properties": {"route": "D35", "pr": "DS", "abs": null, "label": "D35 PRDS (G)"}}, {"type": "Feature", "geometry": {"type": "Point", "coordinates": [2.45648359, 48.61567015]}, "properties": {"route": "N7", "pr": "DS", "abs": null, "label": "N7 PRDS (D)"}}, {"type": "Feature", "geometry": {"type": "Point", "coordinates": [2.50050379, 48.63758358]}, "properties": {"route": "D903301", "pr": "DS", "abs": null, "label": "D903301 PRDS"}}, {"type": "Feature", "geometry": {"type": "Point", "coordinates": [2.49160569, 48.62405681]}, "properties": {"route": "D33", "pr": "DS", "abs": null, "label": "D33 PRDS (D)"}}, {"type": "Feature", "geometry": {"type": "Point", "coordinates": [2.46266771, 48.61033162]}, "properties": {"route": "N7", "pr": "DS", "abs": 15476, "label": "N7 PRDS+15476"}}, {"type": "Feature", "geometry": {"type": "Point", "coordinates": [2.35083971, 48.49038681]}, "properties": {"route": "D449", "pr": "DS", "abs": null, "label": "D449 PRDS"}}, {"type": "Feature", "geometry": {"type": "Point", "coordinates": [2.45459835, 48.60911114]}, "properties": {"route": "D26", "pr": "DS", "abs": null, "label": "D26 PRDS"}}, {"type": "Feature", "geometry": {"type": "Point", "coordinates": [2.44716816, 48.62974081]}, "properties": {"route": "D93", "pr": "DS", "abs": null, "label": "D93 PRDS (D)"}}, {"type": "Feature", "geometry": {"type": "Point", "coordinates": [2.25905482, 48.7069072]}, "properties": {"route": "D59", "pr": "DS", "abs": null, "label": "D59 PRDS"}}, {"type": "Feature", "geometry": {"type": "Point", "coordinates": [2.52649282, 48.61914801]}, "properties": {"route": "D947", "pr": "DS", "abs": null, "label": "D947 PRDS"}}, {"type": "Feature", "geometry": {"type": "Point", "coordinates": [2.27149238, 48.43090554]}, "properties": {"route": "D545", "pr": "DS", "abs": null, "label": "D545 PRDS"}}, {"type": "Feature", "geometry": {"type": "Point", "coordinates": [2.27346807, 48.72787881]}, "properties": {"route": "D121", "pr": "DS", "abs": null, "label": "D121 PRDS"}}, {"type": "Feature", "geometry": {"type": "Point", "coordinates": [2.36407421, 48.52282928]}, "properties": {"route": "D174", "pr": "DS", "abs": null, "label": "D174 PRDS"}}, {"type": "Feature", "geometry": {"type": "Point", "coordinates": [2.21586828, 48.74903564]}, "properties": {"route": "D117", "pr": "DS", "abs": null, "label": "D117 PRDS"}}, {"type": "Feature", "geometry": {"type": "Point", "coordinates": [2.49989008, 48.55722336]}, "properties": {"route": "N7", "pr": "DS", "abs": null, "label": "N7 PRDS"}}, {"type": "Feature", "geometry": {"type": "Point", "coordinates": [2.28618974, 48.68628557]}, "properties": {"route": "D217", "pr": "DS", "abs": null, "label": "D217 PRDS"}}, {"type": "Feature", "geometry": {"type": "Point", "coordinates": [2.49211352, 48.629054]}, "properties": {"route": "D33", "pr": "DS", "abs": null, "label": "D33 PRDS (G)"}}, {"type": "Feature", "geometry": {"type": "Point", "coordinates": [2.24339477, 48.59677848]}, "properties": {"route": "N902005", "pr": "DS", "abs": null, "label": "N902005 PRDS"}}, {"type": "Feature", "geometry": {"type": "Point", "coordinates": [2.15212427, 48.67225686]}, "properties": {"route": "D35", "pr": "DS", "abs": null, "label": "D35 PRDS (D)"}}, {"type": "Feature", "geometry": {"type": "Point", "coordinates": [2.28825502, 48.72737157]}, "properties": {"route": "D918801", "pr": "DS", "abs": null, "label": "D918801 PRDS"}}, {"type": "Feature", "geometry": {"type": "Point", "coordinates": [2.20366778, 48.68178817]}, "properties": {"route": "D911801", "pr": "DS", "abs": null, "label": "D911801 PRDS"}}, {"type": "Feature", "geometry": {"type": "Point", "coordinates": [2.22775981, 48.56004276]}, "properties": {"route": "N902007", "pr": "DS", "abs": null, "label": "N902007 PRDS"}}, {"type": "Feature", "geometry": {"type": "Point", "coordinates": [1.91675914, 48.46590407]}, "properties": {"route": "D115", "pr": "DS", "abs": null, "label": "D115 PRDS"}}, {"type": "Feature", "geometry": {"type": "Point", "coordinates": [2.22557537, 48.73749784]}, "properties": {"route": "D944403", "pr": "DS", "abs": null, "label": "D944403 PRDS"}}, {"type": "Feature", "geometry": {"type": "Point", "coordinates": [2.22919402, 48.766237]}, "properties": {"route": "D533", "pr": "DS", "abs": null, "label": "D533 PRDS (G)"}}, {"type": "Feature", "geometry": {"type": "Point", "coordinates": [2.27994312, 48.67022436]}, "properties": {"route": "N902003", "pr": "DS", "abs": null, "label": "N902003 PRDS"}}, {"type": "Feature", "geometry": {"type": "Point", "coordinates": [2.16244659, 48.67444189]}, "properties": {"route": "D35", "pr": "DS", "abs": null, "label": "D35 PRDS (G)"}}, {"type": "Feature", "geometry": {"type": "Point", "coordinates": [2.25654435, 48.57375228]}, "properties": {"route": "D901901", "pr": "DS", "abs": null, "label": "D901901 PRDS"}}, {"type": "Feature", "geometry": {"type": "Point", "coordinates": [2.43627596, 48.59920014]}, "properties": {"route": "D26", "pr": "DS", "abs": null, "label": "D26 PRDS (G)"}}, {"type": "Feature", "geometry": {"type": "Point", "coordinates": [2.27931262, 48.66886949]}, "properties": {"route": "N902003", "pr": "DS", "abs": null, "label": "N902003 PRDS"}}, {"type": "Feature", "geometry": {"type": "Point", "coordinates": [2.41709928, 48.63816539]}, "properties": {"route": "D91", "pr": "DS", "abs": null, "label": "D91 PRDS"}}, {"type": "Feature", "geometry": {"type": "Point", "coordinates": [2.24691048, 48.60117804]}, "properties": {"route": "N902005", "pr": "DS", "abs": null, "label": "N902005 PRDS"}}, {"type": "Feature", "geometry": {"type": "Point", "coordinates": [2.28633323, 48.57724421]}, "properties": {"route": "D901902", "pr": "DS", "abs": null, "label": "D901902 PRDS"}}, {"type": "Feature", "geometry": {"type": "Point", "coordinates": [1.98985257, 48.31921974]}, "properties": {"route": "D119", "pr": "DS", "abs": null, "label": "D119 PRDS"}}, {"type": "Feature", "geometry": {"type": "Point", "coordinates": [2.45024386, 48.62101709]}, "properties": {"route": "N900708", "pr": "DS", "abs": null, "label": "N900708 PRDS"}}, {"type": "Feature", "geometry": {"type": "Point", "coordinates": [2.29955713, 48.67190544]}, "properties": {"route": "D186", "pr": "DS", "abs": null, "label": "D186 PRDS"}}, {"type": "Feature", "geometry": {"type": "Point", "coordinates": [2.26554867, 48.73231415]}, "properties": {"route": "D120", "pr": "DS", "abs": null, "label": "D120 PRDS"}}, {"type": "Feature", "geometry": {"type": "Point", "coordinates": [2.28125371, 48.72615131]}, "properties": {"route": "D918802", "pr": "DS", "abs": null, "label": "D918802 PRDS"}}, {"type": "Feature", "geometry": {"type": "Point", "coordinates": [2.26462242, 48.71128072]}, "properties": {"route": "D959101", "pr": "DS", "abs": null, "label": "D959101 PRDS"}}, {"type": "Feature", "geometry": {"type": "Point", "coordinates": [2.54330973, 48.66857204]}, "properties": {"route": "D330", "pr": "DS", "abs": null, "label": "D330 PRDS"}}, {"type": "Feature", "geometry": {"type": "Point", "coordinates": [2.43627596, 48.59920014]}, "properties": {"route": "D26", "pr": "DS", "abs": null, "label": "D26 PRDS (D)"}}, {"type": "Feature", "geometry": {"type": "Point", "coordinates": [2.22775981, 48.56004276]}, "properties": {"route": "N902007", "pr": "DS", "abs": null, "label": "N902007 PRDS"}}, {"type": "Feature", "geometry": {"type": "Point", "coordinates": [2.16757047, 48.43367855]}, "properties": {"route": "N902012", "pr": "DS", "abs": null, "label": "N902012 PRDS"}}, {"type": "Feature", "geometry": {"type": "Point", "coordinates": [2.374208, 48.66153838]}, "properties": {"route": "D445", "pr": "DS", "abs": null, "label": "D445 PRDS"}}, {"type": "Feature", "geometry": {"type": "Point", "coordinates": [2.35106748, 48.49659458]}, "properties": {"route": "D31", "pr": "DS", "abs": null, "label": "D31 PRDS"}}, {"type": "Feature", "geometry": {"type": "Point", "coordinates": [2.50099982, 48.52805377]}, "properties": {"route": "D74", "pr": "DS", "abs": null, "label": "D74 PRDS"}}, {"type": "Feature", "geometry": {"type": "Point", "coordinates": [1.98076922, 48.31872888]}, "properties": {"route": "D939", "pr": "DS", "abs": null, "label": "D939 PRDS"}}, {"type": "Feature", "geometry": {"type": "Point", "coordinates": [2.42366313, 48.62495459]}, "properties": {"route": "D92", "pr": "DS", "abs": null, "label": "D92 PRDS"}}, {"type": "Feature", "geometry": {"type": "Point", "coordinates": [2.35436926, 48.62572355]}, "properties": {"route": "D445", "pr": "DS", "abs": null, "label": "D445 PRDS (G)"}}, {"type": "Feature", "geometry": {"type": "Point", "coordinates": [2.28283981, 48.64329327]}, "properties": {"route": "D133", "pr": "DS", "abs": null, "label": "D133 PRDS (G)"}}, {"type": "Feature", "geometry": {"type": "Point", "coordinates": [2.23441611, 48.57131173]}, "properties": {"route": "N902006", "pr": "DS", "abs": null, "label": "N902006 PRDS"}}, {"type": "Feature", "geometry": {"type": "Point", "coordinates": [2.35418012, 48.62565686]}, "properties": {"route": "D445", "pr": "DS", "abs": null, "label": "D445 PRDS (D)"}}, {"type": "Feature", "geometry": {"type": "Point", "coordinates": [2.20625698, 48.68562921]}, "properties": {"route": "D911801", "pr": "DS", "abs": null, "label": "D911801 PRDS"}}, {"type": "Feature", "geometry": {"type": "Point", "coordinates": [2.26675681, 48.56807454]}, "properties": {"route": "D26", "pr": "DS", "abs": null, "label": "D26 PRDS"}}, {"type": "Feature", "geometry": {"type": "Point", "coordinates": [2.13718459, 48.67241593]}, "properties": {"route": "D35", "pr": "DS", "abs": null, "label": "D35 PRDS"}}, {"type": "Feature", "geometry": {"type": "Point", "coordinates": [2.11208717, 48.30215008]}, "properties": {"route": "D49", "pr": "DS", "abs": null, "label": "D49 PRDS"}}, {"type": "Feature", "geometry": {"type": "Point", "coordinates": [2.32037068, 48.60520567]}, "properties": {"route": "D901904", "pr": "DS", "abs": null, "label": "D901904 PRDS"}}, {"type": "Feature", "geometry": {"type": "Point", "coordinates": [2.23539325, 48.5739268]}, "properties": {"route": "N902006", "pr": "DS", "abs": null, "label": "N902006 PRDS"}}, {"type": "Feature", "geometry": {"type": "Point", "coordinates": [2.22407439, 48.74187204]}, "properties": {"route": "D444", "pr": "DS", "abs": null, "label": "D444 PRDS (G)"}}, {"type": "Feature", "geometry": {"type": "Point", "coordinates": [2.22775981, 48.56004276]}, "properties": {"route": "N902007", "pr": "DS", "abs": null, "label": "N902007 PRDS"}}, {"type": "Feature", "geometry": {"type": "Point", "coordinates": [2.07758986, 48.37158922]}, "properties": {"route": "N902016", "pr": "DS", "abs": null, "label": "N902016 PRDS"}}, {"type": "Feature", "geometry": {"type": "Point", "coordinates": [2.50258167, 48.64144036]}, "properties": {"route": "D903301", "pr": "DS", "abs": null, "label": "D903301 PRDS (G)"}}, {"type": "Feature", "geometry": {"type": "Point", "coordinates": [2.41618208, 48.62183727]}, "properties": {"route": "D446", "pr": "DS", "abs": null, "label": "D446 PRDS (D)"}}, {"type": "Feature", "geometry": {"type": "Point", "coordinates": [2.42519119, 48.47368052]}, "properties": {"route": "D90", "pr": "DS", "abs": null, "label": "D90 PRDS"}}, {"type": "Feature", "geometry": {"type": "Point", "coordinates": [2.17675332, 48.45808972]}, "properties": {"route": "N20", "pr": "DS", "abs": null, "label": "N20 PRDS (G)"}}, {"type": "Feature", "geometry": {"type": "Point", "coordinates": [2.20169955, 48.43522212]}, "properties": {"route": "D837", "pr": "DS", "abs": null, "label": "D837 PRDS"}}, {"type": "Feature", "geometry": {"type": "Point", "coordinates": [2.20563625, 48.48398522]}, "properties": {"route": "D148", "pr": "DS", "abs": null, "label": "D148 PRDS"}}, {"type": "Feature", "geometry": {"type": "Point", "coordinates": [2.17214614, 48.75659543]}, "properties": {"route": "D446", "pr": "DS", "abs": null, "label": "D446 PRDS"}}, {"type": "Feature", "geometry": {"type": "Point", "coordinates": [2.34937086, 48.52142459]}, "properties": {"route": "D74", "pr": "DS", "abs": null, "label": "D74 PRDS"}}, {"type": "Feature", "geometry": {"type": "Point", "coordinates": [2.3426284, 48.68078135]}, "properties": {"route": "D25", "pr": "DS", "abs": null, "label": "D25 PRDS"}}, {"type": "Feature", "geometry": {"type": "Point", "coordinates": [2.44172224, 48.62836344]}, "properties": {"route": "N900707", "pr": "DS", "abs": null, "label": "N900707 PRDS"}}, {"type": "Feature", "geometry": {"type": "Point", "coordinates": [2.44339071, 48.62765523]}, "properties": {"route": "N900707", "pr": "DS", "abs": null, "label": "N900707 PRDS"}}, {"type": "Feature", "geometry": {"type": "Point", "coordinates": [2.3003614, 48.73025665]}, "properties": {"route": "D188", "pr": "DS", "abs": null, "label": "D188 PRDS (D)"}}, {"type": "Feature", "geometry": {"type": "Point", "coordinates": [2.1250961, 48.67197702]}, "properties": {"route": "D131", "pr": "DS", "abs": null, "label": "D131 PRDS"}}, {"type": "Feature", "geometry": {"type": "Point", "coordinates": [2.04651802, 48.34693566]}, "properties": {"route": "D108", "pr": "DS", "abs": null, "label": "D108 PRDS"}}, {"type": "Feature", "geometry": {"type": "Point", "coordinates": [2.10643378, 48.44716291]}, "properties": {"route": "D836", "pr": "DS", "abs": null, "label": "D836 PRDS"}}, {"type": "Feature", "geometry": {"type": "Point", "coordinates": [2.46656417, 48.57099397]}, "properties": {"route": "D191", "pr": "DS", "abs": null, "label": "D191 PRDS"}}, {"type": "Feature", "geometry": {"type": "Point", "coordinates": [2.2487057, 48.47527709]}, "properties": {"route": "D248", "pr": "DS", "abs": null, "label": "D248 PRDS"}}, {"type": "Feature", "geometry": {"type": "Point", "coordinates": [2.18632245, 48.77247267]}, "properties": {"route": "D53", "pr": "DS", "abs": null, "label": "D53 PRDS"}}, {"type": "Feature", "geometry": {"type": "Point", "coordinates": [2.47307916, 48.47778995]}, "properties": {"route": "D83", "pr": "DS", "abs": null, "label": "D83 PRDS"}}, {"type": "Feature", "geometry": {"type": "Point", "coordinates": [2.01195375, 48.31236272]}, "properties": {"route": "D145", "pr": "DS", "abs": null, "label": "D145 PRDS"}}, {"type": "Feature", "geometry": {"type": "Point", "coordinates": [2.127153, 48.61562681]}, "properties": {"route": "D152", "pr": "DS", "abs": null, "label": "D152 PRDS"}}, {"type": "Feature", "geometry": {"type": "Point", "coordinates": [2.2418763, 48.35621797]}, "properties": {"route": "D12", "pr": "DS", "abs": null, "label": "D12 PRDS"}}, {"type": "Feature", "geometry": {"type": "Point", "coordinates": [2.14665448, 48.7134852]}, "properties": {"route": "D128", "pr": "DS", "abs": null, "label": "D128 PRDS"}}, {"type": "Feature", "geometry": {"type": "Point", "coordinates": [2.14591597, 48.7135123]}, "properties": {"route": "D306", "pr": "DS", "abs": null, "label": "D306 PRDS"}}, {"type": "Feature", "geometry": {"type": "Point", "coordinates": [2.30085635, 48.73259004]}, "properties": {"route": "N20", "pr": "DS", "abs": null, "label": "N20 PRDS (G)"}}, {"type": "Feature", "geometry": {"type": "Point", "coordinates": [2.44391581, 48.71923621]}, "properties": {"route": "D448", "pr": "DS", "abs": null, "label": "D448 PRDS"}}, {"type": "Feature", "geometry": {"type": "Point", "coordinates": [2.17395756, 48.71415767]}, "properties": {"route": "D446", "pr": "DS", "abs": null, "label": "D446 PRDS"}}, {"type": "Feature", "geometry": {"type": "Point", "coordinates": [2.41842466, 48.39626409]}, "properties": {"route": "D837", "pr": "DS", "abs": null, "label": "D837 PRDS"}}, {"type": "Feature", "geometry": {"type": "Point", "coordinates": [2.44308908, 48.72091793]}, "properties": {"route": "N6", "pr": "DS", "abs": null, "label": "N6 PRDS (G)"}}, {"type": "Feature", "geometry": {"type": "Point", "coordinates": [2.43854562, 48.53145095]}, "properties": {"route": "D153", "pr": "DS", "abs": null, "label": "D153 PRDS"}}, {"type": "Feature", "geometry": {"type": "Point", "coordinates": [2.35758973, 48.43262289]}, "properties": {"route": "D449", "pr": "DS", "abs": null, "label": "D449 PRDS"}}, {"type": "Feature", "geometry": {"type": "Point", "coordinates": [2.24717334, 48.6013848]}, "properties": {"route": "N902005", "pr": "DS", "abs": null, "label": "N902005 PRDS"}}, {"type": "Feature", "geometry": {"type": "Point", "coordinates": [2.02066137, 48.57361978]}, "properties": {"route": "D27", "pr": "DS", "abs": null, "label": "D27 PRDS"}}, {"type": "Feature", "geometry": {"type": "Point", "coordinates": [2.30468642, 48.56089151]}, "properties": {"route": "D26", "pr": "DS", "abs": null, "label": "D26 PRDS"}}, {"type": "Feature", "geometry": {"type": "Point", "coordinates": [2.022726, 48.50660339]}, "properties": {"route": "D838", "pr": "DS", "abs": null, "label": "D838 PRDS"}}, {"type": "Feature", "geometry": {"type": "Point", "coordinates": [2.12280618, 48.33421329]}, "properties": {"route": "D145", "pr": "DS", "abs": null, "label": "D145 PRDS"}}, {"type": "Feature", "geometry": {"type": "Point", "coordinates": [1.99598418, 48.30938319]}, "properties": {"route": "D603", "pr": "DS", "abs": null, "label": "D603 PRDS"}}, {"type": "Feature", "geometry": {"type": "Point", "coordinates": [2.18600082, 48.43358779]}, "properties": {"route": "D721", "pr": "DS", "abs": null, "label": "D721 PRDS"}}, {"type": "Feature", "geometry": {"type": "Point", "coordinates": [2.17942388, 48.42256357]}, "properties": {"route": "D63", "pr": "DS", "abs": null, "label": "D63 PRDS"}}, {"type": "Feature", "geometry": {"type": "Point", "coordinates": [2.36608516, 48.64743795]}, "properties": {"route": "D445", "pr": "DS", "abs": null, "label": "D445 PRDS (D)"}}, {"type": "Feature", "geometry": {"type": "Point", "coordinates": [1.95553773, 48.44815137]}, "properties": {"route": "D838", "pr": "DS", "abs": null, "label": "D838 PRDS"}}, {"type": "Feature", "geometry": {"type": "Point", "coordinates": [2.12446541, 48.51421404]}, "properties": {"route": "D82", "pr": "DS", "abs": null, "label": "D82 PRDS"}}, {"type": "Feature", "geometry": {"type": "Point", "coordinates": [2.36444632, 48.57169593]}, "properties": {"route": "D31", "pr": "DS", "abs": null, "label": "D31 PRDS"}}, {"type": "Feature", "geometry": {"type": "Point", "coordinates": [2.12187375, 48.35338554]}, "properties": {"route": "D491", "pr": "DS", "abs": null, "label": "D491 PRDS"}}, {"type": "Feature", "geometry": {"type": "Point", "coordinates": [2.50242072, 48.69490785]}, "properties": {"route": "D54", "pr": "DS", "abs": null, "label": "D54 PRDS"}}, {"type": "Feature", "geometry": {"type": "Point", "coordinates": [2.22409789, 48.59501796]}, "properties": {"route": "D116D", "pr": "DS", "abs": null, "label": "D116D PRDS"}}, {"type": "Feature", "geometry": {"type": "Point", "coordinates": [2.41202751, 48.67414485]}, "properties": {"route": "D31", "pr": "DS", "abs": null, "label": "D31 PRDS"}}, {"type": "Feature", "geometry": {"type": "Point", "coordinates": [2.09902618, 48.54237305]}, "properties": {"route": "D116", "pr": "DS", "abs": null, "label": "D116 PRDS"}}, {"type": "Feature", "geometry": {"type": "Point", "coordinates": [2.41381833, 48.36943132]}, "properties": {"route": "D101", "pr": "DS", "abs": null, "label": "D101 PRDS"}}, {"type": "Feature", "geometry": {"type": "Point", "coordinates": [2.33949133, 48.53996036]}, "properties": {"route": "D17", "pr": "DS", "abs": null, "label": "D17 PRDS"}}, {"type": "Feature", "geometry": {"type": "Point", "coordinates": [2.15504276, 48.42771951]}, "properties": {"route": "D49", "pr": "DS", "abs": null, "label": "D49 PRDS"}}, {"type": "Feature", "geometry": {"type": "Point", "coordinates": [2.27188405, 48.35385456]}, "properties": {"route": "D57", "pr": "DS", "abs": null, "label": "D57 PRDS"}}, {"type": "Feature", "geometry": {"type": "Point", "coordinates": [2.38168081, 48.68434713]}, "properties": {"route": "D29", "pr": "DS", "abs": null, "label": "D29 PRDS"}}, {"type": "Feature", "geometry": {"type": "Point", "coordinates": [2.24497358, 48.72545239]}, "properties": {"route": "D444", "pr": "DS", "abs": null, "label": "D444 PRDS"}}, {"type": "Feature", "geometry": {"type": "Point", "coordinates": [2.15802696, 48.69831422]}, "properties": {"route": "D95", "pr": "DS", "abs": null, "label": "D95 PRDS"}}, {"type": "Feature", "geometry": {"type": "Point", "coordinates": [2.09148707, 48.57198303]}, "properties": {"route": "D132", "pr": "DS", "abs": null, "label": "D132 PRDS"}}, {"type": "Feature", "geometry": {"type": "Point", "coordinates": [2.26172752, 48.56513508]}, "properties": {"route": "D449", "pr": "DS", "abs": null, "label": "D449 PRDS"}}, {"type": "Feature", "geometry": {"type": "Point", "coordinates": [2.20814172, 48.53167251]}, "properties": {"route": "N902008", "pr": "DS", "abs": null, "label": "N902008 PRDS"}}, {"type": "Feature", "geometry": {"type": "Point", "coordinates": [2.35133895, 48.33236734]}, "properties": {"route": "D449", "pr": "DS", "abs": null, "label": "D449 PRDS"}}, {"type": "Feature", "geometry": {"type": "Point", "coordinates": [2.20748403, 48.5305571]}, "properties": {"route": "N902008", "pr": "DS", "abs": null, "label": "N902008 PRDS"}}, {"type": "Feature", "geometry": {"type": "Point", "coordinates": [2.12260135, 48.64096168]}, "properties": {"route": "D24", "pr": "DS", "abs": null, "label": "D24 PRDS"}}, {"type": "Feature", "geometry": {"type": "Point", "coordinates": [2.42405812, 48.47793119]}, "properties": {"route": "D153", "pr": "DS", "abs": null, "label": "D153 PRDS"}}, {"type": "Feature", "geometry": {"type": "Point", "coordinates": [2.22499137, 48.71967024]}, "properties": {"route": "D36", "pr": "DS", "abs": null, "label": "D36 PRDS"}}, {"type": "Feature", "geometry": {"type": "Point", "coordinates": [2.14798313, 48.55763592]}, "properties": {"route": "D19", "pr": "DS", "abs": null, "label": "D19 PRDS"}}, {"type": "Feature", "geometry": {"type": "Point", "coordinates": [2.19404575, 48.57826878]}, "properties": {"route": "D192", "pr": "DS", "abs": null, "label": "D192 PRDS"}}, {"type": "Feature", "geometry": {"type": "Point", "coordinates": [2.16462667, 48.35989574]}, "properties": {"route": "D145", "pr": "DS", "abs": null, "label": "D145 PRDS"}}, {"type": "Feature", "geometry": {"type": "Point", "coordinates": [2.19449046, 48.67587883]}, "properties": {"route": "D118", "pr": "DS", "abs": null, "label": "D118 PRDS (D)"}}, {"type": "Feature", "geometry": {"type": "Point", "coordinates": [2.23583153, 48.6975176]}, "properties": {"route": "D188", "pr": "DS", "abs": null, "label": "D188 PRDS"}}, {"type": "Feature", "geometry": {"type": "Point", "coordinates": [2.50610233, 48.4503257]}, "properties": {"route": "D372", "pr": "DS", "abs": null, "label": "D372 PRDS"}}, {"type": "Feature", "geometry": {"type": "Point", "coordinates": [2.3425851, 48.48747699]}, "properties": {"route": "D449", "pr": "DS", "abs": null, "label": "D449 PRDS"}}, {"type": "Feature", "geometry": {"type": "Point", "coordinates": [2.24847644, 48.72096008]}, "properties": {"route": "D36", "pr": "DS", "abs": null, "label": "D36 PRDS"}}, {"type": "Feature", "geometry": {"type": "Point", "coordinates": [2.0590353, 48.45666888]}, "properties": {"route": "D82", "pr": "DS", "abs": null, "label": "D82 PRDS"}}, {"type": "Feature", "geometry": {"type": "Point", "coordinates": [2.1566476, 48.67356356]}, "properties": {"route": "D35", "pr": "DS", "abs": null, "label": "D35 PRDS"}}, {"type": "Feature", "geometry": {"type": "Point", "coordinates": [2.29838557, 48.71529509]}, "properties": {"route": "N20", "pr": "DS", "abs": null, "label": "N20 PRDS (G)"}}, {"type": "Feature", "geometry": {"type": "Point", "coordinates": [2.44298307, 48.72091564]}, "properties": {"route": "N6", "pr": "DS", "abs": null, "label": "N6 PRDS (D)"}}, {"type": "Feature", "geometry": {"type": "Point", "coordinates": [2.3935007, 48.6689942]}, "properties": {"route": "N7", "pr": "DS", "abs": null, "label": "N7 PRDS (G)"}}, {"type": "Feature", "geometry": {"type": "Point", "coordinates": [2.0663351, 48.42677746]}, "properties": {"route": "D160", "pr": "DS", "abs": null, "label": "D160 PRDS"}}, {"type": "Feature", "geometry": {"type": "Point", "coordinates": [2.20837229, 48.60379403]}, "properties": {"route": "D116", "pr": "DS", "abs": null, "label": "D116 PRDS"}}, {"type": "Feature", "geometry": {"type": "Point", "coordinates": [2.47310751, 48.43344039]}, "properties": {"route": "D901", "pr": "DS", "abs": null, "label": "D901 PRDS"}}, {"type": "Feature", "geometry": {"type": "Point", "coordinates": [2.35122896, 48.4806855]}, "properties": {"route": "D83", "pr": "DS", "abs": null, "label": "D83 PRDS"}}, {"type": "Feature", "geometry": {"type": "Point", "coordinates": [2.44234113, 48.71929003]}, "properties": {"route": "D50", "pr": "DS", "abs": null, "label": "D50 PRDS"}}, {"type": "Feature", "geometry": {"type": "Point", "coordinates": [2.3069191, 48.58769832]}, "properties": {"route": "D19", "pr": "DS", "abs": null, "label": "D19 PRDS (G)"}}, {"type": "Feature", "geometry": {"type": "Point", "coordinates": [2.48091504, 48.56781362]}, "properties": {"route": "D948", "pr": "DS", "abs": null, "label": "D948 PRDS"}}, {"type": "Feature", "geometry": {"type": "Point", "coordinates": [2.20758447, 48.59158797]}, "properties": {"route": "D152", "pr": "DS", "abs": null, "label": "D152 PRDS"}}, {"type": "Feature", "geometry": {"type": "Point", "coordinates": [1.97481667, 48.34723296]}, "properties": {"route": "D18", "pr": "DS", "abs": null, "label": "D18 PRDS"}}, {"type": "Feature", "geometry": {"type": "Point", "coordinates": [2.06393763, 48.59369082]}, "properties": {"route": "D838", "pr": "DS", "abs": null, "label": "D838 PRDS"}}, {"type": "Feature", "geometry": {"type": "Point", "coordinates": [2.50201203, 48.59389903]}, "properties": {"route": "D934", "pr": "DS", "abs": null, "label": "D934 PRDS"}}, {"type": "Feature", "geometry": {"type": "Point", "coordinates": [2.42242305, 48.64461923]}, "properties": {"route": "N7", "pr": "DS", "abs": null, "label": "N7 PRDS (G)"}}, {"type": "Feature", "geometry": {"type": "Point", "coordinates": [2.19421797, 48.67628626]}, "properties": {"route": "D118", "pr": "DS", "abs": null, "label": "D118 PRDS (G)"}}, {"type": "Feature", "geometry": {"type": "Point", "coordinates": [2.22900124, 48.38323189]}, "properties": {"route": "D145", "pr": "DS", "abs": null, "label": "D145 PRDS"}}, {"type": "Feature", "geometry": {"type": "Point", "coordinates": [2.5184467, 48.66096708]}, "properties": {"route": "D33", "pr": "DS", "abs": null, "label": "D33 PRDS"}}, {"type": "Feature", "geometry": {"type": "Point", "coordinates": [2.50155195, 48.64167443]}, "properties": {"route": "D331", "pr": "DS", "abs": null, "label": "D331 PRDS"}}, {"type": "Feature", "geometry": {"type": "Point", "coordinates": [2.394586, 48.5247842]}, "properties": {"route": "D74", "pr": "DS", "abs": null, "label": "D74 PRDS"}}, {"type": "Feature", "geometry": {"type": "Point", "coordinates": [2.20164551, 48.43521905]}, "properties": {"route": "D191", "pr": "DS", "abs": null, "label": "D191 PRDS"}}, {"type": "Feature", "geometry": {"type": "Point", "coordinates": [1.99707754, 48.31621199]}, "properties": {"route": "D6", "pr": "DS", "abs": null, "label": "D6 PRDS"}}, {"type": "Feature", "geometry": {"type": "Point", "coordinates": [2.28821646, 48.51844994]}, "properties": {"route": "D99", "pr": "DS", "abs": null, "label": "D99 PRDS"}}, {"type": "Feature", "geometry": {"type": "Point", "coordinates": [2.17009445, 48.43634401]}, "properties": {"route": "N902012", "pr": "DS", "abs": null, "label": "N902012 PRDS"}}, {"type": "Feature", "geometry": {"type": "Point", "coordinates": [2.16908933, 48.434839]}, "properties": {"route": "N902012", "pr": "DS", "abs": null, "label": "N902012 PRDS"}}, {"type": "Feature", "geometry": {"type": "Point", "coordinates": [2.48985445, 48.52097525]}, "properties": {"route": "D141", "pr": "DS", "abs": null, "label": "D141 PRDS"}}, {"type": "Feature", "geometry": {"type": "Point", "coordinates": [2.35784618, 48.43276733]}, "properties": {"route": "D153", "pr": "DS", "abs": null, "label": "D153 PRDS"}}, {"type": "Feature", "geometry": {"type": "Point", "coordinates": [2.37672467, 48.43595205]}, "properties": {"route": "D153", "pr": "DS", "abs": null, "label": "D153 PRDS"}}, {"type": "Feature", "geometry": {"type": "Point", "coordinates": [2.35322747, 48.56108887]}, "properties": {"route": "D26", "pr": "DS", "abs": null, "label": "D26 PRDS (D)"}}, {"type": "Feature", "geometry": {"type": "Point", "coordinates": [2.23736546, 48.73598979]}, "properties": {"route": "D60", "pr": "DS", "abs": null, "label": "D60 PRDS"}}, {"type": "Feature", "geometry": {"type": "Point", "coordinates": [2.28347576, 48.42524396]}, "properties": {"route": "D145", "pr": "DS", "abs": null, "label": "D145 PRDS"}}, {"type": "Feature", "geometry": {"type": "Point", "coordinates": [2.2760399, 48.66041946]}, "properties": {"route": "D35", "pr": "DS", "abs": null, "label": "D35 PRDS"}}, {"type": "Feature", "geometry": {"type": "Point", "coordinates": [2.15497221, 48.53138654]}, "properties": {"route": "D132", "pr": "DS", "abs": null, "label": "D132 PRDS"}}, {"type": "Feature", "geometry": {"type": "Point", "coordinates": [2.25527779, 48.70368243]}, "properties": {"route": "D118E", "pr": "DS", "abs": null, "label": "D118E PRDS"}}, {"type": "Feature", "geometry": {"type": "Point", "coordinates": [2.51335672, 48.69594418]}, "properties": {"route": "D94", "pr": "DS", "abs": null, "label": "D94 PRDS"}}, {"type": "Feature", "geometry": {"type": "Point", "coordinates": [2.37129262, 48.71305889]}, "properties": {"route": "N7", "pr": "DS", "abs": null, "label": "N7 PRDS (G)"}}, {"type": "Feature", "geometry": {"type": "Point", "coordinates": [2.45448271, 48.52763351]}, "properties": {"route": "D75", "pr": "DS", "abs": null, "label": "D75 PRDS"}}, {"type": "Feature", "geometry": {"type": "Point", "coordinates": [2.17861342, 48.72891514]}, "properties": {"route": "D60", "pr": "DS", "abs": null, "label": "D60 PRDS"}}, {"type": "Feature", "geometry": {"type": "Point", "coordinates": [2.19457932, 48.67257912]}, "properties": {"route": "D446", "pr": "DS", "abs": null, "label": "D446 PRDS"}}, {"type": "Feature", "geometry": {"type": "Point", "coordinates": [2.30032793, 48.73011614]}, "properties": {"route": "D188", "pr": "DS", "abs": null, "label": "D188 PRDS (G)"}}, {"type": "Feature", "geometry": {"type": "Point", "coordinates": [2.25910206, 48.57386809]}, "properties": {"route": "D19", "pr": "DS", "abs": null, "label": "D19 PRDS (D)"}}, {"type": "Feature", "geometry": {"type": "Point", "coordinates": [2.17653952, 48.45844]}, "properties": {"route": "D207", "pr": "DS", "abs": null, "label": "D207 PRDS"}}, {"type": "Feature", "geometry": {"type": "Point", "coordinates": [2.29730138, 48.63369154]}, "properties": {"route": "D133", "pr": "DS", "abs": null, "label": "D133 PRDS (G)"}}, {"type": "Feature", "geometry": {"type": "Point", "coordinates": [2.02229706, 48.65872145]}, "properties": {"route": "D24", "pr": "DS", "abs": null, "label": "D24 PRDS"}}, {"type": "Feature", "geometry": {"type": "Point", "coordinates": [2.00256543, 48.45117672]}, "properties": {"route": "D113", "pr": "DS", "abs": null, "label": "D113 PRDS"}}, {"type": "Feature", "geometry": {"type": "Point", "coordinates": [2.20864379, 48.53367749]}, "properties": {"route": "D99", "pr": "DS", "abs": null, "label": "D99 PRDS"}}, {"type": "Feature", "geometry": {"type": "Point", "coordinates": [2.15543538, 48.73095978]}, "properties": {"route": "D36", "pr": "DS", "abs": null, "label": "D36 PRDS"}}, {"type": "Feature", "geometry": {"type": "Point", "coordinates": [2.26608693, 48.73223021]}, "properties": {"route": "D120", "pr": "DS", "abs": null, "label": "D120 PRDS"}}, {"type": "Feature", "geometry": {"type": "Point", "coordinates": [2.42211896, 48.64449992]}, "properties": {"route": "N7", "pr": "DS", "abs": null, "label": "N7 PRDS (D)"}}, {"type": "Feature", "geometry": {"type": "Point", "coordinates": [2.37108338, 48.71305329]}, "properties": {"route": "N7", "pr": "DS", "abs": null, "label": "N7 PRDS (D)"}}, {"type": "Feature", "geometry": {"type": "Point", "coordinates": [2.15910727, 48.59974014]}, "properties": {"route": "D152", "pr": "DS", "abs": null, "label": "D152 PRDS"}}, {"type": "Feature", "geometry": {"type": "Point", "coordinates": [2.17688695, 48.34858364]}, "properties": {"route": "D12", "pr": "DS", "abs": null, "label": "D12 PRDS"}}, {"type": "Feature", "geometry": {"type": "Point", "coordinates": [2.06177397, 48.63771049]}, "properties": {"route": "D838", "pr": "DS", "abs": null, "label": "D838 PRDS"}}, {"type": "Feature", "geometry": {"type": "Point", "coordinates": [2.21520277, 48.75494424]}, "properties": {"route": "D533", "pr": "DS", "abs": null, "label": "D533 PRDS"}}, {"type": "Feature", "geometry": {"type": "Point", "coordinates": [2.0918546, 48.64166143]}, "properties": {"route": "D152", "pr": "DS", "abs": null, "label": "D152 PRDS"}}, {"type": "Feature", "geometry": {"type": "Point", "coordinates": [2.28451078, 48.47134364]}, "properties": {"route": "D56", "pr": "DS", "abs": null, "label": "D56 PRDS"}}, {"type": "Feature", "geometry": {"type": "Point", "coordinates": [2.25894529, 48.57421795]}, "properties": {"route": "D19", "pr": "DS", "abs": null, "label": "D19 PRDS (G)"}}, {"type": "Feature", "geometry": {"type": "Point", "coordinates": [2.17659464, 48.43283823]}, "properties": {"route": "D17", "pr": "DS", "abs": null, "label": "D17 PRDS"}}, {"type": "Feature", "geometry": {"type": "Point", "coordinates": [2.38029643, 48.37086135]}, "properties": {"route": "D1", "pr": "DS", "abs": null, "label": "D1 PRDS"}}, {"type": "Feature", "geometry": {"type": "Point", "coordinates": [2.06269902, 48.67116275]}, "properties": {"route": "D41", "pr": "DS", "abs": null, "label": "D41 PRDS"}}, {"type": "Feature", "geometry": {"type": "Point", "coordinates": [2.07389601, 48.43098975]}, "properties": {"route": "D821", "pr": "DS", "abs": null, "label": "D821 PRDS"}}, {"type": "Feature", "geometry": {"type": "Point", "coordinates": [2.00050534, 48.52922831]}, "properties": {"route": "D836", "pr": "DS", "abs": null, "label": "D836 PRDS"}}, {"type": "Feature", "geometry": {"type": "Point", "coordinates": [2.19535104, 48.64563825]}, "properties": {"route": "D24", "pr": "DS", "abs": null, "label": "D24 PRDS"}}, {"type": "Feature", "geometry": {"type": "Point", "coordinates": [2.3016734, 48.57718859]}, "properties": {"route": "D8", "pr": "DS", "abs": null, "label": "D8 PRDS"}}, {"type": "Feature", "geometry": {"type": "Point", "coordinates": [2.26869166, 48.70944022]}, "properties": {"route": "D59", "pr": "DS", "abs": null, "label": "D59 PRDS"}}, {"type": "Feature", "geometry": {"type": "Point", "coordinates": [2.09602335, 48.31694503]}, "properties": {"route": "D145", "pr": "DS", "abs": null, "label": "D145 PRDS"}}, {"type": "Feature", "geometry": {"type": "Point", "coordinates": [2.12925898, 48.66944026]}, "properties": {"route": "D40", "pr": "DS", "abs": null, "label": "D40 PRDS"}}, {"type": "Feature", "geometry": {"type": "Point", "coordinates": [2.19404575, 48.57826878]}, "properties": {"route": "D82", "pr": "DS", "abs": null, "label": "D82 PRDS"}}, {"type": "Feature", "geometry": {"type": "Point", "coordinates": [2.28541885, 48.43205815]}, "properties": {"route": "D153", "pr": "DS", "abs": null, "label": "D153 PRDS"}}, {"type": "Feature", "geometry": {"type": "Point", "coordinates": [2.23890742, 48.3740648]}, "properties": {"route": "D143", "pr": "DS", "abs": null, "label": "D143 PRDS"}}, {"type": "Feature", "geometry": {"type": "Point", "coordinates": [2.18457242, 48.69661691]}, "properties": {"route": "D988", "pr": "DS", "abs": null, "label": "D988 PRDS"}}, {"type": "Feature", "geometry": {"type": "Point", "coordinates": [2.36636716, 48.74610562]}, "properties": {"route": "N7", "pr": "DS", "abs": null, "label": "N7 PRDS (D)"}}, {"type": "Feature", "geometry": {"type": "Point", "coordinates": [2.3397695, 48.65858752]}, "properties": {"route": "D77", "pr": "DS", "abs": null, "label": "D77 PRDS"}}, {"type": "Feature", "geometry": {"type": "Point", "coordinates": [2.46970296, 48.6989557]}, "properties": {"route": "D52", "pr": "DS", "abs": null, "label": "D52 PRDS"}}, {"type": "Feature", "geometry": {"type": "Point", "coordinates": [2.35399543, 48.48888454]}, "properties": {"route": "D191", "pr": "DS", "abs": null, "label": "D191 PRDS"}}, {"type": "Feature", "geometry": {"type": "Point", "coordinates": [2.36548859, 48.49423719]}, "properties": {"route": "D87", "pr": "DS", "abs": null, "label": "D87 PRDS"}}, {"type": "Feature", "geometry": {"type": "Point", "coordinates": [2.1269545, 48.61548952]}, "properties": {"route": "D131", "pr": "DS", "abs": null, "label": "D131 PRDS"}}, {"type": "Feature", "geometry": {"type": "Point", "coordinates": [2.3250011, 48.34328869]}, "properties": {"route": "D1", "pr": "DS", "abs": null, "label": "D1 PRDS"}}, {"type": "Feature", "geometry": {"type": "Point", "coordinates": [2.01865222, 48.50261672]}, "properties": {"route": "D113", "pr": "DS", "abs": null, "label": "D113 PRDS"}}, {"type": "Feature", "geometry": {"type": "Point", "coordinates": [2.13944155, 48.57759945]}, "properties": {"route": "D3", "pr": "DS", "abs": null, "label": "D3 PRDS"}}, {"type": "Feature", "geometry": {"type": "Point", "coordinates": [2.32297653, 48.72709146]}, "properties": {"route": "D167A", "pr": "DS", "abs": null, "label": "D167A PRDS"}}, {"type": "Feature", "geometry": {"type": "Point", "coordinates": [2.00277052, 48.52414545]}, "properties": {"route": "D5", "pr": "DS", "abs": null, "label": "D5 PRDS"}}, {"type": "Feature", "geometry": {"type": "Point", "coordinates": [2.04970289, 48.60830421]}, "properties": {"route": "D132", "pr": "DS", "abs": null, "label": "D132 PRDS"}}, {"type": "Feature", "geometry": {"type": "Point", "coordinates": [2.19203904, 48.47999351]}, "properties": {"route": "D146", "pr": "DS", "abs": null, "label": "D146 PRDS"}}, {"type": "Feature", "geometry": {"type": "Point", "coordinates": [2.10677082, 48.44690634]}, "properties": {"route": "D201", "pr": "DS", "abs": null, "label": "D201 PRDS"}}, {"type": "Feature", "geometry": {"type": "Point", "coordinates": [2.30751237, 48.5876433]}, "properties": {"route": "D19", "pr": "DS", "abs": null, "label": "D19 PRDS (D)"}}, {"type": "Feature", "geometry": {"type": "Point", "coordinates": [2.09221745, 48.64437542]}, "properties": {"route": "D24", "pr": "DS", "abs": null, "label": "D24 PRDS"}}, {"type": "Feature", "geometry": {"type": "Point", "coordinates": [2.1233637, 48.55340159]}, "properties": {"route": "D132", "pr": "DS", "abs": null, "label": "D132 PRDS"}}, {"type": "Feature", "geometry": {"type": "Point", "coordinates": [2.44847429, 48.64744838]}, "properties": {"route": "D448", "pr": "DS", "abs": null, "label": "D448 PRDS"}}, {"type": "Feature", "geometry": {"type": "Point", "coordinates": [2.28715928, 48.7052471]}, "properties": {"route": "N20", "pr": "DS", "abs": null, "label": "N20 PRDS (D)"}}, {"type": "Feature", "geometry": {"type": "Point", "coordinates": [2.45073264, 48.40087429]}, "properties": {"route": "D1", "pr": "DS", "abs": null, "label": "D1 PRDS"}}, {"type": "Feature", "geometry": {"type": "Point", "coordinates": [2.43384784, 48.63098525]}, "properties": {"route": "D91", "pr": "DS", "abs": null, "label": "D91 PRDS (D)"}}, {"type": "Feature", "geometry": {"type": "Point", "coordinates": [2.25212925, 48.71706134]}, "properties": {"route": "D988", "pr": "DS", "abs": null, "label": "D988 PRDS"}}, {"type": "Feature", "geometry": {"type": "Point", "coordinates": [2.03123484, 48.6678573]}, "properties": {"route": "D40", "pr": "DS", "abs": null, "label": "D40 PRDS"}}, {"type": "Feature", "geometry": {"type": "Point", "coordinates": [2.16244717, 48.72927051]}, "properties": {"route": "D306", "pr": "DS", "abs": null, "label": "D306 PRDS"}}, {"type": "Feature", "geometry": {"type": "Point", "coordinates": [2.45689537, 48.62174833]}, "properties": {"route": "D91", "pr": "DS", "abs": null, "label": "D91 PRDS"}}, {"type": "Feature", "geometry": {"type": "Point", "coordinates": [2.06871517, 48.67301795]}, "properties": {"route": "D40", "pr": "DS", "abs": null, "label": "D40 PRDS"}}, {"type": "Feature", "geometry": {"type": "Point", "coordinates": [2.1939316, 48.59467628]}, "properties": {"route": "D152", "pr": "DS", "abs": null, "label": "D152 PRDS"}}, {"type": "Feature", "geometry": {"type": "Point", "coordinates": [2.29697288, 48.52841846]}, "properties": {"route": "D17", "pr": "DS", "abs": null, "label": "D17 PRDS"}}, {"type": "Feature", "geometry": {"type": "Point", "coordinates": [2.27691013, 48.72299764]}, "properties": {"route": "D918802", "pr": "DS", "abs": null, "label": "D918802 PRDS"}}, {"type": "Feature", "geometry": {"type": "Point", "coordinates": [2.06794261, 48.42638613]}, "properties": {"route": "D82", "pr": "DS", "abs": null, "label": "D82 PRDS"}}, {"type": "Feature", "geometry": {"type": "Point", "coordinates": [2.43213274, 48.57092817]}, "properties": {"route": "D153", "pr": "DS", "abs": null, "label": "D153 PRDS"}}, {"type": "Feature", "geometry": {"type": "Point", "coordinates": [2.27162123, 48.35801869]}, "properties": {"route": "D12", "pr": "DS", "abs": null, "label": "D12 PRDS"}}, {"type": "Feature", "geometry": {"type": "Point", "coordinates": [2.13138086, 48.41753497]}, "properties": {"route": "D21", "pr": "DS", "abs": null, "label": "D21 PRDS"}}, {"type": "Feature", "geometry": {"type": "Point", "coordinates": [2.04599793, 48.53118365]}, "properties": {"route": "D148", "pr": "DS", "abs": null, "label": "D148 PRDS"}}, {"type": "Feature", "geometry": {"type": "Point", "coordinates": [2.43402599, 48.63082508]}, "properties": {"route": "D91", "pr": "DS", "abs": null, "label": "D91 PRDS (G)"}}, {"type": "Feature", "geometry": {"type": "Point", "coordinates": [2.28173563, 48.64422932]}, "properties": {"route": "D25", "pr": "DS", "abs": null, "label": "D25 PRDS"}}, {"type": "Feature", "geometry": {"type": "Point", "coordinates": [2.224865, 48.67266204]}, "properties": {"route": "D59", "pr": "DS", "abs": null, "label": "D59 PRDS"}}, {"type": "Feature", "geometry": {"type": "Point", "coordinates": [2.39452634, 48.63846659]}, "properties": {"route": "D31", "pr": "DS", "abs": null, "label": "D31 PRDS"}}, {"type": "Feature", "geometry": {"type": "Point", "coordinates": [2.4856859, 48.56561962]}, "properties": {"route": "N7", "pr": "DS", "abs": null, "label": "N7 PRDS (G)"}}, {"type": "Feature", "geometry": {"type": "Point", "coordinates": [2.23735027, 48.57330605]}, "properties": {"route": "D19", "pr": "DS", "abs": null, "label": "D19 PRDS (D)"}}, {"type": "Feature", "geometry": {"type": "Point", "coordinates": [1.99698278, 48.31651261]}, "properties": {"route": "N902019", "pr": "DS", "abs": null, "label": "N902019 PRDS"}}, {"type": "Feature", "geometry": {"type": "Point", "coordinates": [2.4856859, 48.56561962]}, "properties": {"route": "N7", "pr": "DS", "abs": null, "label": "N7 PRDS (D)"}}, {"type": "Feature", "geometry": {"type": "Point", "coordinates": [2.19360833, 48.58757466]}, "properties": {"route": "D116D", "pr": "DS", "abs": null, "label": "D116D PRDS (G)"}}, {"type": "Feature", "geometry": {"type": "Point", "coordinates": [2.48747408, 48.71676258]}, "properties": {"route": "D31", "pr": "DS", "abs": null, "label": "D31 PRDS"}}, {"type": "Feature", "geometry": {"type": "Point", "coordinates": [2.30890064, 48.67049559]}, "properties": {"route": "D186", "pr": "4", "abs": 3074, "label": "D186 PR4+3074 (D)"}}, {"type": "Feature", "geometry": {"type": "Point", "coordinates": [2.37304681, 48.65985831]}, "properties": {"route": "D445", "pr": "2", "abs": 1972, "label": "D445 PR2+1972"}}, {"type": "Feature", "geometry": {"type": "Point", "coordinates": [2.40295481, 48.66095185]}, "properties": {"route": "N7", "pr": "11", "abs": 8495, "label": "N7 PR11+8495 (D)"}}, {"type": "Feature", "geometry": {"type": "Point", "coordinates": [2.38683228, 48.67459361]}, "properties": {"route": "N7", "pr": "9", "abs": 6556, "label": "N7 PR9+6556 (D)"}}, {"type": "Feature", "geometry": {"type": "Point", "coordinates": [2.42851907, 48.6399028]}, "properties": {"route": "N7", "pr": "14", "abs": 11524, "label": "N7 PR14+11524 (D)"}}, {"type": "Feature", "geometry": {"type": "Point", "coordinates": [2.43722862, 48.63271755]}, "properties": {"route": "N7", "pr": "15", "abs": 12541, "label": "N7 PR15+12541 (D)"}}, {"type": "Feature", "geometry": {"type": "Point", "coordinates": [2.45300659, 48.61864966]}, "properties": {"route": "N7", "pr": "17", "abs": 14517, "label": "N7 PR17+14517 (D)"}}, {"type": "Feature", "geometry": {"type": "Point", "coordinates": [2.36405542, 48.74328618]}, "properties": {"route": "N7", "pr": "1", "abs": 379, "label": "N7 PR1+379 (D)"}}, {"type": "Feature", "geometry": {"type": "Point", "coordinates": [2.37136188, 48.70786664]}, "properties": {"route": "N7", "pr": "5", "abs": 2469, "label": "N7 PR5+2469 (D)"}}, {"type": "Feature", "geometry": {"type": "Point", "coordinates": [2.48992682, 48.56366603]}, "properties": {"route": "N7", "pr": "24", "abs": 21601, "label": "N7 PR24+21601 (D)"}}, {"type": "Feature", "geometry": {"type": "Point", "coordinates": [2.3784234, 48.6817091]}, "properties": {"route": "N7", "pr": "8", "abs": 5559, "label": "N7 PR8+5559 (D)"}}, {"type": "Feature", "geometry": {"type": "Point", "coordinates": [2.41126291, 48.65387272]}, "properties": {"route": "N7", "pr": "12", "abs": 9493, "label": "N7 PR12+9493 (D)"}}, {"type": "Feature", "geometry": {"type": "Point", "coordinates": [2.37070675, 48.68992768]}, "properties": {"route": "N7", "pr": "7", "abs": 4465, "label": "N7 PR7+4465 (D)"}}, {"type": "Feature", "geometry": {"type": "Point", "coordinates": [2.21069338, 48.68601936]}, "properties": {"route": "D118", "pr": "2", "abs": 1718, "label": "D118 PR2+1718 (D)"}}, {"type": "Feature", "geometry": {"type": "Point", "coordinates": [2.42964005, 48.58898116]}, "properties": {"route": "D26", "pr": "21", "abs": 17412, "label": "D26 PR21+17412 (D)"}}, {"type": "Feature", "geometry": {"type": "Point", "coordinates": [2.43627953, 48.59937287]}, "properties": {"route": "D26", "pr": "22", "abs": 18909, "label": "D26 PR22+18909 (D)"}}, {"type": "Feature", "geometry": {"type": "Point", "coordinates": [2.51249343, 48.66496719]}, "properties": {"route": "N6", "pr": "9", "abs": 9247, "label": "N6 PR9+9247 (D)"}}, {"type": "Feature", "geometry": {"type": "Point", "coordinates": [2.45722839, 48.69038971]}, "properties": {"route": "N6", "pr": "4", "abs": 3933, "label": "N6 PR4+3933 (D)"}}, {"type": "Feature", "geometry": {"type": "Point", "coordinates": [2.52089882, 48.65801224]}, "properties": {"route": "N6", "pr": "10", "abs": 10249, "label": "N6 PR10+10249 (D)"}}, {"type": "Feature", "geometry": {"type": "Point", "coordinates": [2.49539405, 48.67894957]}, "properties": {"route": "N6", "pr": "7", "abs": 7240, "label": "N6 PR7+7240 (D)"}}, {"type": "Feature", "geometry": {"type": "Point", "coordinates": [2.47073214, 48.68964087]}, "properties": {"route": "N6", "pr": "5", "abs": 4933, "label": "N6 PR5+4933 (D)"}}, {"type": "Feature", "geometry": {"type": "Point", "coordinates": [2.44645449, 48.69529628]}, "properties": {"route": "N6", "pr": "3", "abs": 2936, "label": "N6 PR3+2936 (D)"}}, {"type": "Feature", "geometry": {"type": "Point", "coordinates": [2.48381004, 48.6878138]}, "properties": {"route": "N6", "pr": "6", "abs": 5932, "label": "N6 PR6+5932 (D)"}}, {"type": "Feature", "geometry": {"type": "Point", "coordinates": [2.44209798, 48.71252679]}, "properties": {"route": "N6", "pr": "1", "abs": 940, "label": "N6 PR1+940 (D)"}}, {"type": "Feature", "geometry": {"type": "Point", "coordinates": [2.44364499, 48.70394687]}, "properties": {"route": "N6", "pr": "2", "abs": 1931, "label": "N6 PR2+1931 (D)"}}, {"type": "Feature", "geometry": {"type": "Point", "coordinates": [2.50397139, 48.67195612]}, "properties": {"route": "N6", "pr": "8", "abs": 8240, "label": "N6 PR8+8240 (D)"}}, {"type": "Feature", "geometry": {"type": "Point", "coordinates": [2.28889182, 48.72753277]}, "properties": {"route": "D188", "pr": "1", "abs": 900, "label": "D188 PR1+900 (D)"}}, {"type": "Feature", "geometry": {"type": "Point", "coordinates": [2.27722589, 48.72316776]}, "properties": {"route": "D188", "pr": "2", "abs": 1892, "label": "D188 PR2+1892 (D)"}}, {"type": "Feature", "geometry": {"type": "Point", "coordinates": [2.33922312, 48.53985092]}, "properties": {"route": "D8", "pr": "7", "abs": 6954, "label": "D8 PR7+6954 (D)"}}, {"type": "Feature", "geometry": {"type": "Point", "coordinates": [2.22267833, 48.74429779]}, "properties": {"route": "D444", "pr": "3", "abs": 3124, "label": "D444 PR3+3124 (D)"}}, {"type": "Feature", "geometry": {"type": "Point", "coordinates": [2.43365275, 48.63083051]}, "properties": {"route": "D91", "pr": "3", "abs": 3058, "label": "D91 PR3+3058 (D)"}}, {"type": "Feature", "geometry": {"type": "Point", "coordinates": [2.42094909, 48.63147915]}, "properties": {"route": "D91", "pr": "4", "abs": 3988, "label": "D91 PR4+3988 (D)"}}, {"type": "Feature", "geometry": {"type": "Point", "coordinates": [2.44011978, 48.6259407]}, "properties": {"route": "D93", "pr": "2", "abs": 1478, "label": "D93 PR2+1478 (D)"}}, {"type": "Feature", "geometry": {"type": "Point", "coordinates": [2.41684814, 48.62245851]}, "properties": {"route": "D93", "pr": "4", "abs": 3494, "label": "D93 PR4+3494 (D)"}}, {"type": "Feature", "geometry": {"type": "Point", "coordinates": [2.49823513, 48.69654804]}, "properties": {"route": "D94", "pr": "4", "abs": 4611, "label": "D94 PR4+4611 (D)"}}, {"type": "Feature", "geometry": {"type": "Point", "coordinates": [2.49142961, 48.62863371]}, "properties": {"route": "D33", "pr": "1", "abs": 967, "label": "D33 PR1+967 (D)"}}, {"type": "Feature", "geometry": {"type": "Point", "coordinates": [2.215859, 48.68552723]}, "properties": {"route": "D118", "pr": "3", "abs": 2107, "label": "D118 PR3+2107 (D)"}}, {"type": "Feature", "geometry": {"type": "Point", "coordinates": [2.16764702, 48.67445222]}, "properties": {"route": "D35", "pr": "3", "abs": 3071, "label": "D35 PR3+3071"}}, {"type": "Feature", "geometry": {"type": "Point", "coordinates": [2.18122259, 48.67469734]}, "properties": {"route": "D35", "pr": "4", "abs": 4099, "label": "D35 PR4+4099"}}, {"type": "Feature", "geometry": {"type": "Point", "coordinates": [2.36975771, 48.65201166]}, "properties": {"route": "D445", "pr": "3", "abs": 3011, "label": "D445 PR3+3011 (D)"}}, {"type": "Feature", "geometry": {"type": "Point", "coordinates": [2.44846166, 48.7232059]}, "properties": {"route": "D32", "pr": "1", "abs": 909, "label": "D32 PR1+909"}}, {"type": "Feature", "geometry": {"type": "Point", "coordinates": [2.45466489, 48.52782776]}, "properties": {"route": "D74", "pr": "8", "abs": 7929, "label": "D74 PR8+7929 (D)"}}, {"type": "Feature", "geometry": {"type": "Point", "coordinates": [2.23899447, 48.5912352]}, "properties": {"route": "N20", "pr": "17", "abs": 17056, "label": "N20 PR17+17056 (D)"}}, {"type": "Feature", "geometry": {"type": "Point", "coordinates": [2.27525853, 48.6584061]}, "properties": {"route": "N20", "pr": "9", "abs": 9078, "label": "N20 PR9+9078 (D)"}}, {"type": "Feature", "geometry": {"type": "Point", "coordinates": [2.26420412, 48.63191213]}, "properties": {"route": "N20", "pr": "12", "abs": 12148, "label": "N20 PR12+12148 (D)"}}, {"type": "Feature", "geometry": {"type": "Point", "coordinates": [2.14128609, 48.42410113]}, "properties": {"route": "N20", "pr": "38", "abs": 38120, "label": "N20 PR38+38120 (D)"}}, {"type": "Feature", "geometry": {"type": "Point", "coordinates": [2.25611857, 48.61586986]}, "properties": {"route": "N20", "pr": "14", "abs": 14036, "label": "N20 PR14+14036 (D)"}}, {"type": "Feature", "geometry": {"type": "Point", "coordinates": [2.12691898, 48.41023078]}, "properties": {"route": "N20", "pr": "40", "abs": 40075, "label": "N20 PR40+40075 (D)"}}, {"type": "Feature", "geometry": {"type": "Point", "coordinates": [2.1974781, 48.4904852]}, "properties": {"route": "N20", "pr": "29", "abs": 28966, "label": "N20 PR29+28966 (D)"}}, {"type": "Feature", "geometry": {"type": "Point", "coordinates": [2.13160303, 48.4178317]}, "properties": {"route": "N20", "pr": "39", "abs": 39156, "label": "N20 PR39+39156 (D)"}}, {"type": "Feature", "geometry": {"type": "Point", "coordinates": [2.05688929, 48.35615214]}, "properties": {"route": "N20", "pr": "48", "abs": 48145, "label": "N20 PR48+48145 (D)"}}, {"type": "Feature", "geometry": {"type": "Point", "coordinates": [2.23540248, 48.57459435]}, "properties": {"route": "N20", "pr": "19", "abs": 19044, "label": "N20 PR19+19044 (D)"}}, {"type": "Feature", "geometry": {"type": "Point", "coordinates": [2.11315497, 48.39389238]}, "properties": {"route": "N20", "pr": "42", "abs": 42179, "label": "N20 PR42+42179 (D)"}}, {"type": "Feature", "geometry": {"type": "Point", "coordinates": [2.25086202, 48.60748548]}, "properties": {"route": "N20", "pr": "15", "abs": 15044, "label": "N20 PR15+15044 (D)"}}, {"type": "Feature", "geometry": {"type": "Point", "coordinates": [2.20598292, 48.52485431]}, "properties": {"route": "N20", "pr": "25", "abs": 25045, "label": "N20 PR25+25045 (D)"}}, {"type": "Feature", "geometry": {"type": "Point", "coordinates": [2.0657147, 48.36328061]}, "properties": {"route": "N20", "pr": "47", "abs": 47060, "label": "N20 PR47+47060 (D)"}}, {"type": "Feature", "geometry": {"type": "Point", "coordinates": [2.2082972, 48.53366529]}, "properties": {"route": "N20", "pr": "24", "abs": 24045, "label": "N20 PR24+24045 (D)"}}, {"type": "Feature", "geometry": {"type": "Point", "coordinates": [2.09265312, 48.38281814]}, "properties": {"route": "N20", "pr": "44", "abs": 44137, "label": "N20 PR44+44137 (D)"}}, {"type": "Feature", "geometry": {"type": "Point", "coordinates": [2.04491431, 48.35148273]}, "properties": {"route": "N20", "pr": "49", "abs": 49166, "label": "N20 PR49+49166 (D)"}}, {"type": "Feature", "geometry": {"type": "Point", "coordinates": [2.16602139, 48.43195647]}, "properties": {"route": "N20", "pr": "36", "abs": 36052, "label": "N20 PR36+36052 (D)"}}, {"type": "Feature", "geometry": {"type": "Point", "coordinates": [2.27185872, 48.64962228]}, "properties": {"route": "N20", "pr": "10", "abs": 10078, "label": "N20 PR10+10078 (D)"}}, {"type": "Feature", "geometry": {"type": "Point", "coordinates": [2.28181884, 48.67535204]}, "properties": {"route": "N20", "pr": "7", "abs": 7125, "label": "N20 PR7+7125 (D)"}}, {"type": "Feature", "geometry": {"type": "Point", "coordinates": [1.99270431, 48.31112072]}, "properties": {"route": "N20", "pr": "55", "abs": 55392, "label": "N20 PR55+55392 (D)"}}, {"type": "Feature", "geometry": {"type": "Point", "coordinates": [2.00028221, 48.31872971]}, "properties": {"route": "N20", "pr": "54", "abs": 54305, "label": "N20 PR54+54305 (D)"}}, {"type": "Feature", "geometry": {"type": "Point", "coordinates": [2.27865565, 48.66717265]}, "properties": {"route": "N20", "pr": "8", "abs": 8062, "label": "N20 PR8+8062 (D)"}}, {"type": "Feature", "geometry": {"type": "Point", "coordinates": [2.26061398, 48.6231185]}, "properties": {"route": "N20", "pr": "13", "abs": 13165, "label": "N20 PR13+13165 (D)"}}, {"type": "Feature", "geometry": {"type": "Point", "coordinates": [2.28578742, 48.69385776]}, "properties": {"route": "N20", "pr": "5", "abs": 5026, "label": "N20 PR5+5026 (D)"}}, {"type": "Feature", "geometry": {"type": "Point", "coordinates": [2.12070677, 48.40157734]}, "properties": {"route": "N20", "pr": "41", "abs": 41145, "label": "N20 PR41+41145 (D)"}}, {"type": "Feature", "geometry": {"type": "Point", "coordinates": [1.99184949, 48.30130566]}, "properties": {"route": "N20", "pr": "56", "abs": 56487, "label": "N20 PR56+56487 (D)"}}, {"type": "Feature", "geometry": {"type": "Point", "coordinates": [2.17309523, 48.43983054]}, "properties": {"route": "N20", "pr": "35", "abs": 35018, "label": "N20 PR35+35018 (D)"}}, {"type": "Feature", "geometry": {"type": "Point", "coordinates": [2.07429334, 48.36921968]}, "properties": {"route": "N20", "pr": "46", "abs": 46184, "label": "N20 PR46+46184 (D)"}}, {"type": "Feature", "geometry": {"type": "Point", "coordinates": [2.30002138, 48.72732242]}, "properties": {"route": "N20", "pr": "1", "abs": 998, "label": "N20 PR1+998 (D)"}}, {"type": "Feature", "geometry": {"type": "Point", "coordinates": [2.08360452, 48.37624435]}, "properties": {"route": "N20", "pr": "45", "abs": 45111, "label": "N20 PR45+45111 (D)"}}, {"type": "Feature", "geometry": {"type": "Point", "coordinates": [2.24552616, 48.59898065]}, "properties": {"route": "N20", "pr": "16", "abs": 16042, "label": "N20 PR16+16042 (D)"}}, {"type": "Feature", "geometry": {"type": "Point", "coordinates": [2.17494366, 48.44852352]}, "properties": {"route": "N20", "pr": "34", "abs": 34004, "label": "N20 PR34+34004 (D)"}}, {"type": "Feature", "geometry": {"type": "Point", "coordinates": [1.98534466, 48.29362423]}, "properties": {"route": "N20", "pr": "57", "abs": 57467, "label": "N20 PR57+57467 (D)"}}, {"type": "Feature", "geometry": {"type": "Point", "coordinates": [2.21824477, 48.55022359]}, "properties": {"route": "N20", "pr": "22", "abs": 22047, "label": "N20 PR22+22047 (D)"}}, {"type": "Feature", "geometry": {"type": "Point", "coordinates": [2.28568241, 48.70283486]}, "properties": {"route": "N20", "pr": "4", "abs": 4028, "label": "N20 PR4+4028 (D)"}}, {"type": "Feature", "geometry": {"type": "Point", "coordinates": [2.26845189, 48.6409363]}, "properties": {"route": "N20", "pr": "11", "abs": 11081, "label": "N20 PR11+11081 (D)"}}, {"type": "Feature", "geometry": {"type": "Point", "coordinates": [2.02402253, 48.32917091]}, "properties": {"route": "N20", "pr": "52", "abs": 52182, "label": "N20 PR52+52182 (D)"}}, {"type": "Feature", "geometry": {"type": "Point", "coordinates": [2.01327084, 48.32298939]}, "properties": {"route": "N20", "pr": "53", "abs": 53233, "label": "N20 PR53+53233 (D)"}}, {"type": "Feature", "geometry": {"type": "Point", "coordinates": [2.15384755, 48.42756344]}, "properties": {"route": "N20", "pr": "37", "abs": 37105, "label": "N20 PR37+37105 (D)"}}, {"type": "Feature", "geometry": {"type": "Point", "coordinates": [2.23395324, 48.58350253]}, "properties": {"route": "N20", "pr": "18", "abs": 18048, "label": "N20 PR18+18048 (D)"}}, {"type": "Feature", "geometry": {"type": "Point", "coordinates": [2.2307237, 48.56659928]}, "properties": {"route": "N20", "pr": "20", "abs": 20009, "label": "N20 PR20+20009 (D)"}}, {"type": "Feature", "geometry": {"type": "Point", "coordinates": [2.20366556, 48.5160297]}, "properties": {"route": "N20", "pr": "26", "abs": 26042, "label": "N20 PR26+26042 (D)"}}, {"type": "Feature", "geometry": {"type": "Point", "coordinates": [2.2121492, 48.54225516]}, "properties": {"route": "N20", "pr": "23", "abs": 23038, "label": "N20 PR23+23038 (D)"}}, {"type": "Feature", "geometry": {"type": "Point", "coordinates": [2.19273752, 48.48244171]}, "properties": {"route": "N20", "pr": "30", "abs": 29926, "label": "N20 PR30+29926 (D)"}}, {"type": "Feature", "geometry": {"type": "Point", "coordinates": [2.10340237, 48.38810217]}, "properties": {"route": "N20", "pr": "43", "abs": 43146, "label": "N20 PR43+43146 (D)"}}, {"type": "Feature", "geometry": {"type": "Point", "coordinates": [2.28510278, 48.68381355]}, "properties": {"route": "N20", "pr": "6", "abs": 6151, "label": "N20 PR6+6151 (D)"}}, {"type": "Feature", "geometry": {"type": "Point", "coordinates": [2.18823061, 48.47408109]}, "properties": {"route": "N20", "pr": "31", "abs": 30919, "label": "N20 PR31+30919 (D)"}}, {"type": "Feature", "geometry": {"type": "Point", "coordinates": [2.18194604, 48.46590323]}, "properties": {"route": "N20", "pr": "32", "abs": 31936, "label": "N20 PR32+31936 (D)"}}, {"type": "Feature", "geometry": {"type": "Point", "coordinates": [2.20112022, 48.50791325]}, "properties": {"route": "N20", "pr": "27", "abs": 26968, "label": "N20 PR27+26968 (D)"}}, {"type": "Feature", "geometry": {"type": "Point", "coordinates": [2.20148652, 48.49887978]}, "properties": {"route": "N20", "pr": "28", "abs": 27988, "label": "N20 PR28+27988 (D)"}}, {"type": "Feature", "geometry": {"type": "Point", "coordinates": [2.03374499, 48.3353925]}, "properties": {"route": "N20", "pr": "51", "abs": 51188, "label": "N20 PR51+51188 (D)"}}, {"type": "Feature", "geometry": {"type": "Point", "coordinates": [2.03848244, 48.34370174]}, "properties": {"route": "N20", "pr": "50", "abs": 50178, "label": "N20 PR50+50178 (D)"}}, {"type": "Feature", "geometry": {"type": "Point", "coordinates": [2.29874626, 48.71849931]}, "properties": {"route": "N20", "pr": "2", "abs": 2003, "label": "N20 PR2+2003 (D)"}}, {"type": "Feature", "geometry": {"type": "Point", "coordinates": [2.22429112, 48.55816253]}, "properties": {"route": "N20", "pr": "21", "abs": 21059, "label": "N20 PR21+21059 (D)"}}, {"type": "Feature", "geometry": {"type": "Point", "coordinates": [2.25357896, 48.57361227]}, "properties": {"route": "D19", "pr": "10", "abs": 8723, "label": "D19 PR10+8723 (D)"}}, {"type": "Feature", "geometry": {"type": "Point", "coordinates": [2.27941256, 48.57645226]}, "properties": {"route": "D19", "pr": "12", "abs": 10665, "label": "D19 PR12+10665 (D)"}}, {"type": "Feature", "geometry": {"type": "Point", "coordinates": [2.26583281, 48.57607599]}, "properties": {"route": "D19", "pr": "11", "abs": 9665, "label": "D19 PR11+9665 (D)"}}, {"type": "Feature", "geometry": {"type": "Point", "coordinates": [2.2992229, 48.57795861]}, "properties": {"route": "D117", "pr": "25", "abs": 19434, "label": "D117 PR25+19434 (D)"}}, {"type": "Feature", "geometry": {"type": "Point", "coordinates": [2.2944367, 48.66477996]}, "properties": {"route": "D186", "pr": "2", "abs": 1270, "label": "D186 PR2+1270 (D)"}}, {"type": "Feature", "geometry": {"type": "Point", "coordinates": [2.29727303, 48.63357893]}, "properties": {"route": "D133", "pr": "2", "abs": 2313, "label": "D133 PR2+2313 (G)"}}, {"type": "Feature", "geometry": {"type": "Point", "coordinates": [2.27948072, 48.64523307]}, "properties": {"route": "D133", "pr": "1", "abs": 1037, "label": "D133 PR1+1037 (D)"}}, {"type": "Feature", "geometry": {"type": "Point", "coordinates": [2.08991411, 48.64194167]}, "properties": {"route": "D24", "pr": "19", "abs": 5658, "label": "D24 PR19+5658"}}, {"type": "Feature", "geometry": {"type": "Point", "coordinates": [2.33521554, 48.67493223]}, "properties": {"route": "D25", "pr": "6", "abs": 2739, "label": "D25 PR6+2739 (G)"}}, {"type": "Feature", "geometry": {"type": "Point", "coordinates": [2.15538185, 48.67330543]}, "properties": {"route": "D35", "pr": "2", "abs": 2016, "label": "D35 PR2+2016 (G)"}}, {"type": "Feature", "geometry": {"type": "Point", "coordinates": [2.29674954, 48.70424893]}, "properties": {"route": "D217", "pr": "1", "abs": 1102, "label": "D217 PR1+1102 (D)"}}, {"type": "Feature", "geometry": {"type": "Point", "coordinates": [1.97481667, 48.34723296]}, "properties": {"route": "D22", "pr": "29", "abs": 30953, "label": "D22 PR29+30953"}}, {"type": "Feature", "geometry": {"type": "Point", "coordinates": [2.31595054, 48.73662788]}, "properties": {"route": "A6B", "pr": "999", "abs": 1283, "label": "A6B PR999+1283 (D)"}}, {"type": "Feature", "geometry": {"type": "Point", "coordinates": [2.32461719, 48.74636066]}, "properties": {"route": "A6B", "pr": "0", "abs": 0, "label": "A6B PR0 (D)"}}, {"type": "Feature", "geometry": {"type": "Point", "coordinates": [2.50225261, 48.52791149]}, "properties": {"route": "A6", "pr": "FS", "abs": null, "label": "A6 PRFS"}}, {"type": "Feature", "geometry": {"type": "Point", "coordinates": [2.50196575, 48.5278833]}, "properties": {"route": "A6", "pr": "DS", "abs": null, "label": "A6 PRDS"}}, {"type": "Feature", "geometry": {"type": "Point", "coordinates": [2.50225261, 48.52791149]}, "properties": {"route": "A6", "pr": "DS", "abs": null, "label": "A6 PRDS"}}, {"type": "Feature", "geometry": {"type": "Point", "coordinates": [2.50196575, 48.5278833]}, "properties": {"route": "A6", "pr": "FS", "abs": null, "label": "A6 PRFS"}}, {"type": "Feature", "geometry": {"type": "Point", "coordinates": [2.03614339, 48.5897177]}, "properties": {"route": "A10", "pr": "DS", "abs": null, "label": "A10 PRDS"}}, {"type": "Feature", "geometry": {"type": "Point", "coordinates": [1.94910459, 48.56027961]}, "properties": {"route": "A10", "pr": "DS", "abs": null, "label": "A10 PRDS"}}, {"type": "Feature", "geometry": {"type": "Point", "coordinates": [2.31454263, 48.76194804]}, "properties": {"route": "A86", "pr": "FS", "abs": null, "label": "A86 PRFS"}}, {"type": "Feature", "geometry": {"type": "Point", "coordinates": [2.52178294, 48.73283861]}, "properties": {"route": "N19", "pr": "FS", "abs": null, "label": "N19 PRFS"}}, {"type": "Feature", "geometry": {"type": "Point", "coordinates": [2.49404761, 48.763213]}, "properties": {"route": "N19", "pr": "DS", "abs": null, "label": "N19 PRDS"}}, {"type": "Feature", "geometry": {"type": "Point", "coordinates": [2.57456064, 48.71525738]}, "properties": {"route": "N19", "pr": "FS", "abs": null, "label": "N19 PRFS"}}, {"type": "Feature", "geometry": {"type": "Point", "coordinates": [2.5742145, 48.71553498]}, "properties": {"route": "N19", "pr": "DS", "abs": null, "label": "N19 PRDS"}}, {"type": "Feature", "geometry": {"type": "Point", "coordinates": [2.54231546, 48.72756386]}, "properties": {"route": "N19", "pr": "FS", "abs": null, "label": "N19 PRFS"}}, {"type": "Feature", "geometry": {"type": "Point", "coordinates": [2.5742145, 48.71553498]}, "properties": {"route": "N19", "pr": "DS", "abs": null, "label": "N19 PRDS"}}, {"type": "Feature", "geometry": {"type": "Point", "coordinates": [2.52936559, 48.72819258]}, "properties": {"route": "N19", "pr": "FS", "abs": null, "label": "N19 PRFS"}}, {"type": "Feature", "geometry": {"type": "Point", "coordinates": [2.54231546, 48.72756386]}, "properties": {"route": "N19", "pr": "DS", "abs": null, "label": "N19 PRDS"}}, {"type": "Feature", "geometry": {"type": "Point", "coordinates": [2.52936559, 48.72819258]}, "properties": {"route": "N19", "pr": "FS", "abs": null, "label": "N19 PRFS"}}, {"type": "Feature", "geometry": {"type": "Point", "coordinates": [2.52178294, 48.73283861]}, "properties": {"route": "N19", "pr": "DS", "abs": null, "label": "N19 PRDS"}}, {"type": "Feature", "geometry": {"type": "Point", "coordinates": [2.57456064, 48.71525738]}, "properties": {"route": "N19", "pr": "DS", "abs": null, "label": "N19 PRDS"}}, {"type": "Feature", "geometry": {"type": "Point", "coordinates": [1.92905784, 48.45185341]}, "properties": {"route": "D191", "pr": "53", "abs": 0, "label": "D191 PR53"}}, {"type": "Feature", "geometry": {"type": "Point", "coordinates": [2.22982383, 48.76643174]}, "properties": {"route": "N306", "pr": "999", "abs": 940, "label": "N306 PR999+940 (D)"}}, {"type": "Feature", "geometry": {"type": "Point", "coordinates": [2.43486164, 48.60697266]}, "properties": {"route": "A6", "pr": "28", "abs": 19565, "label": "A6 PR28+19565 (D)"}}, {"type": "Feature", "geometry": {"type": "Point", "coordinates": [2.44601127, 48.59057603]}, "properties": {"route": "A6", "pr": "30", "abs": 21566, "label": "A6 PR30+21566 (D)"}}, {"type": "Feature", "geometry": {"type": "Point", "coordinates": [2.51275693, 48.48754663]}, "properties": {"route": "A6", "pr": "43", "abs": 4606, "label": "A6 PR43+4606 (D)"}}, {"type": "Feature", "geometry": {"type": "Point", "coordinates": [2.50725642, 48.51384559]}, "properties": {"route": "A6", "pr": "40", "abs": 1614, "label": "A6 PR40+1614 (D)"}}, {"type": "Feature", "geometry": {"type": "Point", "coordinates": [2.46403391, 48.57718056]}, "properties": {"route": "A6", "pr": "32", "abs": 23566, "label": "A6 PR32+23566 (D)"}}, {"type": "Feature", "geometry": {"type": "Point", "coordinates": [2.49836241, 48.5401358]}, "properties": {"route": "A6", "pr": "37", "abs": 28556, "label": "A6 PR37+28556 (D)"}}, {"type": "Feature", "geometry": {"type": "Point", "coordinates": [2.51677105, 48.47459408]}, "properties": {"route": "A6", "pr": "44", "abs": 6078, "label": "A6 PR44+6078 (G)"}}, {"type": "Feature", "geometry": {"type": "Point", "coordinates": [2.51653133, 48.47461919]}, "properties": {"route": "A6", "pr": "44", "abs": 6076, "label": "A6 PR44+6076 (D)"}}, {"type": "Feature", "geometry": {"type": "Point", "coordinates": [2.42949122, 48.61522097]}, "properties": {"route": "A6", "pr": "27", "abs": 18568, "label": "A6 PR27+18568 (D)"}}, {"type": "Feature", "geometry": {"type": "Point", "coordinates": [2.44024826, 48.59869895]}, "properties": {"route": "A6", "pr": "29", "abs": 20566, "label": "A6 PR29+20566 (D)"}}, {"type": "Feature", "geometry": {"type": "Point", "coordinates": [2.49503136, 48.54884401]}, "properties": {"route": "A6", "pr": "36", "abs": 27559, "label": "A6 PR36+27559 (D)"}}, {"type": "Feature", "geometry": {"type": "Point", "coordinates": [2.50100675, 48.53131031]}, "properties": {"route": "A6", "pr": "38", "abs": 29557, "label": "A6 PR38+29557 (D)"}}, {"type": "Feature", "geometry": {"type": "Point", "coordinates": [2.45520684, 48.58387274]}, "properties": {"route": "A6", "pr": "31", "abs": 22574, "label": "A6 PR31+22574 (D)"}}, {"type": "Feature", "geometry": {"type": "Point", "coordinates": [2.51275329, 48.49654006]}, "properties": {"route": "A6", "pr": "42", "abs": 3605, "label": "A6 PR42+3605 (D)"}}, {"type": "Feature", "geometry": {"type": "Point", "coordinates": [2.49029414, 48.55711246]}, "properties": {"route": "A6", "pr": "35", "abs": 26567, "label": "A6 PR35+26567 (D)"}}, {"type": "Feature", "geometry": {"type": "Point", "coordinates": [2.50353653, 48.52247703]}, "properties": {"route": "A6", "pr": "39", "abs": 613, "label": "A6 PR39+613 (D)"}}, {"type": "Feature", "geometry": {"type": "Point", "coordinates": [2.47996711, 48.56280971]}, "properties": {"route": "A6", "pr": "34", "abs": 25572, "label": "A6 PR34+25572 (D)"}}, {"type": "Feature", "geometry": {"type": "Point", "coordinates": [2.51185731, 48.50540832]}, "properties": {"route": "A6", "pr": "41", "abs": 2612, "label": "A6 PR41+2612 (D)"}}, {"type": "Feature", "geometry": {"type": "Point", "coordinates": [2.47063478, 48.56924181]}, "properties": {"route": "A6", "pr": "33", "abs": 24571, "label": "A6 PR33+24571 (D)"}}, {"type": "Feature", "geometry": {"type": "Point", "coordinates": [2.50189587, 48.5281106]}, "properties": {"route": "A6", "pr": "38", "abs": 0, "label": "A6 PR38 (D)"}}, {"type": "Feature", "geometry": {"type": "Point", "coordinates": [2.28295109, 48.71292858]}, "properties": {"route": "A126", "pr": "2", "abs": 2370, "label": "A126 PR2+2370 (D)"}}, {"type": "Feature", "geometry": {"type": "Point", "coordinates": [2.27030691, 48.71513748]}, "properties": {"route": "A126", "pr": "4", "abs": 2370, "label": "A126 PR4+2370 (D)"}}, {"type": "Feature", "geometry": {"type": "Point", "coordinates": [2.24151999, 48.72463627]}, "properties": {"route": "A126", "pr": "5", "abs": 4740, "label": "A126 PR5+4740 (D)"}}, {"type": "Feature", "geometry": {"type": "Point", "coordinates": [2.53502776, 48.63460202]}, "properties": {"route": "A5A", "pr": "0", "abs": 0, "label": "A5A PR0 (D)"}}, {"type": "Feature", "geometry": {"type": "Point", "coordinates": [2.31459599, 48.7620284]}, "properties": {"route": "A86", "pr": "52", "abs": 11802, "label": "A86 PR52+11802 (D)"}}, {"type": "Feature", "geometry": {"type": "Point", "coordinates": [2.29178755, 48.76053718]}, "properties": {"route": "A86", "pr": "52", "abs": 13547, "label": "A86 PR52+13547 (D)"}}, {"type": "Feature", "geometry": {"type": "Point", "coordinates": [2.3780773, 48.75340134]}, "properties": {"route": "A86", "pr": "47", "abs": 16081, "label": "A86 PR47+16081 (D)"}}, {"type": "Feature", "geometry": {"type": "Point", "coordinates": [2.34127081, 48.75608486]}, "properties": {"route": "A86", "pr": "50", "abs": 16081, "label": "A86 PR50+16081 (D)"}}, {"type": "Feature", "geometry": {"type": "Point", "coordinates": [2.27897929, 48.71343803]}, "properties": {"route": "A10", "pr": "5", "abs": 4740, "label": "A10 PR5+4740 (D)"}}, {"type": "Feature", "geometry": {"type": "Point", "coordinates": [2.19511789, 48.6710311]}, "properties": {"route": "A10", "pr": "0", "abs": 14017, "label": "A10 PR0+14017 (D)"}}, {"type": "Feature", "geometry": {"type": "Point", "coordinates": [2.34127081, 48.75608486]}, "properties": {"route": "N186", "pr": "49", "abs": 2742, "label": "N186 PR49+2742 (D)"}}, {"type": "Feature", "geometry": {"type": "Point", "coordinates": [2.33389506, 48.75652334]}, "properties": {"route": "N186B", "pr": "50", "abs": 1788, "label": "N186B PR50+1788 (D)"}}, {"type": "Feature", "geometry": {"type": "Point", "coordinates": [2.35549022, 48.75376186]}, "properties": {"route": "N186B", "pr": "48", "abs": 1788, "label": "N186B PR48+1788 (D)"}}, {"type": "Feature", "geometry": {"type": "Point", "coordinates": [2.34367781, 48.76436836]}, "properties": {"route": "A106", "pr": "6", "abs": 665, "label": "A106 PR6+665 (D)"}}, {"type": "Feature", "geometry": {"type": "Point", "coordinates": [2.51734068, 48.73786116]}, "properties": {"route": "N19", "pr": "19", "abs": 3600, "label": "N19 PR19+3600 (D)"}}, {"type": "Feature", "geometry": {"type": "Point", "coordinates": [2.55090755, 48.72774581]}, "properties": {"route": "N19", "pr": "22", "abs": 6635, "label": "N19 PR22+6635"}}, {"type": "Feature", "geometry": {"type": "Point", "coordinates": [2.5720302, 48.71669914]}, "properties": {"route": "N19", "pr": "24", "abs": 8620, "label": "N19 PR24+8620"}}, {"type": "Feature", "geometry": {"type": "Point", "coordinates": [2.51485495, 48.74781495]}, "properties": {"route": "N19", "pr": "18", "abs": 2400, "label": "N19 PR18+2400 (D)"}}, {"type": "Feature", "geometry": {"type": "Point", "coordinates": [2.56169067, 48.7224936]}, "properties": {"route": "N19", "pr": "23", "abs": 7629, "label": "N19 PR23+7629"}}, {"type": "Feature", "geometry": {"type": "Point", "coordinates": [2.50830057, 48.75476855]}, "properties": {"route": "N19", "pr": "17", "abs": 1400, "label": "N19 PR17+1400 (D)"}}, {"type": "Feature", "geometry": {"type": "Point", "coordinates": [2.49792653, 48.76050325]}, "properties": {"route": "N19", "pr": "16", "abs": 400, "label": "N19 PR16+400 (D)"}}, {"type": "Feature", "geometry": {"type": "Point", "coordinates": [2.52544918, 48.73038429]}, "properties": {"route": "N19", "pr": "20", "abs": 4641, "label": "N19 PR20+4641"}}, {"type": "Feature", "geometry": {"type": "Point", "coordinates": [2.52178294, 48.73283861]}, "properties": {"route": "N19", "pr": "19", "abs": 4240, "label": "N19 PR19+4240 (D)"}}, {"type": "Feature", "geometry": {"type": "Point", "coordinates": [2.5742145, 48.71553498]}, "properties": {"route": "N19", "pr": "24", "abs": 8820, "label": "N19 PR24+8820"}}, {"type": "Feature", "geometry": {"type": "Point", "coordinates": [2.57456064, 48.71525738]}, "properties": {"route": "N19", "pr": "24", "abs": 8820, "label": "N19 PR24+8820"}}, {"type": "Feature", "geometry": {"type": "Point", "coordinates": [2.54157602, 48.72754573]}, "properties": {"route": "N19", "pr": "21", "abs": 6002, "label": "N19 PR21+6002 (D)"}}, {"type": "Feature", "geometry": {"type": "Point", "coordinates": [2.52936559, 48.72819258]}, "properties": {"route": "N19", "pr": "20", "abs": 5016, "label": "N19 PR20+5016 (D)"}}, {"type": "Feature", "geometry": {"type": "Point", "coordinates": [2.49426459, 48.76314377]}, "properties": {"route": "N19", "pr": "0", "abs": 0, "label": "N19 PR0 (D)"}}, {"type": "Feature", "geometry": {"type": "Point", "coordinates": [2.57610216, 48.7143994]}, "properties": {"route": "N19", "pr": "0", "abs": 0, "label": "N19 PR0"}}, {"type": "Feature", "geometry": {"type": "Point", "coordinates": [2.22258262, 48.77575692]}, "properties": {"route": "N911804", "pr": "5", "abs": 433, "label": "N911804 PR5+433"}}, {"type": "Feature", "geometry": {"type": "Point", "coordinates": [2.22902679, 48.77286115]}, "properties": {"route": "N911804", "pr": "11", "abs": 265, "label": "N911804 PR11+265"}}, {"type": "Feature", "geometry": {"type": "Point", "coordinates": [2.22258262, 48.77575692]}, "properties": {"route": "N911804", "pr": "4", "abs": 0, "label": "N911804 PR4"}}, {"type": "Feature", "geometry": {"type": "Point", "coordinates": [2.22902679, 48.77286115]}, "properties": {"route": "N911804", "pr": "9", "abs": 620, "label": "N911804 PR9+620"}}, {"type": "Feature", "geometry": {"type": "Point", "coordinates": [2.22341681, 48.75454103]}, "properties": {"route": "N118", "pr": "2", "abs": 1956, "label": "N118 PR2+1956 (D)"}}, {"type": "Feature", "geometry": {"type": "Point", "coordinates": [2.21470372, 48.74887328]}, "properties": {"route": "N118", "pr": "3", "abs": 3012, "label": "N118 PR3+3012 (D)"}}, {"type": "Feature", "geometry": {"type": "Point", "coordinates": [2.1914784, 48.7447139]}, "properties": {"route": "N118", "pr": "5", "abs": 4942, "label": "N118 PR5+4942 (D)"}}, {"type": "Feature", "geometry": {"type": "Point", "coordinates": [2.19977407, 48.74892077]}, "properties": {"route": "N118", "pr": "4", "abs": 4171, "label": "N118 PR4+4171 (D)"}}, {"type": "Feature", "geometry": {"type": "Point", "coordinates": [2.22826823, 48.76268814]}, "properties": {"route": "N118", "pr": "1", "abs": 954, "label": "N118 PR1+954 (D)"}}, {"type": "Feature", "geometry": {"type": "Point", "coordinates": [2.18089476, 48.73950044]}, "properties": {"route": "N118", "pr": "6", "abs": 5914, "label": "N118 PR6+5914 (D)"}}, {"type": "Feature", "geometry": {"type": "Point", "coordinates": [2.19202095, 48.66806964]}, "properties": {"route": "N118", "pr": "999", "abs": 15317, "label": "N118 PR999+15317 (D)"}}, {"type": "Feature", "geometry": {"type": "Point", "coordinates": [2.40068306, 48.63607352]}, "properties": {"route": "N449", "pr": "999", "abs": 1450, "label": "N449 PR999+1450 (D)"}}, {"type": "Feature", "geometry": {"type": "Point", "coordinates": [2.48850686, 48.76038773]}, "properties": {"route": "N406", "pr": "999", "abs": 5446, "label": "N406 PR999+5446 (D)"}}, {"type": "Feature", "geometry": {"type": "Point", "coordinates": [2.53229175, 48.46982612]}, "properties": {"route": "N37", "pr": "2", "abs": 2339, "label": "N37 PR2+2339 (D)"}}, {"type": "Feature", "geometry": {"type": "Point", "coordinates": [2.51343892, 48.48361359]}, "properties": {"route": "N37", "pr": "0", "abs": 0, "label": "N37 PR0 (D)"}}, {"type": "Feature", "geometry": {"type": "Point", "coordinates": [2.53788686, 48.46832946]}, "properties": {"route": "N37", "pr": "999", "abs": 1954, "label": "N37 PR999+1954 (G)"}}, {"type": "Feature", "geometry": {"type": "Point", "coordinates": [2.56634638, 48.64718545]}, "properties": {"route": "N104", "pr": "25", "abs": 25323, "label": "N104 PR25+25323 (D)"}}, {"type": "Feature", "geometry": {"type": "Point", "coordinates": [2.55294566, 48.6457516]}, "properties": {"route": "N104", "pr": "26", "abs": 26324, "label": "N104 PR26+26324 (D)"}}, {"type": "Feature", "geometry": {"type": "Point", "coordinates": [2.5396443, 48.64436789]}, "properties": {"route": "N104", "pr": "27", "abs": 27317, "label": "N104 PR27+27317 (D)"}}, {"type": "Feature", "geometry": {"type": "Point", "coordinates": [2.57992902, 48.64684822]}, "properties": {"route": "N104", "pr": "24", "abs": 24322, "label": "N104 PR24+24322 (D)"}}, {"type": "Feature", "geometry": {"type": "Point", "coordinates": [2.52748023, 48.63210677]}, "properties": {"route": "N104", "pr": "29", "abs": 0, "label": "N104 PR29 (D)"}}, {"type": "Feature", "geometry": {"type": "Point", "coordinates": [2.19180609, 48.66782441]}, "properties": {"route": "N104", "pr": "999", "abs": 31884, "label": "N104 PR999+31884 (D)"}}, {"type": "Feature", "geometry": {"type": "Point", "coordinates": [2.29758236, 48.76119021]}, "properties": {"route": "A908627", "pr": "2", "abs": 620, "label": "A908627 PR2+620"}}, {"type": "Feature", "geometry": {"type": "Point", "coordinates": [2.29003376, 48.76025154]}, "properties": {"route": "A908627", "pr": "2", "abs": 0, "label": "A908627 PR2"}}, {"type": "Feature", "geometry": {"type": "Point", "coordinates": [2.29988043, 48.76208335]}, "properties": {"route": "A908627", "pr": "1", "abs": 0, "label": "A908627 PR1"}}, {"type": "Feature", "geometry": {"type": "Point", "coordinates": [2.29622476, 48.76128206]}, "properties": {"route": "A908627", "pr": "1", "abs": 485, "label": "A908627 PR1+485"}}, {"type": "Feature", "geometry": {"type": "Point", "coordinates": [2.36958846, 48.72576823]}, "properties": {"route": "N7", "pr": "3", "abs": 932, "label": "N7 PR3+932 (D)"}}, {"type": "Feature", "geometry": {"type": "Point", "coordinates": [2.37087742, 48.71616074]}, "properties": {"route": "N7", "pr": "4", "abs": 2004, "label": "N7 PR4+2004 (D)"}}, {"type": "Feature", "geometry": {"type": "Point", "coordinates": [2.37106222, 48.71616621]}, "properties": {"route": "N7", "pr": "4", "abs": 2004, "label": "N7 PR4+2004 (G)"}}, {"type": "Feature", "geometry": {"type": "Point", "coordinates": [2.49143742, 48.62880735]}, "properties": {"route": "D33", "pr": "1", "abs": 997, "label": "D33 PR1+997 (G)"}}, {"type": "Feature", "geometry": {"type": "Point", "coordinates": [2.29714459, 48.62626677]}, "properties": {"route": "D133", "pr": "3", "abs": 3131, "label": "D133 PR3+3131 (G)"}}, {"type": "Feature", "geometry": {"type": "Point", "coordinates": [2.56557774, 48.41831028]}, "properties": {"route": "D50", "pr": "999", "abs": 31451, "label": "D50 PR999+31451"}}, {"type": "Feature", "geometry": {"type": "Point", "coordinates": [2.54781961, 48.55485415]}, "properties": {"route": "D50", "pr": "19", "abs": 15940, "label": "D50 PR19+15940"}}, {"type": "Feature", "geometry": {"type": "Point", "coordinates": [2.55380812, 48.61258172]}, "properties": {"route": "D50", "pr": "11", "abs": 8497, "label": "D50 PR11+8497"}}, {"type": "Feature", "geometry": {"type": "Point", "coordinates": [2.55006104, 48.54599469]}, "properties": {"route": "D50", "pr": "20", "abs": 16949, "label": "D50 PR20+16949"}}, {"type": "Feature", "geometry": {"type": "Point", "coordinates": [2.5478814, 48.53747733]}, "properties": {"route": "D50", "pr": "21", "abs": 17955, "label": "D50 PR21+17955"}}, {"type": "Feature", "geometry": {"type": "Point", "coordinates": [2.56158202, 48.43685009]}, "properties": {"route": "D50", "pr": "32", "abs": 29277, "label": "D50 PR32+29277"}}, {"type": "Feature", "geometry": {"type": "Point", "coordinates": [2.54140133, 48.49855407]}, "properties": {"route": "D50", "pr": "26", "abs": 23243, "label": "D50 PR26+23243"}}, {"type": "Feature", "geometry": {"type": "Point", "coordinates": [2.56037481, 48.57288342]}, "properties": {"route": "D50", "pr": "16", "abs": 12967, "label": "D50 PR16+12967"}}, {"type": "Feature", "geometry": {"type": "Point", "coordinates": [2.55423107, 48.45677499]}, "properties": {"route": "D50", "pr": "31", "abs": 28216, "label": "D50 PR31+28216"}}, {"type": "Feature", "geometry": {"type": "Point", "coordinates": [2.53722677, 48.51252671]}, "properties": {"route": "D50", "pr": "24", "abs": 21278, "label": "D50 PR24+21278"}}, {"type": "Feature", "geometry": {"type": "Point", "coordinates": [2.54628483, 48.49060677]}, "properties": {"route": "D50", "pr": "27", "abs": 24244, "label": "D50 PR27+24244"}}, {"type": "Feature", "geometry": {"type": "Point", "coordinates": [2.54988926, 48.56221594]}, "properties": {"route": "D50", "pr": "18", "abs": 14941, "label": "D50 PR18+14941"}}, {"type": "Feature", "geometry": {"type": "Point", "coordinates": [2.55780232, 48.5643344]}, "properties": {"route": "D50", "pr": "17", "abs": 13972, "label": "D50 PR17+13972"}}, {"type": "Feature", "geometry": {"type": "Point", "coordinates": [2.54940702, 48.48226392]}, "properties": {"route": "D50", "pr": "28", "abs": 25235, "label": "D50 PR28+25235"}}, {"type": "Feature", "geometry": {"type": "Point", "coordinates": [2.54051091, 48.52140496]}, "properties": {"route": "D50", "pr": "23", "abs": 20222, "label": "D50 PR23+20222"}}, {"type": "Feature", "geometry": {"type": "Point", "coordinates": [2.55636242, 48.58473448]}, "properties": {"route": "D50", "pr": "15", "abs": 11952, "label": "D50 PR15+11952"}}, {"type": "Feature", "geometry": {"type": "Point", "coordinates": [2.5335751, 48.50430447]}, "properties": {"route": "D50", "pr": "25", "abs": 22276, "label": "D50 PR25+22276"}}, {"type": "Feature", "geometry": {"type": "Point", "coordinates": [2.55838474, 48.66007473]}, "properties": {"route": "D50", "pr": "6", "abs": 6001, "label": "D50 PR6+6001"}}, {"type": "Feature", "geometry": {"type": "Point", "coordinates": [2.54556467, 48.52813892]}, "properties": {"route": "D50", "pr": "22", "abs": 19304, "label": "D50 PR22+19304"}}, {"type": "Feature", "geometry": {"type": "Point", "coordinates": [2.55484389, 48.46569625]}, "properties": {"route": "D50", "pr": "30", "abs": 27252, "label": "D50 PR30+27252"}}, {"type": "Feature", "geometry": {"type": "Point", "coordinates": [2.56534976, 48.41972911]}, "properties": {"route": "D50", "pr": "34", "abs": 31292, "label": "D50 PR34+31292"}}, {"type": "Feature", "geometry": {"type": "Point", "coordinates": [2.56012514, 48.42789765]}, "properties": {"route": "D50", "pr": "33", "abs": 30285, "label": "D50 PR33+30285"}}, {"type": "Feature", "geometry": {"type": "Point", "coordinates": [2.5681961, 48.66418625]}, "properties": {"route": "D50", "pr": "5", "abs": 4981, "label": "D50 PR5+4981"}}, {"type": "Feature", "geometry": {"type": "Point", "coordinates": [2.55516729, 48.47478729]}, "properties": {"route": "D50", "pr": "29", "abs": 26232, "label": "D50 PR29+26232"}}, {"type": "Feature", "geometry": {"type": "Point", "coordinates": [2.579511, 48.66744595]}, "properties": {"route": "D50", "pr": "4", "abs": 4007, "label": "D50 PR4+4007"}}, {"type": "Feature", "geometry": {"type": "Point", "coordinates": [2.54045415, 48.46744519]}, "properties": {"route": "D637", "pr": "0", "abs": 0, "label": "D637 PR0"}}, {"type": "Feature", "geometry": {"type": "Point", "coordinates": [2.55710441, 48.4632838]}, "properties": {"route": "D637", "pr": "4", "abs": 1303, "label": "D637 PR4+1303"}}, {"type": "Feature", "geometry": {"type": "Point", "coordinates": [2.54434705, 48.46609725]}, "properties": {"route": "D637", "pr": "3", "abs": 345, "label": "D637 PR3+345"}}, {"type": "Feature", "geometry": {"type": "Point", "coordinates": [2.58300962, 48.45837835]}, "properties": {"route": "D637", "pr": "6", "abs": 3294, "label": "D637 PR6+3294"}}, {"type": "Feature", "geometry": {"type": "Point", "coordinates": [2.56999522, 48.46068807]}, "properties": {"route": "D637", "pr": "5", "abs": 2299, "label": "D637 PR5+2299"}}, {"type": "Feature", "geometry": {"type": "Point", "coordinates": [2.42345138, 48.29993314]}, "properties": {"route": "D63A1", "pr": "999", "abs": 2204, "label": "D63A1 PR999+2204"}}, {"type": "Feature", "geometry": {"type": "Point", "coordinates": [2.41798372, 48.31599295]}, "properties": {"route": "D63A1", "pr": "0", "abs": 0, "label": "D63A1 PR0"}}, {"type": "Feature", "geometry": {"type": "Point", "coordinates": [2.42309972, 48.30162925]}, "properties": {"route": "D63A1", "pr": "2", "abs": 2012, "label": "D63A1 PR2+2012"}}, {"type": "Feature", "geometry": {"type": "Point", "coordinates": [2.42009204, 48.30999571]}, "properties": {"route": "D63A1", "pr": "1", "abs": 1005, "label": "D63A1 PR1+1005"}}, {"type": "Feature", "geometry": {"type": "Point", "coordinates": [2.48326445, 48.39633857]}, "properties": {"route": "D16", "pr": "999", "abs": 24803, "label": "D16 PR999+24803"}}, {"type": "Feature", "geometry": {"type": "Point", "coordinates": [2.52046839, 48.35241882]}, "properties": {"route": "D16", "pr": "18", "abs": 18904, "label": "D16 PR18+18904"}}, {"type": "Feature", "geometry": {"type": "Point", "coordinates": [2.56536223, 48.32178572]}, "properties": {"route": "D16", "pr": "13", "abs": 13905, "label": "D16 PR13+13905"}}, {"type": "Feature", "geometry": {"type": "Point", "coordinates": [2.49091823, 48.39028982]}, "properties": {"route": "D16", "pr": "23", "abs": 23894, "label": "D16 PR23+23894"}}, {"type": "Feature", "geometry": {"type": "Point", "coordinates": [2.51352694, 48.36853752]}, "properties": {"route": "D16", "pr": "20", "abs": 20895, "label": "D16 PR20+20895"}}, {"type": "Feature", "geometry": {"type": "Point", "coordinates": [2.54594521, 48.33382854]}, "properties": {"route": "D16", "pr": "15", "abs": 15910, "label": "D16 PR15+15910"}}, {"type": "Feature", "geometry": {"type": "Point", "coordinates": [2.49807635, 48.3826379]}, "properties": {"route": "D16", "pr": "22", "abs": 22891, "label": "D16 PR22+22891"}}, {"type": "Feature", "geometry": {"type": "Point", "coordinates": [2.52571937, 48.34492196]}, "properties": {"route": "D16", "pr": "17", "abs": 17909, "label": "D16 PR17+17909"}}, {"type": "Feature", "geometry": {"type": "Point", "coordinates": [2.55528848, 48.32757314]}, "properties": {"route": "D16", "pr": "14", "abs": 14907, "label": "D16 PR14+14907"}}, {"type": "Feature", "geometry": {"type": "Point", "coordinates": [2.57430893, 48.29628555]}, "properties": {"route": "D16", "pr": "10", "abs": 10928, "label": "D16 PR10+10928"}}, {"type": "Feature", "geometry": {"type": "Point", "coordinates": [2.50416449, 48.3750962]}, "properties": {"route": "D16", "pr": "21", "abs": 21903, "label": "D16 PR21+21903"}}, {"type": "Feature", "geometry": {"type": "Point", "coordinates": [2.52015901, 48.36118251]}, "properties": {"route": "D16", "pr": "19", "abs": 19896, "label": "D16 PR19+19896"}}, {"type": "Feature", "geometry": {"type": "Point", "coordinates": [2.57324519, 48.30525663]}, "properties": {"route": "D16", "pr": "11", "abs": 11929, "label": "D16 PR11+11929"}}, {"type": "Feature", "geometry": {"type": "Point", "coordinates": [2.57210344, 48.31415538]}, "properties": {"route": "D16", "pr": "12", "abs": 12903, "label": "D16 PR12+12903"}}, {"type": "Feature", "geometry": {"type": "Point", "coordinates": [2.57921785, 48.28792288]}, "properties": {"route": "D16", "pr": "9", "abs": 9930, "label": "D16 PR9+9930"}}, {"type": "Feature", "geometry": {"type": "Point", "coordinates": [2.53500986, 48.33887402]}, "properties": {"route": "D16", "pr": "16", "abs": 16910, "label": "D16 PR16+16910"}}, {"type": "Feature", "geometry": {"type": "Point", "coordinates": [2.55749651, 48.56572038]}, "properties": {"route": "D50E3", "pr": "0", "abs": 0, "label": "D50E3 PR0"}}, {"type": "Feature", "geometry": {"type": "Point", "coordinates": [2.58166069, 48.57151638]}, "properties": {"route": "D50E3", "pr": "999", "abs": 1922, "label": "D50E3 PR999+1922"}}, {"type": "Feature", "geometry": {"type": "Point", "coordinates": [2.56468277, 48.56748664]}, "properties": {"route": "D50E3", "pr": "1", "abs": 568, "label": "D50E3 PR1+568"}}, {"type": "Feature", "geometry": {"type": "Point", "coordinates": [2.57727946, 48.57104842]}, "properties": {"route": "D50E3", "pr": "2", "abs": 1583, "label": "D50E3 PR2+1583"}}, {"type": "Feature", "geometry": {"type": "Point", "coordinates": [2.43635277, 48.28693894]}, "properties": {"route": "D103", "pr": "19", "abs": 19098, "label": "D103 PR19+19098"}}, {"type": "Feature", "geometry": {"type": "Point", "coordinates": [2.44975628, 48.28656295]}, "properties": {"route": "D103", "pr": "18", "abs": 18098, "label": "D103 PR18+18098"}}, {"type": "Feature", "geometry": {"type": "Point", "coordinates": [2.52194535, 48.30706787]}, "properties": {"route": "D36A", "pr": "0", "abs": 0, "label": "D36A PR0"}}, {"type": "Feature", "geometry": {"type": "Point", "coordinates": [2.53213169, 48.29465073]}, "properties": {"route": "D36A", "pr": "2", "abs": 2007, "label": "D36A PR2+2007"}}, {"type": "Feature", "geometry": {"type": "Point", "coordinates": [2.55532819, 48.28852022]}, "properties": {"route": "D36A", "pr": "4", "abs": 3994, "label": "D36A PR4+3994"}}, {"type": "Feature", "geometry": {"type": "Point", "coordinates": [2.54251705, 48.28919118]}, "properties": {"route": "D36A", "pr": "3", "abs": 3004, "label": "D36A PR3+3004"}}, {"type": "Feature", "geometry": {"type": "Point", "coordinates": [2.5684258, 48.28706973]}, "properties": {"route": "D36A", "pr": "5", "abs": 4985, "label": "D36A PR5+4985"}}, {"type": "Feature", "geometry": {"type": "Point", "coordinates": [2.56412597, 48.32282666]}, "properties": {"route": "D64", "pr": "999", "abs": 21967, "label": "D64 PR999+21967"}}, {"type": "Feature", "geometry": {"type": "Point", "coordinates": [2.56253906, 48.33245415]}, "properties": {"route": "D64", "pr": "25", "abs": 20869, "label": "D64 PR25+20869"}}, {"type": "Feature", "geometry": {"type": "Point", "coordinates": [2.56396711, 48.38421033]}, "properties": {"route": "D64", "pr": "19", "abs": 14830, "label": "D64 PR19+14830"}}, {"type": "Feature", "geometry": {"type": "Point", "coordinates": [2.56330821, 48.36872872]}, "properties": {"route": "D64", "pr": "21", "abs": 16872, "label": "D64 PR21+16872"}}, {"type": "Feature", "geometry": {"type": "Point", "coordinates": [2.56245796, 48.37679673]}, "properties": {"route": "D64", "pr": "20", "abs": 15840, "label": "D64 PR20+15840"}}, {"type": "Feature", "geometry": {"type": "Point", "coordinates": [2.57572466, 48.42422448]}, "properties": {"route": "D64", "pr": "14", "abs": 9991, "label": "D64 PR14+9991"}}, {"type": "Feature", "geometry": {"type": "Point", "coordinates": [2.56523817, 48.34906922]}, "properties": {"route": "D64", "pr": "23", "abs": 18899, "label": "D64 PR23+18899"}}, {"type": "Feature", "geometry": {"type": "Point", "coordinates": [2.56354005, 48.36015095]}, "properties": {"route": "D64", "pr": "22", "abs": 17869, "label": "D64 PR22+17869"}}, {"type": "Feature", "geometry": {"type": "Point", "coordinates": [2.55678365, 48.39149901]}, "properties": {"route": "D64", "pr": "18", "abs": 13828, "label": "D64 PR18+13828"}}, {"type": "Feature", "geometry": {"type": "Point", "coordinates": [2.56316132, 48.34104785]}, "properties": {"route": "D64", "pr": "24", "abs": 19861, "label": "D64 PR24+19861"}}, {"type": "Feature", "geometry": {"type": "Point", "coordinates": [2.5645692, 48.32371722]}, "properties": {"route": "D64", "pr": "26", "abs": 21860, "label": "D64 PR26+21860"}}, {"type": "Feature", "geometry": {"type": "Point", "coordinates": [2.55943564, 48.39936758]}, "properties": {"route": "D64", "pr": "17", "abs": 12839, "label": "D64 PR17+12839"}}, {"type": "Feature", "geometry": {"type": "Point", "coordinates": [2.56590749, 48.41831418]}, "properties": {"route": "D64", "pr": "15", "abs": 10993, "label": "D64 PR15+10993"}}, {"type": "Feature", "geometry": {"type": "Point", "coordinates": [2.56266481, 48.40812076]}, "properties": {"route": "D64", "pr": "16", "abs": 11836, "label": "D64 PR16+11836"}}, {"type": "Feature", "geometry": {"type": "Point", "coordinates": [2.58514748, 48.43070743]}, "properties": {"route": "D64", "pr": "13", "abs": 8988, "label": "D64 PR13+8988"}}, {"type": "Feature", "geometry": {"type": "Point", "coordinates": [2.52702072, 48.61943346]}, "properties": {"route": "D402", "pr": "0", "abs": 0, "label": "D402 PR0 (G)"}}, {"type": "Feature", "geometry": {"type": "Point", "coordinates": [2.55766071, 48.62221917]}, "properties": {"route": "D402", "pr": "2", "abs": 1662, "label": "D402 PR2+1662 (G)"}}, {"type": "Feature", "geometry": {"type": "Point", "coordinates": [2.57682035, 48.62554862]}, "properties": {"route": "D402", "pr": "4", "abs": 3195, "label": "D402 PR4+3195 (G)"}}, {"type": "Feature", "geometry": {"type": "Point", "coordinates": [2.5393138, 48.6225499]}, "properties": {"route": "D402", "pr": "1", "abs": 971, "label": "D402 PR1+971 (G)"}}, {"type": "Feature", "geometry": {"type": "Point", "coordinates": [2.55906486, 48.62271911]}, "properties": {"route": "D402", "pr": "3", "abs": 1833, "label": "D402 PR3+1833 (G)"}}, {"type": "Feature", "geometry": {"type": "Point", "coordinates": [2.53375764, 48.58918718]}, "properties": {"route": "D346", "pr": "0", "abs": 0, "label": "D346 PR0"}}, {"type": "Feature", "geometry": {"type": "Point", "coordinates": [2.56902765, 48.57611568]}, "properties": {"route": "D346", "pr": "3", "abs": 3003, "label": "D346 PR3+3003"}}, {"type": "Feature", "geometry": {"type": "Point", "coordinates": [2.55704845, 48.5802474]}, "properties": {"route": "D346", "pr": "2", "abs": 2005, "label": "D346 PR2+2005"}}, {"type": "Feature", "geometry": {"type": "Point", "coordinates": [2.54417029, 48.58541164]}, "properties": {"route": "D346", "pr": "1", "abs": 895, "label": "D346 PR1+895"}}, {"type": "Feature", "geometry": {"type": "Point", "coordinates": [2.52656374, 48.29470956]}, "properties": {"route": "D36A", "pr": "1", "abs": 994, "label": "D36A PR1+994 (G)"}}, {"type": "Feature", "geometry": {"type": "Point", "coordinates": [2.52712677, 48.29477479]}, "properties": {"route": "D36A", "pr": "999", "abs": 1533, "label": "D36A PR999+1533 (G)"}}, {"type": "Feature", "geometry": {"type": "Point", "coordinates": [2.56201729, 48.60034083]}, "properties": {"route": "D50", "pr": "13", "abs": 10015, "label": "D50 PR13+10015 (G)"}}, {"type": "Feature", "geometry": {"type": "Point", "coordinates": [2.55746555, 48.62187213]}, "properties": {"route": "D50", "pr": "10", "abs": 7366, "label": "D50 PR10+7366 (G)"}}, {"type": "Feature", "geometry": {"type": "Point", "coordinates": [2.54965727, 48.64772891]}, "properties": {"route": "D50", "pr": "7", "abs": 6232, "label": "D50 PR7+6232 (G)"}}, {"type": "Feature", "geometry": {"type": "Point", "coordinates": [2.54783038, 48.55187752]}, "properties": {"route": "D50", "pr": "999", "abs": 16302, "label": "D50 PR999+16302 (G)"}}, {"type": "Feature", "geometry": {"type": "Point", "coordinates": [2.54761877, 48.5531604]}, "properties": {"route": "D50", "pr": "19", "abs": 15943, "label": "D50 PR19+15943 (G)"}}, {"type": "Feature", "geometry": {"type": "Point", "coordinates": [2.55496837, 48.61014205]}, "properties": {"route": "D50", "pr": "11", "abs": 8496, "label": "D50 PR11+8496 (G)"}}, {"type": "Feature", "geometry": {"type": "Point", "coordinates": [2.5560253, 48.60787559]}, "properties": {"route": "D50", "pr": "12", "abs": 9044, "label": "D50 PR12+9044 (G)"}}, {"type": "Feature", "geometry": {"type": "Point", "coordinates": [2.54979693, 48.64380312]}, "properties": {"route": "D50", "pr": "8", "abs": 7291, "label": "D50 PR8+7291 (G)"}}, {"type": "Feature", "geometry": {"type": "Point", "coordinates": [2.56434882, 48.59151684]}, "properties": {"route": "D50", "pr": "14", "abs": 10993, "label": "D50 PR14+10993 (G)"}}, {"type": "Feature", "geometry": {"type": "Point", "coordinates": [2.56628601, 48.62466339]}, "properties": {"route": "D1149", "pr": "0", "abs": 0, "label": "D1149 PR0 (G)"}}, {"type": "Feature", "geometry": {"type": "Point", "coordinates": [2.56329415, 48.62905108]}, "properties": {"route": "D1149", "pr": "999", "abs": 535, "label": "D1149 PR999+535 (G)"}}, {"type": "Feature", "geometry": {"type": "Point", "coordinates": [2.56068826, 48.65643222]}, "properties": {"route": "D57", "pr": "29", "abs": 28756, "label": "D57 PR29+28756"}}, {"type": "Feature", "geometry": {"type": "Point", "coordinates": [2.56346162, 48.66412853]}, "properties": {"route": "D48", "pr": "999", "abs": 20564, "label": "D48 PR999+20564"}}, {"type": "Feature", "geometry": {"type": "Point", "coordinates": [2.57622366, 48.66204461]}, "properties": {"route": "D48", "pr": "20", "abs": 19580, "label": "D48 PR20+19580"}}, {"type": "Feature", "geometry": {"type": "Point", "coordinates": [2.56355568, 48.58792207]}, "properties": {"route": "D151", "pr": "3", "abs": 2770, "label": "D151 PR3+2770"}}, {"type": "Feature", "geometry": {"type": "Point", "coordinates": [2.57583541, 48.58450233]}, "properties": {"route": "D151", "pr": "2", "abs": 1832, "label": "D151 PR2+1832"}}, {"type": "Feature", "geometry": {"type": "Point", "coordinates": [2.4993734, 48.31802333]}, "properties": {"route": "D16A1", "pr": "999", "abs": 6020, "label": "D16A1 PR999+6020"}}, {"type": "Feature", "geometry": {"type": "Point", "coordinates": [2.49879613, 48.29207321]}, "properties": {"route": "D16A1", "pr": "3", "abs": 2999, "label": "D16A1 PR3+2999"}}, {"type": "Feature", "geometry": {"type": "Point", "coordinates": [2.50012574, 48.30854148]}, "properties": {"route": "D16A1", "pr": "5", "abs": 4904, "label": "D16A1 PR5+4904"}}, {"type": "Feature", "geometry": {"type": "Point", "coordinates": [2.49948623, 48.31793203]}, "properties": {"route": "D16A1", "pr": "6", "abs": 6007, "label": "D16A1 PR6+6007"}}, {"type": "Feature", "geometry": {"type": "Point", "coordinates": [2.49677506, 48.30082188]}, "properties": {"route": "D16A1", "pr": "4", "abs": 3999, "label": "D16A1 PR4+3999"}}, {"type": "Feature", "geometry": {"type": "Point", "coordinates": [2.54800641, 48.62480771]}, "properties": {"route": "D1402E", "pr": "0", "abs": 0, "label": "D1402E PR0"}}, {"type": "Feature", "geometry": {"type": "Point", "coordinates": [2.54970991, 48.62205355]}, "properties": {"route": "D1402E", "pr": "999", "abs": 330, "label": "D1402E PR999+330"}}, {"type": "Feature", "geometry": {"type": "Point", "coordinates": [2.50445309, 48.47964329]}, "properties": {"route": "D11", "pr": "999", "abs": 13128, "label": "D11 PR999+13128"}}, {"type": "Feature", "geometry": {"type": "Point", "coordinates": [2.56123337, 48.44071549]}, "properties": {"route": "D11", "pr": "7", "abs": 6048, "label": "D11 PR7+6048"}}, {"type": "Feature", "geometry": {"type": "Point", "coordinates": [2.52152907, 48.46781395]}, "properties": {"route": "D11", "pr": "12", "abs": 11091, "label": "D11 PR12+11091"}}, {"type": "Feature", "geometry": {"type": "Point", "coordinates": [2.5721398, 48.43586842]}, "properties": {"route": "D11", "pr": "6", "abs": 5041, "label": "D11 PR6+5041"}}, {"type": "Feature", "geometry": {"type": "Point", "coordinates": [2.58438223, 48.43174565]}, "properties": {"route": "D11", "pr": "5", "abs": 4025, "label": "D11 PR5+4025"}}, {"type": "Feature", "geometry": {"type": "Point", "coordinates": [2.55058384, 48.44548784]}, "properties": {"route": "D11", "pr": "8", "abs": 7060, "label": "D11 PR8+7060"}}, {"type": "Feature", "geometry": {"type": "Point", "coordinates": [2.52572372, 48.4606733]}, "properties": {"route": "D11", "pr": "11", "abs": 10085, "label": "D11 PR11+10085"}}, {"type": "Feature", "geometry": {"type": "Point", "coordinates": [2.50451612, 48.47955989]}, "properties": {"route": "D11", "pr": "14", "abs": 13118, "label": "D11 PR14+13118"}}, {"type": "Feature", "geometry": {"type": "Point", "coordinates": [2.53747614, 48.45843819]}, "properties": {"route": "D11", "pr": "10", "abs": 9076, "label": "D11 PR10+9076"}}, {"type": "Feature", "geometry": {"type": "Point", "coordinates": [2.51389803, 48.47334447]}, "properties": {"route": "D11", "pr": "13", "abs": 12100, "label": "D11 PR13+12100"}}, {"type": "Feature", "geometry": {"type": "Point", "coordinates": [2.5449672, 48.45182331]}, "properties": {"route": "D11", "pr": "9", "abs": 8066, "label": "D11 PR9+8066"}}, {"type": "Feature", "geometry": {"type": "Point", "coordinates": [2.42059008, 48.29929653]}, "properties": {"route": "D152", "pr": "999", "abs": 24482, "label": "D152 PR999+24482"}}, {"type": "Feature", "geometry": {"type": "Point", "coordinates": [2.42059008, 48.29929653]}, "properties": {"route": "D152", "pr": "60", "abs": 24479, "label": "D152 PR60+24479"}}, {"type": "Feature", "geometry": {"type": "Point", "coordinates": [2.51089323, 48.30513685]}, "properties": {"route": "D152", "pr": "53", "abs": 17458, "label": "D152 PR53+17458"}}, {"type": "Feature", "geometry": {"type": "Point", "coordinates": [2.48391223, 48.30569349]}, "properties": {"route": "D152", "pr": "55", "abs": 19459, "label": "D152 PR55+19459"}}, {"type": "Feature", "geometry": {"type": "Point", "coordinates": [2.43330738, 48.30221932]}, "properties": {"route": "D152", "pr": "59", "abs": 23471, "label": "D152 PR59+23471"}}, {"type": "Feature", "geometry": {"type": "Point", "coordinates": [2.57399294, 48.31919079]}, "properties": {"route": "D152", "pr": "48", "abs": 12421, "label": "D152 PR48+12421"}}, {"type": "Feature", "geometry": {"type": "Point", "coordinates": [2.45693218, 48.30675054]}, "properties": {"route": "D152", "pr": "57", "abs": 21464, "label": "D152 PR57+21464"}}, {"type": "Feature", "geometry": {"type": "Point", "coordinates": [2.54997436, 48.31189417]}, "properties": {"route": "D152", "pr": "50", "abs": 14436, "label": "D152 PR50+14436"}}, {"type": "Feature", "geometry": {"type": "Point", "coordinates": [2.52369411, 48.30742042]}, "properties": {"route": "D152", "pr": "52", "abs": 16456, "label": "D152 PR52+16456"}}, {"type": "Feature", "geometry": {"type": "Point", "coordinates": [2.49740139, 48.30542313]}, "properties": {"route": "D152", "pr": "54", "abs": 18459, "label": "D152 PR54+18459"}}, {"type": "Feature", "geometry": {"type": "Point", "coordinates": [2.47038486, 48.30599363]}, "properties": {"route": "D152", "pr": "56", "abs": 20463, "label": "D152 PR56+20463"}}, {"type": "Feature", "geometry": {"type": "Point", "coordinates": [2.5828137, 48.32570112]}, "properties": {"route": "D152", "pr": "47", "abs": 11443, "label": "D152 PR47+11443"}}, {"type": "Feature", "geometry": {"type": "Point", "coordinates": [2.53689096, 48.30943242]}, "properties": {"route": "D152", "pr": "51", "abs": 15445, "label": "D152 PR51+15445"}}, {"type": "Feature", "geometry": {"type": "Point", "coordinates": [2.44344811, 48.30750487]}, "properties": {"route": "D152", "pr": "58", "abs": 22468, "label": "D152 PR58+22468"}}, {"type": "Feature", "geometry": {"type": "Point", "coordinates": [2.56286656, 48.31429888]}, "properties": {"route": "D152", "pr": "49", "abs": 13444, "label": "D152 PR49+13444"}}, {"type": "Feature", "geometry": {"type": "Point", "coordinates": [2.57587381, 48.3203168]}, "properties": {"route": "D104", "pr": "999", "abs": 19726, "label": "D104 PR999+19726"}}, {"type": "Feature", "geometry": {"type": "Point", "coordinates": [2.58504608, 48.32011268]}, "properties": {"route": "D104", "pr": "19", "abs": 19038, "label": "D104 PR19+19038"}}, {"type": "Feature", "geometry": {"type": "Point", "coordinates": [2.53751934, 48.48747739]}, "properties": {"route": "D24", "pr": "5", "abs": 5290, "label": "D24 PR5+5290"}}, {"type": "Feature", "geometry": {"type": "Point", "coordinates": [2.55628899, 48.49943374]}, "properties": {"route": "D24", "pr": "3", "abs": 3276, "label": "D24 PR3+3276"}}, {"type": "Feature", "geometry": {"type": "Point", "coordinates": [2.52676856, 48.48387256]}, "properties": {"route": "D24", "pr": "6", "abs": 6266, "label": "D24 PR6+6266"}}, {"type": "Feature", "geometry": {"type": "Point", "coordinates": [2.51314216, 48.48103046]}, "properties": {"route": "D24", "pr": "7", "abs": 7343, "label": "D24 PR7+7343"}}, {"type": "Feature", "geometry": {"type": "Point", "coordinates": [2.56937872, 48.5022212]}, "properties": {"route": "D24", "pr": "2", "abs": 2257, "label": "D24 PR2+2257"}}, {"type": "Feature", "geometry": {"type": "Point", "coordinates": [2.54497025, 48.49471477]}, "properties": {"route": "D24", "pr": "4", "abs": 4267, "label": "D24 PR4+4267"}}, {"type": "Feature", "geometry": {"type": "Point", "coordinates": [2.58269524, 48.50219855]}, "properties": {"route": "D24", "pr": "1", "abs": 1160, "label": "D24 PR1+1160"}}, {"type": "Feature", "geometry": {"type": "Point", "coordinates": [2.58154168, 48.69742435]}, "properties": {"route": "D216", "pr": "999", "abs": 36270, "label": "D216 PR999+36270"}}, {"type": "Feature", "geometry": {"type": "Point", "coordinates": [2.58368543, 48.69712873]}, "properties": {"route": "D216", "pr": "37", "abs": 36111, "label": "D216 PR37+36111"}}, {"type": "Feature", "geometry": {"type": "Point", "coordinates": [2.57524007, 48.64187536]}, "properties": {"route": "D57", "pr": "26", "abs": 26014, "label": "D57 PR26+26014 (G)"}}, {"type": "Feature", "geometry": {"type": "Point", "coordinates": [2.54988689, 48.66569352]}, "properties": {"route": "D57", "pr": "30", "abs": 29763, "label": "D57 PR30+29763 (G)"}}, {"type": "Feature", "geometry": {"type": "Point", "coordinates": [2.57496695, 48.64207947]}, "properties": {"route": "D57", "pr": "27", "abs": 26943, "label": "D57 PR27+26943 (G)"}}, {"type": "Feature", "geometry": {"type": "Point", "coordinates": [2.56523566, 48.64853245]}, "properties": {"route": "D57", "pr": "28", "abs": 27885, "label": "D57 PR28+27885 (G)"}}, {"type": "Feature", "geometry": {"type": "Point", "coordinates": [2.54888193, 48.66554581]}, "properties": {"route": "D57", "pr": "999", "abs": 30113, "label": "D57 PR999+30113 (G)"}}, {"type": "Feature", "geometry": {"type": "Point", "coordinates": [2.57369218, 48.62628137]}, "properties": {"route": "D57", "pr": "25", "abs": 24947, "label": "D57 PR25+24947 (G)"}}, {"type": "Feature", "geometry": {"type": "Point", "coordinates": [2.56819046, 48.31529643]}, "properties": {"route": "D36", "pr": "0", "abs": 0, "label": "D36 PR0"}}, {"type": "Feature", "geometry": {"type": "Point", "coordinates": [2.55312126, 48.30059189]}, "properties": {"route": "D36", "pr": "2", "abs": 1991, "label": "D36 PR2+1991"}}, {"type": "Feature", "geometry": {"type": "Point", "coordinates": [2.54390183, 48.29400298]}, "properties": {"route": "D36", "pr": "3", "abs": 2993, "label": "D36 PR3+2993"}}, {"type": "Feature", "geometry": {"type": "Point", "coordinates": [2.53655035, 48.28651999]}, "properties": {"route": "D36", "pr": "4", "abs": 3994, "label": "D36 PR4+3994"}}, {"type": "Feature", "geometry": {"type": "Point", "coordinates": [2.5606841, 48.30798996]}, "properties": {"route": "D36", "pr": "1", "abs": 994, "label": "D36 PR1+994"}}, {"type": "Feature", "geometry": {"type": "Point", "coordinates": [2.57854425, 48.53041402]}, "properties": {"route": "D39", "pr": "41", "abs": 39989, "label": "D39 PR41+39989"}}, {"type": "Feature", "geometry": {"type": "Point", "coordinates": [2.5544916, 48.53719553]}, "properties": {"route": "D39", "pr": "43", "abs": 41949, "label": "D39 PR43+41949"}}, {"type": "Feature", "geometry": {"type": "Point", "coordinates": [2.56746334, 48.5347255]}, "properties": {"route": "D39", "pr": "42", "abs": 40950, "label": "D39 PR42+40950"}}, {"type": "Feature", "geometry": {"type": "Point", "coordinates": [2.52917006, 48.46054128]}, "properties": {"route": "D372", "pr": "12", "abs": 11883, "label": "D372 PR12+11883"}}, {"type": "Feature", "geometry": {"type": "Point", "coordinates": [2.54937586, 48.47296801]}, "properties": {"route": "D372", "pr": "10", "abs": 9841, "label": "D372 PR10+9841"}}, {"type": "Feature", "geometry": {"type": "Point", "coordinates": [2.55981721, 48.47869908]}, "properties": {"route": "D372", "pr": "9", "abs": 8833, "label": "D372 PR9+8833"}}, {"type": "Feature", "geometry": {"type": "Point", "coordinates": [2.56957948, 48.48467684]}, "properties": {"route": "D372", "pr": "8", "abs": 7844, "label": "D372 PR8+7844"}}, {"type": "Feature", "geometry": {"type": "Point", "coordinates": [2.51732339, 48.45557358]}, "properties": {"route": "D372", "pr": "13", "abs": 12887, "label": "D372 PR13+12887"}}, {"type": "Feature", "geometry": {"type": "Point", "coordinates": [2.57878905, 48.49116458]}, "properties": {"route": "D372", "pr": "7", "abs": 6843, "label": "D372 PR7+6843"}}, {"type": "Feature", "geometry": {"type": "Point", "coordinates": [2.53933332, 48.46690916]}, "properties": {"route": "D372", "pr": "11", "abs": 10848, "label": "D372 PR11+10848"}}, {"type": "Feature", "geometry": {"type": "Point", "coordinates": [2.51354593, 48.35888919]}, "properties": {"route": "D63A2", "pr": "0", "abs": 0, "label": "D63A2 PR0"}}, {"type": "Feature", "geometry": {"type": "Point", "coordinates": [2.49597434, 48.37323887]}, "properties": {"route": "D63A2", "pr": "999", "abs": 2240, "label": "D63A2 PR999+2240"}}, {"type": "Feature", "geometry": {"type": "Point", "coordinates": [2.50848813, 48.36719597]}, "properties": {"route": "D63A2", "pr": "1", "abs": 1010, "label": "D63A2 PR1+1010"}}, {"type": "Feature", "geometry": {"type": "Point", "coordinates": [2.49824066, 48.37178468]}, "properties": {"route": "D63A2", "pr": "2", "abs": 1998, "label": "D63A2 PR2+1998"}}, {"type": "Feature", "geometry": {"type": "Point", "coordinates": [2.43702474, 48.35515568]}, "properties": {"route": "D63", "pr": "0", "abs": 0, "label": "D63 PR0"}}, {"type": "Feature", "geometry": {"type": "Point", "coordinates": [2.49972471, 48.35701422]}, "properties": {"route": "D63", "pr": "5", "abs": 5085, "label": "D63 PR5+5085"}}, {"type": "Feature", "geometry": {"type": "Point", "coordinates": [2.46243132, 48.34832789]}, "properties": {"route": "D63", "pr": "2", "abs": 2062, "label": "D63 PR2+2062"}}, {"type": "Feature", "geometry": {"type": "Point", "coordinates": [2.53787982, 48.35829382]}, "properties": {"route": "D63", "pr": "8", "abs": 7977, "label": "D63 PR8+7977"}}, {"type": "Feature", "geometry": {"type": "Point", "coordinates": [2.51278068, 48.3587205]}, "properties": {"route": "D63", "pr": "6", "abs": 6087, "label": "D63 PR6+6087"}}, {"type": "Feature", "geometry": {"type": "Point", "coordinates": [2.57448411, 48.35189728]}, "properties": {"route": "D63", "pr": "11", "abs": 10986, "label": "D63 PR11+10986"}}, {"type": "Feature", "geometry": {"type": "Point", "coordinates": [2.4472847, 48.35035363]}, "properties": {"route": "D63", "pr": "1", "abs": 986, "label": "D63 PR1+986"}}, {"type": "Feature", "geometry": {"type": "Point", "coordinates": [2.47324679, 48.35265282]}, "properties": {"route": "D63", "pr": "3", "abs": 3032, "label": "D63 PR3+3032"}}, {"type": "Feature", "geometry": {"type": "Point", "coordinates": [2.5642274, 48.35638012]}, "properties": {"route": "D63", "pr": "10", "abs": 9981, "label": "D63 PR10+9981"}}, {"type": "Feature", "geometry": {"type": "Point", "coordinates": [2.55100837, 48.35641803]}, "properties": {"route": "D63", "pr": "9", "abs": 8985, "label": "D63 PR9+8985"}}, {"type": "Feature", "geometry": {"type": "Point", "coordinates": [2.52480745, 48.35922459]}, "properties": {"route": "D63", "pr": "7", "abs": 6997, "label": "D63 PR7+6997"}}, {"type": "Feature", "geometry": {"type": "Point", "coordinates": [2.48700894, 48.35456032]}, "properties": {"route": "D63", "pr": "4", "abs": 4086, "label": "D63 PR4+4086"}}, {"type": "Feature", "geometry": {"type": "Point", "coordinates": [2.57628687, 48.61048968]}, "properties": {"route": "D150", "pr": "0", "abs": 0, "label": "D150 PR0"}}, {"type": "Feature", "geometry": {"type": "Point", "coordinates": [2.57958809, 48.60244162]}, "properties": {"route": "D150", "pr": "1", "abs": 914, "label": "D150 PR1+914"}}, {"type": "Feature", "geometry": {"type": "Point", "coordinates": [2.54800749, 48.55255197]}, "properties": {"route": "D82", "pr": "999", "abs": 9759, "label": "D82 PR999+9759 (G)"}}, {"type": "Feature", "geometry": {"type": "Point", "coordinates": [2.57217014, 48.55467616]}, "properties": {"route": "D82", "pr": "9", "abs": 7235, "label": "D82 PR9+7235 (G)"}}, {"type": "Feature", "geometry": {"type": "Point", "coordinates": [2.56791613, 48.55440711]}, "properties": {"route": "D82", "pr": "10", "abs": 8250, "label": "D82 PR10+8250 (G)"}}, {"type": "Feature", "geometry": {"type": "Point", "coordinates": [2.54877817, 48.55258819]}, "properties": {"route": "D82", "pr": "11", "abs": 9267, "label": "D82 PR11+9267 (G)"}}, {"type": "Feature", "geometry": {"type": "Point", "coordinates": [2.55935984, 48.52448456]}, "properties": {"route": "D142", "pr": "0", "abs": 0, "label": "D142 PR0"}}, {"type": "Feature", "geometry": {"type": "Point", "coordinates": [2.57056365, 48.52036226]}, "properties": {"route": "D142", "pr": "1", "abs": 900, "label": "D142 PR1+900"}}, {"type": "Feature", "geometry": {"type": "Point", "coordinates": [2.58222341, 48.51606419]}, "properties": {"route": "D142", "pr": "2", "abs": 1884, "label": "D142 PR2+1884"}}, {"type": "Feature", "geometry": {"type": "Point", "coordinates": [2.50604298, 48.55140546]}, "properties": {"route": "D607", "pr": "0", "abs": 0, "label": "D607 PR0"}}, {"type": "Feature", "geometry": {"type": "Point", "coordinates": [2.57204719, 48.50882132]}, "properties": {"route": "D607", "pr": "7", "abs": 6842, "label": "D607 PR7+6842"}}, {"type": "Feature", "geometry": {"type": "Point", "coordinates": [2.53475573, 48.53344875]}, "properties": {"route": "D607", "pr": "3", "abs": 2847, "label": "D607 PR3+2847"}}, {"type": "Feature", "geometry": {"type": "Point", "coordinates": [2.52338761, 48.53759037]}, "properties": {"route": "D607", "pr": "2", "abs": 1937, "label": "D607 PR2+1937"}}, {"type": "Feature", "geometry": {"type": "Point", "coordinates": [2.57847193, 48.50099076]}, "properties": {"route": "D607", "pr": "8", "abs": 7834, "label": "D607 PR8+7834"}}, {"type": "Feature", "geometry": {"type": "Point", "coordinates": [2.55878134, 48.52467222]}, "properties": {"route": "D607", "pr": "5", "abs": 4843, "label": "D607 PR5+4843"}}, {"type": "Feature", "geometry": {"type": "Point", "coordinates": [2.54719888, 48.52898357]}, "properties": {"route": "D607", "pr": "4", "abs": 3861, "label": "D607 PR4+3861"}}, {"type": "Feature", "geometry": {"type": "Point", "coordinates": [2.58511056, 48.49291228]}, "properties": {"route": "D607", "pr": "9", "abs": 8780, "label": "D607 PR9+8780"}}, {"type": "Feature", "geometry": {"type": "Point", "coordinates": [2.56552274, 48.5166862]}, "properties": {"route": "D607", "pr": "6", "abs": 5844, "label": "D607 PR6+5844"}}, {"type": "Feature", "geometry": {"type": "Point", "coordinates": [2.5140743, 48.54391001]}, "properties": {"route": "D607", "pr": "1", "abs": 1001, "label": "D607 PR1+1001"}}, {"type": "Feature", "geometry": {"type": "Point", "coordinates": [2.52735817, 48.53591771]}, "properties": {"route": "D141", "pr": "0", "abs": 0, "label": "D141 PR0"}}, {"type": "Feature", "geometry": {"type": "Point", "coordinates": [2.50099982, 48.52805377]}, "properties": {"route": "D141", "pr": "999", "abs": 2447, "label": "D141 PR999+2447"}}, {"type": "Feature", "geometry": {"type": "Point", "coordinates": [2.51692996, 48.53246368]}, "properties": {"route": "D141", "pr": "3", "abs": 950, "label": "D141 PR3+950"}}, {"type": "Feature", "geometry": {"type": "Point", "coordinates": [2.53453082, 48.40419366]}, "properties": {"route": "D409", "pr": "0", "abs": 0, "label": "D409 PR0"}}, {"type": "Feature", "geometry": {"type": "Point", "coordinates": [2.54741198, 48.40148152]}, "properties": {"route": "D409", "pr": "1", "abs": 999, "label": "D409 PR1+999"}}, {"type": "Feature", "geometry": {"type": "Point", "coordinates": [2.56561918, 48.41264165]}, "properties": {"route": "D409", "pr": "3", "abs": 2977, "label": "D409 PR3+2977"}}, {"type": "Feature", "geometry": {"type": "Point", "coordinates": [2.57870752, 48.41431545]}, "properties": {"route": "D409", "pr": "4", "abs": 3979, "label": "D409 PR4+3979"}}, {"type": "Feature", "geometry": {"type": "Point", "coordinates": [2.56313465, 48.40930735]}, "properties": {"route": "D409", "pr": "2", "abs": 2010, "label": "D409 PR2+2010 (G)"}}, {"type": "Feature", "geometry": {"type": "Point", "coordinates": [2.56402758, 48.41015632]}, "properties": {"route": "D409", "pr": "999", "abs": 2669, "label": "D409 PR999+2669 (G)"}}, {"type": "Feature", "geometry": {"type": "Point", "coordinates": [2.57389486, 48.61305198]}, "properties": {"route": "D306", "pr": "2", "abs": 1444, "label": "D306 PR2+1444"}}, {"type": "Feature", "geometry": {"type": "Point", "coordinates": [2.47642951, 48.37968054]}, "properties": {"route": "D410", "pr": "0", "abs": 0, "label": "D410 PR0"}}, {"type": "Feature", "geometry": {"type": "Point", "coordinates": [2.44105682, 48.316913]}, "properties": {"route": "D410", "pr": "8", "abs": 8032, "label": "D410 PR8+8032"}}, {"type": "Feature", "geometry": {"type": "Point", "coordinates": [2.46702729, 48.36285111]}, "properties": {"route": "D410", "pr": "2", "abs": 2006, "label": "D410 PR2+2006"}}, {"type": "Feature", "geometry": {"type": "Point", "coordinates": [2.44656165, 48.32515166]}, "properties": {"route": "D410", "pr": "7", "abs": 7029, "label": "D410 PR7+7029"}}, {"type": "Feature", "geometry": {"type": "Point", "coordinates": [2.43554673, 48.3086974]}, "properties": {"route": "D410", "pr": "9", "abs": 9032, "label": "D410 PR9+9032"}}, {"type": "Feature", "geometry": {"type": "Point", "coordinates": [2.45757571, 48.34157046]}, "properties": {"route": "D410", "pr": "5", "abs": 5030, "label": "D410 PR5+5030"}}, {"type": "Feature", "geometry": {"type": "Point", "coordinates": [2.45547103, 48.3482898]}, "properties": {"route": "D410", "pr": "4", "abs": 4011, "label": "D410 PR4+4011"}}, {"type": "Feature", "geometry": {"type": "Point", "coordinates": [2.47233953, 48.37111347]}, "properties": {"route": "D410", "pr": "1", "abs": 1003, "label": "D410 PR1+1003"}}, {"type": "Feature", "geometry": {"type": "Point", "coordinates": [2.45204719, 48.33333322]}, "properties": {"route": "D410", "pr": "6", "abs": 6033, "label": "D410 PR6+6033"}}, {"type": "Feature", "geometry": {"type": "Point", "coordinates": [2.45724925, 48.35660953]}, "properties": {"route": "D410", "pr": "3", "abs": 3017, "label": "D410 PR3+3017"}}, {"type": "Feature", "geometry": {"type": "Point", "coordinates": [2.5620346, 48.6234074]}, "properties": {"route": "D306", "pr": "0", "abs": 0, "label": "D306 PR0"}}, {"type": "Feature", "geometry": {"type": "Point", "coordinates": [2.56669861, 48.61924081]}, "properties": {"route": "D306", "pr": "1", "abs": 575, "label": "D306 PR1+575"}}, {"type": "Feature", "geometry": {"type": "Point", "coordinates": [2.56913354, 48.62555255]}, "properties": {"route": "D402", "pr": "FS", "abs": null, "label": "D402 PRFS (G)"}}, {"type": "Feature", "geometry": {"type": "Point", "coordinates": [2.58211859, 48.58429607]}, "properties": {"route": "D151", "pr": "FS", "abs": null, "label": "D151 PRFS"}}, {"type": "Feature", "geometry": {"type": "Point", "coordinates": [2.57892351, 48.60547788]}, "properties": {"route": "D150", "pr": "DS", "abs": null, "label": "D150 PRDS"}}, {"type": "Feature", "geometry": {"type": "Point", "coordinates": [2.57892351, 48.60547788]}, "properties": {"route": "D150", "pr": "FS", "abs": null, "label": "D150 PRFS"}}, {"type": "Feature", "geometry": {"type": "Point", "coordinates": [2.56266509, 48.58854219]}, "properties": {"route": "D50", "pr": "FS", "abs": null, "label": "D50 PRFS"}}, {"type": "Feature", "geometry": {"type": "Point", "coordinates": [2.52158189, 48.45756193]}, "properties": {"route": "D372", "pr": "DS", "abs": null, "label": "D372 PRDS"}}, {"type": "Feature", "geometry": {"type": "Point", "coordinates": [2.52158189, 48.45756193]}, "properties": {"route": "D372", "pr": "FS", "abs": null, "label": "D372 PRFS"}}, {"type": "Feature", "geometry": {"type": "Point", "coordinates": [2.54766473, 48.53668488]}, "properties": {"route": "D50", "pr": "FS", "abs": null, "label": "D50 PRFS"}}, {"type": "Feature", "geometry": {"type": "Point", "coordinates": [2.54151219, 48.52057041]}, "properties": {"route": "D50", "pr": "FS", "abs": null, "label": "D50 PRFS"}}, {"type": "Feature", "geometry": {"type": "Point", "coordinates": [2.57838853, 48.50109392]}, "properties": {"route": "D607", "pr": "DS", "abs": null, "label": "D607 PRDS"}}, {"type": "Feature", "geometry": {"type": "Point", "coordinates": [2.57838853, 48.50109392]}, "properties": {"route": "D607", "pr": "FS", "abs": null, "label": "D607 PRFS"}}, {"type": "Feature", "geometry": {"type": "Point", "coordinates": [2.5525524, 48.61395778]}, "properties": {"route": "D50", "pr": "FS", "abs": null, "label": "D50 PRFS"}}, {"type": "Feature", "geometry": {"type": "Point", "coordinates": [2.53548371, 48.53337963]}, "properties": {"route": "D607", "pr": "FS", "abs": null, "label": "D607 PRFS"}}, {"type": "Feature", "geometry": {"type": "Point", "coordinates": [2.5799053, 48.60144696]}, "properties": {"route": "D150", "pr": "FS", "abs": null, "label": "D150 PRFS"}}, {"type": "Feature", "geometry": {"type": "Point", "coordinates": [2.54965727, 48.64772891]}, "properties": {"route": "D50", "pr": "FS", "abs": null, "label": "D50 PRFS"}}, {"type": "Feature", "geometry": {"type": "Point", "coordinates": [2.57740203, 48.50323867]}, "properties": {"route": "D607", "pr": "FS", "abs": null, "label": "D607 PRFS"}}, {"type": "Feature", "geometry": {"type": "Point", "coordinates": [2.5687886, 48.62871759]}, "properties": {"route": "D1149", "pr": "FS", "abs": null, "label": "D1149 PRFS"}}, {"type": "Feature", "geometry": {"type": "Point", "coordinates": [2.56349332, 48.6645604]}, "properties": {"route": "D50", "pr": "FS", "abs": null, "label": "D50 PRFS"}}, {"type": "Feature", "geometry": {"type": "Point", "coordinates": [2.54553709, 48.66682656]}, "properties": {"route": "D57", "pr": "DS", "abs": null, "label": "D57 PRDS"}}, {"type": "Feature", "geometry": {"type": "Point", "coordinates": [2.54553709, 48.66682656]}, "properties": {"route": "D57", "pr": "FS", "abs": null, "label": "D57 PRFS"}}, {"type": "Feature", "geometry": {"type": "Point", "coordinates": [2.57453181, 48.5057824]}, "properties": {"route": "D607", "pr": "DS", "abs": null, "label": "D607 PRDS"}}, {"type": "Feature", "geometry": {"type": "Point", "coordinates": [2.57453181, 48.5057824]}, "properties": {"route": "D607", "pr": "FS", "abs": null, "label": "D607 PRFS"}}, {"type": "Feature", "geometry": {"type": "Point", "coordinates": [2.57275571, 48.62880024]}, "properties": {"route": "D57", "pr": "FS", "abs": null, "label": "D57 PRFS (G)"}}, {"type": "Feature", "geometry": {"type": "Point", "coordinates": [2.55671966, 48.65820301]}, "properties": {"route": "D57", "pr": "DS", "abs": null, "label": "D57 PRDS"}}, {"type": "Feature", "geometry": {"type": "Point", "coordinates": [2.55671966, 48.65820301]}, "properties": {"route": "D57", "pr": "FS", "abs": null, "label": "D57 PRFS"}}, {"type": "Feature", "geometry": {"type": "Point", "coordinates": [2.55928316, 48.5244231]}, "properties": {"route": "D607", "pr": "FS", "abs": null, "label": "D607 PRFS"}}, {"type": "Feature", "geometry": {"type": "Point", "coordinates": [2.57819379, 48.50325948]}, "properties": {"route": "D607", "pr": "FS", "abs": null, "label": "D607 PRFS"}}, {"type": "Feature", "geometry": {"type": "Point", "coordinates": [2.56349332, 48.6645604]}, "properties": {"route": "D50", "pr": "FS", "abs": null, "label": "D50 PRFS"}}, {"type": "Feature", "geometry": {"type": "Point", "coordinates": [2.57883982, 48.60576453]}, "properties": {"route": "D150", "pr": "FS", "abs": null, "label": "D150 PRFS"}}, {"type": "Feature", "geometry": {"type": "Point", "coordinates": [2.54990556, 48.64316758]}, "properties": {"route": "D50", "pr": "DS", "abs": null, "label": "D50 PRDS"}}, {"type": "Feature", "geometry": {"type": "Point", "coordinates": [2.54990556, 48.64316758]}, "properties": {"route": "D50", "pr": "FS", "abs": null, "label": "D50 PRFS (G)"}}, {"type": "Feature", "geometry": {"type": "Point", "coordinates": [2.56650457, 48.64775361]}, "properties": {"route": "D57", "pr": "FS", "abs": null, "label": "D57 PRFS"}}, {"type": "Feature", "geometry": {"type": "Point", "coordinates": [2.55912703, 48.52463123]}, "properties": {"route": "D607", "pr": "DS", "abs": null, "label": "D607 PRDS"}}, {"type": "Feature", "geometry": {"type": "Point", "coordinates": [2.55912703, 48.52463123]}, "properties": {"route": "D607", "pr": "FS", "abs": null, "label": "D607 PRFS"}}, {"type": "Feature", "geometry": {"type": "Point", "coordinates": [2.57624664, 48.5038238]}, "properties": {"route": "D607", "pr": "FS", "abs": null, "label": "D607 PRFS"}}, {"type": "Feature", "geometry": {"type": "Point", "coordinates": [2.56328494, 48.66284522]}, "properties": {"route": "D50", "pr": "DS", "abs": null, "label": "D50 PRDS"}}, {"type": "Feature", "geometry": {"type": "Point", "coordinates": [2.56328494, 48.66284522]}, "properties": {"route": "D50", "pr": "FS", "abs": null, "label": "D50 PRFS"}}, {"type": "Feature", "geometry": {"type": "Point", "coordinates": [2.54346757, 48.66838016]}, "properties": {"route": "D57", "pr": "DS", "abs": null, "label": "D57 PRDS"}}, {"type": "Feature", "geometry": {"type": "Point", "coordinates": [2.54346757, 48.66838016]}, "properties": {"route": "D57", "pr": "FS", "abs": null, "label": "D57 PRFS"}}, {"type": "Feature", "geometry": {"type": "Point", "coordinates": [2.572837, 48.63313977]}, "properties": {"route": "D57", "pr": "FS", "abs": null, "label": "D57 PRFS"}}, {"type": "Feature", "geometry": {"type": "Point", "coordinates": [2.54472775, 48.52734948]}, "properties": {"route": "D50", "pr": "FS", "abs": null, "label": "D50 PRFS"}}, {"type": "Feature", "geometry": {"type": "Point", "coordinates": [2.57733174, 48.50356228]}, "properties": {"route": "D607", "pr": "FS", "abs": null, "label": "D607 PRFS"}}, {"type": "Feature", "geometry": {"type": "Point", "coordinates": [2.57453181, 48.5057824]}, "properties": {"route": "D607", "pr": "DS", "abs": null, "label": "D607 PRDS"}}, {"type": "Feature", "geometry": {"type": "Point", "coordinates": [2.57539591, 48.66465466]}, "properties": {"route": "D50", "pr": "DS", "abs": null, "label": "D50 PRDS"}}, {"type": "Feature", "geometry": {"type": "Point", "coordinates": [2.57539591, 48.66465466]}, "properties": {"route": "D50", "pr": "FS", "abs": null, "label": "D50 PRFS"}}, {"type": "Feature", "geometry": {"type": "Point", "coordinates": [2.57557085, 48.50452667]}, "properties": {"route": "D607", "pr": "FS", "abs": null, "label": "D607 PRFS"}}, {"type": "Feature", "geometry": {"type": "Point", "coordinates": [2.52702072, 48.61943346]}, "properties": {"route": "D402", "pr": "FS", "abs": null, "label": "D402 PRFS"}}, {"type": "Feature", "geometry": {"type": "Point", "coordinates": [2.57097783, 48.58561924]}, "properties": {"route": "D151", "pr": "FS", "abs": null, "label": "D151 PRFS"}}, {"type": "Feature", "geometry": {"type": "Point", "coordinates": [2.57740203, 48.50323867]}, "properties": {"route": "D607", "pr": "FS", "abs": null, "label": "D607 PRFS"}}, {"type": "Feature", "geometry": {"type": "Point", "coordinates": [2.54452495, 48.52715259]}, "properties": {"route": "D50", "pr": "DS", "abs": null, "label": "D50 PRDS"}}, {"type": "Feature", "geometry": {"type": "Point", "coordinates": [2.54452495, 48.52715259]}, "properties": {"route": "D50", "pr": "FS", "abs": null, "label": "D50 PRFS"}}, {"type": "Feature", "geometry": {"type": "Point", "coordinates": [2.55278928, 48.61401984]}, "properties": {"route": "D50", "pr": "FS", "abs": null, "label": "D50 PRFS (G)"}}, {"type": "Feature", "geometry": {"type": "Point", "coordinates": [2.57985072, 48.60165725]}, "properties": {"route": "D150", "pr": "FS", "abs": null, "label": "D150 PRFS"}}, {"type": "Feature", "geometry": {"type": "Point", "coordinates": [2.55726684, 48.62194515]}, "properties": {"route": "D50", "pr": "DS", "abs": null, "label": "D50 PRDS"}}, {"type": "Feature", "geometry": {"type": "Point", "coordinates": [2.55726684, 48.62194515]}, "properties": {"route": "D50", "pr": "FS", "abs": null, "label": "D50 PRFS (D)"}}, {"type": "Feature", "geometry": {"type": "Point", "coordinates": [2.56587252, 48.64785385]}, "properties": {"route": "D57", "pr": "FS", "abs": null, "label": "D57 PRFS"}}, {"type": "Feature", "geometry": {"type": "Point", "coordinates": [2.56615136, 48.64762189]}, "properties": {"route": "D57", "pr": "FS", "abs": null, "label": "D57 PRFS (G)"}}, {"type": "Feature", "geometry": {"type": "Point", "coordinates": [2.55643623, 48.65832339]}, "properties": {"route": "D57", "pr": "FS", "abs": null, "label": "D57 PRFS"}}, {"type": "Feature", "geometry": {"type": "Point", "coordinates": [2.54153209, 48.52077199]}, "properties": {"route": "D50", "pr": "FS", "abs": null, "label": "D50 PRFS"}}, {"type": "Feature", "geometry": {"type": "Point", "coordinates": [2.56361592, 48.62919438]}, "properties": {"route": "D1149", "pr": "FS", "abs": null, "label": "D1149 PRFS"}}, {"type": "Feature", "geometry": {"type": "Point", "coordinates": [2.56366003, 48.66459699]}, "properties": {"route": "D50", "pr": "FS", "abs": null, "label": "D50 PRFS"}}, {"type": "Feature", "geometry": {"type": "Point", "coordinates": [2.56157401, 48.62332025]}, "properties": {"route": "D402", "pr": "DS", "abs": null, "label": "D402 PRDS"}}, {"type": "Feature", "geometry": {"type": "Point", "coordinates": [2.56157401, 48.62332025]}, "properties": {"route": "D402", "pr": "FS", "abs": null, "label": "D402 PRFS (D)"}}, {"type": "Feature", "geometry": {"type": "Point", "coordinates": [2.56847723, 48.62862831]}, "properties": {"route": "D1149", "pr": "FS", "abs": null, "label": "D1149 PRFS"}}, {"type": "Feature", "geometry": {"type": "Point", "coordinates": [2.56417028, 48.64948022]}, "properties": {"route": "D57", "pr": "DS", "abs": null, "label": "D57 PRDS"}}, {"type": "Feature", "geometry": {"type": "Point", "coordinates": [2.56417028, 48.64948022]}, "properties": {"route": "D57", "pr": "FS", "abs": null, "label": "D57 PRFS (G)"}}, {"type": "Feature", "geometry": {"type": "Point", "coordinates": [2.56427384, 48.59466225]}, "properties": {"route": "D50", "pr": "DS", "abs": null, "label": "D50 PRDS"}}, {"type": "Feature", "geometry": {"type": "Point", "coordinates": [2.56427384, 48.59466225]}, "properties": {"route": "D50", "pr": "FS", "abs": null, "label": "D50 PRFS (D)"}}, {"type": "Feature", "geometry": {"type": "Point", "coordinates": [2.57624664, 48.5038238]}, "properties": {"route": "D607", "pr": "FS", "abs": null, "label": "D607 PRFS"}}, {"type": "Feature", "geometry": {"type": "Point", "coordinates": [2.54353385, 48.66841099]}, "properties": {"route": "D57", "pr": "FS", "abs": null, "label": "D57 PRFS"}}, {"type": "Feature", "geometry": {"type": "Point", "coordinates": [2.57547808, 48.66473681]}, "properties": {"route": "D50", "pr": "DS", "abs": null, "label": "D50 PRDS"}}, {"type": "Feature", "geometry": {"type": "Point", "coordinates": [2.57547808, 48.66473681]}, "properties": {"route": "D50", "pr": "FS", "abs": null, "label": "D50 PRFS"}}, {"type": "Feature", "geometry": {"type": "Point", "coordinates": [2.52121551, 48.45739582]}, "properties": {"route": "D372", "pr": "FS", "abs": null, "label": "D372 PRFS"}}, {"type": "Feature", "geometry": {"type": "Point", "coordinates": [2.57584893, 48.64177768]}, "properties": {"route": "D57", "pr": "DS", "abs": null, "label": "D57 PRDS"}}, {"type": "Feature", "geometry": {"type": "Point", "coordinates": [2.57584893, 48.64177768]}, "properties": {"route": "D57", "pr": "FS", "abs": null, "label": "D57 PRFS"}}, {"type": "Feature", "geometry": {"type": "Point", "coordinates": [2.5799053, 48.60144696]}, "properties": {"route": "D150", "pr": "FS", "abs": null, "label": "D150 PRFS"}}, {"type": "Feature", "geometry": {"type": "Point", "coordinates": [2.56889913, 48.6457771]}, "properties": {"route": "D57", "pr": "FS", "abs": null, "label": "D57 PRFS"}}, {"type": "Feature", "geometry": {"type": "Point", "coordinates": [2.54766473, 48.53668488]}, "properties": {"route": "D50", "pr": "FS", "abs": null, "label": "D50 PRFS"}}, {"type": "Feature", "geometry": {"type": "Point", "coordinates": [2.54741479, 48.53676579]}, "properties": {"route": "D50", "pr": "DS", "abs": null, "label": "D50 PRDS"}}, {"type": "Feature", "geometry": {"type": "Point", "coordinates": [2.54741479, 48.53676579]}, "properties": {"route": "D50", "pr": "FS", "abs": null, "label": "D50 PRFS"}}, {"type": "Feature", "geometry": {"type": "Point", "coordinates": [2.56339007, 48.66293915]}, "properties": {"route": "D50", "pr": "FS", "abs": null, "label": "D50 PRFS"}}, {"type": "Feature", "geometry": {"type": "Point", "coordinates": [2.56450616, 48.6495741]}, "properties": {"route": "D57", "pr": "FS", "abs": null, "label": "D57 PRFS (D)"}}, {"type": "Feature", "geometry": {"type": "Point", "coordinates": [2.57587218, 48.61077515]}, "properties": {"route": "D306", "pr": "FS", "abs": null, "label": "D306 PRFS"}}, {"type": "Feature", "geometry": {"type": "Point", "coordinates": [2.55370497, 48.58155365]}, "properties": {"route": "D50", "pr": "FS", "abs": null, "label": "D50 PRFS"}}, {"type": "Feature", "geometry": {"type": "Point", "coordinates": [2.5734779, 48.62726737]}, "properties": {"route": "D57", "pr": "FS", "abs": null, "label": "D57 PRFS (G)"}}, {"type": "Feature", "geometry": {"type": "Point", "coordinates": [2.57179627, 48.58567976]}, "properties": {"route": "D151", "pr": "FS", "abs": null, "label": "D151 PRFS"}}, {"type": "Feature", "geometry": {"type": "Point", "coordinates": [2.5692082, 48.64549847]}, "properties": {"route": "D57", "pr": "FS", "abs": null, "label": "D57 PRFS (D)"}}, {"type": "Feature", "geometry": {"type": "Point", "coordinates": [2.56973675, 48.52063185]}, "properties": {"route": "D142", "pr": "FS", "abs": null, "label": "D142 PRFS"}}, {"type": "Feature", "geometry": {"type": "Point", "coordinates": [2.57611694, 48.61036674]}, "properties": {"route": "D150", "pr": "FS", "abs": null, "label": "D150 PRFS"}}, {"type": "Feature", "geometry": {"type": "Point", "coordinates": [2.54671383, 48.52916074]}, "properties": {"route": "D50", "pr": "FS", "abs": null, "label": "D50 PRFS"}}, {"type": "Feature", "geometry": {"type": "Point", "coordinates": [2.55300455, 48.61502272]}, "properties": {"route": "D50", "pr": "FS", "abs": null, "label": "D50 PRFS"}}, {"type": "Feature", "geometry": {"type": "Point", "coordinates": [2.56492276, 48.59457737]}, "properties": {"route": "D50", "pr": "FS", "abs": null, "label": "D50 PRFS (G)"}}, {"type": "Feature", "geometry": {"type": "Point", "coordinates": [2.54894535, 48.45095055]}, "properties": {"route": "D50", "pr": "FS", "abs": null, "label": "D50 PRFS"}}, {"type": "Feature", "geometry": {"type": "Point", "coordinates": [2.58378902, 48.4941788]}, "properties": {"route": "D607", "pr": "FS", "abs": null, "label": "D607 PRFS"}}, {"type": "Feature", "geometry": {"type": "Point", "coordinates": [2.52724051, 48.53634724]}, "properties": {"route": "D607", "pr": "FS", "abs": null, "label": "D607 PRFS"}}, {"type": "Feature", "geometry": {"type": "Point", "coordinates": [2.54224443, 48.62318007]}, "properties": {"route": "D402", "pr": "FS", "abs": null, "label": "D402 PRFS (G)"}}, {"type": "Feature", "geometry": {"type": "Point", "coordinates": [2.54774308, 48.55210208]}, "properties": {"route": "D50", "pr": "FS", "abs": null, "label": "D50 PRFS (G)"}}, {"type": "Feature", "geometry": {"type": "Point", "coordinates": [2.54800641, 48.62480771]}, "properties": {"route": "D402", "pr": "FS", "abs": null, "label": "D402 PRFS (D)"}}, {"type": "Feature", "geometry": {"type": "Point", "coordinates": [2.5689758, 48.64536901]}, "properties": {"route": "D57", "pr": "FS", "abs": null, "label": "D57 PRFS (G)"}}, {"type": "Feature", "geometry": {"type": "Point", "coordinates": [2.56355882, 48.62937047]}, "properties": {"route": "D1149", "pr": "FS", "abs": null, "label": "D1149 PRFS (G)"}}, {"type": "Feature", "geometry": {"type": "Point", "coordinates": [2.54954441, 48.64317791]}, "properties": {"route": "D50", "pr": "FS", "abs": null, "label": "D50 PRFS (D)"}}, {"type": "Feature", "geometry": {"type": "Point", "coordinates": [2.56754799, 48.55435449]}, "properties": {"route": "D82", "pr": "FS", "abs": null, "label": "D82 PRFS (G)"}}, {"type": "Feature", "geometry": {"type": "Point", "coordinates": [2.45565998, 48.34685562]}, "properties": {"route": "D63", "pr": "FS", "abs": null, "label": "D63 PRFS"}}, {"type": "Feature", "geometry": {"type": "Point", "coordinates": [2.54379019, 48.49406882]}, "properties": {"route": "D50", "pr": "FS", "abs": null, "label": "D50 PRFS"}}, {"type": "Feature", "geometry": {"type": "Point", "coordinates": [2.43547483, 48.30307274]}, "properties": {"route": "D410", "pr": "FS", "abs": null, "label": "D410 PRFS"}}, {"type": "Feature", "geometry": {"type": "Point", "coordinates": [2.56141363, 48.62351486]}, "properties": {"route": "D402", "pr": "FS", "abs": null, "label": "D402 PRFS (G)"}}, {"type": "Feature", "geometry": {"type": "Point", "coordinates": [2.4205134, 48.29927996]}, "properties": {"route": "D152", "pr": "FS", "abs": null, "label": "D152 PRFS"}}, {"type": "Feature", "geometry": {"type": "Point", "coordinates": [2.56260103, 48.35682938]}, "properties": {"route": "D64", "pr": "FS", "abs": null, "label": "D64 PRFS"}}, {"type": "Feature", "geometry": {"type": "Point", "coordinates": [2.52888839, 48.46042681]}, "properties": {"route": "D11", "pr": "FS", "abs": null, "label": "D11 PRFS"}}, {"type": "Feature", "geometry": {"type": "Point", "coordinates": [2.52696725, 48.53615724]}, "properties": {"route": "D607", "pr": "FS", "abs": null, "label": "D607 PRFS"}}, {"type": "Feature", "geometry": {"type": "Point", "coordinates": [2.55532734, 48.46387811]}, "properties": {"route": "D50", "pr": "FS", "abs": null, "label": "D50 PRFS"}}, {"type": "Feature", "geometry": {"type": "Point", "coordinates": [2.54993198, 48.62210476]}, "properties": {"route": "D1402E", "pr": "FS", "abs": null, "label": "D1402E PRFS"}}, {"type": "Feature", "geometry": {"type": "Point", "coordinates": [2.58470516, 48.49402907]}, "properties": {"route": "D372", "pr": "FS", "abs": null, "label": "D372 PRFS"}}, {"type": "Feature", "geometry": {"type": "Point", "coordinates": [2.56426897, 48.5949222]}, "properties": {"route": "D50", "pr": "FS", "abs": null, "label": "D50 PRFS (D)"}}, {"type": "Feature", "geometry": {"type": "Point", "coordinates": [2.56494358, 48.41197702]}, "properties": {"route": "D64", "pr": "FS", "abs": null, "label": "D64 PRFS"}}, {"type": "Feature", "geometry": {"type": "Point", "coordinates": [2.56479003, 48.59504645]}, "properties": {"route": "D50", "pr": "FS", "abs": null, "label": "D50 PRFS (G)"}}, {"type": "Feature", "geometry": {"type": "Point", "coordinates": [2.58245047, 48.66156107]}, "properties": {"route": "D48", "pr": "FS", "abs": null, "label": "D48 PRFS"}}, {"type": "Feature", "geometry": {"type": "Point", "coordinates": [2.54135004, 48.52068493]}, "properties": {"route": "D50", "pr": "FS", "abs": null, "label": "D50 PRFS"}}, {"type": "Feature", "geometry": {"type": "Point", "coordinates": [2.56190196, 48.62369296]}, "properties": {"route": "D402", "pr": "DS", "abs": null, "label": "D402 PRDS (G)"}}, {"type": "Feature", "geometry": {"type": "Point", "coordinates": [2.58144689, 48.58419836]}, "properties": {"route": "D151", "pr": "DS", "abs": null, "label": "D151 PRDS"}}, {"type": "Feature", "geometry": {"type": "Point", "coordinates": [2.57883982, 48.60576453]}, "properties": {"route": "D150", "pr": "FS", "abs": null, "label": "D150 PRFS"}}, {"type": "Feature", "geometry": {"type": "Point", "coordinates": [2.57883982, 48.60576453]}, "properties": {"route": "D150", "pr": "DS", "abs": null, "label": "D150 PRDS"}}, {"type": "Feature", "geometry": {"type": "Point", "coordinates": [2.56266509, 48.58854219]}, "properties": {"route": "D50", "pr": "FS", "abs": null, "label": "D50 PRFS"}}, {"type": "Feature", "geometry": {"type": "Point", "coordinates": [2.56266509, 48.58854219]}, "properties": {"route": "D50", "pr": "DS", "abs": null, "label": "D50 PRDS (D)"}}, {"type": "Feature", "geometry": {"type": "Point", "coordinates": [2.52121551, 48.45739582]}, "properties": {"route": "D372", "pr": "FS", "abs": null, "label": "D372 PRFS"}}, {"type": "Feature", "geometry": {"type": "Point", "coordinates": [2.52121551, 48.45739582]}, "properties": {"route": "D372", "pr": "DS", "abs": null, "label": "D372 PRDS"}}, {"type": "Feature", "geometry": {"type": "Point", "coordinates": [2.55133693, 48.52751404]}, "properties": {"route": "D50", "pr": "DS", "abs": null, "label": "D50 PRDS"}}, {"type": "Feature", "geometry": {"type": "Point", "coordinates": [2.54135004, 48.52068493]}, "properties": {"route": "D50", "pr": "FS", "abs": null, "label": "D50 PRFS"}}, {"type": "Feature", "geometry": {"type": "Point", "coordinates": [2.54135004, 48.52068493]}, "properties": {"route": "D50", "pr": "DS", "abs": 20222, "label": "D50 PRDS+20222"}}, {"type": "Feature", "geometry": {"type": "Point", "coordinates": [2.57557085, 48.50452667]}, "properties": {"route": "D607", "pr": "DS", "abs": null, "label": "D607 PRDS"}}, {"type": "Feature", "geometry": {"type": "Point", "coordinates": [2.5525524, 48.61395778]}, "properties": {"route": "D50", "pr": "FS", "abs": null, "label": "D50 PRFS"}}, {"type": "Feature", "geometry": {"type": "Point", "coordinates": [2.5525524, 48.61395778]}, "properties": {"route": "D50", "pr": "DS", "abs": null, "label": "D50 PRDS (D)"}}, {"type": "Feature", "geometry": {"type": "Point", "coordinates": [2.53518238, 48.53345041]}, "properties": {"route": "D607", "pr": "DS", "abs": null, "label": "D607 PRDS"}}, {"type": "Feature", "geometry": {"type": "Point", "coordinates": [2.57985072, 48.60165725]}, "properties": {"route": "D150", "pr": "FS", "abs": null, "label": "D150 PRFS"}}, {"type": "Feature", "geometry": {"type": "Point", "coordinates": [2.57985072, 48.60165725]}, "properties": {"route": "D150", "pr": "DS", "abs": null, "label": "D150 PRDS"}}, {"type": "Feature", "geometry": {"type": "Point", "coordinates": [2.57733174, 48.50356228]}, "properties": {"route": "D607", "pr": "DS", "abs": null, "label": "D607 PRDS"}}, {"type": "Feature", "geometry": {"type": "Point", "coordinates": [2.56847723, 48.62862831]}, "properties": {"route": "D1149", "pr": "DS", "abs": null, "label": "D1149 PRDS"}}, {"type": "Feature", "geometry": {"type": "Point", "coordinates": [2.56366003, 48.66459699]}, "properties": {"route": "D50", "pr": "FS", "abs": null, "label": "D50 PRFS"}}, {"type": "Feature", "geometry": {"type": "Point", "coordinates": [2.56366003, 48.66459699]}, "properties": {"route": "D50", "pr": "DS", "abs": null, "label": "D50 PRDS"}}, {"type": "Feature", "geometry": {"type": "Point", "coordinates": [2.54346757, 48.66838016]}, "properties": {"route": "D57", "pr": "DS", "abs": null, "label": "D57 PRDS"}}, {"type": "Feature", "geometry": {"type": "Point", "coordinates": [2.57557085, 48.50452667]}, "properties": {"route": "D607", "pr": "DS", "abs": null, "label": "D607 PRDS"}}, {"type": "Feature", "geometry": {"type": "Point", "coordinates": [2.57337037, 48.62747387]}, "properties": {"route": "D57", "pr": "DS", "abs": null, "label": "D57 PRDS (G)"}}, {"type": "Feature", "geometry": {"type": "Point", "coordinates": [2.55643623, 48.65832339]}, "properties": {"route": "D57", "pr": "FS", "abs": null, "label": "D57 PRFS"}}, {"type": "Feature", "geometry": {"type": "Point", "coordinates": [2.55643623, 48.65832339]}, "properties": {"route": "D57", "pr": "DS", "abs": null, "label": "D57 PRDS"}}, {"type": "Feature", "geometry": {"type": "Point", "coordinates": [2.55912703, 48.52463123]}, "properties": {"route": "D607", "pr": "DS", "abs": null, "label": "D607 PRDS"}}, {"type": "Feature", "geometry": {"type": "Point", "coordinates": [2.57740203, 48.50323867]}, "properties": {"route": "D607", "pr": "DS", "abs": null, "label": "D607 PRDS"}}, {"type": "Feature", "geometry": {"type": "Point", "coordinates": [2.56339007, 48.66293915]}, "properties": {"route": "D50", "pr": "DS", "abs": null, "label": "D50 PRDS"}}, {"type": "Feature", "geometry": {"type": "Point", "coordinates": [2.57892351, 48.60547788]}, "properties": {"route": "D150", "pr": "DS", "abs": null, "label": "D150 PRDS"}}, {"type": "Feature", "geometry": {"type": "Point", "coordinates": [2.54990556, 48.64316758]}, "properties": {"route": "D50", "pr": "DS", "abs": null, "label": "D50 PRDS"}}, {"type": "Feature", "geometry": {"type": "Point", "coordinates": [2.56889913, 48.6457771]}, "properties": {"route": "D57", "pr": "DS", "abs": null, "label": "D57 PRDS"}}, {"type": "Feature", "geometry": {"type": "Point", "coordinates": [2.55928316, 48.5244231]}, "properties": {"route": "D607", "pr": "FS", "abs": null, "label": "D607 PRFS"}}, {"type": "Feature", "geometry": {"type": "Point", "coordinates": [2.55928316, 48.5244231]}, "properties": {"route": "D607", "pr": "DS", "abs": null, "label": "D607 PRDS"}}, {"type": "Feature", "geometry": {"type": "Point", "coordinates": [2.57838853, 48.50109392]}, "properties": {"route": "D607", "pr": "DS", "abs": null, "label": "D607 PRDS"}}, {"type": "Feature", "geometry": {"type": "Point", "coordinates": [2.56339007, 48.66293915]}, "properties": {"route": "D50", "pr": "DS", "abs": null, "label": "D50 PRDS"}}, {"type": "Feature", "geometry": {"type": "Point", "coordinates": [2.54353385, 48.66841099]}, "properties": {"route": "D57", "pr": "FS", "abs": null, "label": "D57 PRFS"}}, {"type": "Feature", "geometry": {"type": "Point", "coordinates": [2.54353385, 48.66841099]}, "properties": {"route": "D57", "pr": "DS", "abs": null, "label": "D57 PRDS"}}, {"type": "Feature", "geometry": {"type": "Point", "coordinates": [2.57383783, 48.62639163]}, "properties": {"route": "D57", "pr": "DS", "abs": null, "label": "D57 PRDS"}}, {"type": "Feature", "geometry": {"type": "Point", "coordinates": [2.54452495, 48.52715259]}, "properties": {"route": "D50", "pr": "DS", "abs": null, "label": "D50 PRDS"}}, {"type": "Feature", "geometry": {"type": "Point", "coordinates": [2.58098111, 48.50258114]}, "properties": {"route": "D607", "pr": "DS", "abs": null, "label": "D607 PRDS"}}, {"type": "Feature", "geometry": {"type": "Point", "coordinates": [2.57645087, 48.50334324]}, "properties": {"route": "D607", "pr": "DS", "abs": null, "label": "D607 PRDS"}}, {"type": "Feature", "geometry": {"type": "Point", "coordinates": [2.57547808, 48.66473681]}, "properties": {"route": "D50", "pr": "DS", "abs": null, "label": "D50 PRDS"}}, {"type": "Feature", "geometry": {"type": "Point", "coordinates": [2.57624664, 48.5038238]}, "properties": {"route": "D607", "pr": "DS", "abs": null, "label": "D607 PRDS"}}, {"type": "Feature", "geometry": {"type": "Point", "coordinates": [2.57168238, 48.58551383]}, "properties": {"route": "D151", "pr": "DS", "abs": null, "label": "D151 PRDS"}}, {"type": "Feature", "geometry": {"type": "Point", "coordinates": [2.57731831, 48.50270761]}, "properties": {"route": "D607", "pr": "DS", "abs": null, "label": "D607 PRDS"}}, {"type": "Feature", "geometry": {"type": "Point", "coordinates": [2.54472775, 48.52734948]}, "properties": {"route": "D50", "pr": "FS", "abs": null, "label": "D50 PRFS"}}, {"type": "Feature", "geometry": {"type": "Point", "coordinates": [2.54472775, 48.52734948]}, "properties": {"route": "D50", "pr": "DS", "abs": null, "label": "D50 PRDS"}}, {"type": "Feature", "geometry": {"type": "Point", "coordinates": [2.55362367, 48.61289497]}, "properties": {"route": "D50", "pr": "DS", "abs": null, "label": "D50 PRDS (G)"}}, {"type": "Feature", "geometry": {"type": "Point", "coordinates": [2.5799053, 48.60144696]}, "properties": {"route": "D150", "pr": "DS", "abs": null, "label": "D150 PRDS"}}, {"type": "Feature", "geometry": {"type": "Point", "coordinates": [2.56587252, 48.64785385]}, "properties": {"route": "D57", "pr": "FS", "abs": null, "label": "D57 PRFS"}}, {"type": "Feature", "geometry": {"type": "Point", "coordinates": [2.56587252, 48.64785385]}, "properties": {"route": "D57", "pr": "DS", "abs": null, "label": "D57 PRDS (G)"}}, {"type": "Feature", "geometry": {"type": "Point", "coordinates": [2.56864611, 48.64567814]}, "properties": {"route": "D57", "pr": "DS", "abs": null, "label": "D57 PRDS (G)"}}, {"type": "Feature", "geometry": {"type": "Point", "coordinates": [2.55671966, 48.65820301]}, "properties": {"route": "D57", "pr": "DS", "abs": null, "label": "D57 PRDS"}}, {"type": "Feature", "geometry": {"type": "Point", "coordinates": [2.54135004, 48.52068493]}, "properties": {"route": "D50", "pr": "FS", "abs": null, "label": "D50 PRFS"}}, {"type": "Feature", "geometry": {"type": "Point", "coordinates": [2.56847723, 48.62862831]}, "properties": {"route": "D1149", "pr": "DS", "abs": null, "label": "D1149 PRDS"}}, {"type": "Feature", "geometry": {"type": "Point", "coordinates": [2.56349332, 48.6645604]}, "properties": {"route": "D50", "pr": "DS", "abs": null, "label": "D50 PRDS"}}, {"type": "Feature", "geometry": {"type": "Point", "coordinates": [2.56157401, 48.62332025]}, "properties": {"route": "D402", "pr": "DS", "abs": null, "label": "D402 PRDS"}}, {"type": "Feature", "geometry": {"type": "Point", "coordinates": [2.5687886, 48.62871759]}, "properties": {"route": "D1149", "pr": "FS", "abs": null, "label": "D1149 PRFS"}}, {"type": "Feature", "geometry": {"type": "Point", "coordinates": [2.5687886, 48.62871759]}, "properties": {"route": "D1149", "pr": "DS", "abs": null, "label": "D1149 PRDS"}}, {"type": "Feature", "geometry": {"type": "Point", "coordinates": [2.56417028, 48.64948022]}, "properties": {"route": "D57", "pr": "DS", "abs": null, "label": "D57 PRDS"}}, {"type": "Feature", "geometry": {"type": "Point", "coordinates": [2.56427384, 48.59466225]}, "properties": {"route": "D50", "pr": "DS", "abs": null, "label": "D50 PRDS"}}, {"type": "Feature", "geometry": {"type": "Point", "coordinates": [2.57733174, 48.50356228]}, "properties": {"route": "D607", "pr": "DS", "abs": null, "label": "D607 PRDS"}}, {"type": "Feature", "geometry": {"type": "Point", "coordinates": [2.54553709, 48.66682656]}, "properties": {"route": "D57", "pr": "DS", "abs": null, "label": "D57 PRDS"}}, {"type": "Feature", "geometry": {"type": "Point", "coordinates": [2.57539591, 48.66465466]}, "properties": {"route": "D50", "pr": "DS", "abs": null, "label": "D50 PRDS"}}, {"type": "Feature", "geometry": {"type": "Point", "coordinates": [2.52158189, 48.45756193]}, "properties": {"route": "D372", "pr": "DS", "abs": null, "label": "D372 PRDS"}}, {"type": "Feature", "geometry": {"type": "Point", "coordinates": [2.57584893, 48.64177768]}, "properties": {"route": "D57", "pr": "DS", "abs": null, "label": "D57 PRDS"}}, {"type": "Feature", "geometry": {"type": "Point", "coordinates": [2.56889913, 48.6457771]}, "properties": {"route": "D57", "pr": "DS", "abs": null, "label": "D57 PRDS"}}, {"type": "Feature", "geometry": {"type": "Point", "coordinates": [2.54741479, 48.53676579]}, "properties": {"route": "D50", "pr": "DS", "abs": null, "label": "D50 PRDS"}}, {"type": "Feature", "geometry": {"type": "Point", "coordinates": [2.54766473, 48.53668488]}, "properties": {"route": "D50", "pr": "DS", "abs": null, "label": "D50 PRDS"}}, {"type": "Feature", "geometry": {"type": "Point", "coordinates": [2.56328494, 48.66284522]}, "properties": {"route": "D50", "pr": "DS", "abs": null, "label": "D50 PRDS"}}, {"type": "Feature", "geometry": {"type": "Point", "coordinates": [2.56614106, 48.64804642]}, "properties": {"route": "D57", "pr": "DS", "abs": null, "label": "D57 PRDS (D)"}}, {"type": "Feature", "geometry": {"type": "Point", "coordinates": [2.57429782, 48.61271071]}, "properties": {"route": "D306", "pr": "DS", "abs": null, "label": "D306 PRDS"}}, {"type": "Feature", "geometry": {"type": "Point", "coordinates": [2.56228374, 48.58825743]}, "properties": {"route": "D50", "pr": "DS", "abs": null, "label": "D50 PRDS"}}, {"type": "Feature", "geometry": {"type": "Point", "coordinates": [2.5640527, 48.64990615]}, "properties": {"route": "D57", "pr": "DS", "abs": null, "label": "D57 PRDS"}}, {"type": "Feature", "geometry": {"type": "Point", "coordinates": [2.5813767, 48.58415853]}, "properties": {"route": "D151", "pr": "DS", "abs": null, "label": "D151 PRDS"}}, {"type": "Feature", "geometry": {"type": "Point", "coordinates": [2.55664347, 48.65838173]}, "properties": {"route": "D50", "pr": "DS", "abs": null, "label": "D50 PRDS"}}, {"type": "Feature", "geometry": {"type": "Point", "coordinates": [2.57548681, 48.64207772]}, "properties": {"route": "D57", "pr": "DS", "abs": null, "label": "D57 PRDS (D)"}}, {"type": "Feature", "geometry": {"type": "Point", "coordinates": [2.55934811, 48.52459156]}, "properties": {"route": "D142", "pr": "DS", "abs": null, "label": "D142 PRDS"}}, {"type": "Feature", "geometry": {"type": "Point", "coordinates": [2.55282327, 48.61464603]}, "properties": {"route": "D50", "pr": "DS", "abs": null, "label": "D50 PRDS (G)"}}, {"type": "Feature", "geometry": {"type": "Point", "coordinates": [2.58224742, 48.58412381]}, "properties": {"route": "D151", "pr": "DS", "abs": null, "label": "D151 PRDS"}}, {"type": "Feature", "geometry": {"type": "Point", "coordinates": [2.55331162, 48.61321852]}, "properties": {"route": "D50", "pr": "DS", "abs": null, "label": "D50 PRDS"}}, {"type": "Feature", "geometry": {"type": "Point", "coordinates": [2.56310572, 48.58838458]}, "properties": {"route": "D50", "pr": "DS", "abs": null, "label": "D50 PRDS (G)"}}, {"type": "Feature", "geometry": {"type": "Point", "coordinates": [2.55253961, 48.61466116]}, "properties": {"route": "D50", "pr": "DS", "abs": null, "label": "D50 PRDS (D)"}}, {"type": "Feature", "geometry": {"type": "Point", "coordinates": [2.57293687, 48.63320759]}, "properties": {"route": "D57", "pr": "DS", "abs": null, "label": "D57 PRDS"}}, {"type": "Feature", "geometry": {"type": "Point", "coordinates": [2.55523929, 48.4635737]}, "properties": {"route": "D50", "pr": "DS", "abs": null, "label": "D50 PRDS"}}, {"type": "Feature", "geometry": {"type": "Point", "coordinates": [2.58378902, 48.4941788]}, "properties": {"route": "D607", "pr": "DS", "abs": null, "label": "D607 PRDS"}}, {"type": "Feature", "geometry": {"type": "Point", "coordinates": [2.58378902, 48.4941788]}, "properties": {"route": "D607", "pr": "DS", "abs": null, "label": "D607 PRDS"}}, {"type": "Feature", "geometry": {"type": "Point", "coordinates": [2.53499786, 48.53333275]}, "properties": {"route": "D607", "pr": "DS", "abs": null, "label": "D607 PRDS"}}, {"type": "Feature", "geometry": {"type": "Point", "coordinates": [2.57374657, 48.62626717]}, "properties": {"route": "D402", "pr": "DS", "abs": null, "label": "D402 PRDS (G)"}}, {"type": "Feature", "geometry": {"type": "Point", "coordinates": [2.52702072, 48.61943346]}, "properties": {"route": "D402", "pr": "DS", "abs": null, "label": "D402 PRDS (G)"}}, {"type": "Feature", "geometry": {"type": "Point", "coordinates": [2.52741765, 48.45987308]}, "properties": {"route": "D11", "pr": "DS", "abs": null, "label": "D11 PRDS"}}, {"type": "Feature", "geometry": {"type": "Point", "coordinates": [2.56206528, 48.62347138]}, "properties": {"route": "D402", "pr": "DS", "abs": null, "label": "D402 PRDS (D)"}}, {"type": "Feature", "geometry": {"type": "Point", "coordinates": [2.5629534, 48.43907368]}, "properties": {"route": "D50", "pr": "DS", "abs": null, "label": "D50 PRDS"}}, {"type": "Feature", "geometry": {"type": "Point", "coordinates": [2.57097094, 48.58579823]}, "properties": {"route": "D151", "pr": "DS", "abs": null, "label": "D151 PRDS"}}, {"type": "Feature", "geometry": {"type": "Point", "coordinates": [2.45953497, 48.34633444]}, "properties": {"route": "D63", "pr": "DS", "abs": null, "label": "D63 PRDS"}}, {"type": "Feature", "geometry": {"type": "Point", "coordinates": [2.54965727, 48.64772891]}, "properties": {"route": "D50", "pr": "DS", "abs": null, "label": "D50 PRDS (G)"}}, {"type": "Feature", "geometry": {"type": "Point", "coordinates": [2.56981885, 48.52069332]}, "properties": {"route": "D142", "pr": "DS", "abs": null, "label": "D142 PRDS"}}, {"type": "Feature", "geometry": {"type": "Point", "coordinates": [2.4371175, 48.35506615]}, "properties": {"route": "D63", "pr": "DS", "abs": null, "label": "D63 PRDS"}}, {"type": "Feature", "geometry": {"type": "Point", "coordinates": [2.58246208, 48.66163757]}, "properties": {"route": "D48", "pr": "DS", "abs": null, "label": "D48 PRDS"}}, {"type": "Feature", "geometry": {"type": "Point", "coordinates": [2.47649363, 48.3797519]}, "properties": {"route": "D410", "pr": "DS", "abs": null, "label": "D410 PRDS"}}, {"type": "Feature", "geometry": {"type": "Point", "coordinates": [2.56305255, 48.40894268]}, "properties": {"route": "D64", "pr": "DS", "abs": null, "label": "D64 PRDS"}}, {"type": "Feature", "geometry": {"type": "Point", "coordinates": [2.50627859, 48.5512778]}, "properties": {"route": "D607", "pr": "DS", "abs": null, "label": "D607 PRDS"}}, {"type": "Feature", "geometry": {"type": "Point", "coordinates": [2.5354622, 48.53320862]}, "properties": {"route": "D607", "pr": "DS", "abs": null, "label": "D607 PRDS"}}, {"type": "Feature", "geometry": {"type": "Point", "coordinates": [2.5438776, 48.49335486]}, "properties": {"route": "D50", "pr": "DS", "abs": null, "label": "D50 PRDS"}}, {"type": "Feature", "geometry": {"type": "Point", "coordinates": [2.57005643, 48.35390834]}, "properties": {"route": "D64", "pr": "DS", "abs": null, "label": "D64 PRDS"}}, {"type": "Feature", "geometry": {"type": "Point", "coordinates": [2.58464355, 48.49377607]}, "properties": {"route": "D607", "pr": "DS", "abs": null, "label": "D607 PRDS (D)"}}, {"type": "Feature", "geometry": {"type": "Point", "coordinates": [2.58373417, 48.49392672]}, "properties": {"route": "D372", "pr": "DS", "abs": null, "label": "D372 PRDS"}}, {"type": "Feature", "geometry": {"type": "Point", "coordinates": [2.54858288, 48.55260813]}, "properties": {"route": "D82", "pr": "DS", "abs": null, "label": "D82 PRDS (G)"}}, {"type": "Feature", "geometry": {"type": "Point", "coordinates": [2.55492307, 48.61020395]}, "properties": {"route": "D50", "pr": "DS", "abs": null, "label": "D50 PRDS (G)"}}, {"type": "Feature", "geometry": {"type": "Point", "coordinates": [2.56363527, 48.57787894]}, "properties": {"route": "D50", "pr": "DS", "abs": null, "label": "D50 PRDS"}}, {"type": "Feature", "geometry": {"type": "Point", "coordinates": [2.57504099, 48.64215439]}, "properties": {"route": "D57", "pr": "27", "abs": 26946, "label": "D57 PR27+26946 (D)"}}, {"type": "Feature", "geometry": {"type": "Point", "coordinates": [2.56530724, 48.64857588]}, "properties": {"route": "D57", "pr": "28", "abs": 27887, "label": "D57 PR28+27887 (D)"}}, {"type": "Feature", "geometry": {"type": "Point", "coordinates": [2.25613414, 48.31233511]}, "properties": {"route": "D143", "pr": "8", "abs": 8003, "label": "D143 PR8+8003"}}, {"type": "Feature", "geometry": {"type": "Point", "coordinates": [2.08028112, 48.36109032]}, "properties": {"route": "D108", "pr": "3", "abs": 2997, "label": "D108 PR3+2997"}}, {"type": "Feature", "geometry": {"type": "Point", "coordinates": [2.05940998, 48.41996234]}, "properties": {"route": "D160", "pr": "1", "abs": 992, "label": "D160 PR1+992"}}, {"type": "Feature", "geometry": {"type": "Point", "coordinates": [2.02220595, 48.38724432]}, "properties": {"route": "D160", "pr": "6", "abs": 6018, "label": "D160 PR6+6018"}}, {"type": "Feature", "geometry": {"type": "Point", "coordinates": [2.13819124, 48.36652373]}, "properties": {"route": "D49", "pr": "8", "abs": 7936, "label": "D49 PR8+7936"}}, {"type": "Feature", "geometry": {"type": "Point", "coordinates": [2.14608518, 48.37141516]}, "properties": {"route": "D49", "pr": "7", "abs": 6958, "label": "D49 PR7+6958"}}, {"type": "Feature", "geometry": {"type": "Point", "coordinates": [2.1439395, 48.39638864]}, "properties": {"route": "D49", "pr": "4", "abs": 3958, "label": "D49 PR4+3958"}}, {"type": "Feature", "geometry": {"type": "Point", "coordinates": [2.42556318, 48.39701504]}, "properties": {"route": "D837", "pr": "19", "abs": 18918, "label": "D837 PR19+18918"}}, {"type": "Feature", "geometry": {"type": "Point", "coordinates": [2.14072977, 48.40480114]}, "properties": {"route": "D49", "pr": "3", "abs": 2956, "label": "D49 PR3+2956"}}, {"type": "Feature", "geometry": {"type": "Point", "coordinates": [2.13926836, 48.38808999]}, "properties": {"route": "D49", "pr": "5", "abs": 4958, "label": "D49 PR5+4958"}}, {"type": "Feature", "geometry": {"type": "Point", "coordinates": [2.15125816, 48.42040406]}, "properties": {"route": "D49", "pr": "1", "abs": 1000, "label": "D49 PR1+1000"}}, {"type": "Feature", "geometry": {"type": "Point", "coordinates": [2.23757795, 48.7160302]}, "properties": {"route": "D36", "pr": "1", "abs": 1000, "label": "D36 PR1+1000"}}, {"type": "Feature", "geometry": {"type": "Point", "coordinates": [2.2328511, 48.53089892]}, "properties": {"route": "D99", "pr": "2", "abs": 1974, "label": "D99 PR2+1974"}}, {"type": "Feature", "geometry": {"type": "Point", "coordinates": [2.22701238, 48.71868583]}, "properties": {"route": "D36", "pr": "2", "abs": 2017, "label": "D36 PR2+2017"}}, {"type": "Feature", "geometry": {"type": "Point", "coordinates": [2.19026962, 48.72443357]}, "properties": {"route": "D36", "pr": "5", "abs": 4813, "label": "D36 PR5+4813"}}, {"type": "Feature", "geometry": {"type": "Point", "coordinates": [2.21472692, 48.71902207]}, "properties": {"route": "D36", "pr": "3", "abs": 3017, "label": "D36 PR3+3017"}}, {"type": "Feature", "geometry": {"type": "Point", "coordinates": [2.13703373, 48.6604062]}, "properties": {"route": "D40", "pr": "10", "abs": 8184, "label": "D40 PR10+8184"}}, {"type": "Feature", "geometry": {"type": "Point", "coordinates": [2.21809236, 48.39854729]}, "properties": {"route": "D63", "pr": "4", "abs": 4034, "label": "D63 PR4+4034"}}, {"type": "Feature", "geometry": {"type": "Point", "coordinates": [2.20221506, 48.41240043]}, "properties": {"route": "D63", "pr": "2", "abs": 2030, "label": "D63 PR2+2030"}}, {"type": "Feature", "geometry": {"type": "Point", "coordinates": [2.03163449, 48.40207462]}, "properties": {"route": "D160", "pr": "4", "abs": 4013, "label": "D160 PR4+4013"}}, {"type": "Feature", "geometry": {"type": "Point", "coordinates": [2.14380222, 48.37976168]}, "properties": {"route": "D49", "pr": "6", "abs": 5958, "label": "D49 PR6+5958"}}, {"type": "Feature", "geometry": {"type": "Point", "coordinates": [2.11003761, 48.73194496]}, "properties": {"route": "D36", "pr": "11", "abs": 11274, "label": "D36 PR11+11274"}}, {"type": "Feature", "geometry": {"type": "Point", "coordinates": [2.23382425, 48.42571642]}, "properties": {"route": "D837", "pr": "3", "abs": 2890, "label": "D837 PR3+2890"}}, {"type": "Feature", "geometry": {"type": "Point", "coordinates": [2.52711482, 48.61922874]}, "properties": {"route": "D402", "pr": "0", "abs": 0, "label": "D402 PR0 (D)"}}, {"type": "Feature", "geometry": {"type": "Point", "coordinates": [2.5577894, 48.62208292]}, "properties": {"route": "D402", "pr": "2", "abs": 1662, "label": "D402 PR2+1662 (D)"}}, {"type": "Feature", "geometry": {"type": "Point", "coordinates": [2.57672217, 48.62544033]}, "properties": {"route": "D402", "pr": "4", "abs": 3189, "label": "D402 PR4+3189 (D)"}}, {"type": "Feature", "geometry": {"type": "Point", "coordinates": [2.53940491, 48.62237215]}, "properties": {"route": "D402", "pr": "1", "abs": 971, "label": "D402 PR1+971 (D)"}}, {"type": "Feature", "geometry": {"type": "Point", "coordinates": [2.55912268, 48.62262038]}, "properties": {"route": "D402", "pr": "3", "abs": 1831, "label": "D402 PR3+1831 (D)"}}, {"type": "Feature", "geometry": {"type": "Point", "coordinates": [2.56643492, 48.62470621]}, "properties": {"route": "D1149", "pr": "0", "abs": 0, "label": "D1149 PR0 (D)"}}, {"type": "Feature", "geometry": {"type": "Point", "coordinates": [2.52460071, 48.2985724]}, "properties": {"route": "D36A", "pr": "1", "abs": 994, "label": "D36A PR1+994"}}, {"type": "Feature", "geometry": {"type": "Point", "coordinates": [2.54807255, 48.55270695]}, "properties": {"route": "D82", "pr": "999", "abs": 9760, "label": "D82 PR999+9760 (D)"}}, {"type": "Feature", "geometry": {"type": "Point", "coordinates": [2.56790907, 48.55444217]}, "properties": {"route": "D82", "pr": "10", "abs": 8254, "label": "D82 PR10+8254 (D)"}}, {"type": "Feature", "geometry": {"type": "Point", "coordinates": [2.57262473, 48.62888703]}, "properties": {"route": "D1149", "pr": "999", "abs": 1183, "label": "D1149 PR999+1183"}}, {"type": "Feature", "geometry": {"type": "Point", "coordinates": [2.54342606, 48.66846815]}, "properties": {"route": "D57", "pr": "999", "abs": 30627, "label": "D57 PR999+30627"}}, {"type": "Feature", "geometry": {"type": "Point", "coordinates": [2.57473975, 48.63446076]}, "properties": {"route": "D57", "pr": "26", "abs": 26016, "label": "D57 PR26+26016"}}, {"type": "Feature", "geometry": {"type": "Point", "coordinates": [2.55157147, 48.66338909]}, "properties": {"route": "D57", "pr": "30", "abs": 29761, "label": "D57 PR30+29761"}}, {"type": "Feature", "geometry": {"type": "Point", "coordinates": [2.56311809, 48.58820292]}, "properties": {"route": "D151", "pr": "999", "abs": 2814, "label": "D151 PR999+2814"}}, {"type": "Feature", "geometry": {"type": "Point", "coordinates": [2.50445309, 48.47964329]}, "properties": {"route": "D24", "pr": "999", "abs": 8004, "label": "D24 PR999+8004"}}, {"type": "Feature", "geometry": {"type": "Point", "coordinates": [2.56183437, 48.60032037]}, "properties": {"route": "D50", "pr": "13", "abs": 10016, "label": "D50 PR13+10016 (D)"}}, {"type": "Feature", "geometry": {"type": "Point", "coordinates": [2.55726684, 48.62194515]}, "properties": {"route": "D50", "pr": "10", "abs": 7361, "label": "D50 PR10+7361 (D)"}}, {"type": "Feature", "geometry": {"type": "Point", "coordinates": [2.5557923, 48.60783874]}, "properties": {"route": "D50", "pr": "12", "abs": 9049, "label": "D50 PR12+9049 (D)"}}, {"type": "Feature", "geometry": {"type": "Point", "coordinates": [2.54925358, 48.64763203]}, "properties": {"route": "D50", "pr": "7", "abs": 6232, "label": "D50 PR7+6232 (D)"}}, {"type": "Feature", "geometry": {"type": "Point", "coordinates": [2.54964898, 48.64380256]}, "properties": {"route": "D50", "pr": "8", "abs": 7287, "label": "D50 PR8+7287 (D)"}}, {"type": "Feature", "geometry": {"type": "Point", "coordinates": [2.56416699, 48.59153237]}, "properties": {"route": "D50", "pr": "14", "abs": 11001, "label": "D50 PR14+11001 (D)"}}, {"type": "Feature", "geometry": {"type": "Point", "coordinates": [2.54830346, 48.53833174]}, "properties": {"route": "D39", "pr": "999", "abs": 42425, "label": "D39 PR999+42425"}}, {"type": "Feature", "geometry": {"type": "Point", "coordinates": [2.50610233, 48.4503257]}, "properties": {"route": "D372", "pr": "999", "abs": 13901, "label": "D372 PR999+13901"}}, {"type": "Feature", "geometry": {"type": "Point", "coordinates": [2.55875732, 48.40501321]}, "properties": {"route": "D409", "pr": "2", "abs": 2010, "label": "D409 PR2+2010"}}, {"type": "Feature", "geometry": {"type": "Point", "coordinates": [2.58230309, 48.60587928]}, "properties": {"route": "D306", "pr": "3", "abs": 2490, "label": "D306 PR3+2490"}}, {"type": "Feature", "geometry": {"type": "Point", "coordinates": [2.55463048, 48.55210379]}, "properties": {"route": "D82", "pr": "11", "abs": 9271, "label": "D82 PR11+9271"}}, {"type": "Feature", "geometry": {"type": "Point", "coordinates": [2.58160624, 48.55422936]}, "properties": {"route": "D82", "pr": "9", "abs": 7235, "label": "D82 PR9+7235"}}, {"type": "Feature", "geometry": {"type": "Point", "coordinates": [1.95297789, 48.39222971]}, "properties": {"route": "D141.5", "pr": "0", "abs": 214, "label": "D141.5 PR0+214"}}, {"type": "Feature", "geometry": {"type": "Point", "coordinates": [1.92051669, 48.43198228]}, "properties": {"route": "D333.5", "pr": "2", "abs": 3000, "label": "D333.5 PR2+3000"}}, {"type": "Feature", "geometry": {"type": "Point", "coordinates": [1.92061196, 48.4376118]}, "properties": {"route": "D333.5", "pr": "2", "abs": 3000, "label": "D333.5 PR2+3000"}}, {"type": "Feature", "geometry": {"type": "Point", "coordinates": [1.92918333, 48.41637497]}, "properties": {"route": "D333.5", "pr": "1", "abs": 1113, "label": "D333.5 PR1+1113"}}, {"type": "Feature", "geometry": {"type": "Point", "coordinates": [1.94137059, 48.34651766]}, "properties": {"route": "D350", "pr": "3", "abs": 3169, "label": "D350 PR3+3169"}}, {"type": "Feature", "geometry": {"type": "Point", "coordinates": [1.95870831, 48.39381785]}, "properties": {"route": "D141.4", "pr": "33", "abs": 7913, "label": "D141.4 PR33+7913"}}, {"type": "Feature", "geometry": {"type": "Point", "coordinates": [1.95795573, 48.39395789]}, "properties": {"route": "D141.4", "pr": "33", "abs": 7913, "label": "D141.4 PR33+7913"}}, {"type": "Feature", "geometry": {"type": "Point", "coordinates": [1.92380839, 48.43503885]}, "properties": {"route": "D118.2B", "pr": "1", "abs": 1200, "label": "D118.2B PR1+1200"}}, {"type": "Feature", "geometry": {"type": "Point", "coordinates": [1.91978991, 48.43517598]}, "properties": {"route": "D118.2B", "pr": "1", "abs": 1200, "label": "D118.2B PR1+1200"}}, {"type": "Feature", "geometry": {"type": "Point", "coordinates": [1.9814623, 48.36624744]}, "properties": {"route": "D109.9", "pr": "0", "abs": 832, "label": "D109.9 PR0+832"}}, {"type": "Feature", "geometry": {"type": "Point", "coordinates": [1.94932289, 48.32112815]}, "properties": {"route": "D109", "pr": "35", "abs": 35305, "label": "D109 PR35+35305"}}, {"type": "Feature", "geometry": {"type": "Point", "coordinates": [1.94796206, 48.32130772]}, "properties": {"route": "D109", "pr": "35", "abs": 35305, "label": "D109 PR35+35305"}}, {"type": "Feature", "geometry": {"type": "Point", "coordinates": [1.94698334, 48.34596305]}, "properties": {"route": "D109", "pr": "38", "abs": 38223, "label": "D109 PR38+38223"}}, {"type": "Feature", "geometry": {"type": "Point", "coordinates": [1.94851382, 48.34718774]}, "properties": {"route": "D109", "pr": "38", "abs": 38223, "label": "D109 PR38+38223"}}, {"type": "Feature", "geometry": {"type": "Point", "coordinates": [1.97868322, 48.37509062]}, "properties": {"route": "D109", "pr": "42", "abs": 42404, "label": "D109 PR42+42404"}}, {"type": "Feature", "geometry": {"type": "Point", "coordinates": [1.96915742, 48.36092241]}, "properties": {"route": "D350.2", "pr": "2", "abs": 2888, "label": "D350.2 PR2+2888"}}, {"type": "Feature", "geometry": {"type": "Point", "coordinates": [1.96884769, 48.35936582]}, "properties": {"route": "D350.2", "pr": "2", "abs": 2888, "label": "D350.2 PR2+2888"}}, {"type": "Feature", "geometry": {"type": "Point", "coordinates": [1.93685544, 48.32086028]}, "properties": {"route": "D142.1", "pr": "0", "abs": 905, "label": "D142.1 PR0+905"}}, {"type": "Feature", "geometry": {"type": "Point", "coordinates": [1.92645195, 48.45249566]}, "properties": {"route": "D17", "pr": "80", "abs": 80173, "label": "D17 PR80+80173"}}, {"type": "Feature", "geometry": {"type": "Point", "coordinates": [1.92619309, 48.45258779]}, "properties": {"route": "D17", "pr": "80", "abs": 80173, "label": "D17 PR80+80173"}}, {"type": "Feature", "geometry": {"type": "Point", "coordinates": [1.92619309, 48.45258779]}, "properties": {"route": "D17", "pr": "80", "abs": 80384, "label": "D17 PR80+80384"}}, {"type": "Feature", "geometry": {"type": "Point", "coordinates": [1.97361403, 48.39132238]}, "properties": {"route": "D116A", "pr": "42", "abs": 40948, "label": "D116A PR42+40948"}}, {"type": "Feature", "geometry": {"type": "Point", "coordinates": [1.93379432, 48.36936509]}, "properties": {"route": "D350.1", "pr": "1", "abs": 1110, "label": "D350.1 PR1+1110"}}, {"type": "Feature", "geometry": {"type": "Point", "coordinates": [1.92657581, 48.45252377]}, "properties": {"route": "D191", "pr": "53", "abs": 192, "label": "D191 PR53+192"}}, {"type": "Feature", "geometry": {"type": "Point", "coordinates": [1.92313237, 48.45331131]}, "properties": {"route": "D191", "pr": "54", "abs": 423, "label": "D191 PR54+423"}}, {"type": "Feature", "geometry": {"type": "Point", "coordinates": [1.93666914, 48.29634526]}, "properties": {"route": "D118.9", "pr": "2", "abs": 3152, "label": "D118.9 PR2+3152"}}, {"type": "Feature", "geometry": {"type": "Point", "coordinates": [1.94223749, 48.34609802]}, "properties": {"route": "D119", "pr": "21", "abs": 21919, "label": "D119 PR21+21919"}}, {"type": "Feature", "geometry": {"type": "Point", "coordinates": [1.9469484, 48.34548315]}, "properties": {"route": "D119", "pr": "21", "abs": 21919, "label": "D119 PR21+21919"}}, {"type": "Feature", "geometry": {"type": "Point", "coordinates": [1.95303411, 48.39415566]}, "properties": {"route": "D151", "pr": "27", "abs": 27954, "label": "D151 PR27+27954"}}, {"type": "Feature", "geometry": {"type": "Point", "coordinates": [1.9323337, 48.29860614]}, "properties": {"route": "D141.6", "pr": "6", "abs": 6731, "label": "D141.6 PR6+6731"}}, {"type": "Feature", "geometry": {"type": "Point", "coordinates": [1.98072794, 48.28698625]}, "properties": {"route": "D2020", "pr": "0", "abs": 0, "label": "D2020 PR0"}}, {"type": "Feature", "geometry": {"type": "Point", "coordinates": [1.92672449, 48.45252871]}, "properties": {"route": "D191", "pr": "FS", "abs": null, "label": "D191 PRFS"}}, {"type": "Feature", "geometry": {"type": "Point", "coordinates": [1.92670438, 48.45271837]}, "properties": {"route": "D191", "pr": "FS", "abs": null, "label": "D191 PRFS"}}, {"type": "Feature", "geometry": {"type": "Point", "coordinates": [1.97069885, 48.29682342]}, "properties": {"route": "D118.7", "pr": "FS", "abs": null, "label": "D118.7 PRFS"}}, {"type": "Feature", "geometry": {"type": "Point", "coordinates": [1.97468066, 48.34721649]}, "properties": {"route": "D22", "pr": "FS", "abs": null, "label": "D22 PRFS"}}, {"type": "Feature", "geometry": {"type": "Point", "coordinates": [1.96189274, 48.30511918]}, "properties": {"route": "D118.9", "pr": "FS", "abs": null, "label": "D118.9 PRFS"}}, {"type": "Feature", "geometry": {"type": "Point", "coordinates": [1.92634491, 48.45243891]}, "properties": {"route": "D17", "pr": "FS", "abs": null, "label": "D17 PRFS"}}, {"type": "Feature", "geometry": {"type": "Point", "coordinates": [1.92625075, 48.45281053]}, "properties": {"route": "D191", "pr": "DS", "abs": null, "label": "D191 PRDS"}}, {"type": "Feature", "geometry": {"type": "Point", "coordinates": [1.94855742, 48.34723492]}, "properties": {"route": "D109", "pr": "DS", "abs": null, "label": "D109 PRDS"}}, {"type": "Feature", "geometry": {"type": "Point", "coordinates": [1.92918333, 48.41637497]}, "properties": {"route": "D24", "pr": "75", "abs": 74250, "label": "D24 PR75+74250"}}, {"type": "Feature", "geometry": {"type": "Point", "coordinates": [1.92918333, 48.41637497]}, "properties": {"route": "D24", "pr": "75", "abs": 74226, "label": "D24 PR75+74226"}}, {"type": "Feature", "geometry": {"type": "Point", "coordinates": [1.91976883, 48.43580649]}, "properties": {"route": "D116.13", "pr": "5", "abs": 5731, "label": "D116.13 PR5+5731"}}, {"type": "Feature", "geometry": {"type": "Point", "coordinates": [1.94037883, 48.38283955]}, "properties": {"route": "D141.4", "pr": "32", "abs": 6010, "label": "D141.4 PR32+6010"}}, {"type": "Feature", "geometry": {"type": "Point", "coordinates": [1.92149762, 48.40046093]}, "properties": {"route": "D116A", "pr": "38", "abs": 36888, "label": "D116A PR38+36888"}}, {"type": "Feature", "geometry": {"type": "Point", "coordinates": [1.93415977, 48.39838454]}, "properties": {"route": "D116A", "pr": "39", "abs": 37882, "label": "D116A PR39+37882"}}, {"type": "Feature", "geometry": {"type": "Point", "coordinates": [1.946756, 48.34599162]}, "properties": {"route": "D22", "pr": "27", "abs": 28644, "label": "D22 PR27+28644"}}, {"type": "Feature", "geometry": {"type": "Point", "coordinates": [1.94598332, 48.32559833]}, "properties": {"route": "D109", "pr": "36", "abs": 35809, "label": "D109 PR36+35809"}}, {"type": "Feature", "geometry": {"type": "Point", "coordinates": [1.97534018, 48.37054049]}, "properties": {"route": "D109", "pr": "42", "abs": 41725, "label": "D109 PR42+41725"}}, {"type": "Feature", "geometry": {"type": "Point", "coordinates": [1.93700519, 48.44115892]}, "properties": {"route": "D118.2B", "pr": "0", "abs": 0, "label": "D118.2B PR0"}}, {"type": "Feature", "geometry": {"type": "Point", "coordinates": [1.93190228, 48.35952889]}, "properties": {"route": "D350.1", "pr": "0", "abs": 0, "label": "D350.1 PR0"}}, {"type": "Feature", "geometry": {"type": "Point", "coordinates": [1.91492428, 48.4121057]}, "properties": {"route": "D118.10", "pr": "0", "abs": 0, "label": "D118.10 PR0"}}, {"type": "Feature", "geometry": {"type": "Point", "coordinates": [1.92570787, 48.31766704]}, "properties": {"route": "D142.1", "pr": "0", "abs": 0, "label": "D142.1 PR0"}}, {"type": "Feature", "geometry": {"type": "Point", "coordinates": [1.91501664, 48.36952307]}, "properties": {"route": "D141.4", "pr": "29", "abs": 2889, "label": "D141.4 PR29+2889"}}, {"type": "Feature", "geometry": {"type": "Point", "coordinates": [1.92985858, 48.39250285]}, "properties": {"route": "D151", "pr": "26", "abs": 26197, "label": "D151 PR26+26197"}}, {"type": "Feature", "geometry": {"type": "Point", "coordinates": [1.9368973, 48.34284519]}, "properties": {"route": "D22", "pr": "26", "abs": 27660, "label": "D22 PR26+27660"}}, {"type": "Feature", "geometry": {"type": "Point", "coordinates": [1.92125856, 48.42831275]}, "properties": {"route": "D118.2B", "pr": "2", "abs": 2001, "label": "D118.2B PR2+2001"}}, {"type": "Feature", "geometry": {"type": "Point", "coordinates": [1.91553334, 48.36699225]}, "properties": {"route": "D118.2B", "pr": "9", "abs": 8995, "label": "D118.2B PR9+8995"}}, {"type": "Feature", "geometry": {"type": "Point", "coordinates": [1.93627756, 48.3743136]}, "properties": {"route": "D141.4", "pr": "31", "abs": 5012, "label": "D141.4 PR31+5012"}}, {"type": "Feature", "geometry": {"type": "Point", "coordinates": [1.97296191, 48.39144089]}, "properties": {"route": "D116A", "pr": "42", "abs": 40898, "label": "D116A PR42+40898"}}, {"type": "Feature", "geometry": {"type": "Point", "coordinates": [1.97070632, 48.34544815]}, "properties": {"route": "D22", "pr": "29", "abs": 30594, "label": "D22 PR29+30594"}}, {"type": "Feature", "geometry": {"type": "Point", "coordinates": [1.92646171, 48.42475475]}, "properties": {"route": "D333.5", "pr": "2", "abs": 2071, "label": "D333.5 PR2+2071"}}, {"type": "Feature", "geometry": {"type": "Point", "coordinates": [1.91535241, 48.37576871]}, "properties": {"route": "D118.2B", "pr": "8", "abs": 7995, "label": "D118.2B PR8+7995"}}, {"type": "Feature", "geometry": {"type": "Point", "coordinates": [1.92568031, 48.43639549]}, "properties": {"route": "D118.2B", "pr": "1", "abs": 1000, "label": "D118.2B PR1+1000"}}, {"type": "Feature", "geometry": {"type": "Point", "coordinates": [1.91920366, 48.35259073]}, "properties": {"route": "D119", "pr": "20", "abs": 20031, "label": "D119 PR20+20031"}}, {"type": "Feature", "geometry": {"type": "Point", "coordinates": [1.97084516, 48.29692727]}, "properties": {"route": "D118.7", "pr": "2", "abs": 2692, "label": "D118.7 PR2+2692"}}, {"type": "Feature", "geometry": {"type": "Point", "coordinates": [1.97628966, 48.35755525]}, "properties": {"route": "D350.2", "pr": "3", "abs": 3589, "label": "D350.2 PR3+3589"}}, {"type": "Feature", "geometry": {"type": "Point", "coordinates": [1.96763338, 48.40260987]}, "properties": {"route": "D141.4", "pr": "35", "abs": 9156, "label": "D141.4 PR35+9156"}}, {"type": "Feature", "geometry": {"type": "Point", "coordinates": [1.95886161, 48.39453629]}, "properties": {"route": "D141.4", "pr": "34", "abs": 8006, "label": "D141.4 PR34+8006"}}, {"type": "Feature", "geometry": {"type": "Point", "coordinates": [1.95398245, 48.30260476]}, "properties": {"route": "D118.9", "pr": "4", "abs": 4147, "label": "D118.9 PR4+4147"}}, {"type": "Feature", "geometry": {"type": "Point", "coordinates": [1.95391654, 48.28677112]}, "properties": {"route": "D118.7", "pr": "1", "abs": 999, "label": "D118.7 PR1+999"}}, {"type": "Feature", "geometry": {"type": "Point", "coordinates": [1.93386623, 48.32270228]}, "properties": {"route": "D939", "pr": "6", "abs": 3956, "label": "D939 PR6+3956"}}, {"type": "Feature", "geometry": {"type": "Point", "coordinates": [1.97748025, 48.3268544]}, "properties": {"route": "D119", "pr": "25", "abs": 25035, "label": "D119 PR25+25035"}}, {"type": "Feature", "geometry": {"type": "Point", "coordinates": [1.96194696, 48.35746284]}, "properties": {"route": "D109", "pr": "40", "abs": 39755, "label": "D109 PR40+39755"}}, {"type": "Feature", "geometry": {"type": "Point", "coordinates": [1.93379432, 48.36936509]}, "properties": {"route": "D350.2", "pr": "0", "abs": 0, "label": "D350.2 PR0"}}, {"type": "Feature", "geometry": {"type": "Point", "coordinates": [1.98058708, 48.286671]}, "properties": {"route": "D2020", "pr": "1", "abs": 34, "label": "D2020 PR1+34"}}, {"type": "Feature", "geometry": {"type": "Point", "coordinates": [1.94609336, 48.33338068]}, "properties": {"route": "D109", "pr": "37", "abs": 36792, "label": "D109 PR37+36792"}}, {"type": "Feature", "geometry": {"type": "Point", "coordinates": [1.96207365, 48.30517835]}, "properties": {"route": "D118.9", "pr": "4", "abs": 4797, "label": "D118.9 PR4+4797"}}, {"type": "Feature", "geometry": {"type": "Point", "coordinates": [1.94156206, 48.30021242]}, "properties": {"route": "D118.9", "pr": "3", "abs": 3152, "label": "D118.9 PR3+3152"}}, {"type": "Feature", "geometry": {"type": "Point", "coordinates": [1.96564948, 48.4015255]}, "properties": {"route": "D141.4", "pr": "35", "abs": 8965, "label": "D141.4 PR35+8965"}}, {"type": "Feature", "geometry": {"type": "Point", "coordinates": [1.92826201, 48.37008358]}, "properties": {"route": "D141.4", "pr": "30", "abs": 4009, "label": "D141.4 PR30+4009"}}, {"type": "Feature", "geometry": {"type": "Point", "coordinates": [1.91521412, 48.41102776]}, "properties": {"route": "D118.2B", "pr": "4", "abs": 3999, "label": "D118.2B PR4+3999"}}, {"type": "Feature", "geometry": {"type": "Point", "coordinates": [1.94643226, 48.36695249]}, "properties": {"route": "D350.2", "pr": "1", "abs": 980, "label": "D350.2 PR1+980"}}, {"type": "Feature", "geometry": {"type": "Point", "coordinates": [1.95851366, 48.3636051]}, "properties": {"route": "D350.2", "pr": "2", "abs": 1960, "label": "D350.2 PR2+1960"}}, {"type": "Feature", "geometry": {"type": "Point", "coordinates": [1.94939255, 48.38911276]}, "properties": {"route": "D141.4", "pr": "33", "abs": 7008, "label": "D141.4 PR33+7008"}}, {"type": "Feature", "geometry": {"type": "Point", "coordinates": [1.92753113, 48.3630111]}, "properties": {"route": "D350", "pr": "1", "abs": 989, "label": "D350 PR1+989"}}, {"type": "Feature", "geometry": {"type": "Point", "coordinates": [1.94294867, 48.39449625]}, "properties": {"route": "D151", "pr": "27", "abs": 27198, "label": "D151 PR27+27198"}}, {"type": "Feature", "geometry": {"type": "Point", "coordinates": [1.92489258, 48.3390999]}, "properties": {"route": "D22", "pr": "25", "abs": 26670, "label": "D22 PR25+26670"}}, {"type": "Feature", "geometry": {"type": "Point", "coordinates": [1.91951125, 48.43807504]}, "properties": {"route": "D333.5", "pr": "3", "abs": 3096, "label": "D333.5 PR3+3096"}}, {"type": "Feature", "geometry": {"type": "Point", "coordinates": [1.94062494, 48.40455353]}, "properties": {"route": "D333.5", "pr": "1", "abs": 1045, "label": "D333.5 PR1+1045"}}, {"type": "Feature", "geometry": {"type": "Point", "coordinates": [1.91666131, 48.41694056]}, "properties": {"route": "D24", "pr": "74", "abs": 73222, "label": "D24 PR74+73222"}}, {"type": "Feature", "geometry": {"type": "Point", "coordinates": [1.95119759, 48.40481486]}, "properties": {"route": "D333.6", "pr": "1", "abs": 1025, "label": "D333.6 PR1+1025"}}, {"type": "Feature", "geometry": {"type": "Point", "coordinates": [1.93847463, 48.33704584]}, "properties": {"route": "D142", "pr": "1", "abs": 1001, "label": "D142 PR1+1001"}}, {"type": "Feature", "geometry": {"type": "Point", "coordinates": [1.91583926, 48.39316725]}, "properties": {"route": "D118.2B", "pr": "6", "abs": 5997, "label": "D118.2B PR6+5997"}}, {"type": "Feature", "geometry": {"type": "Point", "coordinates": [1.97008793, 48.31724446]}, "properties": {"route": "D939", "pr": "3", "abs": 984, "label": "D939 PR3+984"}}, {"type": "Feature", "geometry": {"type": "Point", "coordinates": [1.98076922, 48.31872888]}, "properties": {"route": "D939", "pr": "2", "abs": 0, "label": "D939 PR2"}}, {"type": "Feature", "geometry": {"type": "Point", "coordinates": [1.96877854, 48.35889824]}, "properties": {"route": "D350.2", "pr": "3", "abs": 2940, "label": "D350.2 PR3+2940"}}, {"type": "Feature", "geometry": {"type": "Point", "coordinates": [1.94828872, 48.34501008]}, "properties": {"route": "D119", "pr": "22", "abs": 22036, "label": "D119 PR22+22036"}}, {"type": "Feature", "geometry": {"type": "Point", "coordinates": [1.95805818, 48.31876242]}, "properties": {"route": "D939", "pr": "4", "abs": 1972, "label": "D939 PR4+1972"}}, {"type": "Feature", "geometry": {"type": "Point", "coordinates": [1.9335036, 48.36865166]}, "properties": {"route": "D350.1", "pr": "1", "abs": 1027, "label": "D350.1 PR1+1027"}}, {"type": "Feature", "geometry": {"type": "Point", "coordinates": [1.94390532, 48.30858535]}, "properties": {"route": "D109", "pr": "34", "abs": 33843, "label": "D109 PR34+33843"}}, {"type": "Feature", "geometry": {"type": "Point", "coordinates": [1.94678581, 48.39610405]}, "properties": {"route": "D333.6", "pr": "0", "abs": 0, "label": "D333.6 PR0"}}, {"type": "Feature", "geometry": {"type": "Point", "coordinates": [1.93619079, 48.35623202]}, "properties": {"route": "D350", "pr": "2", "abs": 1980, "label": "D350 PR2+1980"}}, {"type": "Feature", "geometry": {"type": "Point", "coordinates": [1.91801931, 48.41971604]}, "properties": {"route": "D118.2B", "pr": "3", "abs": 2998, "label": "D118.2B PR3+2998"}}, {"type": "Feature", "geometry": {"type": "Point", "coordinates": [1.94145751, 48.29997933]}, "properties": {"route": "D109", "pr": "33", "abs": 32857, "label": "D109 PR33+32857"}}, {"type": "Feature", "geometry": {"type": "Point", "coordinates": [1.97137681, 48.36238672]}, "properties": {"route": "D109", "pr": "41", "abs": 40745, "label": "D109 PR41+40745"}}, {"type": "Feature", "geometry": {"type": "Point", "coordinates": [1.92964723, 48.43275329]}, "properties": {"route": "D116.13", "pr": "6", "abs": 6553, "label": "D116.13 PR6+6553"}}, {"type": "Feature", "geometry": {"type": "Point", "coordinates": [1.93325866, 48.32991674]}, "properties": {"route": "D142", "pr": "2", "abs": 2000, "label": "D142 PR2+2000"}}, {"type": "Feature", "geometry": {"type": "Point", "coordinates": [1.96364742, 48.29271184]}, "properties": {"route": "D118.7", "pr": "2", "abs": 1997, "label": "D118.7 PR2+1997"}}, {"type": "Feature", "geometry": {"type": "Point", "coordinates": [1.94021519, 48.405105]}, "properties": {"route": "D333.5", "pr": "1", "abs": 1113, "label": "D333.5 PR1+1113"}}, {"type": "Feature", "geometry": {"type": "Point", "coordinates": [1.92260533, 48.31231112]}, "properties": {"route": "D141.6", "pr": "5", "abs": 5014, "label": "D141.6 PR5+5014"}}, {"type": "Feature", "geometry": {"type": "Point", "coordinates": [1.92333396, 48.43509752]}, "properties": {"route": "D116.13", "pr": "6", "abs": 6007, "label": "D116.13 PR6+6007"}}, {"type": "Feature", "geometry": {"type": "Point", "coordinates": [1.92261389, 48.32692753]}, "properties": {"route": "D939", "pr": "7", "abs": 4945, "label": "D939 PR7+4945"}}, {"type": "Feature", "geometry": {"type": "Point", "coordinates": [1.92056869, 48.43754573]}, "properties": {"route": "D17", "pr": "79", "abs": 78443, "label": "D17 PR79+78443"}}, {"type": "Feature", "geometry": {"type": "Point", "coordinates": [1.93670464, 48.29278232]}, "properties": {"route": "D109", "pr": "32", "abs": 31872, "label": "D109 PR32+31872"}}, {"type": "Feature", "geometry": {"type": "Point", "coordinates": [1.94715106, 48.39601372]}, "properties": {"route": "D116A", "pr": "40", "abs": 38885, "label": "D116A PR40+38885"}}, {"type": "Feature", "geometry": {"type": "Point", "coordinates": [1.91545737, 48.3846305]}, "properties": {"route": "D118.2B", "pr": "7", "abs": 6992, "label": "D118.2B PR7+6992"}}, {"type": "Feature", "geometry": {"type": "Point", "coordinates": [1.91642659, 48.4021665]}, "properties": {"route": "D118.2B", "pr": "5", "abs": 4993, "label": "D118.2B PR5+4993"}}, {"type": "Feature", "geometry": {"type": "Point", "coordinates": [1.95832015, 48.3391422]}, "properties": {"route": "D119", "pr": "23", "abs": 23053, "label": "D119 PR23+23053"}}, {"type": "Feature", "geometry": {"type": "Point", "coordinates": [1.94565866, 48.32065378]}, "properties": {"route": "D939", "pr": "5", "abs": 2964, "label": "D939 PR5+2964"}}, {"type": "Feature", "geometry": {"type": "Point", "coordinates": [1.9415746, 48.34825336]}, "properties": {"route": "D350", "pr": "3", "abs": 2971, "label": "D350 PR3+2971"}}, {"type": "Feature", "geometry": {"type": "Point", "coordinates": [1.92492338, 48.2978093]}, "properties": {"route": "D118.9", "pr": "2", "abs": 2145, "label": "D118.9 PR2+2145"}}, {"type": "Feature", "geometry": {"type": "Point", "coordinates": [1.9199493, 48.38664107]}, "properties": {"route": "D151", "pr": "25", "abs": 25200, "label": "D151 PR25+25200"}}, {"type": "Feature", "geometry": {"type": "Point", "coordinates": [1.9212327, 48.31406134]}, "properties": {"route": "D142", "pr": "4", "abs": 3998, "label": "D142 PR4+3998"}}, {"type": "Feature", "geometry": {"type": "Point", "coordinates": [1.95976032, 48.39363454]}, "properties": {"route": "D116A", "pr": "41", "abs": 39890, "label": "D116A PR41+39890"}}, {"type": "Feature", "geometry": {"type": "Point", "coordinates": [1.92887266, 48.30447311]}, "properties": {"route": "D141.6", "pr": "6", "abs": 6013, "label": "D141.6 PR6+6013"}}, {"type": "Feature", "geometry": {"type": "Point", "coordinates": [1.96802049, 48.33325258]}, "properties": {"route": "D119", "pr": "24", "abs": 24035, "label": "D119 PR24+24035"}}, {"type": "Feature", "geometry": {"type": "Point", "coordinates": [1.94694396, 48.31709933]}, "properties": {"route": "D109", "pr": "35", "abs": 34821, "label": "D109 PR35+34821"}}, {"type": "Feature", "geometry": {"type": "Point", "coordinates": [1.92064756, 48.37058672]}, "properties": {"route": "D350", "pr": "0", "abs": 0, "label": "D350 PR0"}}, {"type": "Feature", "geometry": {"type": "Point", "coordinates": [1.94580485, 48.34388037]}, "properties": {"route": "D142", "pr": "0", "abs": 0, "label": "D142 PR0"}}, {"type": "Feature", "geometry": {"type": "Point", "coordinates": [1.92805636, 48.32165464]}, "properties": {"route": "D142", "pr": "3", "abs": 2999, "label": "D142 PR3+2999"}}, {"type": "Feature", "geometry": {"type": "Point", "coordinates": [1.95819325, 48.34439489]}, "properties": {"route": "D22", "pr": "28", "abs": 29644, "label": "D22 PR28+29644"}}, {"type": "Feature", "geometry": {"type": "Point", "coordinates": [1.92395382, 48.44609319]}, "properties": {"route": "D17", "pr": "80", "abs": 79439, "label": "D17 PR80+79439"}}, {"type": "Feature", "geometry": {"type": "Point", "coordinates": [1.9308229, 48.34832956]}, "properties": {"route": "D119", "pr": "21", "abs": 21026, "label": "D119 PR21+21026"}}, {"type": "Feature", "geometry": {"type": "Point", "coordinates": [1.94595506, 48.34217573]}, "properties": {"route": "D109", "pr": "38", "abs": 37772, "label": "D109 PR38+37772"}}, {"type": "Feature", "geometry": {"type": "Point", "coordinates": [1.94678581, 48.39610405]}, "properties": {"route": "D333.5", "pr": "0", "abs": 0, "label": "D333.5 PR0"}}, {"type": "Feature", "geometry": {"type": "Point", "coordinates": [1.95245539, 48.35131844]}, "properties": {"route": "D109", "pr": "39", "abs": 38766, "label": "D109 PR39+38766"}}, {"type": "Feature", "geometry": {"type": "Point", "coordinates": [1.92609413, 48.45279742]}, "properties": {"route": "D191", "pr": "54", "abs": 192, "label": "D191 PR54+192"}}, {"type": "Feature", "geometry": {"type": "Point", "coordinates": [2.3140132, 48.73401106]}, "properties": {"route": "A6B", "pr": "999", "abs": 1610, "label": "A6B PR999+1610 (G)"}}, {"type": "Feature", "geometry": {"type": "Point", "coordinates": [2.37414151, 48.75345363]}, "properties": {"route": "N186B", "pr": "0", "abs": 0, "label": "N186B PR0 (G)"}}, {"type": "Feature", "geometry": {"type": "Point", "coordinates": [2.53227337, 48.46991511]}, "properties": {"route": "N37", "pr": "2", "abs": 1554, "label": "N37 PR2+1554 (G)"}}, {"type": "Feature", "geometry": {"type": "Point", "coordinates": [2.51942245, 48.47257528]}, "properties": {"route": "N37", "pr": "1", "abs": 1337, "label": "N37 PR1+1337 (D)"}}, {"type": "Feature", "geometry": {"type": "Point", "coordinates": [2.51618172, 48.4771736]}, "properties": {"route": "N37", "pr": "0", "abs": 0, "label": "N37 PR0 (G)"}}, {"type": "Feature", "geometry": {"type": "Point", "coordinates": [2.51955806, 48.47268828]}, "properties": {"route": "N37", "pr": "1", "abs": 560, "label": "N37 PR1+560 (G)"}}, {"type": "Feature", "geometry": {"type": "Point", "coordinates": [2.43511132, 48.60696305]}, "properties": {"route": "A6", "pr": "28", "abs": 19574, "label": "A6 PR28+19574 (G)"}}, {"type": "Feature", "geometry": {"type": "Point", "coordinates": [2.44627272, 48.59059973]}, "properties": {"route": "A6", "pr": "30", "abs": 21576, "label": "A6 PR30+21576 (G)"}}, {"type": "Feature", "geometry": {"type": "Point", "coordinates": [2.51296997, 48.48748543]}, "properties": {"route": "A6", "pr": "43", "abs": 4608, "label": "A6 PR43+4608 (G)"}}, {"type": "Feature", "geometry": {"type": "Point", "coordinates": [2.50747934, 48.51389869]}, "properties": {"route": "A6", "pr": "40", "abs": 1610, "label": "A6 PR40+1610 (G)"}}, {"type": "Feature", "geometry": {"type": "Point", "coordinates": [2.46422545, 48.57727407]}, "properties": {"route": "A6", "pr": "32", "abs": 23577, "label": "A6 PR32+23577 (G)"}}, {"type": "Feature", "geometry": {"type": "Point", "coordinates": [2.49860622, 48.54013953]}, "properties": {"route": "A6", "pr": "37", "abs": 28573, "label": "A6 PR37+28573 (G)"}}, {"type": "Feature", "geometry": {"type": "Point", "coordinates": [2.51515362, 48.47861511]}, "properties": {"route": "A6", "pr": "44", "abs": 5636, "label": "A6 PR44+5636 (D)"}}, {"type": "Feature", "geometry": {"type": "Point", "coordinates": [2.4297492, 48.61520061]}, "properties": {"route": "A6", "pr": "27", "abs": 18576, "label": "A6 PR27+18576 (G)"}}, {"type": "Feature", "geometry": {"type": "Point", "coordinates": [2.44049764, 48.59871451]}, "properties": {"route": "A6", "pr": "29", "abs": 20576, "label": "A6 PR29+20576 (G)"}}, {"type": "Feature", "geometry": {"type": "Point", "coordinates": [2.49527939, 48.54883607]}, "properties": {"route": "A6", "pr": "36", "abs": 27575, "label": "A6 PR36+27575 (G)"}}, {"type": "Feature", "geometry": {"type": "Point", "coordinates": [2.5022596, 48.52788813]}, "properties": {"route": "A6", "pr": "38", "abs": 0, "label": "A6 PR38 (G)"}}, {"type": "Feature", "geometry": {"type": "Point", "coordinates": [2.50124363, 48.5313266]}, "properties": {"route": "A6", "pr": "38", "abs": 29575, "label": "A6 PR38+29575 (G)"}}, {"type": "Feature", "geometry": {"type": "Point", "coordinates": [2.45532465, 48.58401721]}, "properties": {"route": "A6", "pr": "31", "abs": 22578, "label": "A6 PR31+22578 (G)"}}, {"type": "Feature", "geometry": {"type": "Point", "coordinates": [2.51299344, 48.49647807]}, "properties": {"route": "A6", "pr": "42", "abs": 3610, "label": "A6 PR42+3610 (G)"}}, {"type": "Feature", "geometry": {"type": "Point", "coordinates": [2.49048429, 48.55720773]}, "properties": {"route": "A6", "pr": "35", "abs": 26574, "label": "A6 PR35+26574 (G)"}}, {"type": "Feature", "geometry": {"type": "Point", "coordinates": [2.50382753, 48.52249354]}, "properties": {"route": "A6", "pr": "39", "abs": 615, "label": "A6 PR39+615 (G)"}}, {"type": "Feature", "geometry": {"type": "Point", "coordinates": [2.48007684, 48.56295142]}, "properties": {"route": "A6", "pr": "34", "abs": 25572, "label": "A6 PR34+25572 (G)"}}, {"type": "Feature", "geometry": {"type": "Point", "coordinates": [2.51209813, 48.5054246]}, "properties": {"route": "A6", "pr": "41", "abs": 2608, "label": "A6 PR41+2608 (G)"}}, {"type": "Feature", "geometry": {"type": "Point", "coordinates": [2.47078102, 48.56939089]}, "properties": {"route": "A6", "pr": "33", "abs": 24580, "label": "A6 PR33+24580 (G)"}}, {"type": "Feature", "geometry": {"type": "Point", "coordinates": [2.51536021, 48.47866183]}, "properties": {"route": "A6", "pr": "44", "abs": 5638, "label": "A6 PR44+5638 (G)"}}, {"type": "Feature", "geometry": {"type": "Point", "coordinates": [2.51747225, 48.73789677]}, "properties": {"route": "N19", "pr": "19", "abs": 3600, "label": "N19 PR19+3600 (G)"}}, {"type": "Feature", "geometry": {"type": "Point", "coordinates": [2.4931842, 48.76176039]}, "properties": {"route": "N406", "pr": "999", "abs": 5366, "label": "N406 PR999+5366 (G)"}}, {"type": "Feature", "geometry": {"type": "Point", "coordinates": [2.31440194, 48.76199041]}, "properties": {"route": "A86", "pr": "52", "abs": 11828, "label": "A86 PR52+11828 (G)"}}, {"type": "Feature", "geometry": {"type": "Point", "coordinates": [2.23008255, 48.76872337]}, "properties": {"route": "N306", "pr": "999", "abs": 632, "label": "N306 PR999+632 (G)"}}, {"type": "Feature", "geometry": {"type": "Point", "coordinates": [2.52777194, 48.6319631]}, "properties": {"route": "N104", "pr": "29", "abs": 0, "label": "N104 PR29 (G)"}}, {"type": "Feature", "geometry": {"type": "Point", "coordinates": [2.56632835, 48.64706845]}, "properties": {"route": "N104", "pr": "25", "abs": 25436, "label": "N104 PR25+25436 (G)"}}, {"type": "Feature", "geometry": {"type": "Point", "coordinates": [2.55296431, 48.64563383]}, "properties": {"route": "N104", "pr": "26", "abs": 26438, "label": "N104 PR26+26438 (G)"}}, {"type": "Feature", "geometry": {"type": "Point", "coordinates": [2.53961158, 48.64423014]}, "properties": {"route": "N104", "pr": "27", "abs": 27432, "label": "N104 PR27+27432 (G)"}}, {"type": "Feature", "geometry": {"type": "Point", "coordinates": [2.1924695, 48.66848376]}, "properties": {"route": "N104", "pr": "999", "abs": 32066, "label": "N104 PR999+32066 (G)"}}, {"type": "Feature", "geometry": {"type": "Point", "coordinates": [2.57988787, 48.64673294]}, "properties": {"route": "N104", "pr": "24", "abs": 24436, "label": "N104 PR24+24436 (G)"}}, {"type": "Feature", "geometry": {"type": "Point", "coordinates": [2.32571427, 48.74608174]}, "properties": {"route": "A6B", "pr": "0", "abs": 0, "label": "A6B PR0 (G)"}}, {"type": "Feature", "geometry": {"type": "Point", "coordinates": [1.9492084, 48.56030661]}, "properties": {"route": "A10", "pr": "22", "abs": 15275, "label": "A10 PR22+15275 (G)"}}, {"type": "Feature", "geometry": {"type": "Point", "coordinates": [2.15034894, 48.63766177]}, "properties": {"route": "A10", "pr": "5", "abs": 5005, "label": "A10 PR5+5005 (G)"}}, {"type": "Feature", "geometry": {"type": "Point", "coordinates": [2.18010358, 48.65606241]}, "properties": {"route": "A10", "pr": "2", "abs": 2001, "label": "A10 PR2+2001 (G)"}}, {"type": "Feature", "geometry": {"type": "Point", "coordinates": [2.2462406, 48.70020403]}, "properties": {"route": "A10", "pr": "9", "abs": 9138, "label": "A10 PR9+9138 (G)"}}, {"type": "Feature", "geometry": {"type": "Point", "coordinates": [2.12559937, 48.61645201]}, "properties": {"route": "A10", "pr": "8", "abs": 8007, "label": "A10 PR8+8007 (G)"}}, {"type": "Feature", "geometry": {"type": "Point", "coordinates": [2.22314102, 48.69079647]}, "properties": {"route": "A10", "pr": "11", "abs": 11137, "label": "A10 PR11+11137 (G)"}}, {"type": "Feature", "geometry": {"type": "Point", "coordinates": [2.2347169, 48.69550369]}, "properties": {"route": "A10", "pr": "10", "abs": 10140, "label": "A10 PR10+10140 (G)"}}, {"type": "Feature", "geometry": {"type": "Point", "coordinates": [2.06240891, 48.60037709]}, "properties": {"route": "A10", "pr": "13", "abs": 13001, "label": "A10 PR13+13001 (G)"}}, {"type": "Feature", "geometry": {"type": "Point", "coordinates": [2.29086123, 48.71596029]}, "properties": {"route": "A10", "pr": "4", "abs": 3704, "label": "A10 PR4+3704 (G)"}}, {"type": "Feature", "geometry": {"type": "Point", "coordinates": [2.29798963, 48.72351927]}, "properties": {"route": "A10", "pr": "3", "abs": 2714, "label": "A10 PR3+2714 (G)"}}, {"type": "Feature", "geometry": {"type": "Point", "coordinates": [1.93650497, 48.55597444]}, "properties": {"route": "A10", "pr": "23", "abs": 7302, "label": "A10 PR23+7302 (G)"}}, {"type": "Feature", "geometry": {"type": "Point", "coordinates": [2.18839218, 48.6631741]}, "properties": {"route": "A10", "pr": "1", "abs": 999, "label": "A10 PR1+999 (G)"}}, {"type": "Feature", "geometry": {"type": "Point", "coordinates": [2.13513479, 48.62275019]}, "properties": {"route": "A10", "pr": "7", "abs": 7010, "label": "A10 PR7+7010 (G)"}}, {"type": "Feature", "geometry": {"type": "Point", "coordinates": [2.26593317, 48.71608118]}, "properties": {"route": "A10", "pr": "6", "abs": 6120, "label": "A10 PR6+6120 (G)"}}, {"type": "Feature", "geometry": {"type": "Point", "coordinates": [2.03614339, 48.5897177]}, "properties": {"route": "A10", "pr": "15", "abs": 0, "label": "A10 PR15 (G)"}}, {"type": "Feature", "geometry": {"type": "Point", "coordinates": [2.07492501, 48.60352189]}, "properties": {"route": "A10", "pr": "12", "abs": 12006, "label": "A10 PR12+12006 (G)"}}, {"type": "Feature", "geometry": {"type": "Point", "coordinates": [1.99325677, 48.77344362]}, "properties": {"route": "N10", "pr": "15", "abs": 3305, "label": "N10 PR15+3305 (G)"}}, {"type": "Feature", "geometry": {"type": "Point", "coordinates": [1.94489619, 48.75793309]}, "properties": {"route": "N10", "pr": "19", "abs": 7257, "label": "N10 PR19+7257 (G)"}}, {"type": "Feature", "geometry": {"type": "Point", "coordinates": [1.9696083, 48.764071]}, "properties": {"route": "N10", "pr": "17", "abs": 5298, "label": "N10 PR17+5298 (G)"}}, {"type": "Feature", "geometry": {"type": "Point", "coordinates": [1.9574571, 48.76024623]}, "properties": {"route": "N10", "pr": "18", "abs": 6275, "label": "N10 PR18+6275 (G)"}}, {"type": "Feature", "geometry": {"type": "Point", "coordinates": [1.92317798, 48.74759032]}, "properties": {"route": "N10", "pr": "21", "abs": 9255, "label": "N10 PR21+9255 (G)"}}, {"type": "Feature", "geometry": {"type": "Point", "coordinates": [2.4009995, 48.63214151]}, "properties": {"route": "N449", "pr": "999", "abs": 1220, "label": "N449 PR999+1220 (G)"}}, {"type": "Feature", "geometry": {"type": "Point", "coordinates": [2.41740742, 48.63523537]}, "properties": {"route": "N449", "pr": "0", "abs": 0, "label": "N449 PR0 (G)"}}, {"type": "Feature", "geometry": {"type": "Point", "coordinates": [2.31151101, 48.30018691]}, "properties": {"route": "D23", "pr": "15", "abs": 14948, "label": "D23 PR15+14948"}}, {"type": "Feature", "geometry": {"type": "Point", "coordinates": [2.19137694, 48.66642006]}, "properties": {"route": "N118", "pr": "999", "abs": 15837, "label": "N118 PR999+15837 (G)"}}, {"type": "Feature", "geometry": {"type": "Point", "coordinates": [2.2235532, 48.75451673]}, "properties": {"route": "N118", "pr": "2", "abs": 1971, "label": "N118 PR2+1971 (G)"}}, {"type": "Feature", "geometry": {"type": "Point", "coordinates": [2.21465725, 48.74879742]}, "properties": {"route": "N118", "pr": "3", "abs": 3044, "label": "N118 PR3+3044 (G)"}}, {"type": "Feature", "geometry": {"type": "Point", "coordinates": [2.19030536, 48.74388115]}, "properties": {"route": "N118", "pr": "5", "abs": 5308, "label": "N118 PR5+5308 (G)"}}, {"type": "Feature", "geometry": {"type": "Point", "coordinates": [2.19999878, 48.74881344]}, "properties": {"route": "N118", "pr": "4", "abs": 4176, "label": "N118 PR4+4176 (G)"}}, {"type": "Feature", "geometry": {"type": "Point", "coordinates": [2.22837141, 48.76261056]}, "properties": {"route": "N118", "pr": "1", "abs": 973, "label": "N118 PR1+973 (G)"}}, {"type": "Feature", "geometry": {"type": "Point", "coordinates": [2.17913497, 48.73838022]}, "properties": {"route": "N118", "pr": "6", "abs": 6335, "label": "N118 PR6+6335 (G)"}}, {"type": "Feature", "geometry": {"type": "Point", "coordinates": [2.22643183, 48.29068611]}, "properties": {"route": "D24", "pr": "12", "abs": 12084, "label": "D24 PR12+12084"}}, {"type": "Feature", "geometry": {"type": "Point", "coordinates": [2.52178294, 48.73283861]}, "properties": {"route": "N19", "pr": "19", "abs": 4240, "label": "N19 PR19+4240 (G)"}}, {"type": "Feature", "geometry": {"type": "Point", "coordinates": [2.54157602, 48.72754573]}, "properties": {"route": "N19", "pr": "21", "abs": 5212, "label": "N19 PR21+5212 (G)"}}, {"type": "Feature", "geometry": {"type": "Point", "coordinates": [2.52936559, 48.72819258]}, "properties": {"route": "N19", "pr": "20", "abs": 4240, "label": "N19 PR20+4240 (G)"}}, {"type": "Feature", "geometry": {"type": "Point", "coordinates": [2.49426459, 48.76314377]}, "properties": {"route": "N19", "pr": "0", "abs": 0, "label": "N19 PR0 (G)"}}, {"type": "Feature", "geometry": {"type": "Point", "coordinates": [2.53547685, 48.64042538]}, "properties": {"route": "N6", "pr": "11", "abs": 12513, "label": "N6 PR11+12513 (G)"}}, {"type": "Feature", "geometry": {"type": "Point", "coordinates": [2.43974966, 48.77271131]}, "properties": {"route": "N6", "pr": "13", "abs": 659, "label": "N6 PR13+659 (G)"}}, {"type": "Feature", "geometry": {"type": "Point", "coordinates": [2.44437154, 48.72367712]}, "properties": {"route": "N6", "pr": "19", "abs": 5443, "label": "N6 PR19+5443 (G)"}}, {"type": "Feature", "geometry": {"type": "Point", "coordinates": [2.44682777, 48.73230701]}, "properties": {"route": "N6", "pr": "18", "abs": 5168, "label": "N6 PR18+5168 (G)"}}, {"type": "Feature", "geometry": {"type": "Point", "coordinates": [2.44308584, 48.72096739]}, "properties": {"route": "N6", "pr": "0", "abs": 0, "label": "N6 PR0 (G)"}}, {"type": "Feature", "geometry": {"type": "Point", "coordinates": [2.44298307, 48.72091564]}, "properties": {"route": "N6", "pr": "0", "abs": 0, "label": "N6 PR0 (D)"}}, {"type": "Feature", "geometry": {"type": "Point", "coordinates": [2.44459861, 48.72584675]}, "properties": {"route": "N6", "pr": "18", "abs": 6232, "label": "N6 PR18+6232 (D)"}}, {"type": "Feature", "geometry": {"type": "Point", "coordinates": [2.44459861, 48.72584675]}, "properties": {"route": "N6", "pr": "18", "abs": 5443, "label": "N6 PR18+5443 (G)"}}, {"type": "Feature", "geometry": {"type": "Point", "coordinates": [2.52177336, 48.65740049]}, "properties": {"route": "N113", "pr": "FS", "abs": null, "label": "N113 PRFS"}}, {"type": "Feature", "geometry": {"type": "Point", "coordinates": [2.52177336, 48.65740049]}, "properties": {"route": "N113", "pr": "DS", "abs": null, "label": "N113 PRDS"}}, {"type": "Feature", "geometry": {"type": "Point", "coordinates": [2.44695183, 48.72957958]}, "properties": {"route": "N6", "pr": "18", "abs": 5168, "label": "N6 PR18+5168 (G)"}}, {"type": "Feature", "geometry": {"type": "Point", "coordinates": [2.54045415, 48.46744519]}, "properties": {"route": "N37", "pr": "999", "abs": 3039, "label": "N37 PR999+3039 (D)"}}, {"type": "Feature", "geometry": {"type": "Point", "coordinates": [2.27843599, 48.30092562]}, "properties": {"route": "D811", "pr": "0", "abs": 0, "label": "D811 PR0"}}, {"type": "Feature", "geometry": {"type": "Point", "coordinates": [2.53604007, 48.63461407]}, "properties": {"route": "A5A", "pr": "0", "abs": 0, "label": "A5A PR0 (G)"}}, {"type": "Feature", "geometry": {"type": "Point", "coordinates": [2.28301002, 48.71259613]}, "properties": {"route": "A126", "pr": "2", "abs": 2095, "label": "A126 PR2+2095 (G)"}}, {"type": "Feature", "geometry": {"type": "Point", "coordinates": [2.27044246, 48.71477492]}, "properties": {"route": "A126", "pr": "4", "abs": 2095, "label": "A126 PR4+2095 (G)"}}, {"type": "Feature", "geometry": {"type": "Point", "coordinates": [2.24151999, 48.72463627]}, "properties": {"route": "A126", "pr": "5", "abs": 4465, "label": "A126 PR5+4465 (G)"}}, {"type": "Feature", "geometry": {"type": "Point", "coordinates": [2.3414451, 48.75542474]}, "properties": {"route": "N186", "pr": "49", "abs": 2719, "label": "N186 PR49+2719 (G)"}}, {"type": "Feature", "geometry": {"type": "Point", "coordinates": [2.29182464, 48.76041058]}, "properties": {"route": "A86", "pr": "52", "abs": 13573, "label": "A86 PR52+13573 (G)"}}, {"type": "Feature", "geometry": {"type": "Point", "coordinates": [2.37806117, 48.75327084]}, "properties": {"route": "A86", "pr": "47", "abs": 16202, "label": "A86 PR47+16202 (G)"}}, {"type": "Feature", "geometry": {"type": "Point", "coordinates": [2.3414451, 48.75542474]}, "properties": {"route": "A86", "pr": "50", "abs": 16202, "label": "A86 PR50+16202 (G)"}}, {"type": "Feature", "geometry": {"type": "Point", "coordinates": [2.28726847, 48.70521267]}, "properties": {"route": "N20", "pr": "3", "abs": 1280, "label": "N20 PR3+1280 (G)"}}, {"type": "Feature", "geometry": {"type": "Point", "coordinates": [2.32199453, 48.74252046]}, "properties": {"route": "A10", "pr": "0", "abs": 0, "label": "A10 PR0 (G)"}}, {"type": "Feature", "geometry": {"type": "Point", "coordinates": [2.33356048, 48.75609245]}, "properties": {"route": "N186B", "pr": "50", "abs": 1423, "label": "N186B PR50+1423 (G)"}}, {"type": "Feature", "geometry": {"type": "Point", "coordinates": [2.35463896, 48.75363135]}, "properties": {"route": "N186B", "pr": "48", "abs": 1423, "label": "N186B PR48+1423 (G)"}}, {"type": "Feature", "geometry": {"type": "Point", "coordinates": [2.38620973, 48.64987304]}, "properties": {"route": "D310", "pr": "FS", "abs": null, "label": "D310 PRFS (D)"}}, {"type": "Feature", "geometry": {"type": "Point", "coordinates": [2.4856859, 48.56561962]}, "properties": {"route": "N7", "pr": "FS", "abs": 21601, "label": "N7 PRFS+21601"}}, {"type": "Feature", "geometry": {"type": "Point", "coordinates": [2.44005101, 48.6243788]}, "properties": {"route": "D93", "pr": "DS", "abs": null, "label": "D93 PRDS (D)"}}, {"type": "Feature", "geometry": {"type": "Point", "coordinates": [2.49907685, 48.72994014]}, "properties": {"route": "D94", "pr": "DS", "abs": null, "label": "D94 PRDS"}}, {"type": "Feature", "geometry": {"type": "Point", "coordinates": [2.34044288, 48.66386954]}, "properties": {"route": "D117", "pr": "DS", "abs": null, "label": "D117 PRDS"}}, {"type": "Feature", "geometry": {"type": "Point", "coordinates": [2.30001476, 48.57764393]}, "properties": {"route": "D117", "pr": "DS", "abs": 19434, "label": "D117 PRDS+19434"}}, {"type": "Feature", "geometry": {"type": "Point", "coordinates": [2.57453181, 48.5057824]}, "properties": {"route": "D607", "pr": "FS", "abs": null, "label": "D607 PRFS"}}, {"type": "Feature", "geometry": {"type": "Point", "coordinates": [2.54135004, 48.52068493]}, "properties": {"route": "D50", "pr": "DS", "abs": 20222, "label": "D50 PRDS+20222"}}, {"type": "Feature", "geometry": {"type": "Point", "coordinates": [2.04120243, 48.75426399]}, "properties": {"route": "D91", "pr": "FS", "abs": 9149, "label": "D91 PRFS+9149 (G)"}}, {"type": "Feature", "geometry": {"type": "Point", "coordinates": [1.93384652, 48.75981021]}, "properties": {"route": "D13", "pr": "DS", "abs": null, "label": "D13 PRDS (D)"}}, {"type": "Feature", "geometry": {"type": "Point", "coordinates": [2.04169912, 48.75484723]}, "properties": {"route": "D91", "pr": "DS", "abs": null, "label": "D91 PRDS (G)"}}, {"type": "Feature", "geometry": {"type": "Point", "coordinates": [2.3988982, 48.28699212]}, "properties": {"route": "D949", "pr": "FS", "abs": null, "label": "D949 PRFS"}}, {"type": "Feature", "geometry": {"type": "Point", "coordinates": [2.39865283, 48.28793742]}, "properties": {"route": "D949", "pr": "DS", "abs": null, "label": "D949 PRDS"}}, {"type": "Feature", "geometry": {"type": "Point", "coordinates": [2.39865283, 48.28793742]}, "properties": {"route": "D949", "pr": "FS", "abs": null, "label": "D949 PRFS"}}, {"type": "Feature", "geometry": {"type": "Point", "coordinates": [2.39807805, 48.29446765]}, "properties": {"route": "D949", "pr": "FS", "abs": null, "label": "D949 PRFS"}}, {"type": "Feature", "geometry": {"type": "Point", "coordinates": [2.39912744, 48.28675124]}, "properties": {"route": "D2152", "pr": "DS", "abs": null, "label": "D2152 PRDS"}}, {"type": "Feature", "geometry": {"type": "Point", "coordinates": [2.39912744, 48.28675124]}, "properties": {"route": "D949", "pr": "FS", "abs": null, "label": "D949 PRFS"}}, {"type": "Feature", "geometry": {"type": "Point", "coordinates": [2.24866428, 48.29265772]}, "properties": {"route": "D24", "pr": "FS", "abs": null, "label": "D24 PRFS"}}, {"type": "Feature", "geometry": {"type": "Point", "coordinates": [2.39726971, 48.29464259]}, "properties": {"route": "D949", "pr": "FS", "abs": null, "label": "D949 PRFS"}}, {"type": "Feature", "geometry": {"type": "Point", "coordinates": [2.42074566, 48.28661793]}, "properties": {"route": "D948", "pr": "FS", "abs": null, "label": "D948 PRFS"}}, {"type": "Feature", "geometry": {"type": "Point", "coordinates": [2.20175505, 48.29495632]}, "properties": {"route": "D24", "pr": "FS", "abs": null, "label": "D24 PRFS"}}, {"type": "Feature", "geometry": {"type": "Point", "coordinates": [2.39865283, 48.28793742]}, "properties": {"route": "D949", "pr": "DS", "abs": null, "label": "D949 PRDS"}}, {"type": "Feature", "geometry": {"type": "Point", "coordinates": [2.3984986, 48.2869208]}, "properties": {"route": "D949", "pr": "DS", "abs": null, "label": "D949 PRDS"}}, {"type": "Feature", "geometry": {"type": "Point", "coordinates": [2.39726971, 48.29464259]}, "properties": {"route": "D949", "pr": "FS", "abs": null, "label": "D949 PRFS"}}, {"type": "Feature", "geometry": {"type": "Point", "coordinates": [2.39726971, 48.29464259]}, "properties": {"route": "D949", "pr": "DS", "abs": null, "label": "D949 PRDS"}}, {"type": "Feature", "geometry": {"type": "Point", "coordinates": [2.20130526, 48.29589625]}, "properties": {"route": "D24", "pr": "DS", "abs": null, "label": "D24 PRDS"}}, {"type": "Feature", "geometry": {"type": "Point", "coordinates": [2.23422275, 48.28898943]}, "properties": {"route": "D24", "pr": "DS", "abs": null, "label": "D24 PRDS"}}, {"type": "Feature", "geometry": {"type": "Point", "coordinates": [2.32670556, 48.33148216]}, "properties": {"route": "D23", "pr": "18", "abs": 18685, "label": "D23 PR18+18685"}}, {"type": "Feature", "geometry": {"type": "Point", "coordinates": [2.32565708, 48.3248478]}, "properties": {"route": "D23", "pr": "18", "abs": 17947, "label": "D23 PR18+17947"}}, {"type": "Feature", "geometry": {"type": "Point", "coordinates": [2.25161305, 48.29997355]}, "properties": {"route": "D20", "pr": "33", "abs": 33832, "label": "D20 PR33+33832"}}, {"type": "Feature", "geometry": {"type": "Point", "coordinates": [2.25046252, 48.29705101]}, "properties": {"route": "D20", "pr": "33", "abs": 33487, "label": "D20 PR33+33487"}}, {"type": "Feature", "geometry": {"type": "Point", "coordinates": [2.13956037, 48.29923347]}, "properties": {"route": "D824", "pr": "6", "abs": 6334, "label": "D824 PR6+6334"}}, {"type": "Feature", "geometry": {"type": "Point", "coordinates": [2.14220021, 48.29670356]}, "properties": {"route": "D824", "pr": "6", "abs": 5992, "label": "D824 PR6+5992"}}, {"type": "Feature", "geometry": {"type": "Point", "coordinates": [2.39854191, 48.29434764]}, "properties": {"route": "D524", "pr": "0", "abs": 0, "label": "D524 PR0"}}, {"type": "Feature", "geometry": {"type": "Point", "coordinates": [2.40915972, 48.29368583]}, "properties": {"route": "D524", "pr": "0", "abs": 765, "label": "D524 PR0+765"}}, {"type": "Feature", "geometry": {"type": "Point", "coordinates": [2.39726896, 48.31321435]}, "properties": {"route": "D132", "pr": "2", "abs": 2431, "label": "D132 PR2+2431"}}, {"type": "Feature", "geometry": {"type": "Point", "coordinates": [2.40088301, 48.31056585]}, "properties": {"route": "D132", "pr": "2", "abs": 2026, "label": "D132 PR2+2026"}}, {"type": "Feature", "geometry": {"type": "Point", "coordinates": [2.32867206, 48.2865704]}, "properties": {"route": "D324", "pr": "1", "abs": 1022, "label": "D324 PR1+1022"}}, {"type": "Feature", "geometry": {"type": "Point", "coordinates": [2.11208717, 48.30215008]}, "properties": {"route": "D97", "pr": "48", "abs": 43570, "label": "D97 PR48+43570"}}, {"type": "Feature", "geometry": {"type": "Point", "coordinates": [2.11064207, 48.29763941]}, "properties": {"route": "D97", "pr": "48", "abs": 43062, "label": "D97 PR48+43062"}}, {"type": "Feature", "geometry": {"type": "Point", "coordinates": [2.3983971, 48.28671874]}, "properties": {"route": "D2152", "pr": "2", "abs": 2217, "label": "D2152 PR2+2217"}}, {"type": "Feature", "geometry": {"type": "Point", "coordinates": [2.4024258, 48.28918561]}, "properties": {"route": "D2152", "pr": "2", "abs": 1849, "label": "D2152 PR2+1849"}}, {"type": "Feature", "geometry": {"type": "Point", "coordinates": [2.21528219, 48.32439625]}, "properties": {"route": "D724", "pr": "1", "abs": 1505, "label": "D724 PR1+1505"}}, {"type": "Feature", "geometry": {"type": "Point", "coordinates": [2.21023434, 48.32263606]}, "properties": {"route": "D724", "pr": "1", "abs": 1011, "label": "D724 PR1+1011"}}, {"type": "Feature", "geometry": {"type": "Point", "coordinates": [2.14826537, 48.29930724]}, "properties": {"route": "D24", "pr": "17", "abs": 17949, "label": "D24 PR17+17949"}}, {"type": "Feature", "geometry": {"type": "Point", "coordinates": [2.20566669, 48.29505462]}, "properties": {"route": "D24", "pr": "13", "abs": 13686, "label": "D24 PR13+13686"}}, {"type": "Feature", "geometry": {"type": "Point", "coordinates": [2.16089151, 48.29847787]}, "properties": {"route": "D24", "pr": "17", "abs": 17024, "label": "D24 PR17+17024"}}, {"type": "Feature", "geometry": {"type": "Point", "coordinates": [2.21372747, 48.29361573]}, "properties": {"route": "D24", "pr": "13", "abs": 13076, "label": "D24 PR13+13076"}}, {"type": "Feature", "geometry": {"type": "Point", "coordinates": [2.28057993, 48.3128947]}, "properties": {"route": "D811", "pr": "1", "abs": 1353, "label": "D811 PR1+1353"}}, {"type": "Feature", "geometry": {"type": "Point", "coordinates": [2.28107853, 48.30966939]}, "properties": {"route": "D811", "pr": "1", "abs": 1003, "label": "D811 PR1+1003"}}, {"type": "Feature", "geometry": {"type": "Point", "coordinates": [2.39793289, 48.29135825]}, "properties": {"route": "D949", "pr": "3", "abs": 3064, "label": "D949 PR3+3064"}}, {"type": "Feature", "geometry": {"type": "Point", "coordinates": [2.38948325, 48.29716248]}, "properties": {"route": "D949", "pr": "2", "abs": 2000, "label": "D949 PR2+2000"}}, {"type": "Feature", "geometry": {"type": "Point", "coordinates": [2.39746478, 48.29444653]}, "properties": {"route": "D949", "pr": "2", "abs": 2645, "label": "D949 PR2+2645"}}, {"type": "Feature", "geometry": {"type": "Point", "coordinates": [2.39848031, 48.29242095]}, "properties": {"route": "D949", "pr": "3", "abs": 2958, "label": "D949 PR3+2958"}}, {"type": "Feature", "geometry": {"type": "Point", "coordinates": [2.1926375, 48.33425829]}, "properties": {"route": "D921", "pr": "0", "abs": 0, "label": "D921 PR0"}}, {"type": "Feature", "geometry": {"type": "Point", "coordinates": [2.1995533, 48.31730792]}, "properties": {"route": "D921", "pr": "2", "abs": 2000, "label": "D921 PR2+2000"}}, {"type": "Feature", "geometry": {"type": "Point", "coordinates": [2.19742868, 48.32597982]}, "properties": {"route": "D921", "pr": "1", "abs": 1000, "label": "D921 PR1+1000"}}, {"type": "Feature", "geometry": {"type": "Point", "coordinates": [2.20027894, 48.30843214]}, "properties": {"route": "D921", "pr": "3", "abs": 2990, "label": "D921 PR3+2990"}}, {"type": "Feature", "geometry": {"type": "Point", "coordinates": [2.2038161, 48.29045061]}, "properties": {"route": "D921", "pr": "5", "abs": 5030, "label": "D921 PR5+5030"}}, {"type": "Feature", "geometry": {"type": "Point", "coordinates": [2.20020308, 48.29903802]}, "properties": {"route": "D921", "pr": "4", "abs": 4040, "label": "D921 PR4+4040"}}, {"type": "Feature", "geometry": {"type": "Point", "coordinates": [2.31815675, 48.30809558]}, "properties": {"route": "D23", "pr": "16", "abs": 15950, "label": "D23 PR16+15950"}}, {"type": "Feature", "geometry": {"type": "Point", "coordinates": [2.30839829, 48.29158051]}, "properties": {"route": "D23", "pr": "14", "abs": 13961, "label": "D23 PR14+13961"}}, {"type": "Feature", "geometry": {"type": "Point", "coordinates": [2.3232766, 48.31596721]}, "properties": {"route": "D23", "pr": "17", "abs": 16950, "label": "D23 PR17+16950"}}, {"type": "Feature", "geometry": {"type": "Point", "coordinates": [2.24264077, 48.2910906]}, "properties": {"route": "D20", "pr": "32", "abs": 32481, "label": "D20 PR32+32481"}}, {"type": "Feature", "geometry": {"type": "Point", "coordinates": [2.20229485, 48.29376955]}, "properties": {"route": "D824", "pr": "0", "abs": 0, "label": "D824 PR0"}}, {"type": "Feature", "geometry": {"type": "Point", "coordinates": [2.14795253, 48.2909676]}, "properties": {"route": "D824", "pr": "5", "abs": 4989, "label": "D824 PR5+4989"}}, {"type": "Feature", "geometry": {"type": "Point", "coordinates": [2.19155565, 48.28959007]}, "properties": {"route": "D824", "pr": "1", "abs": 976, "label": "D824 PR1+976"}}, {"type": "Feature", "geometry": {"type": "Point", "coordinates": [2.40891236, 48.29386005]}, "properties": {"route": "D132", "pr": "0", "abs": 0, "label": "D132 PR0"}}, {"type": "Feature", "geometry": {"type": "Point", "coordinates": [2.40582273, 48.3025155]}, "properties": {"route": "D132", "pr": "1", "abs": 1011, "label": "D132 PR1+1011"}}, {"type": "Feature", "geometry": {"type": "Point", "coordinates": [2.327449, 48.29514722]}, "properties": {"route": "D324", "pr": "0", "abs": 0, "label": "D324 PR0"}}, {"type": "Feature", "geometry": {"type": "Point", "coordinates": [2.10717714, 48.28892225]}, "properties": {"route": "D97", "pr": "47", "abs": 42062, "label": "D97 PR47+42062"}}, {"type": "Feature", "geometry": {"type": "Point", "coordinates": [2.4205134, 48.29927996]}, "properties": {"route": "D2152", "pr": "0", "abs": 0, "label": "D2152 PR0"}}, {"type": "Feature", "geometry": {"type": "Point", "coordinates": [2.41265819, 48.29445814]}, "properties": {"route": "D2152", "pr": "1", "abs": 870, "label": "D2152 PR1+870"}}, {"type": "Feature", "geometry": {"type": "Point", "coordinates": [2.42020921, 48.2866072]}, "properties": {"route": "D25", "pr": "0", "abs": 0, "label": "D25 PR0"}}, {"type": "Feature", "geometry": {"type": "Point", "coordinates": [2.19954114, 48.31748689]}, "properties": {"route": "D724", "pr": "0", "abs": 0, "label": "D724 PR0"}}, {"type": "Feature", "geometry": {"type": "Point", "coordinates": [2.39720526, 48.294501]}, "properties": {"route": "D24", "pr": "0", "abs": 0, "label": "D24 PR0"}}, {"type": "Feature", "geometry": {"type": "Point", "coordinates": [2.33122714, 48.29483662]}, "properties": {"route": "D24", "pr": "5", "abs": 5005, "label": "D24 PR5+5005"}}, {"type": "Feature", "geometry": {"type": "Point", "coordinates": [2.17464955, 48.29819132]}, "properties": {"route": "D24", "pr": "16", "abs": 16018, "label": "D24 PR16+16018"}}, {"type": "Feature", "geometry": {"type": "Point", "coordinates": [2.29070343, 48.2982537]}, "properties": {"route": "D24", "pr": "8", "abs": 8060, "label": "D24 PR8+8060"}}, {"type": "Feature", "geometry": {"type": "Point", "coordinates": [2.35774726, 48.29628818]}, "properties": {"route": "D24", "pr": "3", "abs": 2963, "label": "D24 PR3+2963"}}, {"type": "Feature", "geometry": {"type": "Point", "coordinates": [2.26639865, 48.29724895]}, "properties": {"route": "D24", "pr": "10", "abs": 10035, "label": "D24 PR10+10035"}}, {"type": "Feature", "geometry": {"type": "Point", "coordinates": [2.31786205, 48.29596152]}, "properties": {"route": "D24", "pr": "6", "abs": 6021, "label": "D24 PR6+6021"}}, {"type": "Feature", "geometry": {"type": "Point", "coordinates": [2.25369818, 48.29395646]}, "properties": {"route": "D24", "pr": "11", "abs": 11060, "label": "D24 PR11+11060"}}, {"type": "Feature", "geometry": {"type": "Point", "coordinates": [2.30453954, 48.29708605]}, "properties": {"route": "D24", "pr": "7", "abs": 7028, "label": "D24 PR7+7028"}}, {"type": "Feature", "geometry": {"type": "Point", "coordinates": [2.18802936, 48.29644834]}, "properties": {"route": "D24", "pr": "15", "abs": 15019, "label": "D24 PR15+15019"}}, {"type": "Feature", "geometry": {"type": "Point", "coordinates": [2.37133087, 48.29587796]}, "properties": {"route": "D24", "pr": "2", "abs": 1944, "label": "D24 PR2+1944"}}, {"type": "Feature", "geometry": {"type": "Point", "coordinates": [2.2006592, 48.29590628]}, "properties": {"route": "D24", "pr": "14", "abs": 14047, "label": "D24 PR14+14047"}}, {"type": "Feature", "geometry": {"type": "Point", "coordinates": [2.27857565, 48.30086979]}, "properties": {"route": "D24", "pr": "9", "abs": 9019, "label": "D24 PR9+9019"}}, {"type": "Feature", "geometry": {"type": "Point", "coordinates": [2.34479535, 48.29511137]}, "properties": {"route": "D24", "pr": "4", "abs": 3983, "label": "D24 PR4+3983"}}, {"type": "Feature", "geometry": {"type": "Point", "coordinates": [2.38471157, 48.2951574]}, "properties": {"route": "D24", "pr": "1", "abs": 939, "label": "D24 PR1+939"}}, {"type": "Feature", "geometry": {"type": "Point", "coordinates": [2.41943073, 48.29889676]}, "properties": {"route": "D948", "pr": "0", "abs": 0, "label": "D948 PR0"}}, {"type": "Feature", "geometry": {"type": "Point", "coordinates": [2.42172369, 48.2888973]}, "properties": {"route": "D948", "pr": "1", "abs": 1145, "label": "D948 PR1+1145"}}, {"type": "Feature", "geometry": {"type": "Point", "coordinates": [2.36961486, 48.30879471]}, "properties": {"route": "D949", "pr": "0", "abs": 0, "label": "D949 PR0"}}, {"type": "Feature", "geometry": {"type": "Point", "coordinates": [2.37827801, 48.30192773]}, "properties": {"route": "D949", "pr": "1", "abs": 1000, "label": "D949 PR1+1000"}}, {"type": "Feature", "geometry": {"type": "Point", "coordinates": [1.95648919, 48.56213847]}, "properties": {"route": "A10", "pr": "22", "abs": 6701, "label": "A10 PR22+6701 (D)"}}, {"type": "Feature", "geometry": {"type": "Point", "coordinates": [2.0159481, 48.58197961]}, "properties": {"route": "A10", "pr": "17", "abs": 1712, "label": "A10 PR17+1712 (D)"}}, {"type": "Feature", "geometry": {"type": "Point", "coordinates": [2.15017228, 48.63775856]}, "properties": {"route": "A10", "pr": "5", "abs": 5005, "label": "A10 PR5+5005 (D)"}}, {"type": "Feature", "geometry": {"type": "Point", "coordinates": [2.00546056, 48.57626898]}, "properties": {"route": "A10", "pr": "18", "abs": 2712, "label": "A10 PR18+2712 (D)"}}, {"type": "Feature", "geometry": {"type": "Point", "coordinates": [1.96956614, 48.56396985]}, "properties": {"route": "A10", "pr": "21", "abs": 5704, "label": "A10 PR21+5704 (D)"}}, {"type": "Feature", "geometry": {"type": "Point", "coordinates": [2.02718081, 48.58696938]}, "properties": {"route": "A10", "pr": "16", "abs": 715, "label": "A10 PR16+715 (D)"}}, {"type": "Feature", "geometry": {"type": "Point", "coordinates": [2.05060449, 48.59598622]}, "properties": {"route": "A10", "pr": "14", "abs": 13986, "label": "A10 PR14+13986 (D)"}}, {"type": "Feature", "geometry": {"type": "Point", "coordinates": [2.17995671, 48.65616395]}, "properties": {"route": "A10", "pr": "2", "abs": 1995, "label": "A10 PR2+1995 (D)"}}, {"type": "Feature", "geometry": {"type": "Point", "coordinates": [2.11340499, 48.61253869]}, "properties": {"route": "A10", "pr": "9", "abs": 8993, "label": "A10 PR9+8993 (D)"}}, {"type": "Feature", "geometry": {"type": "Point", "coordinates": [2.12542727, 48.61660277]}, "properties": {"route": "A10", "pr": "8", "abs": 8000, "label": "A10 PR8+8000 (D)"}}, {"type": "Feature", "geometry": {"type": "Point", "coordinates": [1.92921951, 48.55351785]}, "properties": {"route": "A10", "pr": "24", "abs": 7899, "label": "A10 PR24+7899 (D)"}}, {"type": "Feature", "geometry": {"type": "Point", "coordinates": [2.08777388, 48.606649]}, "properties": {"route": "A10", "pr": "11", "abs": 10993, "label": "A10 PR11+10993 (D)"}}, {"type": "Feature", "geometry": {"type": "Point", "coordinates": [2.1006046, 48.60957757]}, "properties": {"route": "A10", "pr": "10", "abs": 9994, "label": "A10 PR10+9994 (D)"}}, {"type": "Feature", "geometry": {"type": "Point", "coordinates": [2.06229326, 48.6005489]}, "properties": {"route": "A10", "pr": "13", "abs": 12986, "label": "A10 PR13+12986 (D)"}}, {"type": "Feature", "geometry": {"type": "Point", "coordinates": [2.15983592, 48.64410409]}, "properties": {"route": "A10", "pr": "4", "abs": 3997, "label": "A10 PR4+3997 (D)"}}, {"type": "Feature", "geometry": {"type": "Point", "coordinates": [2.16995026, 48.65008402]}, "properties": {"route": "A10", "pr": "3", "abs": 2995, "label": "A10 PR3+2995 (D)"}}, {"type": "Feature", "geometry": {"type": "Point", "coordinates": [1.94383009, 48.55885106]}, "properties": {"route": "A10", "pr": "23", "abs": 15669, "label": "A10 PR23+15669 (D)"}}, {"type": "Feature", "geometry": {"type": "Point", "coordinates": [1.92030836, 48.55021928]}, "properties": {"route": "A10", "pr": "25", "abs": 8690, "label": "A10 PR25+8690 (D)"}}, {"type": "Feature", "geometry": {"type": "Point", "coordinates": [1.98229722, 48.56690605]}, "properties": {"route": "A10", "pr": "20", "abs": 4703, "label": "A10 PR20+4703 (D)"}}, {"type": "Feature", "geometry": {"type": "Point", "coordinates": [2.18823364, 48.66323958]}, "properties": {"route": "A10", "pr": "1", "abs": 997, "label": "A10 PR1+997 (D)"}}, {"type": "Feature", "geometry": {"type": "Point", "coordinates": [2.13499558, 48.62288141]}, "properties": {"route": "A10", "pr": "7", "abs": 7009, "label": "A10 PR7+7009 (D)"}}, {"type": "Feature", "geometry": {"type": "Point", "coordinates": [2.14235666, 48.63041802]}, "properties": {"route": "A10", "pr": "6", "abs": 6013, "label": "A10 PR6+6013 (D)"}}, {"type": "Feature", "geometry": {"type": "Point", "coordinates": [2.03929928, 48.59102783]}, "properties": {"route": "A10", "pr": "15", "abs": 14987, "label": "A10 PR15+14987 (D)"}}, {"type": "Feature", "geometry": {"type": "Point", "coordinates": [2.0749458, 48.60372715]}, "properties": {"route": "A10", "pr": "12", "abs": 11988, "label": "A10 PR12+11988 (D)"}}, {"type": "Feature", "geometry": {"type": "Point", "coordinates": [1.99422692, 48.57119971]}, "properties": {"route": "A10", "pr": "19", "abs": 3707, "label": "A10 PR19+3707 (D)"}}, {"type": "Feature", "geometry": {"type": "Point", "coordinates": [2.52177336, 48.65740049]}, "properties": {"route": "N6", "pr": "10", "abs": 10249, "label": "N6 PR10+10249 (D)"}}, {"type": "Feature", "geometry": {"type": "Point", "coordinates": [2.52941111, 48.65084659]}, "properties": {"route": "N6", "pr": "11", "abs": 11250, "label": "N6 PR11+11250 (D)"}}, {"type": "Feature", "geometry": {"type": "Point", "coordinates": [2.44476512, 48.72399466]}, "properties": {"route": "N6", "pr": "19", "abs": 6527, "label": "N6 PR19+6527"}}, {"type": "Feature", "geometry": {"type": "Point", "coordinates": [2.44681712, 48.73254262]}, "properties": {"route": "N6", "pr": "18", "abs": 5532, "label": "N6 PR18+5532 (D)"}}, {"type": "Feature", "geometry": {"type": "Point", "coordinates": [2.44088033, 48.76802077]}, "properties": {"route": "N6", "pr": "14", "abs": 1553, "label": "N6 PR14+1553 (D)"}}, {"type": "Feature", "geometry": {"type": "Point", "coordinates": [2.44659732, 48.74148201]}, "properties": {"route": "N6", "pr": "17", "abs": 4538, "label": "N6 PR17+4538 (D)"}}, {"type": "Feature", "geometry": {"type": "Point", "coordinates": [2.44335712, 48.75840588]}, "properties": {"route": "N6", "pr": "15", "abs": 2634, "label": "N6 PR15+2634 (D)"}}, {"type": "Feature", "geometry": {"type": "Point", "coordinates": [2.4454164, 48.75036651]}, "properties": {"route": "N6", "pr": "16", "abs": 3543, "label": "N6 PR16+3543 (D)"}}, {"type": "Feature", "geometry": {"type": "Point", "coordinates": [1.98128265, 48.76871436]}, "properties": {"route": "N10", "pr": "16", "abs": 4176, "label": "N10 PR16+4176 (D)"}}, {"type": "Feature", "geometry": {"type": "Point", "coordinates": [1.99314354, 48.77352901]}, "properties": {"route": "N10", "pr": "15", "abs": 3181, "label": "N10 PR15+3181 (D)"}}, {"type": "Feature", "geometry": {"type": "Point", "coordinates": [1.93372541, 48.75281745]}, "properties": {"route": "N10", "pr": "20", "abs": 8135, "label": "N10 PR20+8135 (D)"}}, {"type": "Feature", "geometry": {"type": "Point", "coordinates": [1.94484368, 48.75804057]}, "properties": {"route": "N10", "pr": "19", "abs": 7134, "label": "N10 PR19+7134 (D)"}}, {"type": "Feature", "geometry": {"type": "Point", "coordinates": [1.96953594, 48.76415223]}, "properties": {"route": "N10", "pr": "17", "abs": 5178, "label": "N10 PR17+5178 (D)"}}, {"type": "Feature", "geometry": {"type": "Point", "coordinates": [1.95742195, 48.76037095]}, "properties": {"route": "N10", "pr": "18", "abs": 6149, "label": "N10 PR18+6149 (D)"}}, {"type": "Feature", "geometry": {"type": "Point", "coordinates": [1.92306696, 48.74769726]}, "properties": {"route": "N10", "pr": "21", "abs": 9138, "label": "N10 PR21+9138 (D)"}}, {"type": "Feature", "geometry": {"type": "Point", "coordinates": [2.29108797, 48.71688089]}, "properties": {"route": "N20", "pr": "3", "abs": 0, "label": "N20 PR3 (D)"}}, {"type": "Feature", "geometry": {"type": "Point", "coordinates": [2.55482327, 48.4036607]}, "properties": {"route": "A6", "pr": "53", "abs": 8560, "label": "A6 PR53+8560 (D)"}}, {"type": "Feature", "geometry": {"type": "Point", "coordinates": [2.57331508, 48.36206243]}, "properties": {"route": "A6", "pr": "58", "abs": 13560, "label": "A6 PR58+13560 (D)"}}, {"type": "Feature", "geometry": {"type": "Point", "coordinates": [2.55708647, 48.38601838]}, "properties": {"route": "A6", "pr": "55", "abs": 10560, "label": "A6 PR55+10560 (D)"}}, {"type": "Feature", "geometry": {"type": "Point", "coordinates": [2.58226559, 48.35533756]}, "properties": {"route": "A6", "pr": "59", "abs": 14560, "label": "A6 PR59+14560 (D)"}}, {"type": "Feature", "geometry": {"type": "Point", "coordinates": [2.51633379, 48.46977299]}, "properties": {"route": "A6", "pr": "45", "abs": 560, "label": "A6 PR45+560 (D)"}}, {"type": "Feature", "geometry": {"type": "Point", "coordinates": [2.51737705, 48.46077281]}, "properties": {"route": "A6", "pr": "46", "abs": 1560, "label": "A6 PR46+1560 (D)"}}, {"type": "Feature", "geometry": {"type": "Point", "coordinates": [2.53574665, 48.43696504]}, "properties": {"route": "A6", "pr": "49", "abs": 4560, "label": "A6 PR49+4560 (D)"}}, {"type": "Feature", "geometry": {"type": "Point", "coordinates": [2.53042689, 48.44523527]}, "properties": {"route": "A6", "pr": "48", "abs": 3560, "label": "A6 PR48+3560 (D)"}}, {"type": "Feature", "geometry": {"type": "Point", "coordinates": [2.56145076, 48.37757664]}, "properties": {"route": "A6", "pr": "56", "abs": 11560, "label": "A6 PR56+11560 (D)"}}, {"type": "Feature", "geometry": {"type": "Point", "coordinates": [2.56454354, 48.3689123]}, "properties": {"route": "A6", "pr": "57", "abs": 12560, "label": "A6 PR57+12560 (D)"}}, {"type": "Feature", "geometry": {"type": "Point", "coordinates": [2.54246831, 48.41964306]}, "properties": {"route": "A6", "pr": "51", "abs": 6560, "label": "A6 PR51+6560 (D)"}}, {"type": "Feature", "geometry": {"type": "Point", "coordinates": [2.5490634, 48.41167839]}, "properties": {"route": "A6", "pr": "52", "abs": 7560, "label": "A6 PR52+7560 (D)"}}, {"type": "Feature", "geometry": {"type": "Point", "coordinates": [2.33482803, 48.75718063]}, "properties": {"route": "A6B", "pr": "7", "abs": 7485, "label": "A6B PR7+7485 (D)"}}, {"type": "Feature", "geometry": {"type": "Point", "coordinates": [2.34537417, 48.77328104]}, "properties": {"route": "A6B", "pr": "5", "abs": 5487, "label": "A6B PR5+5487 (D)"}}, {"type": "Feature", "geometry": {"type": "Point", "coordinates": [2.34212274, 48.76469169]}, "properties": {"route": "A6B", "pr": "6", "abs": 6487, "label": "A6B PR6+6487 (D)"}}, {"type": "Feature", "geometry": {"type": "Point", "coordinates": [2.32011174, 48.74204474]}, "properties": {"route": "A6B", "pr": "9", "abs": 582, "label": "A6B PR9+582 (D)"}}, {"type": "Feature", "geometry": {"type": "Point", "coordinates": [2.32779618, 48.7495941]}, "properties": {"route": "A6B", "pr": "8", "abs": 8491, "label": "A6B PR8+8491 (D)"}}, {"type": "Feature", "geometry": {"type": "Point", "coordinates": [2.34250487, 48.76459756]}, "properties": {"route": "A6A", "pr": "6", "abs": 6360, "label": "A6A PR6+6360 (D)"}}, {"type": "Feature", "geometry": {"type": "Point", "coordinates": [2.33500306, 48.75710965]}, "properties": {"route": "A6A", "pr": "7", "abs": 7365, "label": "A6A PR7+7365 (D)"}}, {"type": "Feature", "geometry": {"type": "Point", "coordinates": [2.34566992, 48.77324399]}, "properties": {"route": "A6A", "pr": "5", "abs": 5360, "label": "A6A PR5+5360 (D)"}}, {"type": "Feature", "geometry": {"type": "Point", "coordinates": [2.32796586, 48.74940887]}, "properties": {"route": "A6A", "pr": "8", "abs": 8370, "label": "A6A PR8+8370 (D)"}}, {"type": "Feature", "geometry": {"type": "Point", "coordinates": [2.32512515, 48.74630956]}, "properties": {"route": "A6A", "pr": "999", "abs": 8784, "label": "A6A PR999+8784 (D)"}}, {"type": "Feature", "geometry": {"type": "Point", "coordinates": [2.23968975, 48.69803787]}, "properties": {"route": "N188", "pr": "5", "abs": 855, "label": "N188 PR5+855 (D)"}}, {"type": "Feature", "geometry": {"type": "Point", "coordinates": [2.24814188, 48.70245575]}, "properties": {"route": "N188", "pr": "4", "abs": 0, "label": "N188 PR4 (D)"}}, {"type": "Feature", "geometry": {"type": "Point", "coordinates": [2.23583153, 48.6975176]}, "properties": {"route": "N188", "pr": "999", "abs": 1150, "label": "N188 PR999+1150 (D)"}}, {"type": "Feature", "geometry": {"type": "Point", "coordinates": [2.22879732, 48.77448494]}, "properties": {"route": "N306", "pr": "0", "abs": 0, "label": "N306 PR0 (D)"}}, {"type": "Feature", "geometry": {"type": "Point", "coordinates": [2.24085514, 48.77441016]}, "properties": {"route": "N385", "pr": "58", "abs": 4722, "label": "N385 PR58+4722 (D)"}}, {"type": "Feature", "geometry": {"type": "Point", "coordinates": [2.24504881, 48.76606034]}, "properties": {"route": "N385", "pr": "57", "abs": 3721, "label": "N385 PR57+3721 (D)"}}, {"type": "Feature", "geometry": {"type": "Point", "coordinates": [2.26822747, 48.75986358]}, "properties": {"route": "N385", "pr": "55", "abs": 1743, "label": "N385 PR55+1743 (D)"}}, {"type": "Feature", "geometry": {"type": "Point", "coordinates": [2.2797026, 48.7601591]}, "properties": {"route": "N385", "pr": "54", "abs": 898, "label": "N385 PR54+898 (D)"}}, {"type": "Feature", "geometry": {"type": "Point", "coordinates": [2.25491113, 48.76047471]}, "properties": {"route": "N385", "pr": "56", "abs": 2728, "label": "N385 PR56+2728 (D)"}}, {"type": "Feature", "geometry": {"type": "Point", "coordinates": [2.29178755, 48.76053718]}, "properties": {"route": "N385", "pr": "53", "abs": 0, "label": "N385 PR53 (D)"}}, {"type": "Feature", "geometry": {"type": "Point", "coordinates": [2.42195279, 48.62243392]}, "properties": {"route": "A6", "pr": "26", "abs": 17576, "label": "A6 PR26+17576 (D)"}}, {"type": "Feature", "geometry": {"type": "Point", "coordinates": [2.30606136, 48.70720247]}, "properties": {"route": "A6", "pr": "13", "abs": 4584, "label": "A6 PR13+4584 (D)"}}, {"type": "Feature", "geometry": {"type": "Point", "coordinates": [2.30930098, 48.71596861]}, "properties": {"route": "A6", "pr": "12", "abs": 3585, "label": "A6 PR12+3585 (D)"}}, {"type": "Feature", "geometry": {"type": "Point", "coordinates": [2.31255305, 48.72469689]}, "properties": {"route": "A6", "pr": "11", "abs": 2587, "label": "A6 PR11+2587 (D)"}}, {"type": "Feature", "geometry": {"type": "Point", "coordinates": [2.41211766, 48.62855113]}, "properties": {"route": "A6", "pr": "25", "abs": 16581, "label": "A6 PR25+16581 (D)"}}, {"type": "Feature", "geometry": {"type": "Point", "coordinates": [2.35722309, 48.66758439]}, "properties": {"route": "A6", "pr": "19", "abs": 10575, "label": "A6 PR19+10575 (D)"}}, {"type": "Feature", "geometry": {"type": "Point", "coordinates": [2.31581289, 48.73343404]}, "properties": {"route": "A6", "pr": "10", "abs": 1592, "label": "A6 PR10+1592 (D)"}}, {"type": "Feature", "geometry": {"type": "Point", "coordinates": [2.40223398, 48.63467716]}, "properties": {"route": "A6", "pr": "24", "abs": 15580, "label": "A6 PR24+15580 (D)"}}, {"type": "Feature", "geometry": {"type": "Point", "coordinates": [2.37800403, 48.65632854]}, "properties": {"route": "A6", "pr": "21", "abs": 12575, "label": "A6 PR21+12575 (D)"}}, {"type": "Feature", "geometry": {"type": "Point", "coordinates": [2.34545503, 48.67178308]}, "properties": {"route": "A6", "pr": "18", "abs": 9580, "label": "A6 PR18+9580 (D)"}}, {"type": "Feature", "geometry": {"type": "Point", "coordinates": [2.31153996, 48.69964893]}, "properties": {"route": "A6", "pr": "14", "abs": 5585, "label": "A6 PR14+5585 (D)"}}, {"type": "Feature", "geometry": {"type": "Point", "coordinates": [2.38541085, 48.64888846]}, "properties": {"route": "A6", "pr": "22", "abs": 13583, "label": "A6 PR22+13583 (D)"}}, {"type": "Feature", "geometry": {"type": "Point", "coordinates": [2.39286123, 48.64148858]}, "properties": {"route": "A6", "pr": "23", "abs": 14575, "label": "A6 PR23+14575 (D)"}}, {"type": "Feature", "geometry": {"type": "Point", "coordinates": [2.33598686, 48.67825926]}, "properties": {"route": "A6", "pr": "17", "abs": 8585, "label": "A6 PR17+8585 (D)"}}, {"type": "Feature", "geometry": {"type": "Point", "coordinates": [2.32743937, 48.68510775]}, "properties": {"route": "A6", "pr": "16", "abs": 7585, "label": "A6 PR16+7585 (D)"}}, {"type": "Feature", "geometry": {"type": "Point", "coordinates": [2.36817992, 48.66248794]}, "properties": {"route": "A6", "pr": "20", "abs": 11575, "label": "A6 PR20+11575 (D)"}}, {"type": "Feature", "geometry": {"type": "Point", "coordinates": [2.32512515, 48.74630956]}, "properties": {"route": "A6", "pr": "0", "abs": 0, "label": "A6 PR0 (D)"}}, {"type": "Feature", "geometry": {"type": "Point", "coordinates": [2.28952684, 48.71203066]}, "properties": {"route": "A126", "pr": "2", "abs": 1745, "label": "A126 PR2+1745 (D)"}}, {"type": "Feature", "geometry": {"type": "Point", "coordinates": [2.25268807, 48.72104229]}, "properties": {"route": "A126", "pr": "5", "abs": 3810, "label": "A126 PR5+3810 (D)"}}, {"type": "Feature", "geometry": {"type": "Point", "coordinates": [2.30286963, 48.71031133]}, "properties": {"route": "A126", "pr": "1", "abs": 745, "label": "A126 PR1+745 (D)"}}, {"type": "Feature", "geometry": {"type": "Point", "coordinates": [2.30612166, 48.70573218]}, "properties": {"route": "A126", "pr": "0", "abs": 0, "label": "A126 PR0 (D)"}}, {"type": "Feature", "geometry": {"type": "Point", "coordinates": [2.53925245, 48.62597412]}, "properties": {"route": "A5A", "pr": "1", "abs": 638, "label": "A5A PR1+638 (D)"}}, {"type": "Feature", "geometry": {"type": "Point", "coordinates": [2.57271706, 48.61092759]}, "properties": {"route": "A5A", "pr": "4", "abs": 3647, "label": "A5A PR4+3647 (D)"}}, {"type": "Feature", "geometry": {"type": "Point", "coordinates": [2.54939836, 48.62010131]}, "properties": {"route": "A5A", "pr": "2", "abs": 1646, "label": "A5A PR2+1646 (D)"}}, {"type": "Feature", "geometry": {"type": "Point", "coordinates": [2.5844599, 48.60637077]}, "properties": {"route": "A5A", "pr": "5", "abs": 4647, "label": "A5A PR5+4647 (D)"}}, {"type": "Feature", "geometry": {"type": "Point", "coordinates": [2.56108195, 48.61549712]}, "properties": {"route": "A5A", "pr": "3", "abs": 2647, "label": "A5A PR3+2647 (D)"}}, {"type": "Feature", "geometry": {"type": "Point", "coordinates": [2.53502776, 48.63460202]}, "properties": {"route": "A5A", "pr": "0", "abs": 0, "label": "A5A PR0 (D)"}}, {"type": "Feature", "geometry": {"type": "Point", "coordinates": [2.38117664, 48.77009546]}, "properties": {"route": "A86", "pr": "45", "abs": 13830, "label": "A86 PR45+13830 (D)"}}, {"type": "Feature", "geometry": {"type": "Point", "coordinates": [2.38168791, 48.76208427]}, "properties": {"route": "A86", "pr": "46", "abs": 14853, "label": "A86 PR46+14853 (D)"}}, {"type": "Feature", "geometry": {"type": "Point", "coordinates": [2.39452172, 48.77188443]}, "properties": {"route": "A86", "pr": "44", "abs": 12830, "label": "A86 PR44+12830 (D)"}}, {"type": "Feature", "geometry": {"type": "Point", "coordinates": [2.32816397, 48.75769108]}, "properties": {"route": "A86", "pr": "51", "abs": 17076, "label": "A86 PR51+17076 (D)"}}, {"type": "Feature", "geometry": {"type": "Point", "coordinates": [2.38105568, 48.75424879]}, "properties": {"route": "A86", "pr": "47", "abs": 15839, "label": "A86 PR47+15839 (D)"}}, {"type": "Feature", "geometry": {"type": "Point", "coordinates": [2.40788124, 48.77415945]}, "properties": {"route": "A86", "pr": "43", "abs": 11802, "label": "A86 PR43+11802 (D)"}}, {"type": "Feature", "geometry": {"type": "Point", "coordinates": [2.40609836, 48.62529737]}, "properties": {"route": "N446", "pr": "999", "abs": 550, "label": "N446 PR999+550 (D)"}}, {"type": "Feature", "geometry": {"type": "Point", "coordinates": [2.39840653, 48.62608454]}, "properties": {"route": "N446", "pr": "28", "abs": 0, "label": "N446 PR28 (D)"}}, {"type": "Feature", "geometry": {"type": "Point", "coordinates": [2.19521226, 48.67089951]}, "properties": {"route": "A10", "pr": "0", "abs": 14160, "label": "A10 PR0+14160 (G)"}}, {"type": "Feature", "geometry": {"type": "Point", "coordinates": [2.36790638, 48.75377516]}, "properties": {"route": "N186", "pr": "48", "abs": 748, "label": "N186 PR48+748 (D)"}}, {"type": "Feature", "geometry": {"type": "Point", "coordinates": [2.35426909, 48.75384161]}, "properties": {"route": "N186", "pr": "49", "abs": 1747, "label": "N186 PR49+1747 (D)"}}, {"type": "Feature", "geometry": {"type": "Point", "coordinates": [2.3780773, 48.75340134]}, "properties": {"route": "N186", "pr": "0", "abs": 0, "label": "N186 PR0 (D)"}}, {"type": "Feature", "geometry": {"type": "Point", "coordinates": [2.38031176, 48.75423773]}, "properties": {"route": "N186B", "pr": "0", "abs": 0, "label": "N186B PR0 (D)"}}, {"type": "Feature", "geometry": {"type": "Point", "coordinates": [2.36825963, 48.75392184]}, "properties": {"route": "N186B", "pr": "48", "abs": 895, "label": "N186B PR48+895 (D)"}}, {"type": "Feature", "geometry": {"type": "Point", "coordinates": [2.32952086, 48.75743068]}, "properties": {"route": "N186B", "pr": "999", "abs": 2103, "label": "N186B PR999+2103 (D)"}}, {"type": "Feature", "geometry": {"type": "Point", "coordinates": [2.3496785, 48.75644304]}, "properties": {"route": "A106", "pr": "7", "abs": 1665, "label": "A106 PR7+1665 (D)"}}, {"type": "Feature", "geometry": {"type": "Point", "coordinates": [2.35710073, 48.74890281]}, "properties": {"route": "A106", "pr": "8", "abs": 2665, "label": "A106 PR8+2665 (D)"}}, {"type": "Feature", "geometry": {"type": "Point", "coordinates": [2.34505911, 48.77073666]}, "properties": {"route": "A106", "pr": "5", "abs": 0, "label": "A106 PR5 (D)"}}, {"type": "Feature", "geometry": {"type": "Point", "coordinates": [2.36181424, 48.74361601]}, "properties": {"route": "A106", "pr": "999", "abs": 3385, "label": "A106 PR999+3385 (D)"}}, {"type": "Feature", "geometry": {"type": "Point", "coordinates": [2.53739681, 48.7273902]}, "properties": {"route": "N19", "pr": "21", "abs": 5642, "label": "N19 PR21+5642 (D)"}}, {"type": "Feature", "geometry": {"type": "Point", "coordinates": [2.55408253, 48.39477541]}, "properties": {"route": "A6", "pr": "54", "abs": 9560, "label": "A6 PR54+9560 (D)"}}, {"type": "Feature", "geometry": {"type": "Point", "coordinates": [2.52457824, 48.45332947]}, "properties": {"route": "A6", "pr": "47", "abs": 2560, "label": "A6 PR47+2560 (D)"}}, {"type": "Feature", "geometry": {"type": "Point", "coordinates": [2.19079608, 48.68035225]}, "properties": {"route": "N118", "pr": "14", "abs": 13944, "label": "N118 PR14+13944 (D)"}}, {"type": "Feature", "geometry": {"type": "Point", "coordinates": [2.16569451, 48.72668388]}, "properties": {"route": "N118", "pr": "8", "abs": 7850, "label": "N118 PR8+7850 (D)"}}, {"type": "Feature", "geometry": {"type": "Point", "coordinates": [2.19225331, 48.69848435]}, "properties": {"route": "N118", "pr": "12", "abs": 11873, "label": "N118 PR12+11873 (D)"}}, {"type": "Feature", "geometry": {"type": "Point", "coordinates": [2.17027813, 48.73427049]}, "properties": {"route": "N118", "pr": "7", "abs": 6888, "label": "N118 PR7+6888 (D)"}}, {"type": "Feature", "geometry": {"type": "Point", "coordinates": [2.19380078, 48.67171842]}, "properties": {"route": "N118", "pr": "15", "abs": 14941, "label": "N118 PR15+14941 (D)"}}, {"type": "Feature", "geometry": {"type": "Point", "coordinates": [2.19103571, 48.70700595]}, "properties": {"route": "N118", "pr": "11", "abs": 10890, "label": "N118 PR11+10890 (D)"}}, {"type": "Feature", "geometry": {"type": "Point", "coordinates": [2.19107572, 48.68896869]}, "properties": {"route": "N118", "pr": "13", "abs": 12950, "label": "N118 PR13+12950 (D)"}}, {"type": "Feature", "geometry": {"type": "Point", "coordinates": [2.17020603, 48.71843835]}, "properties": {"route": "N118", "pr": "9", "abs": 8826, "label": "N118 PR9+8826 (D)"}}, {"type": "Feature", "geometry": {"type": "Point", "coordinates": [2.1813948, 48.71254398]}, "properties": {"route": "N118", "pr": "10", "abs": 9919, "label": "N118 PR10+9919 (D)"}}, {"type": "Feature", "geometry": {"type": "Point", "coordinates": [2.41666477, 48.63611326]}, "properties": {"route": "N449", "pr": "0", "abs": 0, "label": "N449 PR0 (D)"}}, {"type": "Feature", "geometry": {"type": "Point", "coordinates": [2.46999321, 48.75863858]}, "properties": {"route": "N406", "pr": "4", "abs": 4031, "label": "N406 PR4+4031 (D)"}}, {"type": "Feature", "geometry": {"type": "Point", "coordinates": [2.4493956, 48.76938247]}, "properties": {"route": "N406", "pr": "2", "abs": 2014, "label": "N406 PR2+2014 (D)"}}, {"type": "Feature", "geometry": {"type": "Point", "coordinates": [2.461005, 48.7648619]}, "properties": {"route": "N406", "pr": "3", "abs": 3026, "label": "N406 PR3+3026 (D)"}}, {"type": "Feature", "geometry": {"type": "Point", "coordinates": [2.48201171, 48.75852762]}, "properties": {"route": "N406", "pr": "5", "abs": 5036, "label": "N406 PR5+5036 (D)"}}, {"type": "Feature", "geometry": {"type": "Point", "coordinates": [2.43318182, 48.61053313]}, "properties": {"route": "N104", "pr": "37", "abs": 7915, "label": "N104 PR37+7915 (D)"}}, {"type": "Feature", "geometry": {"type": "Point", "coordinates": [2.3473503, 48.62667208]}, "properties": {"route": "N104", "pr": "45", "abs": 16675, "label": "N104 PR45+16675 (D)"}}, {"type": "Feature", "geometry": {"type": "Point", "coordinates": [2.18723627, 48.661709]}, "properties": {"route": "N104", "pr": "59", "abs": 31274, "label": "N104 PR59+31274 (D)"}}, {"type": "Feature", "geometry": {"type": "Point", "coordinates": [2.33403479, 48.62516362]}, "properties": {"route": "N104", "pr": "46", "abs": 17673, "label": "N104 PR46+17673 (D)"}}, {"type": "Feature", "geometry": {"type": "Point", "coordinates": [2.38737662, 48.62360589]}, "properties": {"route": "N104", "pr": "42", "abs": 13708, "label": "N104 PR42+13708 (D)"}}, {"type": "Feature", "geometry": {"type": "Point", "coordinates": [2.19929725, 48.64173028]}, "properties": {"route": "N104", "pr": "56", "abs": 28266, "label": "N104 PR56+28266 (D)"}}, {"type": "Feature", "geometry": {"type": "Point", "coordinates": [2.44426667, 48.61046035]}, "properties": {"route": "N104", "pr": "36", "abs": 6948, "label": "N104 PR36+6948 (D)"}}, {"type": "Feature", "geometry": {"type": "Point", "coordinates": [2.42732822, 48.61874124]}, "properties": {"route": "N104", "pr": "38", "abs": 8915, "label": "N104 PR38+8915 (D)"}}, {"type": "Feature", "geometry": {"type": "Point", "coordinates": [2.48786592, 48.63101835]}, "properties": {"route": "N104", "pr": "32", "abs": 2948, "label": "N104 PR32+2948 (D)"}}, {"type": "Feature", "geometry": {"type": "Point", "coordinates": [2.24923044, 48.63102621]}, "properties": {"route": "N104", "pr": "52", "abs": 24238, "label": "N104 PR52+24238 (D)"}}, {"type": "Feature", "geometry": {"type": "Point", "coordinates": [2.32055041, 48.62543289]}, "properties": {"route": "N104", "pr": "47", "abs": 18678, "label": "N104 PR47+18678 (D)"}}, {"type": "Feature", "geometry": {"type": "Point", "coordinates": [2.2607807, 48.62630211]}, "properties": {"route": "N104", "pr": "51", "abs": 23215, "label": "N104 PR51+23215 (D)"}}, {"type": "Feature", "geometry": {"type": "Point", "coordinates": [2.23538651, 48.63077623]}, "properties": {"route": "N104", "pr": "53", "abs": 25262, "label": "N104 PR53+25262 (D)"}}, {"type": "Feature", "geometry": {"type": "Point", "coordinates": [2.3074193, 48.62524481]}, "properties": {"route": "N104", "pr": "48", "abs": 19660, "label": "N104 PR48+19660 (D)"}}, {"type": "Feature", "geometry": {"type": "Point", "coordinates": [2.41816385, 48.62518062]}, "properties": {"route": "N104", "pr": "39", "abs": 9915, "label": "N104 PR39+9915 (D)"}}, {"type": "Feature", "geometry": {"type": "Point", "coordinates": [2.50000367, 48.63183]}, "properties": {"route": "N104", "pr": "31", "abs": 2051, "label": "N104 PR31+2051 (D)"}}, {"type": "Feature", "geometry": {"type": "Point", "coordinates": [2.45473856, 48.61596802]}, "properties": {"route": "N104", "pr": "35", "abs": 5960, "label": "N104 PR35+5960 (D)"}}, {"type": "Feature", "geometry": {"type": "Point", "coordinates": [2.53521749, 48.63814682]}, "properties": {"route": "N104", "pr": "28", "abs": 28363, "label": "N104 PR28+28363 (D)"}}, {"type": "Feature", "geometry": {"type": "Point", "coordinates": [2.47587915, 48.62682123]}, "properties": {"route": "N104", "pr": "33", "abs": 3954, "label": "N104 PR33+3954 (D)"}}, {"type": "Feature", "geometry": {"type": "Point", "coordinates": [2.18905678, 48.64754667]}, "properties": {"route": "N104", "pr": "57", "abs": 29274, "label": "N104 PR57+29274 (D)"}}, {"type": "Feature", "geometry": {"type": "Point", "coordinates": [2.36061504, 48.62562231]}, "properties": {"route": "N104", "pr": "44", "abs": 15691, "label": "N104 PR44+15691 (D)"}}, {"type": "Feature", "geometry": {"type": "Point", "coordinates": [2.27282634, 48.62249115]}, "properties": {"route": "N104", "pr": "50", "abs": 22228, "label": "N104 PR50+22228 (D)"}}, {"type": "Feature", "geometry": {"type": "Point", "coordinates": [2.20957423, 48.63604097]}, "properties": {"route": "N104", "pr": "55", "abs": 27265, "label": "N104 PR55+27265 (D)"}}, {"type": "Feature", "geometry": {"type": "Point", "coordinates": [2.39848814, 48.62665795]}, "properties": {"route": "N104", "pr": "41", "abs": 12806, "label": "N104 PR41+12806 (D)"}}, {"type": "Feature", "geometry": {"type": "Point", "coordinates": [2.51424928, 48.63147606]}, "properties": {"route": "N104", "pr": "30", "abs": 1041, "label": "N104 PR30+1041 (D)"}}, {"type": "Feature", "geometry": {"type": "Point", "coordinates": [2.40549341, 48.63304285]}, "properties": {"route": "N104", "pr": "40", "abs": 11201, "label": "N104 PR40+11201 (D)"}}, {"type": "Feature", "geometry": {"type": "Point", "coordinates": [2.28637974, 48.62250116]}, "properties": {"route": "N104", "pr": "49", "abs": 21225, "label": "N104 PR49+21225 (D)"}}, {"type": "Feature", "geometry": {"type": "Point", "coordinates": [2.46411342, 48.62242419]}, "properties": {"route": "N104", "pr": "34", "abs": 4955, "label": "N104 PR34+4955 (D)"}}, {"type": "Feature", "geometry": {"type": "Point", "coordinates": [2.22266962, 48.63359494]}, "properties": {"route": "N104", "pr": "54", "abs": 26258, "label": "N104 PR54+26258 (D)"}}, {"type": "Feature", "geometry": {"type": "Point", "coordinates": [2.37388492, 48.6245495]}, "properties": {"route": "N104", "pr": "43", "abs": 14699, "label": "N104 PR43+14699 (D)"}}, {"type": "Feature", "geometry": {"type": "Point", "coordinates": [2.18013846, 48.6542699]}, "properties": {"route": "N104", "pr": "58", "abs": 30274, "label": "N104 PR58+30274 (D)"}}, {"type": "Feature", "geometry": {"type": "Point", "coordinates": [2.36969843, 48.7257805]}, "properties": {"route": "N7", "pr": "3", "abs": 931, "label": "N7 PR3+931 (G)"}}, {"type": "Feature", "geometry": {"type": "Point", "coordinates": [2.3708363, 48.71697993]}, "properties": {"route": "N7", "pr": "4", "abs": 1929, "label": "N7 PR4+1929 (D)"}}, {"type": "Feature", "geometry": {"type": "Point", "coordinates": [2.37101304, 48.71697726]}, "properties": {"route": "N7", "pr": "4", "abs": 1929, "label": "N7 PR4+1929 (G)"}}, {"type": "Feature", "geometry": {"type": "Point", "coordinates": [2.36629827, 48.73385125]}, "properties": {"route": "N7", "pr": "2", "abs": 0, "label": "N7 PR2 (G)"}}, {"type": "Feature", "geometry": {"type": "Point", "coordinates": [2.36618973, 48.73383179]}, "properties": {"route": "N7", "pr": "2", "abs": 0, "label": "N7 PR2 (D)"}}, {"type": "Feature", "geometry": {"type": "Point", "coordinates": [2.42210496, 48.62253811]}, "properties": {"route": "A6", "pr": "26", "abs": 17575, "label": "A6 PR26+17575 (G)"}}, {"type": "Feature", "geometry": {"type": "Point", "coordinates": [2.55502303, 48.40368574]}, "properties": {"route": "A6", "pr": "53", "abs": 8560, "label": "A6 PR53+8560 (G)"}}, {"type": "Feature", "geometry": {"type": "Point", "coordinates": [2.5734817, 48.36216019]}, "properties": {"route": "A6", "pr": "58", "abs": 13560, "label": "A6 PR58+13560 (G)"}}, {"type": "Feature", "geometry": {"type": "Point", "coordinates": [2.55727103, 48.38607574]}, "properties": {"route": "A6", "pr": "55", "abs": 10560, "label": "A6 PR55+10560 (G)"}}, {"type": "Feature", "geometry": {"type": "Point", "coordinates": [2.58242955, 48.35542901]}, "properties": {"route": "A6", "pr": "59", "abs": 14560, "label": "A6 PR59+14560 (G)"}}, {"type": "Feature", "geometry": {"type": "Point", "coordinates": [2.30628191, 48.70717407]}, "properties": {"route": "A6", "pr": "13", "abs": 4589, "label": "A6 PR13+4589 (G)"}}, {"type": "Feature", "geometry": {"type": "Point", "coordinates": [2.30951893, 48.71593299]}, "properties": {"route": "A6", "pr": "12", "abs": 3588, "label": "A6 PR12+3588 (G)"}}, {"type": "Feature", "geometry": {"type": "Point", "coordinates": [2.31276286, 48.72466302]}, "properties": {"route": "A6", "pr": "11", "abs": 2585, "label": "A6 PR11+2585 (G)"}}, {"type": "Feature", "geometry": {"type": "Point", "coordinates": [2.51657063, 48.46976406]}, "properties": {"route": "A6", "pr": "45", "abs": 560, "label": "A6 PR45+560 (G)"}}, {"type": "Feature", "geometry": {"type": "Point", "coordinates": [2.41225499, 48.62864806]}, "properties": {"route": "A6", "pr": "25", "abs": 16573, "label": "A6 PR25+16573 (G)"}}, {"type": "Feature", "geometry": {"type": "Point", "coordinates": [2.3210899, 48.69284962]}, "properties": {"route": "A6", "pr": "15", "abs": 6584, "label": "A6 PR15+6584 (G)"}}, {"type": "Feature", "geometry": {"type": "Point", "coordinates": [2.51760246, 48.460825]}, "properties": {"route": "A6", "pr": "46", "abs": 1560, "label": "A6 PR46+1560 (G)"}}, {"type": "Feature", "geometry": {"type": "Point", "coordinates": [2.53944939, 48.42837878]}, "properties": {"route": "A6", "pr": "50", "abs": 5560, "label": "A6 PR50+5560 (G)"}}, {"type": "Feature", "geometry": {"type": "Point", "coordinates": [2.53596653, 48.43702168]}, "properties": {"route": "A6", "pr": "49", "abs": 4560, "label": "A6 PR49+4560 (G)"}}, {"type": "Feature", "geometry": {"type": "Point", "coordinates": [2.35727865, 48.66770433]}, "properties": {"route": "A6", "pr": "19", "abs": 10579, "label": "A6 PR19+10579 (G)"}}, {"type": "Feature", "geometry": {"type": "Point", "coordinates": [2.31597911, 48.73340801]}, "properties": {"route": "A6", "pr": "10", "abs": 1581, "label": "A6 PR10+1581 (G)"}}, {"type": "Feature", "geometry": {"type": "Point", "coordinates": [2.53064404, 48.44529821]}, "properties": {"route": "A6", "pr": "48", "abs": 3560, "label": "A6 PR48+3560 (G)"}}, {"type": "Feature", "geometry": {"type": "Point", "coordinates": [2.40236726, 48.63477138]}, "properties": {"route": "A6", "pr": "24", "abs": 15581, "label": "A6 PR24+15581 (G)"}}, {"type": "Feature", "geometry": {"type": "Point", "coordinates": [2.37816062, 48.65640401]}, "properties": {"route": "A6", "pr": "21", "abs": 12577, "label": "A6 PR21+12577 (G)"}}, {"type": "Feature", "geometry": {"type": "Point", "coordinates": [2.34559354, 48.67189268]}, "properties": {"route": "A6", "pr": "18", "abs": 9587, "label": "A6 PR18+9587 (G)"}}, {"type": "Feature", "geometry": {"type": "Point", "coordinates": [2.31169893, 48.69975329]}, "properties": {"route": "A6", "pr": "14", "abs": 5589, "label": "A6 PR14+5589 (G)"}}, {"type": "Feature", "geometry": {"type": "Point", "coordinates": [2.56165182, 48.37759628]}, "properties": {"route": "A6", "pr": "56", "abs": 11560, "label": "A6 PR56+11560 (G)"}}, {"type": "Feature", "geometry": {"type": "Point", "coordinates": [2.55428519, 48.39477348]}, "properties": {"route": "A6", "pr": "54", "abs": 9560, "label": "A6 PR54+9560 (G)"}}, {"type": "Feature", "geometry": {"type": "Point", "coordinates": [2.38554589, 48.64894852]}, "properties": {"route": "A6", "pr": "22", "abs": 13579, "label": "A6 PR22+13579 (G)"}}, {"type": "Feature", "geometry": {"type": "Point", "coordinates": [2.56471578, 48.36898401]}, "properties": {"route": "A6", "pr": "57", "abs": 12560, "label": "A6 PR57+12560 (G)"}}, {"type": "Feature", "geometry": {"type": "Point", "coordinates": [2.54267198, 48.41969153]}, "properties": {"route": "A6", "pr": "51", "abs": 6560, "label": "A6 PR51+6560 (G)"}}, {"type": "Feature", "geometry": {"type": "Point", "coordinates": [2.5492452, 48.41175286]}, "properties": {"route": "A6", "pr": "52", "abs": 7560, "label": "A6 PR52+7560 (G)"}}, {"type": "Feature", "geometry": {"type": "Point", "coordinates": [2.39299358, 48.64154683]}, "properties": {"route": "A6", "pr": "23", "abs": 14578, "label": "A6 PR23+14578 (G)"}}, {"type": "Feature", "geometry": {"type": "Point", "coordinates": [2.33610765, 48.67837417]}, "properties": {"route": "A6", "pr": "17", "abs": 8583, "label": "A6 PR17+8583 (G)"}}, {"type": "Feature", "geometry": {"type": "Point", "coordinates": [2.32762461, 48.68517536]}, "properties": {"route": "A6", "pr": "16", "abs": 7583, "label": "A6 PR16+7583 (G)"}}, {"type": "Feature", "geometry": {"type": "Point", "coordinates": [2.52477624, 48.45341933]}, "properties": {"route": "A6", "pr": "47", "abs": 2560, "label": "A6 PR47+2560 (G)"}}, {"type": "Feature", "geometry": {"type": "Point", "coordinates": [2.36830765, 48.66259296]}, "properties": {"route": "A6", "pr": "20", "abs": 11579, "label": "A6 PR20+11579 (G)"}}, {"type": "Feature", "geometry": {"type": "Point", "coordinates": [2.32070848, 48.74143921]}, "properties": {"route": "A6", "pr": "9", "abs": 590, "label": "A6 PR9+590 (D)"}}, {"type": "Feature", "geometry": {"type": "Point", "coordinates": [2.32087795, 48.74137452]}, "properties": {"route": "A6", "pr": "9", "abs": 589, "label": "A6 PR9+589 (G)"}}, {"type": "Feature", "geometry": {"type": "Point", "coordinates": [2.32094255, 48.69279212]}, "properties": {"route": "A6", "pr": "15", "abs": 6585, "label": "A6 PR15+6585 (D)"}}, {"type": "Feature", "geometry": {"type": "Point", "coordinates": [2.5389655, 48.42868098]}, "properties": {"route": "A6", "pr": "50", "abs": 5560, "label": "A6 PR50+5560 (D)"}}, {"type": "Feature", "geometry": {"type": "Point", "coordinates": [2.34269738, 48.76454375]}, "properties": {"route": "A6A", "pr": "6", "abs": 6374, "label": "A6A PR6+6374 (G)"}}, {"type": "Feature", "geometry": {"type": "Point", "coordinates": [2.33518913, 48.75702614]}, "properties": {"route": "A6A", "pr": "7", "abs": 7383, "label": "A6A PR7+7383 (G)"}}, {"type": "Feature", "geometry": {"type": "Point", "coordinates": [2.34588234, 48.77323256]}, "properties": {"route": "A6A", "pr": "5", "abs": 5365, "label": "A6A PR5+5365 (G)"}}, {"type": "Feature", "geometry": {"type": "Point", "coordinates": [2.32814222, 48.7493388]}, "properties": {"route": "A6A", "pr": "8", "abs": 8392, "label": "A6A PR8+8392 (G)"}}, {"type": "Feature", "geometry": {"type": "Point", "coordinates": [2.51503058, 48.74779498]}, "properties": {"route": "N19", "pr": "18", "abs": 2400, "label": "N19 PR18+2400 (G)"}}, {"type": "Feature", "geometry": {"type": "Point", "coordinates": [2.50838935, 48.75487415]}, "properties": {"route": "N19", "pr": "17", "abs": 1400, "label": "N19 PR17+1400 (G)"}}, {"type": "Feature", "geometry": {"type": "Point", "coordinates": [2.49808198, 48.76060733]}, "properties": {"route": "N19", "pr": "16", "abs": 400, "label": "N19 PR16+400 (G)"}}, {"type": "Feature", "geometry": {"type": "Point", "coordinates": [2.537449, 48.72748484]}, "properties": {"route": "N19", "pr": "21", "abs": 4852, "label": "N19 PR21+4852 (G)"}}, {"type": "Feature", "geometry": {"type": "Point", "coordinates": [2.36812534, 48.75366569]}, "properties": {"route": "N186", "pr": "48", "abs": 725, "label": "N186 PR48+725 (G)"}}, {"type": "Feature", "geometry": {"type": "Point", "coordinates": [2.35437888, 48.75365333]}, "properties": {"route": "N186", "pr": "49", "abs": 1724, "label": "N186 PR49+1724 (G)"}}, {"type": "Feature", "geometry": {"type": "Point", "coordinates": [2.52177336, 48.65740049]}, "properties": {"route": "N6", "pr": "10", "abs": 10250, "label": "N6 PR10+10250 (G)"}}, {"type": "Feature", "geometry": {"type": "Point", "coordinates": [2.5295192, 48.65090369]}, "properties": {"route": "N6", "pr": "11", "abs": 11253, "label": "N6 PR11+11253 (G)"}}, {"type": "Feature", "geometry": {"type": "Point", "coordinates": [2.44681717, 48.73253812]}, "properties": {"route": "N6", "pr": "18", "abs": 5153, "label": "N6 PR18+5153 (G)"}}, {"type": "Feature", "geometry": {"type": "Point", "coordinates": [2.44096866, 48.76803018]}, "properties": {"route": "N6", "pr": "14", "abs": 1174, "label": "N6 PR14+1174 (G)"}}, {"type": "Feature", "geometry": {"type": "Point", "coordinates": [2.44670203, 48.7414825]}, "properties": {"route": "N6", "pr": "17", "abs": 4159, "label": "N6 PR17+4159 (G)"}}, {"type": "Feature", "geometry": {"type": "Point", "coordinates": [2.44349032, 48.75841639]}, "properties": {"route": "N6", "pr": "15", "abs": 2255, "label": "N6 PR15+2255 (G)"}}, {"type": "Feature", "geometry": {"type": "Point", "coordinates": [2.44552372, 48.7503787]}, "properties": {"route": "N6", "pr": "16", "abs": 3164, "label": "N6 PR16+3164 (G)"}}, {"type": "Feature", "geometry": {"type": "Point", "coordinates": [2.47012078, 48.75866883]}, "properties": {"route": "N406", "pr": "4", "abs": 3623, "label": "N406 PR4+3623 (G)"}}, {"type": "Feature", "geometry": {"type": "Point", "coordinates": [2.44959702, 48.76950751]}, "properties": {"route": "N406", "pr": "2", "abs": 1620, "label": "N406 PR2+1620 (G)"}}, {"type": "Feature", "geometry": {"type": "Point", "coordinates": [2.46110138, 48.76501523]}, "properties": {"route": "N406", "pr": "3", "abs": 2621, "label": "N406 PR3+2621 (G)"}}, {"type": "Feature", "geometry": {"type": "Point", "coordinates": [2.48195573, 48.75868567]}, "properties": {"route": "N406", "pr": "5", "abs": 4586, "label": "N406 PR5+4586 (G)"}}, {"type": "Feature", "geometry": {"type": "Point", "coordinates": [2.28952684, 48.71203066]}, "properties": {"route": "A126", "pr": "2", "abs": 1585, "label": "A126 PR2+1585 (G)"}}, {"type": "Feature", "geometry": {"type": "Point", "coordinates": [2.24068271, 48.72462465]}, "properties": {"route": "A126", "pr": "6", "abs": 4810, "label": "A126 PR6+4810"}}, {"type": "Feature", "geometry": {"type": "Point", "coordinates": [2.25265468, 48.72100071]}, "properties": {"route": "A126", "pr": "5", "abs": 3535, "label": "A126 PR5+3535 (G)"}}, {"type": "Feature", "geometry": {"type": "Point", "coordinates": [2.30286053, 48.71028069]}, "properties": {"route": "A126", "pr": "1", "abs": 585, "label": "A126 PR1+585 (G)"}}, {"type": "Feature", "geometry": {"type": "Point", "coordinates": [2.38150278, 48.7700162]}, "properties": {"route": "A86", "pr": "45", "abs": 13936, "label": "A86 PR45+13936 (G)"}}, {"type": "Feature", "geometry": {"type": "Point", "coordinates": [2.38169832, 48.76235415]}, "properties": {"route": "A86", "pr": "46", "abs": 14934, "label": "A86 PR46+14934 (G)"}}, {"type": "Feature", "geometry": {"type": "Point", "coordinates": [2.39487651, 48.77179809]}, "properties": {"route": "A86", "pr": "44", "abs": 12937, "label": "A86 PR44+12937 (G)"}}, {"type": "Feature", "geometry": {"type": "Point", "coordinates": [2.32811311, 48.75762604]}, "properties": {"route": "A86", "pr": "51", "abs": 17199, "label": "A86 PR51+17199 (G)"}}, {"type": "Feature", "geometry": {"type": "Point", "coordinates": [2.38114797, 48.75415213]}, "properties": {"route": "A86", "pr": "47", "abs": 15973, "label": "A86 PR47+15973 (G)"}}, {"type": "Feature", "geometry": {"type": "Point", "coordinates": [2.40789093, 48.77402459]}, "properties": {"route": "A86", "pr": "43", "abs": 11941, "label": "A86 PR43+11941 (G)"}}, {"type": "Feature", "geometry": {"type": "Point", "coordinates": [2.34409272, 48.76437244]}, "properties": {"route": "A106", "pr": "6", "abs": 590, "label": "A106 PR6+590 (G)"}}, {"type": "Feature", "geometry": {"type": "Point", "coordinates": [2.3498454, 48.75647633]}, "properties": {"route": "A106", "pr": "7", "abs": 1590, "label": "A106 PR7+1590 (G)"}}, {"type": "Feature", "geometry": {"type": "Point", "coordinates": [2.35725115, 48.74894769]}, "properties": {"route": "A106", "pr": "8", "abs": 2580, "label": "A106 PR8+2580 (G)"}}, {"type": "Feature", "geometry": {"type": "Point", "coordinates": [2.53947155, 48.62605593]}, "properties": {"route": "A5A", "pr": "1", "abs": 629, "label": "A5A PR1+629 (G)"}}, {"type": "Feature", "geometry": {"type": "Point", "coordinates": [2.57283132, 48.61105573]}, "properties": {"route": "A5A", "pr": "4", "abs": 3622, "label": "A5A PR4+3622 (G)"}}, {"type": "Feature", "geometry": {"type": "Point", "coordinates": [2.54951395, 48.62022858]}, "properties": {"route": "A5A", "pr": "2", "abs": 1621, "label": "A5A PR2+1621 (G)"}}, {"type": "Feature", "geometry": {"type": "Point", "coordinates": [2.58456874, 48.60650068]}, "properties": {"route": "A5A", "pr": "5", "abs": 4621, "label": "A5A PR5+4621 (G)"}}, {"type": "Feature", "geometry": {"type": "Point", "coordinates": [2.56121246, 48.61562534]}, "properties": {"route": "A5A", "pr": "3", "abs": 2622, "label": "A5A PR3+2622 (G)"}}, {"type": "Feature", "geometry": {"type": "Point", "coordinates": [2.53604007, 48.63461407]}, "properties": {"route": "A5A", "pr": "0", "abs": 0, "label": "A5A PR0 (G)"}}, {"type": "Feature", "geometry": {"type": "Point", "coordinates": [2.43151745, 48.61027693]}, "properties": {"route": "N104", "pr": "37", "abs": 8076, "label": "N104 PR37+8076 (G)"}}, {"type": "Feature", "geometry": {"type": "Point", "coordinates": [2.34735131, 48.62659113]}, "properties": {"route": "N104", "pr": "45", "abs": 16297, "label": "N104 PR45+16297 (G)"}}, {"type": "Feature", "geometry": {"type": "Point", "coordinates": [2.18662994, 48.66184249]}, "properties": {"route": "N104", "pr": "59", "abs": 31209, "label": "N104 PR59+31209 (G)"}}, {"type": "Feature", "geometry": {"type": "Point", "coordinates": [2.33405886, 48.6250846]}, "properties": {"route": "N104", "pr": "46", "abs": 17291, "label": "N104 PR46+17291 (G)"}}, {"type": "Feature", "geometry": {"type": "Point", "coordinates": [2.38732435, 48.62308659]}, "properties": {"route": "N104", "pr": "42", "abs": 13311, "label": "N104 PR42+13311 (G)"}}, {"type": "Feature", "geometry": {"type": "Point", "coordinates": [2.19948512, 48.64098403]}, "properties": {"route": "N104", "pr": "56", "abs": 27859, "label": "N104 PR56+27859 (G)"}}, {"type": "Feature", "geometry": {"type": "Point", "coordinates": [2.44435378, 48.61030514]}, "properties": {"route": "N104", "pr": "36", "abs": 6938, "label": "N104 PR36+6938 (G)"}}, {"type": "Feature", "geometry": {"type": "Point", "coordinates": [2.42670071, 48.61855742]}, "properties": {"route": "N104", "pr": "38", "abs": 9076, "label": "N104 PR38+9076 (G)"}}, {"type": "Feature", "geometry": {"type": "Point", "coordinates": [2.48795165, 48.6308559]}, "properties": {"route": "N104", "pr": "32", "abs": 2935, "label": "N104 PR32+2935 (G)"}}, {"type": "Feature", "geometry": {"type": "Point", "coordinates": [2.2491272, 48.6307494]}, "properties": {"route": "N104", "pr": "52", "abs": 23860, "label": "N104 PR52+23860 (G)"}}, {"type": "Feature", "geometry": {"type": "Point", "coordinates": [2.32046483, 48.62502221]}, "properties": {"route": "N104", "pr": "47", "abs": 18301, "label": "N104 PR47+18301 (G)"}}, {"type": "Feature", "geometry": {"type": "Point", "coordinates": [2.26060627, 48.6261625]}, "properties": {"route": "N104", "pr": "51", "abs": 22862, "label": "N104 PR51+22862 (G)"}}, {"type": "Feature", "geometry": {"type": "Point", "coordinates": [2.23560556, 48.63036565]}, "properties": {"route": "N104", "pr": "53", "abs": 24858, "label": "N104 PR53+24858 (G)"}}, {"type": "Feature", "geometry": {"type": "Point", "coordinates": [2.30694596, 48.62492003]}, "properties": {"route": "N104", "pr": "48", "abs": 19282, "label": "N104 PR48+19282 (G)"}}, {"type": "Feature", "geometry": {"type": "Point", "coordinates": [2.41742736, 48.62503129]}, "properties": {"route": "N104", "pr": "39", "abs": 10076, "label": "N104 PR39+10076 (G)"}}, {"type": "Feature", "geometry": {"type": "Point", "coordinates": [2.49998928, 48.63163115]}, "properties": {"route": "N104", "pr": "31", "abs": 2050, "label": "N104 PR31+2050 (G)"}}, {"type": "Feature", "geometry": {"type": "Point", "coordinates": [2.4548859, 48.61588953]}, "properties": {"route": "N104", "pr": "35", "abs": 5940, "label": "N104 PR35+5940 (G)"}}, {"type": "Feature", "geometry": {"type": "Point", "coordinates": [2.53555277, 48.63814184]}, "properties": {"route": "N104", "pr": "28", "abs": 28292, "label": "N104 PR28+28292 (G)"}}, {"type": "Feature", "geometry": {"type": "Point", "coordinates": [2.47600546, 48.62667427]}, "properties": {"route": "N104", "pr": "33", "abs": 3937, "label": "N104 PR33+3937 (G)"}}, {"type": "Feature", "geometry": {"type": "Point", "coordinates": [2.18972077, 48.64700967]}, "properties": {"route": "N104", "pr": "57", "abs": 28859, "label": "N104 PR57+28859 (G)"}}, {"type": "Feature", "geometry": {"type": "Point", "coordinates": [2.36071723, 48.62525405]}, "properties": {"route": "N104", "pr": "44", "abs": 15298, "label": "N104 PR44+15298 (G)"}}, {"type": "Feature", "geometry": {"type": "Point", "coordinates": [2.27277439, 48.62232351]}, "properties": {"route": "N104", "pr": "50", "abs": 21857, "label": "N104 PR50+21857 (G)"}}, {"type": "Feature", "geometry": {"type": "Point", "coordinates": [2.20995511, 48.63553436]}, "properties": {"route": "N104", "pr": "55", "abs": 26857, "label": "N104 PR55+26857 (G)"}}, {"type": "Feature", "geometry": {"type": "Point", "coordinates": [2.39966864, 48.62654337]}, "properties": {"route": "N104", "pr": "41", "abs": 12316, "label": "N104 PR41+12316 (G)"}}, {"type": "Feature", "geometry": {"type": "Point", "coordinates": [2.51404824, 48.63105877]}, "properties": {"route": "N104", "pr": "30", "abs": 1012, "label": "N104 PR30+1012 (G)"}}, {"type": "Feature", "geometry": {"type": "Point", "coordinates": [2.4075247, 48.63115048]}, "properties": {"route": "N104", "pr": "40", "abs": 11076, "label": "N104 PR40+11076 (G)"}}, {"type": "Feature", "geometry": {"type": "Point", "coordinates": [2.28641456, 48.62233585]}, "properties": {"route": "N104", "pr": "49", "abs": 20846, "label": "N104 PR49+20846 (G)"}}, {"type": "Feature", "geometry": {"type": "Point", "coordinates": [2.46425873, 48.62227912]}, "properties": {"route": "N104", "pr": "34", "abs": 4938, "label": "N104 PR34+4938 (G)"}}, {"type": "Feature", "geometry": {"type": "Point", "coordinates": [2.22292734, 48.63314685]}, "properties": {"route": "N104", "pr": "54", "abs": 25858, "label": "N104 PR54+25858 (G)"}}, {"type": "Feature", "geometry": {"type": "Point", "coordinates": [2.37407319, 48.62401077]}, "properties": {"route": "N104", "pr": "43", "abs": 14303, "label": "N104 PR43+14303 (G)"}}, {"type": "Feature", "geometry": {"type": "Point", "coordinates": [2.17960511, 48.65304377]}, "properties": {"route": "N104", "pr": "58", "abs": 29859, "label": "N104 PR58+29859 (G)"}}, {"type": "Feature", "geometry": {"type": "Point", "coordinates": [2.33531719, 48.75690453]}, "properties": {"route": "A6B", "pr": "7", "abs": 7289, "label": "A6B PR7+7289 (G)"}}, {"type": "Feature", "geometry": {"type": "Point", "coordinates": [2.34610175, 48.77320678]}, "properties": {"route": "A6B", "pr": "5", "abs": 5247, "label": "A6B PR5+5247 (G)"}}, {"type": "Feature", "geometry": {"type": "Point", "coordinates": [2.34306248, 48.76429032]}, "properties": {"route": "A6B", "pr": "6", "abs": 6281, "label": "A6B PR6+6281 (G)"}}, {"type": "Feature", "geometry": {"type": "Point", "coordinates": [2.32144184, 48.74151624]}, "properties": {"route": "A6B", "pr": "9", "abs": 590, "label": "A6B PR9+590 (G)"}}, {"type": "Feature", "geometry": {"type": "Point", "coordinates": [2.32849688, 48.74936508]}, "properties": {"route": "A6B", "pr": "8", "abs": 8296, "label": "A6B PR8+8296 (G)"}}, {"type": "Feature", "geometry": {"type": "Point", "coordinates": [1.95655302, 48.56199599]}, "properties": {"route": "A10", "pr": "22", "abs": 6708, "label": "A10 PR22+6708 (G)"}}, {"type": "Feature", "geometry": {"type": "Point", "coordinates": [2.01609677, 48.58186029]}, "properties": {"route": "A10", "pr": "17", "abs": 1712, "label": "A10 PR17+1712 (G)"}}, {"type": "Feature", "geometry": {"type": "Point", "coordinates": [2.27873577, 48.71315862]}, "properties": {"route": "A10", "pr": "5", "abs": 5118, "label": "A10 PR5+5118 (G)"}}, {"type": "Feature", "geometry": {"type": "Point", "coordinates": [2.00560119, 48.57614511]}, "properties": {"route": "A10", "pr": "18", "abs": 2710, "label": "A10 PR18+2710 (G)"}}, {"type": "Feature", "geometry": {"type": "Point", "coordinates": [1.96961772, 48.56382816]}, "properties": {"route": "A10", "pr": "21", "abs": 5713, "label": "A10 PR21+5713 (G)"}}, {"type": "Feature", "geometry": {"type": "Point", "coordinates": [2.02728763, 48.58683981]}, "properties": {"route": "A10", "pr": "16", "abs": 718, "label": "A10 PR16+718 (G)"}}, {"type": "Feature", "geometry": {"type": "Point", "coordinates": [2.05075752, 48.5958489]}, "properties": {"route": "A10", "pr": "14", "abs": 13993, "label": "A10 PR14+13993 (G)"}}, {"type": "Feature", "geometry": {"type": "Point", "coordinates": [2.30749883, 48.72989802]}, "properties": {"route": "A10", "pr": "2", "abs": 1716, "label": "A10 PR2+1716 (G)"}}, {"type": "Feature", "geometry": {"type": "Point", "coordinates": [2.11354078, 48.61237059]}, "properties": {"route": "A10", "pr": "9", "abs": 9010, "label": "A10 PR9+9010 (G)"}}, {"type": "Feature", "geometry": {"type": "Point", "coordinates": [2.25114634, 48.70853445]}, "properties": {"route": "A10", "pr": "8", "abs": 8134, "label": "A10 PR8+8134 (G)"}}, {"type": "Feature", "geometry": {"type": "Point", "coordinates": [1.92922086, 48.55351786]}, "properties": {"route": "A10", "pr": "24", "abs": 7908, "label": "A10 PR24+7908 (G)"}}, {"type": "Feature", "geometry": {"type": "Point", "coordinates": [2.08790569, 48.60647999]}, "properties": {"route": "A10", "pr": "11", "abs": 11010, "label": "A10 PR11+11010 (G)"}}, {"type": "Feature", "geometry": {"type": "Point", "coordinates": [2.10073098, 48.60940671]}, "properties": {"route": "A10", "pr": "10", "abs": 10008, "label": "A10 PR10+10008 (G)"}}, {"type": "Feature", "geometry": {"type": "Point", "coordinates": [2.20412114, 48.67806274]}, "properties": {"route": "A10", "pr": "13", "abs": 13135, "label": "A10 PR13+13135 (G)"}}, {"type": "Feature", "geometry": {"type": "Point", "coordinates": [2.16000344, 48.64398474]}, "properties": {"route": "A10", "pr": "4", "abs": 4000, "label": "A10 PR4+4000 (G)"}}, {"type": "Feature", "geometry": {"type": "Point", "coordinates": [2.17015733, 48.64995323]}, "properties": {"route": "A10", "pr": "3", "abs": 3002, "label": "A10 PR3+3002 (G)"}}, {"type": "Feature", "geometry": {"type": "Point", "coordinates": [1.94393996, 48.55871169]}, "properties": {"route": "A10", "pr": "23", "abs": 15672, "label": "A10 PR23+15672 (G)"}}, {"type": "Feature", "geometry": {"type": "Point", "coordinates": [1.92041531, 48.5500925]}, "properties": {"route": "A10", "pr": "25", "abs": 8700, "label": "A10 PR25+8700 (G)"}}, {"type": "Feature", "geometry": {"type": "Point", "coordinates": [1.98239484, 48.56676474]}, "properties": {"route": "A10", "pr": "20", "abs": 4710, "label": "A10 PR20+4710 (G)"}}, {"type": "Feature", "geometry": {"type": "Point", "coordinates": [2.31730701, 48.73636312]}, "properties": {"route": "A10", "pr": "1", "abs": 705, "label": "A10 PR1+705 (G)"}}, {"type": "Feature", "geometry": {"type": "Point", "coordinates": [2.25489725, 48.71712452]}, "properties": {"route": "A10", "pr": "7", "abs": 7128, "label": "A10 PR7+7128 (G)"}}, {"type": "Feature", "geometry": {"type": "Point", "coordinates": [2.14255059, 48.63034296]}, "properties": {"route": "A10", "pr": "6", "abs": 6007, "label": "A10 PR6+6007 (G)"}}, {"type": "Feature", "geometry": {"type": "Point", "coordinates": [2.03942641, 48.59089842]}, "properties": {"route": "A10", "pr": "15", "abs": 14996, "label": "A10 PR15+14996 (G)"}}, {"type": "Feature", "geometry": {"type": "Point", "coordinates": [2.21301225, 48.68467194]}, "properties": {"route": "A10", "pr": "12", "abs": 12136, "label": "A10 PR12+12136 (G)"}}, {"type": "Feature", "geometry": {"type": "Point", "coordinates": [1.99434883, 48.5710631]}, "properties": {"route": "A10", "pr": "19", "abs": 3709, "label": "A10 PR19+3709 (G)"}}, {"type": "Feature", "geometry": {"type": "Point", "coordinates": [2.39885746, 48.63656265]}, "properties": {"route": "N440", "pr": "1", "abs": 1000, "label": "N440 PR1+1000"}}, {"type": "Feature", "geometry": {"type": "Point", "coordinates": [2.24068652, 48.77430836]}, "properties": {"route": "N385", "pr": "58", "abs": 4743, "label": "N385 PR58+4743 (G)"}}, {"type": "Feature", "geometry": {"type": "Point", "coordinates": [2.24486862, 48.76600703]}, "properties": {"route": "N385", "pr": "57", "abs": 3752, "label": "N385 PR57+3752 (G)"}}, {"type": "Feature", "geometry": {"type": "Point", "coordinates": [2.26822857, 48.7596882]}, "properties": {"route": "N385", "pr": "55", "abs": 1751, "label": "N385 PR55+1751 (G)"}}, {"type": "Feature", "geometry": {"type": "Point", "coordinates": [2.27970894, 48.75999544]}, "properties": {"route": "N385", "pr": "54", "abs": 905, "label": "N385 PR54+905 (G)"}}, {"type": "Feature", "geometry": {"type": "Point", "coordinates": [2.25482367, 48.76031137]}, "properties": {"route": "N385", "pr": "56", "abs": 2741, "label": "N385 PR56+2741 (G)"}}, {"type": "Feature", "geometry": {"type": "Point", "coordinates": [1.98134245, 48.76864831]}, "properties": {"route": "N10", "pr": "16", "abs": 4295, "label": "N10 PR16+4295 (G)"}}, {"type": "Feature", "geometry": {"type": "Point", "coordinates": [1.93380951, 48.75276244]}, "properties": {"route": "N10", "pr": "20", "abs": 8249, "label": "N10 PR20+8249 (G)"}}, {"type": "Feature", "geometry": {"type": "Point", "coordinates": [2.23962512, 48.69706242]}, "properties": {"route": "N188", "pr": "5", "abs": 1320, "label": "N188 PR5+1320 (G)"}}, {"type": "Feature", "geometry": {"type": "Point", "coordinates": [2.25012205, 48.70575582]}, "properties": {"route": "N188", "pr": "4", "abs": 0, "label": "N188 PR4 (G)"}}, {"type": "Feature", "geometry": {"type": "Point", "coordinates": [2.36812563, 48.75352988]}, "properties": {"route": "N186B", "pr": "48", "abs": 455, "label": "N186B PR48+455 (G)"}}, {"type": "Feature", "geometry": {"type": "Point", "coordinates": [2.19093991, 48.68036222]}, "properties": {"route": "N118", "pr": "14", "abs": 14155, "label": "N118 PR14+14155 (G)"}}, {"type": "Feature", "geometry": {"type": "Point", "coordinates": [2.16682099, 48.72484693]}, "properties": {"route": "N118", "pr": "8", "abs": 8287, "label": "N118 PR8+8287 (G)"}}, {"type": "Feature", "geometry": {"type": "Point", "coordinates": [2.19241093, 48.69848451]}, "properties": {"route": "N118", "pr": "12", "abs": 12092, "label": "N118 PR12+12092 (G)"}}, {"type": "Feature", "geometry": {"type": "Point", "coordinates": [2.16859384, 48.73304539]}, "properties": {"route": "N118", "pr": "7", "abs": 7313, "label": "N118 PR7+7313 (G)"}}, {"type": "Feature", "geometry": {"type": "Point", "coordinates": [2.19409021, 48.67170869]}, "properties": {"route": "N118", "pr": "15", "abs": 15157, "label": "N118 PR15+15157 (G)"}}, {"type": "Feature", "geometry": {"type": "Point", "coordinates": [2.191145, 48.70705706]}, "properties": {"route": "N118", "pr": "11", "abs": 11100, "label": "N118 PR11+11100 (G)"}}, {"type": "Feature", "geometry": {"type": "Point", "coordinates": [2.19116964, 48.68886948]}, "properties": {"route": "N118", "pr": "13", "abs": 13178, "label": "N118 PR13+13178 (G)"}}, {"type": "Feature", "geometry": {"type": "Point", "coordinates": [2.17043754, 48.71849753]}, "properties": {"route": "N118", "pr": "9", "abs": 9044, "label": "N118 PR9+9044 (G)"}}, {"type": "Feature", "geometry": {"type": "Point", "coordinates": [2.18147238, 48.71262367]}, "properties": {"route": "N118", "pr": "10", "abs": 10122, "label": "N118 PR10+10122 (G)"}}, {"type": "Feature", "geometry": {"type": "Point", "coordinates": [2.40464297, 48.63335973]}, "properties": {"route": "N441", "pr": "0", "abs": 0, "label": "N441 PR0"}}, {"type": "Feature", "geometry": {"type": "Point", "coordinates": [2.3940693, 48.64125006]}, "properties": {"route": "N441", "pr": "999", "abs": 1000, "label": "N441 PR999+1000"}}, {"type": "Feature", "geometry": {"type": "Point", "coordinates": [2.32533273, 48.74624328]}, "properties": {"route": "A6", "pr": "0", "abs": 0, "label": "A6 PR0 (G)"}}, {"type": "Feature", "geometry": {"type": "Point", "coordinates": [2.34574442, 48.77055783]}, "properties": {"route": "A106", "pr": "5", "abs": 0, "label": "A106 PR5 (G)"}}, {"type": "Feature", "geometry": {"type": "Point", "coordinates": [2.3623082, 48.74381473]}, "properties": {"route": "A106", "pr": "999", "abs": 3300, "label": "A106 PR999+3300 (G)"}}, {"type": "Feature", "geometry": {"type": "Point", "coordinates": [2.40948987, 48.63017436]}, "properties": {"route": "N440", "pr": "999", "abs": 2020, "label": "N440 PR999+2020"}}, {"type": "Feature", "geometry": {"type": "Point", "coordinates": [2.38981, 48.64404741]}, "properties": {"route": "N440", "pr": "0", "abs": 0, "label": "N440 PR0"}}, {"type": "Feature", "geometry": {"type": "Point", "coordinates": [2.29182464, 48.76041058]}, "properties": {"route": "N385", "pr": "53", "abs": 0, "label": "N385 PR53 (G)"}}, {"type": "Feature", "geometry": {"type": "Point", "coordinates": [2.40634319, 48.6254848]}, "properties": {"route": "N446", "pr": "999", "abs": 690, "label": "N446 PR999+690 (G)"}}, {"type": "Feature", "geometry": {"type": "Point", "coordinates": [2.39777778, 48.62624597]}, "properties": {"route": "N446", "pr": "28", "abs": 0, "label": "N446 PR28 (G)"}}, {"type": "Feature", "geometry": {"type": "Point", "coordinates": [2.22504246, 48.71989184]}, "properties": {"route": "A126", "pr": "999", "abs": 6075, "label": "A126 PR999+6075"}}, {"type": "Feature", "geometry": {"type": "Point", "coordinates": [2.30589738, 48.70573537]}, "properties": {"route": "A126", "pr": "0", "abs": 0, "label": "A126 PR0 (G)"}}, {"type": "Feature", "geometry": {"type": "Point", "coordinates": [2.37806117, 48.75327084]}, "properties": {"route": "N186", "pr": "0", "abs": 0, "label": "N186 PR0 (G)"}}, {"type": "Feature", "geometry": {"type": "Point", "coordinates": [2.22879732, 48.77448494]}, "properties": {"route": "N306", "pr": "0", "abs": 0, "label": "N306 PR0 (G)"}}, {"type": "Feature", "geometry": {"type": "Point", "coordinates": [2.32533273, 48.74624328]}, "properties": {"route": "A6A", "pr": "999", "abs": 8806, "label": "A6A PR999+8806 (G)"}}, {"type": "Feature", "geometry": {"type": "Point", "coordinates": [2.29108797, 48.71688089]}, "properties": {"route": "N20", "pr": "3", "abs": 0, "label": "N20 PR3 (G)"}}, {"type": "Feature", "geometry": {"type": "Point", "coordinates": [2.32913492, 48.7569761]}, "properties": {"route": "N186B", "pr": "999", "abs": 1773, "label": "N186B PR999+1773 (G)"}}, {"type": "Feature", "geometry": {"type": "Point", "coordinates": [2.23586509, 48.69717331]}, "properties": {"route": "N188", "pr": "999", "abs": 1615, "label": "N188 PR999+1615 (G)"}}]}